rec_id,species,probability
0,0,0.004580999258905649
0,1,0.011643756181001663
0,2,0.011259829625487328
0,3,0.005214725621044636
0,4,0.0032389929983764887
0,5,0.001384056988172233
0,6,0.028665730729699135
0,7,0.01873631775379181
0,8,0.005560214165598154
0,9,0.018384594470262527
0,10,0.05385274440050125
0,11,0.004210348706692457
0,12,0.0053622182458639145
0,13,0.0014375344617292285
0,14,0.009260883554816246
0,15,0.00268006045371294
0,16,0.0014319746987894177
0,17,0.00405014818534255
0,18,0.01081781554967165
1,0,0.004580999258905649
1,1,0.011643756181001663
1,2,0.011259829625487328
1,3,0.005214725621044636
1,4,0.0032389929983764887
1,5,0.001384056988172233
1,6,0.028665730729699135
1,7,0.01873631775379181
1,8,0.005560214165598154
1,9,0.018384594470262527
1,10,0.05385274440050125
1,11,0.004210348706692457
1,12,0.0053622182458639145
1,13,0.0014375344617292285
1,14,0.009260883554816246
1,15,0.00268006045371294
1,16,0.0014319746987894177
1,17,0.00405014818534255
1,18,0.01081781554967165
4,0,0.08360831439495087
4,1,0.6559442281723022
4,2,0.023722225800156593
4,3,0.03294512256979942
4,4,0.027457743883132935
4,5,0.054653216153383255
4,6,0.026809684932231903
4,7,0.0940905213356018
4,8,0.17748357355594635
4,9,0.09008605778217316
4,10,0.4392752945423126
4,11,0.6138874292373657
4,12,0.1464114934206009
4,13,0.029478931799530983
4,14,0.1333402395248413
4,15,0.010050306096673012
4,16,0.011790825985372066
4,17,0.011781323701143265
4,18,0.04521731659770012
6,0,0.004580999258905649
6,1,0.011643756181001663
6,2,0.011259829625487328
6,3,0.005214725621044636
6,4,0.0032389929983764887
6,5,0.001384056988172233
6,6,0.028665730729699135
6,7,0.01873631775379181
6,8,0.005560214165598154
6,9,0.018384594470262527
6,10,0.05385274440050125
6,11,0.004210348706692457
6,12,0.0053622182458639145
6,13,0.0014375344617292285
6,14,0.009260883554816246
6,15,0.00268006045371294
6,16,0.0014319746987894177
6,17,0.00405014818534255
6,18,0.01081781554967165
7,0,0.004580999258905649
7,1,0.011643756181001663
7,2,0.011259829625487328
7,3,0.005214725621044636
7,4,0.0032389929983764887
7,5,0.001384056988172233
7,6,0.028665730729699135
7,7,0.01873631775379181
7,8,0.005560214165598154
7,9,0.018384594470262527
7,10,0.05385274440050125
7,11,0.004210348706692457
7,12,0.0053622182458639145
7,13,0.0014375344617292285
7,14,0.009260883554816246
7,15,0.00268006045371294
7,16,0.0014319746987894177
7,17,0.00405014818534255
7,18,0.01081781554967165
10,0,0.004580999258905649
10,1,0.011643756181001663
10,2,0.011259829625487328
10,3,0.005214725621044636
10,4,0.0032389929983764887
10,5,0.001384056988172233
10,6,0.028665730729699135
10,7,0.01873631775379181
10,8,0.005560214165598154
10,9,0.018384594470262527
10,10,0.05385274440050125
10,11,0.004210348706692457
10,12,0.0053622182458639145
10,13,0.0014375344617292285
10,14,0.009260883554816246
10,15,0.00268006045371294
10,16,0.0014319746987894177
10,17,0.00405014818534255
10,18,0.01081781554967165
12,0,0.07267677783966064
12,1,0.15588317811489105
12,2,0.20705334842205048
12,3,0.017357101663947105
12,4,0.07987958192825317
12,5,0.020723845809698105
12,6,0.08811013400554657
12,7,0.04613826423883438
12,8,0.048836398869752884
12,9,0.04890793189406395
12,10,0.5947523713111877
12,11,0.1520269811153412
12,12,0.025966230779886246
12,13,0.015853403136134148
12,14,0.09058209508657455
12,15,0.03037046268582344
12,16,0.0025377548299729824
12,17,0.009665459394454956
12,18,0.019980590790510178
17,0,0.004580999258905649
17,1,0.011643756181001663
17,2,0.011259829625487328
17,3,0.005214725621044636
17,4,0.0032389929983764887
17,5,0.001384056988172233
17,6,0.028665730729699135
17,7,0.01873631775379181
17,8,0.005560214165598154
17,9,0.018384594470262527
17,10,0.05385274440050125
17,11,0.004210348706692457
17,12,0.0053622182458639145
17,13,0.0014375344617292285
17,14,0.009260883554816246
17,15,0.00268006045371294
17,16,0.0014319746987894177
17,17,0.00405014818534255
17,18,0.01081781554967165
22,0,0.004580999258905649
22,1,0.011643756181001663
22,2,0.011259829625487328
22,3,0.005214725621044636
22,4,0.0032389929983764887
22,5,0.001384056988172233
22,6,0.028665730729699135
22,7,0.01873631775379181
22,8,0.005560214165598154
22,9,0.018384594470262527
22,10,0.05385274440050125
22,11,0.004210348706692457
22,12,0.0053622182458639145
22,13,0.0014375344617292285
22,14,0.009260883554816246
22,15,0.00268006045371294
22,16,0.0014319746987894177
22,17,0.00405014818534255
22,18,0.01081781554967165
27,0,0.018597722053527832
27,1,0.026765894144773483
27,2,0.0017101760022342205
27,3,1.1999685511909775e-06
27,4,0.0002471197512932122
27,5,0.001908839214593172
27,6,0.006473820190876722
27,7,0.01533072255551815
27,8,1.8938148059532978e-05
27,9,0.03712470456957817
27,10,0.4574021100997925
27,11,0.0011726426891982555
27,12,0.00016104552196338773
27,13,1.0154848268939531e-06
27,14,5.363849049899727e-05
27,15,0.0001718038402032107
27,16,1.1312713468214497e-05
27,17,1.987363793887198e-05
27,18,0.003251114394515753
28,0,0.04989738017320633
28,1,0.008930974639952183
28,2,0.05319931358098984
28,3,0.020041316747665405
28,4,0.06653628498315811
28,5,0.02971848100423813
28,6,0.7347652316093445
28,7,0.11325801908969879
28,8,0.1194639727473259
28,9,0.5694277286529541
28,10,0.4797656834125519
28,11,0.01710418611764908
28,12,0.04265793785452843
28,13,0.0038705491460859776
28,14,0.007430507335811853
28,15,0.16806674003601074
28,16,0.019904976710677147
28,17,0.02959093451499939
28,18,0.03527785837650299
29,0,0.004580999258905649
29,1,0.011643756181001663
29,2,0.011259829625487328
29,3,0.005214725621044636
29,4,0.0032389929983764887
29,5,0.001384056988172233
29,6,0.028665730729699135
29,7,0.01873631775379181
29,8,0.005560214165598154
29,9,0.018384594470262527
29,10,0.05385274440050125
29,11,0.004210348706692457
29,12,0.0053622182458639145
29,13,0.0014375344617292285
29,14,0.009260883554816246
29,15,0.00268006045371294
29,16,0.0014319746987894177
29,17,0.00405014818534255
29,18,0.01081781554967165
30,0,7.878092583268881e-05
30,1,0.03192652761936188
30,2,6.8670604377985e-05
30,3,3.274403297837125e-06
30,4,0.0001074767715181224
30,5,0.0008151147048920393
30,6,0.00046795280650258064
30,7,0.02868543565273285
30,8,0.0014000509399920702
30,9,0.0023931865580379963
30,10,0.5909043550491333
30,11,0.0019909210968762636
30,12,0.23505915701389313
30,13,2.37423637372558e-06
30,14,1.0517982445890084e-05
30,15,0.00010722781007643789
30,16,3.4366796626272844e-06
30,17,0.00012273284664843231
30,18,0.0014998677652329206
31,0,0.0009865659521892667
31,1,0.02146826684474945
31,2,0.004123770631849766
31,3,0.0008439728990197182
31,4,0.0006445245817303658
31,5,0.001463153981603682
31,6,0.01589488610625267
31,7,0.10976607352495193
31,8,0.01549818366765976
31,9,0.004909956362098455
31,10,0.1744167059659958
31,11,0.0037790110800415277
31,12,0.002213748637586832
31,13,0.0020486621651798487
31,14,0.00036258628824725747
31,15,0.003523637540638447
31,16,0.0006377471727319062
31,17,0.005712512414902449
31,18,0.008364629931747913
32,0,0.03403110057115555
32,1,0.06772588938474655
32,2,0.03842983394861221
32,3,0.004198852926492691
32,4,0.02103615552186966
32,5,0.004272481892257929
32,6,0.012268039397895336
32,7,0.0315617099404335
32,8,0.023584658280014992
32,9,0.025796759873628616
32,10,0.2173263430595398
32,11,0.02001277357339859
32,12,0.01813603565096855
32,13,0.0044393292628228664
32,14,0.02376854233443737
32,15,0.007446300238370895
32,16,0.0024313395842909813
32,17,0.004928643349558115
32,18,0.1579412817955017
33,0,0.008645312860608101
33,1,0.01295467559248209
33,2,0.008499098010361195
33,3,0.0014833087334409356
33,4,0.002508871490135789
33,5,0.00283151026815176
33,6,0.0546676442027092
33,7,0.2954697906970978
33,8,0.024104930460453033
33,9,0.008098933845758438
33,10,0.16833104193210602
33,11,0.0064829569309949875
33,12,0.006720992270857096
33,13,0.0009813177166506648
33,14,0.0013300084974616766
33,15,0.006260731257498264
33,16,0.0010056031169369817
33,17,0.009922993369400501
33,18,0.05938141420483589
34,0,0.004580999258905649
34,1,0.011643756181001663
34,2,0.011259829625487328
34,3,0.005214725621044636
34,4,0.0032389929983764887
34,5,0.001384056988172233
34,6,0.028665730729699135
34,7,0.01873631775379181
34,8,0.005560214165598154
34,9,0.018384594470262527
34,10,0.05385274440050125
34,11,0.004210348706692457
34,12,0.0053622182458639145
34,13,0.0014375344617292285
34,14,0.009260883554816246
34,15,0.00268006045371294
34,16,0.0014319746987894177
34,17,0.00405014818534255
34,18,0.01081781554967165
37,0,0.004580999258905649
37,1,0.011643756181001663
37,2,0.011259829625487328
37,3,0.005214725621044636
37,4,0.0032389929983764887
37,5,0.001384056988172233
37,6,0.028665730729699135
37,7,0.01873631775379181
37,8,0.005560214165598154
37,9,0.018384594470262527
37,10,0.05385274440050125
37,11,0.004210348706692457
37,12,0.0053622182458639145
37,13,0.0014375344617292285
37,14,0.009260883554816246
37,15,0.00268006045371294
37,16,0.0014319746987894177
37,17,0.00405014818534255
37,18,0.01081781554967165
40,0,6.805245078567168e-08
40,1,2.694020076887682e-05
40,2,6.579008271501152e-08
40,3,2.1427781424221415e-13
40,4,4.4873288418401103e-10
40,5,3.5868757963797293e-10
40,6,2.1000137166993227e-06
40,7,2.4782839318504557e-05
40,8,1.4591361452431784e-10
40,9,1.4021196648172918e-07
40,10,0.263601690530777
40,11,6.364547222581507e-10
40,12,7.504677435044016e-10
40,13,2.903856583292316e-16
40,14,6.419809822633127e-11
40,15,1.8364335119258612e-07
40,16,9.182355532400335e-14
40,17,2.3342546645599427e-11
40,18,0.00012919855362270027
41,0,0.010767235420644283
41,1,0.0202189888805151
41,2,0.032631080597639084
41,3,0.006643126253038645
41,4,0.03086794726550579
41,5,0.004485038109123707
41,6,0.07902977615594864
41,7,0.04594111815094948
41,8,0.12482403963804245
41,9,0.1063198372721672
41,10,0.12424832582473755
41,11,0.018860580399632454
41,12,0.043106809258461
41,13,0.006411905400454998
41,14,0.017667131498456
41,15,0.006409697700291872
41,16,0.004866114351898432
41,17,0.009909018874168396
41,18,0.018889015540480614
42,0,0.004580999258905649
42,1,0.011643756181001663
42,2,0.011259829625487328
42,3,0.005214725621044636
42,4,0.0032389929983764887
42,5,0.001384056988172233
42,6,0.028665730729699135
42,7,0.01873631775379181
42,8,0.005560214165598154
42,9,0.018384594470262527
42,10,0.05385274440050125
42,11,0.004210348706692457
42,12,0.0053622182458639145
42,13,0.0014375344617292285
42,14,0.009260883554816246
42,15,0.00268006045371294
42,16,0.0014319746987894177
42,17,0.00405014818534255
42,18,0.01081781554967165
44,0,0.014976954087615013
44,1,0.2565537691116333
44,2,0.10284487158060074
44,3,0.009157131426036358
44,4,0.04431590810418129
44,5,0.015312385745346546
44,6,0.09476196020841599
44,7,0.026718007400631905
44,8,0.05318102613091469
44,9,0.2688101828098297
44,10,0.5964071154594421
44,11,0.013730000704526901
44,12,0.03591609373688698
44,13,0.0022249845787882805
44,14,0.022599780932068825
44,15,0.026441317051649094
44,16,0.004314817022532225
44,17,0.012209903448820114
44,18,0.01393035240471363
47,0,0.0005375107284635305
47,1,0.00976072158664465
47,2,0.0006920538144186139
47,3,1.3344664694159292e-05
47,4,0.00019320155843161047
47,5,0.0003122655616607517
47,6,0.002278609201312065
47,7,0.006506811361759901
47,8,0.0006773282075300813
47,9,0.0010651260381564498
47,10,0.502556324005127
47,11,0.00047696716501377523
47,12,0.0010926290415227413
47,13,1.204597310788813e-06
47,14,0.00012715125922113657
47,15,0.0008044794085435569
47,16,1.141482061939314e-05
47,17,7.123773684725165e-05
47,18,0.08816564083099365
48,0,0.004580999258905649
48,1,0.011643756181001663
48,2,0.011259829625487328
48,3,0.005214725621044636
48,4,0.0032389929983764887
48,5,0.001384056988172233
48,6,0.028665730729699135
48,7,0.01873631775379181
48,8,0.005560214165598154
48,9,0.018384594470262527
48,10,0.05385274440050125
48,11,0.004210348706692457
48,12,0.0053622182458639145
48,13,0.0014375344617292285
48,14,0.009260883554816246
48,15,0.00268006045371294
48,16,0.0014319746987894177
48,17,0.00405014818534255
48,18,0.01081781554967165
49,0,0.16178296506404877
49,1,0.09820540994405746
49,2,0.07953362911939621
49,3,0.043245766311883926
49,4,0.21863864362239838
49,5,0.16807341575622559
49,6,0.22950461506843567
49,7,0.21709208190441132
49,8,0.1676250845193863
49,9,0.39331063628196716
49,10,0.4877546727657318
49,11,0.10381492972373962
49,12,0.3244330883026123
49,13,0.022441117092967033
49,14,0.04926024004817009
49,15,0.11869361996650696
49,16,0.0432501845061779
49,17,0.07724712044000626
49,18,0.16543172299861908
51,0,2.956487332994584e-05
51,1,0.027605919167399406
51,2,0.0008619655855000019
51,3,3.233701136196032e-05
51,4,0.004939775913953781
51,5,0.00347225577570498
51,6,0.0017157200491055846
51,7,0.010604736395180225
51,8,0.01237347163259983
51,9,0.011548141948878765
51,10,0.020507987588644028
51,11,0.0002878874947782606
51,12,0.01301538571715355
51,13,0.0003963684430345893
51,14,0.0021391138434410095
51,15,0.0016387266805395484
51,16,0.01650351472198963
51,17,0.009795724414288998
51,18,0.008415666408836842
52,0,0.004580999258905649
52,1,0.011643756181001663
52,2,0.011259829625487328
52,3,0.005214725621044636
52,4,0.0032389929983764887
52,5,0.001384056988172233
52,6,0.028665730729699135
52,7,0.01873631775379181
52,8,0.005560214165598154
52,9,0.018384594470262527
52,10,0.05385274440050125
52,11,0.004210348706692457
52,12,0.0053622182458639145
52,13,0.0014375344617292285
52,14,0.009260883554816246
52,15,0.00268006045371294
52,16,0.0014319746987894177
52,17,0.00405014818534255
52,18,0.01081781554967165
57,0,0.004580999258905649
57,1,0.011643756181001663
57,2,0.011259829625487328
57,3,0.005214725621044636
57,4,0.0032389929983764887
57,5,0.001384056988172233
57,6,0.028665730729699135
57,7,0.01873631775379181
57,8,0.005560214165598154
57,9,0.018384594470262527
57,10,0.05385274440050125
57,11,0.004210348706692457
57,12,0.0053622182458639145
57,13,0.0014375344617292285
57,14,0.009260883554816246
57,15,0.00268006045371294
57,16,0.0014319746987894177
57,17,0.00405014818534255
57,18,0.01081781554967165
59,0,0.004580999258905649
59,1,0.011643756181001663
59,2,0.011259829625487328
59,3,0.005214725621044636
59,4,0.0032389929983764887
59,5,0.001384056988172233
59,6,0.028665730729699135
59,7,0.01873631775379181
59,8,0.005560214165598154
59,9,0.018384594470262527
59,10,0.05385274440050125
59,11,0.004210348706692457
59,12,0.0053622182458639145
59,13,0.0014375344617292285
59,14,0.009260883554816246
59,15,0.00268006045371294
59,16,0.0014319746987894177
59,17,0.00405014818534255
59,18,0.01081781554967165
62,0,0.004580999258905649
62,1,0.011643756181001663
62,2,0.011259829625487328
62,3,0.005214725621044636
62,4,0.0032389929983764887
62,5,0.001384056988172233
62,6,0.028665730729699135
62,7,0.01873631775379181
62,8,0.005560214165598154
62,9,0.018384594470262527
62,10,0.05385274440050125
62,11,0.004210348706692457
62,12,0.0053622182458639145
62,13,0.0014375344617292285
62,14,0.009260883554816246
62,15,0.00268006045371294
62,16,0.0014319746987894177
62,17,0.00405014818534255
62,18,0.01081781554967165
63,0,0.004580999258905649
63,1,0.011643745005130768
63,2,0.011259835213422775
63,3,0.005214720964431763
63,4,0.003238991368561983
63,5,0.0013840562896803021
63,6,0.02866574563086033
63,7,0.01873631402850151
63,8,0.005560214165598154
63,9,0.018384594470262527
63,10,0.053852714598178864
63,11,0.004210344981402159
63,12,0.005362215451896191
63,13,0.0014375337632372975
63,14,0.009260878898203373
63,15,0.00268006045371294
63,16,0.0014319727197289467
63,17,0.004050146322697401
63,18,0.010817810893058777
65,0,0.004580999258905649
65,1,0.011643745005130768
65,2,0.011259835213422775
65,3,0.005214720964431763
65,4,0.003238991368561983
65,5,0.0013840562896803021
65,6,0.02866574563086033
65,7,0.01873631402850151
65,8,0.005560214165598154
65,9,0.018384594470262527
65,10,0.053852714598178864
65,11,0.004210344981402159
65,12,0.005362215451896191
65,13,0.0014375337632372975
65,14,0.009260878898203373
65,15,0.00268006045371294
65,16,0.0014319727197289467
65,17,0.004050146322697401
65,18,0.010817810893058777
66,0,0.004580999258905649
66,1,0.011643756181001663
66,2,0.011259829625487328
66,3,0.005214725621044636
66,4,0.0032389929983764887
66,5,0.001384056988172233
66,6,0.028665730729699135
66,7,0.01873631775379181
66,8,0.005560214165598154
66,9,0.018384594470262527
66,10,0.05385274440050125
66,11,0.004210348706692457
66,12,0.0053622182458639145
66,13,0.0014375344617292285
66,14,0.009260883554816246
66,15,0.00268006045371294
66,16,0.0014319746987894177
66,17,0.00405014818534255
66,18,0.01081781554967165
68,0,0.004580999258905649
68,1,0.011643756181001663
68,2,0.011259829625487328
68,3,0.005214725621044636
68,4,0.0032389929983764887
68,5,0.001384056988172233
68,6,0.028665730729699135
68,7,0.01873631775379181
68,8,0.005560214165598154
68,9,0.018384594470262527
68,10,0.05385274440050125
68,11,0.004210348706692457
68,12,0.0053622182458639145
68,13,0.0014375344617292285
68,14,0.009260883554816246
68,15,0.00268006045371294
68,16,0.0014319746987894177
68,17,0.00405014818534255
68,18,0.01081781554967165
69,0,0.0
69,1,0.0
69,2,0.0
69,3,0.0
69,4,0.0
69,5,0.0
69,6,0.0
69,7,0.0
69,8,0.0
69,9,0.0
69,10,0.0
69,11,0.0
69,12,0.0
69,13,0.0
69,14,0.0
69,15,0.0
69,16,0.0
69,17,0.0
69,18,0.0
70,0,0.07167603820562363
70,1,0.1356462985277176
70,2,0.37194088101387024
70,3,0.0067207347601652145
70,4,0.18772278726100922
70,5,0.013184711337089539
70,6,0.2710028290748596
70,7,0.02733725681900978
70,8,0.13257209956645966
70,9,0.08891141414642334
70,10,0.6899516582489014
70,11,0.02596885710954666
70,12,0.07133825123310089
70,13,0.030622204765677452
70,14,0.04379754886031151
70,15,0.025013580918312073
70,16,0.0172573272138834
70,17,0.026833174750208855
70,18,0.022112758830189705
72,0,0.08611762523651123
72,1,0.60935378074646
72,2,0.1306687444448471
72,3,0.0013270003255456686
72,4,0.02285129949450493
72,5,0.022043699398636818
72,6,0.1727714091539383
72,7,0.37713348865509033
72,8,0.012475772760808468
72,9,0.04666421562433243
72,10,0.2898143231868744
72,11,0.05894344300031662
72,12,0.05890149623155594
72,13,0.004310453310608864
72,14,0.01373415905982256
72,15,0.06400133669376373
72,16,0.007805150933563709
72,17,0.021611489355564117
72,18,0.046368833631277084
74,0,0.0037656500935554504
74,1,0.08151726424694061
74,2,0.010951625183224678
74,3,0.0006617643521167338
74,4,0.0644044429063797
74,5,0.0016108548734337091
74,6,0.009438942186534405
74,7,0.056485842913389206
74,8,0.11232659965753555
74,9,0.2909594774246216
74,10,0.6377221941947937
74,11,0.017584310844540596
74,12,0.03931012004613876
74,13,0.0007974803447723389
74,14,0.0035166023299098015
74,15,0.006555622443556786
74,16,0.0014302725903689861
74,17,0.0048765395767986774
74,18,0.0063668545335531235
75,0,0.004580999258905649
75,1,0.011643756181001663
75,2,0.011259829625487328
75,3,0.005214725621044636
75,4,0.0032389929983764887
75,5,0.001384056988172233
75,6,0.028665730729699135
75,7,0.01873631775379181
75,8,0.005560214165598154
75,9,0.018384594470262527
75,10,0.05385274440050125
75,11,0.004210348706692457
75,12,0.0053622182458639145
75,13,0.0014375344617292285
75,14,0.009260883554816246
75,15,0.00268006045371294
75,16,0.0014319746987894177
75,17,0.00405014818534255
75,18,0.01081781554967165
77,0,0.009663360193371773
77,1,0.402301162481308
77,2,0.002851594937965274
77,3,2.388735447311774e-05
77,4,0.00021018066036049277
77,5,8.281923510367051e-05
77,6,0.0017260407330468297
77,7,0.004426589235663414
77,8,0.00010421084152767435
77,9,0.05250119790434837
77,10,0.966217041015625
77,11,0.004865133669227362
77,12,0.00022941853967495263
77,13,4.634636752598453e-06
77,14,0.0001557900250190869
77,15,0.0005176620907150209
77,16,1.0954739764201804e-06
77,17,2.3140537450672127e-05
77,18,0.0003759640094358474
79,0,0.004580999258905649
79,1,0.011643756181001663
79,2,0.011259829625487328
79,3,0.005214725621044636
79,4,0.0032389929983764887
79,5,0.001384056988172233
79,6,0.028665730729699135
79,7,0.01873631775379181
79,8,0.005560214165598154
79,9,0.018384594470262527
79,10,0.05385274440050125
79,11,0.004210348706692457
79,12,0.0053622182458639145
79,13,0.0014375344617292285
79,14,0.009260883554816246
79,15,0.00268006045371294
79,16,0.0014319746987894177
79,17,0.00405014818534255
79,18,0.01081781554967165
81,0,0.004580999258905649
81,1,0.011643756181001663
81,2,0.011259829625487328
81,3,0.005214725621044636
81,4,0.0032389929983764887
81,5,0.001384056988172233
81,6,0.028665730729699135
81,7,0.01873631775379181
81,8,0.005560214165598154
81,9,0.018384594470262527
81,10,0.05385274440050125
81,11,0.004210348706692457
81,12,0.0053622182458639145
81,13,0.0014375344617292285
81,14,0.009260883554816246
81,15,0.00268006045371294
81,16,0.0014319746987894177
81,17,0.00405014818534255
81,18,0.01081781554967165
82,0,0.022195393219590187
82,1,0.33161577582359314
82,2,0.0276075080037117
82,3,0.008515573106706142
82,4,0.038620587438344955
82,5,0.003981926012784243
82,6,0.04558970406651497
82,7,0.007591126952320337
82,8,0.03425758704543114
82,9,0.09661362320184708
82,10,0.42039623856544495
82,11,0.02921842224895954
82,12,0.006846036296337843
82,13,0.016854865476489067
82,14,0.07861507683992386
82,15,0.023730184882879257
82,16,0.002296695252880454
82,17,0.003928976599127054
82,18,0.0022552781738340855
83,0,0.004580999258905649
83,1,0.011643756181001663
83,2,0.011259829625487328
83,3,0.005214725621044636
83,4,0.0032389929983764887
83,5,0.001384056988172233
83,6,0.028665730729699135
83,7,0.01873631775379181
83,8,0.005560214165598154
83,9,0.018384594470262527
83,10,0.05385274440050125
83,11,0.004210348706692457
83,12,0.0053622182458639145
83,13,0.0014375344617292285
83,14,0.009260883554816246
83,15,0.00268006045371294
83,16,0.0014319746987894177
83,17,0.00405014818534255
83,18,0.01081781554967165
84,0,0.004580999258905649
84,1,0.011643756181001663
84,2,0.011259829625487328
84,3,0.005214725621044636
84,4,0.0032389929983764887
84,5,0.001384056988172233
84,6,0.028665730729699135
84,7,0.01873631775379181
84,8,0.005560214165598154
84,9,0.018384594470262527
84,10,0.05385274440050125
84,11,0.004210348706692457
84,12,0.0053622182458639145
84,13,0.0014375344617292285
84,14,0.009260883554816246
84,15,0.00268006045371294
84,16,0.0014319746987894177
84,17,0.00405014818534255
84,18,0.01081781554967165
85,0,0.004580999258905649
85,1,0.011643756181001663
85,2,0.011259829625487328
85,3,0.005214725621044636
85,4,0.0032389929983764887
85,5,0.001384056988172233
85,6,0.028665730729699135
85,7,0.01873631775379181
85,8,0.005560214165598154
85,9,0.018384594470262527
85,10,0.05385274440050125
85,11,0.004210348706692457
85,12,0.0053622182458639145
85,13,0.0014375344617292285
85,14,0.009260883554816246
85,15,0.00268006045371294
85,16,0.0014319746987894177
85,17,0.00405014818534255
85,18,0.01081781554967165
86,0,0.004580999258905649
86,1,0.011643756181001663
86,2,0.011259829625487328
86,3,0.005214725621044636
86,4,0.0032389929983764887
86,5,0.001384056988172233
86,6,0.028665730729699135
86,7,0.01873631775379181
86,8,0.005560214165598154
86,9,0.018384594470262527
86,10,0.05385274440050125
86,11,0.004210348706692457
86,12,0.0053622182458639145
86,13,0.0014375344617292285
86,14,0.009260883554816246
86,15,0.00268006045371294
86,16,0.0014319746987894177
86,17,0.00405014818534255
86,18,0.01081781554967165
87,0,0.08070842921733856
87,1,0.1199701577425003
87,2,0.11123231798410416
87,3,0.016035759821534157
87,4,0.03276056423783302
87,5,0.016880827024579048
87,6,0.12982559204101562
87,7,0.03194750100374222
87,8,0.07139910757541656
87,9,0.10582610219717026
87,10,0.30189165472984314
87,11,0.03954171761870384
87,12,0.045725107192993164
87,13,0.014185616746544838
87,14,0.05546282231807709
87,15,0.04355962201952934
87,16,0.004667230881750584
87,17,0.011768356896936893
87,18,0.027650758624076843
89,0,0.0026227107737213373
89,1,0.016512587666511536
89,2,0.01456109993159771
89,3,0.0005038184463046491
89,4,0.002900896593928337
89,5,0.007674385793507099
89,6,0.04808950796723366
89,7,0.013150031678378582
89,8,0.3904966115951538
89,9,0.024727441370487213
89,10,0.10136201977729797
89,11,0.011881359852850437
89,12,0.02185780182480812
89,13,0.0039594219997525215
89,14,0.0067815473303198814
89,15,0.0034676638897508383
89,16,0.0015470638172701001
89,17,0.003466028021648526
89,18,0.0067903525196015835
90,0,0.020100397989153862
90,1,0.02278999239206314
90,2,0.006238727830350399
90,3,0.008014055900275707
90,4,0.011231803335249424
90,5,0.007864691317081451
90,6,0.023511061444878578
90,7,0.019559631124138832
90,8,0.061370618641376495
90,9,0.055002883076667786
90,10,0.03729734197258949
90,11,0.0098318662494421
90,12,0.01295499224215746
90,13,0.009023766033351421
90,14,0.01734308712184429
90,15,0.02130906470119953
90,16,0.005357586313039064
90,17,0.015807829797267914
90,18,0.013509543612599373
92,0,0.004580999258905649
92,1,0.011643756181001663
92,2,0.011259829625487328
92,3,0.005214725621044636
92,4,0.0032389929983764887
92,5,0.001384056988172233
92,6,0.028665730729699135
92,7,0.01873631775379181
92,8,0.005560214165598154
92,9,0.018384594470262527
92,10,0.05385274440050125
92,11,0.004210348706692457
92,12,0.0053622182458639145
92,13,0.0014375344617292285
92,14,0.009260883554816246
92,15,0.00268006045371294
92,16,0.0014319746987894177
92,17,0.00405014818534255
92,18,0.01081781554967165
95,0,0.03368232771754265
95,1,0.08694823086261749
95,2,0.12042165547609329
95,3,0.04879403114318848
95,4,0.23628368973731995
95,5,0.06611739844083786
95,6,0.15222428739070892
95,7,0.11811614036560059
95,8,0.25493454933166504
95,9,0.26340171694755554
95,10,0.5671906471252441
95,11,0.030132444575428963
95,12,0.13027982413768768
95,13,0.03124527633190155
95,14,0.06742476671934128
95,15,0.06003940850496292
95,16,0.07760270684957504
95,17,0.07643014192581177
95,18,0.09867782145738602
98,0,0.004580999258905649
98,1,0.011643756181001663
98,2,0.011259829625487328
98,3,0.005214725621044636
98,4,0.0032389929983764887
98,5,0.001384056988172233
98,6,0.028665730729699135
98,7,0.01873631775379181
98,8,0.005560214165598154
98,9,0.018384594470262527
98,10,0.05385274440050125
98,11,0.004210348706692457
98,12,0.0053622182458639145
98,13,0.0014375344617292285
98,14,0.009260883554816246
98,15,0.00268006045371294
98,16,0.0014319746987894177
98,17,0.00405014818534255
98,18,0.01081781554967165
99,0,0.004580999258905649
99,1,0.011643756181001663
99,2,0.011259829625487328
99,3,0.005214725621044636
99,4,0.0032389929983764887
99,5,0.001384056988172233
99,6,0.028665730729699135
99,7,0.01873631775379181
99,8,0.005560214165598154
99,9,0.018384594470262527
99,10,0.05385274440050125
99,11,0.004210348706692457
99,12,0.0053622182458639145
99,13,0.0014375344617292285
99,14,0.009260883554816246
99,15,0.00268006045371294
99,16,0.0014319746987894177
99,17,0.00405014818534255
99,18,0.01081781554967165
101,0,0.004580999258905649
101,1,0.011643756181001663
101,2,0.011259829625487328
101,3,0.005214725621044636
101,4,0.0032389929983764887
101,5,0.001384056988172233
101,6,0.028665730729699135
101,7,0.01873631775379181
101,8,0.005560214165598154
101,9,0.018384594470262527
101,10,0.05385274440050125
101,11,0.004210348706692457
101,12,0.0053622182458639145
101,13,0.0014375344617292285
101,14,0.009260883554816246
101,15,0.00268006045371294
101,16,0.0014319746987894177
101,17,0.00405014818534255
101,18,0.01081781554967165
104,0,0.004580999258905649
104,1,0.011643756181001663
104,2,0.011259829625487328
104,3,0.005214725621044636
104,4,0.0032389929983764887
104,5,0.001384056988172233
104,6,0.028665730729699135
104,7,0.01873631775379181
104,8,0.005560214165598154
104,9,0.018384594470262527
104,10,0.05385274440050125
104,11,0.004210348706692457
104,12,0.0053622182458639145
104,13,0.0014375344617292285
104,14,0.009260883554816246
104,15,0.00268006045371294
104,16,0.0014319746987894177
104,17,0.00405014818534255
104,18,0.01081781554967165
105,0,0.004580999258905649
105,1,0.011643756181001663
105,2,0.011259829625487328
105,3,0.005214725621044636
105,4,0.0032389929983764887
105,5,0.001384056988172233
105,6,0.028665730729699135
105,7,0.01873631775379181
105,8,0.005560214165598154
105,9,0.018384594470262527
105,10,0.05385274440050125
105,11,0.004210348706692457
105,12,0.0053622182458639145
105,13,0.0014375344617292285
105,14,0.009260883554816246
105,15,0.00268006045371294
105,16,0.0014319746987894177
105,17,0.00405014818534255
105,18,0.01081781554967165
106,0,0.004580999258905649
106,1,0.011643756181001663
106,2,0.011259829625487328
106,3,0.005214725621044636
106,4,0.0032389929983764887
106,5,0.001384056988172233
106,6,0.028665730729699135
106,7,0.01873631775379181
106,8,0.005560214165598154
106,9,0.018384594470262527
106,10,0.05385274440050125
106,11,0.004210348706692457
106,12,0.0053622182458639145
106,13,0.0014375344617292285
106,14,0.009260883554816246
106,15,0.00268006045371294
106,16,0.0014319746987894177
106,17,0.00405014818534255
106,18,0.01081781554967165
107,0,0.004580999258905649
107,1,0.011643756181001663
107,2,0.011259829625487328
107,3,0.005214725621044636
107,4,0.0032389929983764887
107,5,0.001384056988172233
107,6,0.028665730729699135
107,7,0.01873631775379181
107,8,0.005560214165598154
107,9,0.018384594470262527
107,10,0.05385274440050125
107,11,0.004210348706692457
107,12,0.0053622182458639145
107,13,0.0014375344617292285
107,14,0.009260883554816246
107,15,0.00268006045371294
107,16,0.0014319746987894177
107,17,0.00405014818534255
107,18,0.01081781554967165
109,0,0.004580999258905649
109,1,0.011643756181001663
109,2,0.011259829625487328
109,3,0.005214725621044636
109,4,0.0032389929983764887
109,5,0.001384056988172233
109,6,0.028665730729699135
109,7,0.01873631775379181
109,8,0.005560214165598154
109,9,0.018384594470262527
109,10,0.05385274440050125
109,11,0.004210348706692457
109,12,0.0053622182458639145
109,13,0.0014375344617292285
109,14,0.009260883554816246
109,15,0.00268006045371294
109,16,0.0014319746987894177
109,17,0.00405014818534255
109,18,0.01081781554967165
112,0,0.004580999258905649
112,1,0.011643756181001663
112,2,0.011259829625487328
112,3,0.005214725621044636
112,4,0.0032389929983764887
112,5,0.001384056988172233
112,6,0.028665730729699135
112,7,0.01873631775379181
112,8,0.005560214165598154
112,9,0.018384594470262527
112,10,0.05385274440050125
112,11,0.004210348706692457
112,12,0.0053622182458639145
112,13,0.0014375344617292285
112,14,0.009260883554816246
112,15,0.00268006045371294
112,16,0.0014319746987894177
112,17,0.00405014818534255
112,18,0.01081781554967165
113,0,0.1286456435918808
113,1,0.4369373023509979
113,2,0.2030276507139206
113,3,0.017378276214003563
113,4,0.09047822654247284
113,5,0.05917016789317131
113,6,0.27493953704833984
113,7,0.10945580899715424
113,8,0.09006162732839584
113,9,0.2734575867652893
113,10,0.6453475952148438
113,11,0.08639195561408997
113,12,0.11687739938497543
113,13,0.019902022555470467
113,14,0.07624759525060654
113,15,0.10326334089040756
113,16,0.014573796652257442
113,17,0.024980928748846054
113,18,0.10393641889095306
117,0,0.0992162898182869
117,1,0.7167004346847534
117,2,0.08124561607837677
117,3,0.01308256946504116
117,4,0.08065041154623032
117,5,0.010335428640246391
117,6,0.07130792737007141
117,7,0.11935883015394211
117,8,0.10051272809505463
117,9,0.07809505611658096
117,10,0.12437426298856735
117,11,0.05386923626065254
117,12,0.17690801620483398
117,13,0.018838252872228622
117,14,0.04283585026860237
117,15,0.20961757004261017
117,16,0.018255311995744705
117,17,0.021863894537091255
117,18,0.04151156172156334
119,0,0.004580999258905649
119,1,0.011643745005130768
119,2,0.011259835213422775
119,3,0.005214720964431763
119,4,0.003238991368561983
119,5,0.0013840562896803021
119,6,0.02866574563086033
119,7,0.01873631402850151
119,8,0.005560214165598154
119,9,0.018384594470262527
119,10,0.053852714598178864
119,11,0.004210344981402159
119,12,0.005362215451896191
119,13,0.0014375337632372975
119,14,0.009260878898203373
119,15,0.00268006045371294
119,16,0.0014319727197289467
119,17,0.004050146322697401
119,18,0.010817810893058777
121,0,0.006134591065347195
121,1,0.04914895445108414
121,2,0.028116697445511818
121,3,0.006281665991991758
121,4,0.008230619132518768
121,5,0.0038988131564110518
121,6,0.048936877399683
121,7,0.00948521587997675
121,8,0.16327281296253204
121,9,0.03234362229704857
121,10,0.4656941890716553
121,11,0.037764258682727814
121,12,0.022078201174736023
121,13,0.004282852169126272
121,14,0.02994440495967865
121,15,0.004138758406043053
121,16,0.0011264036875218153
121,17,0.00617003021761775
121,18,0.00653375219553709
124,0,0.0012015365064144135
124,1,0.003119894303381443
124,2,0.004889993462711573
124,3,9.691520972410217e-05
124,4,0.0029717872384935617
124,5,0.00046592671424150467
124,6,0.009335573762655258
124,7,0.0016898472094908357
124,8,0.443626344203949
124,9,0.026463918387889862
124,10,0.09897782653570175
124,11,0.00455342186614871
124,12,0.003982990980148315
124,13,0.0006845466559752822
124,14,0.00416191341355443
124,15,0.0002617614809423685
124,16,0.0005222636391408741
124,17,0.0007293337257578969
124,18,0.006504111923277378
127,0,0.004580999258905649
127,1,0.011643756181001663
127,2,0.011259829625487328
127,3,0.005214725621044636
127,4,0.0032389929983764887
127,5,0.001384056988172233
127,6,0.028665730729699135
127,7,0.01873631775379181
127,8,0.005560214165598154
127,9,0.018384594470262527
127,10,0.05385274440050125
127,11,0.004210348706692457
127,12,0.0053622182458639145
127,13,0.0014375344617292285
127,14,0.009260883554816246
127,15,0.00268006045371294
127,16,0.0014319746987894177
127,17,0.00405014818534255
127,18,0.01081781554967165
129,0,0.03591359779238701
129,1,0.02448618970811367
129,2,0.04411683231592178
129,3,0.0016371655510738492
129,4,0.045709263533353806
129,5,0.0006722407415509224
129,6,0.18174315989017487
129,7,0.00976764690130949
129,8,0.028676174581050873
129,9,0.21164967119693756
129,10,0.6332089304924011
129,11,0.002796138171106577
129,12,0.011524412781000137
129,13,0.0013997902860864997
129,14,0.00289959367364645
129,15,0.01181259285658598
129,16,0.0003948320518247783
129,17,0.0026547510642558336
129,18,0.0010609516175463796
130,0,0.001624356023967266
130,1,0.04506063461303711
130,2,0.03200368955731392
130,3,0.0002725900849327445
130,4,0.026568079367280006
130,5,0.00011650156375253573
130,6,0.48206815123558044
130,7,0.020977547392249107
130,8,0.04448903724551201
130,9,0.2631625533103943
130,10,0.1750723421573639
130,11,0.0019412653055042028
130,12,0.007214519660919905
130,13,0.0011214888654649258
130,14,0.0037207750137895346
130,15,0.11096113175153732
130,16,0.00010673834913177416
130,17,0.0007397255976684391
130,18,0.0013283443404361606
134,0,0.004580999258905649
134,1,0.011643756181001663
134,2,0.011259829625487328
134,3,0.005214725621044636
134,4,0.0032389929983764887
134,5,0.001384056988172233
134,6,0.028665730729699135
134,7,0.01873631775379181
134,8,0.005560214165598154
134,9,0.018384594470262527
134,10,0.05385274440050125
134,11,0.004210348706692457
134,12,0.0053622182458639145
134,13,0.0014375344617292285
134,14,0.009260883554816246
134,15,0.00268006045371294
134,16,0.0014319746987894177
134,17,0.00405014818534255
134,18,0.01081781554967165
135,0,2.0213408902236552e-07
135,1,0.000698830233886838
135,2,0.0015647165710106492
135,3,7.416049641051359e-08
135,4,1.6793592294561677e-05
135,5,1.6634999155940022e-07
135,6,0.0025537132751196623
135,7,0.00016029986727517098
135,8,0.012167510576546192
135,9,0.0018595248693600297
135,10,0.13736890256404877
135,11,5.066024186817231e-06
135,12,1.7286229194724e-06
135,13,2.2094866380939493e-06
135,14,0.00014119131083134562
135,15,5.847934153280221e-05
135,16,1.4135348465060815e-06
135,17,8.541391252947506e-06
135,18,1.4448065485339612e-05
136,0,0.004580999258905649
136,1,0.011643756181001663
136,2,0.011259829625487328
136,3,0.005214725621044636
136,4,0.0032389929983764887
136,5,0.001384056988172233
136,6,0.028665730729699135
136,7,0.01873631775379181
136,8,0.005560214165598154
136,9,0.018384594470262527
136,10,0.05385274440050125
136,11,0.004210348706692457
136,12,0.0053622182458639145
136,13,0.0014375344617292285
136,14,0.009260883554816246
136,15,0.00268006045371294
136,16,0.0014319746987894177
136,17,0.00405014818534255
136,18,0.01081781554967165
137,0,0.004580999258905649
137,1,0.011643756181001663
137,2,0.011259829625487328
137,3,0.005214725621044636
137,4,0.0032389929983764887
137,5,0.001384056988172233
137,6,0.028665730729699135
137,7,0.01873631775379181
137,8,0.005560214165598154
137,9,0.018384594470262527
137,10,0.05385274440050125
137,11,0.004210348706692457
137,12,0.0053622182458639145
137,13,0.0014375344617292285
137,14,0.009260883554816246
137,15,0.00268006045371294
137,16,0.0014319746987894177
137,17,0.00405014818534255
137,18,0.01081781554967165
139,0,0.004580999258905649
139,1,0.011643756181001663
139,2,0.011259829625487328
139,3,0.005214725621044636
139,4,0.0032389929983764887
139,5,0.001384056988172233
139,6,0.028665730729699135
139,7,0.01873631775379181
139,8,0.005560214165598154
139,9,0.018384594470262527
139,10,0.05385274440050125
139,11,0.004210348706692457
139,12,0.0053622182458639145
139,13,0.0014375344617292285
139,14,0.009260883554816246
139,15,0.00268006045371294
139,16,0.0014319746987894177
139,17,0.00405014818534255
139,18,0.01081781554967165
143,0,0.004580999258905649
143,1,0.011643756181001663
143,2,0.011259829625487328
143,3,0.005214725621044636
143,4,0.0032389929983764887
143,5,0.001384056988172233
143,6,0.028665730729699135
143,7,0.01873631775379181
143,8,0.005560214165598154
143,9,0.018384594470262527
143,10,0.05385274440050125
143,11,0.004210348706692457
143,12,0.0053622182458639145
143,13,0.0014375344617292285
143,14,0.009260883554816246
143,15,0.00268006045371294
143,16,0.0014319746987894177
143,17,0.00405014818534255
143,18,0.01081781554967165
144,0,0.0026227107737213373
144,1,0.016512587666511536
144,2,0.01456109993159771
144,3,0.0005038184463046491
144,4,0.002900896593928337
144,5,0.007674385793507099
144,6,0.04808950796723366
144,7,0.013150031678378582
144,8,0.3904966115951538
144,9,0.024727441370487213
144,10,0.10136201977729797
144,11,0.011881359852850437
144,12,0.02185780182480812
144,13,0.0039594219997525215
144,14,0.0067815473303198814
144,15,0.0034676638897508383
144,16,0.0015470638172701001
144,17,0.003466028021648526
144,18,0.0067903525196015835
154,0,0.02527584321796894
154,1,0.13147880136966705
154,2,0.13242614269256592
154,3,0.005758726038038731
154,4,0.17044991254806519
154,5,0.007402877788990736
154,6,0.05701989307999611
154,7,0.037611428648233414
154,8,0.1343003511428833
154,9,0.032562948763370514
154,10,0.3656342625617981
154,11,0.010482403449714184
154,12,0.01778913475573063
154,13,0.07864978164434433
154,14,0.025284383445978165
154,15,0.03782380372285843
154,16,0.006366549525409937
154,17,0.018690189346671104
154,18,0.012428338639438152
156,0,0.004580999258905649
156,1,0.011643756181001663
156,2,0.011259829625487328
156,3,0.005214725621044636
156,4,0.0032389929983764887
156,5,0.001384056988172233
156,6,0.028665730729699135
156,7,0.01873631775379181
156,8,0.005560214165598154
156,9,0.018384594470262527
156,10,0.05385274440050125
156,11,0.004210348706692457
156,12,0.0053622182458639145
156,13,0.0014375344617292285
156,14,0.009260883554816246
156,15,0.00268006045371294
156,16,0.0014319746987894177
156,17,0.00405014818534255
156,18,0.01081781554967165
157,0,0.004580999258905649
157,1,0.011643756181001663
157,2,0.011259829625487328
157,3,0.005214725621044636
157,4,0.0032389929983764887
157,5,0.001384056988172233
157,6,0.028665730729699135
157,7,0.01873631775379181
157,8,0.005560214165598154
157,9,0.018384594470262527
157,10,0.05385274440050125
157,11,0.004210348706692457
157,12,0.0053622182458639145
157,13,0.0014375344617292285
157,14,0.009260883554816246
157,15,0.00268006045371294
157,16,0.0014319746987894177
157,17,0.00405014818534255
157,18,0.01081781554967165
158,0,0.004580999258905649
158,1,0.011643756181001663
158,2,0.011259829625487328
158,3,0.005214725621044636
158,4,0.0032389929983764887
158,5,0.001384056988172233
158,6,0.028665730729699135
158,7,0.01873631775379181
158,8,0.005560214165598154
158,9,0.018384594470262527
158,10,0.05385274440050125
158,11,0.004210348706692457
158,12,0.0053622182458639145
158,13,0.0014375344617292285
158,14,0.009260883554816246
158,15,0.00268006045371294
158,16,0.0014319746987894177
158,17,0.00405014818534255
158,18,0.01081781554967165
159,0,0.004580999258905649
159,1,0.011643756181001663
159,2,0.011259829625487328
159,3,0.005214725621044636
159,4,0.0032389929983764887
159,5,0.001384056988172233
159,6,0.028665730729699135
159,7,0.01873631775379181
159,8,0.005560214165598154
159,9,0.018384594470262527
159,10,0.05385274440050125
159,11,0.004210348706692457
159,12,0.0053622182458639145
159,13,0.0014375344617292285
159,14,0.009260883554816246
159,15,0.00268006045371294
159,16,0.0014319746987894177
159,17,0.00405014818534255
159,18,0.01081781554967165
161,0,0.07952999323606491
161,1,0.2611638009548187
161,2,0.13736207783222198
161,3,0.015135467983782291
161,4,0.16500602662563324
161,5,0.04795416072010994
161,6,0.178977832198143
161,7,0.26739048957824707
161,8,0.12441354990005493
161,9,0.0854475200176239
161,10,0.4235795736312866
161,11,0.17169825732707977
161,12,0.08661527931690216
161,13,0.05159957706928253
161,14,0.07919729501008987
161,15,0.07187782227993011
161,16,0.024237357079982758
161,17,0.057736072689294815
161,18,0.0819176435470581
162,0,0.004580999258905649
162,1,0.011643756181001663
162,2,0.011259829625487328
162,3,0.005214725621044636
162,4,0.0032389929983764887
162,5,0.001384056988172233
162,6,0.028665730729699135
162,7,0.01873631775379181
162,8,0.005560214165598154
162,9,0.018384594470262527
162,10,0.05385274440050125
162,11,0.004210348706692457
162,12,0.0053622182458639145
162,13,0.0014375344617292285
162,14,0.009260883554816246
162,15,0.00268006045371294
162,16,0.0014319746987894177
162,17,0.00405014818534255
162,18,0.01081781554967165
163,0,0.005292739253491163
163,1,0.10125382244586945
163,2,0.0002050788316410035
163,3,7.963180905790068e-06
163,4,0.0022053993307054043
163,5,0.00027591342222876847
163,6,0.0002247384109068662
163,7,0.008823860436677933
163,8,0.006579241249710321
163,9,0.0004760974843520671
163,10,0.01919325813651085
163,11,0.03594605252146721
163,12,0.00027402560226619244
163,13,0.0003075714921578765
163,14,0.008272888138890266
163,15,0.0008139557903632522
163,16,2.9387780159595422e-05
163,17,6.402177677955478e-05
163,18,0.0026301040779799223
164,0,0.004580999258905649
164,1,0.011643756181001663
164,2,0.011259829625487328
164,3,0.005214725621044636
164,4,0.0032389929983764887
164,5,0.001384056988172233
164,6,0.028665730729699135
164,7,0.01873631775379181
164,8,0.005560214165598154
164,9,0.018384594470262527
164,10,0.05385274440050125
164,11,0.004210348706692457
164,12,0.0053622182458639145
164,13,0.0014375344617292285
164,14,0.009260883554816246
164,15,0.00268006045371294
164,16,0.0014319746987894177
164,17,0.00405014818534255
164,18,0.01081781554967165
165,0,0.13548976182937622
165,1,0.5595003366470337
165,2,0.038494326174259186
165,3,0.04593322426080704
165,4,0.04215536266565323
165,5,0.06818842142820358
165,6,0.02837456203997135
165,7,0.10874243825674057
165,8,0.248599112033844
165,9,0.08657568693161011
165,10,0.4732029139995575
165,11,0.5617225170135498
165,12,0.1915995478630066
165,13,0.0698474794626236
165,14,0.18306496739387512
165,15,0.016496479511260986
165,16,0.030812399461865425
165,17,0.025251930579543114
165,18,0.09697822481393814
166,0,0.00043649913277477026
166,1,0.002381452824920416
166,2,0.005466199014335871
166,3,2.4448502244922565e-07
166,4,9.581170888850465e-05
166,5,9.910708286042791e-06
166,6,0.0005676326109096408
166,7,0.00010415341967018321
166,8,0.000280593812931329
166,9,4.1887011320795864e-05
166,10,0.9310983419418335
166,11,0.027206920087337494
166,12,1.5847949725866783e-06
166,13,1.9028002498089336e-06
166,14,0.0008786474354565144
166,15,3.136393388558645e-06
166,16,7.532889867434278e-09
166,17,1.91034999375006e-07
166,18,3.897148781106807e-05
170,0,0.004580999258905649
170,1,0.011643756181001663
170,2,0.011259829625487328
170,3,0.005214725621044636
170,4,0.0032389929983764887
170,5,0.001384056988172233
170,6,0.028665730729699135
170,7,0.01873631775379181
170,8,0.005560214165598154
170,9,0.018384594470262527
170,10,0.05385274440050125
170,11,0.004210348706692457
170,12,0.0053622182458639145
170,13,0.0014375344617292285
170,14,0.009260883554816246
170,15,0.00268006045371294
170,16,0.0014319746987894177
170,17,0.00405014818534255
170,18,0.01081781554967165
171,0,0.004580999258905649
171,1,0.011643756181001663
171,2,0.011259829625487328
171,3,0.005214725621044636
171,4,0.0032389929983764887
171,5,0.001384056988172233
171,6,0.028665730729699135
171,7,0.01873631775379181
171,8,0.005560214165598154
171,9,0.018384594470262527
171,10,0.05385274440050125
171,11,0.004210348706692457
171,12,0.0053622182458639145
171,13,0.0014375344617292285
171,14,0.009260883554816246
171,15,0.00268006045371294
171,16,0.0014319746987894177
171,17,0.00405014818534255
171,18,0.01081781554967165
172,0,0.004580999258905649
172,1,0.011643756181001663
172,2,0.011259829625487328
172,3,0.005214725621044636
172,4,0.0032389929983764887
172,5,0.001384056988172233
172,6,0.028665730729699135
172,7,0.01873631775379181
172,8,0.005560214165598154
172,9,0.018384594470262527
172,10,0.05385274440050125
172,11,0.004210348706692457
172,12,0.0053622182458639145
172,13,0.0014375344617292285
172,14,0.009260883554816246
172,15,0.00268006045371294
172,16,0.0014319746987894177
172,17,0.00405014818534255
172,18,0.01081781554967165
173,0,0.004580999258905649
173,1,0.011643756181001663
173,2,0.011259829625487328
173,3,0.005214725621044636
173,4,0.0032389929983764887
173,5,0.001384056988172233
173,6,0.028665730729699135
173,7,0.01873631775379181
173,8,0.005560214165598154
173,9,0.018384594470262527
173,10,0.05385274440050125
173,11,0.004210348706692457
173,12,0.0053622182458639145
173,13,0.0014375344617292285
173,14,0.009260883554816246
173,15,0.00268006045371294
173,16,0.0014319746987894177
173,17,0.00405014818534255
173,18,0.01081781554967165
174,0,0.004580999258905649
174,1,0.011643756181001663
174,2,0.011259829625487328
174,3,0.005214725621044636
174,4,0.0032389929983764887
174,5,0.001384056988172233
174,6,0.028665730729699135
174,7,0.01873631775379181
174,8,0.005560214165598154
174,9,0.018384594470262527
174,10,0.05385274440050125
174,11,0.004210348706692457
174,12,0.0053622182458639145
174,13,0.0014375344617292285
174,14,0.009260883554816246
174,15,0.00268006045371294
174,16,0.0014319746987894177
174,17,0.00405014818534255
174,18,0.01081781554967165
176,0,0.05450611561536789
176,1,0.23231618106365204
176,2,0.04996555671095848
176,3,0.04270315170288086
176,4,0.056189343333244324
176,5,0.05976520851254463
176,6,0.17327947914600372
176,7,0.09362969547510147
176,8,0.09581851959228516
176,9,0.17827297747135162
176,10,0.48357969522476196
176,11,0.03933928534388542
176,12,0.07705587893724442
176,13,0.010321147739887238
176,14,0.029719866812229156
176,15,0.058237574994564056
176,16,0.013447996228933334
176,17,0.04696586728096008
176,18,0.12534287571907043
177,0,0.004580999258905649
177,1,0.011643756181001663
177,2,0.011259829625487328
177,3,0.005214725621044636
177,4,0.0032389929983764887
177,5,0.001384056988172233
177,6,0.028665730729699135
177,7,0.01873631775379181
177,8,0.005560214165598154
177,9,0.018384594470262527
177,10,0.05385274440050125
177,11,0.004210348706692457
177,12,0.0053622182458639145
177,13,0.0014375344617292285
177,14,0.009260883554816246
177,15,0.00268006045371294
177,16,0.0014319746987894177
177,17,0.00405014818534255
177,18,0.01081781554967165
179,0,0.004580999258905649
179,1,0.011643745005130768
179,2,0.011259835213422775
179,3,0.005214720964431763
179,4,0.003238991368561983
179,5,0.0013840562896803021
179,6,0.02866574563086033
179,7,0.01873631402850151
179,8,0.005560214165598154
179,9,0.018384594470262527
179,10,0.053852714598178864
179,11,0.004210344981402159
179,12,0.005362215451896191
179,13,0.0014375337632372975
179,14,0.009260878898203373
179,15,0.00268006045371294
179,16,0.0014319727197289467
179,17,0.004050146322697401
179,18,0.010817810893058777
180,0,0.004580999258905649
180,1,0.011643745005130768
180,2,0.011259835213422775
180,3,0.005214720964431763
180,4,0.003238991368561983
180,5,0.0013840562896803021
180,6,0.02866574563086033
180,7,0.01873631402850151
180,8,0.005560214165598154
180,9,0.018384594470262527
180,10,0.053852714598178864
180,11,0.004210344981402159
180,12,0.005362215451896191
180,13,0.0014375337632372975
180,14,0.009260878898203373
180,15,0.00268006045371294
180,16,0.0014319727197289467
180,17,0.004050146322697401
180,18,0.010817810893058777
181,0,0.025124043226242065
181,1,0.6607422828674316
181,2,0.03340504691004753
181,3,0.0011487094452604651
181,4,0.020470235496759415
181,5,0.0015394437359645963
181,6,0.016970712691545486
181,7,0.02284098230302334
181,8,0.03087557479739189
181,9,0.042446453124284744
181,10,0.16369710862636566
181,11,0.034119296818971634
181,12,0.020322507247328758
181,13,0.010783529840409756
181,14,0.043057143688201904
181,15,0.00683555006980896
181,16,0.0014590959763154387
181,17,0.002354798372834921
181,18,0.011721517890691757
182,0,0.050840169191360474
182,1,0.5167008638381958
182,2,0.044773805886507034
182,3,0.009672768414020538
182,4,0.07868380844593048
182,5,0.025109272450208664
182,6,0.20165930688381195
182,7,0.12122336775064468
182,8,0.06257657706737518
182,9,0.3122633695602417
182,10,0.4798135459423065
182,11,0.04258986935019493
182,12,0.09998035430908203
182,13,0.00652663130313158
182,14,0.024882163852453232
182,15,0.049012940376996994
182,16,0.012920820154249668
182,17,0.014900469221174717
182,18,0.030660351738333702
184,0,0.004580999258905649
184,1,0.011643756181001663
184,2,0.011259829625487328
184,3,0.005214725621044636
184,4,0.0032389929983764887
184,5,0.001384056988172233
184,6,0.028665730729699135
184,7,0.01873631775379181
184,8,0.005560214165598154
184,9,0.018384594470262527
184,10,0.05385274440050125
184,11,0.004210348706692457
184,12,0.0053622182458639145
184,13,0.0014375344617292285
184,14,0.009260883554816246
184,15,0.00268006045371294
184,16,0.0014319746987894177
184,17,0.00405014818534255
184,18,0.01081781554967165
185,0,0.004580999258905649
185,1,0.011643756181001663
185,2,0.011259829625487328
185,3,0.005214725621044636
185,4,0.0032389929983764887
185,5,0.001384056988172233
185,6,0.028665730729699135
185,7,0.01873631775379181
185,8,0.005560214165598154
185,9,0.018384594470262527
185,10,0.05385274440050125
185,11,0.004210348706692457
185,12,0.0053622182458639145
185,13,0.0014375344617292285
185,14,0.009260883554816246
185,15,0.00268006045371294
185,16,0.0014319746987894177
185,17,0.00405014818534255
185,18,0.01081781554967165
187,0,0.011634469032287598
187,1,0.5159471035003662
187,2,0.08085808157920837
187,3,0.007274913135915995
187,4,0.0627281442284584
187,5,0.009422526694834232
187,6,0.07271643728017807
187,7,0.05394652858376503
187,8,0.08015120029449463
187,9,0.2078997790813446
187,10,0.4358677566051483
187,11,0.03276657685637474
187,12,0.1427752524614334
187,13,0.006072253920137882
187,14,0.018824420869350433
187,15,0.02697352133691311
187,16,0.004681428894400597
187,17,0.01471367571502924
187,18,0.03478856384754181
188,0,0.004580999258905649
188,1,0.011643756181001663
188,2,0.011259829625487328
188,3,0.005214725621044636
188,4,0.0032389929983764887
188,5,0.001384056988172233
188,6,0.028665730729699135
188,7,0.01873631775379181
188,8,0.005560214165598154
188,9,0.018384594470262527
188,10,0.05385274440050125
188,11,0.004210348706692457
188,12,0.0053622182458639145
188,13,0.0014375344617292285
188,14,0.009260883554816246
188,15,0.00268006045371294
188,16,0.0014319746987894177
188,17,0.00405014818534255
188,18,0.01081781554967165
191,0,0.0008984720916487277
191,1,0.028175611048936844
191,2,0.03521962836384773
191,3,0.00021975714480504394
191,4,0.05380448326468468
191,5,0.0008454846101813018
191,6,0.1308334767818451
191,7,0.03986493498086929
191,8,0.03197460621595383
191,9,0.019981255754828453
191,10,0.09438818693161011
191,11,0.0003018486895598471
191,12,0.017329538241028786
191,13,0.000887278001755476
191,14,0.0015526155475527048
191,15,0.013641280122101307
191,16,0.0016551242442801595
191,17,0.006257955450564623
191,18,0.004441901110112667
195,0,0.004580999258905649
195,1,0.011643756181001663
195,2,0.011259829625487328
195,3,0.005214725621044636
195,4,0.0032389929983764887
195,5,0.001384056988172233
195,6,0.028665730729699135
195,7,0.01873631775379181
195,8,0.005560214165598154
195,9,0.018384594470262527
195,10,0.05385274440050125
195,11,0.004210348706692457
195,12,0.0053622182458639145
195,13,0.0014375344617292285
195,14,0.009260883554816246
195,15,0.00268006045371294
195,16,0.0014319746987894177
195,17,0.00405014818534255
195,18,0.01081781554967165
196,0,2.2747450145743642e-07
196,1,0.73194420337677
196,2,0.00023743575729895383
196,3,1.9066897039010655e-07
196,4,8.768015686655417e-05
196,5,1.6025484228521236e-07
196,6,0.0007532889721915126
196,7,0.0001452025753678754
196,8,2.1080915757920593e-05
196,9,0.0022807959467172623
196,10,0.1716921329498291
196,11,2.898451157307136e-06
196,12,0.002102854661643505
196,13,3.1802736089048267e-07
196,14,2.2264181097852997e-05
196,15,1.387448992318241e-05
196,16,3.113352065042818e-08
196,17,2.433614554320229e-07
196,18,1.13495730147406e-06
197,0,0.004580999258905649
197,1,0.011643756181001663
197,2,0.011259829625487328
197,3,0.005214725621044636
197,4,0.0032389929983764887
197,5,0.001384056988172233
197,6,0.028665730729699135
197,7,0.01873631775379181
197,8,0.005560214165598154
197,9,0.018384594470262527
197,10,0.05385274440050125
197,11,0.004210348706692457
197,12,0.0053622182458639145
197,13,0.0014375344617292285
197,14,0.009260883554816246
197,15,0.00268006045371294
197,16,0.0014319746987894177
197,17,0.00405014818534255
197,18,0.01081781554967165
198,0,0.0016203713603317738
198,1,0.016363566741347313
198,2,0.03787919133901596
198,3,0.00017669393855612725
198,4,0.0017597860423848033
198,5,8.79999715834856e-05
198,6,0.032515231519937515
198,7,0.00427958182990551
198,8,0.0020185450557619333
198,9,0.0053066979162395
198,10,0.03132661432027817
198,11,0.0006084182532504201
198,12,0.002072651404887438
198,13,0.00014257928705774248
198,14,0.015659945085644722
198,15,0.003580203978344798
198,16,8.386734407395124e-05
198,17,4.660821650759317e-05
198,18,0.0005164743051864207
207,0,0.004580999258905649
207,1,0.011643756181001663
207,2,0.011259829625487328
207,3,0.005214725621044636
207,4,0.0032389929983764887
207,5,0.001384056988172233
207,6,0.028665730729699135
207,7,0.01873631775379181
207,8,0.005560214165598154
207,9,0.018384594470262527
207,10,0.05385274440050125
207,11,0.004210348706692457
207,12,0.0053622182458639145
207,13,0.0014375344617292285
207,14,0.009260883554816246
207,15,0.00268006045371294
207,16,0.0014319746987894177
207,17,0.00405014818534255
207,18,0.01081781554967165
208,0,0.10243398696184158
208,1,0.18294185400009155
208,2,0.025772014632821083
208,3,0.006924894638359547
208,4,0.02711765468120575
208,5,0.09973855316638947
208,6,0.05841519683599472
208,7,0.4129525423049927
208,8,0.0890328660607338
208,9,0.03943192958831787
208,10,0.6261536478996277
208,11,0.21384038031101227
208,12,0.043144192546606064
208,13,0.01575356535613537
208,14,0.027375979349017143
208,15,0.06267071515321732
208,16,0.007553526200354099
208,17,0.02109530195593834
208,18,0.18749670684337616
209,0,0.0025850727688521147
209,1,0.3470962345600128
209,2,0.01651965081691742
209,3,0.00013008179666940123
209,4,0.014254712499678135
209,5,0.000996044254861772
209,6,0.013346981257200241
209,7,0.03079334832727909
209,8,0.027792619541287422
209,9,0.011091610416769981
209,10,0.5171892642974854
209,11,0.0014427548740059137
209,12,0.0023525310680270195
209,13,0.0020037537906318903
209,14,0.006451264023780823
209,15,0.010611777193844318
209,16,0.0021521877497434616
209,17,0.004677182994782925
209,18,0.007624424062669277
211,0,0.004580999258905649
211,1,0.011643756181001663
211,2,0.011259829625487328
211,3,0.005214725621044636
211,4,0.0032389929983764887
211,5,0.001384056988172233
211,6,0.028665730729699135
211,7,0.01873631775379181
211,8,0.005560214165598154
211,9,0.018384594470262527
211,10,0.05385274440050125
211,11,0.004210348706692457
211,12,0.0053622182458639145
211,13,0.0014375344617292285
211,14,0.009260883554816246
211,15,0.00268006045371294
211,16,0.0014319746987894177
211,17,0.00405014818534255
211,18,0.01081781554967165
212,0,0.004580999258905649
212,1,0.011643756181001663
212,2,0.011259829625487328
212,3,0.005214725621044636
212,4,0.0032389929983764887
212,5,0.001384056988172233
212,6,0.028665730729699135
212,7,0.01873631775379181
212,8,0.005560214165598154
212,9,0.018384594470262527
212,10,0.05385274440050125
212,11,0.004210348706692457
212,12,0.0053622182458639145
212,13,0.0014375344617292285
212,14,0.009260883554816246
212,15,0.00268006045371294
212,16,0.0014319746987894177
212,17,0.00405014818534255
212,18,0.01081781554967165
214,0,0.32141077518463135
214,1,0.21268311142921448
214,2,0.1989278644323349
214,3,0.013115659356117249
214,4,0.06108763441443443
214,5,0.04534875229001045
214,6,0.09176202863454819
214,7,0.12580101191997528
214,8,0.08780517429113388
214,9,0.09954371303319931
214,10,0.2567597031593323
214,11,0.13765522837638855
214,12,0.04653149098157883
214,13,0.04672863334417343
214,14,0.10815528780221939
214,15,0.05342119187116623
214,16,0.022644853219389915
214,17,0.03910982236266136
214,18,0.07987036556005478
218,0,0.004580999258905649
218,1,0.011643756181001663
218,2,0.011259829625487328
218,3,0.005214725621044636
218,4,0.0032389929983764887
218,5,0.001384056988172233
218,6,0.028665730729699135
218,7,0.01873631775379181
218,8,0.005560214165598154
218,9,0.018384594470262527
218,10,0.05385274440050125
218,11,0.004210348706692457
218,12,0.0053622182458639145
218,13,0.0014375344617292285
218,14,0.009260883554816246
218,15,0.00268006045371294
218,16,0.0014319746987894177
218,17,0.00405014818534255
218,18,0.01081781554967165
220,0,0.004580999258905649
220,1,0.011643756181001663
220,2,0.011259829625487328
220,3,0.005214725621044636
220,4,0.0032389929983764887
220,5,0.001384056988172233
220,6,0.028665730729699135
220,7,0.01873631775379181
220,8,0.005560214165598154
220,9,0.018384594470262527
220,10,0.05385274440050125
220,11,0.004210348706692457
220,12,0.0053622182458639145
220,13,0.0014375344617292285
220,14,0.009260883554816246
220,15,0.00268006045371294
220,16,0.0014319746987894177
220,17,0.00405014818534255
220,18,0.01081781554967165
223,0,0.05434636026620865
223,1,0.08445882797241211
223,2,0.019219962880015373
223,3,0.002734691370278597
223,4,0.01434173434972763
223,5,0.010059347376227379
223,6,0.1106003150343895
223,7,0.14321653544902802
223,8,0.0037476238794624805
223,9,0.49810609221458435
223,10,0.5673327445983887
223,11,0.007039901800453663
223,12,0.029814904555678368
223,13,0.00012182175851194188
223,14,0.0014836342306807637
223,15,0.01011582463979721
223,16,0.0007145082927308977
223,17,0.0017428474966436625
223,18,0.012712235562503338
224,0,0.004580999258905649
224,1,0.011643756181001663
224,2,0.011259829625487328
224,3,0.005214725621044636
224,4,0.0032389929983764887
224,5,0.001384056988172233
224,6,0.028665730729699135
224,7,0.01873631775379181
224,8,0.005560214165598154
224,9,0.018384594470262527
224,10,0.05385274440050125
224,11,0.004210348706692457
224,12,0.0053622182458639145
224,13,0.0014375344617292285
224,14,0.009260883554816246
224,15,0.00268006045371294
224,16,0.0014319746987894177
224,17,0.00405014818534255
224,18,0.01081781554967165
225,0,0.004580999258905649
225,1,0.011643756181001663
225,2,0.011259829625487328
225,3,0.005214725621044636
225,4,0.0032389929983764887
225,5,0.001384056988172233
225,6,0.028665730729699135
225,7,0.01873631775379181
225,8,0.005560214165598154
225,9,0.018384594470262527
225,10,0.05385274440050125
225,11,0.004210348706692457
225,12,0.0053622182458639145
225,13,0.0014375344617292285
225,14,0.009260883554816246
225,15,0.00268006045371294
225,16,0.0014319746987894177
225,17,0.00405014818534255
225,18,0.01081781554967165
226,0,0.004580999258905649
226,1,0.011643756181001663
226,2,0.011259829625487328
226,3,0.005214725621044636
226,4,0.0032389929983764887
226,5,0.001384056988172233
226,6,0.028665730729699135
226,7,0.01873631775379181
226,8,0.005560214165598154
226,9,0.018384594470262527
226,10,0.05385274440050125
226,11,0.004210348706692457
226,12,0.0053622182458639145
226,13,0.0014375344617292285
226,14,0.009260883554816246
226,15,0.00268006045371294
226,16,0.0014319746987894177
226,17,0.00405014818534255
226,18,0.01081781554967165
229,0,0.08895345032215118
229,1,0.6732673645019531
229,2,0.05581504851579666
229,3,0.02931581251323223
229,4,0.14766795933246613
229,5,0.027003612369298935
229,6,0.08658276498317719
229,7,0.13891085982322693
229,8,0.22394710779190063
229,9,0.17075343430042267
229,10,0.1538422554731369
229,11,0.06494874507188797
229,12,0.37199777364730835
229,13,0.04691825062036514
229,14,0.05853649973869324
229,15,0.2216186821460724
229,16,0.060210220515728
229,17,0.058529626578092575
229,18,0.12452490627765656
230,0,0.013002191670238972
230,1,0.6342259645462036
230,2,0.016548069193959236
230,3,0.00016701947606634349
230,4,0.00401682173833251
230,5,0.0028669284656643867
230,6,0.006419009063392878
230,7,0.05315646901726723
230,8,0.012381404638290405
230,9,0.022684261202812195
230,10,0.057699304074048996
230,11,0.018013326451182365
230,12,0.007780903950333595
230,13,0.0003753151395358145
230,14,0.002734666457399726
230,15,0.010883635841310024
230,16,0.00046032105456106365
230,17,0.006704595871269703
230,18,0.005897243972867727
232,0,0.02277979627251625
232,1,0.15431635081768036
232,2,0.06806564331054688
232,3,0.008681133389472961
232,4,0.013635384850203991
232,5,0.020640797913074493
232,6,0.04901803284883499
232,7,0.014547372236847878
232,8,0.14272816479206085
232,9,0.0642213374376297
232,10,0.2439228594303131
232,11,0.12211006879806519
232,12,0.07147467136383057
232,13,0.02951611392199993
232,14,0.1882408857345581
232,15,0.012577146291732788
232,16,0.005837245844304562
232,17,0.006367505993694067
232,18,0.012768066488206387
233,0,0.004580999258905649
233,1,0.011643756181001663
233,2,0.011259829625487328
233,3,0.005214725621044636
233,4,0.0032389929983764887
233,5,0.001384056988172233
233,6,0.028665730729699135
233,7,0.01873631775379181
233,8,0.005560214165598154
233,9,0.018384594470262527
233,10,0.05385274440050125
233,11,0.004210348706692457
233,12,0.0053622182458639145
233,13,0.0014375344617292285
233,14,0.009260883554816246
233,15,0.00268006045371294
233,16,0.0014319746987894177
233,17,0.00405014818534255
233,18,0.01081781554967165
236,0,0.004580999258905649
236,1,0.011643756181001663
236,2,0.011259829625487328
236,3,0.005214725621044636
236,4,0.0032389929983764887
236,5,0.001384056988172233
236,6,0.028665730729699135
236,7,0.01873631775379181
236,8,0.005560214165598154
236,9,0.018384594470262527
236,10,0.05385274440050125
236,11,0.004210348706692457
236,12,0.0053622182458639145
236,13,0.0014375344617292285
236,14,0.009260883554816246
236,15,0.00268006045371294
236,16,0.0014319746987894177
236,17,0.00405014818534255
236,18,0.01081781554967165
237,0,0.02214273251593113
237,1,0.03787488117814064
237,2,0.03005569614470005
237,3,0.008671024814248085
237,4,0.03577590733766556
237,5,0.020086828619241714
237,6,0.12446125596761703
237,7,0.06273259222507477
237,8,0.42059212923049927
237,9,0.13196434080600739
237,10,0.2453114241361618
237,11,0.046310342848300934
237,12,0.08621365576982498
237,13,0.02309555746614933
237,14,0.024672644212841988
237,15,0.010928818956017494
237,16,0.011040662415325642
237,17,0.019376909360289574
237,18,0.03455233946442604
238,0,0.04526902362704277
238,1,0.4795030653476715
238,2,0.0637395828962326
238,3,0.012621947564184666
238,4,0.04448125883936882
238,5,0.018130244687199593
238,6,0.1582833081483841
238,7,0.08615834265947342
238,8,0.07861735671758652
238,9,0.1928350031375885
238,10,0.3582732379436493
238,11,0.050109125673770905
238,12,0.10585112869739532
238,13,0.019261106848716736
238,14,0.03941754624247551
238,15,0.053733233362436295
238,16,0.004615476354956627
238,17,0.017174091190099716
238,18,0.020391035825014114
239,0,0.004580999258905649
239,1,0.011643745005130768
239,2,0.011259835213422775
239,3,0.005214720964431763
239,4,0.003238991368561983
239,5,0.0013840562896803021
239,6,0.02866574563086033
239,7,0.01873631402850151
239,8,0.005560214165598154
239,9,0.018384594470262527
239,10,0.053852714598178864
239,11,0.004210344981402159
239,12,0.005362215451896191
239,13,0.0014375337632372975
239,14,0.009260878898203373
239,15,0.00268006045371294
239,16,0.0014319727197289467
239,17,0.004050146322697401
239,18,0.010817810893058777
241,0,0.004580999258905649
241,1,0.011643745005130768
241,2,0.011259835213422775
241,3,0.005214720964431763
241,4,0.003238991368561983
241,5,0.0013840562896803021
241,6,0.02866574563086033
241,7,0.01873631402850151
241,8,0.005560214165598154
241,9,0.018384594470262527
241,10,0.053852714598178864
241,11,0.004210344981402159
241,12,0.005362215451896191
241,13,0.0014375337632372975
241,14,0.009260878898203373
241,15,0.00268006045371294
241,16,0.0014319727197289467
241,17,0.004050146322697401
241,18,0.010817810893058777
242,0,0.004580999258905649
242,1,0.011643756181001663
242,2,0.011259829625487328
242,3,0.005214725621044636
242,4,0.0032389929983764887
242,5,0.001384056988172233
242,6,0.028665730729699135
242,7,0.01873631775379181
242,8,0.005560214165598154
242,9,0.018384594470262527
242,10,0.05385274440050125
242,11,0.004210348706692457
242,12,0.0053622182458639145
242,13,0.0014375344617292285
242,14,0.009260883554816246
242,15,0.00268006045371294
242,16,0.0014319746987894177
242,17,0.00405014818534255
242,18,0.01081781554967165
244,0,0.07431495934724808
244,1,0.10279375314712524
244,2,0.015887107700109482
244,3,0.0010209816973656416
244,4,0.01787768118083477
244,5,0.011263823136687279
244,6,0.029332373291254044
244,7,0.10977751761674881
244,8,0.013580527156591415
244,9,0.05824907496571541
244,10,0.1967734545469284
244,11,0.01687629148364067
244,12,0.004114303272217512
244,13,0.0016069263219833374
244,14,0.009156409651041031
244,15,0.016895931214094162
244,16,0.004515181761234999
244,17,0.007609552703797817
244,18,0.21260109543800354
245,0,0.09334755688905716
245,1,0.39723721146583557
245,2,0.051947686821222305
245,3,0.017275361344218254
245,4,0.037145525217056274
245,5,0.0323316715657711
245,6,0.14859026670455933
245,7,0.29259639978408813
245,8,0.03133779764175415
245,9,0.13995957374572754
245,10,0.3642979562282562
245,11,0.04765189439058304
245,12,0.08015862852334976
245,13,0.019451668485999107
245,14,0.012227870523929596
245,15,0.08409035205841064
245,16,0.028881659731268883
245,17,0.04297405108809471
245,18,0.07122671604156494
246,0,0.04879092052578926
246,1,0.42032280564308167
246,2,0.16724638640880585
246,3,0.04488155245780945
246,4,0.1167028546333313
246,5,0.04744340106844902
246,6,0.11383916437625885
246,7,0.08378990739583969
246,8,0.1832982748746872
246,9,0.15644697844982147
246,10,0.3225794732570648
246,11,0.13104593753814697
246,12,0.08774078637361526
246,13,0.11863856762647629
246,14,0.14537592232227325
246,15,0.07283017784357071
246,16,0.07286947965621948
246,17,0.07248535007238388
246,18,0.08511590957641602
247,0,0.004580999258905649
247,1,0.011643756181001663
247,2,0.011259829625487328
247,3,0.005214725621044636
247,4,0.0032389929983764887
247,5,0.001384056988172233
247,6,0.028665730729699135
247,7,0.01873631775379181
247,8,0.005560214165598154
247,9,0.018384594470262527
247,10,0.05385274440050125
247,11,0.004210348706692457
247,12,0.0053622182458639145
247,13,0.0014375344617292285
247,14,0.009260883554816246
247,15,0.00268006045371294
247,16,0.0014319746987894177
247,17,0.00405014818534255
247,18,0.01081781554967165
253,0,0.09637319296598434
253,1,0.07319764792919159
253,2,0.15538126230239868
253,3,0.05886365473270416
253,4,0.1493491679430008
253,5,0.196688711643219
253,6,0.46339938044548035
253,7,0.2472364753484726
253,8,0.18059180676937103
253,9,0.24966561794281006
253,10,0.6516534090042114
253,11,0.08908242732286453
253,12,0.2713339030742645
253,13,0.030744988471269608
253,14,0.07457267493009567
253,15,0.1358378678560257
253,16,0.05625145509839058
253,17,0.0977279394865036
253,18,0.17765051126480103
254,0,0.05037667602300644
254,1,0.6333192586898804
254,2,0.027750208973884583
254,3,0.025710605084896088
254,4,0.11399386078119278
254,5,0.01911017671227455
254,6,0.03514256700873375
254,7,0.14363831281661987
254,8,0.11695530265569687
254,9,0.19305047392845154
254,10,0.2530624270439148
254,11,0.10839557647705078
254,12,0.11236990988254547
254,13,0.04015939682722092
254,14,0.06894923746585846
254,15,0.029756560921669006
254,16,0.03805708512663841
254,17,0.044515058398246765
254,18,0.03551396355032921
258,0,0.07436805218458176
258,1,0.1061754897236824
258,2,0.14964646100997925
258,3,0.0099047115072608
258,4,0.14919263124465942
258,5,0.026566969230771065
258,6,0.42882025241851807
258,7,0.12556837499141693
258,8,0.1498582363128662
258,9,0.5012997388839722
258,10,0.503841757774353
258,11,0.04268717020750046
258,12,0.07580771297216415
258,13,0.012958395294845104
258,14,0.03070843033492565
258,15,0.041868243366479874
258,16,0.01995358243584633
258,17,0.02306225150823593
258,18,0.018426841124892235
260,0,0.19248774647712708
260,1,0.2855599820613861
260,2,0.3031128942966461
260,3,0.1692476123571396
260,4,0.2794738709926605
260,5,0.10682529956102371
260,6,0.26069483160972595
260,7,0.23258671164512634
260,8,0.3055298626422882
260,9,0.24268195033073425
260,10,0.594624400138855
260,11,0.11737769097089767
260,12,0.2472529113292694
260,13,0.2679992616176605
260,14,0.19564807415008545
260,15,0.2081497460603714
260,16,0.12574568390846252
260,17,0.1876494437456131
260,18,0.107191301882267
261,0,0.0012051528319716454
261,1,0.024268390610814095
261,2,0.0019454207504168153
261,3,0.00016201385005842894
261,4,0.0021298311185091734
261,5,8.328721742145717e-05
261,6,0.008292751386761665
261,7,0.005403949413448572
261,8,0.009327229112386703
261,9,0.41200193762779236
261,10,0.2295856922864914
261,11,0.0006044537876732647
261,12,0.010014190338551998
261,13,3.871235094266012e-05
261,14,0.00027376707294024527
261,15,0.0054419743828475475
261,16,4.403351340442896e-05
261,17,0.00026436636107973754
261,18,0.00041467128903605044
262,0,0.004580999258905649
262,1,0.011643756181001663
262,2,0.011259829625487328
262,3,0.005214725621044636
262,4,0.0032389929983764887
262,5,0.001384056988172233
262,6,0.028665730729699135
262,7,0.01873631775379181
262,8,0.005560214165598154
262,9,0.018384594470262527
262,10,0.05385274440050125
262,11,0.004210348706692457
262,12,0.0053622182458639145
262,13,0.0014375344617292285
262,14,0.009260883554816246
262,15,0.00268006045371294
262,16,0.0014319746987894177
262,17,0.00405014818534255
262,18,0.01081781554967165
263,0,0.004580999258905649
263,1,0.011643756181001663
263,2,0.011259829625487328
263,3,0.005214725621044636
263,4,0.0032389929983764887
263,5,0.001384056988172233
263,6,0.028665730729699135
263,7,0.01873631775379181
263,8,0.005560214165598154
263,9,0.018384594470262527
263,10,0.05385274440050125
263,11,0.004210348706692457
263,12,0.0053622182458639145
263,13,0.0014375344617292285
263,14,0.009260883554816246
263,15,0.00268006045371294
263,16,0.0014319746987894177
263,17,0.00405014818534255
263,18,0.01081781554967165
264,0,0.002295853104442358
264,1,0.003567321226000786
264,2,0.010146486572921276
264,3,7.396992441499606e-05
264,4,0.0050993808545172215
264,5,0.0001387132069794461
264,6,0.13035540282726288
264,7,0.007336239330470562
264,8,0.004201713018119335
264,9,0.015352945774793625
264,10,0.38735079765319824
264,11,0.0026678377762436867
264,12,0.0029826690442860126
264,13,4.762834214488976e-05
264,14,0.0008561583235859871
264,15,0.004996760748326778
264,16,2.584898356872145e-05
264,17,0.00011814859317382798
264,18,0.003180262167006731
266,0,0.004580999258905649
266,1,0.011643756181001663
266,2,0.011259829625487328
266,3,0.005214725621044636
266,4,0.0032389929983764887
266,5,0.001384056988172233
266,6,0.028665730729699135
266,7,0.01873631775379181
266,8,0.005560214165598154
266,9,0.018384594470262527
266,10,0.05385274440050125
266,11,0.004210348706692457
266,12,0.0053622182458639145
266,13,0.0014375344617292285
266,14,0.009260883554816246
266,15,0.00268006045371294
266,16,0.0014319746987894177
266,17,0.00405014818534255
266,18,0.01081781554967165
267,0,5.1621846068883315e-06
267,1,0.00028291146736592054
267,2,8.302395144710317e-05
267,3,4.243257833991265e-08
267,4,1.7378463326167548e-06
267,5,2.90600701191579e-06
267,6,0.006501259747892618
267,7,7.45595752960071e-05
267,8,7.798747105880466e-07
267,9,0.00017546377785038203
267,10,0.09574351459741592
267,11,8.231825177063001e-07
267,12,4.5417795746516276e-08
267,13,2.8064556545359665e-07
267,14,1.9278331819805317e-06
267,15,0.0003017917333636433
267,16,3.0866971201248816e-08
267,17,3.9706921484139457e-07
267,18,6.123564526205882e-05
268,0,0.05447055771946907
268,1,0.25569048523902893
268,2,0.1173916831612587
268,3,0.019278675317764282
268,4,0.10166904330253601
268,5,0.015077995136380196
268,6,0.22739532589912415
268,7,0.13760578632354736
268,8,0.10524582862854004
268,9,0.20514501631259918
268,10,0.24611249566078186
268,11,0.04523744434118271
268,12,0.10745555907487869
268,13,0.03549231216311455
268,14,0.045124661177396774
268,15,0.06095584109425545
268,16,0.01551904808729887
268,17,0.030450979247689247
268,18,0.041962821036577225
269,0,0.004580999258905649
269,1,0.011643756181001663
269,2,0.011259829625487328
269,3,0.005214725621044636
269,4,0.0032389929983764887
269,5,0.001384056988172233
269,6,0.028665730729699135
269,7,0.01873631775379181
269,8,0.005560214165598154
269,9,0.018384594470262527
269,10,0.05385274440050125
269,11,0.004210348706692457
269,12,0.0053622182458639145
269,13,0.0014375344617292285
269,14,0.009260883554816246
269,15,0.00268006045371294
269,16,0.0014319746987894177
269,17,0.00405014818534255
269,18,0.01081781554967165
270,0,0.004580999258905649
270,1,0.011643756181001663
270,2,0.011259829625487328
270,3,0.005214725621044636
270,4,0.0032389929983764887
270,5,0.001384056988172233
270,6,0.028665730729699135
270,7,0.01873631775379181
270,8,0.005560214165598154
270,9,0.018384594470262527
270,10,0.05385274440050125
270,11,0.004210348706692457
270,12,0.0053622182458639145
270,13,0.0014375344617292285
270,14,0.009260883554816246
270,15,0.00268006045371294
270,16,0.0014319746987894177
270,17,0.00405014818534255
270,18,0.01081781554967165
273,0,0.16128215193748474
273,1,0.071803979575634
273,2,0.10429154336452484
273,3,0.013525777496397495
273,4,0.0405697226524353
273,5,0.030511057004332542
273,6,0.08465065062046051
273,7,0.183099165558815
273,8,0.22682443261146545
273,9,0.046121805906295776
273,10,0.2574397027492523
273,11,0.13058622181415558
273,12,0.020549720153212547
273,13,0.06842727214097977
273,14,0.07024511694908142
273,15,0.0330304317176342
273,16,0.017483072355389595
273,17,0.053522590547800064
273,18,0.11317441612482071
274,0,0.008541184477508068
274,1,0.17580769956111908
274,2,0.014204105362296104
274,3,0.0036655645817518234
274,4,0.012089845724403858
274,5,0.019364045932888985
274,6,0.015266655012965202
274,7,0.018223414197564125
274,8,0.534805178642273
274,9,0.03627677261829376
274,10,0.09891367703676224
274,11,0.17862822115421295
274,12,0.1867275834083557
274,13,0.07317762821912766
274,14,0.08090563863515854
274,15,0.002757892245426774
274,16,0.013896613381803036
274,17,0.013589492067694664
274,18,0.014450371265411377
275,0,0.05439537763595581
275,1,0.45282992720603943
275,2,0.15849828720092773
275,3,0.02547965943813324
275,4,0.09308420121669769
275,5,0.0352230966091156
275,6,0.24621649086475372
275,7,0.28158342838287354
275,8,0.06249548867344856
275,9,0.15624581277370453
275,10,0.2870635390281677
275,11,0.1190604567527771
275,12,0.07082284986972809
275,13,0.010404853150248528
275,14,0.06946203857660294
275,15,0.0595950223505497
275,16,0.019793156534433365
275,17,0.08011423796415329
275,18,0.02546202391386032
279,0,8.767472172621638e-05
279,1,0.10282087326049805
279,2,0.015415552072227001
279,3,1.4274200111685786e-05
279,4,0.0018149793613702059
279,5,3.27430825564079e-05
279,6,0.25863656401634216
279,7,0.005089836660772562
279,8,0.0021032337099313736
279,9,0.008996049873530865
279,10,0.08183902502059937
279,11,1.964308466995135e-05
279,12,0.004036277066916227
279,13,7.294436363736168e-05
279,14,0.00020301967742852867
279,15,0.004005935974419117
279,16,7.83696577855153e-06
279,17,0.00011577607074286789
279,18,0.00040066303336061537
280,0,0.00020323522039689124
280,1,0.016238367184996605
280,2,0.0008313146536238492
280,3,7.831637844901707e-07
280,4,8.753296424401924e-05
280,5,6.968161869735923e-06
280,6,0.007509664632380009
280,7,0.09998445212841034
280,8,7.191017357399687e-05
280,9,5.5531538237119094e-05
280,10,0.016402332112193108
280,11,0.0002245721989311278
280,12,0.00046256015775725245
280,13,4.586945578921586e-06
280,14,4.06028630095534e-05
280,15,5.3168336307862774e-05
280,16,1.7012763464663294e-06
280,17,5.331974898581393e-05
280,18,0.00017017361824400723
281,0,0.004075984936207533
281,1,0.007268067914992571
281,2,0.0090005649253726
281,3,0.000684382626786828
281,4,0.010815845802426338
281,5,0.0022400610614567995
281,6,0.022898459807038307
281,7,0.00592569075524807
281,8,0.4834883511066437
281,9,0.06458797305822372
281,10,0.14490021765232086
281,11,0.021956486627459526
281,12,0.019924363121390343
281,13,0.003285020822659135
281,14,0.014270667918026447
281,15,0.0013299749698489904
281,16,0.001568001345731318
281,17,0.0036366053391247988
281,18,0.01467076689004898
283,0,0.004580999258905649
283,1,0.011643756181001663
283,2,0.011259829625487328
283,3,0.005214725621044636
283,4,0.0032389929983764887
283,5,0.001384056988172233
283,6,0.028665730729699135
283,7,0.01873631775379181
283,8,0.005560214165598154
283,9,0.018384594470262527
283,10,0.05385274440050125
283,11,0.004210348706692457
283,12,0.0053622182458639145
283,13,0.0014375344617292285
283,14,0.009260883554816246
283,15,0.00268006045371294
283,16,0.0014319746987894177
283,17,0.00405014818534255
283,18,0.01081781554967165
284,0,0.004580999258905649
284,1,0.011643756181001663
284,2,0.011259829625487328
284,3,0.005214725621044636
284,4,0.0032389929983764887
284,5,0.001384056988172233
284,6,0.028665730729699135
284,7,0.01873631775379181
284,8,0.005560214165598154
284,9,0.018384594470262527
284,10,0.05385274440050125
284,11,0.004210348706692457
284,12,0.0053622182458639145
284,13,0.0014375344617292285
284,14,0.009260883554816246
284,15,0.00268006045371294
284,16,0.0014319746987894177
284,17,0.00405014818534255
284,18,0.01081781554967165
290,0,0.027257725596427917
290,1,0.04240456223487854
290,2,0.43444573879241943
290,3,0.0013800070155411959
290,4,0.01916879042983055
290,5,0.027853699401021004
290,6,0.4162887632846832
290,7,0.09543470293283463
290,8,0.02706732228398323
290,9,0.020003939047455788
290,10,0.7083927392959595
290,11,0.08244512230157852
290,12,0.025140659883618355
290,13,0.008012786507606506
290,14,0.03656837344169617
290,15,0.033928994089365005
290,16,0.011844892054796219
290,17,0.019633406773209572
290,18,0.03805812820792198
291,0,0.004580999258905649
291,1,0.011643756181001663
291,2,0.011259829625487328
291,3,0.005214725621044636
291,4,0.0032389929983764887
291,5,0.001384056988172233
291,6,0.028665730729699135
291,7,0.01873631775379181
291,8,0.005560214165598154
291,9,0.018384594470262527
291,10,0.05385274440050125
291,11,0.004210348706692457
291,12,0.0053622182458639145
291,13,0.0014375344617292285
291,14,0.009260883554816246
291,15,0.00268006045371294
291,16,0.0014319746987894177
291,17,0.00405014818534255
291,18,0.01081781554967165
293,0,0.004580999258905649
293,1,0.011643756181001663
293,2,0.011259829625487328
293,3,0.005214725621044636
293,4,0.0032389929983764887
293,5,0.001384056988172233
293,6,0.028665730729699135
293,7,0.01873631775379181
293,8,0.005560214165598154
293,9,0.018384594470262527
293,10,0.05385274440050125
293,11,0.004210348706692457
293,12,0.0053622182458639145
293,13,0.0014375344617292285
293,14,0.009260883554816246
293,15,0.00268006045371294
293,16,0.0014319746987894177
293,17,0.00405014818534255
293,18,0.01081781554967165
296,0,2.298497383890208e-05
296,1,0.02502339519560337
296,2,0.005498776212334633
296,3,1.6171703464351594e-05
296,4,8.461491233902052e-05
296,5,1.310015704802936e-06
296,6,0.0002663254563231021
296,7,0.0001103447430068627
296,8,0.005624534096568823
296,9,0.004855467937886715
296,10,0.1419440060853958
296,11,0.0002101798600051552
296,12,0.0012316966895014048
296,13,9.850176866166294e-06
296,14,0.0009197810431942344
296,15,1.889894156192895e-05
296,16,1.665037530074187e-06
296,17,2.566987859609071e-05
296,18,8.36847448226763e-06
297,0,0.13341106474399567
297,1,0.1116090714931488
297,2,0.23150433599948883
297,3,0.060030095279216766
297,4,0.15698933601379395
297,5,0.15096800029277802
297,6,0.4590807557106018
297,7,0.27551645040512085
297,8,0.24848516285419464
297,9,0.17856144905090332
297,10,0.6633965969085693
297,11,0.08911439776420593
297,12,0.26193681359291077
297,13,0.08789562433958054
297,14,0.08262055367231369
297,15,0.1171226054430008
297,16,0.10741080343723297
297,17,0.18838845193386078
297,18,0.28886711597442627
298,0,0.004580999258905649
298,1,0.011643745005130768
298,2,0.011259835213422775
298,3,0.005214720964431763
298,4,0.003238991368561983
298,5,0.0013840562896803021
298,6,0.02866574563086033
298,7,0.01873631402850151
298,8,0.005560214165598154
298,9,0.018384594470262527
298,10,0.053852714598178864
298,11,0.004210344981402159
298,12,0.005362215451896191
298,13,0.0014375337632372975
298,14,0.009260878898203373
298,15,0.00268006045371294
298,16,0.0014319727197289467
298,17,0.004050146322697401
298,18,0.010817810893058777
299,0,0.004580999258905649
299,1,0.011643756181001663
299,2,0.011259829625487328
299,3,0.005214725621044636
299,4,0.0032389929983764887
299,5,0.001384056988172233
299,6,0.028665730729699135
299,7,0.01873631775379181
299,8,0.005560214165598154
299,9,0.018384594470262527
299,10,0.05385274440050125
299,11,0.004210348706692457
299,12,0.0053622182458639145
299,13,0.0014375344617292285
299,14,0.009260883554816246
299,15,0.00268006045371294
299,16,0.0014319746987894177
299,17,0.00405014818534255
299,18,0.01081781554967165
300,0,0.004580999258905649
300,1,0.011643756181001663
300,2,0.011259829625487328
300,3,0.005214725621044636
300,4,0.0032389929983764887
300,5,0.001384056988172233
300,6,0.028665730729699135
300,7,0.01873631775379181
300,8,0.005560214165598154
300,9,0.018384594470262527
300,10,0.05385274440050125
300,11,0.004210348706692457
300,12,0.0053622182458639145
300,13,0.0014375344617292285
300,14,0.009260883554816246
300,15,0.00268006045371294
300,16,0.0014319746987894177
300,17,0.00405014818534255
300,18,0.01081781554967165
301,0,0.00682577770203352
301,1,0.014596186578273773
301,2,0.021034205332398415
301,3,0.00011423780233599246
301,4,0.003516639117151499
301,5,0.03115951642394066
301,6,0.03714689612388611
301,7,0.043335430324077606
301,8,0.03711523115634918
301,9,0.012510759755969048
301,10,0.5320042967796326
301,11,0.0031076399609446526
301,12,0.008017157204449177
301,13,0.00011270694812992588
301,14,0.0012734176125377417
301,15,0.009202864021062851
301,16,0.0012809017207473516
301,17,0.0038492190651595592
301,18,0.11903658509254456
303,0,0.004580999258905649
303,1,0.011643756181001663
303,2,0.011259829625487328
303,3,0.005214725621044636
303,4,0.0032389929983764887
303,5,0.001384056988172233
303,6,0.028665730729699135
303,7,0.01873631775379181
303,8,0.005560214165598154
303,9,0.018384594470262527
303,10,0.05385274440050125
303,11,0.004210348706692457
303,12,0.0053622182458639145
303,13,0.0014375344617292285
303,14,0.009260883554816246
303,15,0.00268006045371294
303,16,0.0014319746987894177
303,17,0.00405014818534255
303,18,0.01081781554967165
304,0,0.0
304,1,0.0
304,2,0.0
304,3,0.0
304,4,0.0
304,5,0.0
304,6,0.0
304,7,0.0
304,8,0.0
304,9,0.0
304,10,0.0
304,11,0.0
304,12,0.0
304,13,0.0
304,14,0.0
304,15,0.0
304,16,0.0
304,17,0.0
304,18,0.0
307,0,0.10882553458213806
307,1,0.07999246567487717
307,2,0.12182970345020294
307,3,0.0370572991669178
307,4,0.11424127221107483
307,5,0.0498436763882637
307,6,0.21228359639644623
307,7,0.2138153314590454
307,8,0.1890159696340561
307,9,0.2001958191394806
307,10,0.31761276721954346
307,11,0.19070634245872498
307,12,0.06614816933870316
307,13,0.04508139193058014
307,14,0.11813214421272278
307,15,0.058601416647434235
307,16,0.02604324370622635
307,17,0.07081902772188187
307,18,0.06387116014957428
308,0,0.04941057413816452
308,1,0.29200226068496704
308,2,0.1921786516904831
308,3,0.01892576925456524
308,4,0.10901514440774918
308,5,0.02790585160255432
308,6,0.40223804116249084
308,7,0.18174447119235992
308,8,0.055321741849184036
308,9,0.18464794754981995
308,10,0.2472323775291443
308,11,0.029461001977324486
308,12,0.10877597332000732
308,13,0.02217753417789936
308,14,0.05876157805323601
308,15,0.13393555581569672
308,16,0.014825253747403622
308,17,0.02942904271185398
308,18,0.04273849353194237
311,0,0.03403503820300102
311,1,0.15825273096561432
311,2,0.1490783989429474
311,3,0.012461577542126179
311,4,0.12414772808551788
311,5,0.029035380110144615
311,6,0.032728906720876694
311,7,0.03463694453239441
311,8,0.13412247598171234
311,9,0.06381692737340927
311,10,0.19259430468082428
311,11,0.021223369985818863
311,12,0.06245609000325203
311,13,0.07210756093263626
311,14,0.09060176461935043
311,15,0.03680145740509033
311,16,0.030465861782431602
311,17,0.02699483558535576
311,18,0.11025150865316391
312,0,0.004580999258905649
312,1,0.011643756181001663
312,2,0.011259829625487328
312,3,0.005214725621044636
312,4,0.0032389929983764887
312,5,0.001384056988172233
312,6,0.028665730729699135
312,7,0.01873631775379181
312,8,0.005560214165598154
312,9,0.018384594470262527
312,10,0.05385274440050125
312,11,0.004210348706692457
312,12,0.0053622182458639145
312,13,0.0014375344617292285
312,14,0.009260883554816246
312,15,0.00268006045371294
312,16,0.0014319746987894177
312,17,0.00405014818534255
312,18,0.01081781554967165
316,0,0.004580999258905649
316,1,0.011643756181001663
316,2,0.011259829625487328
316,3,0.005214725621044636
316,4,0.0032389929983764887
316,5,0.001384056988172233
316,6,0.028665730729699135
316,7,0.01873631775379181
316,8,0.005560214165598154
316,9,0.018384594470262527
316,10,0.05385274440050125
316,11,0.004210348706692457
316,12,0.0053622182458639145
316,13,0.0014375344617292285
316,14,0.009260883554816246
316,15,0.00268006045371294
316,16,0.0014319746987894177
316,17,0.00405014818534255
316,18,0.01081781554967165
317,0,0.07113178819417953
317,1,0.07643871754407883
317,2,0.17599070072174072
317,3,0.03749474883079529
317,4,0.11258730292320251
317,5,0.14821264147758484
317,6,0.2617926299571991
317,7,0.17148932814598083
317,8,0.2555271089076996
317,9,0.10354127734899521
317,10,0.6213797926902771
317,11,0.11497446149587631
317,12,0.11669676005840302
317,13,0.023000676184892654
317,14,0.12102216482162476
317,15,0.06875121593475342
317,16,0.07516071200370789
317,17,0.10165717452764511
317,18,0.1928454339504242
318,0,0.008084891363978386
318,1,0.011962957680225372
318,2,0.12940140068531036
318,3,0.00028996364562772214
318,4,0.08212967216968536
318,5,0.0009101831237785518
318,6,0.2009114772081375
318,7,0.008229576051235199
318,8,0.05242522060871124
318,9,0.4140247404575348
318,10,0.9686546325683594
318,11,0.0004475322784855962
318,12,0.006663480773568153
318,13,0.0003591998538468033
318,14,0.0010293300729244947
318,15,0.003303574165329337
318,16,0.0005187480128370225
318,17,0.0008926066802814603
318,18,0.0014862538082525134
319,0,0.004580999258905649
319,1,0.011643756181001663
319,2,0.011259829625487328
319,3,0.005214725621044636
319,4,0.0032389929983764887
319,5,0.001384056988172233
319,6,0.028665730729699135
319,7,0.01873631775379181
319,8,0.005560214165598154
319,9,0.018384594470262527
319,10,0.05385274440050125
319,11,0.004210348706692457
319,12,0.0053622182458639145
319,13,0.0014375344617292285
319,14,0.009260883554816246
319,15,0.00268006045371294
319,16,0.0014319746987894177
319,17,0.00405014818534255
319,18,0.01081781554967165
320,0,0.004580999258905649
320,1,0.011643756181001663
320,2,0.011259829625487328
320,3,0.005214725621044636
320,4,0.0032389929983764887
320,5,0.001384056988172233
320,6,0.028665730729699135
320,7,0.01873631775379181
320,8,0.005560214165598154
320,9,0.018384594470262527
320,10,0.05385274440050125
320,11,0.004210348706692457
320,12,0.0053622182458639145
320,13,0.0014375344617292285
320,14,0.009260883554816246
320,15,0.00268006045371294
320,16,0.0014319746987894177
320,17,0.00405014818534255
320,18,0.01081781554967165
321,0,0.004580999258905649
321,1,0.011643756181001663
321,2,0.011259829625487328
321,3,0.005214725621044636
321,4,0.0032389929983764887
321,5,0.001384056988172233
321,6,0.028665730729699135
321,7,0.01873631775379181
321,8,0.005560214165598154
321,9,0.018384594470262527
321,10,0.05385274440050125
321,11,0.004210348706692457
321,12,0.0053622182458639145
321,13,0.0014375344617292285
321,14,0.009260883554816246
321,15,0.00268006045371294
321,16,0.0014319746987894177
321,17,0.00405014818534255
321,18,0.01081781554967165
328,0,0.004580999258905649
328,1,0.011643756181001663
328,2,0.011259829625487328
328,3,0.005214725621044636
328,4,0.0032389929983764887
328,5,0.001384056988172233
328,6,0.028665730729699135
328,7,0.01873631775379181
328,8,0.005560214165598154
328,9,0.018384594470262527
328,10,0.05385274440050125
328,11,0.004210348706692457
328,12,0.0053622182458639145
328,13,0.0014375344617292285
328,14,0.009260883554816246
328,15,0.00268006045371294
328,16,0.0014319746987894177
328,17,0.00405014818534255
328,18,0.01081781554967165
330,0,0.004580999258905649
330,1,0.011643756181001663
330,2,0.011259829625487328
330,3,0.005214725621044636
330,4,0.0032389929983764887
330,5,0.001384056988172233
330,6,0.028665730729699135
330,7,0.01873631775379181
330,8,0.005560214165598154
330,9,0.018384594470262527
330,10,0.05385274440050125
330,11,0.004210348706692457
330,12,0.0053622182458639145
330,13,0.0014375344617292285
330,14,0.009260883554816246
330,15,0.00268006045371294
330,16,0.0014319746987894177
330,17,0.00405014818534255
330,18,0.01081781554967165
331,0,0.004580999258905649
331,1,0.011643756181001663
331,2,0.011259829625487328
331,3,0.005214725621044636
331,4,0.0032389929983764887
331,5,0.001384056988172233
331,6,0.028665730729699135
331,7,0.01873631775379181
331,8,0.005560214165598154
331,9,0.018384594470262527
331,10,0.05385274440050125
331,11,0.004210348706692457
331,12,0.0053622182458639145
331,13,0.0014375344617292285
331,14,0.009260883554816246
331,15,0.00268006045371294
331,16,0.0014319746987894177
331,17,0.00405014818534255
331,18,0.01081781554967165
335,0,0.004580999258905649
335,1,0.011643756181001663
335,2,0.011259829625487328
335,3,0.005214725621044636
335,4,0.0032389929983764887
335,5,0.001384056988172233
335,6,0.028665730729699135
335,7,0.01873631775379181
335,8,0.005560214165598154
335,9,0.018384594470262527
335,10,0.05385274440050125
335,11,0.004210348706692457
335,12,0.0053622182458639145
335,13,0.0014375344617292285
335,14,0.009260883554816246
335,15,0.00268006045371294
335,16,0.0014319746987894177
335,17,0.00405014818534255
335,18,0.01081781554967165
337,0,0.004580999258905649
337,1,0.011643756181001663
337,2,0.011259829625487328
337,3,0.005214725621044636
337,4,0.0032389929983764887
337,5,0.001384056988172233
337,6,0.028665730729699135
337,7,0.01873631775379181
337,8,0.005560214165598154
337,9,0.018384594470262527
337,10,0.05385274440050125
337,11,0.004210348706692457
337,12,0.0053622182458639145
337,13,0.0014375344617292285
337,14,0.009260883554816246
337,15,0.00268006045371294
337,16,0.0014319746987894177
337,17,0.00405014818534255
337,18,0.01081781554967165
338,0,0.004580999258905649
338,1,0.011643756181001663
338,2,0.011259829625487328
338,3,0.005214725621044636
338,4,0.0032389929983764887
338,5,0.001384056988172233
338,6,0.028665730729699135
338,7,0.01873631775379181
338,8,0.005560214165598154
338,9,0.018384594470262527
338,10,0.05385274440050125
338,11,0.004210348706692457
338,12,0.0053622182458639145
338,13,0.0014375344617292285
338,14,0.009260883554816246
338,15,0.00268006045371294
338,16,0.0014319746987894177
338,17,0.00405014818534255
338,18,0.01081781554967165
339,0,0.12092214077711105
339,1,0.5155997276306152
339,2,0.1362152099609375
339,3,0.041479140520095825
339,4,0.11305855959653854
339,5,0.05506620556116104
339,6,0.18440382182598114
339,7,0.2562258541584015
339,8,0.1952267587184906
339,9,0.13104994595050812
339,10,0.22866089642047882
339,11,0.20554514229297638
339,12,0.06763096153736115
339,13,0.059604447335004807
339,14,0.15519937872886658
339,15,0.13767002522945404
339,16,0.07858312129974365
339,17,0.08665157854557037
339,18,0.07319648563861847
340,0,0.015088147483766079
340,1,0.04089854285120964
340,2,0.2073989361524582
340,3,0.015541261993348598
340,4,0.07902923226356506
340,5,0.001622962998226285
340,6,0.21842528879642487
340,7,0.033105842769145966
340,8,0.03299614042043686
340,9,0.24050989747047424
340,10,0.5547981858253479
340,11,0.006035264115780592
340,12,0.057652898132801056
340,13,0.004853733349591494
340,14,0.014505290426313877
340,15,0.01853528805077076
340,16,0.0016215845244005322
340,17,0.006356269121170044
340,18,0.007119196932762861
342,0,0.02030201070010662
342,1,0.40825921297073364
342,2,0.02268427237868309
342,3,0.004163008648902178
342,4,0.02721477672457695
342,5,0.003295872826129198
342,6,0.08001193404197693
342,7,0.14989253878593445
342,8,0.022722026333212852
342,9,0.03970518708229065
342,10,0.06769508123397827
342,11,0.0083362627774477
342,12,0.020404091104865074
342,13,0.006365684326738119
342,14,0.006118064746260643
342,15,0.05399027466773987
342,16,0.0022594912443310022
342,17,0.025033919140696526
342,18,0.014680488035082817
343,0,0.004580999258905649
343,1,0.011643756181001663
343,2,0.011259829625487328
343,3,0.005214725621044636
343,4,0.0032389929983764887
343,5,0.001384056988172233
343,6,0.028665730729699135
343,7,0.01873631775379181
343,8,0.005560214165598154
343,9,0.018384594470262527
343,10,0.05385274440050125
343,11,0.004210348706692457
343,12,0.0053622182458639145
343,13,0.0014375344617292285
343,14,0.009260883554816246
343,15,0.00268006045371294
343,16,0.0014319746987894177
343,17,0.00405014818534255
343,18,0.01081781554967165
344,0,0.004580999258905649
344,1,0.011643756181001663
344,2,0.011259829625487328
344,3,0.005214725621044636
344,4,0.0032389929983764887
344,5,0.001384056988172233
344,6,0.028665730729699135
344,7,0.01873631775379181
344,8,0.005560214165598154
344,9,0.018384594470262527
344,10,0.05385274440050125
344,11,0.004210348706692457
344,12,0.0053622182458639145
344,13,0.0014375344617292285
344,14,0.009260883554816246
344,15,0.00268006045371294
344,16,0.0014319746987894177
344,17,0.00405014818534255
344,18,0.01081781554967165
345,0,0.004580999258905649
345,1,0.011643756181001663
345,2,0.011259829625487328
345,3,0.005214725621044636
345,4,0.0032389929983764887
345,5,0.001384056988172233
345,6,0.028665730729699135
345,7,0.01873631775379181
345,8,0.005560214165598154
345,9,0.018384594470262527
345,10,0.05385274440050125
345,11,0.004210348706692457
345,12,0.0053622182458639145
345,13,0.0014375344617292285
345,14,0.009260883554816246
345,15,0.00268006045371294
345,16,0.0014319746987894177
345,17,0.00405014818534255
345,18,0.01081781554967165
346,0,0.004580999258905649
346,1,0.011643756181001663
346,2,0.011259829625487328
346,3,0.005214725621044636
346,4,0.0032389929983764887
346,5,0.001384056988172233
346,6,0.028665730729699135
346,7,0.01873631775379181
346,8,0.005560214165598154
346,9,0.018384594470262527
346,10,0.05385274440050125
346,11,0.004210348706692457
346,12,0.0053622182458639145
346,13,0.0014375344617292285
346,14,0.009260883554816246
346,15,0.00268006045371294
346,16,0.0014319746987894177
346,17,0.00405014818534255
346,18,0.01081781554967165
348,0,0.01752459816634655
348,1,0.23102855682373047
348,2,0.09646176546812057
348,3,0.006117681972682476
348,4,0.02662883885204792
348,5,0.01610706001520157
348,6,0.03878366947174072
348,7,0.05184674263000488
348,8,0.044784776866436005
348,9,0.06636751443147659
348,10,0.13978347182273865
348,11,0.03488443046808243
348,12,0.006492432672530413
348,13,0.011092683300375938
348,14,0.0302908755838871
348,15,0.03425727039575577
348,16,0.004345552064478397
348,17,0.019459713250398636
348,18,0.018004702404141426
350,0,0.004580999258905649
350,1,0.011643756181001663
350,2,0.011259829625487328
350,3,0.005214725621044636
350,4,0.0032389929983764887
350,5,0.001384056988172233
350,6,0.028665730729699135
350,7,0.01873631775379181
350,8,0.005560214165598154
350,9,0.018384594470262527
350,10,0.05385274440050125
350,11,0.004210348706692457
350,12,0.0053622182458639145
350,13,0.0014375344617292285
350,14,0.009260883554816246
350,15,0.00268006045371294
350,16,0.0014319746987894177
350,17,0.00405014818534255
350,18,0.01081781554967165
352,0,0.029055120423436165
352,1,0.12033534049987793
352,2,0.04287731647491455
352,3,0.008542346768081188
352,4,0.014712002128362656
352,5,0.02524413727223873
352,6,0.13140450417995453
352,7,0.3703387975692749
352,8,0.07690376043319702
352,9,0.03694237396121025
352,10,0.12886130809783936
352,11,0.05715802311897278
352,12,0.028423752635717392
352,13,0.037785694003105164
352,14,0.01131451316177845
352,15,0.04502834007143974
352,16,0.025041043758392334
352,17,0.07579772174358368
352,18,0.07587284594774246
353,0,0.004580999258905649
353,1,0.011643745005130768
353,2,0.011259835213422775
353,3,0.005214720964431763
353,4,0.003238991368561983
353,5,0.0013840562896803021
353,6,0.02866574563086033
353,7,0.01873631402850151
353,8,0.005560214165598154
353,9,0.018384594470262527
353,10,0.053852714598178864
353,11,0.004210344981402159
353,12,0.005362215451896191
353,13,0.0014375337632372975
353,14,0.009260878898203373
353,15,0.00268006045371294
353,16,0.0014319727197289467
353,17,0.004050146322697401
353,18,0.010817810893058777
355,0,0.004580999258905649
355,1,0.011643756181001663
355,2,0.011259829625487328
355,3,0.005214725621044636
355,4,0.0032389929983764887
355,5,0.001384056988172233
355,6,0.028665730729699135
355,7,0.01873631775379181
355,8,0.005560214165598154
355,9,0.018384594470262527
355,10,0.05385274440050125
355,11,0.004210348706692457
355,12,0.0053622182458639145
355,13,0.0014375344617292285
355,14,0.009260883554816246
355,15,0.00268006045371294
355,16,0.0014319746987894177
355,17,0.00405014818534255
355,18,0.01081781554967165
356,0,0.004580999258905649
356,1,0.011643756181001663
356,2,0.011259829625487328
356,3,0.005214725621044636
356,4,0.0032389929983764887
356,5,0.001384056988172233
356,6,0.028665730729699135
356,7,0.01873631775379181
356,8,0.005560214165598154
356,9,0.018384594470262527
356,10,0.05385274440050125
356,11,0.004210348706692457
356,12,0.0053622182458639145
356,13,0.0014375344617292285
356,14,0.009260883554816246
356,15,0.00268006045371294
356,16,0.0014319746987894177
356,17,0.00405014818534255
356,18,0.01081781554967165
357,0,0.004580999258905649
357,1,0.011643756181001663
357,2,0.011259829625487328
357,3,0.005214725621044636
357,4,0.0032389929983764887
357,5,0.001384056988172233
357,6,0.028665730729699135
357,7,0.01873631775379181
357,8,0.005560214165598154
357,9,0.018384594470262527
357,10,0.05385274440050125
357,11,0.004210348706692457
357,12,0.0053622182458639145
357,13,0.0014375344617292285
357,14,0.009260883554816246
357,15,0.00268006045371294
357,16,0.0014319746987894177
357,17,0.00405014818534255
357,18,0.01081781554967165
359,0,0.010700480081140995
359,1,0.02993076667189598
359,2,0.01646053045988083
359,3,0.004294149111956358
359,4,0.010810358449816704
359,5,0.014896033331751823
359,6,0.024384355172514915
359,7,0.031702276319265366
359,8,0.01789211481809616
359,9,0.029299622401595116
359,10,0.19686724245548248
359,11,0.009878497570753098
359,12,0.011228122748434544
359,13,0.0015482811722904444
359,14,0.012718257494270802
359,15,0.012675822712481022
359,16,0.0024268608540296555
359,17,0.008759204298257828
359,18,0.2597121298313141
360,0,9.123157416156269e-14
360,1,1.4789267588355415e-09
360,2,3.275832796134637e-07
360,3,2.7051100007463406e-14
360,4,3.622482766226301e-14
360,5,1.0877898864127184e-16
360,6,1.1361542817667214e-08
360,7,8.587304587033551e-13
360,8,3.836463235984411e-08
360,9,9.898255132201328e-11
360,10,1.5405723388539627e-05
360,11,4.800529418425015e-10
360,12,3.8628558088772e-14
360,13,1.7972566794186018e-12
360,14,2.6447236223248183e-07
360,15,2.1282768367211942e-14
360,16,6.285835736738899e-15
360,17,5.908593520053199e-14
360,18,1.9244308837457202e-12
361,0,0.004580999258905649
361,1,0.011643756181001663
361,2,0.011259829625487328
361,3,0.005214725621044636
361,4,0.0032389929983764887
361,5,0.001384056988172233
361,6,0.028665730729699135
361,7,0.01873631775379181
361,8,0.005560214165598154
361,9,0.018384594470262527
361,10,0.05385274440050125
361,11,0.004210348706692457
361,12,0.0053622182458639145
361,13,0.0014375344617292285
361,14,0.009260883554816246
361,15,0.00268006045371294
361,16,0.0014319746987894177
361,17,0.00405014818534255
361,18,0.01081781554967165
366,0,0.12030874192714691
366,1,0.1985866278409958
366,2,0.04518700763583183
366,3,0.04079855605959892
366,4,0.13860268890857697
366,5,0.11083792895078659
366,6,0.12555328011512756
366,7,0.22594627737998962
366,8,0.29559120535850525
366,9,0.21278873085975647
366,10,0.3962513208389282
366,11,0.1351221799850464
366,12,0.16057127714157104
366,13,0.0396697036921978
366,14,0.06517069786787033
366,15,0.08524832129478455
366,16,0.047236789017915726
366,17,0.08567772060632706
366,18,0.2729876637458801
372,0,0.016110416501760483
372,1,0.027530070394277573
372,2,0.03730557858943939
372,3,0.008554648607969284
372,4,0.030400115996599197
372,5,0.035396233201026917
372,6,0.10518840700387955
372,7,0.20689493417739868
372,8,0.06494562327861786
372,9,0.053084950894117355
372,10,0.15375961363315582
372,11,0.013158846646547318
372,12,0.0424642488360405
372,13,0.007290909998118877
372,14,0.01520230621099472
372,15,0.04042068123817444
372,16,0.02918556146323681
372,17,0.08924684673547745
372,18,0.23431266844272614
374,0,0.004580999258905649
374,1,0.011643756181001663
374,2,0.011259829625487328
374,3,0.005214725621044636
374,4,0.0032389929983764887
374,5,0.001384056988172233
374,6,0.028665730729699135
374,7,0.01873631775379181
374,8,0.005560214165598154
374,9,0.018384594470262527
374,10,0.05385274440050125
374,11,0.004210348706692457
374,12,0.0053622182458639145
374,13,0.0014375344617292285
374,14,0.009260883554816246
374,15,0.00268006045371294
374,16,0.0014319746987894177
374,17,0.00405014818534255
374,18,0.01081781554967165
375,0,0.004580999258905649
375,1,0.011643756181001663
375,2,0.011259829625487328
375,3,0.005214725621044636
375,4,0.0032389929983764887
375,5,0.001384056988172233
375,6,0.028665730729699135
375,7,0.01873631775379181
375,8,0.005560214165598154
375,9,0.018384594470262527
375,10,0.05385274440050125
375,11,0.004210348706692457
375,12,0.0053622182458639145
375,13,0.0014375344617292285
375,14,0.009260883554816246
375,15,0.00268006045371294
375,16,0.0014319746987894177
375,17,0.00405014818534255
375,18,0.01081781554967165
376,0,0.11851342767477036
376,1,0.17584533989429474
376,2,0.15620531141757965
376,3,0.014263585209846497
376,4,0.06043417379260063
376,5,0.03774648159742355
376,6,0.19265569746494293
376,7,0.06119903177022934
376,8,0.09053891897201538
376,9,0.12368428707122803
376,10,0.526400089263916
376,11,0.0826663002371788
376,12,0.051269493997097015
376,13,0.016851216554641724
376,14,0.0990629717707634
376,15,0.036770764738321304
376,16,0.008260902017354965
376,17,0.014897669665515423
376,18,0.02614350989460945
377,0,0.0015283646062016487
377,1,0.0077109928242862225
377,2,0.006564202252775431
377,3,0.0007026747916825116
377,4,0.011286265216767788
377,5,0.0004034934681840241
377,6,0.02756405808031559
377,7,0.007613828405737877
377,8,0.12656305730342865
377,9,0.07907699793577194
377,10,0.07845741510391235
377,11,0.012042603455483913
377,12,0.0203704796731472
377,13,0.0017838174244388938
377,14,0.0044522411189973354
377,15,0.001440466963686049
377,16,0.00018563416961114854
377,17,0.0014142940053716302
377,18,0.002637466648593545
381,0,0.004580999258905649
381,1,0.011643756181001663
381,2,0.011259829625487328
381,3,0.005214725621044636
381,4,0.0032389929983764887
381,5,0.001384056988172233
381,6,0.028665730729699135
381,7,0.01873631775379181
381,8,0.005560214165598154
381,9,0.018384594470262527
381,10,0.05385274440050125
381,11,0.004210348706692457
381,12,0.0053622182458639145
381,13,0.0014375344617292285
381,14,0.009260883554816246
381,15,0.00268006045371294
381,16,0.0014319746987894177
381,17,0.00405014818534255
381,18,0.01081781554967165
382,0,0.004580999258905649
382,1,0.011643756181001663
382,2,0.011259829625487328
382,3,0.005214725621044636
382,4,0.0032389929983764887
382,5,0.001384056988172233
382,6,0.028665730729699135
382,7,0.01873631775379181
382,8,0.005560214165598154
382,9,0.018384594470262527
382,10,0.05385274440050125
382,11,0.004210348706692457
382,12,0.0053622182458639145
382,13,0.0014375344617292285
382,14,0.009260883554816246
382,15,0.00268006045371294
382,16,0.0014319746987894177
382,17,0.00405014818534255
382,18,0.01081781554967165
383,0,0.004580999258905649
383,1,0.011643756181001663
383,2,0.011259829625487328
383,3,0.005214725621044636
383,4,0.0032389929983764887
383,5,0.001384056988172233
383,6,0.028665730729699135
383,7,0.01873631775379181
383,8,0.005560214165598154
383,9,0.018384594470262527
383,10,0.05385274440050125
383,11,0.004210348706692457
383,12,0.0053622182458639145
383,13,0.0014375344617292285
383,14,0.009260883554816246
383,15,0.00268006045371294
383,16,0.0014319746987894177
383,17,0.00405014818534255
383,18,0.01081781554967165
384,0,0.004580999258905649
384,1,0.011643756181001663
384,2,0.011259829625487328
384,3,0.005214725621044636
384,4,0.0032389929983764887
384,5,0.001384056988172233
384,6,0.028665730729699135
384,7,0.01873631775379181
384,8,0.005560214165598154
384,9,0.018384594470262527
384,10,0.05385274440050125
384,11,0.004210348706692457
384,12,0.0053622182458639145
384,13,0.0014375344617292285
384,14,0.009260883554816246
384,15,0.00268006045371294
384,16,0.0014319746987894177
384,17,0.00405014818534255
384,18,0.01081781554967165
386,0,0.004580999258905649
386,1,0.011643756181001663
386,2,0.011259829625487328
386,3,0.005214725621044636
386,4,0.0032389929983764887
386,5,0.001384056988172233
386,6,0.028665730729699135
386,7,0.01873631775379181
386,8,0.005560214165598154
386,9,0.018384594470262527
386,10,0.05385274440050125
386,11,0.004210348706692457
386,12,0.0053622182458639145
386,13,0.0014375344617292285
386,14,0.009260883554816246
386,15,0.00268006045371294
386,16,0.0014319746987894177
386,17,0.00405014818534255
386,18,0.01081781554967165
388,0,0.004580999258905649
388,1,0.011643756181001663
388,2,0.011259829625487328
388,3,0.005214725621044636
388,4,0.0032389929983764887
388,5,0.001384056988172233
388,6,0.028665730729699135
388,7,0.01873631775379181
388,8,0.005560214165598154
388,9,0.018384594470262527
388,10,0.05385274440050125
388,11,0.004210348706692457
388,12,0.0053622182458639145
388,13,0.0014375344617292285
388,14,0.009260883554816246
388,15,0.00268006045371294
388,16,0.0014319746987894177
388,17,0.00405014818534255
388,18,0.01081781554967165
391,0,0.03237340599298477
391,1,0.06379570066928864
391,2,0.08915797621011734
391,3,0.008030250668525696
391,4,0.058353494852781296
391,5,0.02166925184428692
391,6,0.09978386014699936
391,7,0.10064910352230072
391,8,0.05566022917628288
391,9,0.16978797316551208
391,10,0.3507469892501831
391,11,0.025299986824393272
391,12,0.025604374706745148
391,13,0.004802955314517021
391,14,0.02535858377814293
391,15,0.06557348370552063
391,16,0.014385383576154709
391,17,0.021848164498806
391,18,0.09250097721815109
392,0,0.1924060434103012
392,1,0.5032393932342529
392,2,0.10706233978271484
392,3,0.06326127797365189
392,4,0.2305927723646164
392,5,0.06109405308961868
392,6,0.2593269348144531
392,7,0.3762875199317932
392,8,0.12063882499933243
392,9,0.3055831491947174
392,10,0.2984718978404999
392,11,0.10263671725988388
392,12,0.2532155215740204
392,13,0.04135275259613991
392,14,0.07350515574216843
392,15,0.27160215377807617
392,16,0.052076492458581924
392,17,0.10195983946323395
392,18,0.10728341341018677
393,0,0.007345200981944799
393,1,0.5331023931503296
393,2,0.017203912138938904
393,3,4.2613833102223e-06
393,4,0.0031827830243855715
393,5,0.00022154011821839958
393,6,0.003135167993605137
393,7,0.10082423686981201
393,8,0.0012366805458441377
393,9,0.01663590967655182
393,10,0.008044629357755184
393,11,0.0014147042529657483
393,12,0.00500882975757122
393,13,8.318482286995277e-06
393,14,0.00032790208933874965
393,15,0.004489853046834469
393,16,9.295791096519679e-05
393,17,0.0013533385936170816
393,18,0.0013702026335522532
394,0,0.017676567658782005
394,1,0.834801435470581
394,2,0.018285633996129036
394,3,0.021106263622641563
394,4,0.030613074079155922
394,5,0.005535115022212267
394,6,0.036528103053569794
394,7,0.05649664252996445
394,8,0.035195592790842056
394,9,0.0626683309674263
394,10,0.11156515777111053
394,11,0.031281668692827225
394,12,0.1598600447177887
394,13,0.021929750218987465
394,14,0.03538568690419197
394,15,0.03459439054131508
394,16,0.0022012959234416485
394,17,0.019645262509584427
394,18,0.015473728068172932
396,0,0.004580999258905649
396,1,0.011643756181001663
396,2,0.011259829625487328
396,3,0.005214725621044636
396,4,0.0032389929983764887
396,5,0.001384056988172233
396,6,0.028665730729699135
396,7,0.01873631775379181
396,8,0.005560214165598154
396,9,0.018384594470262527
396,10,0.05385274440050125
396,11,0.004210348706692457
396,12,0.0053622182458639145
396,13,0.0014375344617292285
396,14,0.009260883554816246
396,15,0.00268006045371294
396,16,0.0014319746987894177
396,17,0.00405014818534255
396,18,0.01081781554967165
397,0,0.004580999258905649
397,1,0.011643756181001663
397,2,0.011259829625487328
397,3,0.005214725621044636
397,4,0.0032389929983764887
397,5,0.001384056988172233
397,6,0.028665730729699135
397,7,0.01873631775379181
397,8,0.005560214165598154
397,9,0.018384594470262527
397,10,0.05385274440050125
397,11,0.004210348706692457
397,12,0.0053622182458639145
397,13,0.0014375344617292285
397,14,0.009260883554816246
397,15,0.00268006045371294
397,16,0.0014319746987894177
397,17,0.00405014818534255
397,18,0.01081781554967165
399,0,0.004580999258905649
399,1,0.011643756181001663
399,2,0.011259829625487328
399,3,0.005214725621044636
399,4,0.0032389929983764887
399,5,0.001384056988172233
399,6,0.028665730729699135
399,7,0.01873631775379181
399,8,0.005560214165598154
399,9,0.018384594470262527
399,10,0.05385274440050125
399,11,0.004210348706692457
399,12,0.0053622182458639145
399,13,0.0014375344617292285
399,14,0.009260883554816246
399,15,0.00268006045371294
399,16,0.0014319746987894177
399,17,0.00405014818534255
399,18,0.01081781554967165
400,0,0.15375423431396484
400,1,0.22502544522285461
400,2,0.07612922787666321
400,3,0.0020636310800909996
400,4,0.006458390038460493
400,5,0.002908943220973015
400,6,0.026308516040444374
400,7,0.0411682091653347
400,8,0.012559972703456879
400,9,0.13601963222026825
400,10,0.8301708698272705
400,11,0.10586904734373093
400,12,0.005678111221641302
400,13,0.003528719302266836
400,14,0.01103211846202612
400,15,0.007983201183378696
400,16,0.0009864761959761381
400,17,0.0046241264790296555
400,18,0.00800863653421402
402,0,0.004580999258905649
402,1,0.011643756181001663
402,2,0.011259829625487328
402,3,0.005214725621044636
402,4,0.0032389929983764887
402,5,0.001384056988172233
402,6,0.028665730729699135
402,7,0.01873631775379181
402,8,0.005560214165598154
402,9,0.018384594470262527
402,10,0.05385274440050125
402,11,0.004210348706692457
402,12,0.0053622182458639145
402,13,0.0014375344617292285
402,14,0.009260883554816246
402,15,0.00268006045371294
402,16,0.0014319746987894177
402,17,0.00405014818534255
402,18,0.01081781554967165
405,0,0.004580999258905649
405,1,0.011643756181001663
405,2,0.011259829625487328
405,3,0.005214725621044636
405,4,0.0032389929983764887
405,5,0.001384056988172233
405,6,0.028665730729699135
405,7,0.01873631775379181
405,8,0.005560214165598154
405,9,0.018384594470262527
405,10,0.05385274440050125
405,11,0.004210348706692457
405,12,0.0053622182458639145
405,13,0.0014375344617292285
405,14,0.009260883554816246
405,15,0.00268006045371294
405,16,0.0014319746987894177
405,17,0.00405014818534255
405,18,0.01081781554967165
406,0,0.004580999258905649
406,1,0.011643756181001663
406,2,0.011259829625487328
406,3,0.005214725621044636
406,4,0.0032389929983764887
406,5,0.001384056988172233
406,6,0.028665730729699135
406,7,0.01873631775379181
406,8,0.005560214165598154
406,9,0.018384594470262527
406,10,0.05385274440050125
406,11,0.004210348706692457
406,12,0.0053622182458639145
406,13,0.0014375344617292285
406,14,0.009260883554816246
406,15,0.00268006045371294
406,16,0.0014319746987894177
406,17,0.00405014818534255
406,18,0.01081781554967165
418,0,0.016991041600704193
418,1,0.20053359866142273
418,2,0.03592168167233467
418,3,0.020722471177577972
418,4,0.02553403563797474
418,5,0.012326082214713097
418,6,0.10165265202522278
418,7,0.041148215532302856
418,8,0.045273393392562866
418,9,0.06588638573884964
418,10,0.4521849453449249
418,11,0.011801975779235363
418,12,0.07312473654747009
418,13,0.004056267440319061
418,14,0.019940370693802834
418,15,0.018421415239572525
418,16,0.0021780035458505154
418,17,0.007553701754659414
418,18,0.01741979643702507
420,0,0.004580999258905649
420,1,0.011643745005130768
420,2,0.011259835213422775
420,3,0.005214720964431763
420,4,0.003238991368561983
420,5,0.0013840562896803021
420,6,0.02866574563086033
420,7,0.01873631402850151
420,8,0.005560214165598154
420,9,0.018384594470262527
420,10,0.053852714598178864
420,11,0.004210344981402159
420,12,0.005362215451896191
420,13,0.0014375337632372975
420,14,0.009260878898203373
420,15,0.00268006045371294
420,16,0.0014319727197289467
420,17,0.004050146322697401
420,18,0.010817810893058777
427,0,0.004580999258905649
427,1,0.011643745005130768
427,2,0.011259835213422775
427,3,0.005214720964431763
427,4,0.003238991368561983
427,5,0.0013840562896803021
427,6,0.02866574563086033
427,7,0.01873631402850151
427,8,0.005560214165598154
427,9,0.018384594470262527
427,10,0.053852714598178864
427,11,0.004210344981402159
427,12,0.005362215451896191
427,13,0.0014375337632372975
427,14,0.009260878898203373
427,15,0.00268006045371294
427,16,0.0014319727197289467
427,17,0.004050146322697401
427,18,0.010817810893058777
429,0,0.051304955035448074
429,1,0.36497628688812256
429,2,0.10500805079936981
429,3,0.048744767904281616
429,4,0.08953344076871872
429,5,0.07384444028139114
429,6,0.3586684763431549
429,7,0.07716283202171326
429,8,0.1539423018693924
429,9,0.27840036153793335
429,10,0.4856279790401459
429,11,0.05297617241740227
429,12,0.12180227786302567
429,13,0.016260817646980286
429,14,0.05511382967233658
429,15,0.08407603204250336
429,16,0.01845517009496689
429,17,0.04524652287364006
429,18,0.06461896747350693
436,0,0.081542007625103
436,1,0.10449200123548508
436,2,0.22211188077926636
436,3,0.020202763378620148
436,4,0.12310539931058884
436,5,0.049068789929151535
436,6,0.17508873343467712
436,7,0.05582818388938904
436,8,0.543603777885437
436,9,0.11649148911237717
436,10,0.7147485613822937
436,11,0.10310656577348709
436,12,0.06656800210475922
436,13,0.09062021970748901
436,14,0.19130033254623413
436,15,0.045795902609825134
436,16,0.026474762707948685
436,17,0.024497441947460175
436,18,0.10052119940519333
442,0,0.000835113285575062
442,1,0.004553328733891249
442,2,0.012185989879071712
442,3,0.0005458194646053016
442,4,0.0025445015635341406
442,5,0.0001407302770530805
442,6,0.01085248589515686
442,7,0.014750024303793907
442,8,0.001842172583565116
442,9,0.006845320574939251
442,10,0.9267793893814087
442,11,0.0016182197723537683
442,12,0.000376339303329587
442,13,0.00012316677020862699
442,14,0.002154272748157382
442,15,0.000309487251797691
442,16,3.785356966545805e-05
442,17,0.0005688962410204113
442,18,0.004650706425309181
445,0,0.004580999258905649
445,1,0.011643756181001663
445,2,0.011259829625487328
445,3,0.005214725621044636
445,4,0.0032389929983764887
445,5,0.001384056988172233
445,6,0.028665730729699135
445,7,0.01873631775379181
445,8,0.005560214165598154
445,9,0.018384594470262527
445,10,0.05385274440050125
445,11,0.004210348706692457
445,12,0.0053622182458639145
445,13,0.0014375344617292285
445,14,0.009260883554816246
445,15,0.00268006045371294
445,16,0.0014319746987894177
445,17,0.00405014818534255
445,18,0.01081781554967165
447,0,0.004580999258905649
447,1,0.011643756181001663
447,2,0.011259829625487328
447,3,0.005214725621044636
447,4,0.0032389929983764887
447,5,0.001384056988172233
447,6,0.028665730729699135
447,7,0.01873631775379181
447,8,0.005560214165598154
447,9,0.018384594470262527
447,10,0.05385274440050125
447,11,0.004210348706692457
447,12,0.0053622182458639145
447,13,0.0014375344617292285
447,14,0.009260883554816246
447,15,0.00268006045371294
447,16,0.0014319746987894177
447,17,0.00405014818534255
447,18,0.01081781554967165
449,0,0.13129059970378876
449,1,0.17118580639362335
449,2,0.08038219064474106
449,3,0.0014395524049177766
449,4,0.009609165601432323
449,5,0.007582679390907288
449,6,0.03037642501294613
449,7,0.039543118327856064
449,8,0.02403993345797062
449,9,0.028069624677300453
449,10,0.10141544789075851
449,11,0.05708738788962364
449,12,0.008475319482386112
449,13,0.008693945594131947
449,14,0.0297657810151577
449,15,0.010927025228738785
449,16,0.0024263127706944942
449,17,0.005341475363820791
449,18,0.01547218021005392
452,0,0.047836992889642715
452,1,0.09155111759901047
452,2,0.09795097261667252
452,3,0.030578402802348137
452,4,0.06663648784160614
452,5,0.043050944805145264
452,6,0.30525171756744385
452,7,0.10956047475337982
452,8,0.18937397003173828
452,9,0.35307931900024414
452,10,0.41902974247932434
452,11,0.054573796689510345
452,12,0.15529532730579376
452,13,0.015706967562437057
452,14,0.040375057607889175
452,15,0.07499206811189651
452,16,0.029059499502182007
452,17,0.034480202943086624
452,18,0.04536062479019165
453,0,0.00040018168510869145
453,1,0.0012978296726942062
453,2,0.0039101759903132915
453,3,0.00010281944560119882
453,4,0.00023982059792615473
453,5,0.00019489749683998525
453,6,0.009095770306885242
453,7,0.0016564003890380263
453,8,0.002440248616039753
453,9,0.006704631261527538
453,10,0.013387637212872505
453,11,0.000163464414072223
453,12,0.001060958718881011
453,13,5.438211519503966e-05
453,14,0.0010865838266909122
453,15,0.00022794329561293125
453,16,0.00010432329145260155
453,17,0.0002951627247966826
453,18,0.0011234525591135025
455,0,8.575729015802835e-10
455,1,0.020334819331765175
455,2,1.2065854207321536e-05
455,3,2.9465603134520846e-12
455,4,1.0327515553854028e-07
455,5,4.0397549129662924e-13
455,6,0.0010146439308300614
455,7,3.009729653058457e-06
455,8,1.869632271223054e-08
455,9,1.23308723232185e-06
455,10,0.00014293838466983289
455,11,5.40228035916801e-11
455,12,2.920331326095038e-06
455,13,4.391218985655421e-11
455,14,2.4495956374437355e-09
455,15,1.9527266204022453e-07
455,16,3.5864442248260617e-14
455,17,6.179348699397735e-11
455,18,1.7040826527647823e-09
456,0,0.004580999258905649
456,1,0.011643756181001663
456,2,0.011259829625487328
456,3,0.005214725621044636
456,4,0.0032389929983764887
456,5,0.001384056988172233
456,6,0.028665730729699135
456,7,0.01873631775379181
456,8,0.005560214165598154
456,9,0.018384594470262527
456,10,0.05385274440050125
456,11,0.004210348706692457
456,12,0.0053622182458639145
456,13,0.0014375344617292285
456,14,0.009260883554816246
456,15,0.00268006045371294
456,16,0.0014319746987894177
456,17,0.00405014818534255
456,18,0.01081781554967165
461,0,0.119955874979496
461,1,0.22677846252918243
461,2,0.2619517743587494
461,3,0.046070646494627
461,4,0.11594800651073456
461,5,0.20994660258293152
461,6,0.2603459358215332
461,7,0.17691625654697418
461,8,0.1293068677186966
461,9,0.11056863516569138
461,10,0.6072577238082886
461,11,0.10562383383512497
461,12,0.1733636111021042
461,13,0.06518930941820145
461,14,0.10829003155231476
461,15,0.09494321048259735
461,16,0.11266244202852249
461,17,0.15809768438339233
461,18,0.25388380885124207
463,0,0.004580999258905649
463,1,0.011643756181001663
463,2,0.011259829625487328
463,3,0.005214725621044636
463,4,0.0032389929983764887
463,5,0.001384056988172233
463,6,0.028665730729699135
463,7,0.01873631775379181
463,8,0.005560214165598154
463,9,0.018384594470262527
463,10,0.05385274440050125
463,11,0.004210348706692457
463,12,0.0053622182458639145
463,13,0.0014375344617292285
463,14,0.009260883554816246
463,15,0.00268006045371294
463,16,0.0014319746987894177
463,17,0.00405014818534255
463,18,0.01081781554967165
465,0,0.002025530906394124
465,1,0.016358856111764908
465,2,0.03442296385765076
465,3,0.0016064108349382877
465,4,0.03691188618540764
465,5,0.0013360833982005715
465,6,0.11834980547428131
465,7,0.019960878416895866
465,8,0.2441013604402542
465,9,0.06685081124305725
465,10,0.4951775372028351
465,11,0.0007122087990865111
465,12,0.017358582466840744
465,13,0.008008379489183426
465,14,0.0011836816556751728
465,15,0.008073022589087486
465,16,0.0020480819512158632
465,17,0.007686563767492771
465,18,0.0005591411609202623
469,0,0.004580999258905649
469,1,0.011643756181001663
469,2,0.011259829625487328
469,3,0.005214725621044636
469,4,0.0032389929983764887
469,5,0.001384056988172233
469,6,0.028665730729699135
469,7,0.01873631775379181
469,8,0.005560214165598154
469,9,0.018384594470262527
469,10,0.05385274440050125
469,11,0.004210348706692457
469,12,0.0053622182458639145
469,13,0.0014375344617292285
469,14,0.009260883554816246
469,15,0.00268006045371294
469,16,0.0014319746987894177
469,17,0.00405014818534255
469,18,0.01081781554967165
470,0,0.09367311745882034
470,1,0.25131016969680786
470,2,0.3246423900127411
470,3,0.05129539221525192
470,4,0.12137140333652496
470,5,0.03785692900419235
470,6,0.20794445276260376
470,7,0.12333040684461594
470,8,0.18470048904418945
470,9,0.1934577375650406
470,10,0.4179393947124481
470,11,0.06236696615815163
470,12,0.11777878552675247
470,13,0.07846178859472275
470,14,0.09159011393785477
470,15,0.06703896820545197
470,16,0.04153544828295708
470,17,0.08271453529596329
470,18,0.08908990770578384
471,0,0.09481120109558105
471,1,0.1916525661945343
471,2,0.2736242413520813
471,3,0.05361570045351982
471,4,0.22263234853744507
471,5,0.06634654849767685
471,6,0.16350850462913513
471,7,0.046521276235580444
471,8,0.4588378667831421
471,9,0.18164844810962677
471,10,0.7184227705001831
471,11,0.12746720016002655
471,12,0.13343024253845215
471,13,0.0912979245185852
471,14,0.23250530660152435
471,15,0.03754710033535957
471,16,0.036376263946294785
471,17,0.04182443395256996
471,18,0.05911842733621597
472,0,0.0049248067662119865
472,1,0.2969932556152344
472,2,0.02845050022006035
472,3,0.006211100146174431
472,4,0.017552979290485382
472,5,0.0050865658558905125
472,6,0.09522239863872528
472,7,0.008824615739285946
472,8,0.030137265101075172
472,9,0.12138926982879639
472,10,0.6729567050933838
472,11,0.00943370908498764
472,12,0.03601337969303131
472,13,0.0005348753766156733
472,14,0.02076234482228756
472,15,0.002993382513523102
472,16,0.0004140799574088305
472,17,0.002213944448158145
472,18,0.0022237380035221577
473,0,0.004580999258905649
473,1,0.011643756181001663
473,2,0.011259829625487328
473,3,0.005214725621044636
473,4,0.0032389929983764887
473,5,0.001384056988172233
473,6,0.028665730729699135
473,7,0.01873631775379181
473,8,0.005560214165598154
473,9,0.018384594470262527
473,10,0.05385274440050125
473,11,0.004210348706692457
473,12,0.0053622182458639145
473,13,0.0014375344617292285
473,14,0.009260883554816246
473,15,0.00268006045371294
473,16,0.0014319746987894177
473,17,0.00405014818534255
473,18,0.01081781554967165
476,0,0.0002252468402730301
476,1,0.3009335398674011
476,2,0.007142582908272743
476,3,0.00035472726449370384
476,4,0.004408032633364201
476,5,0.001363997464068234
476,6,0.003366076387465
476,7,0.00014191734953783453
476,8,0.3896123766899109
476,9,0.011129258200526237
476,10,0.29669201374053955
476,11,0.008020839653909206
476,12,0.19629772007465363
476,13,0.00545742129907012
476,14,0.03700047358870506
476,15,0.00013694319932255894
476,16,0.0006640792707912624
476,17,0.000476857356261462
476,18,0.0019375539850443602
477,0,0.004580999258905649
477,1,0.011643756181001663
477,2,0.011259829625487328
477,3,0.005214725621044636
477,4,0.0032389929983764887
477,5,0.001384056988172233
477,6,0.028665730729699135
477,7,0.01873631775379181
477,8,0.005560214165598154
477,9,0.018384594470262527
477,10,0.05385274440050125
477,11,0.004210348706692457
477,12,0.0053622182458639145
477,13,0.0014375344617292285
477,14,0.009260883554816246
477,15,0.00268006045371294
477,16,0.0014319746987894177
477,17,0.00405014818534255
477,18,0.01081781554967165
478,0,0.004580999258905649
478,1,0.011643756181001663
478,2,0.011259829625487328
478,3,0.005214725621044636
478,4,0.0032389929983764887
478,5,0.001384056988172233
478,6,0.028665730729699135
478,7,0.01873631775379181
478,8,0.005560214165598154
478,9,0.018384594470262527
478,10,0.05385274440050125
478,11,0.004210348706692457
478,12,0.0053622182458639145
478,13,0.0014375344617292285
478,14,0.009260883554816246
478,15,0.00268006045371294
478,16,0.0014319746987894177
478,17,0.00405014818534255
478,18,0.01081781554967165
479,0,0.004580999258905649
479,1,0.011643756181001663
479,2,0.011259829625487328
479,3,0.005214725621044636
479,4,0.0032389929983764887
479,5,0.001384056988172233
479,6,0.028665730729699135
479,7,0.01873631775379181
479,8,0.005560214165598154
479,9,0.018384594470262527
479,10,0.05385274440050125
479,11,0.004210348706692457
479,12,0.0053622182458639145
479,13,0.0014375344617292285
479,14,0.009260883554816246
479,15,0.00268006045371294
479,16,0.0014319746987894177
479,17,0.00405014818534255
479,18,0.01081781554967165
482,0,0.021550673991441727
482,1,0.07520963251590729
482,2,0.03616071492433548
482,3,0.008003371767699718
482,4,0.056344643235206604
482,5,0.011879025027155876
482,6,0.1159215122461319
482,7,0.11510053277015686
482,8,0.07897866517305374
482,9,0.04873952642083168
482,10,0.23595364391803741
482,11,0.01483445055782795
482,12,0.08807796984910965
482,13,0.009905735030770302
482,14,0.021473776549100876
482,15,0.04402010887861252
482,16,0.014601852744817734
482,17,0.02989794872701168
482,18,0.23602332174777985
486,0,6.562327570236448e-08
486,1,0.0004664966545533389
486,2,0.0004987212014384568
486,3,3.742346876833835e-09
486,4,5.8700043155113235e-05
486,5,1.664813993329517e-07
486,6,0.09425897151231766
486,7,6.008477066643536e-05
486,8,0.016487624496221542
486,9,0.05405166745185852
486,10,0.4928169548511505
486,11,4.2807656086552015e-07
486,12,7.437373278662562e-05
486,13,6.358570203701674e-08
486,14,6.018452154421539e-07
486,15,2.2420626919483766e-06
486,16,2.1335549149625876e-07
486,17,8.047556434576109e-07
486,18,3.1628215424461814e-07
487,0,0.04297284781932831
487,1,0.6436876058578491
487,2,0.024303732439875603
487,3,0.013417557813227177
487,4,0.022308196872472763
487,5,0.029925012961030006
487,6,0.012775679118931293
487,7,0.10242398828268051
487,8,0.10479513555765152
487,9,0.03650502488017082
487,10,0.33656689524650574
487,11,0.4230440855026245
487,12,0.13731786608695984
487,13,0.017374122515320778
487,14,0.1087711751461029
487,15,0.006541861221194267
487,16,0.008951036259531975
487,17,0.011417349800467491
487,18,0.041744664311409
491,0,0.021861279383301735
491,1,0.0882151648402214
491,2,0.14890837669372559
491,3,0.0031217203941196203
491,4,0.034974969923496246
491,5,0.04677469655871391
491,6,0.08906476944684982
491,7,0.01639898680150509
491,8,0.08212310820817947
491,9,0.07161395251750946
491,10,0.3954596519470215
491,11,0.0363251157104969
491,12,0.01677183248102665
491,13,0.03575704246759415
491,14,0.05799762159585953
491,15,0.005726572126150131
491,16,0.022847818210721016
491,17,0.008358141407370567
491,18,0.04181459918618202
492,0,0.004580999258905649
492,1,0.011643756181001663
492,2,0.011259829625487328
492,3,0.005214725621044636
492,4,0.0032389929983764887
492,5,0.001384056988172233
492,6,0.028665730729699135
492,7,0.01873631775379181
492,8,0.005560214165598154
492,9,0.018384594470262527
492,10,0.05385274440050125
492,11,0.004210348706692457
492,12,0.0053622182458639145
492,13,0.0014375344617292285
492,14,0.009260883554816246
492,15,0.00268006045371294
492,16,0.0014319746987894177
492,17,0.00405014818534255
492,18,0.01081781554967165
496,0,0.0019221315160393715
496,1,0.029536103829741478
496,2,0.006171208340674639
496,3,0.0002101079298881814
496,4,0.002300990978255868
496,5,0.01956852898001671
496,6,0.0767815113067627
496,7,0.00944988802075386
496,8,0.01208058837801218
496,9,0.02505507506430149
496,10,0.1113969013094902
496,11,0.0006726777646690607
496,12,0.13433946669101715
496,13,0.00027251732535660267
496,14,0.0025604022666811943
496,15,0.005610374268144369
496,16,0.0016080628847703338
496,17,0.0025407327339053154
496,18,0.01579415053129196
497,0,0.22190475463867188
497,1,0.2467273473739624
497,2,0.27942487597465515
497,3,0.04194629192352295
497,4,0.17112867534160614
497,5,0.09663209319114685
497,6,0.2975738048553467
497,7,0.13950170576572418
497,8,0.18813784420490265
497,9,0.21123281121253967
497,10,0.7396984100341797
497,11,0.34658345580101013
497,12,0.11219750344753265
497,13,0.07843925803899765
497,14,0.16625918447971344
497,15,0.06486037373542786
497,16,0.021581457927823067
497,17,0.044664785265922546
497,18,0.057034045457839966
499,0,0.004580999258905649
499,1,0.011643756181001663
499,2,0.011259829625487328
499,3,0.005214725621044636
499,4,0.0032389929983764887
499,5,0.001384056988172233
499,6,0.028665730729699135
499,7,0.01873631775379181
499,8,0.005560214165598154
499,9,0.018384594470262527
499,10,0.05385274440050125
499,11,0.004210348706692457
499,12,0.0053622182458639145
499,13,0.0014375344617292285
499,14,0.009260883554816246
499,15,0.00268006045371294
499,16,0.0014319746987894177
499,17,0.00405014818534255
499,18,0.01081781554967165
501,0,0.004580999258905649
501,1,0.011643745005130768
501,2,0.011259835213422775
501,3,0.005214720964431763
501,4,0.003238991368561983
501,5,0.0013840562896803021
501,6,0.02866574563086033
501,7,0.01873631402850151
501,8,0.005560214165598154
501,9,0.018384594470262527
501,10,0.053852714598178864
501,11,0.004210344981402159
501,12,0.005362215451896191
501,13,0.0014375337632372975
501,14,0.009260878898203373
501,15,0.00268006045371294
501,16,0.0014319727197289467
501,17,0.004050146322697401
501,18,0.010817810893058777
503,0,0.004580999258905649
503,1,0.011643745005130768
503,2,0.011259835213422775
503,3,0.005214720964431763
503,4,0.003238991368561983
503,5,0.0013840562896803021
503,6,0.02866574563086033
503,7,0.01873631402850151
503,8,0.005560214165598154
503,9,0.018384594470262527
503,10,0.053852714598178864
503,11,0.004210344981402159
503,12,0.005362215451896191
503,13,0.0014375337632372975
503,14,0.009260878898203373
503,15,0.00268006045371294
503,16,0.0014319727197289467
503,17,0.004050146322697401
503,18,0.010817810893058777
504,0,0.00806146115064621
504,1,0.18096360564231873
504,2,0.012732394970953465
504,3,0.00772141944617033
504,4,0.08261855691671371
504,5,0.006094981916248798
504,6,0.2453240156173706
504,7,0.1450044959783554
504,8,0.025322604924440384
504,9,0.09684210270643234
504,10,0.3248648941516876
504,11,0.007550845853984356
504,12,0.039645127952098846
504,13,0.0014683672925457358
504,14,0.008256848901510239
504,15,0.021216584369540215
504,16,0.001965288771316409
504,17,0.008889729157090187
504,18,0.009902093559503555
506,0,0.03695128485560417
506,1,0.7408503293991089
506,2,0.057362109422683716
506,3,0.027582824230194092
506,4,0.02971922978758812
506,5,0.016103433445096016
506,6,0.0776137039065361
506,7,0.04711916670203209
506,8,0.04451655596494675
506,9,0.15432097017765045
506,10,0.4246219992637634
506,11,0.06462293118238449
506,12,0.14254985749721527
506,13,0.012632285244762897
506,14,0.033107079565525055
506,15,0.03376080468297005
506,16,0.003534767311066389
506,17,0.018891124054789543
506,18,0.034841153770685196
508,0,0.07150436192750931
508,1,0.5838503837585449
508,2,0.12246444076299667
508,3,0.004616135731339455
508,4,0.04970458894968033
508,5,0.03618008643388748
508,6,0.2181742787361145
508,7,0.05982912704348564
508,8,0.06790412962436676
508,9,0.13137511909008026
508,10,0.6757584810256958
508,11,0.11084993183612823
508,12,0.16750283539295197
508,13,0.014341101050376892
508,14,0.043885309249162674
508,15,0.025967441499233246
508,16,0.005472582299262285
508,17,0.01102170255035162
508,18,0.03361457958817482
509,0,5.2270999731263146e-05
509,1,0.000802560243755579
509,2,0.0036397892981767654
509,3,3.318848757771775e-05
509,4,0.0002986264880746603
509,5,1.7013591104841908e-06
509,6,0.00036571361124515533
509,7,2.244847382826265e-05
509,8,0.0005617926944978535
509,9,0.0009961453033611178
509,10,0.0038955053314566612
509,11,2.7740770747186616e-06
509,12,1.4281266885518562e-05
509,13,4.7697933041490614e-05
509,14,0.0015504792099818587
509,15,0.000503063143696636
509,16,5.531643978429202e-07
509,17,5.850342859048396e-06
509,18,7.082570664351806e-05
510,0,0.004580999258905649
510,1,0.011643756181001663
510,2,0.011259829625487328
510,3,0.005214725621044636
510,4,0.0032389929983764887
510,5,0.001384056988172233
510,6,0.028665730729699135
510,7,0.01873631775379181
510,8,0.005560214165598154
510,9,0.018384594470262527
510,10,0.05385274440050125
510,11,0.004210348706692457
510,12,0.0053622182458639145
510,13,0.0014375344617292285
510,14,0.009260883554816246
510,15,0.00268006045371294
510,16,0.0014319746987894177
510,17,0.00405014818534255
510,18,0.01081781554967165
512,0,0.13616099953651428
512,1,0.4783206880092621
512,2,0.13795293867588043
512,3,0.010697249323129654
512,4,0.08564911037683487
512,5,0.03987135738134384
512,6,0.14020097255706787
512,7,0.10817163437604904
512,8,0.09365447610616684
512,9,0.15190963447093964
512,10,0.2673000395298004
512,11,0.0740264356136322
512,12,0.054147347807884216
512,13,0.07565571367740631
512,14,0.15391775965690613
512,15,0.12475456297397614
512,16,0.033448848873376846
512,17,0.02835952118039131
512,18,0.08960174024105072
516,0,0.0031069135293364525
516,1,0.5527312755584717
516,2,0.024809133261442184
516,3,0.00031092308927327394
516,4,0.0028940592892467976
516,5,0.001554988557472825
516,6,0.026146158576011658
516,7,0.2036282867193222
516,8,0.004061634186655283
516,9,0.07311244308948517
516,10,0.4958687722682953
516,11,0.008654419332742691
516,12,0.014266643673181534
516,13,0.0016711853677406907
516,14,0.0010823506163433194
516,15,0.027543557807803154
516,16,0.0013511164579540491
516,17,0.0075241499580442905
516,18,0.0009877108968794346
518,0,0.004580999258905649
518,1,0.011643756181001663
518,2,0.011259829625487328
518,3,0.005214725621044636
518,4,0.0032389929983764887
518,5,0.001384056988172233
518,6,0.028665730729699135
518,7,0.01873631775379181
518,8,0.005560214165598154
518,9,0.018384594470262527
518,10,0.05385274440050125
518,11,0.004210348706692457
518,12,0.0053622182458639145
518,13,0.0014375344617292285
518,14,0.009260883554816246
518,15,0.00268006045371294
518,16,0.0014319746987894177
518,17,0.00405014818534255
518,18,0.01081781554967165
520,0,0.004580999258905649
520,1,0.011643756181001663
520,2,0.011259829625487328
520,3,0.005214725621044636
520,4,0.0032389929983764887
520,5,0.001384056988172233
520,6,0.028665730729699135
520,7,0.01873631775379181
520,8,0.005560214165598154
520,9,0.018384594470262527
520,10,0.05385274440050125
520,11,0.004210348706692457
520,12,0.0053622182458639145
520,13,0.0014375344617292285
520,14,0.009260883554816246
520,15,0.00268006045371294
520,16,0.0014319746987894177
520,17,0.00405014818534255
520,18,0.01081781554967165
521,0,0.004580999258905649
521,1,0.011643756181001663
521,2,0.011259829625487328
521,3,0.005214725621044636
521,4,0.0032389929983764887
521,5,0.001384056988172233
521,6,0.028665730729699135
521,7,0.01873631775379181
521,8,0.005560214165598154
521,9,0.018384594470262527
521,10,0.05385274440050125
521,11,0.004210348706692457
521,12,0.0053622182458639145
521,13,0.0014375344617292285
521,14,0.009260883554816246
521,15,0.00268006045371294
521,16,0.0014319746987894177
521,17,0.00405014818534255
521,18,0.01081781554967165
525,0,2.526583919859604e-08
525,1,0.001060230191797018
525,2,1.7330286937067285e-05
525,3,4.375703410719467e-10
525,4,7.333172106882557e-05
525,5,2.735751403193376e-09
525,6,0.35106080770492554
525,7,0.0008235571440309286
525,8,0.0008270680555142462
525,9,0.2657013237476349
525,10,0.21147847175598145
525,11,2.248371674795635e-05
525,12,9.136329026659951e-07
525,13,1.8049235439576705e-09
525,14,2.3419538308644405e-07
525,15,0.0036513449158519506
525,16,9.72428582102225e-10
525,17,1.0995552024439803e-08
525,18,4.577296053298596e-08
526,0,0.07999970018863678
526,1,0.10917636007070541
526,2,0.1231662854552269
526,3,0.06545230001211166
526,4,0.4463113844394684
526,5,0.08206552267074585
526,6,0.5974681377410889
526,7,0.4408941864967346
526,8,0.08819646388292313
526,9,0.48370441794395447
526,10,0.644717812538147
526,11,0.069770947098732
526,12,0.1697322577238083
526,13,0.012829364277422428
526,14,0.04345268756151199
526,15,0.13478140532970428
526,16,0.023754550144076347
526,17,0.06391731649637222
526,18,0.046759091317653656
527,0,0.004580999258905649
527,1,0.011643756181001663
527,2,0.011259829625487328
527,3,0.005214725621044636
527,4,0.0032389929983764887
527,5,0.001384056988172233
527,6,0.028665730729699135
527,7,0.01873631775379181
527,8,0.005560214165598154
527,9,0.018384594470262527
527,10,0.05385274440050125
527,11,0.004210348706692457
527,12,0.0053622182458639145
527,13,0.0014375344617292285
527,14,0.009260883554816246
527,15,0.00268006045371294
527,16,0.0014319746987894177
527,17,0.00405014818534255
527,18,0.01081781554967165
532,0,0.046311505138874054
532,1,0.4386959969997406
532,2,0.0746401771903038
532,3,0.0859273374080658
532,4,0.0860007256269455
532,5,0.03712473437190056
532,6,0.07654863595962524
532,7,0.06284304708242416
532,8,0.22395335137844086
532,9,0.08496662974357605
532,10,0.21789346635341644
532,11,0.0994710922241211
532,12,0.205576553940773
532,13,0.07853610068559647
532,14,0.2467176914215088
532,15,0.0520019493997097
532,16,0.029464079067111015
532,17,0.04213817045092583
532,18,0.047777388244867325
533,0,0.007421815302222967
533,1,0.0024199686013162136
533,2,0.0002996471885126084
533,3,0.00029823186923749745
533,4,0.005252631846815348
533,5,0.00025843086768873036
533,6,0.0043008760549128056
533,7,0.026315772905945778
533,8,0.02042221464216709
533,9,0.1257951855659485
533,10,0.017225394025444984
533,11,0.005730418488383293
533,12,0.00109963514842093
533,13,9.672960914031137e-06
533,14,0.001312917796894908
533,15,0.002637669676914811
533,16,4.548957440420054e-05
533,17,0.0001575547648826614
533,18,0.0013202382251620293
534,0,5.273931957816558e-09
534,1,8.75428959261626e-05
534,2,4.45327060560885e-07
534,3,1.28570132318373e-08
534,4,5.261554179014638e-06
534,5,6.128906079538865e-06
534,6,1.5327479559346102e-05
534,7,0.00011678785813273862
534,8,1.465555851609679e-05
534,9,9.21190730878152e-05
534,10,0.0006733555346727371
534,11,1.191804557265641e-07
534,12,8.225640158343595e-06
534,13,1.258317610108861e-07
534,14,2.905269866460003e-06
534,15,2.736290525717777e-06
534,16,4.19368916482199e-05
534,17,4.569605880533345e-05
534,18,6.085562563384883e-05
536,0,0.004580999258905649
536,1,0.011643756181001663
536,2,0.011259829625487328
536,3,0.005214725621044636
536,4,0.0032389929983764887
536,5,0.001384056988172233
536,6,0.028665730729699135
536,7,0.01873631775379181
536,8,0.005560214165598154
536,9,0.018384594470262527
536,10,0.05385274440050125
536,11,0.004210348706692457
536,12,0.0053622182458639145
536,13,0.0014375344617292285
536,14,0.009260883554816246
536,15,0.00268006045371294
536,16,0.0014319746987894177
536,17,0.00405014818534255
536,18,0.01081781554967165
539,0,0.014530716463923454
539,1,0.26216641068458557
539,2,0.016736093908548355
539,3,0.0051540774293243885
539,4,0.02274341881275177
539,5,0.005916624795645475
539,6,0.024187693372368813
539,7,0.011768673546612263
539,8,0.016008779406547546
539,9,0.31911829113960266
539,10,0.604256808757782
539,11,0.013149486854672432
539,12,0.0394488088786602
539,13,0.0003259382792748511
539,14,0.01611858792603016
539,15,0.01105592306703329
539,16,0.0007355122943408787
539,17,0.002644529100507498
539,18,0.004884596914052963
541,0,0.004580999258905649
541,1,0.011643756181001663
541,2,0.011259829625487328
541,3,0.005214725621044636
541,4,0.0032389929983764887
541,5,0.001384056988172233
541,6,0.028665730729699135
541,7,0.01873631775379181
541,8,0.005560214165598154
541,9,0.018384594470262527
541,10,0.05385274440050125
541,11,0.004210348706692457
541,12,0.0053622182458639145
541,13,0.0014375344617292285
541,14,0.009260883554816246
541,15,0.00268006045371294
541,16,0.0014319746987894177
541,17,0.00405014818534255
541,18,0.01081781554967165
542,0,0.004580999258905649
542,1,0.011643756181001663
542,2,0.011259829625487328
542,3,0.005214725621044636
542,4,0.0032389929983764887
542,5,0.001384056988172233
542,6,0.028665730729699135
542,7,0.01873631775379181
542,8,0.005560214165598154
542,9,0.018384594470262527
542,10,0.05385274440050125
542,11,0.004210348706692457
542,12,0.0053622182458639145
542,13,0.0014375344617292285
542,14,0.009260883554816246
542,15,0.00268006045371294
542,16,0.0014319746987894177
542,17,0.00405014818534255
542,18,0.01081781554967165
543,0,0.004580999258905649
543,1,0.011643756181001663
543,2,0.011259829625487328
543,3,0.005214725621044636
543,4,0.0032389929983764887
543,5,0.001384056988172233
543,6,0.028665730729699135
543,7,0.01873631775379181
543,8,0.005560214165598154
543,9,0.018384594470262527
543,10,0.05385274440050125
543,11,0.004210348706692457
543,12,0.0053622182458639145
543,13,0.0014375344617292285
543,14,0.009260883554816246
543,15,0.00268006045371294
543,16,0.0014319746987894177
543,17,0.00405014818534255
543,18,0.01081781554967165
544,0,0.004580999258905649
544,1,0.011643756181001663
544,2,0.011259829625487328
544,3,0.005214725621044636
544,4,0.0032389929983764887
544,5,0.001384056988172233
544,6,0.028665730729699135
544,7,0.01873631775379181
544,8,0.005560214165598154
544,9,0.018384594470262527
544,10,0.05385274440050125
544,11,0.004210348706692457
544,12,0.0053622182458639145
544,13,0.0014375344617292285
544,14,0.009260883554816246
544,15,0.00268006045371294
544,16,0.0014319746987894177
544,17,0.00405014818534255
544,18,0.01081781554967165
546,0,0.002773572923615575
546,1,0.08878635615110397
546,2,0.07221010327339172
546,3,0.0009135902510024607
546,4,0.022989466786384583
546,5,0.00042842706898227334
546,6,0.5203895568847656
546,7,0.06978318840265274
546,8,0.02894282154738903
546,9,0.19746559858322144
546,10,0.20664894580841064
546,11,0.007753570098429918
546,12,0.014460201375186443
546,13,0.0031044583301991224
546,14,0.004848149139434099
546,15,0.13780416548252106
546,16,0.000222737857257016
546,17,0.001367852557450533
546,18,0.0035500284284353256
550,0,0.004580999258905649
550,1,0.011643756181001663
550,2,0.011259829625487328
550,3,0.005214725621044636
550,4,0.0032389929983764887
550,5,0.001384056988172233
550,6,0.028665730729699135
550,7,0.01873631775379181
550,8,0.005560214165598154
550,9,0.018384594470262527
550,10,0.05385274440050125
550,11,0.004210348706692457
550,12,0.0053622182458639145
550,13,0.0014375344617292285
550,14,0.009260883554816246
550,15,0.00268006045371294
550,16,0.0014319746987894177
550,17,0.00405014818534255
550,18,0.01081781554967165
552,0,0.0019864060450345278
552,1,0.026538707315921783
552,2,0.03904171288013458
552,3,0.0009039711439982057
552,4,0.05601181834936142
552,5,0.0013353818794712424
552,6,0.423370897769928
552,7,0.031522415578365326
552,8,0.03344814106822014
552,9,0.20742519199848175
552,10,0.46907320618629456
552,11,0.00022842411999590695
552,12,0.029981790110468864
552,13,0.001226405380293727
552,14,0.0005883285775780678
552,15,0.022598253563046455
552,16,0.00037845064071007073
552,17,0.002266386989504099
552,18,0.0007565796258859336
554,0,0.00888165831565857
554,1,0.516101598739624
554,2,0.07617317885160446
554,3,0.02178788185119629
554,4,0.04676676541566849
554,5,0.03382459282875061
554,6,0.13915957510471344
554,7,0.061361487954854965
554,8,0.22341150045394897
554,9,0.17644910514354706
554,10,0.35299578309059143
554,11,0.04088633507490158
554,12,0.10842812806367874
554,13,0.051574453711509705
554,14,0.048400286585092545
554,15,0.04730820655822754
554,16,0.035082291811704636
554,17,0.09019383788108826
554,18,0.025937043130397797
555,0,3.860937454192026e-07
555,1,0.0005908824387006462
555,2,0.00012466561747714877
555,3,1.1888322326569778e-08
555,4,1.2239928764756769e-05
555,5,8.037830525609024e-07
555,6,0.5414295196533203
555,7,0.0005185878835618496
555,8,0.0002570652577560395
555,9,0.009844476357102394
555,10,0.0033075851388275623
555,11,2.7691580726241227e-06
555,12,1.1344324093442992e-06
555,13,1.6480393583151454e-07
555,14,5.970704819446837e-07
555,15,3.180397834512405e-05
555,16,2.010721900091994e-08
555,17,1.7183208456117427e-06
555,18,1.4169640394356975e-07
556,0,0.05127880349755287
556,1,0.14441747963428497
556,2,0.08704234659671783
556,3,0.03332929685711861
556,4,0.055604953318834305
556,5,0.06822513788938522
556,6,0.17450761795043945
556,7,0.0619845986366272
556,8,0.20474936068058014
556,9,0.09501288086175919
556,10,0.32915350794792175
556,11,0.0804063230752945
556,12,0.10354123264551163
556,13,0.06531630456447601
556,14,0.11936888098716736
556,15,0.04722907766699791
556,16,0.01887003891170025
556,17,0.027477022260427475
556,18,0.0768420472741127
562,0,0.02187425270676613
562,1,0.22295033931732178
562,2,0.024148153141140938
562,3,0.009648239240050316
562,4,0.016448961570858955
562,5,0.0046636611223220825
562,6,0.08599455654621124
562,7,0.03533023223280907
562,8,0.05139109119772911
562,9,0.3271099627017975
562,10,0.23119060695171356
562,11,0.031134119257330894
562,12,0.062174927443265915
562,13,0.002179610077291727
562,14,0.02922852709889412
562,15,0.015607072971761227
562,16,0.0021636770106852055
562,17,0.013372651301324368
562,18,0.0028698728419840336
565,0,0.004580999258905649
565,1,0.011643756181001663
565,2,0.011259829625487328
565,3,0.005214725621044636
565,4,0.0032389929983764887
565,5,0.001384056988172233
565,6,0.028665730729699135
565,7,0.01873631775379181
565,8,0.005560214165598154
565,9,0.018384594470262527
565,10,0.05385274440050125
565,11,0.004210348706692457
565,12,0.0053622182458639145
565,13,0.0014375344617292285
565,14,0.009260883554816246
565,15,0.00268006045371294
565,16,0.0014319746987894177
565,17,0.00405014818534255
565,18,0.01081781554967165
567,0,0.004580999258905649
567,1,0.011643745005130768
567,2,0.011259835213422775
567,3,0.005214720964431763
567,4,0.003238991368561983
567,5,0.0013840562896803021
567,6,0.02866574563086033
567,7,0.01873631402850151
567,8,0.005560214165598154
567,9,0.018384594470262527
567,10,0.053852714598178864
567,11,0.004210344981402159
567,12,0.005362215451896191
567,13,0.0014375337632372975
567,14,0.009260878898203373
567,15,0.00268006045371294
567,16,0.0014319727197289467
567,17,0.004050146322697401
567,18,0.010817810893058777
568,0,0.19893568754196167
568,1,0.1967550367116928
568,2,0.09389479458332062
568,3,0.06374197453260422
568,4,0.1603192239999771
568,5,0.15734465420246124
568,6,0.35207611322402954
568,7,0.3536582887172699
568,8,0.21867035329341888
568,9,0.28253716230392456
568,10,0.29870328307151794
568,11,0.2256128340959549
568,12,0.07534826546907425
568,13,0.11482478678226471
568,14,0.10856309533119202
568,15,0.23571830987930298
568,16,0.07536283880472183
568,17,0.12378424406051636
568,18,0.12271030247211456
570,0,0.0026227107737213373
570,1,0.016512587666511536
570,2,0.01456109993159771
570,3,0.0005038184463046491
570,4,0.002900896593928337
570,5,0.007674385793507099
570,6,0.04808950796723366
570,7,0.013150031678378582
570,8,0.3904966115951538
570,9,0.024727441370487213
570,10,0.10136201977729797
570,11,0.011881359852850437
570,12,0.02185780182480812
570,13,0.0039594219997525215
570,14,0.0067815473303198814
570,15,0.0034676638897508383
570,16,0.0015470638172701001
570,17,0.003466028021648526
570,18,0.0067903525196015835
571,0,0.06390344351530075
571,1,0.013143518008291721
571,2,0.020065009593963623
571,3,0.006646228488534689
571,4,0.01890425756573677
571,5,0.004641691688448191
571,6,0.05301429331302643
571,7,0.10159137845039368
571,8,0.035356372594833374
571,9,0.03305143490433693
571,10,0.10908060520887375
571,11,0.07252293825149536
571,12,0.007152917794883251
571,13,0.005050472915172577
571,14,0.04001561179757118
571,15,0.009418326430022717
571,16,0.001873119967058301
571,17,0.01199539378285408
571,18,0.016142986714839935
572,0,0.004580999258905649
572,1,0.011643756181001663
572,2,0.011259829625487328
572,3,0.005214725621044636
572,4,0.0032389929983764887
572,5,0.001384056988172233
572,6,0.028665730729699135
572,7,0.01873631775379181
572,8,0.005560214165598154
572,9,0.018384594470262527
572,10,0.05385274440050125
572,11,0.004210348706692457
572,12,0.0053622182458639145
572,13,0.0014375344617292285
572,14,0.009260883554816246
572,15,0.00268006045371294
572,16,0.0014319746987894177
572,17,0.00405014818534255
572,18,0.01081781554967165
573,0,0.004580999258905649
573,1,0.011643756181001663
573,2,0.011259829625487328
573,3,0.005214725621044636
573,4,0.0032389929983764887
573,5,0.001384056988172233
573,6,0.028665730729699135
573,7,0.01873631775379181
573,8,0.005560214165598154
573,9,0.018384594470262527
573,10,0.05385274440050125
573,11,0.004210348706692457
573,12,0.0053622182458639145
573,13,0.0014375344617292285
573,14,0.009260883554816246
573,15,0.00268006045371294
573,16,0.0014319746987894177
573,17,0.00405014818534255
573,18,0.01081781554967165
575,0,0.004580999258905649
575,1,0.011643756181001663
575,2,0.011259829625487328
575,3,0.005214725621044636
575,4,0.0032389929983764887
575,5,0.001384056988172233
575,6,0.028665730729699135
575,7,0.01873631775379181
575,8,0.005560214165598154
575,9,0.018384594470262527
575,10,0.05385274440050125
575,11,0.004210348706692457
575,12,0.0053622182458639145
575,13,0.0014375344617292285
575,14,0.009260883554816246
575,15,0.00268006045371294
575,16,0.0014319746987894177
575,17,0.00405014818534255
575,18,0.01081781554967165
579,0,0.0004173634515609592
579,1,0.019437439739704132
579,2,0.012384098954498768
579,3,0.00013521435903385282
579,4,0.002884915331378579
579,5,0.0005234081181697547
579,6,0.04968729987740517
579,7,0.016113469377160072
579,8,0.09207896888256073
579,9,0.03425648808479309
579,10,0.2773786783218384
579,11,0.0016462133498862386
579,12,0.0009220628999173641
579,13,0.0005572245572693646
579,14,0.004315679427236319
579,15,0.006159077398478985
579,16,0.0012639458291232586
579,17,0.002737439237535
579,18,0.017356395721435547
580,0,0.004580999258905649
580,1,0.011643756181001663
580,2,0.011259829625487328
580,3,0.005214725621044636
580,4,0.0032389929983764887
580,5,0.001384056988172233
580,6,0.028665730729699135
580,7,0.01873631775379181
580,8,0.005560214165598154
580,9,0.018384594470262527
580,10,0.05385274440050125
580,11,0.004210348706692457
580,12,0.0053622182458639145
580,13,0.0014375344617292285
580,14,0.009260883554816246
580,15,0.00268006045371294
580,16,0.0014319746987894177
580,17,0.00405014818534255
580,18,0.01081781554967165
582,0,0.04336938261985779
582,1,0.08135570585727692
582,2,0.04583623632788658
582,3,0.0035104905255138874
582,4,0.03282172232866287
582,5,0.009988280944526196
582,6,0.24376825988292694
582,7,0.0915500745177269
582,8,0.025727195665240288
582,9,0.6107021570205688
582,10,0.4590069055557251
582,11,0.010838832706212997
582,12,0.03538080304861069
582,13,0.0010724752210080624
582,14,0.006054149940609932
582,15,0.021377330645918846
582,16,0.006125895772129297
582,17,0.005828870460391045
582,18,0.011966267600655556
583,0,0.004580999258905649
583,1,0.011643756181001663
583,2,0.011259829625487328
583,3,0.005214725621044636
583,4,0.0032389929983764887
583,5,0.001384056988172233
583,6,0.028665730729699135
583,7,0.01873631775379181
583,8,0.005560214165598154
583,9,0.018384594470262527
583,10,0.05385274440050125
583,11,0.004210348706692457
583,12,0.0053622182458639145
583,13,0.0014375344617292285
583,14,0.009260883554816246
583,15,0.00268006045371294
583,16,0.0014319746987894177
583,17,0.00405014818534255
583,18,0.01081781554967165
585,0,0.004227209370583296
585,1,0.08210087567567825
585,2,0.009532934054732323
585,3,0.0003905555058736354
585,4,0.007563803344964981
585,5,0.0002207904472015798
585,6,0.09595650434494019
585,7,0.010896729305386543
585,8,0.00687085697427392
585,9,0.3749561309814453
585,10,0.19864493608474731
585,11,0.00019027559028472751
585,12,0.018710477277636528
585,13,0.00030555599369108677
585,14,0.0006449691136367619
585,15,0.020994294434785843
585,16,9.628320549381897e-05
585,17,0.00032414900488220155
585,18,0.0006426421459764242
589,0,0.05401734262704849
589,1,0.8343079090118408
589,2,0.1643645316362381
589,3,0.006636398378759623
589,4,0.0571238175034523
589,5,0.011929569765925407
589,6,0.12675800919532776
589,7,0.03875665366649628
589,8,0.04462427645921707
589,9,0.14939741790294647
589,10,0.4490940570831299
589,11,0.08008119463920593
589,12,0.045244477689266205
589,13,0.048986535519361496
589,14,0.05961906537413597
589,15,0.04500860348343849
589,16,0.007758828345686197
589,17,0.01268844585865736
589,18,0.013783230446279049
591,0,0.027489153668284416
591,1,0.1392545998096466
591,2,0.08785625547170639
591,3,0.009712639264762402
591,4,0.05795552209019661
591,5,0.031197527423501015
591,6,0.19873787462711334
591,7,0.035718370229005814
591,8,0.41756561398506165
591,9,0.22060754895210266
591,10,0.45854952931404114
591,11,0.08252504467964172
591,12,0.07226097583770752
591,13,0.017195207998156548
591,14,0.071550153195858
591,15,0.026843387633562088
591,16,0.021972917020320892
591,17,0.05789151415228844
591,18,0.027952352538704872
592,0,0.1419496238231659
592,1,0.2254084050655365
592,2,0.10533781349658966
592,3,0.029673412442207336
592,4,0.106548972427845
592,5,0.06342878937721252
592,6,0.08519893884658813
592,7,0.14099672436714172
592,8,0.5171970725059509
592,9,0.12118975073099136
592,10,0.2597353756427765
592,11,0.2588525712490082
592,12,0.11903103440999985
592,13,0.13900530338287354
592,14,0.21536704897880554
592,15,0.053127605468034744
592,16,0.0580940879881382
592,17,0.05577033758163452
592,18,0.1396416276693344
595,0,0.02214273251593113
595,1,0.03787488117814064
595,2,0.03005569614470005
595,3,0.008671024814248085
595,4,0.03577590733766556
595,5,0.020086828619241714
595,6,0.12446125596761703
595,7,0.06273259222507477
595,8,0.42059212923049927
595,9,0.13196434080600739
595,10,0.2453114241361618
595,11,0.046310342848300934
595,12,0.08621365576982498
595,13,0.02309555746614933
595,14,0.024672644212841988
595,15,0.010928818956017494
595,16,0.011040662415325642
595,17,0.019376909360289574
595,18,0.03455233946442604
596,0,0.03447532653808594
596,1,0.06365039199590683
596,2,0.02574487216770649
596,3,0.027194585651159286
596,4,0.08296042680740356
596,5,0.012870579026639462
596,6,0.0770304799079895
596,7,0.029520848765969276
596,8,0.28764498233795166
596,9,0.06647506356239319
596,10,0.41963180899620056
596,11,0.061585139483213425
596,12,0.03548666462302208
596,13,0.02657940983772278
596,14,0.10815038532018661
596,15,0.009748663753271103
596,16,0.00835544615983963
596,17,0.005872104782611132
596,18,0.042325105518102646
598,0,0.000157709582708776
598,1,0.003054653760045767
598,2,0.024748586118221283
598,3,2.146075757991639e-06
598,4,0.0047995420172810555
598,5,8.478795280097984e-06
598,6,0.506348192691803
598,7,0.007911418564617634
598,8,0.0018391911871731281
598,9,0.03830880671739578
598,10,0.06709805876016617
598,11,4.010815609944984e-05
598,12,4.946663466398604e-05
598,13,0.00015713587345089763
598,14,7.494779129046947e-05
598,15,0.009483096189796925
598,16,1.2788291314791422e-05
598,17,2.650843271112535e-05
598,18,7.008156535448506e-05
599,0,2.1264111637719907e-05
599,1,0.37153446674346924
599,2,0.0006379229016602039
599,3,1.2990096109888327e-08
599,4,0.00010844344069482759
599,5,1.5755229298974882e-07
599,6,9.123658855969552e-06
599,7,0.00023151858476921916
599,8,0.0001122148460126482
599,9,0.0013791278470307589
599,10,0.3195801079273224
599,11,2.278653937537456e-06
599,12,4.7826447371335234e-06
599,13,5.726468316424871e-06
599,14,6.325826689135283e-05
599,15,2.3916141799418256e-05
599,16,1.7209727047884371e-06
599,17,7.981945600477047e-06
599,18,3.178032784489915e-05
604,0,0.0010489023989066482
604,1,0.11413882672786713
604,2,0.019664816558361053
604,3,0.00011503227142384276
604,4,0.003152793738991022
604,5,7.315410039154813e-05
604,6,0.07221446186304092
604,7,0.009939304552972317
604,8,0.0036407143343240023
604,9,0.006869451608508825
604,10,0.05457308888435364
604,11,0.0007506298134103417
604,12,0.009179237298667431
604,13,0.0005047514569014311
604,14,0.0022034861613065004
604,15,0.004360851366072893
604,16,2.497520654287655e-05
604,17,0.00028793365345336497
604,18,0.0011168448254466057
605,0,0.0
605,1,0.0
605,2,0.0
605,3,0.0
605,4,0.0
605,5,0.0
605,6,0.0
605,7,0.0
605,8,0.0
605,9,0.0
605,10,0.0
605,11,0.0
605,12,0.0
605,13,0.0
605,14,0.0
605,15,0.0
605,16,0.0
605,17,0.0
605,18,0.0
608,0,0.004580999258905649
608,1,0.011643756181001663
608,2,0.011259829625487328
608,3,0.005214725621044636
608,4,0.0032389929983764887
608,5,0.001384056988172233
608,6,0.028665730729699135
608,7,0.01873631775379181
608,8,0.005560214165598154
608,9,0.018384594470262527
608,10,0.05385274440050125
608,11,0.004210348706692457
608,12,0.0053622182458639145
608,13,0.0014375344617292285
608,14,0.009260883554816246
608,15,0.00268006045371294
608,16,0.0014319746987894177
608,17,0.00405014818534255
608,18,0.01081781554967165
611,0,0.026822706684470177
611,1,0.030797431245446205
611,2,0.07987767457962036
611,3,0.0138787142932415
611,4,0.0418984591960907
611,5,0.039586760103702545
611,6,0.3825201094150543
611,7,0.20402777194976807
611,8,0.15995411574840546
611,9,0.049920570105314255
611,10,0.3025829493999481
611,11,0.044085703790187836
611,12,0.16658885776996613
611,13,0.01162384171038866
611,14,0.020879553630948067
611,15,0.05538734048604965
611,16,0.017364853993058205
611,17,0.04047202318906784
611,18,0.08654510974884033
613,0,0.0730748325586319
613,1,0.07870502024888992
613,2,0.07005131989717484
613,3,0.016387706622481346
613,4,0.0984230563044548
613,5,0.07057834416627884
613,6,0.3272989094257355
613,7,0.28855419158935547
613,8,0.14392192661762238
613,9,0.4422243535518646
613,10,0.43974748253822327
613,11,0.06654538959264755
613,12,0.13565000891685486
613,13,0.009336886927485466
613,14,0.02248469553887844
613,15,0.052348386496305466
613,16,0.047364793717861176
613,17,0.05121074989438057
613,18,0.09472481906414032
614,0,0.12702812254428864
614,1,0.15050362050533295
614,2,0.28139322996139526
614,3,0.03948545455932617
614,4,0.24573476612567902
614,5,0.10740151256322861
614,6,0.405040979385376
614,7,0.1206054836511612
614,8,0.2706223726272583
614,9,0.4926831126213074
614,10,0.7574372291564941
614,11,0.0690569132566452
614,12,0.14407601952552795
614,13,0.047254178673028946
614,14,0.08640220016241074
614,15,0.0761667788028717
614,16,0.03594314679503441
614,17,0.04142878204584122
614,18,0.06413747370243073
617,0,0.004580999258905649
617,1,0.011643756181001663
617,2,0.011259829625487328
617,3,0.005214725621044636
617,4,0.0032389929983764887
617,5,0.001384056988172233
617,6,0.028665730729699135
617,7,0.01873631775379181
617,8,0.005560214165598154
617,9,0.018384594470262527
617,10,0.05385274440050125
617,11,0.004210348706692457
617,12,0.0053622182458639145
617,13,0.0014375344617292285
617,14,0.009260883554816246
617,15,0.00268006045371294
617,16,0.0014319746987894177
617,17,0.00405014818534255
617,18,0.01081781554967165
621,0,0.046885255724191666
621,1,0.04613466560840607
621,2,0.4849100708961487
621,3,0.001415626727975905
621,4,0.0339883528649807
621,5,0.057518620043992996
621,6,0.5854713916778564
621,7,0.06184627115726471
621,8,0.018227243795990944
621,9,0.03504385054111481
621,10,0.8233969211578369
621,11,0.025616584345698357
621,12,0.009962253272533417
621,13,0.010186795145273209
621,14,0.03943841531872749
621,15,0.07644589990377426
621,16,0.09722506999969482
621,17,0.0334862619638443
621,18,0.1605711281299591
624,0,0.004580999258905649
624,1,0.011643756181001663
624,2,0.011259829625487328
624,3,0.005214725621044636
624,4,0.0032389929983764887
624,5,0.001384056988172233
624,6,0.028665730729699135
624,7,0.01873631775379181
624,8,0.005560214165598154
624,9,0.018384594470262527
624,10,0.05385274440050125
624,11,0.004210348706692457
624,12,0.0053622182458639145
624,13,0.0014375344617292285
624,14,0.009260883554816246
624,15,0.00268006045371294
624,16,0.0014319746987894177
624,17,0.00405014818534255
624,18,0.01081781554967165
627,0,0.004580999258905649
627,1,0.011643756181001663
627,2,0.011259829625487328
627,3,0.005214725621044636
627,4,0.0032389929983764887
627,5,0.001384056988172233
627,6,0.028665730729699135
627,7,0.01873631775379181
627,8,0.005560214165598154
627,9,0.018384594470262527
627,10,0.05385274440050125
627,11,0.004210348706692457
627,12,0.0053622182458639145
627,13,0.0014375344617292285
627,14,0.009260883554816246
627,15,0.00268006045371294
627,16,0.0014319746987894177
627,17,0.00405014818534255
627,18,0.01081781554967165
628,0,0.004580999258905649
628,1,0.011643756181001663
628,2,0.011259829625487328
628,3,0.005214725621044636
628,4,0.0032389929983764887
628,5,0.001384056988172233
628,6,0.028665730729699135
628,7,0.01873631775379181
628,8,0.005560214165598154
628,9,0.018384594470262527
628,10,0.05385274440050125
628,11,0.004210348706692457
628,12,0.0053622182458639145
628,13,0.0014375344617292285
628,14,0.009260883554816246
628,15,0.00268006045371294
628,16,0.0014319746987894177
628,17,0.00405014818534255
628,18,0.01081781554967165
635,0,0.08679845929145813
635,1,0.200813889503479
635,2,0.43516382575035095
635,3,0.020901164039969444
635,4,0.22900016605854034
635,5,0.13163815438747406
635,6,0.25815853476524353
635,7,0.04299527779221535
635,8,0.2627372145652771
635,9,0.36803358793258667
635,10,0.45578521490097046
635,11,0.08054402470588684
635,12,0.048739172518253326
635,13,0.051928162574768066
635,14,0.17995482683181763
635,15,0.16805969178676605
635,16,0.06287790834903717
635,17,0.038536909967660904
635,18,0.08480758965015411
636,0,0.004580999258905649
636,1,0.011643756181001663
636,2,0.011259829625487328
636,3,0.005214725621044636
636,4,0.0032389929983764887
636,5,0.001384056988172233
636,6,0.028665730729699135
636,7,0.01873631775379181
636,8,0.005560214165598154
636,9,0.018384594470262527
636,10,0.05385274440050125
636,11,0.004210348706692457
636,12,0.0053622182458639145
636,13,0.0014375344617292285
636,14,0.009260883554816246
636,15,0.00268006045371294
636,16,0.0014319746987894177
636,17,0.00405014818534255
636,18,0.01081781554967165
637,0,0.004580999258905649
637,1,0.011643745005130768
637,2,0.011259835213422775
637,3,0.005214720964431763
637,4,0.003238991368561983
637,5,0.0013840562896803021
637,6,0.02866574563086033
637,7,0.01873631402850151
637,8,0.005560214165598154
637,9,0.018384594470262527
637,10,0.053852714598178864
637,11,0.004210344981402159
637,12,0.005362215451896191
637,13,0.0014375337632372975
637,14,0.009260878898203373
637,15,0.00268006045371294
637,16,0.0014319727197289467
637,17,0.004050146322697401
637,18,0.010817810893058777
638,0,0.004580999258905649
638,1,0.011643745005130768
638,2,0.011259835213422775
638,3,0.005214720964431763
638,4,0.003238991368561983
638,5,0.0013840562896803021
638,6,0.02866574563086033
638,7,0.01873631402850151
638,8,0.005560214165598154
638,9,0.018384594470262527
638,10,0.053852714598178864
638,11,0.004210344981402159
638,12,0.005362215451896191
638,13,0.0014375337632372975
638,14,0.009260878898203373
638,15,0.00268006045371294
638,16,0.0014319727197289467
638,17,0.004050146322697401
638,18,0.010817810893058777
639,0,0.004580996930599213
639,1,0.011643750593066216
639,2,0.011259839870035648
639,3,0.005214720964431763
639,4,0.003238991368561983
639,5,0.0013840562896803021
639,6,0.028665730729699135
639,7,0.018736304715275764
639,8,0.005560216959565878
639,9,0.01838459074497223
639,10,0.053852714598178864
639,11,0.004210346844047308
639,12,0.005362215451896191
639,13,0.0014375337632372975
639,14,0.009260878898203373
639,15,0.002680059289559722
639,16,0.0014319727197289467
639,17,0.004050146322697401
639,18,0.010817810893058777
643,0,0.004580996930599213
643,1,0.011643750593066216
643,2,0.011259839870035648
643,3,0.005214720964431763
643,4,0.003238991368561983
643,5,0.0013840562896803021
643,6,0.028665730729699135
643,7,0.018736304715275764
643,8,0.005560216959565878
643,9,0.01838459074497223
643,10,0.053852714598178864
643,11,0.004210346844047308
643,12,0.005362215451896191
643,13,0.0014375337632372975
643,14,0.009260878898203373
643,15,0.002680059289559722
643,16,0.0014319727197289467
643,17,0.004050146322697401
643,18,0.010817810893058777
644,0,0.004580996930599213
644,1,0.011643750593066216
644,2,0.011259839870035648
644,3,0.005214720964431763
644,4,0.003238991368561983
644,5,0.0013840562896803021
644,6,0.028665730729699135
644,7,0.018736304715275764
644,8,0.005560216959565878
644,9,0.01838459074497223
644,10,0.053852714598178864
644,11,0.004210346844047308
644,12,0.005362215451896191
644,13,0.0014375337632372975
644,14,0.009260878898203373
644,15,0.002680059289559722
644,16,0.0014319727197289467
644,17,0.004050146322697401
644,18,0.010817810893058777
