Id,Probability
0,0.0055586877
100,0.0034677035
400,0.0012010763
600,0.012598106
700,0.35961443
1000,0.0026213073
1200,0.0008965067
1700,0.016775131
2200,0.0011871625
2700,0.0020381499
2800,0.0013376724
2900,0.0035940718
3000,0.009599207
3100,0.011687323
3200,0.0043800706
3300,0.014744164
3400,0.0008470018
3700,0.009936792
4000,0.0006335707
4100,0.002002504
4200,0.0058554295
4400,0.0027439047
4700,0.00025343144
4800,0.100655384
4900,0.0040902873
5100,0.009034587
5200,0.025750525
5700,0.012864507
5900,0.015847452
6200,0.0032291918
6300,0.018507255
6500,0.008761
6600,0.10492572
6800,0.015033246
6900,0.001808943
7000,0.0062385458
7200,0.0049525346
7400,0.0039015578
7500,0.0023459466
7700,0.008916982
7900,0.009774889
8100,0.0074719163
8200,0.07439139
8300,0.021689946
8400,0.00824233
8500,0.0201867
8600,0.12388604
8700,0.009287763
8900,0.006490914
9000,0.2160825
9200,0.11265205
9500,0.0035550396
9800,0.012809735
9900,0.029868621
10100,0.0017936435
10400,0.03677973
10500,0.19308637
10600,0.0070898132
10700,0.017099446
10900,0.10204821
11200,0.009428485
11300,0.002489996
11700,0.0011022409
11900,0.10375463
12100,0.0008241081
12400,0.0036939858
12700,0.0037651933
12900,0.0680654
13000,0.004791882
13400,0.074787624
13500,0.014888612
13600,0.05752244
13700,0.12727706
13900,0.006402588
14300,0.031199846
14400,0.0034678592
15400,0.013131223
15600,0.10260514
15700,0.0034888685
15800,0.0051402654
15900,0.004099704
16100,0.0024627505
16200,0.038381908
16300,0.006393696
16400,0.0029318505
16500,0.0003760759
16600,0.0011457199
17000,0.28935057
17100,0.0016967786
17200,0.004591403
17300,0.0009677513
17400,0.00080465665
17600,0.0017138761
17700,0.017381933
17900,0.010238317
18000,0.004473067
18100,0.0011445316
18200,0.00094025146
18400,0.0007224718
18500,0.0014923817
18700,0.0026450253
18800,0.003790072
19100,0.003997573
19500,0.0019325374
19600,0.0016773618
19700,0.014793247
19800,0.017703142
20700,0.004464323
20800,0.0028958777
20900,0.0051485496
21100,0.011465853
21200,0.0011461334
21400,0.3054837
21800,0.022470983
22000,0.014950322
22300,0.0127600925
22400,0.024277924
22500,0.22159521
22600,0.00345568
22900,0.0005114613
23000,0.0017651881
23200,0.0052017393
23300,0.0028542886
23600,0.1794299
23700,0.0038357542
23800,0.009704282
23900,0.0029601317
24100,0.05277318
24200,0.009141414
24400,0.005927437
24500,0.0038618592
24600,0.0027572855
24700,0.012114869
25300,0.0012777635
25400,0.0022726676
25800,0.0030326445
26000,0.0052140728
26100,0.020862931
26200,0.011616156
26300,0.36908257
26400,0.01104042
26600,0.36027482
26700,0.029236007
26800,0.0034114933
26900,0.006183173
27000,0.008976134
27300,0.004982742
27400,0.0061390684
27500,0.0030416343
27900,0.002008496
28000,0.007702084
28100,0.0062592556
28300,0.049549174
28400,0.0745883
29000,0.026864143
29100,0.030909391
29300,0.071411565
29600,0.004948869
29700,0.007868603
29800,0.022736112
29900,0.013209977
30000,0.08874781
30100,0.009845104
30300,0.022924162
30400,0.0508498
30700,0.0052012466
30800,0.0031365906
31100,0.0022363423
31200,0.01269991
31600,0.0065320623
31700,0.0077131307
31800,0.0051705013
31900,0.017926352
32000,0.005300441
32100,0.004032243
32800,0.022491047
33000,0.0022489852
33100,0.0014994043
33500,0.01564173
33700,0.0048446557
33800,0.012691334
33900,0.0012791994
34000,0.0023945062
34200,0.00044427038
34300,0.0038391496
34400,0.0009997176
34500,0.0034899225
34600,0.0050496226
34800,0.00041891384
35000,0.006376011
35200,0.017163264
35300,0.002556389
35500,0.009489028
35600,0.0028336146
35700,0.0051817247
35900,0.0029515706
36000,0.013014724
36100,0.0043354365
36600,0.0056616697
37200,0.001621818
37400,0.0046498263
37500,0.011685979
37600,0.08127484
37700,0.040328767
38100,0.04386559
38200,0.2251348
38300,0.12280693
38400,0.053702824
38600,0.063770935
38800,0.015650287
39100,0.04144763
39200,0.00068831514
39300,0.0020838855
39400,0.003007022
39600,0.0024694963
39700,0.0012578864
39900,0.002035222
40000,0.02850172
40200,0.004510127
40500,0.0034402863
40600,0.011270443
41800,0.0064976257
42000,0.006227704
42700,0.004690821
42900,0.008612066
43600,0.002909827
44200,0.010365335
44500,0.0014632577
44700,0.012071933
44900,0.34944424
45200,0.004019228
45300,0.009306146
45500,0.009800294
45600,0.19293372
46100,0.0029418846
46300,0.04584743
46500,0.0042223907
46900,0.0013615548
47000,0.0037943567
47100,0.0018133936
47200,0.0072062532
47300,0.01539929
47600,0.012946442
47700,0.26794216
47800,0.040285245
47900,0.0036174809
48200,0.0024417336
48600,0.00392709
48700,0.00041887604
49100,0.0016883623
49200,0.0099442
49600,0.0006838914
49700,0.0016666589
49900,0.0031261647
50100,0.008070758
50300,0.0020720293
50400,0.0032683548
50600,0.0018110283
50800,0.0022298219
50900,0.0024603596
51000,0.0062832558
51200,0.0014243054
51600,0.0030681563
51800,0.0021358246
52000,0.0026169252
52100,0.017108839
52500,0.0031246373
52600,0.020483421
52700,0.0009317953
53200,0.014455801
53300,0.0031794521
53400,0.004438831
53600,0.021085138
53900,0.015324654
54100,0.0042841565
54200,0.014130305
54300,0.0069365846
54400,0.09278041
54600,0.0015697362
55000,0.05080565
55200,0.016185084
55400,0.0035128843
55500,0.0032657415
55600,0.0023162602
56200,0.008056616
56500,0.14903715
56700,0.21869096
56800,0.003277597
57000,0.0057877684
57100,0.026750928
57200,0.003977301
57300,0.0016611557
57500,0.013871922
57900,0.0062085087
58000,0.022011848
58200,0.0042567067
58300,0.0075633135
58500,0.02157437
58900,0.005257825
59100,0.052947357
59200,0.0026280645
59500,0.0066070664
59600,0.010632742
59800,0.006738768
59900,0.026005412
60400,0.0008443261
60500,0.0016490307
60800,0.03516809
61100,0.005554244
61300,0.0045915386
61400,0.0055794204
61700,0.008357599
62100,0.0023989284
62400,0.044614416
62700,0.07909076
62800,0.1726015
63500,0.003918832
63600,0.025968574
63700,0.3296176
63800,0.30954263
63900,0.0021311424
64300,0.020284027
64400,0.0010549279
1,0.010158441
101,0.09385169
401,0.46445423
601,0.060560968
701,0.042448346
1001,0.06932826
1201,0.28152767
1701,0.031827558
2201,0.36273858
2701,0.8102412
2801,0.053597637
2901,0.038247306
3001,0.09382863
3101,0.47131243
3201,0.12410579
3301,0.04977945
3401,0.4899582
3701,0.08042761
4001,0.015252034
4101,0.10832614
4201,0.11809379
4401,0.23264448
4701,0.0036572206
4801,0.097256236
4901,0.013300433
5101,0.15115882
5201,0.046426494
5701,0.04242173
5901,0.025675133
6201,0.024895987
6301,0.07030467
6501,0.014891371
6601,0.03244943
6801,0.026033977
6901,0.3761115
7001,0.6963485
7201,0.55017483
7401,0.06689136
7501,0.031090096
7701,0.5048735
7901,0.109802425
8101,0.010767952
8201,0.3362942
8301,0.24589264
8401,0.078816734
8501,0.03893386
8601,0.37466422
8701,0.46218482
8901,0.034756076
9001,0.17513135
9201,0.31506664
9501,0.084208086
9801,0.13746575
9901,0.118629314
10101,0.056163985
10401,0.035848293
10501,0.055938188
10601,0.019661587
10701,0.0067728464
10901,0.052395087
11201,0.14078428
11301,0.6478441
11701,0.4133713
11901,0.025973564
12101,0.031044016
12401,0.032188762
12701,0.10994146
12901,0.019497605
13001,0.027442355
13401,0.023185315
13501,0.0780819
13601,0.03427179
13701,0.09995391
13901,0.02328809
14301,0.044403303
14401,0.03767289
15401,0.0550037
15601,0.06435619
15701,0.028397977
15801,0.3720052
15901,0.29440808
16101,0.20932214
16201,0.12337426
16301,0.08580349
16401,0.057140917
16501,0.33500874
16601,0.05211726
17001,0.056209598
17101,0.1211458
17201,0.09217538
17301,0.1753532
17401,0.24167395
17601,0.045558464
17701,0.034134325
17901,0.08901183
18001,0.013954608
18101,0.69187045
18201,0.77119666
18401,0.74940175
18501,0.16602728
18701,0.61251503
18801,0.3940052
19101,0.09994375
19501,0.24495053
19601,0.7605512
19701,0.07740499
19801,0.1831967
20701,0.228004
20801,0.10242394
20901,0.099026754
21101,0.06253065
21201,0.16225551
21401,0.016473293
21801,0.16482474
22001,0.06243701
22301,0.01929135
22401,0.050455626
22501,0.095924616
22601,0.08014822
22901,0.40808475
23001,0.735547
23201,0.06270755
23301,0.040033937
23601,0.09917477
23701,0.15645337
23801,0.32829398
23901,0.11774884
24101,0.31045896
24201,0.17076066
24401,0.51136047
24501,0.6369091
24601,0.5480838
24701,0.019894876
25301,0.3075501
25401,0.05927177
25801,0.016019588
26001,0.012653812
26101,0.31610644
26201,0.04157407
26301,0.04026855
26401,0.011027766
26601,0.024724443
26701,0.14426823
26801,0.4259274
26901,0.24753776
27001,0.066985995
27301,0.0734475
27401,0.29868978
27501,0.46895692
27901,0.25980014
28001,0.054576475
28101,0.039842818
28301,0.047076125
28401,0.046249256
29001,0.10728296
29101,0.012298148
29301,0.030407649
29601,0.03899955
29701,0.04407
29801,0.013758816
29901,0.01812929
30001,0.052193236
30101,0.09772136
30301,0.19811895
30401,0.041344322
30701,0.16227344
30801,0.1484985
31101,0.20929945
31201,0.065125816
31601,0.3915748
31701,0.025090674
31801,0.08377993
31901,0.11713705
32001,0.033600558
32101,0.01257498
32801,0.053693432
33001,0.13280493
33101,0.09073953
33501,0.11482883
33701,0.03420812
33801,0.04389133
33901,0.61785173
34001,0.76605207
34201,0.7730681
34301,0.039415423
34401,0.8524833
34501,0.6181828
34601,0.14197917
34801,0.73286533
35001,0.5117087
35201,0.37182465
35301,0.019729493
35501,0.20889138
35601,0.028085094
35701,0.028226601
35901,0.19345237
36001,0.17851262
36101,0.049999293
36601,0.022108456
37201,0.04039181
37401,0.05360831
37501,0.20281185
37601,0.018479504
37701,0.12544909
38101,0.04637585
38201,0.010871418
38301,0.04775693
38401,0.043800335
38601,0.14810133
38801,0.028658194
39101,0.46877337
39201,0.40455186
39301,0.33607313
39401,0.6077255
39601,0.009383732
39701,0.011451537
39901,0.16363303
40001,0.3838307
40201,0.35545218
40501,0.56687045
40601,0.19280802
41801,0.05530759
42001,0.0450708
42701,0.4398167
42901,0.020296235
43601,0.07439334
44201,0.013808014
44501,0.051179994
44701,0.23112267
44901,0.015209043
45201,0.1464425
45301,0.020441856
45501,0.08674197
45601,0.023197958
46101,0.006426813
46301,0.045019362
46501,0.12059228
46901,0.09471188
47001,0.604563
47101,0.047244
47201,0.14512426
47301,0.030355696
47601,0.104460105
47701,0.06660728
47801,0.03900586
47901,0.10184082
48201,0.12130254
48601,0.29945442
48701,0.33323288
49101,0.026886625
49201,0.19959264
49601,0.07191149
49701,0.6805986
49901,0.02734977
50101,0.036626726
50301,0.6610473
50401,0.4831518
50601,0.72224224
50801,0.67424244
50901,0.39906722
51001,0.3376388
51201,0.76876014
51601,0.46477374
51801,0.08620935
52001,0.14681391
52101,0.365247
52501,0.11890108
52601,0.041851446
52701,3.0457943e-05
53201,0.031259213
53301,0.12425896
53401,0.02707093
53601,0.15896253
53901,0.0074766325
54101,0.06335454
54201,0.029325701
54301,0.030613638
54401,0.038578633
54601,0.0112194745
55001,0.06618104
55201,0.4133737
55401,0.6724635
55501,0.1770647
55601,0.12583658
56201,0.40088162
56501,0.030703869
56701,0.1382576
56801,0.20326859
57001,0.043149862
57101,0.090322606
57201,0.097274736
57301,0.27692983
57501,0.031013532
57901,0.06910093
58001,0.043849017
58201,0.055130597
58301,0.03178804
58501,0.080521196
58901,0.056761958
59101,0.048905198
59201,0.21087132
59501,0.4207334
59601,0.13484944
59801,0.24188325
59901,0.33572233
60401,0.047007788
60501,0.22866857
60801,0.04951423
61101,0.12751955
61301,0.10483726
61401,0.13748455
61701,0.02034126
62101,0.07378377
62401,0.1092557
62701,0.04189521
62801,0.22184512
63501,0.16180679
63601,0.09073477
63701,0.113497935
63801,0.05538156
63901,0.4099581
64301,0.11665198
64401,0.17047767
2,0.015858391
102,0.05436627
402,0.014467872
602,0.009914749
702,0.039463434
1002,0.05035062
1202,0.06676087
1702,0.02288417
2202,0.009479207
2702,0.06532984
2802,0.064460844
2902,0.017574249
3002,0.0011549366
3102,0.08327334
3202,0.02486418
3302,0.009920123
3402,0.020402372
3702,0.13618033
4002,0.0019363944
4102,0.0023268054
4202,0.029464325
4402,0.03173741
4702,0.0008331368
4802,0.06892449
4902,0.005669843
5102,0.00081024616
5202,0.033493407
5702,0.024055904
5902,0.021911573
6202,0.06682051
6302,0.035746038
6502,0.031942025
6602,0.11653007
6802,0.054692693
6902,0.026598744
7002,0.075657
7202,0.013520792
7402,0.016543608
7502,0.0061654598
7702,0.1380789
7902,0.03703104
8102,0.011584071
8202,0.034671716
8302,0.07225261
8402,0.08614293
8502,0.06734409
8602,0.084031776
8702,0.100686036
8902,0.13967277
9002,0.010063672
9202,0.029412353
9502,0.07879419
9802,0.16752361
9902,0.08525897
10102,0.092430376
10402,0.02554338
10502,0.02178918
10602,0.040682163
10702,0.005679183
10902,0.016496966
11202,0.09960944
11302,0.08017962
11702,0.01660557
11902,0.037973437
12102,0.030381447
12402,0.026794301
12702,0.033911683
12902,0.0022318934
13002,0.019742383
13402,0.022732778
13502,0.04910369
13602,0.1567621
13702,0.0741541
13902,0.015086948
14302,0.04364401
14402,0.028765513
15402,0.014789179
15602,0.050303347
15702,0.005778952
15802,0.25061488
15902,0.14904238
16102,0.084357776
16202,0.04183199
16302,0.02521257
16402,0.07352332
16502,0.010110542
16602,0.32782656
17002,0.0027710814
17102,0.03436336
17202,0.018576717
17302,0.17755334
17402,0.05331878
17602,0.049151517
17702,0.03076308
17902,0.046023462
18002,0.024669785
18102,0.072551824
18202,0.08761916
18402,0.019144943
18502,0.12439852
18702,0.15277693
18802,0.1539396
19102,0.0047517396
19502,0.07573233
19602,0.037678257
19702,0.2352038
19802,0.06933658
20702,0.015778992
20802,0.032512143
20902,0.022655137
21102,0.0761733
21202,0.0116298245
21402,0.014954839
21802,0.02507533
22002,0.10124174
22302,0.004373352
22402,0.0380366
22502,0.011108248
22602,0.012495532
22902,0.0071413075
23002,0.028264035
23202,0.006765084
23302,0.033354145
23602,0.15263246
23702,0.024719283
23802,0.09742022
23902,0.015319232
24102,0.09580636
24202,0.06446298
24402,0.049617663
24502,0.06937585
24602,0.15801406
24702,0.003254998
25302,0.030675875
25402,0.01336655
25802,0.028109735
26002,0.032905404
26102,0.05724899
26202,0.060345735
26302,0.011892981
26402,0.011918816
26602,0.011010813
26702,0.07573341
26802,0.15475821
26902,0.2243818
27002,0.12013414
27302,0.09377923
27402,0.095417045
27502,0.029731376
27902,0.28021994
28002,0.117808595
28102,0.006655725
28302,0.012947955
28402,0.04443153
29002,0.021439308
29102,0.03019133
29302,0.010951658
29602,0.025246691
29702,0.02402669
29802,0.010770195
29902,0.11512066
30002,0.010993788
30102,0.015692785
30302,0.059591703
30402,0.038769558
30702,0.024407813
30802,0.21432048
31102,0.08861555
31202,0.028965848
31602,0.19830915
31702,0.04102857
31802,0.044499267
31902,0.017311081
32002,0.053388417
32102,0.044991612
32802,0.009316054
33002,0.052802406
33102,0.0296455
33502,0.0037065616
33702,0.10374987
33802,0.03996508
33902,0.19635943
34002,0.014123762
34202,0.020251153
34302,0.0565756
34402,0.020650301
34502,0.20479861
34602,0.3662041
34802,0.05843696
35002,0.013828442
35202,0.019864926
35302,0.008178922
35502,0.08638696
35602,0.018638354
35702,0.07495355
35902,0.07870609
36002,0.09608134
36102,0.09087473
36602,0.024858722
37202,0.0047423914
37402,0.009026317
37502,0.019465925
37602,0.0064317556
37702,0.033803307
38102,0.047507133
38202,0.065361954
38302,0.010271904
38402,0.008509642
38602,0.024371624
38802,0.04997408
39102,0.05064249
39202,0.013919988
39302,0.032678664
39402,0.030440716
39602,0.006335215
39702,0.0008622075
39902,0.33090994
40002,0.051818147
40202,0.044618506
40502,0.13321793
40602,0.03241791
41802,0.09256183
42002,0.17915425
42702,0.025843356
42902,0.03150346
43602,0.028622784
44202,0.33215898
44502,0.06704646
44702,0.08967616
44902,0.026234336
45202,0.009085331
45302,0.008501927
45502,0.04161939
45602,0.033751465
46102,0.049718715
46302,0.046450652
46502,0.026480908
46902,0.12873377
47002,0.08891001
47102,0.06281248
47202,0.1406003
47302,0.02905126
47602,0.07792614
47702,0.008214323
47802,0.0050555775
47902,0.03877735
48202,0.054141697
48602,0.12674001
48702,0.008709813
49102,0.06506096
49202,0.050748266
49602,0.03247003
49702,0.046192538
49902,0.13723
50102,0.023872113
50302,0.13263611
50402,0.28495643
50602,0.06031979
50802,0.14310075
50902,0.101656765
51002,0.31629452
51202,0.04844138
51602,0.023073222
51802,0.12438652
52002,0.15843883
52102,0.05308309
52502,0.072836086
52602,0.03238197
52702,0.00014470337
53202,0.0119942995
53302,0.032245442
53402,0.011594607
53602,0.069805406
53902,0.0048711803
54102,0.05016892
54202,0.011250272
54302,0.01377549
54402,0.055746835
54602,0.019284971
55002,0.122373104
55202,0.045904506
55402,0.027490336
55502,0.28714254
55602,0.025815235
56202,0.03943755
56502,0.018499037
56702,0.07383044
56802,0.15134712
57002,0.07790337
57102,0.11180307
57202,0.046069317
57302,0.13937451
57502,0.20632082
57902,0.10538852
58002,0.03093686
58202,0.114751674
58302,0.016958337
58502,0.010762136
58902,0.03922518
59102,0.020774497
59202,0.16258144
59502,0.06294078
59602,0.03245665
59802,0.16608359
59902,0.04032385
60402,0.36514932
60502,0.037743352
60802,0.02914209
61102,0.12392495
61302,0.049820077
61402,0.04884507
61702,0.076243006
62102,0.033370603
62402,0.00385776
62702,0.01289824
62802,0.0842747
63502,0.08661996
63602,0.07681773
63702,0.010516256
63802,0.0568117
63902,0.02717558
64302,0.041110534
64402,0.050744656
3,0.00784885
103,0.021708481
403,0.0017766135
603,0.0021555973
703,0.035288945
1003,0.0027863078
1203,0.0004154535
1703,0.009636701
2203,0.0010577095
2703,0.0006606267
2803,0.0035062314
2903,0.0064375815
3003,0.0010340837
3103,0.010076983
3203,0.001951274
3303,0.005802952
3403,0.00065133476
3703,0.030309955
4003,0.0001927261
4103,0.0003331094
4203,0.009359761
4403,0.0024378193
4703,0.00014143113
4803,0.042647406
4903,0.0032874644
5103,0.0014597184
5203,0.02337899
5703,0.0027110192
5903,0.0037181855
6203,0.013151318
6303,0.013298007
6503,0.008259215
6603,0.040494967
6803,0.02592042
6903,0.002767378
7003,0.0014884773
7203,0.0012771352
7403,0.008845002
7503,0.0012380746
7703,0.003237674
7903,0.0046390463
8103,0.0024522578
8203,0.011453048
8303,0.010714976
8403,0.14206383
8503,0.0094652325
8603,0.023746755
8703,0.0029077637
8903,0.009297211
9003,0.004505861
9203,0.016398331
9503,0.010310311
9803,0.010401159
9903,0.015582165
10103,0.0074885217
10403,0.00865266
10503,0.012432257
10603,0.1739705
10703,0.056889743
10903,0.017359678
11203,0.007550914
11303,0.0017774253
11703,0.0035207719
11903,0.02417607
12103,0.006392812
12403,0.0015408379
12703,0.003285971
12903,0.00085388444
13003,0.020960728
13403,0.013038013
13503,0.013614547
13603,0.05692003
13703,0.0403177
13903,0.021487081
14303,0.022130098
14403,0.0028487907
15403,0.0065260306
15603,0.027785975
15703,0.00022345288
15803,0.002664477
15903,0.0024423574
16103,0.0051586083
16203,0.012217613
16303,0.0051783733
16403,0.016285807
16503,0.00029023224
16603,0.0043428564
17003,0.0027895293
17103,0.003547818
17203,0.005778525
17303,0.001400248
17403,0.0012486321
17603,0.0032907457
17703,0.013215097
17903,0.01270524
18003,0.0071870713
18103,0.0011467014
18203,0.00062447117
18403,0.0003643016
18503,0.0028070698
18703,0.0026776872
18803,0.002692854
19103,0.0047952463
19503,0.0017061479
19603,0.00064781634
19703,0.028801203
19803,0.018926281
20703,0.0028849908
20803,0.006068553
20903,0.016366843
21103,0.026565801
21203,0.0018041675
21403,0.008813638
21803,0.016573664
22003,0.0728043
22303,0.028354691
22403,0.007839439
22503,0.02953052
22603,0.0087961275
22903,0.0017361786
23003,0.000992942
23203,0.009362532
23303,0.03501101
23603,0.02872854
23703,0.0086326
23803,0.005491913
23903,0.0013874387
24103,0.009675472
24203,0.010124955
24403,0.0014652588
24503,0.002094271
24603,0.0019961447
24703,0.0014977789
25303,0.0020214715
25403,0.0028522077
25803,0.0019075881
26003,0.0125494
26103,0.004964601
26203,0.049644586
26303,0.0067792577
26403,0.016782997
26603,0.010883645
26703,0.040529087
26803,0.0043044267
26903,0.0037815077
27003,0.00955786
27303,0.012795446
27403,0.006486231
27503,0.0041791555
27903,0.0026246342
28003,0.02545137
28103,0.000976967
28303,0.012008632
28403,0.010833769
29003,0.0033289802
29103,0.012254909
29303,0.005678577
29603,0.10795074
29703,0.011989813
29803,0.0037542786
29903,0.033769976
30003,0.0039256676
30103,0.0032856958
30303,0.018932894
30403,0.008004649
30703,0.0010633061
30803,0.0054173176
31103,0.0027717964
31203,0.0028120796
31603,0.0066981576
31703,0.007832656
31803,0.0040581045
31903,0.010267814
32003,0.032168552
32103,0.045012686
32803,0.002290438
33003,0.005453604
33103,0.0023061433
33503,0.002489168
33703,0.0065460713
33803,0.013248727
33903,0.001089942
34003,0.00045134852
34203,0.00024298178
34303,0.0047527743
34403,0.00036529984
34503,0.0012398121
34603,0.0044583147
34803,0.00028428252
35003,0.00080416707
35203,0.0033227983
35303,0.0019224356
35503,0.0063563404
35603,0.0016247694
35703,0.014996328
35903,0.0046997853
36003,0.01116718
36103,0.021471722
36603,0.005355821
37203,0.0020435557
37403,0.0040249545
37503,0.0051476914
37603,0.0018298783
37703,0.0027517106
38103,0.018180769
38203,0.118380696
38303,0.02268918
38403,0.0021383138
38603,0.032828704
38803,0.018016497
39103,0.0048118755
39203,0.0019364959
39303,0.006582912
39403,0.0021292449
39603,0.0070790495
39703,0.001347058
39903,0.0033415714
40003,0.008209499
40203,0.0024817283
40503,0.0023048932
40603,0.004634641
41803,0.019399712
42003,0.032185197
42703,0.0028087771
42903,0.18988125
43603,0.0028479588
44203,0.24818105
44503,0.0052179536
44703,0.01352298
44903,0.014302584
45203,0.0051906016
45303,0.009928345
45503,0.006652832
45603,0.015183509
46103,0.024837172
46303,0.02181385
46503,0.0016941741
46903,0.006643746
47003,0.002606356
47103,0.0013211063
47203,0.010743559
47303,0.012571549
47603,0.011488467
47703,0.009278372
47803,0.0030846472
47903,0.002785359
48203,0.0029669555
48603,0.0057272706
48703,0.00029036618
49103,0.004716014
49203,0.0068092598
49603,0.003133842
49703,0.002900891
49903,0.0048992164
50103,0.011667895
50303,0.0012063406
50403,0.0036421758
50603,0.0009575932
50803,0.0017378975
50903,0.001134955
51003,0.0024375527
51203,0.0010256256
51603,0.00618762
51803,0.01121626
52003,0.013089004
52103,0.0072782026
52503,0.0062128003
52603,0.004475943
52703,1.770122e-05
53203,0.048615832
53303,0.022048255
53403,0.009468056
53603,0.027759416
53903,0.0011565058
54103,0.0013398073
54203,0.001715815
54303,0.0012901077
54403,0.014115749
54603,0.012720063
55003,0.034122642
55203,0.0026688061
55403,0.0023198551
55503,0.0051597864
55603,0.007690741
56203,0.0047286144
56503,0.016274204
56703,0.04717826
56803,0.0057485914
57003,0.0039355885
57103,0.007008997
57203,0.003590712
57303,0.004251642
57503,0.025943933
57903,0.023016788
58003,0.0041897716
58203,0.0030254459
58303,0.0020445725
58503,0.0034319554
58903,0.014808708
59103,0.010271152
59203,0.0023587516
59503,0.0038311407
59603,0.01025315
59803,0.005900208
59903,0.00641865
60403,0.0020982223
60503,0.0012064889
60803,0.024908606
61103,0.0059683337
61303,0.0036024777
61403,0.0020624464
61703,0.0345054
62103,0.0022246821
62403,0.014073906
62703,0.00495607
62803,0.027306002
63503,0.0067646746
63603,0.045446154
63703,0.03475246
63803,0.036595408
63903,0.0008056439
64303,0.009974483
64403,0.0038653088
4,0.061891884
104,0.043275706
404,0.0050810063
604,0.011780341
704,0.019629246
1004,0.066040434
1204,0.0071446407
1704,0.2424382
2204,0.006520856
2704,0.005155329
2804,0.028909491
2904,0.05965306
3004,0.0026447051
3104,0.035828006
3204,0.0061574015
3304,0.005200128
3404,0.0035374197
3704,0.27572182
4004,0.00067335414
4104,0.03464874
4204,0.072157465
4404,0.037020005
4704,0.0006395513
4804,0.042779263
4904,0.02997269
5104,0.00078742375
5204,0.05640902
5704,0.020330565
5904,0.06378455
6204,0.13335335
6304,0.2019547
6504,0.011967852
6604,0.109073095
6804,0.019212322
6904,0.042357884
7004,0.008023575
7204,0.04691873
7404,0.116576694
7504,0.0049593025
7704,0.023138199
7904,0.11333873
8104,0.008917951
8204,0.02615081
8304,0.19228543
8404,0.038736463
8504,0.021692384
8604,0.018779011
8704,0.015940214
8904,0.03821783
9004,0.0065487893
9204,0.053704627
9504,0.037565514
9804,0.18702821
9904,0.053896576
10104,0.13527252
10404,0.42239532
10504,0.0801362
10604,0.02929961
10704,0.02459953
10904,0.009082594
11204,0.11482824
11304,0.010567829
11704,0.018071905
11904,0.073818356
12104,0.048186246
12404,0.029109733
12704,0.01678123
12904,0.039762937
13004,0.05333989
13404,0.14063779
13504,0.018610876
13604,0.05580781
13704,0.049030326
13904,0.066665016
14304,0.011881125
14404,0.020888448
15404,0.023682958
15604,0.02185259
15704,0.022126293
15804,0.020552803
15904,0.04897233
16104,0.09235039
16204,0.22455177
16304,0.010435894
16404,0.12898442
16504,0.001847724
16604,0.103719585
17004,0.017034814
17104,0.009418766
17204,0.0073563205
17304,0.027754756
17404,0.009043842
17604,0.07976606
17704,0.016817393
17904,0.039900314
18004,0.27407807
18104,0.01728819
18204,0.0029541187
18404,0.0018466073
18504,0.066006556
18704,0.028114041
18804,0.015657792
19104,0.00407906
19504,0.02665631
19604,0.008776599
19704,0.19571182
19804,0.24152726
20704,0.039647643
20804,0.12200357
20904,0.015489541
21104,0.1480762
21204,0.019183148
21404,0.028421551
21804,0.020014493
22004,0.042101227
22304,0.022115402
22404,0.105808236
22504,0.008785705
22604,0.00929016
22904,0.008763074
23004,0.016869403
23204,0.04622708
23304,0.07738796
23604,0.1573819
23704,0.04378606
23804,0.01982782
23904,0.01811479
24104,0.042088076
24204,0.21813086
24404,0.02001892
24504,0.006351704
24604,0.026347885
24704,0.013196403
25304,0.009722678
25404,0.12488339
25804,0.14425538
26004,0.02204025
26104,0.03130015
26204,0.093718395
26304,0.10285549
26404,0.03818221
26604,0.010359432
26704,0.08448045
26804,0.019515382
26904,0.051897164
27004,0.34063226
27304,0.03839525
27404,0.009076882
27504,0.05410112
27904,0.05737975
28004,0.19382638
28104,0.017185943
28304,0.024417527
28404,0.12241267
29004,0.02078802
29104,0.030700097
29304,0.014400547
29604,0.025316443
29704,0.034246366
29804,0.115153186
29904,0.032096
30004,0.052576426
30104,0.013808602
30304,0.052654482
30404,0.020874629
30704,0.01509982
30804,0.021619724
31104,0.02732575
31204,0.03977239
31604,0.020545062
31704,0.07325434
31804,0.13583812
31904,0.01032943
32004,0.018749174
32104,0.07324122
32804,0.033716686
33004,0.008849461
33104,0.019110708
33504,0.0030139536
33704,0.20172706
33804,0.11737124
33904,0.007957955
34004,0.0014495996
34204,0.0039063334
34304,0.045227535
34404,0.0010400511
34504,0.010270065
34604,0.048456706
34804,0.004360036
35004,0.0034337477
35204,0.028592508
35304,0.003890917
35504,0.011280333
35604,0.03273597
35704,0.049335986
35904,0.047899812
36004,0.13450848
36104,0.16270538
36604,0.027352737
37204,0.0041704043
37404,0.015516311
37504,0.06576707
37604,0.09277471
37704,0.038321167
38104,0.024130495
38204,0.047439396
38304,0.015547848
38404,0.03608861
38604,0.020342678
38804,0.016470237
39104,0.0696935
39204,0.013246911
39304,0.04386719
39404,0.023968756
39604,0.13871084
39704,0.0008781366
39904,0.02897956
40004,0.0052876095
40204,0.01752785
40504,0.012101277
40604,0.021089759
41804,0.02139596
42004,0.08214583
42704,0.0036762517
42904,0.021741636
43604,0.019224448
44204,0.04261787
44504,0.14808416
44704,0.024376336
44904,0.055112507
45204,0.005963366
45304,0.092351824
45504,0.08154098
45604,0.29232344
46104,0.004538329
46304,0.09680108
46504,0.007050644
46904,0.023973675
47004,0.010931853
47104,0.023806969
47204,0.08040577
47304,0.02451702
47604,0.055045653
47704,0.006622473
47804,0.009629871
47904,0.1255493
48204,0.07252519
48604,0.022438133
48704,0.0018200057
49104,0.020095943
49204,0.021658044
49604,0.051844705
49704,0.0122788
49904,0.07570073
50104,0.120144755
50304,0.0058794366
50404,0.025780188
50604,0.008919572
50804,0.007897576
50904,0.013368963
51004,0.02059654
51204,0.009263255
51604,0.02342846
51804,0.08136909
52004,0.12437484
52104,0.08375136
52504,0.052343536
52604,0.10995765
52704,0.0007819435
53204,0.031577576
53304,0.030488208
53404,0.003588886
53604,0.020184152
53904,0.015319668
54104,0.010214731
54204,0.06962443
54304,0.017847354
54404,0.0908581
54604,0.00401041
55004,0.0743756
55204,0.037290677
55404,0.026968166
55504,0.013480956
55604,0.06699417
56204,0.043673478
56504,0.05765249
56704,0.038950108
56804,0.05855205
57004,0.019020459
57104,0.029255755
57204,0.08197662
57304,0.031569235
57504,0.18694305
57904,0.025238264
58004,0.32170358
58204,0.0712092
58304,0.14328958
58504,0.040860727
58904,0.09234019
59104,0.04283441
59204,0.0217121
59504,0.018346485
59604,0.022199612
59804,0.030968597
59904,0.010756918
60404,0.012451294
60504,0.038717438
60804,0.004586525
61104,0.027700195
61304,0.014514192
61404,0.014811836
61704,0.007821595
62104,0.007932285
62404,0.0027354073
62704,0.060763106
62804,0.059669267
63504,0.078655854
63604,0.028420085
63704,0.014975159
63804,0.0441656
63904,0.007249845
64304,0.060170505
64404,0.014043991
5,0.0054977266
105,0.0074398923
405,0.003108424
605,0.0018229721
705,0.044654645
1005,0.0046729613
1205,0.00050711504
1705,0.024577063
2205,0.0009067444
2705,0.0008234281
2805,0.0015411221
2905,0.002026419
3005,0.0012388972
3105,0.017738713
3205,0.005105351
3305,0.010624288
3405,0.00060546893
3705,0.008252126
4005,0.0009151535
4105,0.0075939926
4205,0.016842952
4405,0.0016504221
4705,0.0006080578
4805,0.111333005
4905,0.0023848338
5105,0.003886008
5205,0.011410549
5705,0.0067251506
5905,0.004047473
6205,0.017589021
6305,0.035938375
6505,0.0034233106
6605,0.040586907
6805,0.00825208
6905,0.008588653
7005,0.0026558484
7205,0.0073126666
7405,0.013214291
7505,0.0025023513
7705,0.002791265
7905,0.0105120735
8105,0.0016057709
8205,0.014040784
8305,0.032467842
8405,0.02176467
8505,0.0047070854
8605,0.017361978
8705,0.0037831962
8905,0.002494092
9005,0.008331664
9205,0.027623426
9505,0.0068986374
9805,0.0102430675
9905,0.0033872623
10105,0.0024353848
10405,0.029312503
10505,0.03187665
10605,0.08381141
10705,0.112088375
10905,0.010922446
11205,0.006197789
11305,0.002338013
11705,0.009688057
11905,0.094778605
12105,0.0013024326
12405,0.0009917498
12705,0.014604482
12905,0.00060330465
13005,0.018680988
13405,0.059857007
13505,0.007470483
13605,0.07660172
13705,0.1777803
13905,0.022155765
14305,0.015313129
14405,0.0012687424
15405,0.0032461942
15605,0.06706557
15705,0.00028569443
15805,0.0024044632
15905,0.0020168684
16105,0.0061294087
16205,0.019927016
16305,0.0113102645
16405,0.013029422
16505,0.00030026838
16605,0.0015797664
17005,0.006409383
17105,0.0037144525
17205,0.0047675036
17305,0.002345725
17405,0.0018191729
17605,0.0029605797
17705,0.0032255407
17905,0.021605061
18005,0.013176157
18105,0.0016669498
18205,0.00045227527
18405,0.00028480115
18505,0.0018084628
18705,0.0032107756
18805,0.0030429119
19105,0.0031405436
19505,0.0022136502
19605,0.001577713
19705,0.009859781
19805,0.0142632285
20705,0.0116874
20805,0.011533631
20905,0.011901169
21105,0.02351068
21205,0.007905337
21405,0.0066848076
21805,0.0592167
22005,0.027416063
22305,0.028455477
22405,0.0129607525
22505,0.09679333
22605,0.018328793
22905,0.0069335313
23005,0.0031117718
23205,0.017888203
23305,0.05355558
23605,0.025195217
23705,0.006761046
23805,0.005620643
23905,0.00072167296
24105,0.013189054
24205,0.010472008
24405,0.0034930815
24505,0.004098802
24605,0.0037801103
24705,0.0009342519
25305,0.0025422585
25405,0.0061668674
25805,0.0008011922
26005,0.0054836585
26105,0.0043346165
26205,0.049903996
26305,0.07086794
26405,0.016400896
26605,0.009011508
26705,0.020802923
26805,0.0049610687
26905,0.0040087295
27005,0.013562227
27305,0.0083029885
27405,0.006446745
27505,0.01145957
27905,0.0019118171
28005,0.005766156
28105,0.0006717766
28305,0.014714987
28405,0.010090872
29005,0.004777067
29105,0.011817957
29305,0.009057532
29605,0.1000811
29705,0.03755059
29805,0.00095509365
29905,0.031116305
30005,0.0037375
30105,0.0017932602
30305,0.061028346
30405,0.030340388
30705,0.0010590692
30805,0.0023072648
31105,0.0028466345
31205,0.0072253216
31605,0.0061334404
31705,0.0028462482
31805,0.0028717325
31905,0.0315587
32005,0.009052683
32105,0.016042514
32805,0.004738544
33005,0.0047525326
33105,0.0046012443
33505,0.0020586813
33705,0.005226866
33805,0.018833013
33905,0.0008633369
34005,0.0006625333
34205,0.00046484757
34305,0.0025726454
34405,0.00034021953
34505,0.0012051973
34605,0.0017346379
34805,0.00039024223
35005,0.0021390675
35205,0.025560884
35305,0.0059608603
35505,0.0023939407
35605,0.00041405016
35705,0.006973945
35905,0.004403789
36005,0.0121092
36105,0.013723018
36605,0.008240466
37205,0.0069655343
37405,0.005312738
37505,0.005799327
37605,0.0015316132
37705,0.0034281798
38105,0.025870066
38205,0.073358096
38305,0.08111016
38405,0.0010494284
38605,0.01570557
38805,0.01028849
39105,0.012403129
39205,0.0065799085
39305,0.013002273
39405,0.005721441
39605,0.0056971987
39705,0.0048795235
39905,0.0024965745
40005,0.008917354
40205,0.0035981124
40505,0.0031844312
40605,0.0028830376
41805,0.0046069687
42005,0.0065387627
42705,0.0052430495
42905,0.09783515
43605,0.0009908939
44205,0.00381666
44505,0.0021555775
44705,0.02224479
44905,0.027534835
45205,0.003694563
45305,0.008579751
45505,0.005956438
45605,0.023073787
46105,0.0044218465
46305,0.029329205
46505,0.0011484101
46905,0.0024645568
47005,0.0015605673
47105,0.0006231906
47205,0.010186359
47305,0.0050861468
47605,0.017522609
47705,0.013168478
47805,0.0038828186
47905,0.0016944949
48205,0.003202618
48605,0.0035705736
48705,0.00031675556
49105,0.0021988687
49205,0.015165715
49605,0.0017991646
49705,0.0034990772
49905,0.0022174423
50105,0.025012406
50305,0.0010365874
50405,0.00259226
50605,0.0016663477
50805,0.0015008621
50905,0.00097390113
51005,0.0015943999
51205,0.0017343386
51605,0.01424162
51805,0.0019829988
52005,0.0053295693
52105,0.007011555
52505,0.010942861
52605,0.0026446916
52705,0.00011735558
53205,0.024324028
53305,0.021061946
53405,0.017730974
53605,0.02651853
53905,0.0008042235
54105,0.0020990386
54205,0.0025546877
54305,0.0010984655
54405,0.0066617248
54605,0.0069821794
55005,0.048198126
55205,0.0024443686
55405,0.0067556044
55505,0.0031902124
55605,0.0106693525
56205,0.008075642
56505,0.007571985
56705,0.09277316
56805,0.005939722
57005,0.0012457693
57105,0.003600649
57205,0.0028307855
57305,0.0026218023
57505,0.0077229054
57905,0.011689659
58005,0.0059939944
58205,0.0011144333
58305,0.0035835041
58505,0.0021112
58905,0.015908798
59105,0.005481828
59205,0.0015061223
59505,0.002646244
59605,0.007040841
59805,0.006338897
59905,0.0069491435
60405,0.00040584852
60505,0.001638369
60805,0.01298489
61105,0.005901387
61305,0.0039910795
61405,0.0015583223
61705,0.008303879
62105,0.002177144
62405,0.025536133
62705,0.014732628
62805,0.08054835
63505,0.008890947
63605,0.037264857
63705,0.09470452
63805,0.1644875
63905,0.0005782363
64305,0.018336419
64405,0.0072714677
6,0.004099079
106,0.007066654
406,0.009632707
606,0.2062019
706,0.020453366
1006,0.008707832
1206,0.0029815622
1706,0.0042350898
2206,0.0043502236
2706,0.0021232683
2806,0.008371894
2906,0.026562922
3006,0.024492532
3106,0.0057868795
3206,0.05876873
3306,0.0044295206
3406,0.0035357065
3706,0.002841206
4006,0.011146486
4106,0.0023692728
4206,0.029340122
4406,0.008539528
4706,0.0041513117
4806,0.015535829
4906,0.028527971
5106,0.009730498
5206,0.17330338
5706,0.11598351
5906,0.1154671
6206,0.009501659
6306,0.0033329567
6506,0.2584557
6606,0.044457905
6806,0.07319033
6906,0.0023433473
7006,0.008117454
7206,0.010764393
7406,0.014545262
7506,0.028625047
7706,0.0035445099
7906,0.0058622523
8106,0.015963119
8206,0.0084491735
8306,0.0024341224
8406,0.012300109
8506,0.0058286614
8606,0.00388684
8706,0.014035631
8906,0.0049178773
9006,0.016834393
9206,0.002507409
9506,0.020340726
9806,0.0068212366
9906,0.020108681
10106,0.008325442
10406,0.004417876
10506,0.011535889
10606,0.0059485636
10706,0.006936099
10906,0.06279282
11206,0.005595369
11306,0.003767116
11706,0.0039834287
11906,0.032044344
12106,0.010912238
12406,0.18714397
12706,0.1968533
12906,0.029930396
13006,0.096923545
13406,0.013815242
13506,0.010353093
13606,0.024792273
13706,0.034292173
13906,0.017654248
14306,0.049368
14406,0.010351403
15406,0.036884226
15606,0.035349675
15706,0.21436206
15806,0.0046393434
15906,0.005100918
16106,0.018782722
16206,0.011774157
16306,0.004986765
16406,0.0038171906
16506,0.0018685706
16606,0.004811057
17006,0.009856675
17106,0.0070635425
17206,0.00823437
17306,0.0048685195
17406,0.003424361
17606,0.0071565593
17706,0.012653476
17906,0.0034655835
18006,0.002273472
18106,0.002050964
18206,0.0015461281
18406,0.0021181293
18506,0.007126871
18706,0.002146438
18806,0.005966585
19106,0.10063771
19506,0.0036170583
19606,0.003911843
19706,0.0034507692
19806,0.00439475
20706,0.049971085
20806,0.019805761
20906,0.048909362
21106,0.016989583
21206,0.040843833
21406,0.02650741
21806,0.041854553
22006,0.013320775
22306,0.011741669
22406,0.04304964
22506,0.04759606
22606,0.087281965
22906,0.0019628298
23006,0.0032655764
23206,0.020832228
23306,0.016344331
23606,0.00504922
23706,0.03131701
23806,0.019224523
23906,0.016304685
24106,0.0073252367
24206,0.0058699297
24406,0.009042052
24506,0.00944019
24606,0.0032860087
24706,0.012376821
25306,0.009792197
25406,0.011851041
25806,0.01091193
26006,0.010223289
26106,0.010266844
26206,0.026388297
26306,0.014932471
26406,0.25092235
26606,0.010635613
26706,0.012794423
26806,0.008291549
26906,0.0061833384
27006,0.0012995126
27306,0.02245311
27406,0.018905452
27506,0.0040953187
27906,0.0060894713
28006,0.016366046
28106,0.15510765
28306,0.02895379
28406,0.036749262
29006,0.19332336
29106,0.05859705
29306,0.30122563
29606,0.0036220148
29706,0.16344875
29806,0.04355591
29906,0.019937309
30006,0.24296592
30106,0.08412945
30306,0.01698793
30406,0.0964099
30706,0.0793481
30806,0.02371074
31106,0.019763816
31206,0.068157606
31606,0.007808682
31706,0.017105239
31806,0.018372236
31906,0.043956593
32006,0.037577912
32106,0.004071561
32806,0.017153377
33006,0.0045046867
33106,0.0035747963
33506,0.023827458
33706,0.00421644
33806,0.005377365
33906,0.0016647183
34006,0.0020694968
34206,0.0020212096
34306,0.008326546
34406,0.0018867488
34506,0.0032149828
34606,0.010065517
34806,0.0017075164
35006,0.040337175
35206,0.021492466
35306,0.04672401
35506,0.009719818
35606,0.007327605
35706,0.0067560845
35906,0.01198529
36006,0.02227928
36106,0.002200652
36606,0.0121343015
37206,0.008395206
37406,0.25651747
37506,0.04254313
37606,0.058808643
37706,0.1107692
38106,0.020704808
38206,0.025115997
38306,0.043952998
38406,0.17984924
38606,0.0061798417
38806,0.038231373
39106,0.008768185
39206,0.0027873283
39306,0.004484692
39406,0.005235028
39606,0.004138741
39706,0.025016155
39906,0.0041113184
40006,0.011279794
40206,0.0032724058
40506,0.0064792493
40606,0.015823077
41806,0.01833596
42006,0.011231235
42706,0.054562677
42906,0.008340501
43606,0.095568
44206,0.012830034
44506,0.007288589
44706,0.015897589
44906,0.018123085
45206,0.3019046
45306,0.016486157
45506,0.048972953
45606,0.016386969
46106,0.010305362
46306,0.03574659
46506,0.06169275
46906,0.005309277
47006,0.0027737122
47106,0.017449405
47206,0.015097737
47306,0.073199965
47606,0.019464362
47706,0.027305037
47806,0.07230627
47906,0.005635591
48206,0.015436719
48606,0.02018205
48706,0.0019474744
49106,0.020632014
49206,0.08838406
49606,0.013251426
49706,0.0051337765
49906,0.006363809
50106,0.0033407614
50306,0.0021525794
50406,0.004136143
50606,0.0043266336
50806,0.0021516783
50906,0.008849555
51006,0.017759312
51206,0.002373385
51606,0.0067880047
51806,0.014972398
52006,0.0052440725
52106,0.02066891
52506,0.008064785
52606,0.10035002
52706,0.0040770876
53206,0.046650082
53306,0.042554095
53406,0.026517969
53606,0.019549387
53906,0.030437807
54106,0.0930488
54206,0.20264256
54306,0.30314398
54406,0.045210972
54606,0.014224065
55006,0.020210506
55206,0.016298635
55406,0.003267189
55506,0.015979923
55606,0.030127566
56206,0.010568579
56506,0.00563754
56706,0.007178034
56806,0.011158765
57006,0.009334564
57106,0.008698718
57206,0.0077317003
57306,0.0060117883
57506,0.015119286
57906,0.02020354
58006,0.010541969
58206,0.01524646
58306,0.007891248
58506,0.0202939
58906,0.03613922
59106,0.019476278
59206,0.011222658
59506,0.00408745
59606,0.0786771
59806,0.02124824
59906,0.036758557
60406,0.002560043
60506,0.020633223
60806,0.20715989
61106,0.048699748
61306,0.039293133
61406,0.07620679
61706,0.0119200125
62106,0.13778557
62406,0.048434623
62706,0.014018734
62806,0.017557282
63506,0.007998457
63606,0.07307016
63706,0.011938179
63806,0.016093194
63906,0.0038342972
64306,0.08668013
64406,0.03072883
7,0.012695406
107,0.019452667
407,0.025996448
607,0.08305088
707,0.047809403
1007,0.015839485
1207,0.009171077
1707,0.013998087
2207,0.069276765
2707,0.021103911
2807,0.06520301
2907,0.18655767
3007,0.015605611
3107,0.05068809
3207,0.1384637
3307,0.019310743
3407,0.034604784
3707,0.09434217
4007,0.0039500883
4107,0.077033974
4207,0.32395974
4407,0.3178661
4707,0.0025091092
4807,0.04357428
4907,0.042837624
5107,0.012553175
5207,0.26386043
5707,0.25134155
5907,0.25580975
6207,0.46951854
6307,0.17833783
6507,0.118097894
6607,0.06816837
6807,0.08440647
6907,0.10588537
7007,0.038632564
7207,0.10099074
7407,0.23223354
7507,0.006635451
7707,0.054129843
7907,0.21283032
8107,0.009583793
8207,0.056748938
8307,0.033044346
8407,0.21391581
8507,0.027506487
8607,0.040335514
8707,0.02926263
8907,0.045516904
9007,0.14499055
9207,0.06931634
9507,0.081605375
9807,0.03877915
9907,0.17125997
10107,0.32412905
10407,0.17039633
10507,0.17570691
10607,0.28741333
10707,0.36944756
10907,0.12041486
11207,0.035677493
11307,0.10789082
11707,0.17150703
11907,0.17182645
12107,0.37153488
12407,0.2341412
12707,0.22867815
12907,0.057988506
13007,0.26349247
13407,0.26138806
13507,0.01865803
13607,0.13019346
13707,0.1279396
13907,0.3535009
14307,0.042955786
14407,0.048936006
15407,0.024168156
15607,0.16341296
15707,0.26921913
15807,0.11255301
15907,0.03837466
16107,0.08659258
16207,0.063659154
16307,0.016060187
16407,0.023237959
16507,0.0049711852
16607,0.009077357
17007,0.09835632
17107,0.027343245
17207,0.009553467
17307,0.018791521
17407,0.012492947
17607,0.033690624
17707,0.01579573
17907,0.020564448
18007,0.011749511
18107,0.04274474
18207,0.03620747
18407,0.034349956
18507,0.030720422
18707,0.058103632
18807,0.20030265
19107,0.040878337
19507,0.008805825
19607,0.02653448
19707,0.01580778
19807,0.15634158
20707,0.17411855
20807,0.15577613
20907,0.05176271
21107,0.2028505
21207,0.439707
21407,0.032538418
21807,0.1967839
22007,0.07886075
22307,0.3676114
22407,0.21807466
22507,0.119777255
22607,0.3143038
22907,0.17750917
23007,0.038204756
23207,0.3882161
23307,0.2681136
23607,0.05104913
23707,0.35462973
23807,0.08299719
23907,0.07800107
24107,0.041866347
24207,0.12646513
24407,0.07057704
24507,0.080383
24607,0.037359234
24707,0.015620489
25307,0.025343414
25407,0.3214774
25807,0.020380387
26007,0.009479992
26107,0.066987455
26207,0.33873585
26307,0.15070748
26407,0.16541679
26607,0.029572412
26707,0.11543679
26807,0.1255087
26907,0.14750724
27007,0.019293595
27307,0.102057934
27407,0.07921752
27507,0.12887271
27907,0.06377735
28007,0.21965995
28107,0.11787037
28307,0.06355073
28407,0.15130714
29007,0.062690444
29107,0.18424259
29307,0.20840621
29607,0.489489
29707,0.1232357
29807,0.12438777
29907,0.034468945
30007,0.12886563
30107,0.07406584
30307,0.088698894
30407,0.119886324
30707,0.15622129
30807,0.19119224
31107,0.0766327
31207,0.41084436
31607,0.13379991
31707,0.049394973
31807,0.27583334
31907,0.22764929
32007,0.08362106
32107,0.026348557
32807,0.02452354
33007,0.012909369
33107,0.0071944166
33507,0.018504238
33707,0.019400273
33807,0.01302539
33907,0.03904632
34007,0.0087363785
34207,0.04509982
34307,0.016282503
34407,0.012082663
34507,0.024167744
34607,0.13960616
34807,0.021031434
35007,0.04074897
35207,0.1248153
35307,0.029475793
35507,0.014945549
35607,0.017945642
35707,0.008914939
35907,0.11296323
36007,0.04227216
36107,0.268865
36607,0.008607269
37207,0.027823463
37407,0.22001551
37507,0.24750562
37607,0.071152285
37707,0.25910327
38107,0.06238158
38207,0.035655353
38307,0.16078588
38407,0.11296597
38607,0.034231957
38807,0.039951805
39107,0.041438993
39207,0.19575587
39307,0.1571853
39407,0.083215155
39607,0.16018452
39707,0.0032435053
39907,0.13262114
40007,0.20037039
40207,0.0102089
40507,0.07209611
40607,0.06557989
41807,0.023454335
42007,0.11815694
42707,0.09515211
42907,0.20577502
43607,0.14517348
44207,0.03672675
44507,0.38045833
44707,0.059596963
44907,0.026991332
45207,0.12601036
45307,0.3644077
45507,0.22762206
45607,0.15154487
46107,0.012418923
46307,0.21020357
46507,0.090771
46907,0.16198173
47007,0.06820259
47107,0.033009663
47207,0.1199811
47307,0.03367177
47607,0.16945225
47707,0.05785125
47807,0.106926985
47907,0.16362564
48207,0.084110774
48607,0.028240977
48707,0.00455052
49107,0.06563021
49207,0.27177453
49607,0.41729388
49707,0.060621478
49907,0.030438831
50107,0.0150967585
50307,0.047758017
50407,0.05575309
50607,0.07970893
50807,0.05678898
50907,0.039233174
51007,0.034871656
51207,0.05860143
51607,0.18683648
51807,0.2577522
52007,0.31178668
52107,0.08121402
52507,0.35971457
52607,0.12500519
52707,0.00011765647
53207,0.18950652
53307,0.24955355
53407,0.0362072
53607,0.053107485
53907,0.012067824
54107,0.1339868
54207,0.25367078
54307,0.19108853
54407,0.11858773
54607,0.018009314
55007,0.06593672
55207,0.15582947
55407,0.069650665
55507,0.06702044
55607,0.05988581
56207,0.15656151
56507,0.0423963
56707,0.07846099
56807,0.24570917
57007,0.026122876
57107,0.021701526
57207,0.45979023
57307,0.33227316
57507,0.06474169
57907,0.09635593
58007,0.06233675
58207,0.04427494
58307,0.3343055
58507,0.25728196
58907,0.20807217
59107,0.022219282
59207,0.32969037
59507,0.031517815
59607,0.16193472
59807,0.13255121
59907,0.026944209
60407,0.03570268
60507,0.24816266
60807,0.0881435
61107,0.13251525
61307,0.057462372
61407,0.114345215
61707,0.016655803
62107,0.13089393
62407,0.09070339
62707,0.3078653
62807,0.07452447
63507,0.02941047
63607,0.19293445
63707,0.05697268
63807,0.031891704
63907,0.016098833
64307,0.096755214
64407,0.37803128
8,0.096479215
108,0.028354432
408,0.012947953
608,0.0053888056
708,0.10387952
1008,0.06656037
1208,0.015509219
1708,0.09288256
2208,0.021316571
2708,0.022796381
2808,0.023204714
2908,0.008074783
3008,0.0071945516
3108,0.02996952
3208,0.0076479334
3308,0.0045222174
3408,0.016628765
3708,0.017060606
4008,0.0031430873
4108,0.0058082156
4208,0.02324926
4408,0.032635584
4708,0.0012414769
4808,0.011576552
4908,0.011525097
5108,0.0051526455
5208,0.012230583
5708,0.0051679383
5908,0.02022742
6208,0.015959617
6308,0.06668963
6508,0.008127722
6608,0.01420953
6808,0.008460033
6908,0.016734257
7008,0.021525852
7208,0.0038956834
7408,0.03079828
7508,0.0031630662
7708,0.056108374
7908,0.04422084
8108,0.031044627
8208,0.026436683
8308,0.025914205
8408,0.02061464
8508,0.31607485
8608,0.1442937
8708,0.051477246
8908,0.4916766
9008,0.13694309
9208,0.098288916
9508,0.013396671
9808,0.015502593
9908,0.048486967
10108,0.014310275
10408,0.030738251
10508,0.094680585
10608,0.12144798
10708,0.20882428
10908,0.021870166
11208,0.27222347
11308,0.042043697
11708,0.01948629
11908,0.021247512
12108,0.01043076
12408,0.008249399
12708,0.02654218
12908,0.00738397
13008,0.047582388
13408,0.02429816
13508,0.025424387
13608,0.033058263
13708,0.011503196
13908,0.07377073
14308,0.0039018095
14408,0.18093452
15408,0.01972103
15608,0.033281866
15708,0.0043288623
15808,0.086230926
15908,0.14274159
16108,0.009230261
16208,0.019174537
16308,0.045863025
16408,0.05690095
16508,0.0055329157
16608,0.010906841
17008,0.021476649
17108,0.032865323
17208,0.02354059
17308,0.046352174
17408,0.008259163
17608,0.010894821
17708,0.045729175
17908,0.06637498
18008,0.1836957
18108,0.012291363
18208,0.03297815
18408,0.01494312
18508,0.12161854
18708,0.039365314
18808,0.06368998
19108,0.0071410066
19508,0.017500546
19608,0.004110032
19708,0.064377606
19808,0.0137653025
20708,0.0032567473
20808,0.018256662
20908,0.021567535
21108,0.026188416
21208,0.008408558
21408,0.017959556
21808,0.016528226
22008,0.007233825
22308,0.11655397
22408,0.013899528
22508,0.062138185
22608,0.06571946
22908,0.012438159
23008,0.005049245
23208,0.025192127
23308,0.08679046
23608,0.13093314
23708,0.043559995
23808,0.03888443
23908,0.008476881
24108,0.056912985
24208,0.023521645
24408,0.025452735
24508,0.03365153
24608,0.042638637
24708,0.049041715
25308,0.00572525
25408,0.017713329
25808,0.16366996
26008,0.01561723
26108,0.1095592
26208,0.017083019
26308,0.020217344
26408,0.02923679
26608,0.054227587
26708,0.018846866
26808,0.094671875
26908,0.074787155
27008,0.14498527
27308,0.03640912
27408,0.10710742
27508,0.014666561
27908,0.025541522
28008,0.025428934
28108,0.016640218
28308,0.04101253
28408,0.004108138
29008,0.014307753
29108,0.011891701
29308,0.02027101
29608,0.099483855
29708,0.017287776
29808,0.015159684
29908,0.01655156
30008,0.006072711
30108,0.029452147
30308,0.010902841
30408,0.0077678515
30708,0.018976202
30808,0.024737038
31108,0.09925072
31208,0.013549766
31608,0.07129521
31708,0.059351224
31808,0.017790873
31908,0.025805417
32008,0.0071981978
32108,0.06475337
32808,0.049344167
33008,0.01914711
33108,0.01659217
33508,0.021857174
33708,0.19819514
33808,0.12631766
33908,0.066395454
34008,0.005014359
34208,0.0035534294
34308,0.22035488
34408,0.010106232
34508,0.040372327
34608,0.057920866
34808,0.008345721
35008,0.009343575
35208,0.0097859055
35308,0.0056154453
35508,0.01991322
35608,0.038658027
35708,0.022291105
35908,0.015701631
36008,0.019943314
36108,0.15249266
36608,0.020808667
37208,0.0048543005
37408,0.011888936
37508,0.008048461
37608,0.022190599
37708,0.037192214
38108,0.0061068963
38208,0.01279003
38308,0.015215474
38408,0.0039364244
38608,0.09068779
38808,0.00773464
39108,0.031475067
39208,0.018064195
39308,0.031803746
39408,0.011618618
39608,0.025493698
39708,0.0013125195
39908,0.118335456
40008,0.1510612
40208,0.022518063
40508,0.036916304
40608,0.027619489
41808,0.033389453
42008,0.024501456
42708,0.034779873
42908,0.09930489
43608,0.010653854
44208,0.008819949
44508,0.012546476
44708,0.09756689
44908,0.016615054
45208,0.02697854
45308,0.045830574
45508,0.016041122
45608,0.008740201
46108,0.0071947067
46308,0.027281418
46508,0.12333027
46908,0.08268703
47008,0.07101002
47108,0.18152438
47208,0.011656178
47308,0.009763329
47608,0.009314391
47708,0.13449122
47808,0.008530944
47908,0.046434782
48208,0.0046755667
48608,0.02165584
48708,0.004103375
49108,0.009497541
49208,0.023427935
49608,0.009992065
49708,0.025044229
49908,0.036064282
50108,0.07975122
50308,0.07427864
50408,0.038727727
50608,0.013827433
50808,0.04846641
50908,0.03352618
51008,0.07478345
51208,0.015348136
51608,0.018185345
51808,0.011306397
52008,0.012301189
52108,0.008711729
52508,0.06871928
52608,0.012110913
52708,0.0010588755
53208,0.04188952
53308,0.04894256
53408,0.019635376
53608,0.014438169
53908,0.004523255
54108,0.1189057
54208,0.010170009
54308,0.0046738577
54408,0.011330807
54608,0.010029214
55008,0.02036167
55208,0.060755637
55408,0.009107103
55508,0.065692395
55608,0.012295282
56208,0.018163694
56508,0.09745808
56708,0.08456662
56808,0.030951457
57008,0.29281718
57108,0.2521027
57208,0.04085289
57308,0.030782128
57508,0.043437816
57908,0.017494394
58008,0.034137692
58208,0.14984709
58308,0.030099088
58508,0.042964153
58908,0.0495748
59108,0.055298496
59208,0.07520123
59508,0.23120919
59608,0.028616967
59808,0.02842041
59908,0.010298376
60408,0.23710886
60508,0.009778021
60808,0.05517708
61108,0.07292027
61308,0.21700904
61408,0.053756025
61708,0.0052592945
62108,0.030013107
62408,0.02212575
62708,0.010277569
62808,0.040121753
63508,0.023407971
63608,0.021047926
63708,0.028928135
63808,0.021211043
63908,0.026323998
64308,0.0053372253
64408,0.020621082
9,0.04467654
109,0.021317393
409,0.011309053
609,0.09771358
709,0.07161271
1009,0.033752806
1209,0.0034152642
1709,0.022357747
2209,0.014472141
2709,0.0009908181
2809,0.0055111386
2909,0.07436909
3009,0.35627103
3109,0.003315395
3209,0.017477669
3309,0.08052528
3409,0.0035801998
3709,0.0071932506
4009,0.067380756
4109,0.025874628
4209,0.008982333
4409,0.012420488
4709,0.06417517
4809,0.023774132
4909,0.272558
5109,0.08626503
5209,0.07832314
5709,0.03524837
5909,0.10116666
6209,0.011540617
6309,0.016578855
6509,0.097713776
6609,0.040435545
6809,0.08169312
6909,0.0030311435
7009,0.0028815742
7209,0.007949634
7409,0.031863857
7509,0.21154869
7709,0.0031929975
7909,0.010254279
8109,0.40164265
8209,0.10461998
8309,0.0063555827
8409,0.023423722
8509,0.11569347
8609,0.012246278
8709,0.006803032
8909,0.014926725
9009,0.07053135
9209,0.04248881
9509,0.014942563
9809,0.018126022
9909,0.08790736
10109,0.008538693
10409,0.0139766
10509,0.123248965
10609,0.029765371
10709,0.013916708
10909,0.13172902
11209,0.03174702
11309,0.0013933706
11709,0.003298532
11909,0.057447076
12109,0.01618186
12409,0.021905405
12709,0.00950359
12909,0.56001115
13009,0.048364397
13409,0.049767964
13509,0.17346905
13609,0.015005339
13709,0.009420758
13909,0.019135956
14309,0.045187265
14409,0.013955355
15409,0.08974506
15609,0.04001181
15709,0.021755805
15809,0.0018407409
15909,0.0068831244
16109,0.012722117
16209,0.052550513
16309,0.0031557328
16409,0.009912024
16509,0.0035426077
16609,0.0036263177
17009,0.3458388
17109,0.016670406
17209,0.08986465
17309,0.0054169185
17409,0.0044928817
17609,0.019062707
17709,0.12010027
17909,0.005349709
18009,0.018575808
18109,0.0014379752
18209,0.00029079517
18409,0.0011637153
18509,0.009565997
18709,0.00089440634
18809,0.0017168547
19109,0.07838754
19509,0.012816965
19609,0.0027492065
19709,0.012555057
19809,0.008023543
20709,0.022624131
20809,0.02977023
20909,0.06019971
21109,0.014769704
21209,0.009087303
21409,0.34776086
21809,0.017487377
22009,0.04949668
22309,0.013856524
22409,0.05217346
22509,0.01755535
22609,0.021952007
22909,0.0016447398
23009,0.0029498944
23209,0.014872735
23309,0.021958597
23609,0.016628923
23709,0.027239788
23809,0.018407248
23909,0.019653555
24109,0.0355243
24209,0.022914682
24409,0.0054275156
24509,0.0010264919
24609,0.0013070796
24709,0.37854016
25309,0.009957377
25409,0.014344024
25809,0.022751799
26009,0.02477672
26109,0.069488026
26209,0.030587573
26309,0.052765243
26409,0.0811606
26609,0.294673
26709,0.086715475
26809,0.0026025148
26909,0.0036521554
27009,0.005888677
27309,0.014070509
27409,0.008685277
27509,0.007486538
27909,0.0023298606
28009,0.031698108
28109,0.0704429
28309,0.22168225
28409,0.16275854
29009,0.04702138
29109,0.07908958
29309,0.02480489
29609,0.010485476
29709,0.054444376
29809,0.2945871
29909,0.009287667
30009,0.1701767
30109,0.04761651
30309,0.005756307
30409,0.050350226
30709,0.013946337
30809,0.005236214
31109,0.007287054
31209,0.016218519
31609,0.0023560824
31709,0.040739197
31809,0.026639791
31909,0.029909888
32009,0.0395606
32109,0.012452876
32809,0.27166697
33009,0.011437108
33109,0.010388761
33509,0.28511208
33709,0.008676929
33809,0.053813264
33909,0.00031071846
34009,0.0037002934
34209,0.000678095
34309,0.06651898
34409,0.00078663696
34509,0.0007696997
34609,0.0033316053
34809,0.00037178874
35009,0.025867894
35209,0.014519466
35309,0.07048975
35509,0.040035315
35609,0.0285392
35709,0.021039011
35909,0.018938754
36009,0.014372346
36109,0.013106551
36609,0.114513695
37209,0.069106355
37409,0.04298435
37509,0.057004664
37609,0.36796263
37709,0.056871414
38109,0.056235384
38209,0.03286902
38309,0.038708653
38409,0.26772037
38609,0.22539638
38809,0.0866425
39109,0.030802393
39209,0.0019101703
39309,0.0055871527
39409,0.004827927
39609,0.013314332
39709,0.31494328
39909,0.0025111286
40009,0.0033674818
40209,0.040073007
40509,0.001382249
40609,0.046816364
41809,0.019883294
42009,0.03921518
42709,0.006758033
42909,0.032462984
43609,0.027737716
44209,0.028545002
44509,0.006608604
44709,0.009581545
44909,0.19595917
45209,0.02351035
45309,0.034426358
45509,0.026608916
45609,0.0592321
46109,0.017085819
46309,0.069666296
46509,0.01167094
46909,0.005977333
47009,0.0025788117
47109,0.0034122409
47209,0.010998552
47309,0.21736364
47609,0.031374674
47709,0.1585865
47809,0.35709754
47909,0.021400917
48209,0.015832465
48609,0.007867367
48709,0.005027704
49109,0.016703641
49209,0.008177746
49609,0.00850608
49709,0.0024367094
49909,0.003775826
50109,0.022689333
50309,0.0006228395
50409,0.0010827248
50609,0.0010240198
50809,0.0004922785
50909,0.0023802512
51009,0.0015354778
51209,0.0008162477
51609,0.005240763
51809,0.011788122
52009,0.004551376
52109,0.03674408
52509,0.005018319
52609,0.18092343
52709,0.6180573
53209,0.191202
53309,0.037495524
53409,0.15398034
53609,0.022172442
53909,0.64959383
54109,0.0062822253
54209,0.07884468
54309,0.044907305
54409,0.20323825
54609,0.012293196
55009,0.031712063
55209,0.029533414
55409,0.003912061
55509,0.0038077952
55609,0.022851318
56209,0.013945665
56509,0.29241338
56709,0.006173879
56809,0.005796164
57009,0.025905507
57109,0.030870574
57209,0.0095325615
57309,0.0021623364
57509,0.033781923
57909,0.014347665
58009,0.053068582
58209,0.013390303
58309,0.019938253
58509,0.14679965
58909,0.045319602
59109,0.26491052
59209,0.0032725574
59509,0.013396838
59609,0.08649989
59809,0.010950676
59909,0.059262242
60409,0.00095665694
60509,0.006453514
60809,0.039602187
61109,0.010510469
61309,0.006985494
61409,0.015067981
61709,0.0183459
62109,0.014862777
62409,0.050613288
62709,0.11946872
62809,0.011698716
63509,0.007899536
63609,0.014170929
63709,0.027620232
63809,0.033647936
63909,0.009364002
64309,0.07588762
64409,0.0042183897
10,0.5375107
110,0.19585016
410,0.2554343
610,0.37334147
710,0.044377506
1010,0.46044818
1210,0.482575
1710,0.17098255
2210,0.46427107
2710,0.03489335
2810,0.5687106
2910,0.48919085
3010,0.3982805
3110,0.020497842
3210,0.13541467
3310,0.037155684
3410,0.36648634
3710,0.014343594
4010,0.18808354
4110,0.003861932
4210,0.027836496
4410,0.270857
4710,0.07965021
4810,0.036787357
4910,0.29642367
5110,0.065851144
5210,0.15313385
5710,0.080801696
5910,0.24903561
6210,0.034363292
6310,0.008295159
6510,0.16019624
6610,0.047238927
6810,0.15375417
6910,0.008719682
7010,0.064041786
7210,0.032020733
7410,0.04315351
7510,0.36994877
7710,0.1323158
7910,0.067725666
8110,0.35748202
8210,0.09088003
8310,0.043986764
8410,0.13727425
8510,0.2529503
8610,0.026361084
8710,0.12733428
8910,0.120988816
9010,0.14144759
9210,0.05948987
9510,0.27687007
9810,0.13905755
9910,0.23207296
10110,0.20755705
10410,0.020531295
10510,0.060093082
10610,0.06144701
10710,0.010953402
10910,0.03442193
11210,0.10407098
11310,0.027278375
11710,0.015956733
11910,0.026931189
12110,0.41688776
12410,0.3853126
12710,0.17359103
12910,0.17449869
13010,0.08054566
13410,0.018360306
13510,0.10294344
13610,0.07798738
13710,0.020260919
13910,0.019043468
14310,0.054834712
14410,0.44088614
15410,0.49154937
15610,0.023950063
15710,0.4020666
15810,0.08257811
15910,0.17635141
16110,0.2357585
16210,0.09933092
16310,0.01889399
16410,0.18436769
16510,0.31258634
16610,0.41644093
17010,0.052378282
17110,0.3865607
17210,0.25615317
17310,0.3243848
17410,0.2720913
17610,0.54538786
17710,0.42823306
17910,0.020393196
18010,0.18447997
18110,0.0862061
18210,0.041032325
18410,0.15547302
18510,0.32795757
18710,0.018817304
18810,0.09687928
19110,0.43924478
19510,0.4039999
19610,0.0816918
19710,0.03867301
19810,0.014941158
20710,0.23860948
20810,0.21701775
20910,0.3261681
21110,0.019789647
21210,0.07815863
21410,0.04750489
21810,0.0281307
22010,0.08147134
22310,0.00858258
22410,0.11359438
22510,0.01817773
22610,0.13696806
22910,0.006115328
23010,0.063517295
23210,0.007061672
23310,0.03527319
23610,0.027191695
23710,0.08827097
23810,0.11667055
23910,0.6896554
24110,0.12912038
24210,0.16713063
24410,0.18584186
24510,0.012316551
24610,0.032799605
24710,0.45231554
25310,0.3754281
25410,0.028615387
25810,0.42426923
26010,0.13875301
26110,0.15526491
26210,0.11977668
26310,0.022347849
26410,0.19325669
26610,0.03540512
26710,0.14465636
26810,0.020311473
26910,0.12424111
27010,0.028109098
27310,0.27337828
27410,0.09509109
27510,0.033155456
27910,0.23935561
28010,0.0693249
28110,0.5192056
28310,0.1192185
28410,0.061220653
29010,0.29627135
29110,0.06076665
29310,0.07267536
29610,0.019143047
29710,0.23438497
29810,0.2649132
29910,0.0899525
30010,0.13783188
30110,0.4586475
30310,0.0130575
30410,0.051361777
30710,0.45327765
30810,0.26040697
31110,0.29575035
31210,0.1432294
31610,0.054802075
31710,0.41643956
31810,0.18071775
31910,0.0753335
32010,0.22411732
32110,0.18809325
32810,0.40461132
33010,0.17908448
33110,0.18634635
33510,0.38035777
33710,0.18554091
33810,0.14703642
33910,0.025577951
34010,0.15352088
34210,0.12336045
34310,0.40380266
34410,0.060087383
34510,0.04577442
34610,0.16724613
34810,0.1298857
35010,0.22584563
35210,0.0337828
35310,0.13353778
35510,0.39249602
35610,0.77737284
35710,0.09263802
35910,0.27493763
36010,0.15507376
36110,0.051796325
36610,0.28516665
37210,0.05069453
37410,0.16399021
37510,0.18886514
37610,0.21243955
37710,0.1600377
38110,0.029374164
38210,0.04036269
38310,0.017974827
38410,0.21424411
38610,0.10790621
38810,0.10624882
39110,0.07787446
39210,0.0096299
39310,0.020875182
39410,0.04058714
39610,0.028626421
39710,0.13610078
39910,0.11785302
40010,0.027813546
40210,0.19855826
40510,0.06787621
40610,0.47913834
41810,0.17919745
42010,0.21714422
42710,0.11271605
42910,0.06846858
43610,0.50084037
44210,0.067759596
44510,0.21934253
44710,0.035426684
44910,0.029914303
45210,0.19062087
45310,0.022846727
45510,0.11766289
45610,0.01799548
46110,0.033253208
46310,0.023210684
46510,0.38058513
46910,0.40263668
47010,0.08292861
47110,0.36003262
47210,0.18908864
47310,0.29059377
47610,0.09235086
47710,0.048613984
47810,0.15209228
47910,0.4072091
48210,0.46270084
48610,0.1845858
48710,0.3281309
49110,0.3938146
49210,0.074873045
49610,0.32726327
49710,0.04587272
49910,0.4899992
50110,0.10393366
50310,0.026667861
50410,0.03841734
50610,0.04999394
50810,0.01487983
50910,0.3306461
51010,0.082513094
51210,0.031675916
51610,0.024022171
51810,0.29600042
52010,0.12581906
52110,0.11373589
52510,0.032559548
52610,0.25913915
52710,0.17699985
53210,0.122283794
53310,0.12628368
53410,0.053405203
53610,0.055784643
53910,0.113570295
54110,0.26790795
54210,0.25192386
54310,0.30073863
54410,0.10401388
54610,0.055806573
55010,0.054511823
55210,0.14758803
55410,0.025970604
55510,0.13555215
55610,0.12563655
56210,0.0563173
56510,0.16998418
56710,0.050454013
56810,0.12229048
57010,0.35217378
57110,0.28925106
57210,0.17600822
57310,0.12344178
57510,0.2167765
57910,0.108009614
58010,0.2573665
58210,0.42885876
58310,0.029674921
58510,0.2597753
58910,0.09885468
59110,0.21482265
59210,0.11176781
59510,0.057655204
59610,0.19406414
59810,0.13119178
59910,0.22149664
60410,0.19754648
60510,0.3397301
60810,0.098404445
61110,0.21213295
61310,0.21625964
61410,0.38872334
61710,0.04175396
62110,0.39219138
62410,0.028241208
62710,0.034709543
62810,0.049428966
63510,0.31758758
63610,0.06109999
63710,0.024448037
63810,0.02906896
63910,0.42383236
64310,0.18026274
64410,0.11279019
11,0.021696683
111,0.18626088
411,0.11731885
611,0.0065690205
711,0.04327705
1011,0.1520049
1211,0.107860446
1711,0.04926933
2211,0.02043634
2711,0.016216015
2811,0.009981282
2911,0.012994454
3011,0.0063299644
3111,0.06765585
3211,0.00877818
3311,0.023160305
3411,0.041961975
3711,0.012920021
4011,0.003241127
4111,0.0015223846
4211,0.016557166
4411,0.008946095
4711,0.0010382378
4811,0.010256687
4911,0.0045435657
5111,0.016018452
5211,0.006004831
5711,0.002134527
5911,0.0049934667
6211,0.0055814264
6311,0.015996354
6511,0.005297159
6611,0.009737268
6811,0.012304003
6911,0.010701096
7011,0.014246513
7211,0.0050315284
7411,0.016642798
7511,0.01317937
7711,0.033648733
7911,0.008850547
8111,0.009106606
8211,0.07329418
8311,0.072447576
8411,0.046377447
8511,0.018729797
8611,0.063364595
8711,0.051
8911,0.008897761
9011,0.007917718
9211,0.041446432
9511,0.0141622
9811,0.02613827
9911,0.007586764
10111,0.006390263
10411,0.005293572
10511,0.010328513
10611,0.0106649045
10711,0.015271883
10911,0.011047313
11211,0.06142324
11311,0.015654836
11711,0.010166557
11911,0.0090818675
12111,0.005137246
12411,0.0028928525
12711,0.015784755
12911,0.0010977695
13011,0.021507725
13411,0.007167687
13511,0.036012843
13611,0.011195626
13711,0.008808129
13911,0.021283612
14311,0.0065046283
14411,0.0072254855
15411,0.014822739
15611,0.025556449
15711,0.0007722192
15811,0.018347418
15911,0.044232246
16111,0.03720699
16211,0.01830263
16311,0.6094096
16411,0.17003477
16511,0.30511323
16611,0.020932626
17011,0.0021669609
17111,0.2950513
17211,0.35567
17311,0.1727171
17411,0.34450862
17611,0.011754995
17711,0.015146401
17911,0.33454424
18011,0.03289775
18111,0.036978383
18211,0.014643672
18411,0.011357267
18511,0.0616765
18711,0.026007148
18811,0.016785925
19111,0.012644691
19511,0.13202041
19611,0.031673696
19711,0.01598622
19811,0.009600593
20711,0.017249074
20811,0.01705893
20911,0.042143192
21111,0.02306266
21211,0.005651083
21411,0.0029728604
21811,0.020627584
22011,0.032076802
22311,0.030248314
22411,0.0060542277
22511,0.020203281
22611,0.03939195
22911,0.0051784404
23011,0.024360647
23211,0.020396387
23311,0.03625985
23611,0.014634296
23711,0.025660044
23811,0.04361086
23911,0.0065660807
24111,0.08182609
24211,0.025210867
24411,0.016877905
24511,0.0339576
24611,0.028499654
24711,0.0056103994
25311,0.14589098
25411,0.0053637414
25811,0.0043393527
26011,0.007220433
26111,0.03325033
26211,0.02616183
26311,0.0031316802
26411,0.015879475
26611,0.015298145
26711,0.02271855
26811,0.037180513
26911,0.011729471
27011,0.036119837
27311,0.011449926
27411,0.13600868
27511,0.014846952
27911,0.015274348
28011,0.014819257
28111,0.0037577692
28311,0.028200716
28411,0.0035817304
29011,0.009141318
29111,0.0058820657
29311,0.007404885
29611,0.011817611
29711,0.02234522
29811,0.0029861853
29911,0.008820038
30011,0.0022751167
30111,0.013545423
30311,0.03183037
30411,0.003401197
30711,0.006162204
30811,0.01160382
31111,0.0503125
31211,0.003381277
31611,0.036976427
31711,0.008768863
31811,0.0055790744
31911,0.016136125
32011,0.014346884
32111,0.037326537
32811,0.02405467
33011,0.4971678
33111,0.5374582
33511,0.021979468
33711,0.027296623
33811,0.08211034
33911,0.020141989
34011,0.028541371
34211,0.008644519
34311,0.030839045
34411,0.02976851
34511,0.019361923
34611,0.00739113
34811,0.030957595
35011,0.01800219
35211,0.006010728
35311,0.006566821
35511,0.0441792
35611,0.005167174
35711,0.010801608
35911,0.01973901
36011,0.02583035
36111,0.011173718
36611,0.015383927
37211,0.012498541
37411,0.010039244
37511,0.0087956935
37611,0.002003205
37711,0.0065209316
38111,0.0064743883
38211,0.0057156384
38311,0.012109051
38411,0.0011973497
38611,0.028307695
38811,0.009224372
39111,0.044029076
39211,0.006768068
39311,0.019536292
39411,0.0169731
39611,0.0068699773
39711,0.011241233
39911,0.0142009
40011,0.05953265
40211,0.17916068
40511,0.045569684
40611,0.03327934
41811,0.020496026
42011,0.025009586
42711,0.053795826
42911,0.017855683
43611,0.011823155
44211,0.007216158
44511,0.004656847
44711,0.16178772
44911,0.0019715845
45211,0.021734383
45311,0.009862757
45511,0.015686827
45611,0.0017004145
46111,0.0041756625
46311,0.009029259
46511,0.015323596
46911,0.029537393
47011,0.03066053
47111,0.006310627
47211,0.016760211
47311,0.012706469
47611,0.014041025
47711,0.051373936
47811,0.0026297532
47911,0.013866983
48211,0.012709284
48611,0.09259423
48711,0.2912314
49111,0.00694043
49211,0.015355605
49611,0.013071586
49711,0.040501516
49911,0.0033269774
50111,0.22182418
50311,0.022881405
50411,0.030158387
50611,0.009490006
50811,0.016680416
50911,0.011410333
51011,0.01196618
51211,0.011822888
51611,0.010409546
51811,0.008017489
52011,0.013239855
52111,0.019031221
52511,0.016458582
52611,0.009781966
52711,1.5780499e-05
53211,0.029053321
53311,0.03517905
53411,0.01905526
53611,0.053902432
53911,0.0012229753
54111,0.013102478
54211,0.0027970632
54311,0.001947958
54411,0.004771047
54611,0.0055378024
55011,0.013041521
55211,0.010080164
55411,0.014280408
55511,0.022559032
55611,0.043585923
56211,0.024114858
56511,0.011576693
56711,0.032578014
56811,0.013205971
57011,0.009555507
57111,0.00989076
57211,0.015513229
57311,0.0129633425
57511,0.016037723
57911,0.013437851
58011,0.0052544167
58211,0.00909734
58311,0.0029581324
58511,0.016834596
58911,0.0195324
59111,0.013263697
59211,0.006833983
59511,0.06646177
59611,0.015217396
59811,0.016429959
59911,0.022119338
60411,0.0025398298
60511,0.0065202923
60811,0.051024664
61111,0.012002818
61311,0.08238538
61411,0.01567362
61711,0.010132527
62111,0.021175371
62411,0.014575711
62711,0.0024698328
62811,0.014008386
63511,0.034731053
63611,0.029338289
63711,0.027884578
63811,0.015579772
63911,0.04420787
64311,0.010553913
64411,0.019724548
12,0.0063869944
112,0.05924876
412,0.03722609
612,0.010450324
712,0.022338105
1012,0.020278383
1212,0.0035780657
1712,0.086883344
2212,0.0066203433
2712,0.010331121
2812,0.005909139
2912,0.01296853
3012,0.0038793543
3112,0.13779828
3212,0.022876088
3312,0.075552575
3412,0.0049032182
3712,0.04078291
4012,0.0025233268
4112,0.70236504
4212,0.14415163
4412,0.0121173365
4712,0.0019879784
4812,0.08738111
4912,0.007616221
5112,0.011053971
5212,0.025444424
5712,0.017916042
5912,0.016687183
6212,0.06667032
6312,0.2066773
6512,0.02042945
6612,0.0461434
6812,0.022815028
6912,0.36139104
7012,0.031326726
7212,0.1646585
7412,0.06097202
7512,0.01685383
7712,0.013269163
7912,0.03380389
8112,0.0047128494
8212,0.03397504
8312,0.13206302
8412,0.024041947
8512,0.014212931
8612,0.026699217
8712,0.03934155
8912,0.016476939
9012,0.0066774525
9212,0.057887603
9512,0.023848182
9812,0.09508768
9912,0.014343194
10112,0.014033871
10412,0.06227987
10512,0.018440735
10612,0.019508561
10712,0.029829856
10912,0.022700291
11212,0.048348494
11312,0.038645137
11712,0.288449
11912,0.07532261
12112,0.0050986125
12412,0.0074475105
12712,0.07421753
12912,0.0019545963
13012,0.085221544
13412,0.08353773
13512,0.14425802
13612,0.030950535
13712,0.054887656
13912,0.0731463
14312,0.016351566
14412,0.0035889074
15412,0.010007766
15612,0.05064082
15712,0.0017489251
15812,0.012873228
15912,0.033785403
16112,0.042912763
16212,0.09920993
16312,0.118712515
16412,0.08634211
16512,0.004291906
16612,0.005924288
17012,0.005845042
17112,0.018915553
17212,0.052253287
17312,0.0113593
17412,0.022988727
17612,0.009261059
17712,0.013084425
17912,0.27627605
18012,0.07636063
18112,0.021216342
18212,0.0039247787
18412,0.0024391285
18512,0.018253408
18712,0.036296543
18812,0.010367091
19112,0.011054761
19512,0.027631857
19612,0.019483438
19712,0.101912014
19812,0.072569065
20712,0.10482446
20812,0.087281644
20912,0.029003793
21112,0.13887706
21212,0.101163276
21412,0.0084083425
21812,0.13180727
22012,0.08969538
22312,0.047379483
22412,0.03346127
22512,0.043088865
22612,0.06820526
22912,0.348075
23012,0.06014418
23212,0.070929036
23312,0.11566887
23612,0.028057953
23712,0.076053396
23812,0.044172127
23912,0.003349121
24112,0.0549168
24212,0.05463297
24412,0.026150124
24512,0.072946504
24612,0.066261336
24712,0.0025600248
25312,0.021403618
25412,0.060298953
25812,0.003199725
26012,0.008700867
26112,0.050341323
26212,0.050569545
26312,0.021541756
26412,0.02724079
26612,0.0120506575
26712,0.05412562
26812,0.07058838
26912,0.017708918
27012,0.1451809
27312,0.030643359
27412,0.064218506
27512,0.18404192
27912,0.009441369
28012,0.027960021
28112,0.00523765
28312,0.032695655
28412,0.039902482
29012,0.01669297
29112,0.017921623
29312,0.012564287
29612,0.024582883
29712,0.09687681
29812,0.0046129385
29912,0.042964082
30012,0.009665599
30112,0.00879499
30312,0.2646543
30412,0.025180949
30712,0.006737785
30812,0.015133826
31112,0.015798386
31212,0.015502531
31612,0.03261533
31712,0.0096238265
31812,0.024418755
31912,0.06064221
32012,0.023682497
32112,0.03225824
32812,0.010470803
33012,0.0320214
33112,0.055201426
33512,0.0059534684
33712,0.04498179
33812,0.14208527
33912,0.010447747
34012,0.005002867
34212,0.0105411485
34312,0.013835617
34412,0.0028891494
34512,0.010679091
34612,0.0048252214
34812,0.0042376397
35012,0.01884613
35212,0.21656996
35312,0.01863018
35512,0.020585313
35612,0.002022174
35712,0.025597986
35912,0.05461454
36012,0.08963775
36112,0.060050014
36612,0.030656168
37212,0.15395056
37412,0.036902487
37512,0.046028774
37612,0.0039077983
37712,0.020963544
38112,0.052416388
38212,0.010766727
38312,0.043673895
38412,0.004573933
38612,0.051117808
38812,0.032436185
39112,0.059968807
39212,0.30611977
39312,0.28458163
39412,0.12082612
39612,0.01912167
39712,0.020519843
39912,0.027100062
40012,0.018114079
40212,0.07198354
40512,0.022423994
40612,0.016526867
41812,0.013686677
42012,0.057043757
42712,0.038422935
42912,0.020559367
43612,0.010268656
44212,0.017487047
44512,0.008883077
44712,0.13759309
44912,0.024477234
45212,0.019619666
45312,0.038722396
45512,0.038887396
45612,0.026227353
46112,0.010088883
46312,0.090803444
46512,0.0062182965
46912,0.010073356
47012,0.011897458
47112,0.0028305054
47212,0.049325984
47312,0.01889047
47612,0.10098308
47712,0.02754654
47812,0.0091115935
47912,0.01593013
48212,0.020892607
48612,0.02493859
48712,0.0050262394
49112,0.01082382
49212,0.096072726
49612,0.011580278
49712,0.049766783
49912,0.0068218284
50112,0.22250727
50312,0.012069091
50412,0.013815106
50612,0.02748458
50812,0.019543236
50912,0.004974589
51012,0.0075886017
51212,0.036966898
51612,0.17070019
51812,0.011029215
52012,0.01826406
52112,0.084868975
52512,0.07579574
52612,0.01575171
52712,0.0010860321
53212,0.032784246
53312,0.13567619
53412,0.24044655
53612,0.103255264
53912,0.010943512
54112,0.006957083
54212,0.011541684
54312,0.007093864
54412,0.014319057
54612,0.013230823
55012,0.08320337
55212,0.020933183
55412,0.1017503
55512,0.02263129
55612,0.06850515
56212,0.09130781
56512,0.011370398
56712,0.03316264
56812,0.039671447
57012,0.0072385636
57112,0.009114555
57212,0.01227877
57312,0.014154125
57512,0.025791889
57912,0.027135825
58012,0.016290175
58212,0.004731508
58312,0.020355184
58512,0.009037011
58912,0.072698705
59112,0.01686736
59212,0.013871986
59512,0.0489228
59612,0.06852305
59812,0.073230416
59912,0.021960245
60412,0.002467698
60512,0.012752321
60812,0.028050955
61112,0.027199479
61312,0.019940564
61412,0.011124844
61712,0.02412981
62112,0.013285119
62412,0.039838117
62712,0.01933447
62812,0.042378157
63512,0.047119867
63612,0.055174455
63712,0.021248871
63812,0.037390865
63912,0.009921627
64312,0.10423302
64412,0.064376496
13,0.02095458
113,0.04494717
413,0.0011481273
613,0.0043145283
713,0.010952204
1013,0.0023900997
1213,0.0005593965
1713,0.025094865
2213,0.00051997276
2713,0.00027061976
2813,0.014207142
2913,0.0048994506
3013,0.0020997075
3113,0.002779599
3213,0.004860796
3313,0.005210851
3413,0.00033943137
3713,0.0067747445
4013,0.0013842932
4113,0.0010073726
4213,0.003865789
4413,0.0015472745
4713,0.0013482318
4813,0.024347756
4913,0.01450229
5113,0.0010106879
5213,0.007561071
5713,0.0051196534
5913,0.0055861305
6213,0.003041244
6313,0.0031068588
6513,0.026260786
6613,0.033612076
6813,0.07300062
6913,0.0006770068
7013,0.0014445176
7213,0.0011968873
7413,0.014631519
7513,0.11274386
7713,0.0010296344
7913,0.003874579
8113,0.0046140915
8213,0.0051474185
8313,0.0040188828
8413,0.019700158
8513,0.006632475
8613,0.0026675113
8713,0.0055671837
8913,0.003900542
9013,0.0023769324
9213,0.0014547943
9513,0.07591685
9813,0.016809696
9913,0.013021006
10113,0.005159876
10413,0.0035306872
10513,0.0029113952
10613,0.023383718
10713,0.0024037533
10913,0.01030461
11213,0.0057283514
11313,0.0005579295
11713,0.0006679502
11913,0.016655004
12113,0.004898735
12413,0.003523915
12713,0.004305396
12913,0.0015490948
13013,0.011605703
13413,0.0057051494
13513,0.06463042
13613,0.025221871
13713,0.009736511
13913,0.0034304576
14313,0.090393536
14413,0.010115198
15413,0.03866168
15613,0.00737789
15713,0.001027944
15813,0.0012423024
15913,0.0020744777
16113,0.009897379
16213,0.00862943
16313,0.0031604809
16413,0.017153503
16513,0.00047181442
16613,0.0025886002
17013,0.0011279831
17113,0.0024591757
17213,0.0037203524
17313,0.0017122151
17413,0.0013784582
17613,0.007560945
17713,0.034849964
17913,0.004541015
18013,0.014624172
18113,0.00030176688
18213,0.00014732932
18413,0.00015005431
18513,0.002596999
18713,0.00055957737
18813,0.001647617
19113,0.034383383
19513,0.0027236557
19613,0.00083704724
19713,0.045189947
19813,0.0025852937
20713,0.0050916327
20813,0.011968126
20913,0.06430637
21113,0.0065846825
21213,0.0020196836
21413,0.014072097
21813,0.004452378
22013,0.048747648
22313,0.0035908713
22413,0.012325961
22513,0.009062931
22613,0.0072383806
22913,0.00021963363
23013,0.00041996283
23213,0.0062236455
23313,0.0065873214
23613,0.0065318174
23713,0.0036241133
23813,0.021547072
23913,0.00089118123
24113,0.00360217
24213,0.0020772666
24413,0.002785201
24513,0.0011579861
24613,0.0016266317
24713,0.0013107556
25313,0.0041422406
25413,0.0035200235
25813,0.006562877
26013,0.3041748
26113,0.0061836443
26213,0.009420804
26313,0.0030734069
26413,0.018953826
26613,0.006517167
26713,0.00775696
26813,0.0014822263
26913,0.004303389
27013,0.004133355
27313,0.051467057
27413,0.0040097274
27513,0.0012490969
27913,0.0018555395
28013,0.005515244
28113,0.0028455693
28313,0.011709233
28413,0.014423895
29013,0.013230124
29113,0.006942559
29313,0.009198314
29613,0.00402059
29713,0.019128876
29813,0.007302481
29913,0.077157006
30013,0.0075722607
30113,0.016910631
30313,0.009504281
30413,0.030555705
30713,0.0030465375
30813,0.00551003
31113,0.0049634045
31213,0.007962927
31613,0.001912911
31713,0.04652072
31813,0.008409353
31913,0.0034670602
32013,0.097545765
32113,0.06033052
32813,0.002508109
33013,0.0026502896
33113,0.0028050763
33513,0.0026699614
33713,0.012124782
33813,0.025297403
33913,0.00033112447
34013,0.00022347846
34213,0.00012891872
34313,0.0069502904
34413,0.00012247822
34513,0.0007949316
34613,0.002121888
34813,0.00015172872
35013,0.002611676
35213,0.002411159
35313,0.0041150944
35513,0.0199836
35613,0.0017594269
35713,0.23975952
35913,0.01299751
36013,0.021852765
36113,0.006204404
36613,0.1671058
37213,0.014699982
37413,0.0070362743
37513,0.0051182653
37613,0.004263547
37713,0.007535619
38113,0.025037216
38213,0.055311564
38313,0.008395613
38413,0.0049883323
38613,0.0113723995
38813,0.13894056
39113,0.003190388
39213,0.00033059157
39313,0.0012756761
39413,0.0012554324
39613,0.0030545974
39713,0.19921789
39913,0.002555038
40013,0.0020036588
40213,0.0036226066
40513,0.0011505041
40613,0.0030849997
41813,0.11439649
42013,0.02550539
42713,0.0026382068
42913,0.04007153
43613,0.0042226845
44213,0.044212822
44513,0.0020464223
44713,0.0056860074
44913,0.0319576
45213,0.0051931045
45313,0.005110781
45513,0.01442723
45613,0.0069401055
46113,0.26879638
46313,0.020472309
46513,0.007233658
46913,0.0017212642
47013,0.0006866578
47113,0.0057923514
47213,0.011822555
47313,0.014549309
47613,0.02300215
47713,0.0049040276
47813,0.004218755
47913,0.001241342
48213,0.004851785
48613,0.017776553
48713,0.00053052645
49113,0.036768585
49213,0.007580549
49613,0.0017243818
49713,0.00078263716
49913,0.009680989
50113,0.015738655
50313,0.00034576812
50413,0.00076816377
50613,0.00055247784
50813,0.00034730183
50913,0.0018921348
51013,0.004513877
51213,0.00025894286
51613,0.0011835989
51813,0.0054739746
52013,0.00356961
52113,0.005966939
52513,0.0026750562
52613,0.009339264
52713,0.12876645
53213,0.03699659
53313,0.005495343
53413,0.014601196
53613,0.05416634
53913,0.04163723
54113,0.005385482
54213,0.0046447557
54313,0.004564082
54413,0.021540904
54613,0.13237843
55013,0.065997995
55213,0.002805123
55413,0.0007060363
55513,0.011286482
55613,0.101408295
56213,0.0035180869
56513,0.0027280264
56713,0.011381072
56813,0.0078098867
57013,0.005427389
57113,0.0065680784
57213,0.001130964
57313,0.0010259398
57513,0.0141456155
57913,0.08110011
58013,0.005342894
58213,0.0028743625
58313,0.0029905285
58513,0.0033020284
58913,0.025228504
59113,0.03411202
59213,0.0018677821
59513,0.0018035269
59613,0.01930083
59813,0.012137284
59913,0.021029437
60413,0.0011642392
60513,0.001853508
60813,0.029667554
61113,0.025972594
61313,0.005520039
61413,0.0064164195
61713,0.16566719
62113,0.0066921543
62413,0.00687621
62713,0.0024558892
62813,0.007926511
63513,0.01457541
63613,0.020944778
63713,0.003378032
63813,0.013536635
63913,0.0005553286
64313,0.018322693
64413,0.002357829
14,0.061241616
114,0.12236901
414,0.0051615895
614,0.008813169
714,0.010587498
1014,0.01170123
1214,0.008039009
1714,0.117151625
2214,0.003866065
2714,0.0023087093
2814,0.04966197
2914,0.015694289
3014,0.0016164061
3114,0.008113842
3214,0.04346823
3314,0.015941782
3414,0.0034091328
3714,0.0022632333
4014,0.001901305
4114,0.0010379415
4214,0.0045852116
4414,0.0059772194
4714,0.0008969194
4814,0.077176616
4914,0.0025868614
5114,0.0023083924
5214,0.009553803
5714,0.028663112
5914,0.028842507
6214,0.0052191913
6314,0.0025844802
6514,0.07035144
6614,0.02925174
6814,0.11683246
6914,0.0013574321
7014,0.008989385
7214,0.0020730584
7414,0.006758507
7514,0.015130646
7714,0.0074575986
7914,0.00442108
8114,0.0026520235
8214,0.002644886
8314,0.004443113
8414,0.0552332
8514,0.039436165
8614,0.0040383954
8714,0.04977627
8914,0.04368169
9014,0.009968981
9214,0.0020264625
9514,0.10843667
9814,0.029026238
9914,0.019517507
10114,0.008609324
10414,0.0034378897
10514,0.0061231684
10614,0.041040994
10714,0.0037455754
10914,0.012380262
11214,0.01850841
11314,0.0034940748
11714,0.0020232876
11914,0.028002182
12114,0.02062242
12414,0.028962031
12714,0.03077058
12914,0.0019690164
13014,0.0073208315
13414,0.007661778
13514,0.06009129
13614,0.093597166
13714,0.02795616
13914,0.0028878907
14314,0.14570463
14414,0.16902345
15414,0.054973073
15614,0.01272896
15714,0.0122871725
15814,0.012493474
15914,0.029004894
16114,0.011907272
16214,0.0074209473
16314,0.009649863
16414,0.06390138
16514,0.0053244024
16614,0.015701428
17014,0.0015891568
17114,0.011463031
17214,0.0063095316
17314,0.012878004
17414,0.007795624
17614,0.008396384
17714,0.05130861
17914,0.018008478
18014,0.10642148
18114,0.001965793
18214,0.0027665023
18414,0.002097747
18514,0.042732425
18714,0.0027845243
18814,0.009967245
19114,0.048218224
19514,0.010832458
19614,0.0031279034
19714,0.042936973
19814,0.0011781307
20714,0.021638308
20814,0.007759459
20914,0.04933138
21114,0.0042681233
21214,0.010423441
21414,0.015607268
21814,0.013315712
22014,0.10236722
22314,0.0027658248
22414,0.025156839
22514,0.030223334
22614,0.025699912
22914,0.0008442686
23014,0.0017529
23214,0.007617996
23314,0.00758691
23614,0.0115367975
23714,0.0043006083
23814,0.03555207
23914,0.00651384
24114,0.0046277307
24214,0.002686818
24414,0.0142944995
24514,0.008754519
24614,0.011626095
24714,0.0043731416
25314,0.012708498
25414,0.0021626651
25814,0.13394989
26014,0.25847596
26114,0.0094708875
26214,0.025843065
26314,0.0059629795
26414,0.014277412
26614,0.004176938
26714,0.0043489775
26814,0.006254992
26914,0.015306734
27014,0.00860134
27314,0.1238512
27414,0.023436852
27514,0.0018145418
27914,0.011482679
28014,0.0033139663
28114,0.015370545
28314,0.003205739
28414,0.010861797
29014,0.042872373
29114,0.01322052
29314,0.041011576
29614,0.008188857
29714,0.02487462
29814,0.009717305
29914,0.36233518
30014,0.012476552
30114,0.0605818
30314,0.034677595
30414,0.14597195
30714,0.02494445
30814,0.036279798
31114,0.05673697
31214,0.050597988
31614,0.008271361
31714,0.09926629
31814,0.008625096
31914,0.018050434
32014,0.18334286
32114,0.2722211
32814,0.0071686073
33014,0.010594698
33114,0.009736914
33514,0.002572233
33714,0.098306656
33814,0.10230088
33914,0.0053649154
34014,0.0012898042
34214,0.0015750257
34314,0.049292803
34414,0.0021818378
34514,0.009215874
34614,0.016304642
34814,0.0035151392
35014,0.008648035
35214,0.008000143
35314,0.008430244
35514,0.035220604
35614,0.018300403
35714,0.3038253
35914,0.01899002
36014,0.05305414
36114,0.013257892
36614,0.03764996
37214,0.04924632
37414,0.010374265
37514,0.0064891246
37614,0.013671296
37714,0.021582516
38114,0.052738074
38214,0.10986805
38314,0.022800943
38414,0.006880413
38614,0.013271417
38814,0.19765688
39114,0.0037068562
39214,0.0015787578
39314,0.0022924142
39414,0.003162933
39614,0.0017329222
39714,0.031487525
39914,0.025030788
40014,0.010195502
40214,0.0063177636
40514,0.007824733
40614,0.008599977
41814,0.24307646
42014,0.057647496
42714,0.026196267
42914,0.060645632
43614,0.017868072
44214,0.026841793
44514,0.004360042
44714,0.014235215
44914,0.033811852
45214,0.023281414
45314,0.0022487254
45514,0.011910454
45614,0.0047870157
46114,0.3968105
46314,0.007716045
46514,0.11675632
46914,0.028753126
47014,0.0046794144
47114,0.24057437
47214,0.024854053
47314,0.0051873177
47614,0.05717676
47714,0.006443595
47814,0.008961555
47914,0.005326123
48214,0.009132252
48614,0.09704065
48714,0.0040134806
49114,0.0807999
49214,0.029790707
49614,0.007316538
49714,0.004887151
49914,0.08740312
50114,0.039893147
50314,0.0040092743
50414,0.0039960737
50614,0.0040583163
50814,0.0029286903
50914,0.037817407
51014,0.06439542
51214,0.002174372
51614,0.0032191265
51814,0.009587894
52014,0.005721153
52114,0.0045651956
52514,0.005412894
52614,0.0130390115
52714,0.0020955629
53214,0.02046343
53314,0.007228164
53414,0.015756493
53614,0.12061516
53914,0.0065671373
54114,0.17474872
54214,0.013085821
54314,0.030140119
54414,0.020127501
54614,0.6142836
55014,0.08556685
55214,0.0060020974
55414,0.0015926957
55514,0.13069184
55614,0.09012683
56214,0.0038330208
56514,0.005104826
56714,0.021731976
56814,0.017845567
57014,0.099955715
57114,0.06995816
57214,0.004014567
57314,0.005700337
57514,0.04530943
57914,0.22899151
58014,0.013922468
58214,0.064220086
58314,0.0023510205
58514,0.0027633114
58914,0.013890395
59114,0.04001491
59214,0.017743945
59514,0.011952752
59614,0.01935901
59814,0.040099673
59914,0.032812208
60414,0.0826792
60514,0.006427637
60814,0.06912472
61114,0.08845457
61314,0.13834427
61414,0.07487816
61714,0.39046207
62114,0.05187323
62414,0.017392408
62714,0.0045413985
62814,0.020416165
63514,0.04016231
63614,0.06641615
63714,0.0057578557
63814,0.022394955
63914,0.006549539
64314,0.015601623
64414,0.025855146
15,0.053079966
115,0.025545258
415,0.0036822592
615,0.008797231
715,0.020942643
1015,0.006255651
1215,0.003211702
1715,0.04117407
2215,0.0020886
2715,0.0019336938
2815,0.079618685
2915,0.011235391
3015,0.0021454303
3115,0.02528728
3215,0.0054047466
3315,0.0011881175
3415,0.0022128546
3715,0.24953467
4015,0.0011875244
4115,0.0048443987
4215,0.14261782
4415,0.011839051
4715,0.0009888222
4815,0.0096302545
4915,0.056030914
5115,0.0006265676
5215,0.01594291
5715,0.004591815
5915,0.009643876
6215,0.035610694
6315,0.081456296
6515,0.006706113
6615,0.060718812
6815,0.01288496
6915,0.023786012
7015,0.008632126
7215,0.029902013
7415,0.2602211
7515,0.012572069
7715,0.0072595533
7915,0.30737895
8115,0.0052685356
8215,0.040949613
8315,0.084201664
8415,0.009241094
8515,0.008336389
8615,0.0072066607
8715,0.011110626
8915,0.009522191
9015,0.013730245
9215,0.025488649
9515,0.08190395
9815,0.05549368
9915,0.03557762
10115,0.09107517
10415,0.11018235
10515,0.019224998
10615,0.008215024
10715,0.09657012
10915,0.012795751
11215,0.012094246
11315,0.008113554
11715,0.008229123
11915,0.031487864
12115,0.008735572
12415,0.006545262
12715,0.011025346
12915,0.011826444
13015,0.11176319
13415,0.059964556
13515,0.011634272
13615,0.021833057
13715,0.016770177
13915,0.23296775
14315,0.008970469
14415,0.0049331626
15415,0.029488124
15615,0.012585289
15715,0.0027291458
15815,0.0065791975
15915,0.009505294
16115,0.10318311
16215,0.1158345
16315,0.015558294
16415,0.07006092
16515,0.0019744385
16615,0.01349426
17015,0.00999707
17115,0.007229983
17215,0.004439943
17315,0.0059837946
17415,0.005732528
17615,0.105582014
17715,0.033903904
17915,0.01748798
18015,0.013457365
18115,0.004856183
18215,0.0010741722
18415,0.000839539
18515,0.0047196397
18715,0.008617963
18815,0.013888758
19115,0.007159736
19515,0.012105407
19615,0.0077338545
19715,0.07353115
19815,0.16010244
20715,0.009837239
20815,0.10851612
20915,0.025735851
21115,0.15699418
21215,0.011197311
21415,0.016998027
21815,0.009527962
22015,0.008588043
22315,0.26435742
22415,0.037368003
22515,0.01849216
22615,0.014029168
22915,0.0053819586
23015,0.0064530964
23215,0.25082996
23315,0.11438721
23615,0.04329527
23715,0.06716654
23815,0.046776727
23915,0.005482521
24115,0.028518537
24215,0.05245838
24415,0.040101342
24515,0.01504295
24615,0.027671257
24715,0.0031676637
25315,0.01572438
25415,0.295371
25815,0.008457363
26015,0.04377
26115,0.021611813
26215,0.008211507
26315,0.040333852
26415,0.029167954
26615,0.014311761
26715,0.027410733
26815,0.009178552
26915,0.045328345
27015,0.034941375
27315,0.05180358
27415,0.008641292
27515,0.021477133
27915,0.013853391
28015,0.13990253
28115,0.004018765
28315,0.04898991
28415,0.042057753
29015,0.021944068
29115,0.017720146
29315,0.044787627
29615,0.010292813
29715,0.01127949
29815,0.0278009
29915,0.021093016
30015,0.014571221
30115,0.01425382
30315,0.030504875
30415,0.008227174
30715,0.009520803
30815,0.01213106
31115,0.017138943
31215,0.015353412
31615,0.010885153
31715,0.05484298
31815,0.12903933
31915,0.0075502093
32015,0.013029358
32115,0.07642786
32815,0.009275467
33015,0.0044690105
33115,0.0072323796
33515,0.003243929
33715,0.031298354
33815,0.010045463
33915,0.0035203493
34015,0.0012879543
34215,0.0036098352
34315,0.005893973
34415,0.00042332162
34515,0.0032915205
34615,0.01215528
34815,0.0017119383
35015,0.0043202913
35215,0.008071871
35315,0.0028561023
35515,0.01714241
35615,0.011394093
35715,0.031174367
35915,0.059877906
36015,0.07408462
36115,0.04883699
36615,0.04417274
37215,0.0014219551
37415,0.03869145
37515,0.029956138
37615,0.01643058
37715,0.026023429
38115,0.007474666
38215,0.016097225
38315,0.020304471
38415,0.012437286
38615,0.009738433
38815,0.00918431
39115,0.029728606
39215,0.0072254166
39315,0.02312645
39415,0.024692314
39615,0.5408959
39715,0.0013275606
39915,0.01444103
40015,0.01557601
40215,0.011054951
40515,0.008795935
40615,0.015997615
41815,0.016393432
42015,0.020445695
42715,0.0052440395
42915,0.010717884
43615,0.0135424
44215,0.03091963
44515,0.06942105
44715,0.026886458
44915,0.02214689
45215,0.0066546462
45315,0.28158692
45515,0.20046815
45615,0.08323054
46115,0.0024812873
46315,0.12307245
46515,0.003878704
46915,0.006571788
47015,0.0049983463
47115,0.004739653
47215,0.085332796
47315,0.023324626
47615,0.017179046
47715,0.016329814
47815,0.0027727918
47915,0.032975934
48215,0.062132902
48615,0.008433509
48715,0.0027221404
49115,0.047358334
49215,0.03228255
49615,0.017191727
49715,0.0044790986
49915,0.06356233
50115,0.022398349
50315,0.002724899
50415,0.004529634
50615,0.007850058
50815,0.0039860946
50915,0.0044499617
51015,0.0045386627
51215,0.005577737
51615,0.007135361
51815,0.0441186
52015,0.038698126
52115,0.057598926
52515,0.14080203
52615,0.023364877
52715,0.00066361105
53215,0.025754523
53315,0.02297143
53415,0.0022881078
53615,0.01430408
53915,0.010960595
54115,0.007996065
54215,0.012627916
54315,0.004792015
54415,0.036785617
54615,0.0015957018
55015,0.033299655
55215,0.019047214
55415,0.013892901
55515,0.011430677
55615,0.14115468
56215,0.09412383
56515,0.034732033
56715,0.046580326
56815,0.05845559
57015,0.0073162927
57115,0.015940815
57215,0.028757341
57315,0.0077896058
57515,0.027469413
57915,0.017143354
58015,0.095136635
58215,0.009785637
58315,0.31007344
58515,0.05635794
58915,0.12411175
59115,0.027749307
59215,0.014588948
59515,0.0047387583
59615,0.024768544
59815,0.027266594
59915,0.013651552
60415,0.007438147
60515,0.027871756
60815,0.014733715
61115,0.029685868
61315,0.0072612674
61415,0.008527855
61715,0.0045244116
62115,0.009726108
62415,0.004211139
62715,0.011181227
62815,0.01731844
63515,0.111034945
63615,0.014001435
63715,0.007413422
63815,0.00940477
63915,0.0034583579
64315,0.046765827
64415,0.010327765
16,0.009582566
116,0.04894112
416,0.0020594664
616,0.0039753285
716,0.013826492
1016,0.0051875263
1216,0.0012138536
1716,0.008468041
2216,0.002522055
2716,0.0002812023
2816,0.0032055324
2916,0.013829833
3016,0.008780214
3116,0.001760192
3216,0.0021942162
3316,0.008564429
3416,0.00074524217
3716,0.001105048
4016,0.00025266546
4116,0.0007481694
4216,0.0015258515
4416,0.0017616937
4716,0.00014428994
4816,0.018558627
4916,0.0030206593
5116,0.0029533207
5216,0.0076971496
5716,0.0022332221
5916,0.009088859
6216,0.001136521
6316,0.0020997245
6516,0.023415213
6616,0.018651884
6816,0.07525542
6916,0.00046140252
7016,0.0012772026
7216,0.00078815327
7416,0.0031477746
7516,0.04071434
7716,0.0010059782
7916,0.0017356528
8116,0.009456949
8216,0.009349183
8316,0.0013013837
8416,0.020541988
8516,0.018155014
8616,0.0012934534
8716,0.008004808
8916,0.004109951
9016,0.0053936997
9216,0.0017052168
9516,0.012142481
9816,0.0059675076
9916,0.022378623
10116,0.0012069776
10416,0.0013090314
10516,0.0044036326
10616,0.019147594
10716,0.003114985
10916,0.013367026
11216,0.00504805
11316,0.00045972108
11716,0.00049518456
11916,0.016477916
12116,0.0045903074
12416,0.0026488258
12716,0.0026729421
12916,0.0067085596
13016,0.005523068
13416,0.005674226
13516,0.08538053
13616,0.018696472
13716,0.006263246
13916,0.0028441742
14316,0.04954875
14416,0.010521407
15416,0.05052497
15616,0.008170101
15716,0.00080979685
15816,0.0008283922
15916,0.002139991
16116,0.002350557
16216,0.007596079
16316,0.002768431
16416,0.006803742
16516,0.0017383231
16616,0.0011331438
17016,0.0035953396
17116,0.012839715
17216,0.03523214
17316,0.0023119722
17416,0.004248142
17616,0.00088731543
17716,0.09729536
17916,0.00312317
18016,0.004556423
18116,0.00028486346
18216,0.000154459
18416,0.0002745848
18516,0.004253355
18716,0.00029440166
18816,0.0011220535
19116,0.05532242
19516,0.006307654
19616,0.00063388183
19716,0.008211747
19816,0.00071925845
20716,0.0037228318
20816,0.0042776135
20916,0.066225395
21116,0.0030545646
21216,0.0006533636
21416,0.040802393
21816,0.0041345847
22016,0.041230697
22316,0.002252567
22416,0.0056060576
22516,0.008408464
22616,0.0066261496
22916,0.0001707573
23016,0.00042832326
23216,0.0017386811
23316,0.0045817895
23616,0.003066316
23716,0.0025100159
23816,0.020183066
23916,0.0025569578
24116,0.0042886543
24216,0.0012199766
24416,0.0024629326
24516,0.00083497615
24616,0.0010004037
24716,0.008165373
25316,0.00624244
25416,0.0008102082
25816,0.002962697
26016,0.056127127
26116,0.012216429
26216,0.008023553
26316,0.003971996
26416,0.016499827
26616,0.016205441
26716,0.01007032
26816,0.0010039542
26916,0.0014911171
27016,0.0010344889
27316,0.015969092
27416,0.0055500055
27516,0.00083500723
27916,0.0006440524
28016,0.0018214791
28116,0.006024004
28316,0.011658061
28416,0.013704404
29016,0.0072885663
29116,0.0044856668
29316,0.0048890105
29616,0.004321606
29716,0.020355718
29816,0.012476298
29916,0.020910563
30016,0.01115951
30116,0.022998724
30316,0.0039235554
30416,0.020637764
30716,0.0028776587
30816,0.003240908
31116,0.004605507
31216,0.003331262
31616,0.0014075467
31716,0.02443225
31816,0.0031919659
31916,0.0050236993
32016,0.064750575
32116,0.014309838
32816,0.011792428
33016,0.0106393425
33116,0.0050013475
33516,0.0106239775
33716,0.0046209237
33816,0.015785156
33916,0.00026221247
34016,0.0009599565
34216,0.0001399465
34316,0.013469243
34416,0.00025204054
34516,0.0004939732
34616,0.00084156205
34816,0.00018907343
35016,0.0026957681
35216,0.0019870629
35316,0.0016411215
35516,0.036863238
35616,0.0030247062
35716,0.038253676
35916,0.0035444815
36016,0.005805747
36116,0.0029327283
36616,0.03201111
37216,0.006335735
37416,0.002322521
37516,0.00445361
37616,0.01184819
37716,0.0075954716
38116,0.02206056
38216,0.051695455
38316,0.0108612655
38416,0.00727433
38616,0.052645873
38816,0.100408524
39116,0.0034647556
39216,0.00024376479
39316,0.0008716055
39416,0.0010177938
39616,0.0006590635
39716,0.10282211
39916,0.0015426106
40016,0.0022558519
40216,0.012455592
40516,0.0007729767
40616,0.011932556
41816,0.10298911
42016,0.019899119
42716,0.0019109193
42916,0.040862013
43616,0.0040911757
44216,0.033779006
44516,0.00043703808
44716,0.0053405343
44916,0.050560646
45216,0.004375798
45316,0.002621574
45516,0.0050158235
45616,0.0044915886
46116,0.10830844
46316,0.013455786
46516,0.010906217
46916,0.0029121723
47016,0.00075235736
47116,0.0021676486
47216,0.003289279
47316,0.011782176
47616,0.009716344
47716,0.012205496
47816,0.014761423
47916,0.0011903305
48216,0.0011097429
48616,0.02055594
48716,0.0019384228
49116,0.003157242
49216,0.004404862
49616,0.0011121094
49716,0.00068422355
49916,0.0014212055
50116,0.006607488
50316,0.00037577705
50416,0.0004096262
50616,0.00035322452
50816,0.00026851206
50916,0.0012232565
51016,0.0016632085
51216,0.00020476957
51616,0.0008338061
51816,0.0014478295
52016,0.000981889
52116,0.0050051054
52516,0.0015583619
52616,0.021354873
52716,0.007275768
53216,0.048423424
53316,0.005302613
53416,0.020400725
53616,0.03184591
53916,0.03290509
54116,0.0037306633
54216,0.0046103816
54316,0.0036931797
54416,0.032722387
54616,0.032758143
55016,0.034929674
55216,0.0038721848
55416,0.00049491937
55516,0.0066170837
55616,0.0065839663
56216,0.0025928766
56516,0.00933809
56716,0.0055893906
56816,0.0025726252
57016,0.0076257093
57116,0.008911525
57216,0.0010712798
57316,0.00047438388
57516,0.008350002
57916,0.024661709
58016,0.0028048048
58216,0.0022101665
58316,0.0010173072
58516,0.006996233
58916,0.0073788073
59116,0.082101606
59216,0.00086597493
59516,0.0030957912
59616,0.022682015
59816,0.0056277174
59916,0.03636218
60416,0.0006009252
60516,0.0008096716
60816,0.029484127
61116,0.009143399
61316,0.0068601132
61416,0.0070454213
61716,0.06504598
62116,0.003943075
62416,0.014952788
62716,0.003883127
62816,0.0051960563
63516,0.0055911858
63616,0.009717724
63716,0.004343461
63816,0.011578141
63916,0.0024296574
64316,0.012834525
64416,0.0010550482
17,0.0017607253
117,0.0052411845
417,0.012093554
617,0.015631046
717,0.021707606
1017,0.002357202
1217,0.00076506025
1717,0.00316361
2217,0.0067235082
2717,0.0017360551
2817,0.0011679488
2917,0.003190124
3017,0.038320243
3117,0.011859706
3217,0.023404295
3317,0.06558016
3417,0.0039936802
3717,0.0028073445
4017,0.0050900634
4117,0.0014619855
4217,0.0076357587
4417,0.0037649272
4717,0.0028308043
4817,0.078898564
4917,0.002564884
5117,0.44510135
5217,0.01993605
5717,0.032628827
5917,0.0055443426
6217,0.0034764674
6317,0.0061467513
6517,0.01058222
6617,0.014805001
6817,0.015478964
6917,0.0044768634
7017,0.0052216025
7217,0.012566153
7417,0.00445543
7517,0.0022341223
7717,0.0032840213
7917,0.0020901097
8117,0.003923266
8217,0.022000829
8317,0.008417322
8417,0.025224462
8517,0.0029544965
8617,0.021419797
8717,0.003617283
8917,0.001215393
9017,0.014106812
9217,0.03051176
9517,0.0057672244
9817,0.0043082503
9917,0.0049510496
10117,0.0015356214
10417,0.0031522738
10517,0.022892747
10617,0.0046231165
10717,0.0024670411
10917,0.1234054
11217,0.006208454
11317,0.003667356
11717,0.010620167
11917,0.023960011
12117,0.0015202074
12417,0.002478891
12717,0.010184105
12917,0.0023845432
13017,0.0042011836
13417,0.0134242885
13517,0.013363252
13617,0.010556495
13717,0.058267705
13917,0.00301807
14317,0.061963566
14417,0.0018353506
15417,0.009026051
15617,0.0670529
15717,0.0014545183
15817,0.0026674494
15917,0.0021982274
16117,0.0053620352
16217,0.011205077
16317,0.0027022213
16417,0.0024486787
16517,0.0008487109
16617,0.0005320382
17017,0.035705533
17117,0.0026976971
17217,0.005646534
17317,0.0010852445
17417,0.0010354462
17617,0.0019035842
17717,0.004385357
17917,0.0029607983
18017,0.0012670534
18117,0.002863113
18217,0.0011612118
18417,0.0026041337
18517,0.001296139
18717,0.0030087132
18817,0.0022060352
19117,0.02675489
19517,0.0012815497
19617,0.003097477
19717,0.0045359447
19817,0.006866584
20717,0.023725495
20817,0.004335094
20917,0.01591835
21117,0.006986709
21217,0.014962064
21417,0.011771056
21817,0.124487795
22017,0.025275841
22317,0.0039359704
22417,0.013885656
22517,0.120993786
22617,0.01679507
22917,0.005848162
23017,0.0047400417
23217,0.006150844
23317,0.005475505
23617,0.0073952274
23717,0.007512599
23817,0.003861505
23917,0.003226581
24117,0.011957222
24217,0.009792973
24417,0.0038375175
24517,0.0040870723
24617,0.0014689544
24717,0.0042523337
25317,0.0031669769
25417,0.0016674815
25817,0.00074359094
26017,0.0033900691
26117,0.009159491
26217,0.013519284
26317,0.019974228
26417,0.0039982684
26617,0.033181436
26717,0.027234405
26817,0.005731239
26917,0.0027406558
27017,0.0025462906
27317,0.0052216747
27417,0.012397029
27517,0.011096036
27917,0.0020357757
28017,0.0035659766
28117,0.0042427857
28317,0.027580403
28417,0.0141707985
29017,0.027791675
29117,0.011704457
29317,0.02613568
29617,0.007185525
29717,0.012081751
29817,0.0017146919
29917,0.008927311
30017,0.02496761
30117,0.0113823665
30317,0.03511325
30417,0.047652937
30717,0.0057269805
30817,0.0030360213
31117,0.0033811796
31217,0.011629371
31617,0.005322873
31717,0.002177878
31817,0.0021961369
31917,0.06335336
32017,0.010926705
32117,0.0024048856
32817,0.007483236
33017,0.0023607528
33117,0.0015802777
33517,0.0543542
33717,0.0011503568
33817,0.005160574
33917,0.00088194455
34017,0.0033621327
34217,0.0017257023
34317,0.0020651873
34417,0.003137922
34517,0.001345904
34617,0.0014054641
34817,0.0007054016
35017,0.026358793
35217,0.05560567
35317,0.016255254
35517,0.0053171827
35617,0.0008313759
35717,0.0042275554
35917,0.0062465295
36017,0.013691123
36117,0.0029969122
36617,0.00341976
37217,0.01849062
37417,0.008620621
37517,0.021226164
37617,0.0022762336
37717,0.011593623
38117,0.075580485
38217,0.018826697
38317,0.16937567
38417,0.009636596
38617,0.038993962
38817,0.011383641
39117,0.010406655
39217,0.006320535
39317,0.009052715
39417,0.009406032
39617,0.0011191921
39717,0.0097043635
39917,0.0014145662
40017,0.0088455295
40217,0.003021676
40517,0.004464906
40617,0.0051815156
41817,0.00510221
42017,0.0027670274
42717,0.0485656
42917,0.0077555915
43617,0.004513736
44217,0.004802478
44517,0.0014148277
44717,0.013961219
44917,0.011414171
45217,0.062179793
45317,0.0016145443
45517,0.004931591
45617,0.006736959
46117,0.0040416117
46317,0.011690925
46517,0.0054340987
46917,0.0012399025
47017,0.004532631
47117,0.0007897994
47217,0.008474219
47317,0.014414455
47617,0.017259503
47717,0.057321142
47817,0.045706205
47917,0.0022182434
48217,0.0037524507
48617,0.005490974
48717,0.0008935672
49117,0.0023949677
49217,0.018763734
49617,0.002246724
49717,0.01078209
49917,0.0010572249
50117,0.0031038872
50317,0.0014358687
50417,0.0034633763
50617,0.004095163
50817,0.0021154226
50917,0.0019158385
51017,0.0022162138
51217,0.0028888115
51617,0.026833793
51817,0.003077075
52017,0.0033361677
52117,0.015390111
52517,0.002518926
52617,0.0027600192
52717,2.6360307e-05
53217,0.015576852
53317,0.017145019
53417,0.030906327
53617,0.029405175
53917,0.0013575415
54117,0.003626938
54217,0.0045176917
54317,0.0054356004
54417,0.009401563
54617,0.003969577
55017,0.017871138
55217,0.005632588
55417,0.012445339
55517,0.001995594
55617,0.01347659
56217,0.006311473
56517,0.009827737
56717,0.008255314
56817,0.0038797052
57017,0.0014700815
57117,0.002444003
57217,0.0019668639
57317,0.0042006485
57517,0.0019277495
57917,0.018411227
58017,0.0021989094
58217,0.0011418409
58317,0.0008979562
58517,0.0028106067
58917,0.0046105455
59117,0.010045155
59217,0.002448446
59517,0.0053508487
59617,0.015087157
59817,0.00788176
59917,0.027831575
60417,0.00015598115
60517,0.0024322174
60817,0.06116596
61117,0.0053109406
61317,0.0053525413
61417,0.0062070615
61717,0.011909414
62117,0.00556095
62417,0.40724894
62717,0.032343518
62817,0.03305351
63517,0.004427738
63617,0.075967774
63717,0.15772554
63817,0.039090615
63917,0.002690599
64317,0.020083964
64417,0.009716454
18,0.023021962
118,0.011295555
418,0.015900452
618,0.07692001
718,0.027136741
1018,0.018716507
1218,0.003868033
1718,0.016200261
2218,0.0016459813
2718,0.0007663089
2818,0.011893926
2918,0.012899799
3018,0.025484093
3118,0.004570803
3218,0.36467674
3318,0.56278723
3418,0.0015967332
3718,0.0072025605
4018,0.6911124
4118,0.01683343
4218,0.013919018
4418,0.0034937104
4718,0.8329045
4818,0.09890642
4918,0.19855662
5118,0.17423792
5218,0.030139403
5718,0.30906087
5918,0.04292271
6218,0.079341024
6318,0.03294878
6518,0.1151215
6618,0.12850924
6818,0.120779686
6918,0.0022022258
7018,0.0032507598
7218,0.004005744
7418,0.054603934
7518,0.11834963
7718,0.002717198
7918,0.011853557
8118,0.10174954
8218,0.028502015
8318,0.0060685803
8418,0.016344257
8518,0.011159515
8618,0.0037170316
8718,0.00787975
8918,0.00323977
9018,0.008417311
9218,0.012530214
9518,0.04933521
9818,0.023410644
9918,0.016165366
10118,0.01354393
10418,0.012222124
10518,0.055150475
10618,0.012878626
10718,0.013389611
10918,0.21446556
11218,0.014927317
11318,0.0018370606
11718,0.0027568375
11918,0.12904128
12118,0.0053183506
12418,0.014428814
12718,0.033581045
12918,0.011682129
13018,0.07099007
13418,0.114996344
13518,0.07201123
13618,0.06902623
13718,0.04538035
13918,0.022230892
14318,0.2557437
14418,0.0027813036
15418,0.014048405
15618,0.18591233
15718,0.007136628
15818,0.0037443296
15918,0.006626011
16118,0.024312677
16218,0.025027432
16318,0.004744543
16418,0.013123394
16518,0.0038019083
16618,0.004099347
17018,0.037501227
17118,0.00495347
17218,0.016136091
17318,0.006763397
17418,0.0036427132
17618,0.05602001
17718,0.01197694
17918,0.0074262205
18018,0.012101907
18118,0.0011336949
18218,0.00028602785
18418,0.00042482335
18518,0.0049417973
18718,0.0011646332
18818,0.0023315323
19118,0.017464649
19518,0.007165116
19618,0.0035064146
19718,0.011056909
19818,0.0039590485
20718,0.022863546
20818,0.040738795
20918,0.028140262
21118,0.0312617
21218,0.07380027
21418,0.036265012
21818,0.08268612
22018,0.10068434
22318,0.011773031
22418,0.18597183
22518,0.020544954
22618,0.0632743
22918,0.0014413063
23018,0.0021637492
23218,0.031786356
23318,0.03877545
23618,0.012087425
23718,0.023966974
23818,0.041753702
23918,0.0030699912
24118,0.015522375
24218,0.022925861
24418,0.005266442
24518,0.0037089228
24618,0.0034758279
24718,0.011772453
25318,0.010684338
25418,0.027991211
25818,0.0036751071
26018,0.028443849
26118,0.011381872
26218,0.018876057
26318,0.039292913
26418,0.048636034
26618,0.047480136
26718,0.07283436
26818,0.004316078
26918,0.0072303126
27018,0.008017627
27318,0.029521981
27418,0.014475442
27518,0.0048929476
27918,0.004374192
28018,0.035492547
28118,0.0076436345
28318,0.20082809
28418,0.13654697
29018,0.06294411
29118,0.39936355
29318,0.08471789
29618,0.0048232954
29718,0.04050381
29818,0.02365782
29918,0.044152502
30018,0.019224897
30118,0.015474072
30318,0.04113773
30418,0.20241287
30718,0.01010911
30818,0.012481464
31118,0.015282983
31218,0.08364015
31618,0.002753838
31718,0.013571363
31818,0.022968685
31918,0.21859176
32018,0.048040524
32118,0.013106093
32818,0.03370102
33018,0.0061019273
33118,0.008985464
33518,0.02720519
33718,0.007888166
33818,0.025644192
33918,0.00065300317
34018,0.0011571327
34218,0.0005442557
34318,0.009985123
34418,0.0003961333
34518,0.0013311799
34618,0.00890182
34818,0.00043349023
35018,0.03808382
35218,0.030618409
35318,0.61342335
35518,0.01880059
35618,0.0033254877
35718,0.015052708
35918,0.057350166
36018,0.016708989
36118,0.022976525
36618,0.13479213
37218,0.5225469
37418,0.098478265
37518,0.02328734
37618,0.010723207
37718,0.030128833
38118,0.37748533
38218,0.044379234
38318,0.1356583
38418,0.029006543
38618,0.025029399
38818,0.0828986
39118,0.007373746
39218,0.0023421862
39318,0.0050391406
39418,0.00418963
39618,0.02511351
39718,0.122386895
39918,0.006887051
40018,0.0030192132
40218,0.009564012
40518,0.0031277894
40618,0.0053160377
41818,0.009829396
42018,0.030110253
42718,0.037178587
42918,0.017310485
43618,0.024707543
44218,0.029111847
44518,0.007388665
44718,0.02342524
44918,0.048219535
45218,0.013540874
45318,0.025124919
45518,0.039452672
45618,0.031522516
46118,0.032154433
46318,0.07238967
46518,0.0050102095
46918,0.0027097436
47018,0.0019328108
47118,0.0037456036
47218,0.059052173
47318,0.15757176
47618,0.15929605
47718,0.025194379
47818,0.11393986
47918,0.008680154
48218,0.046081856
48618,0.008780044
48718,0.0050954972
49118,0.18483196
49218,0.025193915
49618,0.007606871
49718,0.001870861
49918,0.009561059
50118,0.017720558
50318,0.0008000915
50418,0.0013513032
50618,0.0013185838
50818,0.00064176135
50918,0.0030190472
51018,0.0068097003
51218,0.00064137526
51618,0.0038389936
51818,0.018128255
52018,0.0058236555
52118,0.01301895
52518,0.016340794
52618,0.015284457
52718,0.057735626
53218,0.03718901
53318,0.032890648
53418,0.29290685
53618,0.1031384
53918,0.039260086
54118,0.03285979
54218,0.020321539
54318,0.026219236
54418,0.07920882
54618,0.03009665
55018,0.07730075
55218,0.0037550945
55418,0.0034194048
55518,0.015431402
55618,0.045039658
56218,0.013787732
56518,0.027693877
56718,0.0042072865
56818,0.012519388
57018,0.0040139705
57118,0.0058055418
57218,0.0056319684
57318,0.002612165
57518,0.01529486
57918,0.09206467
58018,0.0129131945
58218,0.004833464
58318,0.032220002
58518,0.015521651
58918,0.070285864
59118,0.0179043
59218,0.008966471
59518,0.004702099
59618,0.047836743
59818,0.03505092
59918,0.043297082
60418,0.001122455
60518,0.0069519086
60818,0.071956806
61118,0.028882893
61318,0.015969487
61418,0.011685614
61718,0.07862088
62118,0.06010983
62418,0.05471308
62718,0.2231146
62818,0.020126615
63518,0.0093964515
63618,0.061463684
63718,0.024276963
63818,0.052127045
63918,0.0028348311
64318,0.06015364
64418,0.07273885
