Id,Probability
0,0.07108854
100,0.056997176
400,0.0015381543
600,0.09285039
700,0.07120506
1000,0.05250108
1200,0.050349925
1700,0.04333358
2200,0.016354159
2700,0.002069581
2800,0.11183848
2900,0.07315259
3000,0.07463064
3100,0.14440316
3200,0.15172757
3300,0.07947883
3400,0.024064397
3700,0.038415015
4000,0.069903396
4100,2.1873242e-05
4200,0.084063046
4400,0.117766775
4700,0.06765393
4800,0.05841837
4900,0.057416238
5100,0.04683007
5200,0.07053021
5700,0.08231671
5900,0.04701445
6200,0.06558639
6300,0.07123194
6500,0.06070247
6600,0.057088647
6800,0.0764184
6900,0.008436261
7000,0.10550762
7200,0.011648291
7400,0.08135186
7500,0.03514815
7700,0.027388992
7900,0.041668408
8100,0.084404
8200,0.06524898
8300,0.06603511
8400,0.078241795
8500,0.06259184
8600,0.0477924
8700,0.052304253
8900,0.063293025
9000,0.08391752
9200,0.049282912
9500,0.14360069
9800,0.052000124
9900,0.059766866
10100,0.11052593
10400,0.059313394
10500,0.069343135
10600,0.109053634
10700,0.034121946
10900,0.06911589
11200,0.05640136
11300,0.048804548
11700,0.045630675
11900,0.052486494
12100,0.10981932
12400,0.08334709
12700,0.094862424
12900,0.072952405
13000,0.052057255
13400,0.06174315
13500,0.07293968
13600,0.04875677
13700,0.07590754
13900,0.09919394
14300,0.07019789
14400,0.12953754
15400,0.15289049
15600,0.06370742
15700,0.096079
15800,0.074100025
15900,0.022433912
16100,0.17852823
16200,0.0816332
16300,0.056270096
16400,0.050188117
16500,0.001911843
16600,0.13237068
17000,0.06971138
17100,0.035246205
17200,0.042444807
17300,0.07549031
17400,0.051022243
17600,0.19125487
17700,0.06408042
17900,0.022950819
18000,0.03690212
18100,0.016231202
18200,0.0015297579
18400,0.002407464
18500,0.006004074
18700,0.007707942
18800,0.06409068
19100,0.1089131
19500,0.05932325
19600,0.009970678
19700,0.020131884
19800,0.005775093
20700,0.08220153
20800,0.15724222
20900,0.13162854
21100,0.075351216
21200,0.14034285
21400,0.09897665
21800,0.070007905
22000,0.057546604
22300,0.04695183
22400,0.06806907
22500,0.059091795
22600,0.07158941
22900,0.0042683026
23000,0.016994007
23200,0.07027602
23300,0.07925492
23600,0.04073789
23700,0.1944333
23800,0.0841224
23900,0.07374112
24100,0.08548956
24200,0.11635338
24400,0.021206867
24500,0.053660966
24600,0.009275836
24700,0.040253356
25300,0.12464792
25400,0.17462505
25800,0.13181876
26000,0.1654338
26100,0.11712796
26200,0.09118767
26300,0.06933457
26400,0.08205322
26600,0.061575186
26700,0.06972769
26800,0.10768312
26900,0.065445684
27000,0.06568523
27300,0.10976626
27400,0.15836328
27500,0.045067012
27900,0.07694269
28000,0.02518764
28100,0.16109377
28300,0.075956486
28400,0.06533074
29000,0.11240201
29100,0.06987636
29300,0.06138764
29600,0.09607321
29700,0.104541585
29800,0.071781926
29900,0.042637892
30000,0.09632418
30100,0.1841387
30300,0.04813493
30400,0.057489183
30700,0.13020355
30800,0.12002957
31100,0.13301912
31200,0.114429854
31600,0.10173333
31700,0.16004786
31800,0.19637667
31900,0.08748929
32000,0.0711373
32100,0.060049266
32800,0.06855706
33000,0.0485744
33100,0.037584607
33500,0.123525575
33700,0.033636563
33800,0.03895038
33900,0.0007108722
34000,0.006247705
34200,0.008746328
34300,0.015732333
34400,0.0010848385
34500,0.004897094
34600,0.04150815
34800,0.0009820907
35000,0.04874587
35200,0.08231167
35300,0.07607199
35500,0.04674269
35600,0.05661794
35700,0.083252
35900,0.16159423
36000,0.12241572
36100,0.08514982
36600,0.13053378
37200,0.081494935
37400,0.09473909
37500,0.11379839
37600,0.14382258
37700,0.07428288
38100,0.05083478
38200,0.0546238
38300,0.05724768
38400,0.07199692
38600,0.0518534
38800,0.05998691
39100,0.04317552
39200,0.005544813
39300,0.051067412
39400,0.18770765
39600,0.09058849
39700,2.003403e-05
39900,0.07473541
40000,0.11165684
40200,0.059315663
40500,0.101992406
40600,0.051399723
41800,0.16629285
42000,0.07837127
42700,0.13432772
42900,0.108083256
43600,0.1692362
44200,0.15276177
44500,0.11050187
44700,0.083250806
44900,0.056007326
45200,0.059564814
45300,0.07057905
45500,0.09810392
45600,0.07116013
46100,0.08730774
46300,0.06257384
46500,0.09858667
46900,0.03810029
47000,0.07735534
47100,0.118508376
47200,0.15865503
47300,0.073380314
47600,0.0964054
47700,0.06843129
47800,0.050329342
47900,0.032071173
48200,0.18811259
48600,0.07766929
48700,0.0037106043
49100,0.07799177
49200,0.11540794
49600,0.150294
49700,0.07812063
49900,0.081171304
50100,0.027784524
50300,0.00766231
50400,0.001950976
50600,0.015775148
50800,0.0046456954
50900,0.015286912
51000,0.025304856
51200,0.0029122191
51600,0.030042123
51800,0.06113763
52000,0.0073094396
52100,0.087815635
52500,0.12892668
52600,0.16052982
52700,0.009451947
53200,0.060277387
53300,0.12954304
53400,0.07651048
53600,0.08478812
53900,0.11057079
54100,0.07667048
54200,0.076358244
54300,0.07001361
54400,0.07871892
54600,0.014923325
55000,0.05282209
55200,0.09075962
55400,0.07754285
55500,0.08861593
55600,0.078844
56200,0.090507016
56500,0.09981399
56700,0.05775371
56800,0.068624616
57000,0.056014203
57100,0.053814366
57200,0.08678726
57300,0.023991767
57500,0.045747582
57900,0.15126409
58000,0.08274905
58200,0.10648109
58300,0.020569382
58500,0.08169112
58900,0.07294064
59100,0.16613285
59200,0.13856052
59500,0.0779012
59600,0.16935973
59800,0.10419828
59900,0.15289369
60400,0.03233646
60500,0.080433115
60800,0.053324535
61100,0.115267515
61300,0.15414746
61400,0.17609186
61700,0.054371234
62100,0.14256303
62400,0.058062393
62700,0.07732985
62800,0.06883842
63500,0.1660667
63600,0.102879755
63700,0.07520915
63800,0.05725673
63900,0.0327196
64300,0.05516237
64400,0.1396039
1,0.032166243
101,0.03414081
401,0.88615483
601,0.021565517
701,0.016122576
1001,0.1339621
1201,0.31222403
1701,0.07445803
2201,0.53424895
2701,0.96266854
2801,0.053365994
2901,0.028128492
3001,0.01722513
3101,0.04576799
3201,0.035947938
3301,0.04382158
3401,0.354875
3701,0.34015518
4001,0.017440235
4101,0.99993485
4201,0.05479298
4401,0.026769679
4701,0.020599427
4801,0.044510122
4901,0.02197283
5101,0.019677332
5201,0.022050297
5701,0.017066166
5901,0.013093179
6201,0.034775384
6301,0.022479545
6501,0.01597568
6601,0.015886229
6801,0.020280149
6901,0.99363875
7001,0.12942861
7201,0.9221563
7401,0.03558171
7501,0.29870242
7701,0.39776886
7901,0.13140076
8101,0.028777178
8201,0.14048566
8301,0.054169234
8401,0.019037774
8501,0.08168855
8601,0.09746907
8701,0.12276088
8901,0.042283442
9001,0.03136525
9201,0.07278755
9501,0.040466763
9801,0.052476894
9901,0.020676384
10101,0.10667776
10401,0.026121626
10501,0.03350101
10601,0.055375468
10701,0.043628328
10901,0.023999138
11201,0.06752653
11301,0.6750607
11701,0.6588507
11901,0.014997312
12101,0.023906376
12401,0.019901592
12701,0.028182784
12901,0.021801477
13001,0.025854984
13401,0.01744615
13501,0.021410428
13601,0.021921258
13701,0.05478537
13901,0.053661846
14301,0.022505887
14401,0.12410429
15401,0.039400145
15601,0.019960072
15701,0.019753546
15801,0.05905703
15901,0.4415676
16101,0.037902273
16201,0.0176181
16301,0.035137784
16401,0.032798827
16501,0.88648015
16601,0.052439194
17001,0.023997005
17101,0.22424634
17201,0.051359463
17301,0.1357938
17401,0.26604748
17601,0.04624211
17701,0.024754822
17901,0.1692956
18001,0.058490492
18101,0.85127455
18201,0.9363739
18401,0.8865835
18501,0.6581227
18701,0.9025285
18801,0.047048803
19101,0.021295391
19501,0.14207205
19601,0.76368636
19701,0.40866184
19801,0.8346385
20701,0.026102336
20801,0.031375468
20901,0.050149597
21101,0.025282683
21201,0.030127471
21401,0.05001883
21801,0.025400722
22001,0.02579862
22301,0.042298008
22401,0.015625002
22501,0.02598394
22601,0.014946629
22901,0.99714696
23001,0.93621033
23201,0.052312754
23301,0.054628603
23601,0.13546847
23701,0.07668742
23801,0.07792449
23901,0.03672311
24101,0.042194583
24201,0.02749841
24401,0.32411557
24501,0.08409766
24601,0.6608744
24701,0.077876545
25301,0.13675183
25401,0.027849708
25801,0.10894171
26001,0.05126163
26101,0.04853337
26201,0.1007799
26301,0.04024148
26401,0.019600464
26601,0.022533137
26701,0.0215592
26801,0.6430352
26901,0.19447464
27001,0.06569196
27301,0.017537944
27401,0.056847807
27501,0.7834952
27901,0.14059697
28001,0.2599351
28101,0.03322578
28301,0.03335906
28401,0.021084398
29001,0.016904308
29101,0.021683719
29301,0.025490092
29601,0.058023427
29701,0.02295705
29801,0.012503379
29901,0.019687383
30001,0.030048406
30101,0.03132641
30301,0.030595042
30401,0.026918279
30701,0.08731302
30801,0.030231073
31101,0.07784159
31201,0.02167391
31601,0.039969366
31701,0.031151948
31801,0.055107832
31901,0.021765634
32001,0.01734091
32101,0.034418933
32801,0.015058469
33001,0.082909115
33101,0.15317333
33501,0.021776762
33701,0.17822148
33801,0.07256338
33901,0.98904276
34001,0.81319237
34201,0.7951264
34301,0.4535836
34401,0.9298758
34501,0.809317
34601,0.22342595
34801,0.96062315
35001,0.12795343
35201,0.35503012
35301,0.02913933
35501,0.18845047
35601,0.1369292
35701,0.10791356
35901,0.0920873
36001,0.11993736
36101,0.019949974
36601,0.055096336
37201,0.1561932
37401,0.026150791
37501,0.030686729
37601,0.028834648
37701,0.019902121
38101,0.020329883
38201,0.020968886
38301,0.022178104
38401,0.018835204
38601,0.024211168
38801,0.022369245
39101,0.20107655
39201,0.9950727
39301,0.939235
39401,0.10977771
39601,0.023059076
39701,0.9959783
39901,0.047286965
40001,0.05245804
40201,0.084714465
40501,0.083393686
40601,0.09086888
41801,0.059057586
42001,0.07725524
42701,0.054341167
42901,0.09842116
43601,0.057387285
44201,0.041793168
44501,0.20802511
44701,0.021707071
44901,0.021836547
45201,0.020578872
45301,0.033513963
45501,0.01566589
45601,0.022828886
46101,0.024082046
46301,0.020125061
46501,0.1413592
46901,0.24416985
47001,0.07301444
47101,0.09153507
47201,0.024518732
47301,0.01801468
47601,0.027216168
47701,0.022582132
47801,0.014743035
47901,0.32736897
48201,0.036899246
48601,0.0649282
48701,0.82122785
49101,0.012892016
49201,0.033764895
49601,0.045137282
49701,0.7351153
49901,0.02060054
50101,0.09946402
50301,0.7273768
50401,0.9242656
50601,0.8515042
50801,0.91032237
50901,0.59657013
51001,0.35968354
51201,0.9412433
51601,0.91962504
51801,0.124981225
52001,0.711942
52101,0.022640703
52501,0.04049656
52601,0.04278941
52701,0.96474355
53201,0.01328317
53301,0.09182499
53401,0.14953282
53601,0.09228409
53901,0.24498029
54101,0.010675347
54201,0.015977174
54301,0.014520076
54401,0.014983659
54601,0.482701
55001,0.02136619
55201,0.4617775
55401,0.7321577
55501,0.22402303
55601,0.2659255
56201,0.025806163
56501,0.025990555
56701,0.06922649
56801,0.091833375
57001,0.13299379
57101,0.11587194
57201,0.029898819
57301,0.78370315
57501,0.105551526
57901,0.022290617
58001,0.055495217
58201,0.06115998
58301,0.57607937
58501,0.015864387
58901,0.08510256
59101,0.037339054
59201,0.0756121
59501,0.081078395
59601,0.05165268
59801,0.036255598
59901,0.03344548
60401,0.33832353
60501,0.17813075
60801,0.014959917
61101,0.037262443
61301,0.038957715
61401,0.035575528
61701,0.019951228
62101,0.038966533
62401,0.023846632
62701,0.027850771
62801,0.030099869
63501,0.05043602
63601,0.047660578
63701,0.02851443
63801,0.018856553
63901,0.36590445
64301,0.013988656
64401,0.025200307
2,0.05003429
102,0.037774403
402,0.0057134917
602,0.042989697
702,0.05203998
1002,0.046434186
1202,0.101560876
1702,0.082023546
2202,0.017316269
2702,0.059916835
2802,0.06773258
2902,0.07075741
3002,0.03785668
3102,0.111760765
3202,0.06645865
3302,0.04245759
3402,0.021236233
3702,0.03927888
4002,0.06350203
4102,0.9992782
4202,0.07796104
4402,0.124057814
4702,0.051416963
4802,0.045585383
4902,0.042601384
5102,0.04087118
5202,0.06092388
5702,0.061972182
5902,0.07880799
6202,0.0733557
6302,0.04613694
6502,0.065611385
6602,0.053530402
6802,0.08045346
6902,0.31140706
7002,0.21913634
7202,0.024572963
7402,0.04069742
7502,0.025257466
7702,0.035728205
7902,0.14544867
8102,0.049922872
8202,0.05124312
8302,0.061629914
8402,0.07958619
8502,0.056036685
8602,0.060000323
8702,0.04638062
8902,0.07069829
9002,0.09684855
9202,0.08984813
9502,0.09250347
9802,0.06227842
9902,0.069174804
10102,0.07166871
10402,0.11383383
10502,0.107355505
10602,0.18387298
10702,0.046240024
10902,0.057195418
11202,0.0715599
11302,0.28946826
11702,0.07449492
11902,0.053887893
12102,0.088707305
12402,0.10477219
12702,0.06820261
12902,0.07538801
13002,0.06591051
13402,0.05113753
13502,0.09810572
13602,0.09152094
13702,0.06591125
13902,0.07327062
14302,0.045783624
14402,0.21021378
15402,0.05220413
15602,0.0485537
15702,0.0785937
15802,0.07300821
15902,0.06787641
16102,0.07212377
16202,0.062460456
16302,0.033833183
16402,0.043663774
16502,0.004072292
16602,0.055857882
17002,0.054616857
17102,0.033690985
17202,0.0406116
17302,0.09131586
17402,0.03026279
17602,0.06705556
17702,0.04127479
17902,0.07882511
18002,0.071153715
18102,0.01917881
18202,0.01579083
18402,0.00442086
18502,0.016785387
18702,0.021964114
18802,0.08759458
19102,0.05519346
19502,0.031747278
19602,0.019409297
19702,0.017805679
19802,0.0088676335
20702,0.056445867
20802,0.05845802
20902,0.044858377
21102,0.059151836
21202,0.06838625
21402,0.14597334
21802,0.06131223
22002,0.0830904
22302,0.04235627
22402,0.053827785
22502,0.046251662
22602,0.05791767
22902,0.13205354
23002,0.0722869
23202,0.0552304
23302,0.052498627
23602,0.07093806
23702,0.14012155
23802,0.083113186
23902,0.06376391
24102,0.057811376
24202,0.09927863
24402,0.029146586
24502,0.04680879
24602,0.1060307
24702,0.052320283
25302,0.051251043
25402,0.10999468
25802,0.15457654
26002,0.055389386
26102,0.19470803
26202,0.11025709
26302,0.08189365
26402,0.05879317
26602,0.046109296
26702,0.051338095
26802,0.52708024
26902,0.21215332
27002,0.11207058
27302,0.09908267
27402,0.117578976
27502,0.076729216
27902,0.37448683
28002,0.059843633
28102,0.13835727
28302,0.05217193
28402,0.073580705
29002,0.059285127
29102,0.05629719
29302,0.046791304
29602,0.1245714
29702,0.073068105
29802,0.060853142
29902,0.069089204
30002,0.07368679
30102,0.13014184
30302,0.045353245
30402,0.0779773
30702,0.11359383
30802,0.21117659
31102,0.1501639
31202,0.07637691
31602,0.1009008
31702,0.12215503
31802,0.15534441
31902,0.056291744
32002,0.076319285
32102,0.066858925
32802,0.046840664
33002,0.05138921
33102,0.02373685
33502,0.046290968
33702,0.10669286
33802,0.07210968
33902,0.49422017
34002,0.010190405
34202,0.018466886
34302,0.033965956
34402,0.0091356
34502,0.024155766
34602,0.077812456
34802,0.0044524437
35002,0.03881252
35202,0.06463991
35302,0.07357641
35502,0.025694279
35602,0.026404925
35702,0.046673834
35902,0.0992766
36002,0.18666555
36102,0.080566585
36602,0.042980857
37202,0.07939002
37402,0.05483356
37502,0.07192259
37602,0.12467616
37702,0.08573351
38102,0.057036433
38202,0.07218297
38302,0.047755715
38402,0.044535276
38602,0.04607425
38802,0.08363263
39102,0.06505926
39202,0.16943353
39302,0.43384188
39402,0.32516187
39602,0.041331057
39702,0.0015010427
39902,0.05563836
40002,0.099647366
40202,0.039020672
40502,0.13536853
40602,0.034504753
41802,0.11482221
42002,0.14076453
42702,0.07346434
42902,0.13484398
43602,0.071945526
44202,0.059457038
44502,0.083234504
44702,0.06512216
44902,0.05872431
45202,0.039997786
45302,0.055214234
45502,0.09217294
45602,0.06330673
46102,0.081626974
46302,0.06393309
46502,0.15148081
46902,0.034794163
47002,0.11676356
47102,0.13341066
47202,0.10436176
47302,0.05017735
47602,0.089638494
47702,0.0673953
47802,0.044370748
47902,0.026462689
48202,0.10704622
48602,0.04197608
48702,0.004655773
49102,0.06963495
49202,0.06512106
49602,0.08004373
49702,0.1933332
49902,0.06853972
50102,0.052566607
50302,0.046081763
50402,0.013710759
50602,0.05509843
50802,0.019076064
50902,0.013366614
51002,0.050473817
51202,0.028287696
51602,0.114911124
51802,0.042733878
52002,0.009669704
52102,0.059782393
52502,0.13474625
52602,0.16233774
52702,0.94742525
53202,0.04179834
53302,0.11043901
53402,0.0527852
53602,0.047926333
53902,0.5485418
54102,0.06624828
54202,0.06249561
54302,0.07823325
54402,0.07200593
54602,0.1835876
55002,0.06481141
55202,0.4834881
55402,0.26449957
55502,0.17625847
55602,0.026530031
56202,0.06750801
56502,0.05642435
56702,0.05908866
56802,0.059159834
57002,0.08055243
57102,0.05916739
57202,0.055330325
57302,0.041815758
57502,0.08931442
57902,0.09863584
58002,0.04984134
58202,0.105741695
58302,0.081204094
58502,0.073074766
58902,0.09685683
59102,0.116606936
59202,0.19390374
59502,0.16666132
59602,0.10643262
59802,0.06723142
59902,0.06260386
60402,0.71590304
60502,0.036237247
60802,0.046530597
61102,0.21008685
61302,0.082071036
61402,0.17468116
61702,0.092668414
62102,0.06558881
62402,0.04399587
62702,0.06867483
62802,0.091671444
63502,0.098595574
63602,0.075832054
63702,0.049180146
63802,0.057231836
63902,0.019317921
64302,0.04684641
64402,0.07611046
3,0.046152163
103,0.038498204
403,0.0026756073
603,0.06756667
703,0.053272035
1003,0.012325325
1203,0.016895505
1703,0.024188085
2203,0.008243141
2703,0.0020714866
2803,0.047524907
2903,0.05054255
3003,0.06546207
3103,0.06686894
3203,0.05572917
3303,0.06640286
3403,0.009030418
3703,0.015066394
4003,0.07535306
4103,0.00024288779
4203,0.06341361
4403,0.063853435
4703,0.04282182
4803,0.04799175
4903,0.029173432
5103,0.048420582
5203,0.06592996
5703,0.06804191
5903,0.059559893
6203,0.07951755
6303,0.032372966
6503,0.06383956
6603,0.04938267
6803,0.08649119
6903,0.0020535279
7003,0.06662343
7203,0.017445752
7403,0.058736905
7503,0.011742242
7703,0.0097101545
7903,0.019020246
8103,0.03431475
8203,0.027254777
8303,0.030186037
8403,0.053195164
8503,0.020468298
8603,0.019773124
8703,0.018885525
8903,0.033836342
9003,0.030585747
9203,0.029965185
9503,0.074077256
9803,0.035671175
9903,0.048968177
10103,0.033659212
10403,0.077316456
10503,0.049937915
10603,0.1117702
10703,0.019039316
10903,0.031055417
11203,0.023512397
11303,0.02837888
11703,0.039278686
11903,0.064446196
12103,0.08992993
12403,0.07816912
12703,0.075932436
12903,0.09725379
13003,0.034760367
13403,0.048617277
13503,0.070498355
13603,0.07014641
13703,0.0803949
13903,0.04363759
14303,0.0775772
14403,0.15880488
15403,0.09765406
15603,0.048451744
15703,0.09179953
15803,0.033600625
15903,0.0076156287
16103,0.059722126
16203,0.08157496
16303,0.0246968
16403,0.043451447
16503,0.000372777
16603,0.03536758
17003,0.059882488
17103,0.0077893124
17203,0.023420122
17303,0.014789564
17403,0.008410139
17603,0.074122965
17703,0.043705057
17903,0.01119347
18003,0.026449319
18103,0.010510635
18203,0.0012678269
18403,0.0018548807
18503,0.0028539677
18703,0.004567039
18803,0.03598737
19103,0.07190297
19503,0.01583824
19603,0.0054509724
19703,0.009091331
19803,0.0037868642
20703,0.041535422
20803,0.11209035
20903,0.04439444
21103,0.052681405
21203,0.0642938
21403,0.1270205
21803,0.05961223
22003,0.07788015
22303,0.03564713
22403,0.07562019
22503,0.03858565
22603,0.08228144
22903,0.0006642667
23003,0.01979909
23203,0.037872743
23303,0.04426584
23603,0.021029234
23703,0.069527216
23803,0.0483292
23903,0.034610633
24103,0.031967252
24203,0.06140372
24403,0.011682614
24503,0.027180929
24603,0.0056011826
24703,0.020351447
25303,0.0377374
25403,0.120299295
25803,0.055789217
26003,0.105693065
26103,0.04665419
26203,0.08861503
26303,0.065964766
26403,0.08966763
26603,0.03023376
26703,0.06933831
26803,0.038880017
26903,0.02021238
27003,0.028574914
27303,0.06673229
27403,0.04960913
27503,0.026231958
27903,0.027760522
28003,0.011347296
28103,0.096669115
28303,0.02802559
28403,0.06492567
29003,0.0731483
29103,0.048508603
29303,0.035634194
29603,0.07152158
29703,0.13134919
29803,0.07973121
29903,0.072776586
30003,0.0807709
30103,0.11819466
30303,0.050222214
30403,0.073432446
30703,0.094752006
30803,0.07257201
31103,0.08230945
31203,0.06698377
31603,0.045353893
31703,0.13365021
31803,0.14223474
31903,0.07345662
32003,0.07847465
32103,0.058527187
32803,0.057124212
33003,0.020092592
33103,0.008794872
33503,0.05179963
33703,0.01701558
33803,0.02110891
33903,0.0012979629
34003,0.0022027835
34203,0.00856567
34303,0.005297178
34403,0.00055101677
34503,0.0035319198
34603,0.016220324
34803,0.0008603061
35003,0.022574762
35203,0.048123255
35303,0.048657812
35503,0.017350622
35603,0.023872795
35703,0.03112399
35903,0.06373835
36003,0.11926184
36103,0.046731334
36603,0.10109343
37203,0.018959828
37403,0.06405371
37503,0.059944794
37603,0.12249481
37703,0.074411966
38103,0.068494976
38203,0.057660468
38303,0.040554855
38403,0.06918529
38603,0.04455832
38803,0.073393434
39103,0.02674165
39203,0.0014578284
39303,0.009442372
39403,0.097826846
39603,0.046136733
39703,3.224256e-06
39903,0.02929832
40003,0.038507845
40203,0.02132305
40503,0.04123521
40603,0.024026653
41803,0.07726052
42003,0.053818844
42703,0.07874961
42903,0.059817836
43603,0.08928126
44203,0.078430146
44503,0.028697763
44703,0.062077913
44903,0.0514091
45203,0.049469955
45303,0.040028624
45503,0.07917088
45603,0.07067753
46103,0.12557364
46303,0.07007677
46503,0.0670478
46903,0.0137078
47003,0.026406636
47103,0.08357136
47203,0.0834971
47303,0.046018954
47603,0.06910998
47703,0.050381232
47803,0.046012424
47903,0.01413803
48203,0.09141373
48603,0.024407407
48703,0.00058480765
49103,0.07407358
49203,0.06745922
49603,0.059601292
49703,0.045748826
49903,0.048710603
50103,0.012218479
50303,0.005688619
50403,0.0013494783
50603,0.020421298
50803,0.003702196
50903,0.01092133
51003,0.009420846
51203,0.0032233682
51603,0.012254195
51803,0.02519629
52003,0.004302527
52103,0.05984696
52503,0.05241121
52603,0.14466113
52703,0.005928044
53203,0.07287879
53303,0.08995237
53403,0.07856885
53603,0.06346792
53903,0.10554101
54103,0.061659444
54203,0.077804945
54303,0.07940189
54403,0.08936109
54603,0.007594501
55003,0.055634208
55203,0.08405185
55403,0.031709213
55503,0.025043227
55603,0.0204659
56203,0.055007733
56503,0.06203507
56703,0.024473637
56803,0.042855278
57003,0.03717782
57103,0.020867703
57203,0.033775285
57303,0.01048753
57503,0.024466956
57903,0.06986991
58003,0.037526023
58203,0.04046477
58303,0.010194564
58503,0.045480702
58903,0.046379156
59103,0.13317898
59203,0.07406058
59503,0.029153973
59603,0.13703373
59803,0.033927318
59903,0.04800639
60403,0.012798877
60503,0.024474556
60803,0.054955922
61103,0.0358723
61303,0.08806459
61403,0.06713105
61703,0.078917675
62103,0.13535091
62403,0.04541615
62703,0.07403483
62803,0.062422544
63503,0.098387204
63603,0.057082012
63703,0.070346296
63803,0.063780576
63903,0.014036583
64303,0.06113
64403,0.062130198
4,0.103763655
104,0.046919674
404,0.0036454294
604,0.29524997
704,0.09429624
1004,0.027328225
1204,0.048756514
1704,0.03387434
2204,0.031738423
2704,0.0068320986
2804,0.22605534
2904,0.077511765
3004,0.20283578
3104,0.12522978
3204,0.19150038
3304,0.059806183
3404,0.037993282
3704,0.05126587
4004,0.18804635
4104,0.009730819
4204,0.113687605
4404,0.26300585
4704,0.22091256
4804,0.053455018
4904,0.19286835
5104,0.16891843
5204,0.197955
5704,0.16134857
5904,0.106046356
6204,0.12619035
6304,0.053729814
6504,0.104021214
6604,0.10458619
6804,0.15156911
6904,0.0039231875
7004,0.09137316
7204,0.014403827
7404,0.22797729
7504,0.022121198
7704,0.017019667
7904,0.033443693
8104,0.14579816
8204,0.038201224
8304,0.07850934
8404,0.12031068
8504,0.03569123
8604,0.030252406
8704,0.034591302
8904,0.063315816
9004,0.121897094
9204,0.05451715
9504,0.38740095
9804,0.0487643
9904,0.11333213
10104,0.14469719
10404,0.108628705
10504,0.09824703
10604,0.21476328
10704,0.14758883
10904,0.10895053
11204,0.054595083
11304,0.12133631
11704,0.059395365
11904,0.08646531
12104,0.2267524
12404,0.26536328
12704,0.27361465
12904,0.2366033
13004,0.28969952
13404,0.081235774
13504,0.078575656
13604,0.08349465
13704,0.06105694
13904,0.1336743
14304,0.09905244
14404,0.37275314
15404,0.34361392
15604,0.089611724
15704,0.27997875
15804,0.08444429
15904,0.011378638
16104,0.2623546
16204,0.15472493
16304,0.039269347
16404,0.03188828
16504,0.0013806202
16604,0.1497952
17004,0.08356244
17104,0.015049555
17204,0.024239672
17304,0.030383598
17404,0.009808843
17604,0.26310226
17704,0.071765795
17904,0.0139908055
18004,0.027283954
18104,0.01905547
18204,0.007809143
18404,0.010285022
18504,0.012518954
18704,0.007440467
18804,0.05779387
19104,0.20014943
19504,0.028156599
19604,0.019391958
19704,0.038656585
19804,0.007989986
20704,0.124880135
20804,0.3535752
20904,0.17897084
21104,0.14856099
21204,0.15434815
21404,0.3436517
21804,0.095027156
22004,0.072212376
22304,0.09389778
22404,0.18228664
22504,0.047546312
22604,0.22541198
22904,0.00074341753
23004,0.0148643125
23204,0.14922531
23304,0.123207755
23604,0.040726136
23704,0.30445582
23804,0.08620067
23904,0.08265502
24104,0.10828439
24204,0.31133008
24404,0.029353986
24504,0.06366432
24604,0.0071077608
24704,0.04882966
25304,0.14545433
25404,0.3836243
25804,0.35568532
26004,0.33676496
26104,0.13684505
26204,0.0419357
26304,0.04904868
26404,0.29237998
26604,0.048594307
26704,0.25265753
26804,0.11908594
26904,0.048913043
27004,0.059124794
27304,0.32595968
27404,0.24714874
27504,0.020872753
27904,0.14245266
28004,0.031833038
28104,0.4924976
28304,0.06185631
28404,0.09779473
29004,0.36418855
29104,0.103200436
29304,0.04155435
29604,0.23266472
29704,0.37969255
29804,0.20946647
29904,0.051448338
30004,0.12921144
30104,0.45406687
30304,0.044509877
30404,0.07396888
30704,0.44964683
30804,0.2010502
31104,0.45146468
31204,0.26144147
31604,0.15537159
31704,0.42015475
31804,0.45604292
31904,0.16308974
32004,0.122425854
32104,0.04995995
32804,0.11652238
33004,0.023512168
33104,0.01786867
33504,0.25953728
33704,0.01894889
33804,0.02485622
33904,0.0037164472
34004,0.0073438254
34204,0.029291814
34304,0.012444964
34404,0.0026633604
34504,0.012959683
34604,0.033378366
34804,0.005626171
35004,0.030788902
35204,0.046767786
35304,0.29031307
35504,0.036136158
35604,0.070809275
35704,0.17644975
35904,0.26264516
36004,0.22332451
36104,0.16591641
36604,0.28045037
37204,0.058591727
37404,0.20034455
37504,0.16781197
37604,0.2796766
37704,0.16756327
38104,0.07388378
38204,0.06236319
38304,0.05485909
38404,0.15534586
38604,0.06390249
38804,0.10427095
39104,0.032039564
39204,0.0022055078
39304,0.015721628
39404,0.301833
39604,0.13803576
39704,0.0008216613
39904,0.05911106
40004,0.11383617
40204,0.033246
40504,0.0871156
40604,0.04025077
41804,0.36748254
42004,0.100605756
42704,0.2508413
42904,0.20418002
43604,0.31120655
44204,0.3462152
44504,0.096529864
44704,0.18269011
44904,0.084870294
45204,0.19668461
45304,0.11055521
45504,0.26859128
45604,0.11958018
46104,0.19738126
46304,0.120541655
46504,0.44400024
46904,0.016942646
47004,0.09381881
47104,0.47309953
47204,0.36470363
47304,0.10262955
47604,0.19493385
47704,0.06820401
47804,0.06288383
47904,0.034303896
48204,0.32923615
48604,0.07147595
48704,0.002103175
49104,0.27902567
49204,0.15270379
49604,0.17434165
49704,0.050113693
49904,0.12985492
50104,0.017306047
50304,0.019017002
50404,0.0038535122
50604,0.027958678
50804,0.007068775
50904,0.034449216
51004,0.021106843
51204,0.010860031
51604,0.010023279
51804,0.06897054
52004,0.023508398
52104,0.1944939
52504,0.16538085
52604,0.38516253
52704,0.041129734
53204,0.18415387
53304,0.26827657
53404,0.051563907
53604,0.03693743
53904,0.17330863
54104,0.24927436
54204,0.2026882
54304,0.16810063
54404,0.19023721
54604,0.021478485
55004,0.09060565
55204,0.20744097
55404,0.03996759
55504,0.039845087
55604,0.07117184
56204,0.32969347
56504,0.25605866
56704,0.037089538
56804,0.11933005
57004,0.08108541
57104,0.031564005
57204,0.12524661
57304,0.019856656
57504,0.035317108
57904,0.29567754
58004,0.112677515
58204,0.20063215
58304,0.015661797
58504,0.15913965
58904,0.07571873
59104,0.45811316
59204,0.36063263
59504,0.19829722
59604,0.42785597
59804,0.16552623
59904,0.2098125
60404,0.040125083
60504,0.1145475
60804,0.07214618
61104,0.16203243
61304,0.39584666
61404,0.48003495
61704,0.08353421
62104,0.359884
62404,0.08062451
62704,0.12722458
62804,0.08067474
63504,0.40490398
63604,0.12869446
63704,0.08021488
63804,0.08880828
63904,0.02521994
64304,0.12365552
64404,0.26811114
5,0.027696362
105,0.032763075
405,0.0016377176
605,0.046288192
705,0.034550186
1005,0.010548083
1205,0.018543655
1705,0.015424502
2205,0.0054992214
2705,0.0050406433
2805,0.053102892
2905,0.04396852
3005,0.06163167
3105,0.04554662
3205,0.04743412
3305,0.075988576
3405,0.0055455468
3705,0.014209915
4005,0.06250695
4105,0.8722558
4205,0.02404681
4405,0.08123714
4705,0.06725592
4805,0.025561402
4905,0.097874515
5105,0.06148114
5205,0.049288444
5705,0.05461556
5905,0.061552692
6205,0.037618075
6305,0.02921116
6505,0.05846824
6605,0.045851987
6805,0.058248274
6905,0.0044475873
7005,0.045794163
7205,0.0072005056
7405,0.10878618
7505,0.013857521
7705,0.0064482437
7905,0.013144643
8105,0.022486007
8205,0.013723159
8305,0.017255599
8405,0.06270927
8505,0.013682718
8605,0.010714615
8705,0.008810952
8905,0.0165311
9005,0.031134758
9205,0.020594629
9505,0.09503944
9805,0.016104838
9905,0.041250262
10105,0.030902298
10405,0.07658932
10505,0.041640528
10605,0.17940228
10705,0.1785394
10905,0.05197327
11205,0.014599534
11305,0.045307893
11705,0.017326908
11905,0.040283192
12105,0.10776759
12405,0.12079606
12705,0.04972609
12905,0.10208195
13005,0.13059224
13405,0.039234757
13505,0.065219164
13605,0.06507702
13705,0.03034441
13905,0.07665642
14305,0.03746765
14405,0.12527318
15405,0.09170697
15605,0.03664177
15705,0.086835735
15805,0.020892397
15905,0.0054121
16105,0.0599063
16205,0.055296697
16305,0.016805114
16405,0.02525803
16505,0.00025768462
16605,0.03294441
17005,0.03828388
17105,0.0064873677
17205,0.015456425
17305,0.0107099665
17405,0.009061112
17605,0.060530525
17705,0.039174147
17905,0.010453117
18005,0.021830333
18105,0.0067762802
18205,0.0022200397
18405,0.0016926525
18505,0.002085168
18705,0.0046399385
18805,0.018519813
19105,0.06938796
19505,0.009821967
19605,0.0059326156
19705,0.006642913
19805,0.0050391606
20705,0.04642454
20805,0.10970861
20905,0.036763057
21105,0.0313173
21205,0.062402844
21405,0.15735695
21805,0.03536345
22005,0.110647924
22305,0.13104959
22405,0.05762392
22505,0.026861569
22605,0.07499924
22905,0.0013476822
23005,0.016343798
23205,0.07593414
23305,0.08257843
23605,0.01244784
23705,0.053404838
23805,0.017299032
23905,0.023769392
24105,0.019807892
24205,0.04355028
24405,0.0066880607
24505,0.010667091
24605,0.0043607233
24705,0.012202468
25305,0.040455185
25405,0.10616064
25805,0.046403673
26005,0.094273895
26105,0.055430796
26205,0.072593175
26305,0.041760553
26405,0.15728241
26605,0.042545933
26705,0.06403589
26805,0.044616576
26905,0.020937918
27005,0.018996995
27305,0.07818844
27405,0.06951772
27505,0.012109404
27905,0.049398966
28005,0.0062051406
28105,0.11748759
28305,0.03343376
28405,0.056013905
29005,0.07860453
29105,0.035866886
29305,0.02492359
29605,0.06913878
29705,0.15288334
29805,0.07229978
29905,0.05328872
30005,0.03520069
30105,0.13202932
30305,0.018261777
30405,0.04919669
30705,0.07871546
30805,0.11894037
31105,0.08271874
31205,0.06207214
31605,0.029857865
31705,0.12162719
31805,0.11312661
31905,0.046166096
32005,0.08802392
32105,0.053777076
32805,0.037899207
33005,0.010766531
33105,0.009192339
33505,0.041052297
33705,0.010371017
33805,0.01806128
33905,0.002857263
34005,0.0027072302
34205,0.006831813
34305,0.0041557127
34405,0.000944926
34505,0.003085752
34605,0.008963996
34805,0.0010643724
35005,0.01083093
35205,0.029752227
35305,0.058594618
35505,0.011541245
35605,0.014082383
35705,0.025295602
35905,0.06412238
36005,0.07809293
36105,0.036389846
36605,0.09879742
37205,0.047631912
37405,0.05625061
37505,0.06358555
37605,0.143046
37705,0.055246368
38105,0.037764907
38205,0.05214789
38305,0.032527696
38405,0.041946907
38605,0.03678113
38805,0.10316128
39105,0.013575724
39205,0.0025047422
39305,0.011676261
39405,0.105108075
39605,0.08564294
39705,0.0009120191
39905,0.018745342
40005,0.026300406
40205,0.015946493
40505,0.02314028
40605,0.012194486
41805,0.08560813
42005,0.040187847
42705,0.039326746
42905,0.048280966
43605,0.08239178
44205,0.06825021
44505,0.023813361
44705,0.038687654
44905,0.049796846
45205,0.063195825
45305,0.12554392
45505,0.08527951
45605,0.040247727
46105,0.23545197
46305,0.05357984
46505,0.079412065
46905,0.009137067
47005,0.024859415
47105,0.07079616
47205,0.0852825
47305,0.036841743
47605,0.07350023
47705,0.033212926
47805,0.028364236
47905,0.008651399
48205,0.07649078
48605,0.015345227
48705,0.0006729941
49105,0.087675065
49205,0.036255807
49605,0.061307047
49705,0.027338644
49905,0.0360378
50105,0.012240091
50305,0.0053487727
50405,0.002992248
50605,0.010936292
50805,0.0037029353
50905,0.0060165655
51005,0.0047760876
51205,0.005037483
51605,0.009517905
51805,0.014814317
52005,0.0050795325
52105,0.042211182
52505,0.035717852
52605,0.14063121
52705,0.51958007
53205,0.12942217
53305,0.051028293
53405,0.08719463
53605,0.035794828
53905,0.31582236
54105,0.0712249
54205,0.06779878
54305,0.06601607
54405,0.070515364
54605,0.046436515
55005,0.03997596
55205,0.25643668
55405,0.021892553
55505,0.021143207
55605,0.025205744
56205,0.064486206
56505,0.042458598
56705,0.012246187
56805,0.021914162
57005,0.013518832
57105,0.008876809
57205,0.026403047
57305,0.008072154
57505,0.015202549
57905,0.06950938
58005,0.024072345
58205,0.030292064
58305,0.016985498
58505,0.058783535
58905,0.04872229
59105,0.13351388
59205,0.08037699
59505,0.034611404
59605,0.11224793
59805,0.045923285
59905,0.055353887
60405,0.028364914
60505,0.018256785
60805,0.047531955
61105,0.0484942
61305,0.07119525
61405,0.09608661
61705,0.085795574
62105,0.11270346
62405,0.036808588
62705,0.033602234
62805,0.035474896
63505,0.10284882
63605,0.03023525
63705,0.030002737
63805,0.042742148
63905,0.008539333
64305,0.038852
64405,0.0634869
6,0.17135106
106,0.12844323
406,0.015392498
606,0.25825462
706,0.15271485
1006,0.03475122
1206,0.045567557
1706,0.09912257
2206,0.016275583
2706,0.0060754293
2806,0.124942675
2906,0.11785308
3006,0.23254585
3106,0.1858088
3206,0.20795323
3306,0.16776852
3406,0.017623825
3706,0.026491074
4006,0.24844237
4106,0.00018464346
4206,0.24752481
4406,0.19168435
4706,0.20144509
4806,0.11414489
4906,0.13589448
5106,0.21622562
5206,0.19634911
5706,0.20541124
5906,0.18328433
6206,0.19115676
6306,0.1050485
6506,0.22960274
6606,0.17671753
6806,0.21975207
6906,0.01433406
7006,0.13632293
7206,0.07902546
7406,0.22202647
7506,0.04655948
7706,0.03265671
7906,0.08367503
8106,0.13771887
8206,0.052934993
8306,0.096426085
8406,0.13421272
8506,0.050636098
8606,0.048533943
8706,0.08841881
8906,0.12042075
9006,0.11972088
9206,0.065307274
9506,0.19302233
9806,0.14854798
9906,0.20830347
10106,0.08836449
10406,0.15223975
10506,0.094738655
10606,0.20819828
10706,0.11897334
10906,0.12562053
11206,0.06492686
11306,0.1019269
11706,0.08992659
11906,0.20643404
12106,0.21411532
12406,0.23240948
12706,0.24196643
12906,0.26694164
13006,0.140056
13406,0.16618672
13506,0.114301115
13606,0.1419066
13706,0.17778918
13906,0.10354079
14306,0.22663575
14406,0.3842148
15406,0.27486154
15606,0.15250261
15706,0.2304812
15806,0.11611486
15906,0.030918397
16106,0.18384747
16206,0.21437952
16306,0.14308892
16406,0.11240598
16506,0.007939937
16606,0.09093847
17006,0.15772374
17106,0.03691483
17206,0.07384222
17306,0.04017166
17406,0.041137084
17606,0.20810167
17706,0.12276582
17906,0.08578686
18006,0.0875882
18106,0.018678242
18206,0.005667712
18406,0.006481275
18506,0.009056075
18706,0.022640256
18806,0.15346803
19106,0.2701784
19506,0.03974926
19606,0.010549771
19706,0.017012095
19806,0.0069138347
20706,0.10595597
20806,0.29032558
20906,0.14835
21106,0.19429272
21206,0.19747925
21406,0.28589708
21806,0.17358093
22006,0.110078186
22306,0.12064344
22406,0.21697582
22506,0.11249594
22606,0.25134617
22906,0.0063567697
23006,0.066692665
23206,0.13303295
23306,0.109314516
23606,0.084716134
23706,0.19731869
23806,0.23411553
23906,0.09666264
24106,0.092963286
24206,0.20247565
24406,0.16893029
24506,0.21264865
24606,0.11279557
24706,0.07694838
25306,0.100689344
25406,0.2852196
25806,0.3322011
26006,0.2845009
26106,0.1286396
26206,0.07526827
26306,0.104641974
26406,0.22600996
26606,0.09556236
26706,0.2163554
26806,0.10674495
26906,0.08433057
27006,0.06964703
27306,0.23194923
27406,0.11557315
27506,0.08503372
27906,0.1442886
28006,0.09847876
28106,0.33836958
28306,0.09973153
28406,0.17866692
29006,0.3029251
29106,0.15533829
29306,0.110875525
29606,0.1698716
29706,0.30279785
29806,0.23614243
29906,0.10632087
30006,0.17580763
30106,0.35443747
30306,0.12300086
30406,0.16126812
30706,0.29128852
30806,0.18282646
31106,0.32614037
31206,0.16592701
31606,0.14383481
31706,0.3609316
31806,0.30757827
31906,0.19910985
32006,0.18239217
32106,0.13715146
32806,0.19245552
33006,0.06916653
33106,0.041880265
33506,0.200367
33706,0.08785343
33806,0.07524943
33906,0.004847023
34006,0.009762689
34206,0.06330351
34306,0.02385902
34406,0.004661289
34506,0.022945309
34606,0.049157556
34806,0.0060151597
35006,0.058644444
35206,0.11025054
35306,0.17311601
35506,0.041290656
35606,0.05303945
35706,0.10666755
35906,0.14819418
36006,0.23102906
36106,0.16543093
36606,0.30868155
37206,0.057331815
37406,0.18684609
37506,0.15793426
37606,0.3479183
37706,0.1940955
38106,0.20900731
38206,0.13645987
38306,0.11927778
38406,0.2355414
38606,0.1274686
38806,0.17276968
39106,0.12156302
39206,0.014626992
39306,0.02790446
39406,0.25630015
39606,0.13504247
39706,0.00012972447
39906,0.08243569
40006,0.17412405
40206,0.072581396
40506,0.1079014
40606,0.10363336
41806,0.20876087
42006,0.23121735
42706,0.2522195
42906,0.16137064
43606,0.20243408
44206,0.2240051
44506,0.05893331
44706,0.21248053
44906,0.16403353
45206,0.2336539
45306,0.15622012
45506,0.2510916
45606,0.18778716
46106,0.23958875
46306,0.22012734
46506,0.23705077
46906,0.04776789
47006,0.09110101
47106,0.31177384
47206,0.28825468
47306,0.16222332
47606,0.15831028
47706,0.137882
47806,0.1682973
47906,0.040024213
48206,0.26241946
48606,0.091823876
48706,0.011183253
49106,0.26182035
49206,0.22520961
49606,0.14415798
49706,0.11597205
49906,0.16687748
50106,0.075384125
50306,0.01673574
50406,0.0076533016
50606,0.22810945
50806,0.022746323
50906,0.025508415
51006,0.06065642
51206,0.03968692
51606,0.045580477
51806,0.058134858
52006,0.00653424
52106,0.24711323
52506,0.22739115
52606,0.4011844
52706,0.014333385
53206,0.23475635
53306,0.1957446
53406,0.094343156
53606,0.0983715
53906,0.112824365
54106,0.25942597
54206,0.2290739
54306,0.22942606
54406,0.2508354
54606,0.018365895
55006,0.14442909
55206,0.21231586
55406,0.09533016
55506,0.1390397
55606,0.10052274
56206,0.24044809
56506,0.19482
56706,0.07652744
56806,0.19621436
57006,0.20553313
57106,0.06888134
57206,0.09782817
57306,0.025818612
57506,0.121529244
57906,0.22742884
58006,0.13894035
58206,0.24581905
58306,0.039261084
58506,0.17179736
58906,0.11443028
59106,0.31630045
59206,0.27073932
59506,0.1928652
59606,0.33131596
59806,0.10046835
59906,0.14462915
60406,0.058076456
60506,0.04872172
60806,0.18296117
61106,0.15338522
61306,0.3126133
61406,0.3041771
61706,0.14147587
62106,0.28500715
62406,0.14862503
62706,0.17270032
62806,0.13072813
63506,0.29966453
63606,0.20554587
63706,0.20575331
63806,0.20935795
63906,0.030414501
64306,0.20246366
64406,0.1777899
7,0.06894084
107,0.033827677
407,0.06834286
607,0.0919454
707,0.11916498
1007,0.04567898
1207,0.1137348
1707,0.036525644
2207,0.11375987
2707,0.0032019487
2807,0.22176419
2907,0.07288542
3007,0.08905923
3107,0.14024338
3207,0.154981
3307,0.12840867
3407,0.12982945
3707,0.111899376
4007,0.11886082
4107,0.011390103
4207,0.14777215
4407,0.28579703
4707,0.101595476
4807,0.066972785
4907,0.0707255
5107,0.072418354
5207,0.117315054
5707,0.14975795
5907,0.12378593
6207,0.12721746
6307,0.12028862
6507,0.15011838
6607,0.1276889
6807,0.17497145
6907,0.914073
7007,0.19754727
7207,0.5115834
7407,0.08157023
7507,0.014686947
7707,0.06809077
7907,0.06794127
8107,0.13867255
8207,0.09680702
8307,0.14717726
8407,0.12142181
8507,0.055458464
8607,0.108814135
8707,0.07423686
8907,0.13272718
9007,0.15550484
9207,0.0880468
9507,0.2354205
9807,0.08331639
9907,0.14364104
10107,0.30328712
10407,0.138302
10507,0.16090536
10607,0.2702323
10707,0.045102425
10907,0.12562875
11207,0.13445659
11307,0.58957165
11707,0.43481305
11907,0.10741298
12107,0.24188194
12407,0.2018495
12707,0.13151278
12907,0.20232072
13007,0.08499746
13407,0.122905456
13507,0.08690852
13607,0.13356692
13707,0.19828194
13907,0.14366119
14307,0.124073
14407,0.4888336
15407,0.16377836
15607,0.12245544
15707,0.2354404
15807,0.2284002
15907,0.046205267
16107,0.19619913
16207,0.13071738
16307,0.036109593
16407,0.024639143
16507,0.0011158382
16607,0.10020249
17007,0.12041212
17107,0.02258647
17207,0.017789042
17307,0.06647713
17407,0.045219425
17607,0.17157811
17707,0.06252156
17907,0.017364996
18007,0.019384889
18107,0.2761761
18207,0.018534515
18407,0.074473165
18507,0.034093283
18707,0.02661687
18807,0.107010834
19107,0.090767756
19507,0.0835935
19607,0.11585264
19707,0.12654255
19807,0.023610055
20707,0.17588706
20807,0.15266047
20907,0.13655344
21107,0.10998957
21207,0.15603426
21407,0.28687853
21807,0.12849039
22007,0.09008297
22307,0.05639236
22407,0.12658165
22507,0.10245553
22607,0.124219604
22907,0.9442077
23007,0.46336964
23207,0.066061474
23307,0.08964849
23607,0.06978896
23707,0.33289748
23807,0.13145496
23907,0.13105804
24107,0.14340952
24207,0.18016434
24407,0.07883977
24507,0.20664723
24607,0.015686242
24707,0.1097393
25307,0.17773621
25407,0.21937066
25807,0.20889427
26007,0.19167155
26107,0.18241222
26207,0.11757122
26307,0.07056413
26407,0.13276972
26607,0.118597016
26707,0.10011268
26807,0.6361079
26907,0.18382138
27007,0.13819171
27307,0.18211529
27407,0.2745178
27507,0.55035347
27907,0.25128672
28007,0.04968841
28107,0.21310231
28307,0.11985519
28407,0.15574555
29007,0.11681538
29107,0.13137878
29307,0.11845919
29607,0.2400546
29707,0.19297186
29807,0.1278032
29907,0.052623954
30007,0.1647383
30107,0.262038
30307,0.057632837
30407,0.116618484
30707,0.23623803
30807,0.2332093
31107,0.2077636
31207,0.22749205
31607,0.27274057
31707,0.2952066
31807,0.28590506
31907,0.11146003
32007,0.12298505
32107,0.042829458
32807,0.09132059
33007,0.030001855
33107,0.029882634
33507,0.10315603
33707,0.023770127
33807,0.015382001
33907,0.013859796
34007,0.016378826
34207,0.17683445
34307,0.016983509
34407,0.0045452267
34507,0.04267899
34607,0.13870652
34807,0.040286608
35007,0.08519037
35207,0.2272888
35307,0.101136975
35507,0.12675124
35607,0.18149097
35707,0.19658563
35907,0.29066458
36007,0.4841689
36107,0.15370177
36607,0.12356718
37207,0.012640234
37407,0.130263
37507,0.1443076
37607,0.20575145
37707,0.16613497
38107,0.09931859
38207,0.12725182
38307,0.12441971
38407,0.103761904
38607,0.05666801
38807,0.10787947
39107,0.08537566
39207,0.91598946
39307,0.8352108
39407,0.4926234
39607,0.108404025
39707,1.4800569e-06
39907,0.12816882
40007,0.21597557
40207,0.061430052
40507,0.2517082
40607,0.0990518
41807,0.3028872
42007,0.122782335
42707,0.19029279
42907,0.1200103
43607,0.2254193
44207,0.15830076
44507,0.22642492
44707,0.11880374
44907,0.14340325
45207,0.07067207
45307,0.13341391
45507,0.12905717
45607,0.13334869
46107,0.22501253
46307,0.12474573
46507,0.2887962
46907,0.044724274
47007,0.14563753
47107,0.22330227
47207,0.17540118
47307,0.11209275
47607,0.28347707
47707,0.1218512
47807,0.10471803
47907,0.18440555
48207,0.2392056
48607,0.13679235
48707,0.0017018978
49107,0.14102888
49207,0.1902568
49607,0.17810033
49707,0.5501234
49907,0.14216323
50107,0.016289718
50307,0.09353595
50407,0.010028352
50607,0.46930084
50807,0.025781848
50907,0.17570901
51007,0.09577035
51207,0.027610788
51607,0.7287117
51807,0.20153126
52007,0.1486172
52107,0.108534865
52507,0.28867382
52607,0.3588505
52707,0.68910545
53207,0.1001867
53307,0.14733292
53407,0.05037235
53607,0.026354382
53907,0.26696715
54107,0.1466551
54207,0.1262963
54307,0.1497259
54407,0.15035862
54607,0.01715382
55007,0.08377
55207,0.4522169
55407,0.62241924
55507,0.06313148
55607,0.026462732
56207,0.1413158
56507,0.12135702
56707,0.11081171
56807,0.3046701
57007,0.090388596
57107,0.10735628
57207,0.15161799
57307,0.33887014
57507,0.04758486
57907,0.27107376
58007,0.22082965
58207,0.1587808
58307,0.010082905
58507,0.14910865
58907,0.04971693
59107,0.2325133
59207,0.45957822
59507,0.13354594
59607,0.20848402
59807,0.21221095
59907,0.14660616
60407,0.09650948
60507,0.2037358
60807,0.0995531
61107,0.18273251
61307,0.16754737
61407,0.25816858
61707,0.10684167
62107,0.19922808
62407,0.1143423
62707,0.14183666
62807,0.1313579
63507,0.23056127
63607,0.21806726
63707,0.10954764
63807,0.12259328
63907,0.16101535
64307,0.09533011
64407,0.17822386
8,0.08317273
108,0.056195896
408,0.0020250229
608,0.05469468
708,0.097337216
1008,0.10813303
1208,0.27968067
1708,0.09257689
2208,0.11512939
2708,0.030885024
2808,0.17602617
2908,0.11895207
3008,0.042604614
3108,0.20934471
3208,0.06290909
3308,0.042718828
3408,0.20023347
3708,0.20168918
4008,0.062672
4108,0.011284417
4208,0.03218126
4408,0.18917347
4708,0.05345976
4808,0.050872996
4908,0.07822983
5108,0.031535555
5208,0.04584378
5708,0.06475252
5908,0.23191229
6208,0.046557963
6308,0.05673834
6508,0.122661434
6608,0.077680446
6808,0.0813978
6908,0.030827649
7008,0.322042
7208,0.012869627
7408,0.09872966
7508,0.020753562
7708,0.1123688
7908,0.3256829
8108,0.085682504
8208,0.08639931
8308,0.109860465
8408,0.12094613
8508,0.113670506
8608,0.15659697
8708,0.11180317
8908,0.18401791
9008,0.24945189
9208,0.17975357
9508,0.21660152
9808,0.079202875
9908,0.12772629
10108,0.2410701
10408,0.15041317
10508,0.20251432
10608,0.3021791
10708,0.032028478
10908,0.068168364
11208,0.21306731
11308,0.39061552
11708,0.024442358
11908,0.088024125
12108,0.14548384
12408,0.3861158
12708,0.063037276
12908,0.06436057
13008,0.08028102
13408,0.076689
13508,0.28702134
13608,0.15831569
13708,0.03655431
13908,0.058150865
14308,0.053116716
14408,0.14168967
15408,0.121143825
15608,0.05997708
15708,0.10342401
15808,0.12544084
15908,0.17877342
16108,0.09944164
16208,0.09000838
16308,0.03260671
16408,0.06996476
16508,0.003500856
16608,0.13017052
17008,0.053023633
17108,0.0727525
17208,0.052960888
17308,0.25035807
17408,0.054189857
17608,0.11683033
17708,0.07438194
17908,0.05740466
18008,0.083275385
18108,0.029758135
18208,0.032090575
18408,0.055774517
18508,0.14240718
18708,0.011903232
18808,0.1390461
19108,0.08451276
19508,0.07748298
19608,0.14821276
19708,0.15247637
19808,0.04388696
20708,0.06360491
20808,0.11989193
20908,0.07843641
21108,0.05216326
21208,0.07016426
21408,0.12143048
21808,0.053343758
22008,0.17377084
22308,0.057220593
22408,0.08409704
22508,0.04406702
22608,0.08462893
22908,0.0051620137
23008,0.032713693
23208,0.12035028
23308,0.056028366
23608,0.093670465
23708,0.16335621
23808,0.17008048
23908,0.08377474
24108,0.09921148
24208,0.101146206
24408,0.052898385
24508,0.093075395
24608,0.13270772
24708,0.11611932
25308,0.1287376
25408,0.120608866
25808,0.57035667
26008,0.17001897
26108,0.60623264
26208,0.09208068
26308,0.10058686
26408,0.1569497
26608,0.06803176
26708,0.05761752
26808,0.23380578
26908,0.680113
27008,0.271632
27308,0.22379999
27408,0.15245187
27508,0.026270537
27908,0.7705062
28008,0.08542675
28108,0.35937873
28308,0.04474189
28408,0.09666466
29008,0.16089523
29108,0.06262262
29308,0.043626204
29608,0.07953024
29708,0.09718653
29808,0.1292661
29908,0.1368655
30008,0.055890586
30108,0.21796057
30308,0.056416947
30408,0.085298635
30708,0.30303034
30808,0.34179568
31108,0.46245226
31208,0.084410354
31608,0.13612333
31708,0.14142114
31808,0.18826057
31908,0.06847727
32008,0.095505685
32108,0.09595984
32808,0.067529686
33008,0.0886492
33108,0.04063308
33508,0.065904476
33708,0.13770701
33808,0.08919807
33908,0.5347124
34008,0.04422624
34208,0.0357017
34308,0.10591834
34408,0.029790016
34508,0.071219265
34608,0.34526962
34808,0.03470894
35008,0.06236948
35208,0.053316742
35308,0.059318632
35508,0.08524912
35608,0.09867842
35708,0.21600603
35908,0.16352995
36008,0.07682597
36108,0.15231766
36608,0.14290611
37208,0.11222067
37408,0.04939925
37508,0.057659462
37608,0.22791392
37708,0.112815164
38108,0.06352053
38208,0.12114673
38308,0.04128942
38408,0.05657834
38608,0.10030166
38808,0.22070546
39108,0.064121515
39208,0.011984262
39308,0.039719373
39408,0.29097104
39608,0.07699363
39708,0.00010468776
39908,0.13099517
40008,0.33791637
40208,0.04946522
40508,0.18844992
40608,0.061577182
41808,0.25512227
42008,0.14409097
42708,0.055385076
42908,0.30975395
43608,0.15019515
44208,0.14978294
44508,0.19835934
44708,0.08265926
44908,0.076215856
45208,0.06398856
45308,0.090928145
45508,0.1475599
45608,0.048672512
46108,0.10900561
46308,0.07440557
46508,0.42861164
46908,0.068109065
47008,0.44009843
47108,0.4359857
47208,0.18356146
47308,0.06353514
47608,0.09579535
47708,0.10137089
47808,0.06300114
47908,0.08958566
48208,0.10812177
48608,0.08930398
48708,0.0055266554
49108,0.17088912
49208,0.05091718
49608,0.076634794
49708,0.04078356
49908,0.074810565
50108,0.035804946
50308,0.28984624
50408,0.009782927
50608,0.03482988
50808,0.012762266
50908,0.08034717
51008,0.1642497
51208,0.030600548
51608,0.029732136
51808,0.115408726
52008,0.10127617
52108,0.052860815
52508,0.2065427
52608,0.16097575
52708,0.07255241
53208,0.098390885
53308,0.037047938
53408,0.054984026
53608,0.064892985
53908,0.396722
54108,0.20497909
54208,0.08677411
54308,0.117594294
54408,0.11033689
54608,0.103588395
55008,0.106806375
55208,0.1994398
55408,0.06689393
55508,0.20313111
55608,0.044313412
56208,0.06816007
56508,0.05534329
56708,0.1272391
56808,0.08608768
57008,0.12567398
57108,0.19118716
57208,0.09583152
57308,0.053247344
57508,0.08244015
57908,0.15639861
58008,0.12160153
58208,0.45128703
58308,0.062758125
58508,0.16831444
58908,0.13687342
59108,0.17968775
59208,0.34389353
59508,0.6801462
59608,0.2117716
59808,0.13257694
59908,0.114894636
60408,0.93521696
60508,0.13341406
60808,0.057120092
61108,0.6888001
61308,0.26914987
61408,0.47690567
61708,0.26413545
62108,0.098097816
62408,0.039042477
62708,0.050366174
62808,0.16874208
63508,0.24769796
63608,0.06698741
63708,0.04184723
63808,0.07157911
63908,0.074878864
64308,0.10319858
64408,0.10524202
9,0.10586344
109,0.0582178
409,0.0011576004
609,0.17415217
709,0.17484501
1009,0.05351042
1209,0.022933882
1709,0.03696747
2209,0.019511562
2709,0.018612303
2809,0.063239515
2909,0.058055367
3009,0.20465726
3109,0.079550855
3209,0.08378824
3309,0.064917274
3409,0.018047277
3709,0.02378177
4009,0.122024894
4109,0.933225
4209,0.088479616
4409,0.11366245
4709,0.2452828
4809,0.03480105
4909,0.34732574
5109,0.18776046
5209,0.2091496
5709,0.09616837
5909,0.18287179
6209,0.12068026
6309,0.2304336
6509,0.19881372
6609,0.24558133
6809,0.14080963
6909,0.010357338
7009,0.14281872
7209,0.012762227
7409,0.2501309
7509,0.034032527
7709,0.02725309
7909,0.045536
8109,0.096799426
8209,0.053980026
8309,0.061195333
8409,0.088161275
8509,0.06395316
8609,0.0426299
8709,0.040876452
8909,0.06435866
9009,0.087396495
9209,0.07058918
9509,0.13920197
9809,0.036682837
9909,0.100184076
10109,0.054664414
10409,0.17185943
10509,0.24660215
10609,0.24255085
10709,0.41812253
10909,0.34654284
11209,0.055996213
11309,0.061863527
11709,0.034145378
11909,0.13595413
12109,0.11798086
12409,0.31419584
12709,0.23502144
12909,0.22711176
13009,0.35697278
13409,0.20642523
13509,0.106565595
13609,0.14678337
13709,0.045273814
13909,0.29587415
14309,0.08444454
14409,0.23031081
15409,0.21032262
15609,0.21053538
15709,0.14340454
15809,0.074446134
15909,0.023161354
16109,0.10728481
16209,0.13873813
16309,0.05403468
16409,0.056020558
16509,0.0011034185
16609,0.056099903
17009,0.16447273
17109,0.03338787
17209,0.041770503
17309,0.042995915
17409,0.021867719
17609,0.13233006
17709,0.072272554
17909,0.017815923
18009,0.0340812
18109,0.019705696
18209,0.009374108
18409,0.0059103537
18509,0.008599562
18709,0.022024916
18809,0.051871937
19109,0.17238598
19509,0.0452567
19609,0.010347367
19709,0.01676489
19809,0.01788234
20709,0.05532284
20809,0.29673085
20909,0.10308132
21109,0.20890445
21209,0.08592697
21409,0.41107816
21809,0.14766578
22009,0.14183982
22309,0.44705424
22409,0.21399993
22509,0.19561952
22609,0.22811097
22909,0.0025233638
23009,0.021126619
23209,0.15073137
23309,0.18996277
23609,0.06508614
23709,0.103742085
23809,0.054938927
23909,0.071523435
24109,0.06886084
24209,0.15709873
24409,0.021943502
24509,0.051467173
24609,0.0051322305
24709,0.05708373
25309,0.054285716
25409,0.25362343
25809,0.140757
26009,0.1998555
26109,0.11205913
26209,0.06396536
26309,0.1379001
26409,0.37821415
26609,0.32979798
26709,0.25704235
26809,0.09928942
26909,0.028290901
27009,0.062081207
27309,0.13041887
27409,0.07673768
27509,0.02927673
27909,0.08480624
28009,0.040179573
28109,0.26665014
28309,0.32749692
28409,0.21253632
29009,0.276454
29109,0.22944398
29309,0.17019324
29609,0.1080042
29709,0.38055477
29809,0.2033307
29909,0.09579064
30009,0.13123636
30109,0.24855115
30309,0.037271846
30409,0.13743731
30709,0.19705766
30809,0.17392558
31109,0.17979409
31209,0.103167586
31609,0.08603439
31709,0.25030103
31809,0.26802698
31909,0.12766528
32009,0.10382026
32109,0.0619356
32809,0.121479586
33009,0.03766939
33109,0.04156987
33509,0.14396727
33709,0.022894243
33809,0.03132102
33909,0.0033751968
34009,0.014036321
34209,0.01755099
34309,0.013521013
34409,0.004816423
34509,0.011407873
34609,0.029548116
34809,0.004017553
35009,0.046086848
35209,0.02192868
35309,0.31597394
35509,0.04175809
35609,0.04177805
35709,0.08010349
35909,0.09310187
36009,0.1491766
36109,0.05882676
36609,0.20717762
37209,0.12918182
37409,0.21107183
37509,0.106777884
37609,0.20960154
37709,0.111584365
38109,0.116406456
38209,0.16086452
38309,0.17940839
38409,0.122207105
38609,0.05237306
38809,0.24968958
39109,0.067653544
39209,0.004478684
39309,0.035987515
39409,0.23739228
39609,0.29439187
39709,0.0005935373
39909,0.058910448
40009,0.06754536
40209,0.047868077
40509,0.07179449
40609,0.039191123
41809,0.1233722
42009,0.05481453
42709,0.08832884
42909,0.17976783
43609,0.14218895
44209,0.16699544
44509,0.04192215
44709,0.21613577
44909,0.22865304
45209,0.212954
45309,0.36127797
45509,0.17163648
45609,0.16479816
46109,0.26368517
46309,0.17798692
46509,0.10636483
46909,0.031360067
47009,0.048009723
47109,0.1886247
47209,0.22773477
47309,0.21928805
47609,0.09221857
47709,0.17384598
47809,0.16159032
47909,0.028271394
48209,0.16315465
48609,0.05356019
48709,0.002206607
49109,0.20356286
49209,0.06932108
49609,0.07283237
49709,0.05449798
49909,0.06696959
50109,0.026332228
50309,0.011526409
50409,0.014050212
50609,0.017537683
50809,0.01782775
50909,0.018580576
51009,0.021182362
51209,0.011392439
51609,0.017182382
51809,0.045360506
52009,0.0072621005
52109,0.1533101
52509,0.08196341
52609,0.24012744
52709,0.5352243
53209,0.27390984
53309,0.1337547
53409,0.15462528
53609,0.044682547
53909,0.5264151
54109,0.27250972
54209,0.23424725
54309,0.12573671
54409,0.17441872
54609,0.39974368
55009,0.054586638
55209,0.50369835
55409,0.08415827
55509,0.034836635
55609,0.06676807
56209,0.16435854
56509,0.12738305
56709,0.05378229
56809,0.07710014
57009,0.037734944
57109,0.035335183
57209,0.070656344
57309,0.013226157
57509,0.030079251
57909,0.12381499
58009,0.09322138
58209,0.100546785
58309,0.03836685
58509,0.16055039
58909,0.085467964
59109,0.2939965
59209,0.16980556
59509,0.07518035
59609,0.29737705
59809,0.0663722
59909,0.0935837
60409,0.04058958
60509,0.037960805
60809,0.15263951
61109,0.09239649
61309,0.22488755
61409,0.17115274
61709,0.22172664
62109,0.23984054
62409,0.2211688
62709,0.1123917
62809,0.11381521
63509,0.19783305
63609,0.0566763
63709,0.09033305
63809,0.14596581
63909,0.026186816
64309,0.1109825
64409,0.108890995
10,0.20588993
110,0.07630071
410,0.8526949
610,0.4177279
710,0.053544797
1010,0.4207311
1210,0.90208083
1710,0.045453146
2210,0.8943992
2710,0.012342793
2810,0.8895496
2910,0.35089982
3010,0.22635105
3110,0.33109236
3210,0.71207917
3310,0.4440264
3410,0.93884724
3710,0.91714543
4010,0.16104348
4110,9.980906e-07
4210,0.10302967
4410,0.5775793
4710,0.107425936
4810,0.18682437
4910,0.20911646
5110,0.0996203
5210,0.08926611
5710,0.20381957
5910,0.07566384
6210,0.045845382
6310,0.02188854
6510,0.070449896
6610,0.05372431
6810,0.12153538
6910,0.04468714
7010,0.30271488
7210,0.45710528
7410,0.50174916
7510,0.15847185
7710,0.4333075
7910,0.07642877
8110,0.41650584
8210,0.409603
8310,0.44409633
8410,0.3094212
8510,0.17046091
8610,0.37961945
8710,0.23742183
8910,0.29197657
9010,0.44105422
9210,0.1555209
9510,0.8199206
9810,0.15447882
9910,0.20288903
10110,0.8894021
10410,0.057692435
10510,0.039436296
10610,0.31989807
10710,0.057510797
10910,0.039425913
11210,0.41636148
11310,0.84557104
11710,0.60675436
11910,0.04904143
12110,0.6774956
12410,0.24534339
12710,0.1695961
12910,0.18939388
13010,0.1510044
13410,0.03536837
13510,0.16212626
13610,0.069606
13710,0.06623744
13910,0.09150667
14310,0.110269815
14410,0.78929013
15410,0.8197118
15610,0.038169265
15710,0.580963
15810,0.53726435
15910,0.17890306
16110,0.8165994
16210,0.13355306
16310,0.24424791
16410,0.047681745
16510,0.89521646
16610,0.86282855
17010,0.034336925
17110,0.1773804
17210,0.031248841
17310,0.47479254
17410,0.39336416
17610,0.8701489
17710,0.34032205
17910,0.014737218
18010,0.015029932
18110,0.58337617
18210,0.19265619
18410,0.89473337
18510,0.68549633
18710,0.026133487
18810,0.21837771
19110,0.5960802
19510,0.5900468
19610,0.9294641
19710,0.95879364
19810,0.5822241
20710,0.47151327
20810,0.67123795
20910,0.776311
21110,0.06182798
21210,0.3911692
21410,0.19294254
21810,0.046224974
22010,0.08058644
22310,0.08649333
22410,0.15012465
22510,0.015284544
22610,0.18394801
22910,0.027984194
23010,0.27017775
23210,0.29476136
23310,0.10257285
23610,0.060738314
23710,0.7258768
23810,0.5343603
23910,0.44692233
24110,0.5892359
24210,0.32286325
24410,0.2938816
24510,0.4650844
24610,0.04317096
24710,0.26824623
25310,0.93298316
25410,0.57203543
25810,0.83271855
26010,0.8575407
26110,0.38344905
26210,0.072210185
26310,0.020048765
26410,0.2830952
26610,0.014501488
26710,0.1449129
26810,0.22661282
26910,0.60553145
27010,0.3003449
27310,0.5644129
27410,0.8278413
27510,0.21006654
27910,0.6053034
28010,0.063226834
28110,0.6708659
28310,0.020803468
28410,0.051041447
29010,0.4212525
29110,0.044709753
29310,0.014471894
29610,0.3766982
29710,0.43190095
29810,0.22008193
29910,0.04058269
30010,0.07193687
30110,0.752878
30310,0.061406653
30410,0.04195737
30710,0.86299264
30810,0.32475936
31110,0.86665964
31210,0.6595392
31610,0.5255368
31710,0.7196761
31810,0.6209948
31910,0.13567749
32010,0.17604743
32110,0.047099825
32810,0.11341393
33010,0.068303384
33110,0.44305742
33510,0.533954
33710,0.035874434
33810,0.013649956
33910,0.14167227
34010,0.45837083
34210,0.53565204
34310,0.1883408
34410,0.14466116
34510,0.46104342
34610,0.5422007
34810,0.81103057
35010,0.40345693
35210,0.1985224
35310,0.13404794
35510,0.8019165
35610,0.9021046
35710,0.86412436
35910,0.9160466
36010,0.5614388
36110,0.3523666
36610,0.88981754
37210,0.03121818
37410,0.12655807
37510,0.2576119
37610,0.63822186
37710,0.1718607
38110,0.035875186
38210,0.031203043
38310,0.022087706
38410,0.18050447
38610,0.25972626
38810,0.083019085
39110,0.06143181
39210,0.060708992
39310,0.062938556
39410,0.6128976
39610,0.10425219
39710,3.297224e-05
39910,0.5655186
40010,0.6164162
40210,0.3342427
40510,0.4160097
40610,0.35100216
41810,0.87230885
42010,0.23650916
42710,0.4937949
42910,0.33346078
43610,0.8747642
44210,0.76346296
44510,0.92016363
44710,0.10819255
44910,0.040971655
45210,0.3189455
45310,0.055309452
45510,0.3412959
45610,0.055551335
46110,0.23985146
46310,0.0628628
46510,0.94209117
46910,0.20428911
47010,0.6700116
47110,0.8836245
47210,0.49102557
47310,0.0494224
47610,0.51903147
47710,0.026525764
47810,0.025875367
47910,0.8221675
48210,0.6812871
48610,0.8088344
48710,0.8417251
49110,0.39551204
49210,0.2442267
49610,0.7632835
49710,0.38280007
49910,0.37573192
50110,0.017474612
50310,0.7370545
50410,0.01933072
50610,0.13239637
50810,0.036252562
50910,0.9401485
51010,0.3436925
51210,0.08099369
51610,0.10877594
51810,0.7725686
52010,0.983495
52110,0.22265388
52510,0.4846702
52610,0.6867168
52710,0.003714825
53210,0.247618
53310,0.39415163
53410,0.08084871
53610,0.10932
53910,0.076324254
54110,0.22500874
54210,0.15167522
54310,0.19217044
54410,0.18668294
54610,0.021111453
55010,0.1527599
55210,0.09592652
55410,0.08809106
55510,0.14065969
55610,0.7765042
56210,0.3559208
56510,0.31201836
56710,0.30576468
56810,0.70545876
57010,0.28799346
57110,0.4810781
57210,0.6162487
57310,0.71588147
57510,0.0793682
57910,0.6930398
58010,0.6232861
58210,0.6982548
58310,0.017716886
58510,0.23585573
58910,0.084854595
59110,0.6131608
59210,0.7576527
59510,0.75514305
59610,0.7500632
59810,0.76731414
59910,0.83148736
60410,0.24700692
60510,0.94848543
60810,0.03855163
61110,0.43089667
61310,0.77422005
61410,0.7937746
61710,0.07783372
62110,0.6956427
62410,0.03412542
62710,0.06063147
62810,0.050492365
63510,0.85382813
63610,0.2920294
63710,0.04819577
63810,0.045836803
63910,0.8811543
64310,0.114925385
64410,0.6841145
11,0.10948356
111,0.1873606
411,0.9331532
611,0.05749226
711,0.06854253
1011,0.074136935
1211,0.119177654
1711,0.09956426
2211,0.025869433
2711,0.004386797
2811,0.07478711
2911,0.07682156
3011,0.0662225
3111,0.15137602
3211,0.13482289
3311,0.26756346
3411,0.024259025
3711,0.042597905
4011,0.070417196
4111,9.4992414e-05
4211,0.09008653
4411,0.043682326
4711,0.05948248
4811,0.13291027
4911,0.047860514
5111,0.059350606
5211,0.047747996
5711,0.06682472
5911,0.037768487
6211,0.08296473
6311,0.071887314
6511,0.051338103
6611,0.050409008
6811,0.043515787
6911,0.11215935
7011,0.062901266
7211,0.15384464
7411,0.05318924
7511,0.36108905
7711,0.03480586
7911,0.023406597
8111,0.039493583
8211,0.0779727
8311,0.045759726
8411,0.057341613
8511,0.040127367
8611,0.039179474
8711,0.042148445
8911,0.04910896
9011,0.039599907
9211,0.03866674
9511,0.057853878
9811,0.06896857
9911,0.03667505
10111,0.04380799
10411,0.05272771
10511,0.052732334
10611,0.06315786
10711,0.032090165
10911,0.055633187
11211,0.031622566
11311,0.059541605
11711,0.14610821
11911,0.06088513
12111,0.09225341
12411,0.036677133
12711,0.05135366
12911,0.03739151
13011,0.031567678
13411,0.064541206
13511,0.06083112
13611,0.04024467
13711,0.088662826
13911,0.08895839
14311,0.077326044
14411,0.0512024
15411,0.06094513
15611,0.06425139
15711,0.05245938
15811,0.043703545
15911,0.032188892
16111,0.08604743
16211,0.06546894
16311,0.20172496
16411,0.1514639
16511,0.9856641
16611,0.07265084
17011,0.06642911
17111,0.11604839
17211,0.1172077
17311,0.07647451
17411,0.43391204
17611,0.084952414
17711,0.109976
17911,0.059304357
18011,0.09704925
18111,0.027178744
18211,0.0021988442
18411,0.0041369214
18511,0.012385555
18711,0.02338753
18811,0.06491546
19111,0.12206158
19511,0.07114414
19611,0.017638646
19711,0.028422376
19811,0.013092072
20711,0.06993972
20811,0.057006035
20911,0.07036726
21111,0.062016994
21211,0.13709155
21411,0.029923499
21811,0.08009822
22011,0.041843664
22311,0.07781148
22411,0.050401513
22511,0.06885344
22611,0.051744938
22911,0.16755308
23011,0.34291214
23211,0.055328727
23311,0.05954316
23611,0.04651017
23711,0.0888196
23811,0.074589334
23911,0.056075603
24111,0.043591365
24211,0.07169974
24411,0.029014323
24511,0.04698142
24611,0.030296246
24711,0.03302582
25311,0.18937677
25411,0.06309019
25811,0.07525396
26011,0.08524959
26111,0.039279822
26211,0.08855747
26311,0.07519339
26411,0.041752223
26611,0.062979884
26711,0.04788466
26811,0.09316643
26911,0.048315637
27011,0.031770002
27311,0.04009879
27411,0.09402262
27511,0.2285288
27911,0.060837146
28011,0.029408304
28111,0.04235058
28311,0.07194367
28411,0.048146375
29011,0.048121408
29111,0.062318638
29311,0.08295686
29611,0.055778157
29711,0.0349278
29811,0.048930716
29911,0.04210617
30011,0.06078923
30111,0.056284018
30311,0.09057143
30411,0.061429407
30711,0.04210911
30811,0.044402484
31111,0.05418063
31211,0.056510776
31611,0.050325185
31711,0.06490685
31811,0.05784206
31911,0.07318476
32011,0.048792657
32111,0.12998267
32811,0.06648574
33011,0.11948024
33111,0.24121065
33511,0.059773605
33711,0.051457237
33811,0.091026835
33911,0.025326533
34011,0.014818375
34211,0.008333372
34311,0.025232399
34411,0.003484032
34511,0.00701263
34611,0.025307918
34811,0.003444777
35011,0.08514456
35211,0.38444564
35311,0.051650424
35511,0.054417185
35611,0.035647847
35711,0.049558103
35911,0.093326956
36011,0.06263896
36111,0.04514593
36611,0.08992724
37211,0.15011835
37411,0.08362323
37511,0.09522919
37611,0.07722918
37711,0.05096014
38111,0.07385498
38211,0.039077766
38311,0.061577134
38411,0.06184041
38611,0.11767216
38811,0.049413726
39111,0.053371724
39211,0.11261151
39311,0.15767191
39411,0.08069643
39611,0.0778024
39711,0.06350221
39911,0.054255042
40011,0.061878614
40211,0.111609824
40511,0.06574955
40611,0.076183066
41811,0.06148206
42011,0.064346515
42711,0.09260175
42911,0.07439018
43611,0.08253234
44211,0.05482452
44511,0.08081594
44711,0.075261235
44911,0.036658388
45211,0.08444544
45311,0.0627028
45511,0.07244416
45611,0.06553076
46111,0.04866751
46311,0.07232421
46511,0.050537836
46911,0.110590145
47011,0.051933236
47111,0.04672267
47211,0.07092361
47311,0.068257354
47611,0.056882303
47711,0.07628623
47811,0.070927866
47911,0.024293257
48211,0.082937025
48611,0.06527267
48711,0.9744451
49111,0.048582707
49211,0.09775092
49611,0.16912657
49711,0.41468775
49911,0.07435273
50111,0.09511635
50311,0.01032605
50411,0.0065223863
50611,0.03758746
50811,0.014734302
50911,0.019025462
51011,0.020237636
51211,0.0090251705
51611,0.25700226
51811,0.0370809
52011,0.018735709
52111,0.071252376
52511,0.08423866
52611,0.06229216
52711,0.0072869817
53211,0.056216046
53311,0.12005591
53411,0.15473522
53611,0.35281992
53911,0.041277006
54111,0.053843122
54211,0.05793922
54311,0.04169337
54411,0.051000513
54611,0.08490496
55011,0.052704483
55211,0.03461613
55411,0.0987336
55511,0.14224261
55611,0.3121116
56211,0.043121077
56511,0.063910045
56711,0.057002675
56811,0.049041573
57011,0.04426974
57111,0.044046182
57211,0.044563554
57311,0.08935217
57511,0.060222454
57911,0.057144288
58011,0.043350857
58211,0.0530142
58311,0.031010585
58511,0.03846123
58911,0.0682195
59111,0.0501053
59211,0.031501904
59511,0.053533
59611,0.054984447
59811,0.04724115
59911,0.084520064
60411,0.043740395
60511,0.041925687
60811,0.06430956
61111,0.04654011
61311,0.052760556
61411,0.05189954
61711,0.044200294
62111,0.063775375
62411,0.059813946
62711,0.06254294
62811,0.060432546
63511,0.057753444
63611,0.10457909
63711,0.12557772
63811,0.0622959
63911,0.04443535
64311,0.05555531
64411,0.061025713
12,0.05994622
112,0.040780313
412,0.6421477
612,0.0874912
712,0.06696229
1012,0.013096157
1212,0.022880884
1712,0.02318804
2212,0.0147081455
2712,0.0044597844
2812,0.060978796
2912,0.035503518
3012,0.115942456
3112,0.06433322
3212,0.08509321
3312,0.09954313
3412,0.010341787
3712,0.012241083
4012,0.08009304
4112,0.08606498
4212,0.102233306
4412,0.051889624
4712,0.06293577
4812,0.02980927
4912,0.07211191
5112,0.051217902
5212,0.10145577
5712,0.099139415
5912,0.048199944
6212,0.103694424
6312,0.06605436
6512,0.08027535
6612,0.0740967
6812,0.109683044
6912,0.96523964
7012,0.03808902
7212,0.72322494
7412,0.0630288
7512,0.015777614
7712,0.009885533
7912,0.01285414
8112,0.030952126
8212,0.0141898645
8312,0.016768435
8412,0.04340066
8512,0.01379295
8612,0.00947721
8712,0.019649787
8912,0.027256584
9012,0.024132704
9212,0.01054745
9512,0.09882837
9812,0.027618896
9912,0.038693
10112,0.03941841
10412,0.054786086
10512,0.051104464
10612,0.13414481
10712,0.049685154
10912,0.060704965
11212,0.011836224
11312,0.278285
11712,0.55385935
11912,0.064085715
12112,0.07871781
12412,0.07960836
12712,0.13139051
12912,0.14682408
13012,0.07991617
13412,0.070076615
13512,0.036169685
13612,0.062959686
13712,0.105942175
13912,0.12563214
14312,0.10783377
14412,0.27914494
15412,0.13677657
15612,0.07723653
15712,0.078942396
15812,0.032349654
15912,0.008358689
16112,0.07818939
16212,0.095215105
16312,0.01967368
16412,0.031130575
16512,0.014507862
16612,0.042028468
17012,0.07892718
17112,0.0103731165
17212,0.01635679
17312,0.013377085
17412,0.020326892
17612,0.09776641
17712,0.030271446
17912,0.013671211
18012,0.01959466
18112,0.06291105
18212,0.0068289344
18412,0.008121467
18512,0.004617961
18712,0.016023666
18812,0.027358046
19112,0.07874319
19512,0.013336324
19612,0.012425925
19712,0.013308575
19812,0.0047277226
20712,0.04476638
20812,0.13285665
20912,0.06158186
21112,0.09129827
21212,0.09882096
21412,0.2143362
21812,0.09559895
22012,0.053607263
22312,0.05480526
22412,0.09187583
22512,0.07515093
22612,0.106918246
22912,0.98573023
23012,0.68289304
23212,0.022707883
23312,0.055130243
23612,0.010396811
23712,0.09947011
23812,0.05046533
23912,0.022585597
24112,0.0340701
24212,0.08151907
24412,0.025295103
24512,0.03317343
24612,0.013188447
24712,0.01031666
25312,0.06377147
25412,0.12740998
25812,0.07410731
26012,0.1213496
26112,0.029614521
26212,0.074589066
26312,0.041819487
26412,0.09540479
26612,0.061896294
26712,0.0989783
26812,0.5205182
26912,0.022366589
27012,0.014221624
27312,0.054018598
27412,0.09009373
27512,0.6922494
27912,0.05338734
28012,0.009252033
28112,0.09842367
28312,0.078121595
28412,0.092226274
29012,0.081132405
29112,0.08137659
29312,0.07892924
29612,0.07472715
29712,0.16699238
29812,0.08231105
29912,0.04594682
30012,0.1367893
30112,0.12493753
30312,0.027285932
30412,0.054579847
30712,0.14584643
30812,0.05546216
31112,0.095697105
31212,0.07614221
31612,0.053769175
31712,0.14079294
31812,0.17048402
31912,0.09170726
32012,0.072059
32112,0.056479502
32812,0.06395535
33012,0.014826355
33112,0.015618535
33512,0.07274348
33712,0.013897823
33812,0.0167206
33912,0.03226602
34012,0.004152212
34212,0.064329274
34312,0.0069359946
34412,0.0016076381
34512,0.015255397
34612,0.011986774
34812,0.010852265
35012,0.0123636555
35212,0.17457381
35312,0.124066554
35512,0.020063037
35612,0.027032573
35712,0.051143616
35912,0.13382344
36012,0.27913934
36112,0.033840578
36612,0.13774507
37212,0.020370647
37412,0.13255043
37512,0.07072327
37612,0.098031186
37712,0.06081746
38112,0.08018465
38212,0.06453157
38312,0.08394011
38412,0.099531166
38612,0.024746902
38812,0.07662474
39112,0.019685157
39212,0.97012347
39312,0.8870752
39412,0.20827024
39612,0.07513615
39712,3.0283252e-05
39912,0.022349734
40012,0.027013233
40212,0.021522835
40512,0.037896816
40612,0.023457915
41812,0.101842225
42012,0.06294374
42712,0.13003083
42912,0.059820507
43612,0.13374892
44212,0.090959564
44512,0.03658422
44712,0.08158787
44912,0.0836604
45212,0.05880232
45312,0.065787986
45512,0.07976215
45612,0.09906146
46112,0.14920247
46312,0.08686354
46512,0.12871602
46912,0.013013604
47012,0.013618759
47112,0.108598806
47212,0.09329356
47312,0.07777096
47612,0.06746674
47712,0.06375564
47812,0.071775585
47912,0.018259775
48212,0.10701791
48612,0.03254813
48712,0.020252924
49112,0.06880162
49212,0.11513334
49612,0.08328603
49712,0.6768244
49912,0.050052606
50112,0.014728609
50312,0.013245793
50412,0.0036997753
50612,0.48335615
50812,0.017389838
50912,0.022893835
51012,0.0144912135
51212,0.036111392
51612,0.85305464
51812,0.023522502
52012,0.012793227
52112,0.06893452
52512,0.05179659
52612,0.15903556
52712,0.5390863
53212,0.07895459
53312,0.21005239
53412,0.06080757
53612,0.03881103
53912,0.20717873
54112,0.0784256
54212,0.1005214
54312,0.08040371
54412,0.10224932
54612,0.07865957
55012,0.046286885
55212,0.34279615
55412,0.60088843
55512,0.045636076
55612,0.034965426
56212,0.059466783
56512,0.08423854
56712,0.012677273
56812,0.07237254
57012,0.053556744
57112,0.017496616
57212,0.02968966
57312,0.13547628
57512,0.02304959
57912,0.0645521
58012,0.032831132
58212,0.044431668
58312,0.0073422887
58512,0.050051346
58912,0.02334185
59112,0.15477587
59212,0.11652434
59512,0.031029874
59612,0.18183076
59812,0.04524874
59912,0.069758095
60412,0.025996331
60512,0.03357629
60812,0.08426954
61112,0.033881724
61312,0.098805465
61412,0.061176904
61712,0.064482845
62112,0.16791847
62412,0.07951268
62712,0.09709592
62812,0.053027574
63512,0.13346675
63612,0.08804331
63712,0.11802261
63812,0.07755087
63912,0.019504199
64312,0.06079498
64412,0.075114064
13,0.1459523
113,0.05577325
413,0.0029737807
613,0.076607466
713,0.06689245
1013,0.034681283
1213,0.028238878
1713,0.050039534
2213,0.024903327
2713,0.006367794
2813,0.07878596
2913,0.062417563
3013,0.07027436
3113,0.08134996
3213,0.059703406
3313,0.0644942
3413,0.018289559
3713,0.027537636
4013,0.05652015
4113,2.1174441e-05
4213,0.046445042
4413,0.06671923
4713,0.049379315
4813,0.030904196
4913,0.045686565
5113,0.041049156
5213,0.04678351
5713,0.062985204
5913,0.08647465
6213,0.04915127
6313,0.04219676
6513,0.09144522
6613,0.066217735
6813,0.0754819
6913,0.0048806164
7013,0.08948768
7213,0.017907152
7413,0.14726862
7513,0.02760252
7713,0.028075526
7913,0.073116146
8113,0.07209054
8213,0.023361035
8313,0.04698299
8413,0.06277116
8513,0.056788333
8613,0.033683334
8713,0.07072182
8913,0.086249344
9013,0.080483995
9213,0.036106806
9513,0.11240771
9813,0.04801278
9913,0.07475911
10113,0.050457604
10413,0.06336951
10513,0.08631546
10613,0.11618723
10713,0.023099836
10913,0.05247919
11213,0.044969775
11313,0.03987373
11713,0.03462139
11913,0.061643243
12113,0.09702908
12413,0.15291928
12713,0.06304549
12913,0.0859907
13013,0.046429757
13413,0.05755306
13513,0.054485206
13613,0.0661925
13713,0.032362517
13913,0.04329547
14313,0.066761345
14413,0.0765926
15413,0.114617296
15613,0.05441315
15713,0.07719993
15813,0.055990525
15913,0.026979694
16113,0.077603444
16213,0.07549955
16313,0.036543373
16413,0.043903064
16513,0.0012019679
16613,0.06508445
17013,0.049973737
17113,0.032008894
17213,0.034374375
17313,0.033444025
17413,0.022621473
17613,0.07592487
17713,0.06349781
17913,0.022658072
18013,0.029799152
18113,0.016768202
18213,0.0071512596
18413,0.0059929346
18513,0.009885048
18713,0.01203447
18813,0.07258052
19113,0.14623013
19513,0.039226
19613,0.013299067
19713,0.02285491
19813,0.009989513
20713,0.05154777
20813,0.13094261
20913,0.07644963
21113,0.046476714
21213,0.06773133
21413,0.107488826
21813,0.04523444
22013,0.04986441
22313,0.04185318
22413,0.07913621
22513,0.03792491
22613,0.08134027
22913,0.0013331528
23013,0.026329378
23213,0.07229403
23313,0.045441955
23613,0.030210374
23713,0.06947962
23813,0.10007842
23913,0.048393056
24113,0.052285265
24213,0.05558264
24413,0.042803973
24513,0.063773826
24613,0.014525726
24713,0.03450098
25313,0.08132916
25413,0.10169838
25813,0.12554078
26013,0.14487942
26113,0.08930909
26213,0.03969832
26313,0.040782657
26413,0.13523418
26613,0.04588576
26713,0.0557265
26813,0.04575068
26913,0.03525021
27013,0.052910745
27313,0.101250574
27413,0.06730814
27513,0.025157781
27913,0.055269442
28013,0.028740399
28113,0.13375609
28313,0.0390896
28413,0.085568875
29013,0.11357987
29113,0.051393945
29313,0.03499578
29613,0.06041441
29713,0.1076937
29813,0.10487731
29913,0.04139693
30013,0.05660673
30113,0.11565584
30313,0.030149939
30413,0.060780603
30713,0.092085935
30813,0.081491545
31113,0.08659008
31213,0.06440026
31613,0.05583786
31713,0.099210605
31813,0.10568343
31913,0.06926894
32013,0.07212646
32113,0.043624733
32813,0.068077825
33013,0.04287624
33113,0.0310844
33513,0.08491662
33713,0.034981646
33813,0.028858835
33913,0.0016872312
34013,0.00996704
34213,0.021765243
34313,0.018436074
34413,0.0026379926
34513,0.017787902
34613,0.039440718
34813,0.004454368
35013,0.03086573
35213,0.03433584
35313,0.041154627
35513,0.041118346
35613,0.043784667
35713,0.104717016
35913,0.06520332
36013,0.043859534
36113,0.056559954
36613,0.15368259
37213,0.037963994
37413,0.047426727
37513,0.060793668
37613,0.1544771
37713,0.07095215
38113,0.058618728
38213,0.06839245
38313,0.039016284
38413,0.06825927
38613,0.048659224
38813,0.111749396
39113,0.04684843
39213,0.002721861
39313,0.011884121
39413,0.07101616
39613,0.057952676
39713,2.4474607e-06
39913,0.067018956
40013,0.07848254
40213,0.048643354
40513,0.051596697
40613,0.05429096
41813,0.07865806
42013,0.054151963
42713,0.05447097
42913,0.15767728
43613,0.10596212
44213,0.10799898
44513,0.033555172
44713,0.06397195
44913,0.082672566
45213,0.060688727
45313,0.06927602
45513,0.08522932
45613,0.053844642
46113,0.09783989
46313,0.06691883
46513,0.07297059
46913,0.03251083
47013,0.044567287
47113,0.08483139
47213,0.10280387
47313,0.051214542
47613,0.05863752
47713,0.05955423
47813,0.048236925
47913,0.02512815
48213,0.070708334
48613,0.05910306
48713,0.0028203528
49113,0.12119783
49213,0.053533576
49613,0.0819244
49713,0.043592665
49913,0.055665594
50113,0.02349424
50313,0.015798977
50413,0.004174092
50613,0.017374264
50813,0.012202032
50913,0.024764277
51013,0.03874515
51213,0.0133378925
51613,0.011507657
51813,0.039000873
52013,0.009904982
52113,0.057399813
52513,0.06473812
52613,0.106255054
52713,0.007928683
53213,0.10411449
53313,0.05553833
53413,0.058353268
53613,0.029130837
53913,0.16584577
54113,0.11348325
54213,0.07497454
54313,0.080025814
54413,0.088048674
54613,0.027425395
55013,0.047752753
55213,0.11686158
55413,0.037341632
55513,0.047569867
55613,0.07932687
56213,0.061944295
56513,0.054849513
56713,0.045912188
56813,0.058269717
57013,0.08106789
57113,0.054497473
57213,0.062953256
57313,0.02106001
57513,0.040641584
57913,0.06735292
58013,0.08199486
58213,0.10934115
58313,0.027396437
58513,0.11854651
58913,0.053307604
59113,0.13655078
59213,0.07648541
59513,0.06704681
59613,0.13053218
59813,0.058500893
59913,0.08864208
60413,0.017695853
60513,0.034759805
60813,0.056694157
61113,0.084549315
61313,0.109368354
61413,0.111491
61713,0.08428822
62113,0.12238155
62413,0.045143258
62713,0.05445334
62813,0.07895134
63513,0.09905797
63613,0.055085752
63713,0.05039494
63813,0.06468931
63913,0.023073168
64313,0.07725004
64413,0.072471455
14,0.17171967
114,0.21629754
414,0.0025495065
614,0.12121716
714,0.048776794
1014,0.04871012
1214,0.028165404
1714,0.32645777
2214,0.041558422
2714,0.014820701
2814,0.12321118
2914,0.18805341
3014,0.061800078
3114,0.073305964
3214,0.088840015
3314,0.13797373
3414,0.018128391
3714,0.01943967
4014,0.095127225
4114,0.004641515
4214,0.094686195
4414,0.17890573
4714,0.08637617
4814,0.044084456
4914,0.077074096
5114,0.057421684
5214,0.07848526
5714,0.07254057
5914,0.09950219
6214,0.061271448
6314,0.024459604
6514,0.074883856
6614,0.052859575
6814,0.09304872
6914,0.008981702
7014,0.14524797
7214,0.0446562
7414,0.1432773
7514,0.07612556
7714,0.057584696
7914,0.065763876
8114,0.06599868
8214,0.027974809
8314,0.04712506
8414,0.10999009
8514,0.071779124
8614,0.040494807
8714,0.18225066
8914,0.08874485
9014,0.07351959
9214,0.03003751
9514,0.16594154
9814,0.2308753
9914,0.19455871
10114,0.07286016
10414,0.0909413
10514,0.04893303
10614,0.25747755
10714,0.050788715
10914,0.03855507
11214,0.03866593
11314,0.14109005
11714,0.057480726
11914,0.061131384
12114,0.20972355
12414,0.15284681
12714,0.12478627
12914,0.1244565
13014,0.07809467
13414,0.04432397
13514,0.103376366
13614,0.085291654
13714,0.06842701
13914,0.039147783
14314,0.057422273
14414,0.46524814
15414,0.17112674
15614,0.036850173
15714,0.21057457
15814,0.090326406
15914,0.051844914
16114,0.0987535
16214,0.08231186
16314,0.086240456
16414,0.13619661
16514,0.004810213
16614,0.035936452
17014,0.04326525
17114,0.14130332
17214,0.16062897
17314,0.036221806
17414,0.1527379
17614,0.15256122
17714,0.090914875
17914,0.41847315
18014,0.3444688
18114,0.013415599
18214,0.010738185
18414,0.008293737
18514,0.03429344
18714,0.02660053
18814,0.22566476
19114,0.11443474
19514,0.06830521
19614,0.009857611
19714,0.016168946
19814,0.006271823
20714,0.07164498
20814,0.18659478
20914,0.058273412
21114,0.07624235
21214,0.061645113
21414,0.23198348
21814,0.050379768
22014,0.092438385
22314,0.06527751
22414,0.08953159
22514,0.02324298
22614,0.102954865
22914,0.0031443762
23014,0.06673374
23214,0.09424752
23314,0.06752279
23614,0.044787157
23714,0.15103838
23814,0.362256
23914,0.057163022
24114,0.051650815
24214,0.11317673
24414,0.20694822
24514,0.15589012
24614,0.34251124
24714,0.04166693
25314,0.082918085
25414,0.19905117
25814,0.22786371
26014,0.21246503
26114,0.104803264
26214,0.08192047
26314,0.046876173
26414,0.124289714
26614,0.021251958
26714,0.090221845
26814,0.11076186
26914,0.07944027
27014,0.04410028
27314,0.15926766
27414,0.10822476
27514,0.041801155
27914,0.12323539
28014,0.06401994
28114,0.2487416
28314,0.026981562
28414,0.05315024
29014,0.1725238
29114,0.04535104
29314,0.022167427
29614,0.12026906
29714,0.22086255
29814,0.099755704
29914,0.052542835
30014,0.0680796
30114,0.2830673
30314,0.038151875
30414,0.05997156
30714,0.2772444
30814,0.19370413
31114,0.27018148
31214,0.13693504
31614,0.105819955
31714,0.33144525
31814,0.31531307
31914,0.05941576
32014,0.0968203
32114,0.282725
32814,0.0542309
33014,0.1411816
33114,0.10411379
33514,0.07304335
33714,0.34307143
33814,0.37794682
33914,0.018306382
34014,0.024942273
34214,0.098215446
34314,0.17529263
34414,0.012109101
34514,0.048086997
34614,0.057779174
34814,0.0126015665
35014,0.037314337
35214,0.043795045
35314,0.09244422
35514,0.08072143
35614,0.064410865
35714,0.11422961
35914,0.12940437
36014,0.2524111
36114,0.08469191
36614,0.17956726
37214,0.3725422
37414,0.071228094
37514,0.05112855
37614,0.2794702
37714,0.100445926
38114,0.05224857
38214,0.048723508
38314,0.023919605
38414,0.07458508
38614,0.06824599
38814,0.12024456
39114,0.087483495
39214,0.009221534
39314,0.01974452
39414,0.2836375
39614,0.045551628
39714,0.39412892
39914,0.06630413
40014,0.11230679
40214,0.226887
40514,0.075214565
40614,0.20198989
41814,0.20798598
42014,0.49038926
42714,0.13097942
42914,0.27591836
43614,0.15821293
44214,0.12797394
44514,0.03252298
44714,0.09552025
44914,0.044677045
45214,0.099911556
45314,0.0401792
45514,0.14344737
45614,0.054640777
46114,0.1740287
46314,0.06579806
46514,0.22107176
46914,0.13804291
47014,0.04919731
47114,0.28210944
47214,0.16834885
47314,0.044813048
47614,0.14825264
47714,0.044114977
47814,0.033716757
47914,0.050943434
48214,0.19068314
48614,0.075368546
48714,0.017680798
49114,0.13797286
49214,0.08403075
49614,0.07828853
49714,0.041942663
49914,0.08889821
50114,0.37955078
50314,0.024027774
50414,0.010432272
50614,0.18203044
50814,0.038556885
50914,0.058215376
51014,0.10942489
51214,0.16058595
51614,0.020471193
51814,0.042734414
52014,0.007201357
52114,0.09852166
52514,0.1354483
52614,0.4266295
52714,0.036833346
53214,0.08884012
53314,0.096898615
53414,0.07768976
53614,0.0379063
53914,0.17544048
54114,0.12309618
54214,0.10771539
54314,0.10910001
54414,0.10536404
54614,0.52906924
55014,0.06244508
55214,0.22193035
55414,0.057657093
55514,0.64672995
55614,0.13243648
56214,0.12376245
56514,0.08514736
56714,0.052066434
56814,0.2097067
57014,0.47451043
57114,0.0878594
57214,0.05638786
57314,0.014788325
57514,0.37310717
57914,0.17377192
58014,0.1299025
58214,0.14285432
58314,0.08773622
58514,0.1334134
58914,0.13517378
59114,0.25138173
59214,0.32231915
59514,0.10774985
59614,0.2864471
59814,0.08609782
59914,0.07745774
60414,0.07143308
60514,0.0354208
60814,0.040130917
61114,0.13349286
61314,0.21834314
61414,0.2073945
61714,0.122186184
62114,0.22264259
62414,0.03132315
62714,0.056805875
62814,0.057796016
63514,0.25296468
63614,0.094384424
63714,0.039306797
63814,0.056348845
63914,0.059089713
64314,0.056964617
64414,0.10505844
15,0.08654067
115,0.04678381
415,0.00031221015
615,0.07271399
715,0.035462867
1015,0.036751244
1215,0.032769952
1715,0.048270725
2215,0.016118875
2715,0.0042755925
2815,0.071985245
2915,0.042290144
3015,0.053299397
3115,0.051045846
3215,0.060912985
3315,0.033028968
3415,0.018732877
3715,0.023396336
4015,0.060083643
4115,0.0010075014
4215,0.048063647
4415,0.06544906
4715,0.09072342
4815,0.02798332
4915,0.11702394
5115,0.067986526
5215,0.044428192
5715,0.04618224
5915,0.049515814
6215,0.03552296
6315,0.02465669
6515,0.04940954
6615,0.041032102
6815,0.04737389
6915,0.0013296092
7015,0.06617938
7215,0.005266695
7415,0.12703867
7515,0.01583766
7715,0.012746568
7915,0.031428777
8115,0.04397072
8215,0.020823678
8315,0.033945747
8415,0.047015358
8515,0.034703244
8615,0.024568396
8715,0.030115647
8915,0.05042297
9015,0.052229103
9215,0.028608268
9515,0.09874789
9815,0.03722619
9915,0.048316445
10115,0.054826193
10415,0.045380626
10515,0.031992335
10615,0.09819374
10715,0.1137016
10915,0.046165954
11215,0.03213846
11315,0.04216611
11715,0.021577973
11915,0.045059722
12115,0.061172884
12415,0.07490428
12715,0.0582453
12915,0.06221036
13015,0.13999325
13415,0.036982283
13515,0.043570925
13615,0.041548118
13715,0.027750377
13915,0.08244507
14315,0.047477268
14415,0.098202124
15415,0.093144976
15615,0.032851983
15715,0.062177774
15815,0.040655755
15915,0.0118530635
16115,0.09746507
16215,0.050289232
16315,0.038281914
16415,0.04322023
16515,0.00031938957
16615,0.05514642
17015,0.03719642
17115,0.022075213
17215,0.03316718
17315,0.03662878
17415,0.01635914
17615,0.112390175
17715,0.0476196
17915,0.027280698
18015,0.04381882
18115,0.008470468
18215,0.0032595836
18415,0.0037612289
18515,0.006931512
18715,0.006293534
18815,0.043255158
19115,0.09335081
19515,0.023456195
19615,0.007901526
19715,0.018124584
19815,0.0053471867
20715,0.042338584
20815,0.10056763
20915,0.069929376
21115,0.045626856
21215,0.05287968
21415,0.07747398
21815,0.035653822
22015,0.038221247
22315,0.06723761
22415,0.05125968
22515,0.021478733
22615,0.058084253
22915,0.00020775429
23015,0.006842301
23215,0.09262249
23315,0.09442945
23615,0.025799412
23715,0.13560696
23815,0.047622014
23915,0.03791392
24115,0.03817721
24215,0.08081555
24415,0.014520525
24515,0.029630976
24615,0.008419995
24715,0.026948107
25315,0.046501905
25415,0.09543709
25815,0.1481994
26015,0.11604526
26115,0.068401724
26215,0.02911495
26315,0.039364688
26415,0.10316649
26615,0.024413818
26715,0.05527401
26815,0.059868075
26915,0.027009074
27015,0.036500208
27315,0.07497981
27415,0.07705149
27515,0.011932098
27915,0.06325737
28015,0.019715345
28115,0.12595637
28315,0.031419292
28415,0.038534526
29015,0.098806
29115,0.03553822
29315,0.02288493
29615,0.07815958
29715,0.07483046
29815,0.05454284
29915,0.040708285
30015,0.037667137
30115,0.11865264
30315,0.024454864
30415,0.04628023
30715,0.11988521
30815,0.065004416
31115,0.12248449
31215,0.067651026
31615,0.056835778
31715,0.1045718
31815,0.11464471
31915,0.045032024
32015,0.049114205
32115,0.059465215
32815,0.04508604
33015,0.03430538
33115,0.025747444
33515,0.073954344
33715,0.031007048
33815,0.04504185
33915,0.0006444559
34015,0.0037124525
34215,0.011445027
34315,0.011855945
34415,0.0014664868
34515,0.0065152952
34615,0.022918021
34815,0.0013158651
35015,0.017321106
35215,0.029788412
35315,0.093995154
35515,0.024888277
35615,0.032377984
35715,0.07739431
35915,0.09587356
36015,0.06659077
36115,0.043894332
36615,0.094686784
37215,0.0587299
37415,0.051624335
37515,0.053299
37615,0.099189155
37715,0.045236293
38115,0.039108273
38215,0.033889472
38315,0.02824429
38415,0.050233986
38615,0.037516948
38815,0.06079395
39115,0.020525228
39215,0.00062136195
39315,0.008036525
39415,0.10199972
39615,0.0740869
39715,0.00016947842
39915,0.043845154
40015,0.061483942
40215,0.026815942
40515,0.042373728
40615,0.027145414
41815,0.09274681
42015,0.055872116
42715,0.062083017
42915,0.09677667
43615,0.09437059
44215,0.085100204
44515,0.049720727
44715,0.05148856
44915,0.042832166
45215,0.101995446
45315,0.068247736
45515,0.07430653
45615,0.039707623
46115,0.06678106
46315,0.044055432
46515,0.106474705
46915,0.018003559
47015,0.0516334
47115,0.12192227
47215,0.10316993
47315,0.04138453
47615,0.057662226
47715,0.030260202
47815,0.030877583
47915,0.019250903
48215,0.09515311
48615,0.045619044
48715,0.00055324857
49115,0.078642964
49215,0.041693486
49615,0.06961665
49715,0.028406259
49915,0.046354398
50115,0.030145597
50315,0.0075500463
50415,0.0031984546
50615,0.009277853
50815,0.005162472
50915,0.013969681
51015,0.014187442
51215,0.0052564396
51615,0.004676701
51815,0.034232944
52015,0.008783871
52115,0.049950495
52515,0.08607518
52615,0.09944892
52715,0.03249329
53215,0.07309376
53315,0.10929414
53415,0.07312901
53615,0.032254975
53915,0.07416039
54115,0.068164915
54215,0.052748974
54315,0.055965837
54415,0.061900172
54615,0.036707863
55015,0.047310393
55215,0.0981718
55415,0.021697706
55515,0.055376753
55615,0.044863224
56215,0.08014486
56515,0.049708158
56715,0.027703237
56815,0.040109336
57015,0.046007093
57115,0.026570393
57215,0.04898159
57315,0.011306861
57515,0.03880306
57915,0.0777036
58015,0.050671645
58215,0.10255494
58315,0.018620405
58515,0.0562751
58915,0.05452305
59115,0.09990626
59215,0.09038746
59515,0.05959077
59615,0.11512456
59815,0.05307739
59915,0.07071605
60415,0.018186893
60515,0.04088876
60815,0.037473463
61115,0.07233252
61315,0.10786673
61415,0.12616913
61715,0.050635446
62115,0.087397695
62415,0.035849776
62715,0.036798947
62815,0.042123295
63515,0.10999021
63615,0.040564306
63715,0.035317145
63815,0.042040076
63915,0.0150193395
64315,0.048719227
64415,0.07055784
16,0.07934738
116,0.06313279
416,0.0008143352
616,0.08432245
716,0.07142518
1016,0.03232683
1216,0.027096873
1716,0.04432859
2216,0.031225614
2716,0.0017852779
2816,0.08551718
2916,0.07036552
3016,0.077405736
3116,0.08202687
3216,0.07114041
3316,0.087062076
3416,0.022539875
3716,0.027150383
4016,0.07924928
4116,3.7522772e-05
4216,0.084270135
4416,0.08532053
4716,0.07173678
4816,0.049885605
4916,0.07617203
5116,0.058657143
5216,0.07395595
5716,0.067777194
5916,0.08219358
6216,0.07399212
6316,0.04360219
6516,0.074903205
6616,0.06400947
6816,0.07191502
6916,0.001752301
7016,0.10016641
7216,0.0070075844
7416,0.1015562
7516,0.030097874
7716,0.035778016
7916,0.037469365
8116,0.06721373
8216,0.041104518
8316,0.06256292
8416,0.060523756
8516,0.040799383
8616,0.040188093
8716,0.060196545
8916,0.07244731
9016,0.06392975
9216,0.041374676
9516,0.10515044
9816,0.0681624
9916,0.08459741
10116,0.071392596
10416,0.0807807
10516,0.07248755
10616,0.1151583
10716,0.030750582
10916,0.057168853
11216,0.0443546
11316,0.06068358
11716,0.018743858
11916,0.06964023
12116,0.087108925
12416,0.11848539
12716,0.093600854
12916,0.080170326
13016,0.07101661
13416,0.05800059
13516,0.06760551
13616,0.06959869
13716,0.04441182
13916,0.057145603
14316,0.06144983
14416,0.07178997
15416,0.08463678
15616,0.061030224
15716,0.074056685
15816,0.08025783
15916,0.022305997
16116,0.080664456
16216,0.0838343
16316,0.05889823
16416,0.05710389
16516,0.0019007734
16616,0.046525083
17016,0.06163761
17116,0.030930234
17216,0.038942054
17316,0.03047241
17416,0.056523655
17616,0.078297846
17716,0.05894027
17916,0.016586516
18016,0.024423853
18116,0.0106868725
18216,0.0032525607
18416,0.0063174386
18516,0.011357048
18716,0.005327642
18816,0.0809206
19116,0.08401266
19516,0.04285828
19616,0.012296492
19716,0.022326563
19816,0.0049809404
20716,0.055943932
20816,0.09568478
20916,0.07666875
21116,0.06502355
21216,0.065655306
21416,0.11860369
21816,0.066479735
22016,0.07117152
22316,0.06697558
22416,0.08013159
22516,0.03916465
22616,0.09306334
22916,0.00025809053
23016,0.009988897
23216,0.08477753
23316,0.067803174
23616,0.046014044
23716,0.11353581
23816,0.11625181
23916,0.054170128
24116,0.054148898
24216,0.08594397
24416,0.051207926
24516,0.097545646
24616,0.010519987
24716,0.040850855
25316,0.069586664
25416,0.09580274
25816,0.11010672
26016,0.11434739
26116,0.07395559
26216,0.062363014
26316,0.05440903
26416,0.1128077
26616,0.04566843
26716,0.09033355
26816,0.045321852
26916,0.04083593
27016,0.047477044
27316,0.09328789
27416,0.09243588
27516,0.01746979
27916,0.08466391
28016,0.04009081
28116,0.113140956
28316,0.041188303
28416,0.06222641
29016,0.098732084
29116,0.06229283
29316,0.03905285
29616,0.093136474
29716,0.0840817
29816,0.10175113
29916,0.05127914
30016,0.066565156
30116,0.093721785
30316,0.04315011
30416,0.05771979
30716,0.077674545
30816,0.0925026
31116,0.09057719
31216,0.07315727
31616,0.095479734
31716,0.08779455
31816,0.10347219
31916,0.07456889
32016,0.057126284
32116,0.059348267
32816,0.06656189
33016,0.042870928
33116,0.041791253
33516,0.07491971
33716,0.020894501
33816,0.020698799
33916,0.001394284
34016,0.009545063
34216,0.02358428
34316,0.017680343
34416,0.0022489396
34516,0.0138810575
34616,0.03662651
34816,0.0034155545
35016,0.04148022
35216,0.053630527
35316,0.06743795
35516,0.048692245
35616,0.050632376
35716,0.094984025
35916,0.062068608
36016,0.05919113
36116,0.07220424
36616,0.07998198
37216,0.03866848
37416,0.087971255
37516,0.072356276
37616,0.10645872
37716,0.08432519
38116,0.060291313
38216,0.05662229
38316,0.043437555
38416,0.07154678
38616,0.053568345
38816,0.10080641
39116,0.062162332
39216,0.0006899776
39316,0.004693123
39416,0.08833847
39616,0.08260647
39716,7.5568482e-06
39916,0.056083027
40016,0.07867067
40216,0.06860276
40516,0.075790375
40616,0.070322655
41816,0.08774874
42016,0.07315977
42716,0.08958594
42916,0.12278659
43616,0.08424656
44216,0.092699215
44516,0.044334214
44716,0.088370115
44916,0.054324728
45216,0.069765985
45316,0.07732042
45516,0.09368112
45616,0.07130781
46116,0.088374496
46316,0.07752
46516,0.07208344
46916,0.060368318
47016,0.052715767
47116,0.08852633
47216,0.11010383
47316,0.056386735
47616,0.06998276
47716,0.06354889
47816,0.04855395
47916,0.039622918
48216,0.10001417
48616,0.065391436
48716,0.004117804
49116,0.09306115
49216,0.073679954
49616,0.086259216
49716,0.021468872
49916,0.06490312
50116,0.02161088
50316,0.018467944
50416,0.0019452111
50616,0.015343031
50816,0.006375489
50916,0.03558072
51016,0.03542988
51216,0.0075443876
51616,0.007838654
51816,0.047762528
52016,0.011127529
52116,0.08192385
52516,0.102479585
52616,0.09047633
52716,0.005267064
53216,0.0812966
53316,0.04717566
53416,0.11437191
53616,0.064776644
53916,0.12460508
54116,0.10948125
54216,0.08766778
54316,0.07166946
54416,0.093008004
54616,0.02765829
55016,0.061199263
55216,0.11134623
55416,0.029631441
55516,0.044945672
55616,0.052389354
56216,0.09739193
56516,0.07484562
56716,0.053072017
56816,0.11455038
57016,0.07418226
57116,0.048564382
57216,0.058774605
57316,0.015776748
57516,0.042857774
57916,0.080254026
58016,0.10386449
58216,0.08471366
58316,0.016480599
58516,0.075576395
58916,0.08534364
59116,0.10863899
59216,0.09111906
59516,0.064527996
59616,0.08305129
59816,0.06739548
59916,0.067646414
60416,0.021913696
60516,0.046765395
60816,0.0510979
61116,0.072668955
61316,0.0903443
61416,0.11956672
61716,0.10128458
62116,0.09229577
62416,0.050467603
62716,0.0638022
62816,0.07220683
63516,0.08185838
63616,0.08927918
63716,0.062316462
63816,0.06245746
63916,0.038874496
64316,0.077319734
64416,0.08021041
17,0.040172383
117,0.063860714
417,0.0036901033
617,0.04651663
717,0.04436016
1017,0.020696519
1217,0.02020979
1717,0.03825966
2217,0.013092828
2717,0.01806661
2817,0.036211956
2917,0.040870298
3017,0.045904875
3117,0.043553337
3217,0.05238947
3317,0.056956947
3417,0.011238532
3717,0.018635688
4017,0.060881205
4117,1.1058066e-05
4217,0.042757858
4417,0.025577862
4717,0.08684764
4817,0.044055212
4917,0.11548696
5117,0.112426035
5217,0.040203277
5717,0.03927066
5917,0.035284895
6217,0.050147913
6317,0.03625064
6517,0.035978656
6617,0.032825053
6817,0.027057452
6917,0.002578553
7017,0.029345853
7217,0.018071864
7417,0.11747528
7517,0.07618095
7717,0.017254984
7917,0.025549095
8117,0.030830547
8217,0.021141946
8317,0.025875209
8417,0.033140443
8517,0.020442443
8617,0.017512495
8717,0.021972584
8917,0.020832766
9017,0.021146316
9217,0.0280997
9517,0.045921255
9817,0.028172474
9917,0.024699535
10117,0.029735776
10417,0.03886048
10517,0.02505673
10617,0.04881551
10717,0.14760931
10917,0.048519928
11217,0.02080029
11317,0.028766125
11717,0.026604623
11917,0.042854555
12117,0.03728944
12417,0.03307653
12717,0.04482373
12917,0.033424936
13017,0.11275285
13417,0.037079934
13517,0.05154948
13617,0.035700373
13717,0.033119783
13917,0.08593904
14317,0.039790466
14417,0.033054356
15417,0.04889852
15617,0.035449587
15717,0.027875818
15817,0.019129213
15917,0.01484476
16117,0.06527955
16217,0.046670206
16317,0.040187705
16417,0.053468283
16517,0.004829998
16617,0.045572463
17017,0.046707537
17117,0.023963403
17217,0.05271396
17317,0.022313105
17417,0.017714936
17617,0.09003779
17717,0.045614358
17917,0.017146073
18017,0.037809357
18117,0.011225536
18217,0.006623414
18417,0.004802415
18517,0.006509344
18717,0.030668467
18817,0.030942662
19117,0.07644562
19517,0.016843468
19617,0.0070818453
19717,0.010564992
19817,0.01354577
20717,0.03170579
20817,0.05486733
20917,0.05729319
21117,0.043662455
21217,0.06454125
21417,0.033442482
21817,0.044067323
22017,0.043925576
22317,0.16807982
22417,0.03824854
22517,0.026974149
22617,0.03785247
22917,0.0009999671
23017,0.019583914
23217,0.14263757
23317,0.111944795
23617,0.028267013
23717,0.079510346
23817,0.02923637
23917,0.02590591
24117,0.026569868
24217,0.057174087
24417,0.0255573
24517,0.017554017
24617,0.009995066
24717,0.021891337
25317,0.04383218
25417,0.043766294
25817,0.051837616
26017,0.052659195
26117,0.023478935
26217,0.04418828
26317,0.06747571
26417,0.0752516
26617,0.027023809
26717,0.054169673
26817,0.020960331
26917,0.016805964
27017,0.0206648
27317,0.033192188
27417,0.047241315
27517,0.02332667
27917,0.023682568
28017,0.032713924
28117,0.039510753
28317,0.03567173
28417,0.029076554
29017,0.05035849
29117,0.034115866
29317,0.027261158
29617,0.049201015
29717,0.031167332
29817,0.042084504
29917,0.050520685
30017,0.03094122
30117,0.04079456
30317,0.03860733
30417,0.044032417
30717,0.042394944
30817,0.031184899
31117,0.051522024
31217,0.028976217
31617,0.024965694
31717,0.036838207
31817,0.038422674
31917,0.047882766
32017,0.04138594
32117,0.05457662
32817,0.055001695
33017,0.036079276
33117,0.02943756
33517,0.051748857
33717,0.015937537
33817,0.030367466
33917,0.0016070124
34017,0.009707707
34217,0.018429693
34317,0.013171714
34417,0.0051615243
34517,0.010733662
34617,0.017421208
34817,0.0038909898
35017,0.017969219
35217,0.07972811
35317,0.07013148
35517,0.015949039
35617,0.015747542
35717,0.027130747
35917,0.05698771
36017,0.031229679
36117,0.025870942
36617,0.051793955
37217,0.16589344
37417,0.054007825
37517,0.059800092
37617,0.0504492
37717,0.03783556
38117,0.04087311
38217,0.03119618
38317,0.029904643
38417,0.041504666
38617,0.047754966
38817,0.050017226
39117,0.023003664
39217,0.0020098495
39317,0.008005922
39417,0.034638904
39617,0.08514755
39717,0.0059308526
39917,0.019861195
40017,0.021943964
40217,0.033458266
40517,0.023403598
40617,0.019527925
41817,0.044696808
42017,0.032952312
42717,0.04738041
42917,0.071590215
43617,0.051735755
44217,0.048332326
44517,0.035269585
44717,0.050152272
44917,0.03313373
45217,0.13347712
45317,0.10169888
45517,0.05477695
45617,0.040360156
46117,0.03970322
46317,0.043071043
46517,0.04369975
46917,0.02275921
47017,0.026449436
47117,0.050754495
47217,0.05244717
47317,0.040744744
47617,0.027996983
47717,0.036508482
47817,0.03531965
47917,0.0146353915
48217,0.0488878
48617,0.023796586
48717,0.0104574375
49117,0.041487012
49217,0.03426732
49617,0.062083222
49717,0.033076834
49917,0.030693868
50117,0.027153736
50317,0.00954977
50417,0.009713987
50617,0.013957816
50817,0.018840138
50917,0.013032694
51017,0.016687175
51217,0.01781127
51617,0.012562357
51817,0.021858694
52017,0.005769
52117,0.059293315
52517,0.029895931
52617,0.033609785
52717,0.0015268148
53217,0.067778714
53317,0.07896004
53417,0.12690994
53617,0.08966842
53917,0.05151235
54117,0.04810358
54217,0.04271567
54317,0.035891246
54417,0.03869228
54617,0.030671313
55017,0.049437575
55217,0.03670698
55417,0.020445691
55517,0.032764707
55617,0.13656224
56217,0.04461585
56517,0.044785686
56717,0.020135155
56817,0.01908982
57017,0.026472565
57117,0.016863331
57217,0.02816951
57317,0.011444655
57517,0.027316574
57917,0.030525684
58017,0.020485343
58217,0.028534368
58317,0.0576686
58517,0.03004762
58917,0.07952478
59117,0.03942874
59217,0.02441693
59517,0.025589174
59617,0.0429043
59817,0.023786176
59917,0.045791317
60417,0.0099127935
60517,0.028183231
60817,0.03156856
61117,0.038000625
61317,0.049810186
61417,0.045905657
61717,0.0448487
62117,0.041584358
62417,0.040704675
62717,0.037289884
62817,0.047164932
63517,0.047892783
63617,0.03145294
63717,0.052150127
63817,0.037232
63917,0.012827473
64317,0.050462235
64417,0.038139623
18,0.10456465
118,0.12938291
418,0.0041984385
618,0.17605904
718,0.07193396
1018,0.022684658
1218,0.024088413
1718,0.039596114
2218,0.012085333
2718,0.0013194958
2818,0.100686036
2918,0.066667125
3018,0.145061
3118,0.08010657
3218,0.14827417
3318,0.209616
3418,0.012319796
3718,0.018802537
4018,0.16752738
4118,7.554478e-05
4218,0.10082481
4418,0.0816372
4718,0.28624701
4818,0.081607416
4918,0.3879655
5118,0.26236486
5218,0.116263114
5718,0.09198329
5918,0.048000492
6218,0.08833479
6318,0.059103608
6518,0.070708975
6618,0.07386978
6818,0.07630996
6918,0.0031480566
7018,0.039009362
7218,0.011168108
7418,0.31425062
7518,0.052125122
7718,0.012674617
7918,0.010389808
8118,0.06405123
8218,0.029587088
8318,0.038324617
8418,0.07324073
8518,0.022557879
8618,0.017777307
8718,0.022603106
8918,0.029247193
9018,0.03650916
9218,0.032550447
9518,0.13349551
9818,0.04182474
9918,0.06329542
10118,0.046564136
10418,0.06460394
10518,0.033615015
10618,0.19039091
10718,0.345892
10918,0.1020306
11218,0.022259189
11318,0.037171837
11718,0.032693136
11918,0.06913706
12118,0.14622906
12418,0.0795321
12718,0.1325631
12918,0.12610042
13018,0.37005243
13418,0.066221364
13518,0.049246337
13618,0.06274562
13718,0.06379989
13918,0.1948211
14318,0.08050882
14418,0.12764125
15418,0.1711257
15618,0.06841615
15718,0.13099283
15818,0.031824086
15918,0.009182564
16118,0.14783019
16218,0.10179705
16318,0.08772588
16418,0.08255062
16518,0.008868201
16618,0.088221855
17018,0.08818507
17118,0.017983075
17218,0.05243585
17318,0.020359242
17418,0.04036805
17618,0.21432434
17718,0.07908675
17918,0.011815751
18018,0.035417672
18118,0.008125072
18218,0.0015868257
18418,0.0021234332
18518,0.003289841
18718,0.0069501917
18818,0.040887415
19118,0.16689865
19518,0.023105396
19618,0.0048879115
19718,0.01186606
19818,0.0037552624
20718,0.084481195
20818,0.2077636
20918,0.10536302
21118,0.120435044
21218,0.128111
21418,0.13166592
21818,0.08645446
22018,0.06486952
22318,0.28827396
22418,0.10130092
22518,0.041388314
22618,0.11287579
22918,0.00075503526
23018,0.023104975
23218,0.16444749
23318,0.29242286
23618,0.027823953
23718,0.17908902
23818,0.04435659
23918,0.04045895
24118,0.044202548
24218,0.14298022
24418,0.022605741
24518,0.031096205
24618,0.0043681515
24718,0.026776213
25318,0.102472596
25418,0.14236383
25818,0.08364269
26018,0.19236484
26118,0.026776126
26218,0.079541884
26318,0.054186918
26418,0.29197937
26618,0.04071748
26718,0.16311531
26818,0.0424841
26918,0.0154855065
27018,0.021032028
27318,0.08837501
27418,0.09923633
27518,0.025839644
27918,0.035899
28018,0.021265648
28118,0.11352979
28318,0.06905945
28418,0.053670898
29018,0.18890843
29118,0.06801226
29318,0.040106576
29618,0.10821776
29718,0.1541868
29818,0.09979099
29918,0.048461936
30018,0.073907025
30118,0.15310739
30318,0.048684727
30418,0.06676237
30718,0.11123972
30818,0.06580681
31118,0.08797312
31218,0.10650107
31618,0.052067257
31718,0.17433713
31818,0.12736021
31918,0.09584635
32018,0.07540924
32118,0.098753974
32818,0.102139555
33018,0.036412526
33118,0.039514
33518,0.13808267
33718,0.010292734
33818,0.024764478
33918,0.00047780923
34018,0.004242824
34218,0.016209973
34318,0.0062475144
34418,0.00094364583
34518,0.0057706763
34618,0.012232789
34818,0.0014744701
35018,0.027361369
35218,0.11094762
35318,0.23380013
35518,0.024792006
35618,0.030570861
35718,0.05528197
35918,0.12530422
36018,0.09215455
36118,0.053706564
36618,0.19028609
37218,0.10954505
37418,0.17450988
37518,0.11467687
37618,0.15371281
37718,0.081913866
38118,0.062116265
38218,0.04191779
38318,0.052667998
38418,0.10489257
38618,0.07383464
38818,0.07150288
39118,0.031583466
39218,0.0014876447
39318,0.008600489
39418,0.100176275
39618,0.22749752
39718,0.00027159345
39918,0.03145057
40018,0.03492539
40218,0.045196828
40518,0.040619712
40618,0.0329
41818,0.11078188
42018,0.05827296
42718,0.1300199
42918,0.10884927
43618,0.1590083
44218,0.121538326
44518,0.047845636
44718,0.1209729
44918,0.061497558
45218,0.31375313
45318,0.15552178
45518,0.13387173
45618,0.087612085
46118,0.17302479
46318,0.0830627
46518,0.07664346
46918,0.024670776
47018,0.033083487
47118,0.09291478
47218,0.14825317
47318,0.094651945
47618,0.10312429
47718,0.043311704
47818,0.053833403
47918,0.019952074
48218,0.14487354
48618,0.05170995
48718,0.018551424
49118,0.12748705
49218,0.084297754
49618,0.16450962
49718,0.038911592
49918,0.06815963
50118,0.026744137
50318,0.0047289976
50418,0.0020386586
50618,0.014137837
50818,0.006137075
50918,0.014454629
51018,0.013025326
51218,0.007549156
51618,0.012677262
51818,0.030972946
52018,0.0052635544
52118,0.1560933
52518,0.060135398
52618,0.14982218
52718,0.0043682326
53218,0.19423613
53318,0.23589301
53418,0.21360415
53618,0.1299041
53918,0.06455756
54118,0.12571599
54218,0.13132477
54318,0.08202511
54418,0.100333996
54618,0.14431332
55018,0.059487477
55218,0.08342224
55418,0.02533169
55518,0.041852
55618,0.1471881
56218,0.13910294
56518,0.12387841
56718,0.022550952
56818,0.04912148
57018,0.035015926
57118,0.015940301
57218,0.05530309
57318,0.012339091
57518,0.02925179
57918,0.11147037
58018,0.04790656
58218,0.056601226
58318,0.01106594
58518,0.073155
58918,0.06408426
59118,0.13571295
59218,0.07500021
59518,0.033833247
59618,0.1515087
59818,0.050996777
59918,0.11643161
60418,0.0035580923
60518,0.040049788
60818,0.065214045
61118,0.033005405
61318,0.13720205
61418,0.09452046
61718,0.058270384
62118,0.18393335
62418,0.08548724
62718,0.07289461
62818,0.04867249
63518,0.14309497
63618,0.06994824
63718,0.08912431
63818,0.06841071
63918,0.020106683
64318,0.082695544
64418,0.09935309
