Id,Probability
0,0.002886265
100,0.0014858237
400,6.409615e-05
600,0.028744135
700,0.082908556
1000,0.0012779619
1200,0.0031886012
1700,0.004064121
2200,0.023994358
2700,8.3186686e-05
2800,0.01764051
2900,0.05040978
3000,0.065363586
3100,0.07863792
3200,0.016565837
3300,0.04866149
3400,0.011836755
3700,0.007511032
4000,0.007759793
4100,0.001998322
4200,0.004135077
4400,0.09058356
4700,0.0012741877
4800,0.054172594
4900,0.005483018
5100,0.013567837
5200,0.04191671
5700,0.082760975
5900,0.025065929
6200,0.10178136
6300,0.11972443
6500,0.036892798
6600,0.14674008
6800,0.044803347
6900,8.272519e-06
7000,0.000515851
7200,0.0009837087
7400,0.010289538
7500,0.0069998363
7700,0.05362087
7900,0.014964926
8100,0.016039375
8200,0.027333604
8300,0.030676337
8400,0.07074494
8500,0.026294045
8600,0.038052138
8700,0.01632405
8900,0.022545531
9000,0.014870642
9200,0.016163351
9500,0.01180073
9800,0.040148444
9900,0.026958909
10100,0.0231343
10400,0.1362653
10500,0.07646161
10600,0.006362347
10700,0.0020384362
10900,0.08967985
11200,0.015511407
11300,0.0021904814
11700,0.0058202758
11900,0.03738765
12100,0.011017787
12400,0.012920806
12700,0.09014011
12900,0.091613464
13000,0.0003329349
13400,0.073595665
13500,0.045020945
13600,0.18066986
13700,0.12741363
13900,0.0053847237
14300,0.106873944
14400,0.0019658804
15400,0.012484737
15600,0.21094026
15700,0.012322104
15800,0.028766477
15900,0.019658212
16100,0.02119945
16200,0.07167586
16300,0.015288837
16400,0.0011686492
16500,9.865035e-05
16600,0.0060265763
17000,0.051373802
17100,0.0015575804
17200,0.0004182448
17300,0.0020361785
17400,0.0046494016
17600,0.0098506855
17700,0.04576939
17900,0.003635058
18000,0.00061647216
18100,0.0012515717
18200,3.9848837e-05
18400,0.0003915476
18500,0.004369618
18700,0.00043463803
18800,0.047497436
19100,0.02983001
19500,0.010218471
19600,0.00030497593
19700,0.0074958866
19800,0.008785053
20700,0.030147297
20800,0.0027404618
20900,0.022353325
21100,0.10745854
21200,0.012087061
21400,0.36402905
21800,0.26096576
22000,0.06942925
22300,0.00484579
22400,0.10360215
22500,0.2593838
22600,0.020441275
22900,0.0024584285
23000,0.00010961555
23200,0.039453518
23300,0.0338648
23600,0.029624347
23700,0.0052019106
23800,0.0031523583
23900,0.017302113
24100,0.02881253
24200,0.030961126
24400,0.00089545577
24500,0.00072535966
24600,0.00079040957
24700,0.016583888
25300,0.0005529645
25400,0.008024471
25800,0.002647638
26000,0.0052612326
26100,0.029877245
26200,0.08248218
26300,0.06854203
26400,1.3158379e-05
26600,0.15581304
26700,0.11688802
26800,0.008596271
26900,0.015876742
27000,0.01638096
27300,0.018156143
27400,0.0077705504
27500,0.01101735
27900,0.0038501034
28000,0.00235453
28100,0.022609891
28300,0.18163796
28400,0.14423037
29000,0.06969001
29100,0.18008022
29300,0.12629578
29600,0.015221066
29700,0.021631569
29800,0.13998888
29900,0.15266311
30000,0.1903861
30100,0.005511203
30300,0.07897077
30400,0.08416504
30700,0.0037027053
30800,0.027953912
31100,0.0018208835
31200,0.03031259
31600,0.035078403
31700,0.0043145544
31800,0.0074469
31900,0.17526515
32000,0.055034526
32100,0.0023715156
32800,0.03305248
33000,0.0017605537
33100,0.00052317686
33500,0.046122216
33700,0.002125037
33800,0.00049599365
33900,7.2679865e-07
34000,0.0128304595
34200,8.577576e-06
34300,0.0026669097
34400,0.00050881115
34500,0.00036203652
34600,0.020186903
34800,3.958633e-06
35000,0.02077659
35200,0.010863931
35300,0.017846711
35500,0.028119864
35600,0.023143455
35700,0.004993795
35900,0.017949108
36000,0.016344942
36100,0.020963319
36600,0.0015294407
37200,0.031504504
37400,0.011339553
37500,0.027415348
37600,0.0906603
37700,0.11133575
38100,0.10979328
38200,0.3135302
38300,0.15820298
38400,0.07033354
38600,0.067326106
38800,0.1264856
39100,0.02282597
39200,0.00029036842
39300,0.010321277
39400,0.0035555526
39600,0.022855595
39700,0.00052183546
39900,0.012200591
40000,0.010412413
40200,0.017620457
40500,0.0271316
40600,0.044320833
41800,0.0051088533
42000,0.04138964
42700,0.048810627
42900,0.005267259
43600,0.001416959
44200,0.018674042
44500,0.0054114736
44700,0.06464182
44900,0.2470359
45200,6.8622685e-05
45300,0.003452689
45500,0.020610182
45600,0.2616387
46100,0.00939975
46300,0.13883068
46500,0.00026921378
46900,0.014205442
47000,0.004147806
47100,0.0017281151
47200,0.042837493
47300,0.105960295
47600,0.05596334
47700,0.13635455
47800,0.09437662
47900,0.03440813
48200,0.016401293
48600,0.014011032
48700,5.02837e-05
49100,0.01571562
49200,0.06313419
49600,0.020595914
49700,0.012304226
49900,0.07592466
50100,0.0012290954
50300,0.00010783691
50400,0.016360005
50600,0.0005343244
50800,0.00047373757
50900,0.0010309375
51000,0.016360695
51200,1.6447066e-05
51600,0.08330087
51800,0.013039512
52000,0.018164452
52100,0.007378454
52500,0.010869636
52600,0.00042581867
52700,5.4908693e-08
53200,0.009095751
53300,0.00403512
53400,0.020638844
53600,0.057283994
53900,0.00040947166
54100,0.057610873
54200,0.09076079
54300,0.012305316
54400,0.102407776
54600,0.0012029695
55000,0.18787482
55200,0.0262405
55400,0.010039962
55500,0.0057810955
55600,0.009256232
56200,0.012925395
56500,0.03417464
56700,0.05151874
56800,0.0042405208
57000,0.019062253
57100,0.01893086
57200,0.032459293
57300,0.045613922
57500,0.008771042
57900,0.07041548
58000,0.018918185
58200,0.011763401
58300,0.019712668
58500,0.052474882
58900,0.008751304
59100,0.05402819
59200,0.006645935
59500,6.4263375e-05
59600,0.0027741857
59800,0.059287734
59900,0.106677115
60400,0.0018604656
60500,0.003389466
60800,0.06006073
61100,0.0046654134
61300,0.0133912
61400,0.0023730262
61700,0.052678086
62100,0.0025453393
62400,0.24269038
62700,0.14114815
62800,0.15870033
63500,0.0054115555
63600,0.086340725
63700,0.40789378
63800,0.241535
63900,0.033383623
64300,0.053117022
64400,0.026217036
1,0.009145417
101,0.015892373
401,0.7572452
601,0.017830253
701,0.025505323
1001,0.009052007
1201,0.23879597
1701,0.011855175
2201,0.08072619
2701,0.9926299
2801,0.020924037
2901,0.15224808
3001,0.051504258
3101,0.05098101
3201,0.009739626
3301,0.17917447
3401,0.44928542
3701,0.80352014
4001,0.0065399874
4101,0.00802671
4201,0.012877314
4401,0.18587166
4701,0.0010497543
4801,0.038937148
4901,0.008222233
5101,0.029260587
5201,0.05051631
5701,0.047696013
5901,0.058781646
6201,0.040905014
6301,0.046007402
6501,0.061594848
6601,0.042372707
6801,0.11935257
6901,0.9966205
7001,0.98303616
7201,0.9343722
7401,0.2656442
7501,0.24903227
7701,0.15694618
7901,0.45620286
8101,0.010041057
8201,0.010923405
8301,0.008674351
8401,0.0688249
8501,0.07255689
8601,0.105683304
8701,0.13462582
8901,0.03324605
9001,0.13648841
9201,0.009787238
9501,0.45898667
9801,0.07587306
9901,0.087576665
10101,0.10999314
10401,0.026496518
10501,0.024049977
10601,0.22496825
10701,0.0063606706
10901,0.038086157
11201,0.0051800143
11301,0.87649095
11701,0.47619665
11901,0.0234421
12101,0.14606543
12401,0.029996984
12701,0.044868425
12901,0.027016217
13001,0.000968997
13401,0.032796092
13501,0.08576712
13601,0.03549496
13701,0.044920526
13901,0.01768521
14301,0.03992388
14401,0.0026446183
15401,0.13926846
15601,0.038983926
15701,0.021458797
15801,0.073051706
15901,0.12550864
16101,0.049775638
16201,0.03447575
16301,0.03318914
16401,0.005208644
16501,0.25821945
16601,0.0062167896
17001,0.038798194
17101,0.013876586
17201,0.004474924
17301,0.01664973
17401,0.039730076
17601,0.0023198612
17701,0.08535445
17901,0.0133995265
18001,0.0042784424
18101,0.9218849
18201,0.99795216
18401,0.97938925
18501,0.038921967
18701,0.95526683
18801,0.18945591
19101,0.22278793
19501,0.032316845
19601,0.9897948
19701,0.07997195
19801,0.5633899
20701,0.069789805
20801,0.005572287
20901,0.027779993
21101,0.06034665
21201,0.057382222
21401,0.008764465
21801,0.03927403
22001,0.084156185
22301,0.026035761
22401,0.038403675
22501,0.041135106
22601,0.038029596
22901,0.44136003
23001,0.99613446
23201,0.1398082
23301,0.044807687
23601,0.018978622
23701,0.01878732
23801,0.95028806
23901,0.007130437
24101,0.010830641
24201,0.009743229
24401,0.98250824
24501,0.97609913
24601,0.98166066
24701,0.015478601
25301,0.7692767
25401,0.14741033
25801,0.032690123
26001,0.0059287953
26101,0.4826714
26201,0.043756917
26301,0.03693912
26401,0.00020977609
26601,0.044382263
26701,0.046658266
26801,0.046128914
26901,0.027138688
27001,0.005883456
27301,0.040156186
27401,0.09842928
27501,0.35348472
27901,0.13910218
28001,0.0070717386
28101,0.062233433
28301,0.03354013
28401,0.043450132
29001,0.047573447
29101,0.03525433
29301,0.045623645
29601,0.14511381
29701,0.04878561
29801,0.028854094
29901,0.03999346
30001,0.03584221
30101,0.10895461
30301,0.04671493
30401,0.033437252
30701,0.005948619
30801,0.099027984
31101,0.0050019245
31201,0.01835618
31601,0.056469876
31701,0.006176287
31801,0.0077139684
31901,0.049577575
32001,0.088957116
32101,0.0036241668
32801,0.011900425
33001,0.009890076
33101,0.0052752234
33501,0.027309429
33701,0.010840753
33801,0.005645154
33901,0.9997163
34001,0.6382425
34201,0.9990484
34301,0.030149335
34401,0.97230965
34501,0.9850558
34601,0.09095883
34801,0.9995438
35001,0.04720421
35201,0.8416487
35301,0.014368757
35501,0.13075493
35601,0.024694065
35701,0.025864711
35901,0.071328744
36001,0.010985569
36101,0.03304409
36601,0.36994666
37201,0.13016683
37401,0.02425832
37501,0.07673324
37601,0.32967025
37701,0.049310986
38101,0.07954248
38201,0.018698042
38301,0.03690019
38401,0.06696345
38601,0.16254088
38801,0.06318116
39101,0.06724843
39201,0.9366458
39301,0.12789734
39401,0.86818904
39601,0.008825691
39701,0.031978153
39901,0.08502992
40001,0.8583441
40201,0.056855615
40501,0.009319241
40601,0.13429454
41801,0.0033324473
42001,0.051465064
42701,0.030538708
42901,0.43591386
43601,0.083562404
44201,0.015171547
44501,0.029973295
44701,0.044612102
44901,0.015389861
45201,0.0014231235
45301,0.009858488
45501,0.010990084
45601,0.026745843
46101,0.19984718
46301,0.049995203
46501,0.012824612
46901,0.045559708
47001,0.81456655
47101,0.0031537747
47201,0.009494459
47301,0.06259267
47601,0.09168941
47701,0.06600133
47801,0.055593044
47901,0.14429756
48201,0.0068271914
48601,0.029139392
48701,0.42963824
49101,0.005480027
49201,0.050262723
49601,0.25213155
49701,0.1371879
49901,0.028996652
50101,0.0056656753
50301,0.99097246
50401,0.2113394
50601,0.9674226
50801,0.96461755
50901,0.896659
51001,0.13544323
51201,0.9989232
51601,0.065878384
51801,0.010175394
52001,0.72388816
52101,0.015591429
52501,0.024946423
52601,0.9754731
52701,3.998479e-07
53201,0.3367394
53301,0.028422603
53401,0.095388554
53601,0.07828398
53901,0.017748578
54101,0.020961767
54201,0.04057183
54301,0.03839433
54401,0.04448007
54601,0.27719587
55001,0.045943968
55201,0.59405136
55401,0.3175102
55501,0.39759517
55601,0.3915788
56201,0.48815987
56501,0.015046633
56701,0.06160126
56801,0.8748127
57001,0.26789108
57101,0.054072786
57201,0.017597005
57301,0.21910259
57501,0.026222544
57901,0.014372583
58001,0.016165925
58201,0.0043999543
58301,0.44966292
58501,0.14315905
58901,0.18594238
59101,0.15010723
59201,0.12078657
59501,0.9921825
59601,0.00985678
59801,0.05054889
59901,0.04070573
60401,0.2334769
60501,0.032034267
60801,0.057045884
61101,0.65869755
61301,0.015405882
61401,0.025414404
61701,0.10903969
62101,0.025222054
62401,0.031349536
62701,0.052599173
62801,0.029994499
63501,0.013753803
63601,0.045084532
63701,0.025333628
63801,0.040367063
63901,0.21245052
64301,0.034126915
64401,0.027077258
2,0.012949108
102,0.011330429
402,0.0003714814
602,0.06691573
702,0.057904925
1002,0.008221567
1202,0.41596207
1702,0.018302867
2202,0.057175383
2702,0.0007733714
2802,0.1492128
2902,0.08166128
3002,0.04883557
3102,0.11949692
3202,0.025229877
3302,0.016863909
3402,0.02845881
3702,0.03505585
4002,0.008938642
4102,0.0022589657
4202,0.01168379
4402,0.047588076
4702,0.002362105
4802,0.080408804
4902,0.025038052
5102,0.0021838204
5202,0.0428533
5702,0.05003123
5902,0.04844563
6202,0.034382053
6302,0.03942244
6502,0.056207187
6602,0.033654597
6802,0.026197191
6902,0.00019169056
7002,0.0011980092
7202,0.0027212014
7402,0.020108083
7502,0.020792656
7702,0.057749305
7902,0.05975206
8102,0.097151436
8202,0.11172269
8302,0.06347579
8402,0.088003166
8502,0.056103725
8602,0.090880856
8702,0.049879164
8902,0.16380772
9002,0.045705877
9202,0.048721705
9502,0.18581578
9802,0.05215756
9902,0.1300079
10102,0.23884967
10402,0.060321644
10502,0.07215599
10602,0.03266721
10702,0.0031100346
10902,0.022904538
11202,0.11432686
11302,0.023495892
11702,0.019426204
11902,0.07112679
12102,0.1493601
12402,0.10950948
12702,0.041328702
12902,0.010585122
13002,0.0017701638
13402,0.060275327
13502,0.05279398
13602,0.055072717
13702,0.055882484
13902,0.016450154
14302,0.05597151
14402,0.009564085
15402,0.008657352
15602,0.03341373
15702,0.042421512
15802,0.2418605
15902,0.052783895
16102,0.06407014
16202,0.07316277
16302,0.031004544
16402,0.008408562
16502,0.004369014
16602,0.36262837
17002,0.06461699
17102,0.009629845
17202,0.0049856133
17302,0.014083477
17402,0.027361566
17602,0.044586066
17702,0.048896
17902,0.017777925
18002,0.0067136195
18102,0.0029197459
18202,0.00022179757
18402,0.0008138745
18502,0.029949134
18702,0.0045681726
18802,0.09092409
19102,0.04542373
19502,0.10689403
19602,0.00082090637
19702,0.06959211
19802,0.034197584
20702,0.07310778
20802,0.083080426
20902,0.13079466
21102,0.046410557
21202,0.049375135
21402,0.0051007112
21802,0.02990322
22002,0.073572
22302,0.005362614
22402,0.034058865
22502,0.025305063
22602,0.050713096
22902,0.0065940176
23002,0.00027679108
23202,0.044858996
23302,0.05388028
23602,0.079323635
23702,0.009266616
23802,0.005625799
23902,0.11746012
24102,0.066633046
24202,0.06871181
24402,0.0007230884
24502,0.0013534906
24602,0.0014542995
24702,0.07994371
25302,0.005932992
25402,0.025385013
25802,0.014056444
26002,0.035857297
26102,0.14663133
26202,0.07230637
26302,0.066746995
26402,6.802247e-05
26602,0.035119724
26702,0.018635038
26802,0.28207654
26902,0.2937021
27002,0.09664882
27302,0.12264341
27402,0.052269775
27502,0.046076547
27902,0.43625307
28002,0.05876498
28102,0.026144685
28302,0.021913335
28402,0.027881147
29002,0.030268982
29102,0.03247236
29302,0.04136548
29602,0.041229993
29702,0.0077189617
29802,0.055713702
29902,0.042304184
30002,0.024990907
30102,0.009360361
30302,0.071239136
30402,0.0604756
30702,0.018021518
30802,0.21635142
31102,0.015446923
31202,0.047472205
31602,0.10892112
31702,0.018942328
31802,0.11976268
31902,0.04166593
32002,0.086453244
32102,0.013806112
32802,0.0742446
33002,0.011245102
33102,0.0061747665
33502,0.08834006
33702,0.014906234
33802,0.006705374
33902,5.399863e-05
34002,0.030918265
34202,4.8368074e-05
34302,0.024510078
34402,0.00087775406
34502,0.0014454265
34602,0.14093992
34802,4.6423294e-05
35002,0.11098642
35202,0.008864548
35302,0.009858426
35502,0.08607538
35602,0.11072971
35702,0.04097525
35902,0.12903512
36002,0.07851881
36102,0.083633244
36602,0.0055458033
37202,0.01756112
37402,0.034830105
37502,0.033065706
37602,0.009444808
37702,0.064525016
38102,0.035358805
38202,0.030005531
38302,0.03021321
38402,0.03973002
38602,0.056692373
38802,0.04602091
39102,0.06574494
39202,0.0011064368
39302,0.022820044
39402,0.0062229843
39602,0.058040816
39702,0.005626919
39902,0.22389628
40002,0.010307371
40202,0.0551628
40502,0.08159574
40602,0.088257566
41802,0.19225584
42002,0.04934153
42702,0.07316241
42902,0.021665566
43602,0.011273822
44202,0.308699
44502,0.36787564
44702,0.09861208
44902,0.004223264
45202,0.00016731009
45302,0.010785004
45502,0.09755942
45602,0.034104183
46102,0.024729382
46302,0.036778122
46502,0.0009262401
46902,0.043869805
47002,0.021824276
47102,0.010081158
47202,0.084627956
47302,0.045213904
47602,0.08251693
47702,0.036859818
47802,0.05474786
47902,0.045283183
48202,0.080044806
48602,0.04687575
48702,0.010216397
49102,0.095154
49202,0.0843772
49602,0.18405452
49702,0.07424184
49902,0.09132297
50102,0.008960428
50302,0.0004836004
50402,0.07241654
50602,0.0016315716
50802,0.002410723
50902,0.0059305513
51002,0.044960193
51202,6.1659186e-05
51602,0.11890264
51802,0.1509311
52002,0.0395243
52102,0.046199083
52502,0.16165331
52602,0.0008146679
52702,1.9254563e-07
53202,0.009000368
53302,0.010234584
53402,0.03795751
53602,0.046736717
53902,0.00059578376
54102,0.065122485
54202,0.034874585
54302,0.03116376
54402,0.06053718
54602,0.009024791
55002,0.043049764
55202,0.008451154
55402,0.025805568
55502,0.1317974
55602,0.040191177
56202,0.03013043
56502,0.0678728
56702,0.075612076
56802,0.032797296
57002,0.04188134
57102,0.091761604
57202,0.114963435
57302,0.22046989
57502,0.035649512
57902,0.07444993
58002,0.08167149
58202,0.08321793
58302,0.03897813
58502,0.042587906
58902,0.026224872
59102,0.0288511
59202,0.2622038
59502,0.00020193572
59602,0.011238067
59802,0.11013539
59902,0.05723905
60402,0.31666246
60502,0.04290853
60802,0.043954592
61102,0.05780529
61302,0.023112934
61402,0.0070483927
61702,0.05197767
62102,0.006412935
62402,0.01406609
62702,0.042635243
62802,0.06771588
63502,0.009464338
63602,0.064854
63702,0.029346114
63802,0.04225309
63902,0.085333675
64302,0.067234024
64402,0.089807145
3,0.0070628803
103,0.0047062524
403,9.332145e-05
603,0.010714468
703,0.02224304
1003,0.0033768953
1203,0.018632732
1703,0.0053079496
2203,0.017780378
2703,0.00030423407
2803,0.0062139262
2903,0.027867503
3003,0.013475686
3103,0.014679814
3203,0.0024926611
3303,0.013838331
3403,0.01596827
3703,0.01069923
4003,0.0010067411
4103,0.036281537
4203,0.007683313
4403,0.038915243
4703,0.00012948198
4803,0.023228005
4903,0.008451729
5103,0.0014070567
5203,0.053379975
5703,0.014530594
5903,0.010007882
6203,0.06575846
6303,0.01865197
6503,0.02481457
6603,0.014976732
6803,0.019447936
6903,4.775156e-05
7003,0.0004973382
7203,0.0020766468
7403,0.014658815
7503,0.0109404
7703,0.02852458
7903,0.012507629
8103,0.006916895
8203,0.012104213
8303,0.018749548
8403,0.039170727
8503,0.019697303
8603,0.039137688
8703,0.018207574
8903,0.016625388
9003,0.023325142
9203,0.0126132835
9503,0.030883284
9803,0.020579943
9903,0.025826396
10103,0.05074135
10403,0.034936182
10503,0.017653218
10603,0.025704747
10703,0.0064410265
10903,0.012287728
11203,0.013568952
11303,0.0026938962
11703,0.01822807
11903,0.012047353
12103,0.020475099
12403,0.010374528
12703,0.03625062
12903,0.0131089995
13003,0.0013042302
13403,0.017363898
13503,0.027626172
13603,0.0703171
13703,0.08388686
13903,0.011551594
14303,0.025558619
14403,0.0020326537
15403,0.0042949715
15603,0.012606958
15703,0.012129626
15803,0.023553869
15903,0.027820848
16103,0.008444497
16203,0.023232337
16303,0.013854788
16403,0.0044539534
16503,0.00021354533
16603,0.012662313
17003,0.013880983
17103,0.0032375392
17203,0.0015733918
17303,0.005432093
17403,0.005775022
17603,0.0020883987
17703,0.030755406
17903,0.004916382
18003,0.0022200332
18103,0.002174531
18203,6.4119144e-05
18403,0.00045012927
18503,0.008440194
18703,0.0023046345
18803,0.03660296
19103,0.015878066
19503,0.016597988
19603,0.00038383558
19703,0.016745511
19803,0.019807696
20703,0.029192733
20803,0.0053898655
20903,0.018032216
21103,0.03645498
21203,0.008678536
21403,0.010485866
21803,0.019128034
22003,0.05856253
22303,0.011129264
22403,0.014672744
22503,0.01878385
22603,0.008512058
22903,0.008079899
23003,9.593197e-05
23203,0.040551797
23303,0.035745613
23603,0.022434404
23703,0.005429737
23803,0.0027697084
23903,0.018307386
24103,0.026636753
24203,0.015405842
24403,0.00030610393
24503,0.00035940864
24603,0.0003658267
24703,0.014893172
25303,0.00081435195
25403,0.010022795
25803,0.0021633846
26003,0.0020589924
26103,0.025181126
26203,0.066256225
26303,0.016738964
26403,0.00015440195
26603,0.016841093
26703,0.012530896
26803,0.013552495
26903,0.020020349
27003,0.014128323
27303,0.020136252
27403,0.0072233654
27503,0.028498951
27903,0.026776636
28003,0.0065520043
28103,0.01334338
28303,0.011797919
28403,0.016452435
29003,0.009154406
29103,0.013791798
29303,0.020018963
29603,0.09635766
29703,0.026278561
29803,0.018047918
29903,0.049559504
30003,0.040618245
30103,0.006237038
30303,0.019078476
30403,0.017491762
30703,0.0029238285
30803,0.060953427
31103,0.0011856911
31203,0.015077573
31603,0.020076659
31703,0.0016414542
31803,0.008897897
31903,0.0195303
32003,0.05274836
32103,0.0059281024
32803,0.008982501
33003,0.0035491975
33103,0.0016771207
33503,0.013208459
33703,0.0039414116
33803,0.0017852187
33903,3.6611154e-06
34003,0.010803781
34203,2.1372167e-05
34303,0.006284946
34403,0.0003857734
34503,0.00043694724
34603,0.023328202
34803,8.934377e-06
35003,0.021391092
35203,0.003961848
35303,0.0029212043
35503,0.02981556
35603,0.02557435
35703,0.009278635
35903,0.0073186695
36003,0.0039539034
36103,0.015235321
36603,0.0043819295
37203,0.011871292
37403,0.014701415
37503,0.023940569
37603,0.012763435
37703,0.014478067
38103,0.014858318
38203,0.05796238
38303,0.030884348
38403,0.018875483
38603,0.041263897
38803,0.035462044
39103,0.01722005
39203,0.00077687064
39303,0.024694663
39403,0.0046016895
39603,0.008037393
39703,0.0010292896
39903,0.02085541
40003,0.0023163569
40203,0.015797557
40503,0.013572885
40603,0.028235529
41803,0.0057441145
42003,0.01970245
42703,0.016228616
42903,0.0119911125
43603,0.0023261462
44203,0.053044807
44503,0.013732828
44703,0.022978999
44903,0.0064032036
45203,0.0002717789
45303,0.005400015
45503,0.007711439
45603,0.025288718
46103,0.01531966
46303,0.0344107
46503,0.00030627492
46903,0.013602174
47003,0.004673867
47103,0.00081497326
47203,0.010914948
47303,0.015761042
47603,0.031514674
47703,0.015348221
47803,0.014823193
47903,0.02723413
48203,0.005056817
48603,0.017052652
48703,0.00017970213
49103,0.0029660522
49203,0.024333041
49603,0.02019605
49703,0.016449645
49903,0.07801281
50103,0.0023946594
50303,0.00017602205
50403,0.02063146
50603,0.0012481735
50803,0.0012756488
50903,0.0021760217
51003,0.018936306
51203,2.7302032e-05
51603,0.07880442
51803,0.015707128
52003,0.024970645
52103,0.013587963
52503,0.010189362
52603,0.00069583266
52703,1.6961137e-07
53203,0.0091218855
53303,0.010973485
53403,0.029091338
53603,0.031756047
53903,0.00084106764
54103,0.01222266
54203,0.03586962
54303,0.011121259
54403,0.038538076
54603,0.0017319737
55003,0.030226586
55203,0.0154491635
55403,0.012221065
55503,0.02032811
55603,0.015551399
56203,0.014617088
56503,0.019472877
56703,0.032465484
56803,0.0063540996
57003,0.020052733
57103,0.024408767
57203,0.023295699
57303,0.07135671
57503,0.00818328
57903,0.012938562
58003,0.019665478
58203,0.005103253
58303,0.011769927
58503,0.019474313
58903,0.013401113
59103,0.056684773
59203,0.011063275
59503,0.00011924643
59603,0.0025739002
59803,0.035146073
59903,0.02217996
60403,0.012045348
60503,0.012387839
60803,0.016274527
61103,0.0077999793
61303,0.0034333807
61403,0.0010817727
61703,0.034373086
62103,0.0019335297
62403,0.011636896
62703,0.02397709
62803,0.021104762
63503,0.0015306872
63603,0.026182378
63703,0.014721863
63803,0.01680226
63903,0.028630413
64303,0.021144092
64403,0.008836297
4,0.00487872
104,0.004843728
404,2.3303925e-05
604,0.1367574
704,0.090893306
1004,0.004165875
1204,0.020140678
1704,0.0044734348
2204,0.011319706
2704,0.00027509933
2804,0.049149398
2904,0.0226881
3004,0.07086466
3104,0.111945495
3204,0.017908439
3304,0.017214973
3404,0.018605268
3704,0.03579382
4004,0.005347606
4104,0.0043290053
4204,0.10323683
4404,0.035131168
4704,0.0013736014
4804,0.08798927
4904,0.21087632
5104,0.0010862077
5204,0.08437611
5704,0.05649487
5904,0.06483704
6204,0.06694971
6304,0.07001539
6504,0.09355659
6604,0.052188706
6804,0.023877736
6904,8.107908e-05
7004,0.001112925
7204,0.0041008354
7404,0.019125072
7504,0.0107664
7704,0.03134117
7904,0.15647872
8104,0.10225197
8204,0.09351086
8304,0.09716615
8404,0.038531426
8504,0.017113231
8604,0.042902987
8704,0.02049806
8904,0.035510257
9004,0.038018264
9204,0.08619019
9504,0.04196614
9804,0.026797557
9904,0.0409589
10104,0.0685651
10404,0.064218365
10504,0.09405065
10604,0.0015848884
10704,0.02831937
10904,0.049755163
11204,0.10382733
11304,0.0040428913
11704,0.05719918
11904,0.12851559
12104,0.016091673
12404,0.097425126
12704,0.06916995
12904,0.023034299
13004,0.031968854
13404,0.09587737
13504,0.060310327
13604,0.046444528
13704,0.057847887
13904,0.07682968
14304,0.070474744
14404,0.017516289
15404,0.026173834
15604,0.045349658
15704,0.072751254
15804,0.03646748
15904,0.0270961
16104,0.15325214
16204,0.10214545
16304,0.027469669
16404,0.0027939165
16504,8.955367e-05
16604,0.08029887
17004,0.11691591
17104,0.0027394781
17204,0.0013456059
17304,0.008841479
17404,0.0052944217
17604,0.07999337
17704,0.029357232
17904,0.0035235987
18004,0.002211665
18104,0.0068221274
18204,7.231979e-05
18404,0.00068404863
18504,0.008841683
18704,0.0070584523
18804,0.03230451
19104,0.04628814
19504,0.038839206
19604,0.0005611854
19704,0.02700302
19804,0.1603398
20704,0.0521112
20804,0.056446306
20904,0.08464008
21104,0.08794511
21204,0.05549077
21404,0.0065922234
21804,0.036097024
22004,0.03799659
22304,0.03535989
22404,0.05273895
22504,0.03648658
22604,0.051842075
22904,0.013852156
23004,0.00010403113
23204,0.04402414
23304,0.09523041
23604,0.10517292
23704,0.16748847
23804,0.0021013096
23904,0.049119588
24104,0.061765645
24204,0.12862316
24404,0.0011280664
24504,0.0020979752
24604,0.00030202314
24704,0.09067989
25304,0.0003524688
25404,0.06887205
25804,0.106236
26004,0.009942637
26104,0.048427638
26204,0.02660816
26304,0.07244382
26404,0.00058566796
26604,0.04972889
26704,0.032311995
26804,0.14069816
26904,0.1208457
27004,0.13286154
27304,0.06750279
27404,0.007413883
27504,0.07131035
27904,0.17622961
28004,0.64063156
28104,0.060704306
28304,0.042644273
28404,0.03689285
29004,0.053329244
29104,0.04588206
29304,0.06800213
29604,0.0094891
29704,0.03732158
29804,0.056306396
29904,0.04556388
30004,0.055285003
30104,0.077774845
30304,0.085450366
30404,0.07459956
30704,0.03398257
30804,0.056350287
31104,0.012337182
31204,0.06624738
31604,0.064335085
31704,0.02956448
31804,0.29575422
31904,0.048825007
32004,0.049458172
32104,0.0021038796
32804,0.12075593
33004,0.0029693244
33104,0.0018938662
33504,0.099472225
33704,0.00416849
33804,0.0019830232
33904,2.7893898e-06
34004,0.0077101723
34204,2.31088e-05
34304,0.0046502776
34404,0.000627714
34504,0.0008120419
34604,0.14780967
34804,6.960297e-06
35004,0.0764409
35204,0.00985444
35304,0.020233253
35504,0.03367231
35604,0.05050454
35704,0.01919888
35904,0.060811304
36004,0.036376953
36104,0.07353867
36604,0.0031377238
37204,0.018677386
37404,0.09503088
37504,0.033751424
37604,0.022714203
37704,0.067015685
38104,0.038068026
38204,0.03411206
38304,0.054286905
38404,0.049027868
38604,0.049734563
38804,0.029080842
39104,0.099222414
39204,0.0007411389
39304,0.16999206
39404,0.015912415
39604,0.17891918
39704,0.00045313648
39904,0.031093176
40004,0.011400398
40204,0.021345759
40504,0.04983573
40604,0.02180823
41804,0.013531241
42004,0.015814198
42704,0.07595652
42904,0.0030858743
43604,0.0075130016
44204,0.17975858
44504,0.24312136
44704,0.105250984
44904,0.011356563
45204,0.0009888964
45304,0.068221316
45504,0.09424992
45604,0.04606434
46104,0.005945067
46304,0.07022401
46504,0.0028877386
46904,0.010482301
47004,0.04368428
47104,0.029824503
47204,0.13363172
47304,0.055153854
47604,0.05524408
47704,0.044604916
47804,0.06357122
47904,0.047640633
48204,0.13119286
48604,0.029204132
48704,5.1775834e-05
49104,0.06314931
49204,0.104547024
49604,0.010083062
49704,0.17197463
49904,0.057684246
50104,0.0023086544
50304,0.00031548075
50404,0.13164316
50604,0.0016935656
50804,0.0016935999
50904,0.0030366434
51004,0.03616812
51204,1.5035426e-05
51604,0.052531466
51804,0.16131122
52004,0.012602584
52104,0.45603535
52504,0.11326773
52604,0.0011061297
52704,2.603112e-06
53204,0.012853379
53304,0.042929366
53404,0.031488474
53604,0.05702846
53904,0.0026318931
54104,0.0783707
54204,0.07351112
54304,0.07068467
54404,0.089226425
54604,0.00033629872
55004,0.045741025
55204,0.029952317
55404,0.1043737
55504,0.0063428306
55604,0.026126074
56204,0.119515345
56504,0.14118452
56704,0.038477313
56804,0.0027701857
57004,0.023065614
57104,0.029387847
57204,0.08920293
57304,0.036059845
57504,0.009814954
57904,0.09349283
58004,0.080093905
58204,0.049319707
58304,0.07261305
58504,0.06268787
58904,0.0141639225
59104,0.07062146
59204,0.0066484455
59504,0.00030844804
59604,0.01565605
59804,0.063216135
59904,0.06322389
60404,0.0036696512
60504,0.0800993
60804,0.062717445
61104,0.021664657
61304,0.019191662
61404,0.023755757
61704,0.03547146
62104,0.009766554
62404,0.029503971
62704,0.05495539
62804,0.06986951
63504,0.041244928
63604,0.06635994
63704,0.02303037
63804,0.040569756
63904,0.032892883
64304,0.12475211
64404,0.09798189
5,0.037435267
105,0.016779043
405,7.460521e-05
605,0.011680364
705,0.024243472
1005,0.016745722
1205,0.0014870291
1705,0.024563838
2205,0.023309242
2705,0.000106234154
2805,0.0025515314
2905,0.013314269
3005,0.020898271
3105,0.013090558
3205,0.0049583316
3305,0.011420534
3405,0.006323785
3705,0.0029587804
4005,0.0026966364
4105,0.067007
4205,0.008529605
4405,0.015932495
4705,0.0003922939
4805,0.017720878
4905,0.008704407
5105,0.001843566
5205,0.051774766
5705,0.02724245
5905,0.01381029
6205,0.07015155
6305,0.029764969
6505,0.026232366
6605,0.030443303
6805,0.017657204
6905,3.492366e-05
7005,0.00034953194
7205,0.0017282466
7405,0.008346452
7505,0.0061274962
7705,0.02404057
7905,0.010350367
8105,0.0071573886
8205,0.008173383
8305,0.010753332
8405,0.026547829
8505,0.025137436
8605,0.019143254
8705,0.019679947
8905,0.007051828
9005,0.014758451
9205,0.00916672
9505,0.0039968295
9805,0.022493089
9905,0.008826328
10105,0.009324964
10405,0.03325134
10505,0.02093714
10605,0.010782122
10705,0.0051850895
10905,0.023740439
11205,0.0056389864
11305,0.0010264651
11705,0.015474116
11905,0.016709594
12105,0.00685604
12405,0.0063421
12705,0.04479666
12905,0.019408409
13005,0.0012685305
13405,0.026172811
13505,0.021717547
13605,0.05502859
13705,0.049298063
13905,0.009751447
14305,0.029255994
14405,0.001888564
15405,0.0052354033
15605,0.025429392
15705,0.011332589
15805,0.007864606
15905,0.020313405
16105,0.005798408
16205,0.023033226
16305,0.015096449
16405,0.031206269
16505,5.0217575e-05
16605,0.0010638442
17005,0.018543107
17105,0.01675333
17205,0.012642028
17305,0.013559934
17405,0.015520324
17605,0.0019191668
17705,0.037247013
17905,0.022592613
18005,0.015788293
18105,0.0015960057
18205,2.6517215e-05
18405,0.00024908228
18505,0.017551897
18705,0.0012353674
18805,0.022948435
19105,0.010279062
19505,0.0076319985
19605,0.0001501838
19705,0.010352124
19805,0.008464039
20705,0.01250289
20805,0.001327841
20905,0.006667452
21105,0.04474003
21205,0.008228483
21405,0.03057336
21805,0.036368884
22005,0.032863732
22305,0.013023776
22405,0.023479858
22505,0.044098545
22605,0.011253333
22905,0.011023938
23005,5.3266933e-05
23205,0.033772416
23305,0.024247963
23605,0.012573711
23705,0.010551134
23805,0.0009044802
23905,0.007283992
24105,0.014507387
24205,0.011086505
24405,0.00032466569
24505,0.00050515606
24605,0.00019257942
24705,0.0114239575
25305,0.00023966563
25405,0.0076644626
25805,0.0015777972
26005,0.00063660764
26105,0.00743895
26205,0.041896697
26305,0.02520512
26405,4.133822e-05
26605,0.029860675
26705,0.019609097
26805,0.0052292766
26905,0.005272688
27005,0.005830702
27305,0.0053161145
27405,0.0036439605
27505,0.012565965
27905,0.0027862513
28005,0.0035534613
28105,0.009075402
28305,0.02603535
28405,0.026656529
29005,0.015709803
29105,0.023969134
29305,0.0343353
29605,0.025269214
29705,0.058328703
29805,0.026923511
29905,0.06633385
30005,0.06551362
30105,0.0076674675
30305,0.020406023
30405,0.022075817
30705,0.0018951016
30805,0.009074618
31105,0.0010791918
31205,0.016699662
31605,0.011655738
31705,0.0007852968
31805,0.0050756945
31905,0.030841202
32005,0.021372309
32105,0.044477172
32805,0.0096272
33005,0.018066537
33105,0.011192569
33505,0.015670123
33705,0.016877161
33805,0.012380555
33905,1.7493452e-06
34005,0.0068310685
34205,9.9216595e-06
34305,0.018618926
34405,0.00047574454
34505,0.0002797644
34605,0.010914455
34805,4.0733084e-06
35005,0.009141787
35205,0.0033887257
35305,0.007141675
35505,0.014173862
35605,0.009018106
35705,0.005839708
35905,0.0040855664
36005,0.0013044741
36105,0.012656594
36605,0.009966774
37205,0.028903708
37405,0.011887677
37505,0.016606854
37605,0.014505716
37705,0.018892037
38105,0.022313379
38205,0.07526815
38305,0.05674499
38405,0.024075411
38605,0.021833118
38805,0.037043028
39105,0.012496213
39205,0.0010645117
39305,0.023270266
39405,0.0031521935
39605,0.010541393
39705,0.009693837
39905,0.006124788
40005,0.003691058
40205,0.020619664
40505,0.009971039
40605,0.018397167
41805,0.00068412564
42005,0.045104478
42705,0.011217792
42905,0.0036474972
43605,0.0024584495
44205,0.008241047
44505,0.0035317054
44705,0.02164214
44905,0.021889867
45205,0.00026694548
45305,0.004947218
45505,0.0063801105
45605,0.041421294
46105,0.0079824645
46305,0.04256625
46505,0.00043934747
46905,0.028648533
47005,0.0032965743
47105,0.0005694525
47205,0.009474642
47305,0.019374445
47605,0.018210303
47705,0.032586038
47805,0.026371913
47905,0.017236063
48205,0.0042257896
48605,0.018174192
48705,3.0143687e-05
49105,0.0031041745
49205,0.017517075
49605,0.0036351564
49705,0.012806591
49905,0.02589659
50105,0.017463725
50305,0.00011571595
50405,0.009358504
50605,0.00060462987
50805,0.0007485944
50905,0.0026056913
51005,0.013357241
51205,1.5035412e-05
51605,0.03285931
51805,0.006351257
52005,0.004835134
52105,0.009510637
52505,0.0069342353
52605,0.0005343859
52705,5.842659e-08
53205,0.00684659
53305,0.006247693
53405,0.02029493
53605,0.027290536
53905,0.00067097816
54105,0.017644376
54205,0.039130718
54305,0.010729383
54405,0.03488144
54605,0.0038271365
55005,0.042092178
55205,0.011761227
55405,0.00715803
55505,0.0067640822
55605,0.0075097345
56205,0.011872909
56505,0.0141444355
56705,0.021092225
56805,0.001515375
57005,0.01949094
57105,0.013681211
57205,0.011991278
57305,0.012096167
57505,0.023398
57905,0.009102765
58005,0.0065644337
58205,0.0015604855
58305,0.011187707
58505,0.018591257
58905,0.006221615
59105,0.026242169
59205,0.002272669
59505,0.00016572693
59605,0.0016972884
59805,0.009821991
59905,0.012639587
60405,0.0013693555
60505,0.003822248
60805,0.028410414
61105,0.003156325
61305,0.005482154
61405,0.001221754
61705,0.026474733
62105,0.001167321
62405,0.03411171
62705,0.032144707
62805,0.020070136
63505,0.0016678862
63605,0.017981991
63705,0.03324142
63805,0.027191034
63905,0.013370525
64305,0.021497708
64405,0.010001832
6,0.00837096
106,0.0067350655
406,0.00085084204
606,0.09175532
706,0.0994739
1006,0.0056652203
1206,0.0069501544
1706,0.0074056596
2206,0.033021756
2706,0.0005477921
2806,0.016085774
2906,0.05031206
3006,0.0819526
3106,0.036892783
3206,0.021054834
3306,0.0418007
3406,0.024373494
3706,0.005139023
4006,0.031320095
4106,0.010566964
4206,0.5337029
4406,0.048308443
4706,0.0020029533
4806,0.07476324
4906,0.39624208
5106,0.00328427
5206,0.17900015
5706,0.1093938
5906,0.07959333
6206,0.122518
6306,0.08376745
6506,0.12852585
6606,0.087375335
6806,0.1177545
6906,0.00011443124
7006,0.0016109134
7206,0.01573916
7406,0.25536844
7506,0.12971613
7706,0.047413666
7906,0.024442304
8106,0.02171442
8206,0.020751905
8306,0.02092151
8406,0.056026064
8506,0.044750333
8606,0.046594873
8706,0.042072505
8906,0.023593627
9006,0.035932958
9206,0.01489644
9506,0.022614313
9806,0.04927354
9906,0.043161124
10106,0.07277015
10406,0.07466306
10506,0.07999437
10606,0.1002951
10706,0.85766304
10906,0.08576634
11206,0.011427315
11306,0.0037894137
11706,0.10821634
11906,0.07093518
12106,0.018195271
12406,0.05226336
12706,0.13227335
12906,0.03393494
13006,0.89181274
13406,0.0927923
13506,0.06389644
13606,0.06693598
13706,0.07938708
13906,0.64475846
14306,0.09813854
14406,0.01061535
15406,0.10656373
15606,0.059880394
15706,0.07493053
15806,0.024574164
15906,0.03900633
16106,0.017776331
16206,0.08362226
16306,0.03731319
16406,0.0038252117
16506,0.00019303439
16606,0.0073266337
17006,0.07650762
17106,0.0034753075
17206,0.0012566715
17306,0.0115412325
17406,0.010499439
17606,0.012567754
17706,0.051101044
17906,0.0063956967
18006,0.0024042453
18106,0.0056077642
18206,0.00019087609
18406,0.0018506119
18506,0.01632446
18706,0.0028712635
18806,0.04784589
19106,0.04222123
19506,0.026889408
19606,0.00073659857
19706,0.025159681
19806,0.021028696
20706,0.06681687
20806,0.16960701
20906,0.064603046
21106,0.094467245
21206,0.04719246
21406,0.009046069
21806,0.0668538
22006,0.07559393
22306,0.6987641
22406,0.08425848
22506,0.056477014
22606,0.13589957
22906,0.24743848
23006,0.00018831927
23206,0.12674159
23306,0.14889085
23606,0.037626963
23706,0.14911158
23806,0.0045081656
23906,0.016695675
24106,0.025868256
24206,0.030713387
24406,0.0012185981
24506,0.0011328224
24606,0.0004317157
24706,0.025984894
25306,0.0043715504
25406,0.3203148
25806,0.0122639155
26006,0.006722029
26106,0.024760202
26206,0.050286125
26306,0.080600016
26406,0.9818543
26606,0.07808522
26706,0.08085576
26806,0.022193966
26906,0.024864478
27006,0.01875627
27306,0.02681268
27406,0.013612305
27506,0.07185363
27906,0.014117557
28006,0.014979097
28106,0.15877508
28306,0.06302815
28406,0.05296935
29006,0.08359506
29106,0.050628148
29306,0.09979034
29606,0.23123863
29706,0.071487494
29806,0.07730164
29906,0.09721605
30006,0.08029052
30106,0.07550431
30306,0.083108656
30406,0.1014359
30706,0.059609678
30806,0.037142277
31106,0.06121836
31206,0.04980539
31606,0.024623916
31706,0.008449771
31806,0.025568794
31906,0.06620374
32006,0.06599544
32106,0.003331643
32806,0.044102643
33006,0.0043209554
33106,0.0021200387
33506,0.06526102
33706,0.0057345964
33806,0.0019655563
33906,6.345187e-06
34006,0.02547373
34206,7.230849e-05
34306,0.008843416
34406,0.0020586357
34506,0.0013612346
34606,0.030721216
34806,2.0577356e-05
35006,0.069351204
35206,0.00929821
35306,0.025766885
35506,0.03688393
35606,0.0237003
35706,0.018024055
35906,0.01649356
36006,0.016903605
36106,0.046244707
36606,0.03527354
37206,0.029431943
37406,0.3810347
37506,0.2077068
37606,0.033907484
37706,0.059369806
38106,0.07803416
38206,0.059933424
38306,0.10971346
38406,0.118301265
38606,0.054454006
38806,0.0544983
39106,0.028985612
39206,0.0034739152
39306,0.17073634
39406,0.013341266
39606,0.045408223
39706,0.0014891378
39906,0.02361324
40006,0.005912379
40206,0.040493518
40506,0.020582056
40606,0.050092336
41806,0.008233053
42006,0.033912875
42706,0.09277526
42906,0.0959451
43606,0.25829673
44206,0.03880055
44506,0.020519756
44706,0.08767813
44906,0.010667587
45206,0.97714615
45306,0.6704456
45506,0.048089724
45606,0.068406135
46106,0.053148948
46306,0.081750944
46506,0.0695401
46906,0.024326995
47006,0.0046834224
47106,0.005581409
47206,0.03387834
47306,0.070817836
47606,0.0883915
47706,0.070341654
47806,0.07940775
47906,0.0325076
48206,0.019889237
48606,0.03976317
48706,9.098535e-05
49106,0.01911953
49206,0.08182628
49606,0.00993811
49706,0.08139689
49906,0.0438519
50106,0.002760145
50306,0.0007875223
50406,0.021826409
50606,0.005035448
50806,0.0025441225
50906,0.006849668
51006,0.039479334
51206,5.068914e-05
51606,0.060430203
51806,0.013739056
52006,0.020261843
52106,0.078245655
52506,0.032192897
52606,0.004008741
52706,3.5620914e-07
53206,0.27739173
53306,0.6998406
53406,0.14649585
53606,0.09031913
53906,0.003969699
54106,0.08024505
54206,0.09822293
54306,0.1831988
54406,0.0859838
54606,0.012105233
55006,0.062784515
55206,0.053962693
55406,0.019317199
55506,0.013560566
55606,0.08288154
56206,0.04685386
56506,0.045903165
56706,0.05143781
56806,0.0054716715
57006,0.0477508
57106,0.036566306
57206,0.027108222
57306,0.033064336
57506,0.020459205
57906,0.054841362
58006,0.019410491
58206,0.007325974
58306,0.061003488
58506,0.03990722
58906,0.20165859
59106,0.11509653
59206,0.005292589
59506,0.000414028
59606,0.37092558
59806,0.060856745
59906,0.051052675
60406,0.005482737
60506,0.4603991
60806,0.1243515
61106,0.045387346
61306,0.04362259
61406,0.0070645865
61706,0.06414675
62106,0.04651771
62406,0.048489936
62706,0.07845764
62806,0.07230491
63506,0.0087892935
63606,0.08598903
63706,0.04309502
63806,0.06693397
63906,0.050307706
64306,0.08325918
64406,0.05619103
7,0.08762294
107,0.032391824
407,0.00017523173
607,0.075318255
707,0.086055964
1007,0.039545916
1207,0.010976504
1707,0.090448
2207,0.13090084
2707,0.0012793656
2807,0.028484656
2907,0.055640638
3007,0.10646841
3107,0.17817003
3207,0.033293758
3307,0.03912792
3407,0.03382169
3707,0.005411245
4007,0.053402264
4107,0.012108745
4207,0.0908676
4407,0.039572634
4707,0.014385215
4807,0.0991114
4907,0.041846994
5107,0.001530522
5207,0.05683776
5707,0.10122772
5907,0.17405576
6207,0.041705884
6307,0.076157205
6507,0.09505138
6607,0.068694144
6807,0.040125623
6907,0.00016586366
7007,0.0010237313
7207,0.007236023
7407,0.042186815
7507,0.04940312
7707,0.10342078
7907,0.030658014
8107,0.11327783
8207,0.18863617
8307,0.14519319
8407,0.048942145
8507,0.115107924
8607,0.07971687
8707,0.06407116
8907,0.05524209
9007,0.16783038
9207,0.10883964
9507,0.028960647
9807,0.06832413
9907,0.047100198
10107,0.042365145
10407,0.07099009
10507,0.14939594
10607,0.13722841
10707,0.0144203175
10907,0.052151
11207,0.04993398
11307,0.019546434
11707,0.047500025
11907,0.19695206
12107,0.055878952
12407,0.15818185
12707,0.042646345
12907,0.05737206
13007,0.01620472
13407,0.103213824
13507,0.060252212
13607,0.03374435
13707,0.038297083
13907,0.037784413
14307,0.056542244
14407,0.006022537
15407,0.010674703
15607,0.07148543
15707,0.20518525
15807,0.09995709
15907,0.078907266
16107,0.01584366
16207,0.11495156
16307,0.035745583
16407,0.064557284
16507,0.00028524606
16607,0.008812615
17007,0.15566073
17107,0.048420396
17207,0.033793867
17307,0.039181594
17407,0.041351784
17607,0.024279017
17707,0.112561174
17907,0.09514709
18007,0.0452282
18107,0.02199252
18207,0.00018505566
18407,0.0036741828
18507,0.068098456
18707,0.0050325245
18807,0.05477824
19107,0.023204464
19507,0.05276405
19607,0.00078025897
19707,0.04452956
19807,0.037694752
20707,0.076318316
20807,0.025832452
20907,0.037278164
21107,0.047691055
21207,0.35473973
21407,0.007141774
21807,0.04693816
22007,0.04784628
22307,0.055586316
22407,0.049826037
22507,0.04208994
22607,0.09934967
22907,0.12333168
23007,0.0001292993
23207,0.042829048
23307,0.058443226
23607,0.13319898
23707,0.32040584
23807,0.002313688
23907,0.07325263
24107,0.12674274
24207,0.26432124
24407,0.0006536404
24507,0.0007300915
24607,0.00015085144
24707,0.10870369
25307,0.0013112945
25407,0.08490098
25807,0.0043192143
26007,0.0013799818
26107,0.030390246
26207,0.055845797
26307,0.09924155
26407,0.0011570533
26607,0.05483696
26707,0.04733363
26807,0.25603768
26907,0.037660107
27007,0.082160935
27307,0.03932697
27407,0.011051723
27507,0.025496935
27907,0.013053076
28007,0.063627444
28107,0.061539963
28307,0.050203577
28407,0.03671509
29007,0.04465418
29107,0.050062846
29307,0.062257156
29607,0.09250776
29707,0.01750145
29807,0.064692296
29907,0.050286453
30007,0.037087493
30107,0.032043617
30307,0.09834461
30407,0.075867
30707,0.025583215
30807,0.032176197
31107,0.107255355
31207,0.20203245
31607,0.12691303
31707,0.0018423815
31807,0.1255329
31907,0.053259224
32007,0.070897736
32107,0.10580584
32807,0.13325092
33007,0.054332223
33107,0.026491357
33507,0.10004057
33707,0.06565171
33807,0.034566924
33907,4.3552727e-06
34007,0.023563674
34207,0.00011583616
34307,0.067710966
34407,0.0016572012
34507,0.00075277645
34607,0.084872484
34807,1.8515955e-05
35007,0.04702442
35207,0.008371913
35307,0.031351388
35507,0.05196223
35607,0.054289885
35707,0.021926155
35907,0.032604583
36007,0.008066197
36107,0.19513121
36607,0.003467028
37207,0.03201968
37407,0.06239958
37507,0.083573826
37607,0.026920434
37707,0.11976823
38107,0.07586946
38207,0.029228667
38307,0.050408036
38407,0.06028935
38607,0.06231738
38807,0.042108905
39107,0.20315847
39207,0.010776615
39307,0.14518487
39407,0.027854187
39607,0.21242782
39707,0.0092936475
39907,0.057165768
40007,0.008546724
40207,0.083778985
40507,0.12430263
40607,0.07751172
41807,0.002646773
42007,0.10149262
42707,0.06817763
42907,0.0435523
43607,0.042767234
44207,0.046685528
44507,0.060766414
44707,0.0602098
44907,0.01011582
45207,0.0021430657
45307,0.029669207
45507,0.080531895
45607,0.04906405
46107,0.017333178
46307,0.039299548
46507,0.014458184
46907,0.12856528
47007,0.014576703
47107,0.0014949495
47207,0.17753276
47307,0.06309391
47607,0.07314932
47707,0.08144614
47807,0.1239762
47907,0.12553239
48207,0.06608872
48607,0.06520802
48707,0.0001731184
49107,0.09975075
49207,0.07363027
49607,0.024628969
49707,0.05746902
49907,0.036562838
50107,0.06279412
50307,0.0010739776
50407,0.25251234
50607,0.0068286764
50807,0.008625181
50907,0.0046812687
51007,0.056901745
51207,3.0299841e-05
51607,0.11375477
51807,0.09124808
52007,0.016639978
52107,0.058723364
52507,0.30461466
52607,0.0012322288
52707,1.5347945e-07
53207,0.076861404
53307,0.022210589
53407,0.039346073
53607,0.07132699
53907,0.00049576163
54107,0.1536734
54207,0.040375594
54307,0.17331347
54407,0.06979978
54607,0.05149269
55007,0.042003058
55207,0.059974704
55407,0.29350978
55507,0.032639228
55607,0.024101749
56207,0.08474713
56507,0.14535101
56707,0.08055329
56807,0.007468589
57007,0.066137895
57107,0.06364439
57207,0.16660209
57307,0.04945325
57507,0.07767983
57907,0.07405699
58007,0.041078784
58207,0.007480632
58307,0.02723576
58507,0.24598083
58907,0.05258951
59107,0.04665897
59207,0.041242465
59507,0.00075768406
59607,0.063325725
59807,0.0301406
59907,0.046189833
60407,0.0036087055
60507,0.0354733
60807,0.09827215
61107,0.021356633
61307,0.03138506
61407,0.0045737266
61707,0.060483713
62107,0.005609728
62407,0.03575555
62707,0.048843525
62807,0.12061908
63507,0.002339728
63607,0.05044269
63707,0.04720654
63807,0.07558952
63907,0.053804036
64307,0.1579774
64407,0.18362032
8,0.045340374
108,0.029026402
408,0.00026813254
608,0.021921715
708,0.028665878
1008,0.015908184
1208,0.04573697
1708,0.04663314
2208,0.0627247
2708,0.00027468934
2808,0.13110128
2908,0.050199438
3008,0.027471844
3108,0.036901705
3208,0.028840996
3308,0.027449721
3408,0.00924403
3708,0.005430186
4008,0.008506648
4108,0.014180849
4208,0.005470042
4408,0.04273934
4708,0.0026311446
4808,0.030739857
4908,0.008304643
5108,0.0014224368
5208,0.041228656
5708,0.038007308
5908,0.028300727
6208,0.06821329
6308,0.039759986
6508,0.04129198
6608,0.037826307
6808,0.08080955
6908,0.00017133531
7008,0.00056657015
7208,0.000998875
7408,0.011829402
7508,0.0067353756
7708,0.08136439
7908,0.06443042
8108,0.022392163
8208,0.015596737
8308,0.014143045
8408,0.05440174
8508,0.08300972
8608,0.054499973
8708,0.07161731
8908,0.11815408
9008,0.020948788
9208,0.020942118
9508,0.016543383
9808,0.06665123
9908,0.051652692
10108,0.06258822
10408,0.033633303
10508,0.031696722
10608,0.016842326
10708,0.0042376127
10908,0.0327104
11208,0.020986123
11308,0.04042895
11708,0.013248111
11908,0.022571413
12108,0.034237433
12408,0.024695717
12708,0.037085798
12908,0.009631294
13008,0.0010252438
13408,0.036407605
13508,0.04012363
13608,0.05234513
13708,0.056216616
13908,0.0069388896
14308,0.040951177
14408,0.39002824
15408,0.037356235
15608,0.0327662
15708,0.010696399
15808,0.060451284
15908,0.06312996
16108,0.02856965
16208,0.032496292
16308,0.050292738
16408,0.031563506
16508,0.0005185246
16608,0.0143587245
17008,0.028081274
17108,0.023110062
17208,0.014078925
17308,0.018367352
17408,0.03395687
17608,0.015776146
17708,0.053332973
17908,0.050557997
18008,0.018641453
18108,0.0010519739
18208,0.00011175553
18408,0.00035970644
18508,0.039673228
18708,0.0022849983
18808,0.06724964
19108,0.017549425
19508,0.034168366
19608,0.00029569742
19708,0.032904223
19808,0.007374874
20708,0.028225679
20808,0.007012572
20908,0.029932529
21108,0.035257373
21208,0.008227043
21408,0.01783643
21808,0.03720006
22008,0.04343332
22308,0.0055513405
22408,0.04225754
22508,0.03745501
22608,0.030574024
22908,0.0040634773
23008,0.00010702628
23208,0.036588233
23308,0.03260881
23608,0.023030302
23708,0.0038441585
23808,0.0027423212
23908,0.019343887
24108,0.016122
24208,0.010028545
24408,0.0006577776
24508,0.0013239868
24608,0.0004574483
24708,0.034344707
25308,0.0021365576
25408,0.020413008
25808,0.055375334
26008,0.06727063
26108,0.03617299
26208,0.034860663
26308,0.04327029
26408,0.000125907
26608,0.042876095
26708,0.023485495
26808,0.037037656
26908,0.046539627
27008,0.014766877
27308,0.043649256
27408,0.22385775
27508,0.0065033208
27908,0.03675536
28008,0.004643606
28108,0.036852024
28308,0.03159022
28408,0.03463659
29008,0.05159931
29108,0.0376016
29308,0.040984757
29608,0.025878463
29708,0.028581614
29808,0.027174152
29908,0.05513724
30008,0.03950979
30108,0.1093709
30308,0.037157044
30408,0.03550662
30708,0.060371816
30808,0.039498873
31108,0.016715065
31208,0.017115144
31608,0.10318766
31708,0.14741726
31808,0.011901242
31908,0.044142943
32008,0.03591131
32108,0.044852138
32808,0.022675881
33008,0.02668685
33108,0.012992271
33508,0.03609737
33708,0.030119006
33808,0.015777495
33908,3.069314e-05
34008,0.014678852
34208,1.6362186e-05
34308,0.03898787
34408,0.0006482725
34508,0.0010033927
34608,0.055585433
34808,1.6165575e-05
35008,0.026809938
35208,0.005191994
35308,0.011444164
35508,0.04288581
35608,0.030321604
35708,0.019494561
35908,0.061276622
36008,0.18792653
36108,0.020142227
36608,0.008068921
37208,0.02238981
37408,0.011130975
37508,0.014106829
37608,0.008151929
37708,0.045086443
38108,0.032145303
38208,0.044724166
38308,0.045335423
38408,0.02652165
38608,0.045099918
38808,0.023187192
39108,0.03315153
39208,0.0006126879
39308,0.009299946
39408,0.0032968894
39608,0.011526091
39708,0.0077637043
39908,0.09570799
40008,0.030255554
40208,0.059915267
40508,0.024844699
40608,0.06773435
41808,0.07974895
42008,0.072836734
42708,0.027500631
42908,0.008888619
43608,0.042515967
44208,0.014883488
44508,0.009206008
44708,0.034075636
44908,0.013488767
45208,0.00023693359
45308,0.0051358244
45508,0.025298862
45608,0.043120198
46108,0.028850982
46308,0.04780144
46508,0.0052991654
46908,0.06688855
47008,0.011377651
47108,0.19270884
47208,0.016596613
47308,0.022219298
47608,0.055713084
47708,0.043724135
47808,0.040842112
47908,0.038170796
48208,0.025953582
48608,0.053002443
48708,0.0011670229
49108,0.03220255
49208,0.047967475
49608,0.11586125
49708,0.010614166
49908,0.034402225
50108,0.02684122
50308,0.00034501526
50408,0.010340896
50608,0.0006643227
50808,0.0015046628
50908,0.0036862157
51008,0.034140117
51208,1.5657753e-05
51608,0.03392505
51808,0.012088559
52008,0.008645759
52108,0.007014104
52508,0.024490222
52608,0.000673207
52708,1.145418e-06
53208,0.0055484315
53308,0.010396062
53408,0.1007096
53608,0.029077344
53908,0.0005344726
54108,0.033744384
54208,0.04259497
54308,0.012059803
54408,0.037890628
54608,0.0071417796
55008,0.04712509
55208,0.009022938
55408,0.0060874503
55508,0.06189834
55608,0.018944653
56208,0.017080326
56508,0.015357067
56708,0.053818703
56808,0.031231936
57008,0.05491261
57108,0.056997027
57208,0.025034908
57308,0.060792465
57508,0.046432167
57908,0.031644553
58008,0.028992424
58208,0.09907288
58308,0.076999344
58508,0.037427563
58908,0.00812394
59108,0.06293103
59208,0.48459938
59508,0.00024128261
59608,0.0069889366
59808,0.06591636
59908,0.033719372
60408,0.23502322
60508,0.0067739915
60808,0.03798975
61108,0.041632652
61308,0.062140234
61408,0.110687
61708,0.028769998
62108,0.08117449
62408,0.029118735
62708,0.04742993
62808,0.027843174
63508,0.18834138
63608,0.058127765
63708,0.032365326
63808,0.032583542
63908,0.05817212
64308,0.022933217
64408,0.02306776
9,0.046343558
109,0.03234907
409,4.1392115e-05
609,0.035411857
709,0.029043155
1009,0.038719147
1209,0.006460555
1709,0.07612095
2209,0.07862976
2709,0.00013337386
2809,0.016753132
2909,0.13238195
3009,0.09485341
3109,0.01451555
3209,0.010112138
3309,0.08661161
3409,0.02098317
3709,0.0036585832
4009,0.009416553
4109,0.30700853
4209,0.006846375
4409,0.17757669
4709,0.004561101
4809,0.038229488
4909,0.06602028
5109,0.003706427
5209,0.09646021
5709,0.07385426
5909,0.065071344
6209,0.085901864
6309,0.07167303
6509,0.11772041
6609,0.09417791
6809,0.10469861
6909,1.923763e-05
7009,0.0004928788
7209,0.0025464655
7409,0.030862961
7509,0.03234516
7709,0.035809517
7909,0.0057067056
8109,0.014364624
8209,0.015219203
8309,0.008507616
8409,0.083334975
8509,0.051185895
8609,0.04192487
8709,0.037238963
8909,0.034525253
9009,0.015416506
9209,0.0087703
9509,0.018874569
9809,0.09647042
9909,0.061050765
10109,0.025982441
10409,0.032586955
10509,0.025898693
10609,0.0062476415
10709,0.016831398
10909,0.23128137
11209,0.007014476
11309,0.0011144596
11709,0.03303472
11909,0.022151766
12109,0.02938483
12409,0.032533187
12709,0.1815063
12909,0.23318653
13009,0.0044666287
13409,0.035512693
13509,0.07056912
13609,0.067897245
13709,0.048447706
13909,0.025657203
14309,0.07078654
14409,0.0043307655
15409,0.008933346
15609,0.1011047
15709,0.017892156
15809,0.04541974
15909,0.04103992
16109,0.006825945
16209,0.06024499
16309,0.033977415
16409,0.04261805
16509,0.00016423741
16609,0.0069989245
17009,0.036359176
17109,0.048287593
17209,0.05005186
17309,0.030354278
17409,0.04639772
17609,0.0048566777
17709,0.06780701
17909,0.08039535
18009,0.051989466
18109,0.0011224794
18209,5.110445e-05
18409,0.000526144
18509,0.053327926
18709,0.00046634302
18809,0.052418247
19109,0.026647827
19509,0.042165976
19609,0.00038478593
19709,0.03152905
19809,0.0066480516
20709,0.049898125
20809,0.022209853
20909,0.07298484
21109,0.09520707
21209,0.018671745
21409,0.42492777
21809,0.090561815
22009,0.05615147
22309,0.038068675
22409,0.17279124
22509,0.14425091
22609,0.068706356
22909,0.015671663
23009,0.00014244927
23209,0.036488056
23309,0.037707448
23609,0.018492056
23709,0.010759324
23809,0.0059937146
23909,0.013865595
24109,0.01280417
24209,0.0088963155
24409,0.00069567387
24509,0.00023552553
24609,0.0006360087
24709,0.016386459
25309,0.00069625856
25409,0.02340036
25809,0.002860881
26009,0.0018122712
26109,0.030710436
26209,0.044370834
26309,0.030947825
26409,0.00027752176
26609,0.12080589
26709,0.21667367
26809,0.00976177
26909,0.0125093125
27009,0.009288109
27309,0.027327029
27409,0.01041599
27509,0.21073438
27909,0.0023510475
28009,0.0048106466
28109,0.063827395
28309,0.18059634
28409,0.32952628
29009,0.043369956
29109,0.18381494
29309,0.061322905
29609,0.012630259
29709,0.4435549
29809,0.13147269
29909,0.07521443
30009,0.16931337
30109,0.0063238987
30309,0.042418737
30409,0.04974179
30709,0.0074550975
30809,0.052370965
31109,0.0063368157
31209,0.016720291
31609,0.027998352
31709,0.009172468
31809,0.014406238
31909,0.10023908
32009,0.05445112
32109,0.050586294
32809,0.031863153
33009,0.06129315
33109,0.03947323
33509,0.026354613
33709,0.06315412
33809,0.049823057
33909,9.4558555e-07
34009,0.03317924
34209,2.4058863e-05
34309,0.07600885
34409,0.000658498
34509,0.00040806964
34609,0.008445406
34809,9.4849165e-06
35009,0.01965329
35209,0.0065571265
35309,0.0598365
35509,0.06907413
35609,0.03185988
35709,0.024546085
35909,0.016598107
36009,0.016978296
36109,0.015583815
36609,0.007714905
37209,0.06905287
37409,0.047009412
37509,0.049229853
37609,0.29716593
37709,0.100985855
38109,0.16057113
38209,0.073963344
38309,0.108115874
38409,0.23134144
38609,0.10690245
38809,0.21683592
39109,0.014148241
39209,0.00081915426
39309,0.0992744
39409,0.0033058624
39609,0.014817736
39709,0.040754903
39909,0.028879393
40009,0.0018965505
40209,0.058145765
40509,0.010923123
40609,0.08746316
41809,0.0027083394
42009,0.10565768
42709,0.025623925
42909,0.011204967
43609,0.0027374586
44209,0.015802843
44509,0.009972345
44709,0.07179667
44909,0.5612659
45209,0.00023753087
45309,0.022157518
45509,0.016393842
45609,0.07553777
46109,0.016380936
46309,0.13240243
46509,0.0006149831
46909,0.068190806
47009,0.0014136448
47109,0.0008739585
47209,0.013893563
47309,0.16157478
47609,0.094460614
47709,0.10510834
47809,0.070578836
47909,0.03775782
48209,0.015094887
48609,0.03367649
48709,9.2826696e-05
49109,0.017780205
49209,0.044697493
49609,0.02286308
49709,0.011591037
49909,0.027461125
50109,0.08285603
50309,0.00017891389
50409,0.0072677336
50609,0.000963849
50809,0.00038566728
50909,0.0014062603
51009,0.020153258
51209,4.5043373e-05
51609,0.046875853
51809,0.009626509
52009,0.023992747
52109,0.020689601
52509,0.009389709
52609,0.0010366194
52709,0.9949924
53209,0.01999544
53309,0.017621843
53409,0.028217543
53609,0.05367592
53909,0.8273272
54109,0.024741212
54209,0.24036765
54309,0.04397696
54409,0.08959645
54609,0.0044247075
55009,0.10837515
55209,0.075626455
55409,0.006275217
55509,0.011964687
55609,0.013288865
56209,0.011467554
56509,0.017777426
56709,0.044939924
56809,0.0026704946
57009,0.087152876
57109,0.03111061
57209,0.020283904
57309,0.052371185
57509,0.0702004
57909,0.027838377
58009,0.015702493
58209,0.0046838815
58309,0.015558017
58509,0.038366545
58909,0.02909608
59109,0.13710837
59209,0.0026462127
59509,9.795763e-05
59609,0.021205919
59809,0.093477026
59909,0.14593504
60409,0.00077911135
60509,0.0060831564
60809,0.05929565
61109,0.0060097445
61309,0.013287934
61409,0.0022601008
61709,0.07324608
62109,0.0052091368
62409,0.23266198
62709,0.11202658
62809,0.032131564
63509,0.0034115333
63609,0.048650105
63709,0.06640975
63809,0.052478638
63909,0.07551671
64309,0.02229953
64409,0.027552346
10,0.030109301
110,0.025415411
410,0.06835438
610,0.21757582
710,0.13990873
1010,0.026947686
1210,0.05915137
1710,0.036141522
2210,0.096253246
2710,0.00046800726
2810,0.33266884
2910,0.13115583
3010,0.12592241
3110,0.069822475
3210,0.19742353
3310,0.12835205
3410,0.1946614
3710,0.005731827
4010,0.14379552
4110,0.0035962681
4210,0.12438179
4410,0.09038277
4710,0.03191562
4810,0.17953894
4910,0.13367255
5110,0.005745751
5210,0.053641032
5710,0.13940813
5910,0.22763859
6210,0.06112041
6310,0.069420695
6510,0.109513596
6610,0.09560108
6810,0.13535266
6910,5.251725e-05
7010,0.0010544602
7210,0.0046670847
7410,0.13903135
7510,0.33029336
7710,0.06697475
7910,0.023797523
8110,0.30940348
8210,0.21393578
8310,0.1600781
8410,0.12879397
8510,0.08935508
8610,0.103092544
8710,0.07387719
8910,0.21053743
9010,0.1779071
9210,0.24080946
9510,0.062312163
9810,0.10688547
9910,0.13108967
10110,0.10811264
10410,0.15659529
10510,0.12756766
10610,0.22169667
10710,0.022827208
10910,0.107944585
11210,0.30178183
11310,0.003069949
11710,0.019403785
11910,0.15498036
12110,0.23261036
12410,0.32369366
12710,0.062939726
12910,0.42095414
13010,0.03744061
13410,0.11452317
13510,0.09800729
13610,0.1271213
13710,0.13336919
13910,0.07884158
14310,0.12570582
14410,0.34552786
15410,0.4040513
15610,0.08610392
15710,0.41456705
15810,0.19628757
15910,0.11982219
16110,0.12104847
16210,0.111170225
16310,0.05720076
16410,0.019342508
16510,0.0071129086
16610,0.22929251
17010,0.09849416
17110,0.020512404
17210,0.009879491
17310,0.04557471
17410,0.06095132
17610,0.38741922
17710,0.10557653
17910,0.026073271
18010,0.013288616
18110,0.006029073
18210,0.00014010948
18410,0.005751257
18510,0.044011254
18710,0.0006527055
18810,0.053299036
19110,0.10836987
19510,0.17142424
19610,0.0013726817
19710,0.08983992
19810,0.011408683
20710,0.30029207
20810,0.5615164
20910,0.32985356
21110,0.048243925
21210,0.26084906
21410,0.06597155
21810,0.080894805
22010,0.16243403
22310,0.043668915
22410,0.15859134
22510,0.04904216
22610,0.2773462
22910,0.03460914
23010,0.00015968662
23210,0.08011224
23310,0.12538268
23610,0.14883348
23710,0.13389096
23810,0.0019771403
23910,0.44090772
24110,0.34237564
24210,0.13030764
24410,0.0012949315
24510,0.00077693
24610,9.01289e-05
24710,0.29199
25310,0.02478508
25410,0.1700964
25810,0.23154296
26010,0.13920194
26110,0.035405744
26210,0.2833437
26310,0.18354769
26410,0.014538112
26610,0.094038196
26710,0.13814445
26810,0.053113937
26910,0.24753068
27010,0.23898171
27310,0.42513815
27410,0.042432155
27510,0.025417997
27910,0.034886632
28010,0.04527072
28110,0.36993453
28310,0.08255023
28410,0.07943634
29010,0.22856595
29110,0.103096604
29310,0.085003585
29610,0.14534733
29710,0.055357017
29810,0.15470348
29910,0.09289528
30010,0.0441573
30110,0.3271105
30310,0.11462615
30410,0.14587893
30710,0.66400385
30810,0.16237174
31110,0.7147636
31210,0.34757337
31610,0.19028994
31710,0.61338973
31810,0.17270353
31910,0.0935334
32010,0.19734304
32110,0.02110536
32810,0.26439098
33010,0.025308505
33110,0.016237754
33510,0.17476477
33710,0.02664298
33810,0.013880343
33910,1.7651685e-06
34010,0.031149307
34210,0.00014007278
34310,0.026776567
34410,0.0046490943
34510,0.0005616922
34610,0.07286515
34810,2.4598248e-05
35010,0.35683164
35210,0.0074573513
35310,0.12241727
35510,0.14114437
35610,0.30037016
35710,0.050781548
35910,0.29677993
36010,0.4019803
36110,0.32358667
36610,0.059003677
37210,0.056881376
37410,0.20973234
37510,0.30844474
37610,0.069214344
37710,0.11431973
38110,0.10714043
38210,0.10720266
38310,0.059815913
38410,0.12288053
38610,0.10052715
38810,0.15218233
39110,0.1886666
39210,0.0017277924
39310,0.03452955
39410,0.0074320645
39610,0.11964288
39710,0.0075235986
39910,0.15482175
40010,0.0055948887
40210,0.09846313
40510,0.3881233
40610,0.08352151
41810,0.17476174
42010,0.108934246
42710,0.106832564
42910,0.15935095
43610,0.40166512
44210,0.13222344
44510,0.14196382
44710,0.13043854
44910,0.026480945
45210,0.011949762
45310,0.121538594
45510,0.32838973
45610,0.08173642
46110,0.12676968
46310,0.0675147
46510,0.86941874
46910,0.08847973
47010,0.0048110555
47110,0.45399675
47210,0.13653584
47310,0.09799459
47610,0.13734655
47710,0.085948214
47810,0.09319526
47910,0.22318454
48210,0.30803585
48610,0.08929712
48710,0.0036962738
49110,0.29326528
49210,0.103460655
49610,0.014840623
49710,0.0858491
49910,0.2381631
50110,0.021474594
50310,0.001766996
50410,0.0320424
50610,0.003474325
50810,0.0012594946
50910,0.002833427
51010,0.06369032
51210,1.6027781e-05
51610,0.15319097
51810,0.22775745
52010,0.02473792
52110,0.12057382
52510,0.14146325
52610,0.0043669017
52710,0.0016499944
53210,0.11336731
53310,0.06972712
53410,0.088848084
53610,0.17114593
53910,0.045910597
54110,0.18022949
54210,0.07081865
54310,0.30479792
54410,0.08486467
54610,0.13259165
55010,0.105797626
55210,0.05869811
55410,0.022262594
55510,0.025024243
55610,0.09038945
56210,0.035465635
56510,0.18995629
56710,0.12861274
56810,0.0016817768
57010,0.06026098
57110,0.13979997
57210,0.19548379
57310,0.058746994
57510,0.082274765
57910,0.17713267
58010,0.21628067
58210,0.33968616
58310,0.060134836
58510,0.10913774
58910,0.3223439
59110,0.114348024
59210,0.006743895
59510,0.00063674955
59610,0.45554778
59810,0.17990747
59910,0.20904075
60410,0.011218217
60510,0.24907899
60810,0.13286765
61110,0.04190757
61310,0.41884738
61410,0.7588229
61710,0.172432
62110,0.73445547
62410,0.062013365
62710,0.09125298
62810,0.095170856
63510,0.55891067
63610,0.12043474
63710,0.08073884
63810,0.07898713
63910,0.10219613
64310,0.1196263
64410,0.21730252
11,0.14596182
111,0.4104336
411,0.16953091
611,0.01741543
711,0.0316043
1011,0.20130824
1211,0.05612404
1711,0.10915929
2211,0.051677257
2711,6.544896e-05
2811,0.028631082
2911,0.07633162
3011,0.027961256
3111,0.02041405
3211,0.008431969
3311,0.11863978
3411,0.041050114
3711,0.007473484
4011,0.0049564545
4111,0.0064558974
4211,0.008339807
4411,0.045856405
4711,0.0005944697
4811,0.03177153
4911,0.005959998
5111,0.0014066536
5211,0.0435429
5711,0.03424542
5911,0.027916368
6211,0.05649871
6311,0.037650153
6511,0.036746465
6611,0.037328243
6811,0.10574021
6911,0.00010201515
7011,0.00022699479
7211,0.0008237289
7411,0.081948005
7511,0.045509767
7711,0.03620781
7911,0.010692818
8111,0.00855249
8211,0.010757156
8311,0.008860651
8411,0.07907733
8511,0.059357114
8611,0.05517307
8711,0.09814941
8911,0.022615809
9011,0.012577768
9211,0.0071169864
9511,0.048243262
9811,0.06466097
9911,0.0454381
10111,0.031027399
10411,0.024101462
10511,0.023746528
10611,0.1711429
10711,0.005867245
10911,0.022812467
11211,0.008300413
11311,0.0025506513
11711,0.026861737
11911,0.022534126
12111,0.15194024
12411,0.020132877
12711,0.029701548
12911,0.004324452
13011,0.0012084139
13411,0.03419661
13511,0.098239504
13611,0.04106922
13711,0.0470744
13911,0.011378921
14311,0.044130154
14411,0.013096906
15411,0.015140643
15611,0.0274117
15711,0.008502831
15811,0.015531165
15911,0.053059533
16111,0.02490806
16211,0.033451345
16311,0.2868887
16411,0.18017906
16511,0.7254291
16611,0.018224586
17011,0.032141928
17111,0.29084793
17211,0.19715478
17311,0.25485367
17411,0.42915645
17611,0.0071583604
17711,0.082573086
17911,0.1452435
18011,0.12426169
18111,0.0010421283
18211,2.2218575e-05
18411,0.00024861854
18511,0.07874211
18711,0.00047442966
18811,0.062170014
19111,0.06807036
19511,0.0604486
19611,0.00030610623
19711,0.09335483
19811,0.0070260824
20711,0.039755195
20811,0.002989016
20911,0.016518934
21111,0.040649604
21211,0.018902322
21411,0.00424993
21811,0.03061901
22011,0.076013915
22311,0.009208006
22411,0.024762923
22511,0.026933502
22611,0.026939506
22911,0.005269834
23011,9.725023e-05
23211,0.13824877
23311,0.0644805
23611,0.01738361
23711,0.0039016393
23811,0.0011888454
23911,0.008303425
24111,0.010008569
24211,0.008898879
24411,0.0002734843
24511,0.00030632838
24611,0.000117616175
24711,0.012258299
25311,0.18105197
25411,0.02680214
25811,0.0025562753
26011,0.0051707462
26111,0.01248917
26211,0.04163292
26311,0.02618457
26411,0.00020362058
26611,0.034048766
26711,0.024091601
26811,0.010358951
26911,0.012704924
27011,0.011781503
27311,0.023593752
27411,0.46571732
27511,0.0144415125
27911,0.0050821146
28011,0.0041747917
28111,0.0129919555
28311,0.025691522
28411,0.022448204
29011,0.019368026
29111,0.023475097
29311,0.04172103
29611,0.07918039
29711,0.02212307
29811,0.020186473
29911,0.04599724
30011,0.032285012
30111,0.017209025
30311,0.042713754
30411,0.033371754
30711,0.004544886
30811,0.049928542
31111,0.0026835566
31211,0.008889371
31611,0.015926667
31711,0.00945469
31811,0.0050724526
31911,0.03392817
32011,0.057852935
32111,0.1268482
32811,0.01194707
33011,0.24256678
33111,0.2970632
33511,0.021168845
33711,0.11994474
33811,0.16709375
33911,1.5568365e-06
34011,0.03322434
34211,1.0350607e-05
34311,0.084519416
34411,0.001763244
34511,0.00020884776
34611,0.01229855
34811,9.342196e-06
35011,0.023192512
35211,0.0050091553
35311,0.011382536
35511,0.07135573
35611,0.021421606
35711,0.047656763
35911,0.028555216
36011,0.015103401
36111,0.015967058
36611,0.05254658
37211,0.21768962
37411,0.012907255
37511,0.02554122
37611,0.007527253
37711,0.023250105
38111,0.030509332
38211,0.022880444
38311,0.0424642
38411,0.022664832
38611,0.06683945
38811,0.03387123
39111,0.010790676
39211,0.0015308348
39311,0.008169604
39411,0.0020008853
39611,0.014859008
39711,0.24589096
39911,0.02709326
40011,0.002193913
40211,0.0827698
40511,0.007850205
40611,0.05058775
41811,0.0050943354
42011,0.07808222
42711,0.032463964
42911,0.15856647
43611,0.08011482
44211,0.011996441
44511,0.012116775
44711,0.023245765
44911,0.005269453
45211,0.0009502866
45311,0.006537375
45511,0.01460915
45611,0.030686595
46111,0.4295489
46311,0.04471899
46511,0.0010844443
46911,0.10975272
47011,0.0031651095
47111,0.0015490229
47211,0.011696129
47311,0.023517244
47611,0.046932574
47711,0.034697436
47811,0.035974514
47911,0.019715708
48211,0.011115649
48611,0.1367993
48711,0.5527369
49111,0.00903692
49211,0.037014112
49611,0.24875818
49711,0.01191493
49911,0.026461948
50111,0.11271424
50311,0.00015753871
50411,0.008191966
50611,0.00028824364
50811,0.0002413825
50911,0.001004412
51011,0.018789336
51211,5.8762844e-06
51611,0.027658522
51811,0.009110711
52011,0.019226916
52111,0.007106462
52511,0.014309201
52611,0.0016337736
52711,1.5873121e-07
53211,0.04535505
53311,0.017709311
53411,0.18214776
53611,0.058967154
53911,0.0015016018
54111,0.019391052
54211,0.027528841
54311,0.01749764
54411,0.04297415
54611,0.4181003
55011,0.03257221
55211,0.0026913919
55411,0.0068424214
55511,0.16517581
55611,0.15911889
56211,0.0100599835
56511,0.013888263
56711,0.048240103
56811,0.0048252987
57011,0.03058095
57111,0.04555946
57211,0.017660463
57311,0.041534957
57511,0.14630671
57911,0.02110949
58011,0.015185569
58211,0.006380216
58311,0.027017793
58511,0.015824163
58911,0.053806584
59111,0.026384933
59211,0.013982937
59511,0.00013018667
59611,0.0036871633
59811,0.04121087
59911,0.023504112
60411,0.0060784086
60511,0.0077998396
60811,0.04811491
61111,0.025424883
61311,0.009294693
61411,0.008315585
61711,0.097582996
62111,0.031058772
62411,0.02291112
62711,0.03956303
62811,0.025815986
63511,0.012283207
63611,0.050557237
63711,0.019508118
63811,0.031101549
63911,0.03235473
64311,0.02839988
64411,0.020783894
12,0.23007576
112,0.2254296
412,0.00023380558
612,0.016154142
712,0.021019941
1012,0.28469062
1212,0.020056553
1712,0.16170049
2212,0.07931561
2712,0.0016493372
2812,0.006395453
2912,0.029923296
3012,0.024176456
3112,0.018776037
3212,0.005023606
3312,0.015586975
3412,0.02002377
3712,0.009222016
4012,0.0034406253
4112,0.51130223
4212,0.008284966
4412,0.013255684
4712,0.00086169905
4812,0.020707259
4912,0.011475271
5112,0.0015090931
5212,0.06389941
5712,0.021594847
5912,0.024031665
6212,0.043624524
6312,0.035811163
6512,0.032206565
6612,0.026707048
6812,0.020149896
6912,0.0020051894
7012,0.0014796768
7212,0.0059341295
7412,0.018268209
7512,0.020612499
7712,0.035811447
7912,0.018100318
8112,0.0073052864
8212,0.008649109
8312,0.0073362025
8412,0.030999083
8512,0.068199776
8612,0.0394297
8712,0.08368202
8912,0.014609539
9012,0.028788082
9212,0.00566144
9512,0.015468991
9812,0.044993855
9912,0.028107906
10112,0.014488028
10412,0.014474274
10512,0.018776463
10612,0.02161274
10712,0.00544736
10912,0.030521186
11212,0.0045602345
11312,0.007766157
11712,0.092792034
11912,0.01868479
12112,0.04334599
12412,0.01504536
12712,0.037141293
12912,0.004705073
13012,0.0010751853
13412,0.024468869
13512,0.05169349
13612,0.013829134
13712,0.015561168
13912,0.010222845
14312,0.022611376
14412,0.0017277054
15412,0.0044382317
15612,0.020067368
15712,0.010073883
15812,0.012281605
15912,0.06143836
16112,0.009504528
16212,0.026258826
16312,0.0773492
16412,0.30365026
16512,0.001565876
16612,0.0053077843
17012,0.028736511
17112,0.31016833
17212,0.3937173
17312,0.26422882
17412,0.14657922
17612,0.002112295
17712,0.07532931
17912,0.19955695
18012,0.28914317
18112,0.007848286
18212,0.00037228366
18412,0.0013930664
18512,0.19614996
18712,0.008867555
18812,0.036863804
19112,0.02199314
19512,0.05086025
19612,0.0009781154
19712,0.08914865
19812,0.022272611
20712,0.025060592
20812,0.002838697
20912,0.011605935
21112,0.039668556
21212,0.01406572
21412,0.0020718758
21812,0.02005838
22012,0.027991572
22312,0.018169068
22412,0.019364024
22512,0.025439525
22612,0.016271675
22912,0.05308778
23012,0.00044525953
23212,0.044078693
23312,0.036806162
23612,0.020615503
23712,0.011991279
23812,0.0026992776
23912,0.006510423
24112,0.008124165
24212,0.010144029
24412,0.001053916
24512,0.0012487372
24612,0.00060813315
24712,0.014583261
25312,0.0020698206
25412,0.018058442
25812,0.0038248606
26012,0.0009278252
26112,0.0131532485
26212,0.019731252
26312,0.016057082
26412,5.7715664e-05
26612,0.02428251
26712,0.018264167
26812,0.014248205
26912,0.0070553296
27012,0.008851334
27312,0.010167812
27412,0.008459403
27512,0.04519207
27912,0.007319557
28012,0.004813758
28112,0.01333569
28312,0.026104368
28412,0.016049763
29012,0.013950632
29112,0.017822025
29312,0.030238602
29612,0.017217668
29712,0.08952498
29812,0.017059484
29912,0.026379706
30012,0.028667098
30112,0.007993189
30312,0.024645193
30412,0.02175838
30712,0.0030448474
30812,0.016180374
31112,0.0020542005
31212,0.009334256
31612,0.011220422
31712,0.001556922
31812,0.007343191
31912,0.021386284
32012,0.022560151
32112,0.21293959
32812,0.011815329
33012,0.2675637
33112,0.2912599
33512,0.017507186
33712,0.19486117
33812,0.31590015
33912,8.519403e-05
34012,0.037487872
34212,0.00023884626
34312,0.29684192
34412,0.0048545916
34512,0.0018895816
34612,0.016747186
34812,0.0001537181
35012,0.012050547
35212,0.00886006
35312,0.016738985
35512,0.037182488
35612,0.014820756
35712,0.050338596
35912,0.00942037
36012,0.0029266395
36112,0.011989756
36612,0.026586335
37212,0.10854309
37412,0.013053208
37512,0.014242081
37612,0.00789564
37712,0.018834803
38112,0.019360084
38212,0.01018715
38312,0.03333397
38412,0.020106161
38612,0.025790034
38812,0.016340993
39112,0.013032205
39212,0.033587474
39312,0.055252146
39412,0.011257133
39612,0.014147276
39712,0.57510376
39912,0.024626864
40012,0.004799612
40212,0.07824331
40512,0.0056125033
40612,0.041542124
41812,0.0009379518
42012,0.06532836
42712,0.026835542
42912,0.016938927
43612,0.0056765913
44212,0.011271559
44512,0.0077292295
44712,0.023511617
44912,0.0059359106
45212,0.00025358587
45312,0.004689557
45512,0.008123582
45612,0.01877049
46112,0.01702242
46312,0.026038846
46512,0.0007534909
46912,0.1294584
47012,0.014671107
47112,0.0006951852
47212,0.0112070795
47312,0.024556668
47612,0.023895822
47712,0.024625398
47812,0.025091132
47912,0.018649269
48212,0.0059882426
48612,0.08356187
48712,0.0008023516
49112,0.0052818037
49212,0.027602324
49612,0.015975615
49712,0.017996918
49912,0.012770439
50112,0.24298209
50312,0.0013636849
50412,0.02189406
50612,0.002612294
50812,0.007019703
50912,0.012678789
51012,0.03810536
51212,0.00022888747
51612,0.014268221
51812,0.0061331284
52012,0.0077244523
52112,0.010950676
52512,0.012657335
52612,0.0023084097
52712,8.209038e-06
53212,0.016746815
53312,0.010559918
53412,0.042307105
53612,0.030714974
53912,0.0066650524
54112,0.01714004
54212,0.03141779
54312,0.015894623
54412,0.028035002
54612,0.06915216
55012,0.01675864
55212,0.009661767
55412,0.03106067
55512,0.054036055
55612,0.036522537
56212,0.02260105
56512,0.013550987
56712,0.030284874
56812,0.004892815
57012,0.07602813
57112,0.04138636
57212,0.012934071
57312,0.015505012
57512,0.11641261
57912,0.015603313
58012,0.011133111
58212,0.0019255306
58312,0.02190641
58512,0.015676467
58912,0.014694107
59112,0.018773686
59212,0.006764262
59512,0.0027312394
59612,0.0036062596
59812,0.0162492
59912,0.011604219
60412,0.0022496774
60512,0.0059664273
60812,0.02768554
61112,0.018922552
61312,0.0062845773
61412,0.0015973536
61712,0.039333317
62112,0.0024470538
62412,0.024685873
62712,0.023429938
62812,0.018505238
63512,0.0020258005
63612,0.02568282
63712,0.010709883
63812,0.019423846
63912,0.025862783
64312,0.023952655
64412,0.016858105
13,0.008274773
113,0.0072446694
413,0.0002278256
613,0.013942359
713,0.02753418
1013,0.01235513
1213,0.008469743
1713,0.013255677
2213,0.019027798
2713,0.00018579657
2813,0.02169218
2913,0.0145214
3013,0.018265652
3113,0.014546176
3213,0.014575643
3313,0.02246983
3413,0.014817048
3713,0.007335437
4013,0.0051898337
4113,0.0020968227
4213,0.002818619
4413,0.015310473
4713,0.001958903
4813,0.01610314
4913,0.004725494
5113,0.0044218716
5213,0.023363527
5713,0.021225011
5913,0.007425929
6213,0.022469036
6313,0.033914026
6513,0.013893599
6613,0.032877497
6813,0.02516353
6913,2.9684476e-05
7013,0.0006496923
7213,0.0016991111
7413,0.009500683
7513,0.009465644
7713,0.024102252
7913,0.0046700602
8113,0.0074605965
8213,0.012790915
8313,0.018981872
8413,0.026486479
8513,0.019187352
8613,0.02431663
8713,0.016254798
8913,0.01799259
9013,0.019953856
9213,0.009984739
9513,0.004989395
9813,0.028908066
9913,0.031889472
10113,0.014605078
10413,0.03261251
10513,0.019886982
10613,0.0020845644
10713,0.0021105893
10913,0.018204378
11213,0.015844978
11313,0.0009368425
11713,0.0095444685
11913,0.009441879
12113,0.007617357
12413,0.0053505963
12713,0.018822094
12913,0.0053412206
13013,0.00036033263
13413,0.022046559
13513,0.024815692
13613,0.025920011
13713,0.025244579
13913,0.003912995
14313,0.026924845
14413,0.001562689
15413,0.016984513
15613,0.029477267
15713,0.0045408322
15813,0.013099479
15913,0.018705228
16113,0.038263805
16213,0.02248972
16313,0.032480076
16413,0.006061831
16513,0.00044837562
16613,0.031985074
17013,0.01807518
17113,0.009535738
17213,0.00769315
17313,0.013189713
17413,0.010052855
17613,0.011390598
17713,0.01798387
17913,0.012849138
18013,0.009296132
18113,0.0026708294
18213,4.9646624e-05
18413,0.00049813435
18513,0.01870811
18713,0.0009783087
18813,0.019161403
19113,0.04812007
19513,0.027522495
19613,0.00028999193
19713,0.035117876
19813,0.0058911224
20713,0.015446571
20813,0.003008992
20913,0.011409026
21113,0.028988859
21213,0.0031102775
21413,0.006178772
21813,0.03192446
22013,0.02444827
22313,0.0030038853
22413,0.017044257
22513,0.024676569
22613,0.008719282
22913,0.0035789
23013,8.7507055e-05
23213,0.021059453
23313,0.018058876
23613,0.032559257
23713,0.0036206879
23813,0.00085104624
23913,0.012844908
24113,0.013706256
24213,0.012735439
24413,0.0006093034
24513,0.0012010015
24613,0.0001678742
24713,0.011368226
25313,0.0010630444
25413,0.0035774084
25813,0.03212265
26013,0.06765111
26113,0.0062647285
26213,0.019092651
26313,0.0131658325
26413,3.08712e-05
26613,0.026425768
26713,0.01758225
26813,0.0072820894
26913,0.0071795727
27013,0.025427125
27313,0.009141161
27413,0.0063164243
27513,0.011240059
27913,0.0065656025
28013,0.0015697689
28113,0.008099214
28313,0.027194256
28413,0.014379413
29013,0.015877327
29113,0.023377713
29313,0.033459574
29613,0.008510473
29713,0.00847401
29813,0.024516204
29913,0.026123658
30013,0.024196586
30113,0.005437718
30313,0.023292424
30413,0.027089225
30713,0.0023456302
30813,0.016278492
31113,0.00091046386
31213,0.007402406
31613,0.017384747
31713,0.0067680255
31813,0.008181398
31913,0.02607278
32013,0.017798498
32113,0.008371555
32813,0.009420527
33013,0.011762342
33113,0.009208126
33513,0.013526229
33713,0.014006451
33813,0.00818103
33913,2.9121531e-06
34013,0.008582808
34213,2.5129331e-05
34313,0.011165238
34413,0.001328747
34513,0.0005527198
34613,0.022713427
34813,9.713198e-06
35013,0.010211802
35213,0.0035870925
35313,0.026369844
35513,0.023339504
35613,0.02502032
35713,0.07078312
35913,0.017029623
36013,0.022178987
36113,0.0056184614
36613,0.032262705
37213,0.023611788
37413,0.0049433005
37513,0.008826885
37613,0.005659284
37713,0.01653615
38113,0.017342232
38213,0.024000922
38313,0.028043108
38413,0.013074895
38613,0.014815572
38813,0.013545545
39113,0.010121639
39213,0.0011075865
39313,0.01249453
39413,0.0029176527
39613,0.008708863
39713,0.004181276
39913,0.0155275185
40013,0.0030146057
40213,0.0227518
40513,0.011718978
40613,0.020102182
41813,0.028883845
42013,0.017246423
42713,0.06500773
42913,0.002961744
43613,0.0020132826
44213,0.014919222
44513,0.002871916
44713,0.01941237
44913,0.0055943877
45213,0.00019064457
45313,0.0018721714
45513,0.012266452
45613,0.03170881
46113,0.007505345
46313,0.023110626
46513,0.0004127748
46913,0.014528224
47013,0.004304996
47113,0.0015397882
47213,0.017956646
47313,0.023595206
47613,0.017203541
47713,0.02014835
47813,0.019845776
47913,0.013013144
48213,0.012956419
48613,0.028049577
48713,0.00027583377
49113,0.011163012
49213,0.025495593
49613,0.013842062
49713,0.03676408
49913,0.02819152
50113,0.010490043
50313,0.00025690685
50413,0.009734581
50613,0.00077061605
50813,0.001104281
50913,0.0070911143
51013,0.054281916
51213,2.7471513e-05
51613,0.013670564
51813,0.010527948
52013,0.005468028
52113,0.0043918057
52513,0.004308675
52613,0.0005355236
52713,3.969965e-06
53213,0.005564016
53313,0.005778659
53413,0.017932193
53613,0.017996121
53913,0.004999004
54113,0.016191829
54213,0.017437251
54313,0.004933612
54413,0.026552513
54613,0.0008332408
55013,0.020969158
55213,0.0036338852
55413,0.0070218304
55513,0.0052177734
55613,0.010218427
56213,0.0048772707
56513,0.012816054
56713,0.036133066
56813,0.0014659363
57013,0.011539518
57113,0.024119185
57213,0.017905563
57313,0.00967842
57513,0.020183017
57913,0.039612073
58013,0.04194379
58213,0.028909609
58313,0.0059025898
58513,0.010263827
58913,0.0064090695
59113,0.013019603
59213,0.002392992
59513,0.0002990328
59613,0.0014187618
59813,0.027468491
59913,0.022250297
60413,0.004356015
60513,0.0028875128
60813,0.020909134
61113,0.003207596
61313,0.00985769
61413,0.0016138162
61713,0.01955606
62113,0.0027794915
62413,0.024124319
62713,0.02396838
62813,0.030866984
63513,0.009253768
63613,0.04146533
63713,0.024427708
63813,0.038562275
63913,0.019057631
64313,0.016011769
64413,0.008299148
14,0.27856413
114,0.14113608
414,0.0002377805
614,0.03689569
714,0.04925029
1014,0.28127027
1214,0.07036697
1714,0.33183724
2214,0.14278989
2714,0.00064934156
2814,0.051756073
2914,0.034737445
3014,0.021420592
3114,0.01635079
3214,0.0073288265
3314,0.010679431
3414,0.031507734
3714,0.011345296
4014,0.0021206136
4114,0.0025050214
4214,0.015273206
4414,0.031046374
4714,0.00044629068
4814,0.037780896
4914,0.016192976
5114,0.0010507745
5214,0.042655077
5714,0.025750592
5914,0.014960285
6214,0.035907578
6314,0.05095577
6514,0.02120062
6614,0.03348254
6814,0.043992348
6914,6.982139e-05
7014,0.0018875642
7214,0.0065779295
7414,0.018586451
7514,0.020471625
7714,0.07726237
7914,0.030956492
8114,0.017885182
8214,0.019267254
8314,0.028829215
8414,0.049682636
8514,0.14176433
8614,0.08338181
8714,0.1520671
8914,0.13658682
9014,0.11170807
9214,0.022018757
9514,0.015881676
9814,0.10646531
9914,0.12838568
10114,0.06281327
10414,0.04111651
10514,0.036578506
10614,0.00777678
10714,0.0069960174
10914,0.029055718
11214,0.05626371
11314,0.0034118274
11714,0.01819032
11914,0.021161305
12114,0.03744244
12414,0.014146645
12714,0.035578944
12914,0.0056164507
13014,0.0022221785
13414,0.040145975
13514,0.04999668
13614,0.02542414
13714,0.031025002
13914,0.0117474
14314,0.036496393
14414,0.18448964
15414,0.13966092
15614,0.024788707
15714,0.011835696
15814,0.048799932
15914,0.12908545
16114,0.066266656
16214,0.033443782
16314,0.17250699
16414,0.26333883
16514,0.00018114543
16614,0.14138165
17014,0.026276568
17114,0.1475061
17214,0.22741583
17314,0.20731312
17414,0.0804325
17614,0.010405771
17714,0.049507838
17914,0.2563568
18014,0.3696513
18114,0.0035152184
18214,0.00023922464
18414,0.0018983863
18514,0.27746654
18714,0.0024391974
18814,0.08311115
19114,0.049628153
19514,0.20788614
19614,0.00078273786
19714,0.24838336
19814,0.011853484
20714,0.028631423
20814,0.017342132
20914,0.037192583
21114,0.04540278
21214,0.004674257
21414,0.0066917622
21814,0.03355933
22014,0.03276631
22314,0.008280613
22414,0.028948212
22514,0.03575786
22614,0.016961174
22914,0.0072420426
23014,0.00018676915
23214,0.038587686
23314,0.06271672
23614,0.09775578
23714,0.010277438
23814,0.003944911
23914,0.071545295
24114,0.05397851
24214,0.019292347
24414,0.0019942294
24514,0.0024740119
24614,0.0005566458
24714,0.07180474
25314,0.0015380082
25414,0.020834457
25814,0.41036233
26014,0.6140542
26114,0.025827568
26214,0.030333415
26314,0.032189686
26414,0.00038317067
26614,0.03762728
26714,0.019638311
26814,0.012906033
26914,0.04211715
27014,0.07605169
27314,0.04010844
27414,0.028686045
27514,0.0140150385
27914,0.060218018
28014,0.003279262
28114,0.034641217
28314,0.03406771
28414,0.021187356
29014,0.041469965
29114,0.030023804
29314,0.045481484
29614,0.018335762
29714,0.01812454
29814,0.024265015
29914,0.03291949
30014,0.036210917
30114,0.17165105
30314,0.03476769
30414,0.04228667
30714,0.0839041
30814,0.05226275
31114,0.008877041
31214,0.016931886
31614,0.046842046
31714,0.12444269
31814,0.018890696
31914,0.03824323
32014,0.02711938
32114,0.32711503
32814,0.024821747
33014,0.2100956
33114,0.2407669
33514,0.035777915
33714,0.3667717
33814,0.32033092
33914,1.5121997e-05
34014,0.04813375
34214,8.799502e-05
34314,0.20141901
34414,0.0030664485
34514,0.0022993858
34614,0.08984153
34814,2.8592951e-05
35014,0.03783841
35214,0.005982386
35314,0.0130319465
35514,0.07903951
35614,0.115734704
35714,0.5122622
35914,0.015941659
36014,0.1370228
36114,0.014435727
36614,0.014618831
37214,0.0470659
37414,0.015123015
37514,0.0128101
37614,0.016349634
37714,0.022019967
38114,0.021212239
38214,0.020081328
38314,0.040670432
38414,0.02159472
38614,0.027224163
38814,0.019409334
39114,0.03592041
39214,0.0012269259
39314,0.014841549
39414,0.0053927703
39614,0.012947273
39714,0.030662553
39914,0.12324896
40014,0.011846837
40214,0.16604969
40514,0.031092089
40614,0.08408471
41814,0.45663738
42014,0.09895391
42714,0.10158624
42914,0.0054407394
43614,0.038832743
44214,0.041036237
44514,0.009893522
44714,0.031049352
44914,0.008975146
45214,0.0020761273
45314,0.008458028
45514,0.029910678
45614,0.039283577
46114,0.01761425
46314,0.038980033
46514,0.016988084
46914,0.12685272
47014,0.0081270505
47114,0.2868988
47214,0.022360345
47314,0.019156681
47614,0.028151905
47714,0.030570222
47814,0.027057234
47914,0.03857655
48214,0.020391978
48614,0.22903831
48714,0.00019943513
49114,0.01288879
49214,0.05032961
49614,0.015745636
49714,0.059332475
49914,0.056234825
50114,0.3468068
50314,0.0010877119
50414,0.013490063
50614,0.003532472
50814,0.003033987
50914,0.039004747
51014,0.2822785
51214,7.216696e-05
51614,0.020651385
51814,0.022486925
52014,0.0146755865
52114,0.015539637
52514,0.010025896
52614,0.0015675559
52714,7.112476e-07
53214,0.010170785
53314,0.022151574
53414,0.05933792
53614,0.032329425
53914,0.0020947123
54114,0.03720425
54214,0.031372625
54314,0.009654667
54414,0.033899035
54614,0.004833877
55014,0.03160441
55214,0.019469177
55414,0.007083564
55514,0.043301687
55614,0.026997995
56214,0.019087836
56514,0.030876277
56714,0.10209212
56814,0.0048564286
57014,0.10217337
57114,0.2210966
57214,0.04099793
57314,0.024260907
57514,0.21621214
57914,0.064569354
58014,0.14919414
58214,0.22173618
58314,0.04282311
58514,0.016132813
58914,0.0116171185
59114,0.03573425
59214,0.01629598
59514,0.00073861214
59614,0.0081498595
59814,0.05946183
59914,0.032056015
60414,0.15489118
60514,0.021745535
60814,0.028890828
61114,0.016163351
61314,0.024823839
61414,0.029445957
61714,0.028447917
62114,0.031398013
62414,0.029985271
62714,0.04041568
62814,0.039591704
63514,0.10942738
63614,0.06118088
63714,0.022316597
63814,0.03571487
63914,0.08284852
64314,0.030682694
64414,0.01525845
15,0.0018207665
115,0.0012094566
415,1.583406e-05
615,0.0904674
715,0.08947423
1015,0.0011232548
1215,0.0046441974
1715,0.0019570668
2215,0.012368553
2715,9.2758986e-05
2815,0.05048313
2915,0.013450082
3015,0.039857313
3115,0.10640596
3215,0.054280967
3315,0.016284319
3415,0.026045159
3715,0.01185407
4015,0.01024471
4115,0.00034136177
4215,0.03901634
4415,0.012136596
4715,0.0033559653
4815,0.07495729
4915,0.02108338
5115,0.0017001414
5215,0.02090097
5715,0.035488807
5915,0.029282356
6215,0.024804065
6315,0.047554556
6515,0.021486416
6615,0.035559528
6815,0.008809463
6915,9.7629645e-06
7015,0.00032279023
7215,0.001060873
7415,0.008871252
7515,0.007872034
7715,0.04783125
7915,0.042249337
8115,0.14465384
8215,0.15691301
8315,0.30456415
8415,0.027267555
8515,0.017082455
8615,0.047673076
8715,0.01501131
8915,0.027948698
9015,0.074432634
9215,0.33183518
9515,0.008187567
9815,0.025589656
9915,0.028716993
10115,0.02148193
10415,0.07982994
10515,0.08761189
10615,0.0018857183
10715,0.005337747
10915,0.025881005
11215,0.2209978
11315,0.0020503504
11715,0.0070596607
11915,0.07647766
12115,0.0071849246
12415,0.025070518
12715,0.024746014
12915,0.009209766
13015,0.003552315
13415,0.069078855
13515,0.040666014
13615,0.036483403
13715,0.044963945
13915,0.012258503
14315,0.04302945
14415,0.002366012
15415,0.010185077
15615,0.032540374
15715,0.030644087
15815,0.027882675
15915,0.029204462
16115,0.27636787
16215,0.053373564
16315,0.015819367
16415,0.0007456571
16515,5.151927e-05
16615,0.035913933
17015,0.06540936
17115,0.0009278138
17215,0.00027031044
17315,0.0023226426
17415,0.0024698013
17615,0.2489813
17715,0.026871072
17915,0.0016301527
18015,0.00040134203
18115,0.0055403817
18215,1.868684e-05
18415,0.00041550607
18515,0.0034113931
18715,0.0015722276
18815,0.020285131
19115,0.07344269
19515,0.01891568
19615,0.00018247835
19715,0.015703859
19815,0.043273993
20715,0.035107315
20815,0.006644047
20915,0.028065586
21115,0.037259333
21215,0.028896801
21415,0.002799904
21815,0.028656008
22015,0.027194317
22315,0.009160892
22415,0.025466932
22515,0.02308147
22615,0.016112415
22915,0.0039225845
23015,2.2059367e-05
23215,0.025353903
23315,0.05681784
23615,0.13049409
23715,0.112098955
23815,0.00044277098
23915,0.078972824
24115,0.13914233
24215,0.18827729
24415,0.00033601854
24515,0.0010488741
24615,5.0066643e-05
24715,0.116160505
25315,0.00016613316
25415,0.016453639
25815,0.062646255
26015,0.013767786
26115,0.01111277
26215,0.036173087
26315,0.07908191
26415,8.6819884e-05
26615,0.03397515
26715,0.020307593
26815,0.050297383
26915,0.04303258
27015,0.19146909
27315,0.038981702
27415,0.0023135974
27515,0.0054099434
27915,0.023859315
28015,0.12178948
28115,0.0121725965
28315,0.0310764
28415,0.0124754235
29015,0.04122586
29115,0.023040738
29315,0.045204755
29615,0.008575587
29715,0.0027842934
29815,0.027283112
29915,0.035204552
30015,0.020950247
30115,0.013954947
30315,0.054374743
30415,0.059976395
30715,0.007516719
30815,0.023133999
31115,0.006047134
31215,0.075394414
31615,0.082930155
31715,0.0044721738
31815,0.12709644
31915,0.031684592
32015,0.032626398
32115,0.0009678155
32815,0.08598618
33015,0.00096639444
33115,0.00036443397
33515,0.09871672
33715,0.00122603
33815,0.00036789654
33915,2.733601e-07
34015,0.0041377046
34215,6.351049e-06
34315,0.0016460271
34415,0.0004736126
34515,0.00019825556
34615,0.12171688
34815,1.2016151e-06
35015,0.046214145
35215,0.0035423294
35315,0.02189921
35515,0.03309294
35615,0.06780766
35715,0.010426874
35915,0.05492311
36015,0.0147428
36115,0.05417716
36615,0.0017726364
37215,0.010870997
37415,0.017480396
37515,0.019897519
37615,0.004719841
37715,0.033520117
38115,0.02136917
38215,0.029534845
38315,0.02983988
38415,0.01689393
38615,0.023593927
38815,0.022038799
39115,0.13178043
39215,0.00039158174
39315,0.03679211
39415,0.008173431
39615,0.15843774
39715,0.00020293483
39915,0.015852755
40015,0.0067361207
40215,0.014080121
40515,0.12899117
40615,0.020303393
41815,0.0066450993
42015,0.015038381
42715,0.07283288
42915,0.0017834862
43615,0.0027763462
44215,0.052998643
44515,0.042536516
44715,0.046839904
44915,0.003469764
45215,0.0004201641
45315,0.011032395
45515,0.09922069
45615,0.03398417
46115,0.0020462312
46315,0.029185733
46515,0.0009152863
46915,0.0072917747
47015,0.02132195
47115,0.0041835527
47215,0.17888533
47315,0.030166833
47615,0.02487791
47715,0.028817518
47815,0.036103018
47915,0.06998417
48215,0.17876016
48615,0.016012847
48715,1.7412867e-05
49115,0.09957012
49215,0.060769636
49615,0.0047986684
49715,0.1196023
49915,0.08042138
50115,0.00064692966
50315,0.0001352699
50415,0.12799641
50615,0.00058441056
50815,0.00088510173
50915,0.0012923573
51015,0.043192234
51215,2.1702251e-06
51615,0.03144375
51815,0.19617881
52015,0.00414819
52115,0.10485894
52515,0.060301296
52615,0.00016234744
52715,2.3519108e-08
53215,0.0063202423
53315,0.0057308436
53415,0.012550265
53615,0.055051513
53915,0.00019840186
54115,0.081278145
54215,0.019977326
54315,0.01636964
54415,0.03698916
54615,0.00032309347
55015,0.03517577
55215,0.0058268188
55415,0.092955545
55515,0.0021097239
55615,0.01048712
56215,0.04107476
56515,0.15354425
56715,0.0516835
56815,0.0011169327
57015,0.010450952
57115,0.025574228
57215,0.12528089
57315,0.012443904
57515,0.0047401045
57915,0.107686736
58015,0.16628407
58215,0.09662159
58315,0.021813754
58515,0.07768722
58915,0.007851841
59115,0.009806183
59215,0.0034424774
59515,0.00012863008
59615,0.0031568627
59815,0.025147295
59915,0.032555297
60415,0.0009953413
60515,0.013400754
60815,0.039218225
61115,0.004366309
61315,0.018480606
61415,0.0047539435
61715,0.02849882
62115,0.0018624868
62415,0.01835656
62715,0.03404895
62815,0.070589066
63515,0.013880924
63615,0.049957078
63715,0.023830548
63815,0.03833276
63915,0.022693925
64315,0.08633451
64415,0.055166483
16,0.008929696
116,0.009021
416,0.00012281061
616,0.017807413
716,0.019123174
1016,0.01299278
1216,0.0048415246
1716,0.0138340555
2216,0.023088532
2716,0.0001048341
2816,0.018399408
2916,0.025814421
3016,0.020412052
3116,0.013713451
3216,0.019796047
3316,0.019832527
3416,0.02744523
3716,0.0046802917
4016,0.005908705
4116,0.0027104693
4216,0.0030974017
4416,0.021581274
4716,0.0017757084
4816,0.018754357
4916,0.0051221913
5116,0.0020487143
5216,0.015705647
5716,0.021748053
5916,0.01358188
6216,0.017161041
6316,0.03199407
6516,0.013208765
6616,0.031273413
6816,0.020342475
6916,1.2446005e-05
7016,0.00034653264
7216,0.0011819744
7416,0.01009293
7516,0.013914724
7716,0.028710395
7916,0.007354386
8116,0.013944856
8216,0.015158742
8316,0.016081776
8416,0.03132136
8516,0.025091855
8616,0.02936297
8716,0.025985202
8916,0.021107249
9016,0.034325503
9216,0.014381391
9516,0.00565269
9816,0.039522044
9916,0.030865094
10116,0.012429557
10416,0.022683565
10516,0.01557735
10616,0.0032240183
10716,0.0011432682
10916,0.023324793
11216,0.015848665
11316,0.000858489
11716,0.009174917
11916,0.011827251
12116,0.015129
12416,0.008769835
12716,0.017079335
12916,0.013902699
13016,0.00029256224
13416,0.01985254
13516,0.027285524
13616,0.022742426
13716,0.019332703
13916,0.0031855458
14316,0.024627019
14416,0.0013721054
15416,0.01217504
15616,0.03230134
15716,0.0083893165
15816,0.017743839
15916,0.033051167
16116,0.031111993
16216,0.02067981
16316,0.018677093
16416,0.00667347
16516,0.00014398468
16616,0.017076965
17016,0.016499134
17116,0.010799323
17216,0.006857386
17316,0.015829949
17416,0.015408622
17616,0.014341565
17716,0.022421325
17916,0.012195759
18016,0.007636984
18116,0.0027224317
18216,2.0659252e-05
18416,0.00045917562
18516,0.020245254
18716,0.0006460506
18816,0.02451087
19116,0.04372953
19516,0.030520398
19616,0.00019486767
19716,0.032027744
19816,0.006543485
20716,0.022754954
20816,0.0034233795
20916,0.014296839
21116,0.028907942
21216,0.006727584
21416,0.014767183
21816,0.036485747
22016,0.027977359
22316,0.0032585727
22416,0.02217411
22516,0.03452822
22616,0.010840181
22916,0.0049316003
23016,3.5354227e-05
23216,0.016662346
23316,0.0152538465
23616,0.02468027
23716,0.0069665415
23816,0.0006029247
23916,0.016778227
24116,0.016027965
24216,0.0115730185
24416,0.0003740459
24516,0.00055982533
24616,5.8714868e-05
24716,0.020282703
25316,0.00058647624
25416,0.0050994647
25816,0.014198947
26016,0.0129463
26116,0.009302826
26216,0.02534639
26316,0.018756658
26416,9.767749e-06
26616,0.031002536
26716,0.029689694
26816,0.006437275
26916,0.010703134
27016,0.018649839
27316,0.015574906
27416,0.0023619372
27516,0.00805889
27916,0.0035459038
28016,0.0023080062
28116,0.010891224
28316,0.03051015
28416,0.021774774
29016,0.02806717
29116,0.028916763
29316,0.029880455
29616,0.005695415
29716,0.0108957505
29816,0.024565
29916,0.019422732
30016,0.025150284
30116,0.0048493776
30316,0.018646158
30416,0.022309003
30716,0.003295837
30816,0.01847869
31116,0.002215507
31216,0.01135611
31616,0.02026368
31716,0.0042399094
31816,0.010396576
31916,0.033765405
32016,0.02254473
32116,0.007356788
32816,0.013092222
33016,0.012011826
33116,0.008668691
33516,0.018037232
33716,0.0122128
33816,0.0077411095
33916,3.617146e-07
34016,0.008957239
34216,1.03955e-05
34316,0.012282061
34416,0.0008852671
34516,0.00023094202
34616,0.021589724
34816,2.4442054e-06
35016,0.01620575
35216,0.003259919
35316,0.0254767
35516,0.037240103
35616,0.032200344
35716,0.029522628
35916,0.017827194
36016,0.012182812
36116,0.01047413
36616,0.012193936
37216,0.03192491
37416,0.0054222587
37516,0.01157694
37616,0.009647117
37716,0.021451166
38116,0.024508078
38216,0.017191136
38316,0.026498776
38416,0.015375617
38616,0.023192998
38816,0.02821554
39116,0.01847971
39216,0.000935947
39316,0.0130663
39416,0.0033659216
39616,0.009061318
39716,0.0041862237
39916,0.019308899
40016,0.0030324515
40216,0.030683503
40516,0.014840987
40616,0.029046528
41816,0.008208576
42016,0.031078147
42716,0.04015857
42916,0.004938472
43616,0.0022193945
44216,0.012508294
44516,0.004930446
44716,0.022765486
44916,0.0142798545
45216,7.774923e-05
45316,0.0018472516
45516,0.016297529
45616,0.028660174
46116,0.0075549535
46316,0.025652172
46516,0.0006338138
46916,0.021622706
47016,0.0041230237
47116,0.0012882133
47216,0.014645245
47316,0.027769238
47616,0.020878017
47716,0.029980198
47816,0.021297837
47916,0.02845616
48216,0.01760494
48616,0.020995285
48716,4.894502e-05
49116,0.014916323
49216,0.023322288
49616,0.0047674775
49716,0.02496739
49916,0.022699136
50116,0.010103518
50316,0.00018241831
50416,0.014236794
50616,0.00056888355
50816,0.00080483017
50916,0.0027525115
51016,0.04724
51216,4.752941e-06
51616,0.015784523
51816,0.014635354
52016,0.005951098
52116,0.0069559966
52516,0.007225922
52616,0.00035489356
52716,6.4510124e-07
53216,0.0068048285
53316,0.0031175402
53416,0.011868738
53616,0.025702804
53916,0.0014373527
54116,0.015717512
54216,0.016714811
54316,0.007229677
54416,0.025259081
54616,0.003883196
55016,0.030502161
55216,0.005952445
55416,0.011121762
55516,0.0051941983
55616,0.011300874
56216,0.009452746
56516,0.01572547
56716,0.030602118
56816,0.0007622931
57016,0.021617508
57116,0.028059658
57216,0.017826572
57316,0.013210556
57516,0.024581349
57916,0.022624608
58016,0.0380095
58216,0.016390892
58316,0.0098714875
58516,0.017096756
58916,0.009816899
59116,0.011538007
59216,0.0012540474
59516,0.0002002418
59616,0.0022241857
59816,0.02317864
59916,0.026946342
60416,0.000724284
60516,0.0028643236
60816,0.019666513
61116,0.0028838534
61316,0.014372212
61416,0.0024538871
61716,0.03132693
62116,0.002258644
62416,0.034018293
62716,0.028467497
62816,0.019725943
63516,0.005908759
63616,0.026919292
63716,0.027506316
63816,0.030076971
63916,0.028866427
64316,0.0151413595
64416,0.012693561
17,0.0013100589
117,0.00079524715
417,0.0020093578
617,0.014274156
717,0.017941574
1017,0.00076199765
1217,0.0026439463
1717,0.0013096491
2217,0.0074731973
2717,0.00033476952
2817,0.0060452167
2917,0.014992328
3017,0.028005222
3117,0.021221597
3217,0.01880463
3317,0.08675465
3417,0.009581516
3717,0.023722248
4017,0.014426395
4117,0.0007720149
4217,0.004713497
4417,0.028197408
4717,0.0021952756
4817,0.015767703
4917,0.004142248
5117,0.8795934
5217,0.013726597
5717,0.023613673
5917,0.011970791
6217,0.01747024
6317,0.02724406
6517,0.016685417
6617,0.028182276
6817,0.018505111
6917,0.00025587628
7017,0.0034174158
7217,0.0049415817
7417,0.019623922
7517,0.010966468
7717,0.020231865
7917,0.019044738
8117,0.0066665
8217,0.00650934
8317,0.007241857
8417,0.0153294895
8517,0.013090404
8617,0.0137291
8717,0.012174861
8917,0.0070068464
9017,0.007432379
9217,0.004921426
9517,0.011856574
9817,0.014824712
9917,0.010826275
10117,0.012251778
10417,0.017280675
10517,0.015358802
10617,0.006149136
10717,0.0024394118
10917,0.022509914
11217,0.004005734
11317,0.003631833
11717,0.016700398
11917,0.012772285
12117,0.0049079447
12417,0.0060146265
12717,0.019045172
12917,0.004706363
13017,0.0007028947
13417,0.020974841
13517,0.019491067
13617,0.019389998
13717,0.01894344
13917,0.0053097997
14317,0.021883493
14417,0.0016296998
15417,0.027063096
15617,0.03187236
15717,0.006355797
15817,0.0057081087
15917,0.012706999
16117,0.02389742
16217,0.017983446
16317,0.007653906
16417,0.00043737373
16517,0.00074108096
16617,0.0017190457
17017,0.020140536
17117,0.0005359813
17217,0.0001500764
17317,0.001472232
17417,0.0015704043
17617,0.0059090126
17717,0.011087749
17917,0.0010171199
18017,0.0002815192
18117,0.0035889416
18217,0.00021070347
18417,0.00078176404
18517,0.0033915665
18717,0.0026200332
18817,0.022412708
19117,0.03933731
19517,0.005285868
19617,0.0015619555
19717,0.005339564
19817,0.020052664
20717,0.012256543
20817,0.0028536734
20917,0.008488047
21117,0.03240637
21217,0.0070667313
21417,0.0062044756
21817,0.034835733
22017,0.017302062
22317,0.005282159
22417,0.022394652
22517,0.040425263
22617,0.011273317
22917,0.010147756
23017,0.0015963585
23217,0.026157998
23317,0.016807562
23617,0.0088049285
23717,0.005585728
23817,0.0073112138
23917,0.003670142
24117,0.005444056
24217,0.0070613036
24417,0.0046968106
24517,0.007484404
24617,0.011812946
24717,0.006880979
25317,0.0027061885
25417,0.009594293
25817,0.0035720093
26017,0.0034650809
26117,0.016666533
26217,0.007887786
26317,0.018175425
26417,0.000123117
26617,0.029543765
26717,0.03872489
26817,0.0056957607
26917,0.004861812
27017,0.004310506
27317,0.0051051592
27417,0.0043828455
27517,0.022902412
27917,0.0053915572
28017,0.001875207
28117,0.00953818
28317,0.026650041
28417,0.019951856
29017,0.052425425
29117,0.022986067
29317,0.029354328
29617,0.0157545
29717,0.0097627705
29817,0.01672281
29917,0.017941535
30017,0.024457213
30117,0.010569166
30317,0.021619571
30417,0.018583667
30717,0.0038313682
30817,0.012314346
31117,0.0026901728
31217,0.008985638
31617,0.008504731
31717,0.0020968595
31817,0.0042740535
31917,0.03287906
32017,0.016710943
32117,0.00036040673
32817,0.008928997
33017,0.00049390056
33117,0.00021329193
33517,0.015025324
33717,0.0009138075
33817,0.00023342727
33917,7.0548755e-05
34017,0.012077984
34217,8.881941e-05
34317,0.0019222656
34417,0.0022082913
34517,0.0019647528
34617,0.010471099
34817,8.958177e-05
35017,0.00985442
35217,0.050214916
35317,0.022171037
35517,0.0123860985
35617,0.006832798
35717,0.0033225645
35917,0.027022094
36017,0.0035336486
36117,0.007903427
36617,0.16642715
37217,0.050087675
37417,0.0063185245
37517,0.013471439
37617,0.02495368
37717,0.021710422
38117,0.045352705
38217,0.01600442
38317,0.026795976
38417,0.018991731
38617,0.021510797
38817,0.01618307
39117,0.0071551255
39217,0.0025911352
39317,0.010432678
39417,0.008603359
39617,0.010765965
39717,0.00051415985
39917,0.005813426
40017,0.017336138
40217,0.009992588
40517,0.0053725075
40617,0.014163668
41817,0.0016574601
42017,0.0089418255
42717,0.016749037
42917,0.0064139715
43617,0.0075774966
44217,0.0051167714
44517,0.0027906704
44717,0.020055793
44917,0.013380082
45217,0.00078359066
45317,0.0030621965
45517,0.0076365205
45617,0.026927812
46117,0.008754009
46317,0.028913682
46517,0.0012130229
46917,0.004554617
47017,0.012005121
47117,0.0013561881
47217,0.009677562
47317,0.03869606
47617,0.017371116
47717,0.042813484
47817,0.027269458
47917,0.010239496
48217,0.006263358
48617,0.007136616
48717,0.00046708592
49117,0.005562369
49217,0.020597056
49617,0.0092822965
49717,0.03351993
49917,0.009062055
50117,0.0003620474
50317,0.00041145115
50417,0.009852726
50617,0.0013646599
50817,0.0011581924
50917,0.0036733837
51017,0.010566497
51217,0.00043818145
51617,0.016021643
51817,0.0042290366
52017,0.020679371
52117,0.0041054157
52517,0.005696651
52617,0.0029007033
52717,1.7012232e-07
53217,0.023886956
53317,0.007605559
53417,0.016378663
53617,0.021300185
53917,0.0043285387
54117,0.014143947
54217,0.015265021
54317,0.008016258
54417,0.022020217
54617,0.00089628616
55017,0.029434033
55217,0.007080811
55417,0.011334073
55517,0.005111651
55617,0.014624633
56217,0.013679352
56517,0.010333543
56717,0.01386944
56817,0.010175513
57017,0.010094293
57117,0.009550806
57217,0.0074466188
57317,0.013747631
57517,0.0035232974
57917,0.012063592
58017,0.006810692
58217,0.0040873787
58317,0.014358623
58517,0.013047959
58917,0.012514468
59117,0.013606561
59217,0.0031954884
59517,0.0005100214
59617,0.0028910297
59817,0.016301874
59917,0.01755016
60417,0.0046361163
60517,0.0051431367
60817,0.023902154
61117,0.012876173
61317,0.021162897
61417,0.003106717
61717,0.017019596
62117,0.004121191
62417,0.027329879
62717,0.030281074
62817,0.022605091
63517,0.0045881397
63617,0.01889575
63717,0.033607565
63817,0.033056095
63917,0.014475009
64317,0.017218212
64417,0.010039427
18,0.032918163
118,0.023774901
418,5.9697253e-05
618,0.078418106
718,0.05720598
1018,0.035871617
1218,0.0053703994
1718,0.04162985
2218,0.04842352
2718,4.248323e-05
2818,0.0458116
2918,0.022350607
3018,0.112290755
3118,0.06343769
3218,0.5041383
3318,0.099236704
3418,0.015967356
3718,0.0034573637
4018,0.67498225
4118,0.006453318
4218,0.009041568
4418,0.02001374
4718,0.92673415
4818,0.059318155
4918,0.018436108
5118,0.043230932
5218,0.024220902
5718,0.07568622
5918,0.07522253
6218,0.022677183
6318,0.07051115
6518,0.053170543
6618,0.070538454
6818,0.027220149
6918,7.602838e-06
7018,0.00021106246
7218,0.00061022514
7418,0.015657458
7518,0.018035013
7718,0.04263687
7918,0.007640302
8118,0.072820716
8218,0.052046493
8318,0.029765293
8418,0.036514163
8518,0.055915147
8618,0.04530428
8718,0.04858354
8918,0.0312931
9018,0.019579254
9218,0.027179617
9518,0.0069651515
9818,0.04938089
9918,0.04156098
10118,0.018475767
10418,0.04394295
10518,0.062601514
10618,0.0017444302
10718,0.0032243563
10918,0.08138292
11218,0.0249811
11318,0.0009040873
11718,0.005928842
11918,0.070280746
12118,0.0122591425
12418,0.047532763
12718,0.03487962
12918,0.0123483995
13018,0.002022406
13418,0.08070497
13518,0.06172736
13618,0.02406999
13718,0.022887684
13918,0.010350562
14318,0.0601141
14418,0.0016182694
15418,0.010658509
15618,0.08347643
15718,0.023970326
15818,0.020698732
15918,0.04766211
16118,0.03707532
16218,0.062108837
16318,0.038191542
16418,0.023766879
16518,0.00012459005
16618,0.012704794
17018,0.09348876
17118,0.03807862
17218,0.032240584
17318,0.03516792
17418,0.022842191
17618,0.11404475
17718,0.046467453
17918,0.046736214
18018,0.0359473
18118,0.00061907497
18218,1.0865191e-05
18418,0.0001656125
18518,0.072375275
18718,0.00022624656
18818,0.03616062
19118,0.06719897
19518,0.058649983
19618,0.000117724114
19718,0.045801144
19818,0.003947429
20718,0.032584615
20818,0.020164602
20918,0.0475031
21118,0.042493846
21218,0.035634004
21418,0.006566808
21818,0.039675806
22018,0.024266966
22318,0.0062404154
22418,0.065164044
22518,0.034649704
22618,0.100215286
22918,0.0033366603
23018,2.8581127e-05
23218,0.024622824
23318,0.038248654
23618,0.03841716
23718,0.010820652
23818,0.00058237405
23918,0.020705556
24118,0.020469358
24218,0.033218894
24418,0.00025591973
24518,0.00033686418
24618,9.6063755e-05
24718,0.040248338
25318,0.00034868697
25418,0.013075436
25818,0.0049829073
26018,0.0059444755
26118,0.0075158854
26218,0.017788876
26318,0.072165444
26418,7.954544e-05
26618,0.060706127
26718,0.07857512
26818,0.018347561
26918,0.02038507
27018,0.02777121
27318,0.021162033
27418,0.003641695
27518,0.015779946
27918,0.0018563949
28018,0.007929891
28118,0.013289876
28318,0.07316803
28418,0.04288601
29018,0.11010524
29118,0.07370375
29318,0.059659693
29618,0.0064469688
29718,0.02176311
29818,0.06422306
29918,0.02884354
30018,0.025088204
30118,0.002476757
30318,0.08242542
30418,0.07394963
30718,0.008018582
30818,0.018151166
31118,0.031360928
31218,0.034293614
31618,0.02737794
31718,0.0052727107
31818,0.023981001
31918,0.058956888
32018,0.024164438
32118,0.018048428
32818,0.079141274
33018,0.035116877
33118,0.028404005
33518,0.08759974
33718,0.045901783
33818,0.03514315
33918,5.408655e-07
34018,0.012017353
34218,3.817622e-06
34318,0.08499592
34418,0.0005627768
34518,0.00017647918
34618,0.017993934
34818,1.9036559e-06
35018,0.038820982
35218,0.004085311
35318,0.5397435
35518,0.04180117
35618,0.03195575
35718,0.034763806
35918,0.11499946
36018,0.012969211
36118,0.039674412
36618,0.1855554
37218,0.061745536
37418,0.021397064
37518,0.0190586
37618,0.008128779
37718,0.077589646
38118,0.06665135
38218,0.015491261
38318,0.031732414
38418,0.042958062
38618,0.028341224
38818,0.024309253
39118,0.019851312
39218,0.00059336255
39318,0.010930325
39418,0.0014246162
39618,0.0800297
39718,0.023129864
39918,0.02913992
40018,0.0023624732
40218,0.067230724
40518,0.034319527
40618,0.038532615
41818,0.00317991
42018,0.03967924
42718,0.06754138
42918,0.0024431024
43618,0.004255972
44218,0.018167917
44518,0.011056295
44718,0.07118294
44918,0.014777662
45218,0.00034766636
45318,0.010889596
45518,0.07573007
45618,0.036850788
46118,0.004246694
46318,0.041825913
46518,0.0010144957
46918,0.053119462
47018,0.003225771
47118,0.0016612752
47218,0.0641534
47318,0.09278543
47618,0.036489233
47718,0.070024095
47818,0.08987704
47918,0.028112533
48218,0.06810818
48618,0.043001782
48718,6.527002e-05
49118,0.19389309
49218,0.059115984
49618,0.008001714
49718,0.024016898
49918,0.025879616
50118,0.04114582
50318,8.1357735e-05
50418,0.008864575
50618,0.0001768557
50818,0.00021352475
50918,0.0016069051
51018,0.025955657
51218,4.178836e-06
51618,0.020047445
51818,0.024722695
52018,0.0038627805
52118,0.0125415735
52518,0.04546362
52618,0.00016916273
52718,0.0033386222
53218,0.008329503
53318,0.004707397
53418,0.019000525
53618,0.044012673
53918,0.07763984
54118,0.07436679
54218,0.03318782
54318,0.028658262
54418,0.046064626
54618,0.00090277835
55018,0.04196984
55218,0.002493068
55418,0.008019304
55518,0.0061573046
55618,0.010909783
56218,0.0063316305
56518,0.04302439
56718,0.046965286
56818,0.0008901492
57018,0.029856082
57118,0.04429239
57218,0.035925254
57318,0.010491221
57518,0.058955055
57918,0.07644472
58018,0.02689492
58218,0.010334486
58318,0.011450411
58518,0.024475519
58918,0.0147727
59118,0.00845893
59218,0.0025264837
59518,7.223025e-05
59618,0.013075757
59818,0.032527458
59918,0.044930615
60418,0.00087289
60518,0.0077423262
60818,0.070372425
61118,0.0060721105
61318,0.2464231
61418,0.0044093514
61718,0.029141085
62118,0.004060015
62418,0.04719053
62718,0.054355063
62818,0.05677535
63518,0.007766169
63618,0.054893754
63718,0.034710526
63818,0.05844056
63918,0.027782569
64318,0.054291464
64418,0.09324551
