Id,Probability
0,0.0028355245
100,0.0028367247
400,0.00048698325
600,0.026325282
700,0.106129125
1000,0.0048127556
1200,0.0006949924
1700,0.08964162
2200,0.0015386932
2700,0.0086745145
2800,0.009239713
2900,0.04551913
3000,0.013175654
3100,0.039464366
3200,0.021241175
3300,0.06308204
3400,0.0029206956
3700,0.047272637
4000,0.0022937148
4100,0.005062042
4200,0.00089655974
4400,0.011935075
4700,0.0017727343
4800,0.11636001
4900,0.00988521
5100,0.02174501
5200,0.027704619
5700,0.07078493
5900,0.024820872
6200,0.011245297
6300,0.14164728
6500,0.039908133
6600,0.021143844
6800,0.0139052505
6900,0.017418547
7000,0.021113327
7200,0.009751643
7400,0.012143357
7500,0.0075973426
7700,0.05486249
7900,0.0076329317
8100,0.021844208
8200,0.045510598
8300,0.012656047
8400,0.09653146
8500,0.08297073
8600,0.01648559
8700,0.029237224
8900,0.022659449
9000,0.01203281
9200,0.03857683
9500,0.033590496
9800,0.04702079
9900,0.074910216
10100,0.030740388
10400,0.05350848
10500,0.063220695
10600,0.03386263
10700,0.0067499564
10900,0.22299895
11200,0.018137483
11300,0.011617017
11700,0.009221761
11900,0.060289085
12100,0.030662762
12400,0.007870612
12700,0.012715567
12900,0.022573445
13000,0.003641221
13400,0.09979658
13500,0.04457386
13600,0.026371663
13700,0.10852892
13900,0.00163572
14300,0.037864383
14400,0.004830166
15400,0.011377533
15600,0.2965621
15700,0.008283241
15800,0.030286435
15900,0.015318405
16100,0.025481889
16200,0.030084077
16300,0.00091543555
16400,0.0025281017
16500,0.000121225974
16600,0.0023003595
17000,0.30965346
17100,0.0062192488
17200,0.005872385
17300,0.0016950486
17400,0.0017239904
17600,0.008260063
17700,0.039012197
17900,0.13156368
18000,0.02876951
18100,0.0075909677
18200,0.0030597362
18400,0.0008991779
18500,0.0014393053
18700,0.0065011187
18800,0.030760791
19100,0.020582125
19500,0.02878597
19600,0.0056633763
19700,0.06834573
19800,0.018581001
20700,0.03287784
20800,0.0069049466
20900,0.024224684
21100,0.21689107
21200,0.0086161
21400,0.13569495
21800,0.14597872
22000,0.044780705
22300,0.02617882
22400,0.011662551
22500,0.4375074
22600,0.00669363
22900,0.0023346795
23000,0.005214825
23200,0.023517368
23300,0.006349905
23600,0.12649852
23700,0.00068088924
23800,0.02533471
23900,0.015963573
24100,0.021559445
24200,0.048507906
24400,0.041444033
24500,0.010826042
24600,0.022988977
24700,0.008737882
25300,0.0022330275
25400,0.0029139984
25800,0.002352948
26000,0.024717778
26100,0.02726499
26200,0.020955026
26300,0.078819595
26400,0.0019303693
26600,0.048052117
26700,0.022524212
26800,0.015129837
26900,0.05673619
27000,0.039973184
27300,0.013097598
27400,0.017833058
27500,0.019791162
27900,0.009606292
28000,0.024040539
28100,0.008149245
28300,0.02267586
28400,0.100397974
29000,0.01621864
29100,0.102363124
29300,0.16177765
29600,0.019670138
29700,0.030231338
29800,0.01060299
29900,0.048685122
30000,0.041118972
30100,0.015448795
30300,0.06562058
30400,0.049994953
30700,0.0046239514
30800,0.037328187
31100,0.002515847
31200,0.046425987
31600,0.004005511
31700,0.015341197
31800,0.005732127
31900,0.27913746
32000,0.015878098
32100,0.01817145
32800,0.015555377
33000,0.009215134
33100,0.0025567107
33500,0.021495622
33700,0.07630142
33800,0.036023214
33900,0.003156311
34000,0.0026233755
34200,0.0060763946
34300,0.0095001785
34400,0.0008526096
34500,0.02155681
34600,0.0153597295
34800,0.0031463518
35000,0.014473927
35200,0.040244736
35300,0.01622989
35500,0.064351335
35600,0.0061173504
35700,0.027428601
35900,0.028807659
36000,0.029546004
36100,0.025915707
36600,0.009715987
37200,0.038455505
37400,0.01881871
37500,0.005582186
37600,0.037333183
37700,0.07546714
38100,0.048849326
38200,0.020119019
38300,0.10966606
38400,0.0919571
38600,0.0717152
38800,0.038189013
39100,0.040361416
39200,0.006055702
39300,0.017776234
39400,0.023244314
39600,0.014375037
39700,0.0117518585
39900,0.014139461
40000,0.010057584
40200,0.030743882
40500,0.01093682
40600,0.09266446
41800,0.009722772
42000,0.054874383
42700,0.050349098
42900,0.037948903
43600,0.0062327296
44200,0.004751252
44500,0.00084865803
44700,0.061519325
44900,0.15965603
45200,0.00203779
45300,0.017868398
45500,0.010127372
45600,0.087287724
46100,0.022799192
46300,0.04668463
46500,0.0026154402
46900,0.013825503
47000,0.009719952
47100,0.0013188352
47200,0.012566329
47300,0.08495259
47600,0.05778263
47700,0.108294085
47800,0.0748828
47900,0.00524077
48200,0.014399488
48600,0.006016864
48700,0.00061891443
49100,0.008873931
49200,0.026784228
49600,0.004075986
49700,0.004765191
49900,0.02166698
50100,0.078027025
50300,0.0049698553
50400,0.007637815
50600,0.023615727
50800,0.0043804348
50900,0.033769492
51000,0.026697017
51200,0.020763073
51600,0.017259954
51800,0.0085822325
52000,0.051069416
52100,0.0557771
52500,0.0038706192
52600,0.020635823
52700,0.007873533
53200,0.07512014
53300,0.003929337
53400,0.0110659115
53600,0.09681876
53900,0.0156059265
54100,0.025637925
54200,0.014579771
54300,0.014945566
54400,0.030610058
54600,0.04234047
55000,0.043930992
55200,0.03550317
55400,0.020826183
55500,0.031172933
55600,0.0029652822
56200,0.039637078
56500,0.030239249
56700,0.108565316
56800,0.035326608
57000,0.038291987
57100,0.027046783
57200,0.004126371
57300,0.009514651
57500,0.074538946
57900,0.035856266
58000,0.015477431
58200,0.0090726195
58300,0.012935431
58500,0.019334983
58900,0.005752927
59100,0.026316872
59200,0.020518692
59500,0.0069244537
59600,0.021781618
59800,0.07290731
59900,0.16584525
60400,0.007900521
60500,0.0014666088
60800,0.021761153
61100,0.027200285
61300,0.004442308
61400,0.014527546
61700,0.050594747
62100,0.0054513495
62400,0.08264255
62700,0.093549736
62800,0.117680006
63500,0.0051891226
63600,0.0104436455
63700,0.1907801
63800,0.1197518
63900,0.01850363
64300,0.017338786
64400,0.014147656
1,0.0113001745
101,0.24712905
401,0.33986413
601,0.06259467
701,0.06693166
1001,0.14248762
1201,0.22522996
1701,0.018395357
2201,0.44932762
2701,0.7425946
2801,0.008740181
2901,0.0038269607
3001,0.19630578
3101,0.35745415
3201,0.120997176
3301,0.04847319
3401,0.2901134
3701,0.30957824
4001,0.01418882
4101,0.061743207
4201,0.03633186
4401,0.033253532
4701,0.00649178
4801,0.019062664
4901,0.030831212
5101,0.3816699
5201,0.024736501
5701,0.07796295
5901,0.0055864365
6201,0.026604338
6301,0.24401349
6501,0.008495994
6601,0.016445272
6801,0.016420953
6901,0.45330498
7001,0.66206855
7201,0.48477694
7401,0.3490334
7501,0.14096442
7701,0.08241809
7901,0.629222
8101,0.032316346
8201,0.5185456
8301,0.07916116
8401,0.009523845
8501,0.025536094
8601,0.20770794
8701,0.42986226
8901,0.02856598
9001,0.5608294
9201,0.3755281
9501,0.042373527
9801,0.012289067
9901,0.12516578
10101,0.1555584
10401,0.003879615
10501,0.050673284
10601,0.0021530304
10701,0.005978992
10901,0.08262315
11201,0.21393776
11301,0.66138387
11701,0.52493024
11901,0.007847782
12101,0.017923474
12401,0.010410037
12701,0.051430944
12901,0.0065017845
13001,0.017716646
13401,0.026163328
13501,0.02614335
13601,0.016937746
13701,0.071057506
13901,0.055549636
14301,0.014510796
14401,0.0319066
15401,0.012529438
15601,0.14197582
15701,0.012088327
15801,0.24812822
15901,0.27537572
16101,0.17028295
16201,0.02333707
16301,0.21500438
16401,0.058349483
16501,0.3190608
16601,0.09540027
17001,0.28305185
17101,0.16985945
17201,0.21272816
17301,0.40630648
17401,0.14307904
17601,0.040005337
17701,0.08035548
17901,0.10741085
18001,0.00924856
18101,0.65785134
18201,0.8958548
18401,0.73146623
18501,0.33392006
18701,0.61907226
18801,0.21643479
19101,0.120357394
19501,0.03949319
19601,0.6767446
19701,0.26716906
19801,0.6014691
20701,0.036130514
20801,0.0333464
20901,0.16344371
21101,0.070652395
21201,0.1490086
21401,0.08820747
21801,0.087508716
22001,0.006717169
22301,0.06857013
22401,0.011184684
22501,0.08898282
22601,0.019925034
22901,0.58352995
23001,0.65201294
23201,0.38775095
23301,0.06902075
23601,0.32991406
23701,0.26571247
23801,0.2819975
23901,0.027807364
24101,0.33797428
24201,0.20425591
24401,0.30507112
24501,0.7415835
24601,0.33643532
24701,0.44225723
25301,0.22264238
25401,0.04713108
25801,0.0057787895
26001,0.017097173
26101,0.05321665
26201,0.025352536
26301,0.084944725
26401,0.009581127
26601,0.039392933
26701,0.010791334
26801,0.23618965
26901,0.13741806
27001,0.09021594
27301,0.002940257
27401,0.1472402
27501,0.46536043
27901,0.13804917
28001,0.28736705
28101,0.044701688
28301,0.026724383
28401,0.018630996
29001,0.021170815
29101,0.019575313
29301,0.054838292
29601,0.044972654
29701,0.034301396
29801,0.0028256553
29901,0.0027918655
30001,0.09905294
30101,0.054072484
30301,0.014973009
30401,0.026005797
30701,0.037408147
30801,0.16701677
31101,0.042783555
31201,0.008942011
31601,0.252191
31701,0.020572774
31801,0.009439729
31901,0.10304789
32001,0.0070280987
32101,0.0043219323
32801,0.007546461
33001,0.18108903
33101,0.15966712
33501,0.13607757
33701,0.02969848
33801,0.055944026
33901,0.46008706
34001,0.80980784
34201,0.82312155
34301,0.2983847
34401,0.87798935
34501,0.69979846
34601,0.40009946
34801,0.6496962
35001,0.1621049
35201,0.50220984
35301,0.010464635
35501,0.026271896
35601,0.0025319564
35701,0.036357667
35901,0.23088816
36001,0.012584507
36101,0.003122798
36601,0.020589564
37201,0.14206222
37401,0.040527537
37501,0.12350334
37601,0.026644735
37701,0.10973919
38101,0.06315652
38201,0.0035239942
38301,0.16716465
38401,0.09566254
38601,0.029056035
38801,0.009143895
39101,0.44141865
39201,0.5787276
39301,0.2556663
39401,0.30244243
39601,0.16510034
39701,0.06796346
39901,0.13252905
40001,0.6880851
40201,0.008112571
40501,0.20519586
40601,0.030626714
41801,0.018856768
42001,0.02717111
42701,0.25633726
42901,0.0012010882
43601,0.027237663
44201,0.027616033
44501,0.1710434
44701,0.09721241
44901,0.02022465
45201,0.060115468
45301,0.0332064
45501,0.031815734
45601,0.022193324
46101,0.012562577
46301,0.031424943
46501,0.06890497
46901,0.0441161
47001,0.32984936
47101,0.0066351714
47201,0.12320054
47301,0.025255557
47601,0.02617625
47701,0.14964715
47801,0.4062039
47901,0.070306465
48201,0.07098002
48601,0.27745178
48701,0.2954349
49101,0.0029906435
49201,0.09209622
49601,0.21817492
49701,0.54172343
49901,0.02766497
50101,0.024205726
50301,0.7863956
50401,0.3849931
50601,0.55569756
50801,0.74791116
50901,0.4100876
51001,0.56160986
51201,0.6334699
51601,0.38598084
51801,0.12605612
52001,0.19791365
52101,0.1290525
52501,0.1146773
52601,0.10784618
52701,0.00057559327
53201,0.10036534
53301,0.040396336
53401,0.12615123
53601,0.054993235
53901,0.018013878
54101,0.019218192
54201,0.05397502
54301,0.008127028
54401,0.040410697
54601,0.0007505134
55001,0.03185644
55201,0.51431185
55401,0.8246854
55501,0.12285844
55601,0.26894534
56201,0.48582774
56501,0.035189707
56701,0.038607452
56801,0.3557722
57001,0.087801754
57101,0.23036057
57201,0.06437901
57301,0.20429085
57501,0.037920646
57901,0.035503756
58001,0.026626457
58201,0.043999895
58301,0.5817108
58501,0.014245191
58901,0.035045635
59101,0.026592499
59201,0.116936475
59501,0.14996062
59601,0.036807887
59801,0.15570973
59901,0.29807246
60401,0.09520836
60501,0.08921659
60801,0.033048227
61101,0.068473004
61301,0.01318961
61401,0.020311648
61701,0.009626677
62101,0.019694764
62401,0.073170915
62701,0.11226597
62801,0.16395876
63501,0.0092570605
63601,0.047179725
63701,0.33042896
63801,0.045540456
63901,0.051722728
64301,0.021102972
64401,0.04095714
2,0.010608513
102,0.018960135
402,0.004165869
602,0.0054366235
702,0.025304269
1002,0.024792787
1202,0.11327274
1702,0.010079178
2202,0.0037488667
2702,0.11609904
2802,0.021366565
2902,0.009821823
3002,0.0091285175
3102,0.10394501
3202,0.005611827
3302,0.007682072
3402,0.010554573
3702,0.20739336
4002,0.0021124657
4102,0.005356281
4202,0.0027819641
4402,0.018470176
4702,0.0011921073
4802,0.024689402
4902,0.012543545
5102,0.014688085
5202,0.04116543
5702,0.020429531
5902,0.0077804835
6202,0.03729463
6302,0.08806596
6502,0.018436125
6602,0.015124196
6802,0.014066276
6902,0.09922561
7002,0.06745507
7202,0.019713787
7402,0.026767384
7502,0.028434837
7702,0.04367807
7902,0.109984726
8102,0.0035851744
8202,0.02886304
8302,0.040002495
8402,0.014322512
8502,0.019983392
8602,0.024286885
8702,0.019355793
8902,0.0076792846
9002,0.018307965
9202,0.019547256
9502,0.07839711
9802,0.009146504
9902,0.029520938
10102,0.06849221
10402,0.006813916
10502,0.02644696
10602,0.03761825
10702,0.025345134
10902,0.020511761
11202,0.038824588
11302,0.04825956
11702,0.025140112
11902,0.016033553
12102,0.026141647
12402,0.03143167
12702,0.023361187
12902,0.00880708
13002,0.005160768
13402,0.02517693
13502,0.012430105
13602,0.023548119
13702,0.051259644
13902,0.008361116
14302,0.025923165
14402,0.006387377
15402,0.012480781
15602,0.03895512
15702,0.0068050004
15802,0.09841924
15902,0.019954959
16102,0.03517483
16202,0.024608847
16302,0.022170007
16402,0.02800074
16502,0.004465753
16602,0.14086546
17002,0.036917243
17102,0.025343675
17202,0.017035455
17302,0.025872743
17402,0.012191187
17602,0.015594158
17702,0.038661424
17902,0.022444949
18002,0.011393772
18102,0.0588422
18202,0.029303681
18402,0.004612411
18502,0.0055202576
18702,0.1973481
18802,0.038776945
19102,0.028786471
19502,0.01412511
19602,0.015130048
19702,0.10113908
19802,0.11735498
20702,0.00967165
20802,0.0075404057
20902,0.053144123
21102,0.06982203
21202,0.020623485
21402,0.031542264
21802,0.020233631
22002,0.021995753
22302,0.04287726
22402,0.02177739
22502,0.06595761
22602,0.014015546
22902,0.014725721
23002,0.059023064
23202,0.039474946
23302,0.02219809
23602,0.051053956
23702,0.0026473706
23802,0.067106664
23902,0.013966658
24102,0.026032304
24202,0.03719073
24402,0.019430073
24502,0.022738889
24602,0.10219061
24702,0.01276514
25302,0.021717586
25402,0.01026996
25802,0.0048979446
26002,0.0141253695
26102,0.02738942
26202,0.021708762
26302,0.027256396
26402,0.009498639
26602,0.016163945
26702,0.020723602
26802,0.26895988
26902,0.09816432
27002,0.029017722
27302,0.016575629
27402,0.0317272
27502,0.17650165
27902,0.5872363
28002,0.28779125
28102,0.0090244785
28302,0.019105276
28402,0.0519865
29002,0.008481068
29102,0.043106224
29302,0.05332437
29602,0.070098214
29702,0.025585843
29802,0.03653071
29902,0.012082351
30002,0.034197472
30102,0.008869821
30302,0.021284226
30402,0.013026913
30702,0.010223222
30802,0.08720758
31102,0.0118065765
31202,0.008805992
31602,0.06798046
31702,0.009849796
31802,0.05394114
31902,0.042562786
32002,0.06263301
32102,0.026436577
32802,0.003919433
33002,0.031097447
33102,0.006018685
33502,0.036127463
33702,0.029457357
33802,0.01778777
33902,0.24173982
34002,0.0061200415
34202,0.0149986865
34302,0.018991992
34402,0.0065916143
34502,0.033470992
34602,0.083167456
34802,0.027056554
35002,0.017225727
35202,0.05331437
35302,0.0059371456
35502,0.018587243
35602,0.010960852
35702,0.031751666
35902,0.03193065
36002,0.008957017
36102,0.0251831
36602,0.027558023
37202,0.017014325
37402,0.0064943014
37502,0.00811789
37602,0.013383789
37702,0.06159349
38102,0.044770762
38202,0.011892331
38302,0.019716807
38402,0.025240993
38602,0.011829964
38802,0.017123148
39102,0.018391993
39202,0.021294061
39302,0.06477785
39402,0.08022444
39602,0.030936634
39702,0.0043810043
39902,0.094511576
40002,0.025800608
40202,0.008982476
40502,0.018437266
40602,0.013051533
41802,0.040151495
42002,0.0130178
42702,0.015739195
42902,0.011365058
43602,0.034752652
44202,0.12438401
44502,0.031134784
44702,0.28163305
44902,0.022365078
45202,0.0037043854
45302,0.049170736
45502,0.029063957
45602,0.013049227
46102,0.01601381
46302,0.06459746
46502,0.009094522
46902,0.050728142
47002,0.06600594
47102,0.007389389
47202,0.02646617
47302,0.16430011
47602,0.014620704
47702,0.06564848
47802,0.029647531
47902,0.006360447
48202,0.012167116
48602,0.023770353
48702,0.007867106
49102,0.015114169
49202,0.014549213
49602,0.018394176
49702,0.17615633
49902,0.12003651
50102,0.0095801465
50302,0.017837048
50402,0.39808756
50602,0.03273048
50802,0.11600128
50902,0.03323038
51002,0.019827202
51202,0.054778308
51602,0.1052175
51802,0.24197939
52002,0.10352943
52102,0.06068921
52502,0.032967076
52602,0.014054207
52702,0.0021016551
53202,0.032020662
53302,0.0067098043
53402,0.005629379
53602,0.026985558
53902,0.02723716
54102,0.009014066
54202,0.009435428
54302,0.009847142
54402,0.038117412
54602,0.004488289
55002,0.044019707
55202,0.041638944
55402,0.028537516
55502,0.04464826
55602,0.015473414
56202,0.01875478
56502,0.0070734583
56702,0.01317384
56802,0.024415083
57002,0.03142157
57102,0.056260116
57202,0.012120741
57302,0.116090894
57502,0.026108233
57902,0.010983454
58002,0.0096018035
58202,0.12475131
58302,0.118403055
58502,0.008500136
58902,0.03090768
59102,0.028833356
59202,0.03063043
59502,0.014435855
59602,0.029690068
59802,0.015552043
59902,0.045946367
60402,0.19592626
60502,0.009234738
60802,0.01450288
61102,0.12319833
61302,0.0050880094
61402,0.01320931
61702,0.020731794
62102,0.013221184
62402,0.032223493
62702,0.026929393
62802,0.12579672
63502,0.006553069
63602,0.008489482
63702,0.024548125
63802,0.019041257
63902,0.009882002
64302,0.06418385
64402,0.027381487
3,0.0006029628
103,0.0013566925
403,0.00059378444
603,0.0018062809
703,0.01565679
1003,0.00063346303
1203,0.0012940994
1703,0.0101271365
2203,0.00085556397
2703,0.0027288764
2803,0.01805792
2903,0.058465853
3003,0.0022295213
3103,0.029153598
3203,0.0026550698
3303,0.012408563
3403,0.0030426467
3703,0.06356448
4003,0.0005603213
4103,0.023480726
4203,0.00020150213
4403,0.013214578
4703,0.00020015646
4803,0.08792064
4903,0.0013921185
5103,0.0013848033
5203,0.0026648792
5703,0.014150704
5903,0.0313117
6203,0.008216397
6303,0.015426053
6503,0.0144538535
6603,0.010338623
6803,0.0109465765
6903,0.03164368
7003,0.0036787547
7203,0.0026517075
7403,0.001868756
7503,0.011446821
7703,0.018896282
7903,0.0036236667
8103,0.003715119
8203,0.012656876
8303,0.0041211364
8403,0.05074503
8503,0.01601679
8603,0.016143035
8703,0.008725152
8903,0.009779893
9003,0.003049162
9203,0.0068848887
9503,0.20657933
9803,0.0084164115
9903,0.021702232
10103,0.020731466
10403,0.02223341
10503,0.028249374
10603,0.18800461
10703,0.0076050977
10903,0.0052689333
11203,0.0058586183
11303,0.0074721053
11703,0.0077332864
11903,0.03983224
12103,0.04675949
12403,0.02059263
12703,0.0034570033
12903,0.008726766
13003,0.00080459553
13403,0.03397721
13503,0.026159149
13603,0.025490804
13703,0.04778036
13903,0.0006321789
14303,0.043223225
14403,0.0058950307
15403,0.004320966
15603,0.013088634
15703,0.005277524
15803,0.016577905
15903,0.005799392
16103,0.011217464
16203,0.009137529
16303,0.00047944905
16403,0.001170706
16503,8.8650566e-05
16603,0.0012357994
17003,0.014550577
17103,0.0018542809
17203,0.0022508514
17303,0.0005801291
17403,0.0023045407
17603,0.004387606
17703,0.03731055
17903,0.015242428
18003,0.006971534
18103,0.00388213
18203,0.00113344
18403,0.00033547234
18503,0.00092090317
18703,0.0032650921
18803,0.006731021
19103,0.02452185
19503,0.026161266
19603,0.003495086
19703,0.029278692
19803,0.009890434
20703,0.010270572
20803,0.0022184306
20903,0.0053322404
21103,0.006941796
21203,0.012205236
21403,0.01855671
21803,0.005421714
22003,0.044875987
22303,0.039876588
22403,0.0063950443
22503,0.012637804
22603,0.008504228
22903,0.006422696
23003,0.0064449417
23203,0.004556461
23303,0.00081972126
23603,0.004226905
23703,0.00033577005
23803,0.060671628
23903,0.010461579
24103,0.0066235014
24203,0.0045705787
24403,0.0123113785
24503,0.0040948014
24603,0.010593148
24703,0.0021069725
25303,0.009972322
25403,0.0027635463
25803,0.0012699318
26003,0.021215139
26103,0.016046928
26203,0.019581323
26303,0.03731546
26403,0.010621632
26603,0.010125152
26703,0.0036149817
26803,0.008194665
26903,0.030632803
27003,0.013132439
27303,0.03163852
27403,0.021251397
27503,0.019014465
27903,0.00993555
28003,0.006671638
28103,0.0030210952
28303,0.0015931973
28403,0.020205272
29003,0.0034405554
29103,0.01085803
29303,0.007792471
29603,0.11740128
29703,0.010890284
29803,0.016412267
29903,0.017831232
30003,0.0064084036
30103,0.007538217
30303,0.04297191
30403,0.023550026
30703,0.0028594579
30803,0.043080308
31103,0.004868196
31203,0.014351689
31603,0.010318314
31703,0.009624294
31803,0.011861011
31903,0.02712271
32003,0.047429938
32103,0.008572883
32803,0.004710436
33003,0.0037093968
33103,0.0010349293
33503,0.0040880805
33703,0.008123261
33803,0.0101256445
33903,0.004060405
34003,0.00070532225
34203,0.0019992737
34303,0.0040370384
34403,0.00022421096
34503,0.0033347711
34603,0.0040483694
34803,0.0019332151
35003,0.0042434577
35203,0.017612984
35303,0.0012413155
35503,0.0500637
35603,0.0057895407
35703,0.008155778
35903,0.014528241
36003,0.0045859586
36103,0.06337286
36603,0.005948256
37203,0.014511183
37403,0.00097193255
37503,0.0047694836
37603,0.0071163005
37703,0.018430106
38103,0.019599134
38203,0.010862635
38303,0.011999124
38403,0.0027214717
38603,0.035563186
38803,0.034134164
39103,0.0074834446
39203,0.008353331
39303,0.0034493443
39403,0.01921247
39603,0.0025359015
39703,0.016253164
39903,0.026942722
40003,0.007063769
40203,0.02337716
40503,0.010775342
40603,0.023839885
41803,0.026686884
42003,0.010563033
42703,0.0030264792
42903,0.260935
43603,0.024335738
44203,0.030863926
44503,0.00199948
44703,0.010946221
44903,0.010136697
45203,0.00031641472
45303,0.05819202
45503,0.007464898
45603,0.008781351
46103,0.020912724
46303,0.06571593
46503,0.0025803414
46903,0.027887177
47003,0.0058800713
47103,0.0011016985
47203,0.014492012
47303,0.0036368011
47603,0.028758612
47703,0.018811531
47803,0.015097995
47903,0.0032205293
48203,0.0057085785
48603,0.0015807223
48703,0.00047784694
49103,0.010516792
49203,0.005971831
49603,0.002716377
49703,0.0032438003
49903,0.044536535
50103,0.015007792
50303,0.0014913569
50403,0.0034020434
50603,0.008964361
50803,0.0029943832
50903,0.0038261858
51003,0.0012094235
51203,0.006090356
51603,0.0621321
51803,0.016732104
52003,0.054992992
52103,0.009131256
52503,0.0034741203
52603,0.0045930715
52703,0.00015934503
53203,0.042357508
53303,0.0008258113
53403,0.0011994919
53603,0.088988334
53903,0.008268173
54103,0.013205164
54203,0.0035998302
54303,0.018047288
54403,0.026942046
54603,0.25723958
55003,0.07227269
55203,0.0050666807
55403,0.004395571
55503,0.019128714
55603,0.0011869734
56203,0.008623825
56503,0.005511328
56703,0.020232052
56803,0.004839002
57003,0.009897499
57103,0.0058557107
57203,0.005114755
57303,0.014376186
57503,0.011083511
57903,0.018444978
58003,0.004559782
58203,0.006339552
58303,0.0070415647
58503,0.0063582505
58903,0.020166729
59103,0.019137384
59203,0.006837053
59503,0.0035002318
59603,0.029584283
59803,0.010321621
59903,0.04359919
60403,0.0037451214
60503,0.0007782203
60803,0.017770123
61103,0.09014988
61303,0.0034106316
61403,0.007180553
61703,0.0663282
62103,0.007871773
62403,0.0065109897
62703,0.019295972
62803,0.017533613
63503,0.006584743
63603,0.005527617
63703,0.012846367
63803,0.015096818
63903,0.010845252
64303,0.0071204025
64403,0.010147318
4,0.008591585
104,0.0033500434
404,0.00075654214
604,0.0043114168
704,0.10491599
1004,0.003663227
1204,0.0036112512
1704,0.06669232
2204,0.0013547837
2704,0.004440881
2804,0.05945262
2904,0.17833047
3004,0.0036912665
3104,0.014161233
3204,0.007700208
3304,0.037855007
3404,0.0014420258
3704,0.027276134
4004,0.0018523592
4104,0.015109036
4204,0.004129232
4404,0.22335166
4704,0.0011852331
4804,0.10418299
4904,0.007922614
5104,0.0058224024
5204,0.015467918
5704,0.058117494
5904,0.14913633
6204,0.025353663
6304,0.022604262
6504,0.09510269
6604,0.05299529
6804,0.03896032
6904,0.017494572
7004,0.011907605
7204,0.022618432
7404,0.0352437
7504,0.012922862
7704,0.014425117
7904,0.007617857
8104,0.008462481
8204,0.0039943545
8304,0.019384088
8404,0.18530571
8504,0.028382821
8604,0.0051689027
8704,0.010100713
8904,0.028745178
9004,0.004234117
9204,0.010596149
9504,0.031145455
9804,0.2728655
9904,0.06456882
10104,0.056518447
10404,0.25245813
10504,0.035318706
10604,0.09932639
10704,0.124032825
10904,0.0075230463
11204,0.014385456
11304,0.004440643
11704,0.012086841
11904,0.14488785
12104,0.14523564
12404,0.15898591
12704,0.015967153
12904,0.07623101
13004,0.0072520273
13404,0.16298586
13504,0.11022873
13604,0.076267034
13704,0.1509878
13904,0.013434481
14304,0.11031849
14404,0.053640757
15404,0.01298005
15604,0.02018336
15704,0.1210488
15804,0.019210547
15904,0.006875536
16104,0.022738183
16204,0.07633845
16304,0.0016547967
16404,0.0073114475
16504,0.00021598402
16604,0.011413678
17004,0.016495587
17104,0.002310709
17204,0.0014300883
17304,0.0020183225
17404,0.0008421857
17604,0.013508703
17704,0.02170043
17904,0.023930263
18004,0.059258644
18104,0.0043515335
18204,0.0012508304
18404,0.0007735182
18504,0.0018356646
18704,0.0068510477
18804,0.05183694
19104,0.0147243
19504,0.015791958
19604,0.00204369
19704,0.02292219
19804,0.012871246
20704,0.20614865
20804,0.006061585
20904,0.03050386
21104,0.02321771
21204,0.017723722
21404,0.024661632
21804,0.011041236
22004,0.1941297
22304,0.020039259
22404,0.046904754
22504,0.041024808
22604,0.009817121
22904,0.0033985279
23004,0.004161552
23204,0.020044135
23304,0.030346978
23604,0.0249944
23704,0.0013889254
23804,0.013089205
23904,0.00467438
24104,0.0024590297
24204,0.0077296514
24404,0.016564569
24504,0.0040237815
24604,0.030298995
24704,0.0038551243
25304,0.0012604411
25404,0.017800514
25804,0.12270621
26004,0.036138013
26104,0.04333753
26204,0.097982086
26304,0.059461195
26404,0.013345945
26604,0.018934963
26704,0.012086861
26804,0.008977001
26904,0.04309971
27004,0.033075705
27304,0.21014915
27404,0.022981176
27504,0.009918405
27904,0.017285835
28004,0.01211584
28104,0.012927711
28304,0.0034638606
28404,0.101974346
29004,0.063436024
29104,0.023319772
29304,0.037061263
29604,0.059222043
29704,0.019155854
29804,0.12723322
29904,0.25276172
30004,0.02587223
30104,0.04937204
30304,0.1694024
30404,0.098747484
30704,0.014331985
30804,0.045940235
31104,0.015727539
31204,0.18185227
31604,0.0063965484
31704,0.19496942
31804,0.030415943
31904,0.019467505
32004,0.16669893
32104,0.06604234
32804,0.015646264
33004,0.0022985847
33104,0.0009462556
33504,0.006167925
33704,0.0628341
33804,0.029752823
33904,0.00868524
34004,0.0010682008
34204,0.004371332
34304,0.005145094
34404,0.0004179216
34504,0.013772957
34604,0.015690325
34804,0.0030660292
35004,0.0062014377
35204,0.024235584
35304,0.0062365113
35504,0.037401967
35604,0.06717327
35704,0.031361077
35904,0.03671938
36004,0.20676036
36104,0.19420847
36604,0.009136407
37204,0.015894974
37404,0.0038397643
37504,0.012897504
37604,0.19310519
37704,0.03051634
38104,0.054558497
38204,0.35432333
38304,0.032690007
38404,0.0057710097
38604,0.06773864
38804,0.1554485
39104,0.013548574
39204,0.0066614724
39304,0.01025822
39404,0.024526076
39604,0.027880225
39704,0.004340279
39904,0.011956049
40004,0.0028038737
40204,0.09144855
40504,0.007626003
40604,0.07760763
41804,0.056707405
42004,0.20877276
42704,0.006994492
42904,0.0355063
43604,0.025888471
44204,0.0090496
44504,0.005001978
44704,0.017806897
44904,0.076877296
45204,0.008550687
45304,0.09347061
45504,0.02264112
45604,0.121938914
46104,0.04093352
46304,0.04360566
46504,0.020397285
46904,0.008141099
47004,0.010371388
47104,0.05116392
47204,0.01188643
47304,0.018011684
47604,0.099180266
47704,0.03645294
47804,0.010393068
47904,0.0076980353
48204,0.018077027
48604,0.008661648
48704,0.00067261636
49104,0.14286968
49204,0.015703114
49604,0.003362214
49704,0.004421407
49904,0.08474766
50104,0.026622338
50304,0.0019220171
50404,0.009480858
50604,0.019368883
50804,0.0045721442
50904,0.031542
51004,0.017176658
51204,0.015763825
51604,0.015624228
51804,0.009251299
52004,0.092166476
52104,0.025113834
52504,0.019637467
52604,0.18460248
52704,0.002923837
53204,0.028529383
53304,0.0068265824
53404,0.012760624
53604,0.029068546
53904,0.03390495
54104,0.041972738
54204,0.010028957
54304,0.070994034
54404,0.036416616
54604,0.012069625
55004,0.126625
55204,0.02212736
55404,0.002767204
55504,0.031779174
55604,0.018667968
56204,0.010184133
56504,0.019868491
56704,0.028822169
56804,0.041149728
57004,0.063180104
57104,0.01990226
57204,0.005883609
57304,0.03158143
57504,0.05076864
57904,0.07734892
58004,0.054709177
58204,0.04059906
58304,0.011602612
58504,0.035217807
58904,0.04348018
59104,0.045009572
59204,0.060753383
59504,0.014236713
59604,0.011308617
59804,0.04854156
59904,0.018593896
60404,0.06657949
60504,0.0036211577
60804,0.037173565
61104,0.08186216
61304,0.041104473
61404,0.119165935
61704,0.09511588
62104,0.0156197
62404,0.012893466
62704,0.022098482
62804,0.0702487
63504,0.056727644
63604,0.014763792
63704,0.012096126
63804,0.03676077
63904,0.029567413
64304,0.028134396
64404,0.02019386
5,0.0002872664
105,0.00032098842
405,0.00010466978
605,0.002152288
705,0.023955744
1005,0.00041566545
1205,0.00072793366
1705,0.014889611
2205,0.00060829043
2705,0.0012848412
2805,0.0056204363
2905,0.04821572
3005,0.0009983723
3105,0.011761243
3205,0.0021273126
3305,0.011308689
3405,0.0007216878
3705,0.004032641
4005,0.0002711248
4105,0.17960943
4205,0.00046487077
4405,0.00817053
4705,0.00021197404
4805,0.08383291
4905,0.0027980453
5105,0.00028205029
5205,0.006523561
5705,0.021981843
5905,0.054469243
6205,0.007427972
6305,0.008066822
6505,0.03235514
6605,0.0065800864
6805,0.012435478
6905,0.009592513
7005,0.0023756018
7205,0.002174824
7405,0.0009917082
7505,0.016763657
7705,0.010625287
7905,0.0015706691
8105,0.0030427738
8205,0.0018875932
8305,0.0021548436
8405,0.027554106
8505,0.010299481
8605,0.004251183
8705,0.0046389205
8905,0.006234459
9005,0.0016379601
9205,0.0021528136
9505,0.022976425
9805,0.010899333
9905,0.008588537
10105,0.0062358603
10405,0.036908854
10505,0.016299099
10605,0.10046262
10705,0.0069055245
10905,0.006391125
11205,0.0033742292
11305,0.0025043902
11705,0.0023518
11905,0.045494072
12105,0.022425205
12405,0.02138384
12705,0.007236387
12905,0.011202981
13005,0.0021662812
13405,0.050258197
13505,0.01703817
13605,0.037223633
13705,0.036436323
13905,0.00094254763
14305,0.0235545
14405,0.004452252
15405,0.0037300067
15605,0.010645181
15705,0.007815983
15805,0.008220592
15905,0.0028863642
16105,0.003023045
16205,0.010085157
16305,0.00020090617
16405,0.0005086108
16505,1.5425121e-05
16605,0.0009579837
17005,0.013342991
17105,0.00070337526
17205,0.0006607962
17305,0.00041590622
17405,0.00054853625
17605,0.0015582793
17705,0.0147390105
17905,0.023980437
18005,0.00679958
18105,0.00077524356
18205,0.00023308679
18405,0.00022460955
18505,0.0007169779
18705,0.000812848
18805,0.010498607
19105,0.0056409654
19505,0.006303703
19605,0.0006356466
19705,0.004571942
19805,0.0012073043
20705,0.009495688
20805,0.0024905975
20905,0.00367245
21105,0.0121556595
21205,0.007475807
21405,0.0311877
21805,0.0065234033
22005,0.04319848
22305,0.016886447
22405,0.011345329
22505,0.049576897
22605,0.0039312537
22905,0.0019012351
23005,0.0017334815
23205,0.0011920532
23305,0.0017658342
23605,0.006679817
23705,0.00030596496
23805,0.02956044
23905,0.0031242997
24105,0.0025896537
24205,0.008503992
24405,0.0048049106
24505,0.00086927856
24605,0.0053567877
24705,0.001870716
25305,0.0018300103
25405,0.0037028613
25805,0.0021621124
26005,0.004365213
26105,0.0073866076
26205,0.023840345
26305,0.0401301
26405,0.005740865
26605,0.006792722
26705,0.0033231832
26805,0.002955203
26905,0.010615651
27005,0.008815275
27305,0.024946624
27405,0.008169853
27505,0.002360701
27905,0.0036571852
28005,0.0029339436
28105,0.0051766415
28305,0.0025806904
28405,0.06032355
29005,0.0045372713
29105,0.015247915
29305,0.025574455
29605,0.043813147
29705,0.020966653
29805,0.011561156
29905,0.029184809
30005,0.012713965
30105,0.006022987
30305,0.03234331
30405,0.035114072
30705,0.002609562
30805,0.009504723
31105,0.0023848019
31205,0.023143087
31605,0.002200911
31705,0.010801947
31805,0.005225195
31905,0.0346773
32005,0.033793446
32105,0.0065449732
32805,0.0025765968
33005,0.0011769169
33105,0.00026672857
33505,0.002182314
33705,0.0117414305
33805,0.0070420834
33905,0.002203991
34005,0.00025526254
34205,0.0011121088
34305,0.003051893
34405,4.872144e-05
34505,0.003626183
34605,0.004292833
34805,0.0008361407
35005,0.005539616
35205,0.006990136
35305,0.002409082
35505,0.013799335
35605,0.0041396404
35705,0.0037311404
35905,0.004568854
36005,0.008044373
36105,0.05740888
36605,0.0015857612
37205,0.0046697385
37405,0.0070760087
37505,0.002534518
37605,0.017306976
37705,0.019611971
38105,0.02374212
38205,0.019862836
38305,0.010818647
38405,0.0106436815
38605,0.026440669
38805,0.037159555
39105,0.004089305
39205,0.0031304741
39305,0.0032518692
39405,0.005628423
39605,0.0018696998
39705,0.028908893
39905,0.008822651
40005,0.0011098391
40205,0.019109787
40505,0.0024232
40605,0.01988035
41805,0.007894423
42005,0.015997583
42705,0.0036981802
42905,0.19522595
43605,0.0070147905
44205,0.004975133
44505,0.0007300027
44705,0.009369437
44905,0.045904364
45205,0.0006306837
45305,0.029493395
45505,0.0032278602
45605,0.025146939
46105,0.010675057
46305,0.050893456
46505,0.0024732682
46905,0.019233512
47005,0.0020902224
47105,0.0015046409
47205,0.0029459808
47305,0.008822795
47605,0.04561273
47705,0.04512591
47805,0.004581377
47905,0.0017146107
48205,0.0029748038
48605,0.0010584324
48705,7.6397926e-05
49105,0.0058357124
49205,0.0128567135
49605,0.0008133777
49705,0.0008045345
49905,0.03389464
50105,0.014347871
50305,0.001005739
50405,0.0010517112
50605,0.0045510256
50805,0.00067475444
50905,0.004327975
51005,0.0048898784
51205,0.0045970688
51605,0.008436927
51805,0.002938527
52005,0.0109212445
52105,0.0087713
52505,0.0026076024
52605,0.007839865
52705,0.00858722
53205,0.01620903
53305,0.0014272127
53405,0.001587376
53605,0.05454375
53905,0.007806919
54105,0.007244895
54205,0.008781786
54305,0.032918993
54405,0.014108013
54605,0.2013428
55005,0.05279793
55205,0.009824453
55405,0.0006123128
55505,0.016975967
55605,0.00063483807
56205,0.0019215363
56505,0.0046328083
56705,0.010848421
56805,0.00643964
57005,0.013047607
57105,0.0068450356
57205,0.0013932299
57305,0.0065847645
57505,0.012513992
57905,0.007228234
58005,0.003523054
58205,0.0051578917
58305,0.0034587928
58505,0.0025791947
58905,0.022077238
59105,0.010242144
59205,0.008865047
59505,0.00245015
59605,0.01276319
59805,0.010929266
59905,0.011259552
60405,0.006748785
60505,0.0012839606
60805,0.015287937
61105,0.039340667
61305,0.0028247156
61405,0.008635055
61705,0.041205145
62105,0.0050627775
62405,0.008071948
62705,0.017678346
62805,0.024922553
63505,0.0033480704
63605,0.004167038
63705,0.010608603
63805,0.016003538
63905,0.005079714
64305,0.0064172302
64405,0.004805859
6,0.004227829
106,0.011507094
406,0.013618356
606,0.025495812
706,0.034820426
1006,0.012233687
1206,0.013193104
1706,0.019659953
2206,0.019232951
2706,0.0035777274
2806,0.010920459
2906,0.05514622
3006,0.015151879
3106,0.008262503
3206,0.04118072
3306,0.01751047
3406,0.006662495
3706,0.009982458
4006,0.0036039168
4106,0.002976518
4206,0.5707455
4406,0.09146404
4706,0.0030050427
4806,0.015999882
4906,0.043970857
5106,0.0064240037
5206,0.13621546
5706,0.120443374
5906,0.027615901
6206,0.014704026
6306,0.005984898
6506,0.02480575
6606,0.009063386
6806,0.037398417
6906,0.020767039
7006,0.019547159
7206,0.15590943
7406,0.080322035
7506,0.07775889
7706,0.005757684
7906,0.012658858
8106,0.010555534
8206,0.012563581
8306,0.032458123
8406,0.03335468
8506,0.004522136
8606,0.009075821
8706,0.012076289
8906,0.006896835
9006,0.004324254
9206,0.010817535
9506,0.010391332
9806,0.03413563
9906,0.036550798
10106,0.17513548
10406,0.01461857
10506,0.0049355663
10606,0.0038819965
10706,0.054035906
10906,0.011457983
11206,0.045501653
11306,0.0052160793
11706,0.03157777
11906,0.01606187
12106,0.04859544
12406,0.08927757
12706,0.06081521
12906,0.02544047
13006,0.15210427
13406,0.025028456
13506,0.01696183
13606,0.013487741
13706,0.040975437
13906,0.19201347
14306,0.0131648565
14406,0.014032386
15406,0.024655158
15606,0.013121565
15706,0.1715667
15806,0.022495788
15906,0.0069625163
16106,0.0659587
16206,0.032344524
16306,0.015963897
16406,0.009365675
16506,0.0034716541
16606,0.014877467
17006,0.006574901
17106,0.008816511
17206,0.008825997
17306,0.009775778
17406,0.012651721
17606,0.015657753
17706,0.01409934
17906,0.030246193
18006,0.007969847
18106,0.017725874
18206,0.002798983
18406,0.008365083
18506,0.009266066
18706,0.007304718
18806,0.15549962
19106,0.04966054
19506,0.0107740415
19606,0.016976293
19706,0.008942324
19806,0.019291759
20706,0.18823457
20806,0.040333632
20906,0.096543945
21106,0.033721466
21206,0.104413964
21406,0.025161983
21806,0.028858464
22006,0.015919978
22306,0.045591716
22406,0.014033265
22506,0.013119584
22606,0.02666317
22906,0.004223482
23006,0.010244825
23206,0.03551142
23306,0.12328719
23606,0.026229821
23706,0.057157446
23806,0.03423753
23906,0.010419722
24106,0.00924239
24206,0.045279454
24406,0.008125901
24506,0.015032226
24606,0.031664383
24706,0.008070679
25306,0.022557177
25406,0.39692807
25806,0.0052696075
26006,0.0059466795
26106,0.0051163463
26206,0.057823442
26306,0.049035903
26406,0.0669691
26606,0.010331774
26706,0.004670188
26806,0.017738016
26906,0.026942292
27006,0.018556481
27306,0.012004614
27406,0.12920687
27506,0.017910207
27906,0.010177301
28006,0.02556333
28106,0.039216552
28306,0.009098765
28406,0.0514755
29006,0.019089395
29106,0.01573742
29306,0.11237632
29606,0.051210057
29706,0.01950569
29806,0.008404755
29906,0.010091909
30006,0.089830615
30106,0.09192706
30306,0.034815695
30406,0.026348675
30706,0.007371401
30806,0.0718921
31106,0.008956843
31206,0.043285426
31606,0.046479676
31706,0.049175825
31806,0.0066696373
31906,0.01818462
32006,0.017917614
32106,0.0056712264
32806,0.0038201027
33006,0.00851048
33106,0.0066529093
33506,0.010302969
33706,0.02148302
33806,0.017353622
33906,0.012047368
34006,0.0128898285
34206,0.013196793
34306,0.010291336
34406,0.002252428
34506,0.027075332
34606,0.086434044
34806,0.013137694
35006,0.29822436
35206,0.02190302
35306,0.007631842
35506,0.0152514735
35606,0.0026825294
35706,0.007038761
35906,0.029262159
36006,0.0389185
36106,0.009385671
36606,0.004246112
37206,0.0040653152
37406,0.4452682
37506,0.15057628
37606,0.06908331
37706,0.06358036
38106,0.24488777
38206,0.023005487
38306,0.028900439
38406,0.07693292
38606,0.011021073
38806,0.016875464
39106,0.06301313
39206,0.0077755195
39306,0.04445775
39406,0.04318637
39606,0.03522223
39706,0.0056903814
39906,0.018077126
40006,0.011536373
40206,0.014280953
40506,0.035256457
40606,0.047691535
41806,0.010007756
42006,0.06855907
42706,0.13907707
42906,0.0034365626
43606,0.16179316
44206,0.007593041
44506,0.040560707
44706,0.019768016
44906,0.0118398955
45206,0.46200833
45306,0.23471594
45506,0.18983644
45606,0.030096084
46106,0.0048170337
46306,0.026118675
46506,0.015162832
46906,0.00801982
47006,0.007981215
47106,0.002435174
47206,0.0064892317
47306,0.017366907
47606,0.024659678
47706,0.04983385
47806,0.015439305
47906,0.025459768
48206,0.040882204
48606,0.018371994
48706,0.00505257
49106,0.0065176296
49206,0.2664046
49606,0.087958455
49706,0.004889463
49906,0.01342872
50106,0.008733353
50306,0.021222347
50406,0.008365655
50606,0.05941976
50806,0.005732074
50906,0.024444107
51006,0.09099654
51206,0.030491648
51606,0.008066363
51806,0.019233843
52006,0.052519586
52106,0.25793886
52506,0.11174385
52606,0.22162084
52706,0.0012865588
53206,0.04787987
53306,0.06387102
53406,0.020592816
53606,0.012746693
53906,0.017351659
54106,0.0034375896
54206,0.054855507
54306,0.4663083
54406,0.008728717
54606,0.0005216285
55006,0.03543796
55206,0.09710912
55406,0.0027474533
55506,0.039048027
55606,0.08393858
56206,0.033795375
56506,0.014143189
56706,0.009544209
56806,0.1933356
57006,0.028541189
57106,0.01156894
57206,0.018000728
57306,0.19170907
57506,0.025979258
57906,0.008810014
58006,0.011907904
58206,0.007538844
58306,0.017082553
58506,0.01640352
58906,0.34197167
59106,0.01571096
59206,0.11866528
59506,0.00417353
59606,0.028153664
59806,0.09170871
59906,0.016705414
60406,0.027381197
60506,0.30056587
60806,0.22056247
61106,0.034429215
61306,0.004911455
61406,0.026173297
61706,0.010740942
62106,0.020559868
62406,0.029330745
62706,0.031955577
62806,0.016498169
63506,0.006098845
63606,0.055484034
63706,0.028872425
63806,0.012822958
63906,0.012056434
64306,0.04295431
64406,0.015801538
7,0.029002635
107,0.019894576
407,0.020490838
607,0.010445411
707,0.03125625
1007,0.06536491
1207,0.007755654
1707,0.21134421
2207,0.07509136
2707,0.0029912437
2807,0.028949985
2907,0.1154969
3007,0.015554417
3107,0.068468824
3207,0.042195976
3307,0.07436385
3407,0.05415013
3707,0.061718278
4007,0.016011864
4107,0.086075455
4207,0.025267547
4407,0.043441813
4707,0.01063883
4807,0.15086451
4907,0.034225732
5107,0.006034698
5207,0.02117383
5707,0.15908843
5907,0.24034436
6207,0.31704038
6307,0.018160911
6507,0.2495219
6607,0.048678316
6807,0.27180097
6907,0.029916052
7007,0.0059143016
7207,0.042335592
7407,0.008633516
7507,0.013724691
7707,0.13538863
7907,0.00914124
8107,0.003574751
8207,0.022106716
8307,0.012801811
8407,0.09607575
8507,0.119667135
8607,0.045875244
8707,0.030695237
8907,0.022713233
9007,0.013027266
9207,0.009527743
9507,0.07048279
9807,0.029739413
9907,0.020910533
10107,0.0392054
10407,0.19876742
10507,0.023627756
10607,0.14354946
10707,0.35088265
10907,0.010782385
11207,0.009484842
11307,0.027077727
11707,0.10046542
11907,0.12608984
12107,0.17564227
12407,0.20417364
12707,0.08260583
12907,0.012694334
13007,0.061829146
13407,0.03319727
13507,0.057215124
13607,0.41772297
13707,0.16791646
13907,0.1861966
14307,0.16330159
14407,0.041793857
15407,0.004406465
15607,0.012800271
15707,0.20813386
15807,0.06382197
15907,0.026719797
16107,0.019674275
16207,0.016548356
16307,0.02404468
16407,0.074720345
16507,0.0019574072
16607,0.012334233
17007,0.008889403
17107,0.16825154
17207,0.07594908
17307,0.050760645
17407,0.0059983847
17607,0.012688721
17707,0.08383362
17907,0.16189153
18007,0.14919299
18107,0.0074667055
18207,0.00387781
18407,0.021130295
18507,0.07768515
18707,0.004178214
18807,0.039463513
19107,0.024555625
19507,0.026796326
19607,0.012516707
19707,0.02184323
19807,0.016478933
20707,0.11927625
20807,0.03022634
20907,0.008726659
21107,0.021799458
21207,0.21530859
21407,0.07352198
21807,0.031531665
22007,0.17740168
22307,0.27374196
22407,0.07535089
22507,0.015553281
22607,0.05919934
22907,0.19948749
23007,0.015306819
23207,0.013803619
23307,0.12655886
23607,0.006743378
23707,0.07877326
23807,0.042061683
23907,0.04746315
24107,0.033949133
24207,0.019188268
24407,0.037644383
24507,0.011277998
24607,0.024329666
24707,0.030357683
25307,0.022365935
25407,0.05773476
25807,0.0018678113
26007,0.008850587
26107,0.013240865
26207,0.33318773
26307,0.019537888
26407,0.42678136
26607,0.0058485065
26707,0.007634717
26807,0.029878175
26907,0.009073075
27007,0.01797626
27307,0.04782146
27407,0.019459907
27507,0.014938462
27907,0.009176512
28007,0.012708606
28107,0.026263783
28307,0.011202247
28407,0.16084436
29007,0.001917783
29107,0.058689535
29307,0.023831546
29607,0.28168294
29707,0.05001182
29807,0.066121794
29907,0.23651168
30007,0.118052445
30107,0.019328326
30307,0.15933774
30407,0.23834711
30707,0.008977405
30807,0.026272178
31107,0.03002977
31207,0.22799818
31607,0.030649267
31707,0.038207382
31807,0.011859287
31907,0.066059455
32007,0.22846521
32107,0.18385963
32807,0.011153053
33007,0.09923762
33107,0.02228919
33507,0.010623473
33707,0.17421246
33807,0.08838882
33907,0.012404295
34007,0.00832339
34207,0.009049045
34307,0.07530035
34407,0.007981926
34507,0.007343171
34607,0.024662433
34807,0.010829519
35007,0.005343476
35207,0.03079295
35307,0.016834209
35507,0.0790986
35607,0.012438424
35707,0.01121974
35907,0.03036588
36007,0.01569472
36107,0.17598239
36607,0.005556447
37207,0.022571681
37407,0.0061054705
37507,0.15827471
37607,0.010495428
37707,0.0149713075
38107,0.033162944
38207,0.18627478
38307,0.16824338
38407,0.0065151826
38607,0.10714297
38807,0.09163412
39107,0.009644596
39207,0.10871632
39307,0.058645803
39407,0.010635647
39607,0.2208275
39707,0.014653228
39907,0.071548484
40007,0.029493071
40207,0.060415097
40507,0.034267895
40607,0.09099172
41807,0.007787714
42007,0.047801256
42707,0.024062991
42907,0.16715948
43607,0.02775384
44207,0.110248856
44507,0.19198363
44707,0.01598641
44907,0.045140814
45207,0.053746928
45307,0.084894136
45507,0.031226147
45607,0.2072905
46107,0.032178786
46307,0.10619423
46507,0.014512182
46907,0.13968085
47007,0.018484317
47107,0.0024779672
47207,0.018126974
47307,0.012215635
47607,0.26080889
47707,0.011600183
47807,0.043671574
47907,0.018583266
48207,0.024180248
48607,0.011118489
48707,0.0027176728
49107,0.06486895
49207,0.022374386
49607,0.02741572
49707,0.008414765
49907,0.07267477
50107,0.17459644
50307,0.0071184053
50407,0.008947438
50607,0.027987277
50807,0.006419683
50907,0.00841238
51007,0.010289388
51207,0.019133996
51607,0.18026598
51807,0.09376138
52007,0.06763104
52107,0.006155704
52507,0.177371
52607,0.037990365
52707,0.00011868527
53207,0.21718861
53307,0.108615406
53407,0.025699629
53607,0.13162811
53907,0.016102426
54107,0.05365239
54207,0.07523526
54307,0.06505751
54407,0.13642184
54607,0.10830087
55007,0.11060981
55207,0.01136271
55407,0.0062881075
55507,0.028142754
55607,0.0071013975
56207,0.015391895
56507,0.0034693414
56707,0.092494294
56807,0.014322279
57007,0.03205667
57107,0.01202217
57207,0.13952653
57307,0.06590231
57507,0.054399136
57907,0.0831687
58007,0.017971363
58207,0.006961823
58307,0.016243782
58507,0.037393525
58907,0.047300648
59107,0.006946154
59207,0.022978323
59507,0.0035789376
59607,0.019621238
59807,0.031749494
59907,0.012619395
60407,0.022472706
60507,0.03607699
60807,0.10893487
61107,0.06785125
61307,0.009828228
61407,0.02429649
61707,0.07671758
62107,0.16581434
62407,0.047117814
62707,0.061366092
62807,0.025997426
63507,0.01275261
63607,0.11826493
63707,0.03533124
63807,0.07032036
63907,0.0178426
64307,0.008128712
64407,0.16422313
8,0.030429576
108,0.026418718
408,0.0057784943
608,0.033656944
708,0.31380463
1008,0.026763076
1208,0.054043602
1708,0.20942532
2208,0.013021241
2708,0.07735054
2808,0.19672698
2908,0.121897325
3008,0.02571938
3108,0.19890285
3208,0.04405744
3308,0.08192376
3408,0.049112387
3708,0.04483716
4008,0.011132064
4108,0.023232484
4208,0.001762972
4408,0.14588496
4708,0.0044790083
4808,0.17382397
4908,0.0062494995
5108,0.034602225
5208,0.008044322
5708,0.06876338
5908,0.17314065
6208,0.033233467
6308,0.18680635
6508,0.096474096
6608,0.1179192
6808,0.02863325
6908,0.15394755
7008,0.10206554
7208,0.012196679
7408,0.04289347
7508,0.05651314
7708,0.44145086
7908,0.12146243
8108,0.23924677
8208,0.09766894
8308,0.16601293
8408,0.1412486
8508,0.47402292
8608,0.4582435
8708,0.16314241
8908,0.6165085
9008,0.16939434
9208,0.29444373
9508,0.0756729
9808,0.11821548
9908,0.111436136
10108,0.033704046
10408,0.19259638
10508,0.51196384
10608,0.118063495
10708,0.023784718
10908,0.048501875
11208,0.20055309
11308,0.13679956
11708,0.017292114
11908,0.2444029
12108,0.052604318
12408,0.058139082
12708,0.031848393
12908,0.1583223
13008,0.0035253172
13408,0.30720907
13508,0.20700401
13608,0.06294204
13708,0.09589797
13908,0.0058373283
14308,0.06758066
14408,0.14220172
15408,0.047449335
15608,0.10958545
15708,0.025608504
15808,0.2708967
15908,0.3722646
16108,0.08751392
16208,0.10563441
16308,0.024715854
16408,0.04919034
16508,0.0044369544
16608,0.042276084
17008,0.13889575
17108,0.035968646
17208,0.025672516
17308,0.03314664
17408,0.011930765
17608,0.1036431
17708,0.09847895
17908,0.16815104
18008,0.24803637
18108,0.0204643
18208,0.022306219
18408,0.011594704
18508,0.044290155
18708,0.046187498
18808,0.08529865
19108,0.08772413
19508,0.13239506
19608,0.017049154
19708,0.10242937
19808,0.01945654
20708,0.047203206
20808,0.008387903
20908,0.07044845
21108,0.037257794
21208,0.036507174
21408,0.09567667
21808,0.023201853
22008,0.0994794
22308,0.06937177
22408,0.10375029
22508,0.1137596
22608,0.032292094
22908,0.013243802
23008,0.040210936
23208,0.043765824
23308,0.00981252
23608,0.23159185
23708,0.0041425074
23808,0.13440926
23908,0.09230387
24108,0.1424256
24208,0.05144626
24408,0.35594323
24508,0.057057068
24608,0.2297034
24708,0.08854425
25308,0.014657581
25408,0.011105653
25808,0.25779632
26008,0.13408545
26108,0.44524264
26208,0.052055266
26308,0.38551384
26408,0.0107901795
26608,0.27608415
26708,0.07642442
26808,0.11431149
26908,0.2490257
27008,0.38985282
27308,0.18564549
27408,0.14532745
27508,0.030966101
27908,0.0646987
28008,0.024152538
28108,0.07801765
28308,0.01938627
28408,0.05969802
29008,0.3309161
29108,0.07541496
29308,0.06358439
29608,0.04520872
29708,0.034419846
29808,0.105075605
29908,0.09604317
30008,0.030875998
30108,0.083470486
30308,0.16066922
30408,0.12953414
30708,0.19658662
30808,0.052295152
31108,0.15973353
31208,0.092817664
31608,0.11380043
31708,0.09598654
31808,0.16897666
31908,0.12175826
32008,0.06181836
32108,0.1980814
32808,0.21564022
33008,0.03507053
33108,0.0152592305
33508,0.16180687
33708,0.26392394
33808,0.16860294
33908,0.13165608
34008,0.006563961
34208,0.018464295
34308,0.15692246
34408,0.008255765
34508,0.07055452
34608,0.064866975
34808,0.024357218
35008,0.032927368
35208,0.11101288
35308,0.025545781
35508,0.1857697
35608,0.27655548
35708,0.049410213
35908,0.108687095
36008,0.103479646
36108,0.22025104
36608,0.016559016
37208,0.07889709
37408,0.006891577
37508,0.020212973
37608,0.12253349
37708,0.2726743
38108,0.09320636
38208,0.052499596
38308,0.080245525
38408,0.017240258
38608,0.31932133
38808,0.07331922
39108,0.10426628
39208,0.040586066
39308,0.0113505935
39408,0.22476728
39608,0.04741557
39708,0.059618507
39908,0.13039033
40008,0.074577615
40208,0.21945243
40508,0.22064084
40608,0.24268772
41808,0.1212608
42008,0.06905867
42708,0.038275033
42908,0.15405065
43608,0.046237603
44208,0.02710919
44508,0.009106997
44708,0.061274044
44908,0.0701807
45208,0.004337212
45308,0.07221545
45508,0.027007302
45608,0.083179496
46108,0.025609924
46308,0.08845573
46508,0.19593671
46908,0.21084322
47008,0.39066997
47108,0.26648134
47208,0.15545768
47308,0.02277274
47608,0.08822093
47708,0.23011556
47808,0.1209643
47908,0.19535844
48208,0.06599111
48608,0.08882605
48708,0.0074585914
49108,0.14592214
49208,0.04643325
49608,0.017599033
49708,0.06569842
49908,0.15558836
50108,0.2261057
50308,0.024623604
50408,0.037415057
50608,0.031735223
50808,0.036956403
50908,0.12294464
51008,0.03817026
51208,0.08920747
51608,0.05927244
51808,0.04049895
52008,0.03239664
52108,0.0428858
52508,0.0388473
52608,0.03526189
52708,0.0012839402
53208,0.096307985
53308,0.0048299576
53408,0.010769137
53608,0.25638467
53908,0.058191393
54108,0.38445356
54208,0.02738955
54308,0.04315252
54408,0.08850251
54608,0.13768741
55008,0.25203693
55208,0.067185715
55408,0.0337048
55508,0.0929744
55608,0.04530091
56208,0.07579085
56508,0.29433602
56708,0.4017971
56808,0.04448268
57008,0.32048425
57108,0.28295597
57208,0.14446737
57308,0.040631264
57508,0.08681819
57908,0.23719704
58008,0.26104134
58208,0.38635138
58308,0.12594481
58508,0.20736682
58908,0.07207894
59108,0.24817447
59208,0.1508076
59508,0.4971745
59608,0.07890801
59808,0.056932025
59908,0.10858101
60408,0.29205698
60508,0.0044505973
60808,0.071675494
61108,0.18854618
61308,0.29941797
61408,0.23410985
61708,0.089465536
62108,0.041980445
62408,0.030813675
62708,0.12645571
62808,0.21847343
63508,0.23544665
63608,0.061671656
63708,0.07053478
63808,0.11867676
63908,0.447502
64308,0.028188769
64408,0.053777024
9,0.027999885
109,0.009679642
409,0.0044398177
609,0.16995807
709,0.017396338
1009,0.013986983
1209,0.0006596873
1709,0.011915432
2209,0.010744584
2709,0.0047236253
2809,0.015298626
2909,0.01626889
3009,0.1112733
3109,0.0038402993
3209,0.063047744
3309,0.037999142
3409,0.0105201965
3709,0.026943343
4009,0.045416143
4109,0.054564133
4209,0.034701537
4409,0.059611212
4709,0.027181737
4809,0.012003625
4909,0.25348198
5109,0.011921761
5209,0.23393099
5709,0.03379515
5909,0.022439366
6209,0.02414406
6309,0.088620804
6509,0.030730473
6609,0.034821596
6809,0.050888024
6909,0.014701915
7009,0.0047189007
7209,0.07585042
7409,0.02303995
7509,0.029379152
7709,0.0027429187
7909,0.0033896782
8109,0.31775704
8209,0.055388175
8309,0.042121105
8409,0.011858361
8509,0.019482452
8609,0.017529462
8709,0.0071415394
8909,0.023103649
9009,0.0147530055
9209,0.05942851
9509,0.0065164305
9809,0.027761446
9909,0.046143264
10109,0.027547091
10409,0.0141600035
10509,0.08687914
10609,0.0011976855
10709,0.01163978
10909,0.33164832
11209,0.030385032
11309,0.0060998136
11709,0.047968484
11909,0.014834852
12109,0.023924222
12409,0.022850273
12709,0.073570795
12909,0.36235023
13009,0.115736485
13409,0.02416795
13509,0.025426973
13609,0.015211623
13709,0.029791532
13909,0.024158929
14309,0.016183447
14409,0.034133058
15409,0.11865349
15609,0.124535374
15709,0.066243194
15809,0.0070269997
15909,0.019526215
16109,0.027789317
16209,0.07219061
16309,0.0020106912
16409,0.008877705
16509,0.0009204729
16609,0.004351221
17009,0.085087694
17109,0.008932437
17209,0.013479903
17309,0.002842607
17409,0.002573203
17609,0.049472474
17709,0.029732762
17909,0.010647269
18009,0.0134324515
18109,0.009906363
18209,0.0018135878
18409,0.003944158
18509,0.0109078195
18709,0.0042607575
18809,0.008758953
19109,0.02435755
19509,0.056975905
19609,0.009095769
19709,0.03376441
19809,0.039258946
20709,0.038266655
20809,0.2329584
20909,0.017854977
21109,0.16652025
21209,0.01542634
21409,0.25661454
21809,0.11135322
22009,0.009735272
22309,0.009644402
22409,0.038601145
22509,0.07087337
22609,0.16637817
22909,0.016572341
23009,0.0037744734
23209,0.009375411
23309,0.021168811
23609,0.0566962
23709,0.02015666
23809,0.0076220254
23909,0.04261849
24109,0.038345743
24209,0.14204504
24409,0.016913123
24509,0.005334599
24609,0.0031435182
24709,0.06823978
25309,0.005679961
25409,0.0585231
25809,0.0060182125
26009,0.022802893
26109,0.091113925
26209,0.047791313
26309,0.04638214
26409,0.022362245
26609,0.30744696
26709,0.16368528
26809,0.028730052
26909,0.053521536
27009,0.019970283
27309,0.005492919
27409,0.006730568
27509,0.049022745
27909,0.0091259815
28009,0.09395575
28109,0.09536223
28309,0.2598131
28409,0.12028357
29009,0.023695925
29109,0.10842011
29309,0.057209294
29609,0.01455386
29709,0.116938084
29809,0.026901426
29909,0.0042289835
30009,0.14792155
30109,0.054495335
30309,0.01166274
30409,0.065075666
30709,0.021272346
30809,0.014994877
31109,0.017257491
31209,0.023708897
31609,0.012196253
31709,0.04017645
31809,0.021605015
31909,0.061437123
32009,0.0078083063
32109,0.003708406
32809,0.26354852
33009,0.008861466
33109,0.007052481
33509,0.07699926
33709,0.009622145
33809,0.016939986
33909,0.00088704017
34009,0.005636245
34209,0.0049373703
34309,0.018996624
34409,0.0017096555
34509,0.0050308662
34609,0.021723783
34809,0.0017625615
35009,0.018526727
35209,0.013629831
35309,0.1347843
35509,0.02488269
35609,0.012525991
35709,0.022524415
35909,0.022761019
36009,0.042019613
36109,0.005132345
36609,0.16385402
37209,0.02529973
37409,0.094147675
37509,0.042753853
37609,0.12921725
37709,0.13722272
38109,0.09420732
38209,0.017038599
38309,0.044292334
38409,0.3412794
38609,0.033404052
38809,0.017583705
39109,0.06790823
39209,0.009442118
39309,0.18046759
39409,0.040148802
39609,0.015567753
39709,0.018091947
39909,0.004284109
40009,0.0054506287
40209,0.01120911
40509,0.023856582
40609,0.04114042
41809,0.010521945
42009,0.023022858
42709,0.037283868
42909,0.0007169529
43609,0.019982578
44209,0.033152588
44509,0.013457206
44709,0.052735675
44909,0.15623201
45209,0.036424235
45309,0.034937695
45509,0.07449262
45609,0.04324235
46109,0.010132916
46309,0.08650378
46509,0.013371837
46909,0.0014269155
47009,0.0036107847
47109,0.0031362611
47209,0.029898765
47309,0.10921504
47609,0.030340768
47709,0.065442584
47809,0.0675249
47909,0.04919234
48209,0.058289506
48609,0.005357152
48709,0.003015159
49109,0.016094463
49209,0.037898093
49609,0.006420757
49709,0.0030282494
49909,0.0032445963
50109,0.008352186
50309,0.006048959
50409,0.01078964
50609,0.025842207
50809,0.002980365
50909,0.008439815
51009,0.012039671
51209,0.0052332114
51609,0.023393447
51809,0.046260547
52009,0.029513324
52109,0.14535515
52509,0.006779725
52609,0.03636498
52709,0.8937356
53209,0.014589922
53309,0.09047781
53409,0.13177592
53609,0.004717178
53909,0.4632276
54109,0.021502709
54209,0.13533595
54309,0.06024544
54409,0.05085295
54609,0.000110900764
55009,0.020630082
55209,0.049621783
55409,0.017392294
55509,0.004005309
55609,0.008731547
56209,0.09858171
56509,0.2509824
56709,0.020760046
56809,0.008883893
57009,0.009833431
57109,0.01478447
57209,0.029273149
57309,0.016750282
57509,0.026052868
57909,0.018422931
58009,0.042118266
58209,0.017986607
58309,0.0064554266
58509,0.16188574
58909,0.0149000585
59109,0.07935062
59209,0.014241841
59509,0.023841195
59609,0.18287648
59809,0.035441466
59909,0.037856687
60409,0.0034309693
60509,0.04283346
60809,0.11101965
61109,0.006380272
61309,0.015575638
61409,0.011392774
61709,0.0056182574
62109,0.03233351
62409,0.16580974
62709,0.27464026
62809,0.0113738915
63509,0.020737955
63609,0.06321992
63709,0.061539587
63809,0.079732805
63909,0.012471493
64309,0.0835582
64409,0.0096605
10,0.49186143
110,0.36488414
410,0.41960433
610,0.57328814
710,0.078228794
1010,0.53927714
1210,0.17799036
1710,0.07200877
2210,0.36090356
2710,0.0070436597
2810,0.39746687
2910,0.047559753
3010,0.5024452
3110,0.030160058
3210,0.33913034
3310,0.036903445
3410,0.44967878
3710,0.042010613
4010,0.36731365
4110,0.0034201352
4210,0.3015443
4410,0.14446957
4710,0.24309371
4810,0.012759478
4910,0.46462584
5110,0.023809226
5210,0.41615596
5710,0.10431028
5910,0.028583555
6210,0.27234516
6310,0.053234253
6510,0.09280991
6610,0.30646923
6810,0.18833682
6910,0.035936274
7010,0.03073574
7210,0.100180835
7410,0.14398916
7510,0.1617306
7710,0.033782255
7910,0.02587981
8110,0.2816761
8210,0.06661665
8310,0.43583205
8410,0.031936478
8510,0.045693062
8610,0.0773177
8710,0.08666767
8910,0.09746703
9010,0.122458115
9210,0.082143694
9510,0.07183143
9810,0.09429557
9910,0.112628326
10110,0.22817618
10410,0.018691856
10510,0.04965113
10610,0.015701689
10710,0.21560428
10910,0.08169514
11210,0.2939602
11310,0.028927943
11710,0.13018766
11910,0.027007906
12110,0.13564278
12410,0.24343397
12710,0.54948306
12910,0.16363487
13010,0.56062686
13410,0.04032685
13510,0.035862558
13610,0.055407517
13710,0.030035725
13910,0.47216865
14310,0.075979754
14410,0.44962376
15410,0.62565786
15610,0.04335609
15710,0.25130334
15810,0.052104034
15910,0.13518868
16110,0.26858944
16210,0.41888753
16310,0.3943299
16410,0.5325717
16510,0.2549181
16610,0.56227905
17010,0.019260276
17110,0.27727374
17210,0.28619462
17310,0.32451785
17410,0.1176341
17610,0.5934758
17710,0.13082358
17910,0.042086307
18010,0.15811503
18110,0.07374427
18210,0.010882861
18410,0.18439345
18510,0.43271768
18710,0.015733002
18810,0.11719923
19110,0.20029661
19510,0.25311273
19610,0.13654952
19710,0.09803851
19810,0.019328399
20710,0.082767345
20810,0.50694597
20910,0.25209373
21110,0.21383843
21210,0.2560237
21410,0.04722668
21810,0.17104629
22010,0.033169355
22310,0.1468508
22410,0.51188904
22510,0.022077305
22610,0.5043865
22910,0.06185604
23010,0.04478298
23210,0.06888056
23310,0.49262613
23610,0.06081071
23710,0.5262566
23810,0.03971288
23910,0.5418561
24110,0.2608814
24210,0.34248054
24410,0.0622565
24510,0.05308402
24610,0.02873181
24710,0.28111753
25310,0.22575986
25410,0.3308574
25810,0.29216245
26010,0.25770274
26110,0.10015795
26210,0.07592878
26310,0.021123372
26410,0.36923975
26610,0.14651202
26710,0.55492103
26810,0.11955632
26910,0.13153642
27010,0.15226004
27310,0.18688399
27410,0.073158436
27510,0.04959133
27910,0.0656383
28010,0.09236611
28110,0.5877809
28310,0.5216097
28410,0.09816062
29010,0.35390317
29110,0.23343886
29310,0.24407272
29610,0.09775529
29710,0.33864605
29810,0.36911654
29910,0.03482637
30010,0.30168718
30110,0.43423507
30310,0.029885355
30410,0.038208812
30710,0.4899438
30810,0.16237092
31110,0.5302922
31210,0.088371694
31610,0.29923314
31710,0.27884376
31810,0.5099716
31910,0.071344905
32010,0.15321484
32110,0.17432798
32810,0.3040322
33010,0.2508603
33110,0.2751636
33510,0.41625774
33710,0.06020665
33810,0.1424754
33910,0.028766304
34010,0.088391714
34210,0.048573215
34310,0.25195295
34410,0.060593005
34510,0.0357568
34610,0.1806986
34810,0.11173069
35010,0.22030643
35210,0.020098735
35310,0.34563205
35510,0.13329543
35610,0.38791004
35710,0.1839162
35910,0.15199505
36010,0.2889867
36110,0.04359774
36610,0.33282217
37210,0.022039952
37410,0.31646994
37510,0.3789011
37610,0.17731756
37710,0.079271466
38110,0.123883285
38210,0.08578594
38310,0.071551435
38410,0.2631057
38610,0.012472365
38810,0.053043686
39110,0.12719896
39210,0.07003956
39310,0.2501764
39410,0.10388918
39610,0.21688133
39710,0.03624247
39910,0.18861113
40010,0.056415353
40210,0.055338584
40510,0.24557728
40610,0.07071659
41810,0.30836982
42010,0.0735067
42710,0.27648607
42910,0.0050109625
43610,0.46269748
44210,0.51692045
44510,0.46450746
44710,0.24889348
44910,0.046971306
45210,0.32878026
45310,0.11124079
45510,0.44222406
45610,0.054482777
46110,0.06302352
46310,0.20208217
46510,0.4419113
46910,0.036173973
47010,0.05118099
47110,0.3198235
47210,0.38876677
47310,0.4029357
47610,0.028087717
47710,0.056051347
47810,0.043497063
47910,0.5156433
48210,0.5199349
48610,0.39684293
48710,0.20842294
49110,0.31150785
49210,0.3204766
49610,0.28412837
49710,0.046883777
49910,0.2021474
50110,0.052044876
50310,0.07512181
50410,0.028946789
50610,0.10020003
50810,0.014164551
50910,0.09270154
51010,0.09317084
51210,0.02168362
51610,0.03890739
51810,0.29396215
52010,0.07966665
52110,0.14118356
52510,0.38814908
52610,0.1537386
52710,0.04604283
53210,0.06286558
53310,0.546571
53410,0.14069377
53610,0.011351943
53910,0.11508406
54110,0.16266242
54210,0.52880985
54310,0.11261337
54410,0.2819971
54610,0.0013050957
55010,0.029290104
55210,0.06637362
55410,0.010612352
55510,0.07805249
55610,0.26764348
56210,0.113445215
56510,0.23777969
56710,0.082409866
56810,0.102612704
57010,0.08637055
57110,0.1378761
57210,0.39766267
57310,0.14688478
57510,0.12462527
57910,0.14879823
58010,0.34270275
58210,0.20908652
58310,0.023223257
58510,0.21561502
58910,0.20550273
59110,0.29027405
59210,0.26143363
59510,0.15255724
59610,0.39932472
59810,0.19832988
59910,0.051849682
60410,0.11493752
60510,0.46337715
60810,0.15371998
61110,0.05897994
61310,0.3635231
61410,0.26423496
61710,0.026307464
62110,0.46805272
62410,0.2756669
62710,0.08425178
62810,0.058918174
63510,0.41912493
63610,0.3996372
63710,0.082255304
63810,0.081925586
63910,0.18669336
64310,0.45250216
64410,0.32213807
11,0.003914216
111,0.21511726
411,0.1660468
611,0.01185574
711,0.030092968
1011,0.043224238
1211,0.37393048
1711,0.027661435
2211,0.027872493
2711,0.017106075
2811,0.016576197
2911,0.05122511
3011,0.018263478
3111,0.049560208
3211,0.040068515
3311,0.061353832
3411,0.04674845
3711,0.05411712
4011,0.0038231625
4111,0.00042355104
4211,0.010508797
4411,0.017724073
4711,0.0024790775
4811,0.025011094
4911,0.007982276
5111,0.03356867
5211,0.012666284
5711,0.0258169
5911,0.028878512
6211,0.010831181
6311,0.018536512
6511,0.012685526
6611,0.0071512572
6811,0.01066029
6911,0.034778595
7011,0.030393254
7211,0.018049017
7411,0.09310914
7511,0.22258393
7711,0.08813402
7911,0.041651487
8111,0.0064483145
8211,0.05774198
8311,0.030531185
8411,0.032523997
8511,0.020687668
8611,0.059790734
8711,0.025147142
8911,0.016112514
9011,0.0077054207
9211,0.020485822
9511,0.021467201
9811,0.007215993
9911,0.011069034
10111,0.05234849
10411,0.01389538
10511,0.008300195
10611,0.0043293936
10711,0.0086125415
10911,0.011549458
11211,0.053614438
11311,0.017605944
11711,0.02789231
11911,0.03369888
12111,0.045274094
12411,0.017502066
12711,0.014802978
12911,0.0041859583
13011,0.006721568
13411,0.02584829
13511,0.06311381
13611,0.009220432
13711,0.016609168
13911,0.018132411
14311,0.007477495
14411,0.0045635314
15411,0.007245275
15611,0.027945686
15711,0.008356173
15811,0.103200786
15911,0.032668255
16111,0.11139212
16211,0.012945869
16311,0.26294172
16411,0.038943335
16511,0.40037057
16611,0.05228161
17011,0.0085890945
17111,0.13944119
17211,0.26828784
17311,0.105506554
17411,0.65144616
17611,0.023444638
17711,0.09190766
17911,0.07605058
18011,0.020173956
18111,0.112465195
18211,0.019066764
18411,0.015319492
18511,0.025562776
18711,0.06931929
18811,0.031698436
19111,0.1255201
19511,0.1142466
19611,0.06870931
19711,0.025868822
19811,0.058193482
20711,0.030139558
20811,0.0065057743
20911,0.07462022
21111,0.020639267
21211,0.061413057
21411,0.010401262
21811,0.023935039
22011,0.0105423555
22311,0.037513502
22411,0.00582759
22511,0.00940016
22611,0.0098202275
22911,0.0076043527
23011,0.10741219
23211,0.086733565
23311,0.033569984
23611,0.019806769
23711,0.027615592
23811,0.12231993
23911,0.045420114
24111,0.05497859
24211,0.026837764
24411,0.016508333
24511,0.044329993
24611,0.07967921
24711,0.006704718
25311,0.38900074
25411,0.01623141
25811,0.00092311733
26011,0.006403809
26111,0.005223794
26211,0.02149063
26311,0.048170183
26411,0.007411639
26611,0.010276465
26711,0.0040077213
26811,0.08699346
26911,0.032339122
27011,0.07116952
27311,0.006563855
27411,0.27032465
27511,0.0933147
27911,0.045923088
28011,0.08386481
28111,0.0073150373
28311,0.005824587
28411,0.013281953
29011,0.008217343
29111,0.024128996
29311,0.045456614
29611,0.012221095
29711,0.006488642
29811,0.004504838
29911,0.008027018
30011,0.018321441
30111,0.01435759
30311,0.04290587
30411,0.009717675
30711,0.0049727857
30811,0.09176884
31111,0.00936998
31211,0.010496741
31611,0.109835014
31711,0.0056207343
31811,0.004928054
31911,0.03770463
32011,0.0131105315
32111,0.01714042
32811,0.0042322506
33011,0.26891842
33111,0.4450898
33511,0.026548967
33711,0.024028515
33811,0.09554715
33911,0.068125874
34011,0.03320196
34211,0.0134151485
34311,0.02145733
34411,0.022577368
34511,0.0151389595
34611,0.057087947
34811,0.09220904
35011,0.17551322
35211,0.0278297
35311,0.0045155534
35511,0.05391737
35611,0.0035728295
35711,0.004666504
35911,0.082869604
36011,0.004172993
36111,0.010963737
36611,0.0060555344
37211,0.05053742
37411,0.021165563
37511,0.030600177
37611,0.004974437
37711,0.03482952
38111,0.03754313
38211,0.0037253078
38311,0.023126768
38411,0.01256422
38611,0.044096526
38811,0.007172831
39111,0.034108367
39211,0.013400172
39311,0.041808985
39411,0.042686734
39611,0.064418264
39711,0.12637728
39911,0.16064116
40011,0.054293323
40211,0.1640648
40511,0.09170397
40611,0.05300341
41811,0.013783334
42011,0.010618305
42711,0.06473583
42911,0.009971285
43611,0.05124533
44211,0.018466009
44511,0.048466332
44711,0.04000084
44911,0.008322663
45211,0.0148243625
45311,0.041919176
45511,0.031298388
45611,0.0121784285
46111,0.002347405
46311,0.020616077
46511,0.0077271797
46911,0.38268065
47011,0.04743839
47111,0.0009331251
47211,0.022482162
47311,0.014828698
47611,0.010982969
47711,0.057267763
47811,0.028530953
47911,0.02062227
48211,0.02693722
48611,0.05107728
48711,0.4359974
49111,0.0060183583
49211,0.05142921
49611,0.2936573
49711,0.11596035
49911,0.034758773
50111,0.13956095
50311,0.03154211
50411,0.07658248
50611,0.031005865
50811,0.041444715
50911,0.006978113
51011,0.011731093
51211,0.024293805
51611,0.020557133
51811,0.04948133
52011,0.023924325
52111,0.044296097
52511,0.05629017
52611,0.009537406
52711,0.000118457414
53211,0.04688395
53311,0.008599807
53411,0.02797335
53611,0.08262354
53911,0.00994201
54111,0.0048519922
54211,0.009402462
54311,0.02448964
54411,0.0129213305
54611,0.0056568254
55011,0.032940436
55211,0.019036055
55411,0.012876557
55511,0.066262625
55611,0.20592067
56211,0.028808562
56511,0.0057027647
56711,0.045561932
56811,0.033460915
57011,0.01834588
57111,0.009671825
57211,0.07359776
57311,0.09955111
57511,0.028534628
57911,0.015307681
58011,0.0053229667
58211,0.005730559
58311,0.03493106
58511,0.009113644
58911,0.08671711
59111,0.009422705
59211,0.024793116
59511,0.0068105822
59611,0.015197712
59811,0.04937287
59911,0.045679472
60411,0.010643132
60511,0.031140279
60811,0.049945127
61111,0.025794758
61311,0.0039757336
61411,0.009466445
61711,0.014180961
62111,0.010362484
62411,0.016889337
62711,0.015504029
62811,0.025036763
63511,0.0049849222
63611,0.026837608
63711,0.032955673
63811,0.019160386
63911,0.0331219
64311,0.029854102
64411,0.032746423
12,0.001410977
112,0.011690819
412,0.003596103
612,0.0045543457
712,0.068184346
1012,0.00433447
1212,0.012179004
1712,0.024816226
2212,0.0047067623
2712,0.0019639265
2812,0.007046992
2912,0.033811662
3012,0.008111545
3112,0.046059143
3212,0.009309552
3312,0.03549006
3412,0.007465794
3712,0.0041944175
4012,0.0010906456
4112,0.5220697
4212,0.00049522315
4412,0.009390675
4712,0.0004908705
4812,0.052366074
4912,0.0023423177
5112,0.0016633797
5212,0.002173864
5712,0.02630283
5912,0.06748938
6212,0.009881643
6312,0.0194339
6512,0.012754767
6612,0.00549277
6812,0.007439839
6912,0.033847295
7012,0.0069832606
7212,0.008532948
7412,0.0051833857
7512,0.09468721
7712,0.020158386
7912,0.0028626143
8112,0.0048731943
8212,0.005776046
8312,0.004642309
8412,0.014269455
8512,0.012972986
8612,0.0118349865
8712,0.019616257
8912,0.019007558
9012,0.0047774785
9212,0.009463139
9512,0.009308523
9812,0.009338055
9912,0.005295631
10112,0.003567695
10412,0.043230332
10512,0.02098178
10612,0.0020004085
10712,0.0025090901
10912,0.002019304
11212,0.0058668205
11312,0.017659687
11712,0.013076878
11912,0.039567064
12112,0.03624965
12412,0.0064676283
12712,0.007998611
12912,0.005800155
13012,0.0011248641
13412,0.059115406
13512,0.07418818
13612,0.02388978
13712,0.012380468
13912,0.0020217267
14312,0.00761027
14412,0.0110955285
15412,0.0027474796
15612,0.007924626
15712,0.0041848896
15812,0.012465889
15912,0.017468806
16112,0.008458331
16212,0.021973431
16312,0.0029483964
16412,0.0041177343
16512,0.003383824
16612,0.0026394334
17012,0.01322851
17112,0.0056366613
17212,0.013225064
17312,0.0054297578
17412,0.020306261
17612,0.0047166287
17712,0.08788246
17912,0.020560635
18012,0.028611157
18112,0.0031038339
18212,0.0013523507
18412,0.0038761466
18512,0.008096321
18712,0.0017921923
18812,0.00878158
19112,0.016038764
19512,0.052891392
19612,0.0071388646
19712,0.0054971273
19812,0.0019957982
20712,0.032093376
20812,0.0028773944
20912,0.013716638
21112,0.007200098
21212,0.015335664
21412,0.008079715
21812,0.0048935064
22012,0.0148526635
22312,0.0060031964
22412,0.00790148
22512,0.014352153
22612,0.0037486823
22912,0.064177796
23012,0.023507405
23212,0.0040103737
23312,0.0034830826
23612,0.005119359
23712,0.0020567467
23812,0.036721103
23912,0.010055706
24112,0.007329454
24212,0.008409083
24412,0.020141244
24512,0.0031450312
24612,0.01813747
24712,0.007415291
25312,0.019102778
25412,0.0023994404
25812,0.0022035055
26012,0.003398834
26112,0.012744146
26212,0.02111927
26312,0.05144897
26412,0.0014853539
26612,0.0057512703
26712,0.002997185
26812,0.003105005
26912,0.0075047812
27012,0.025164159
27312,0.014168688
27412,0.028123178
27512,0.0053791883
27912,0.002550963
28012,0.0022766248
28112,0.01048988
28312,0.0020158666
28412,0.009341844
29012,0.005826558
29112,0.008587029
29312,0.011379623
29612,0.00882644
29712,0.012034755
29812,0.0026485315
29912,0.018518362
30012,0.010146596
30112,0.008053147
30312,0.032383114
30412,0.03487369
30712,0.0052273655
30812,0.018599737
31112,0.005533381
31212,0.012999173
31612,0.0045477683
31712,0.008193311
31812,0.002774543
31912,0.026952948
32012,0.008700963
32112,0.00938372
32812,0.012590135
33012,0.012378152
33112,0.0171938
33512,0.0043641743
33712,0.010748802
33812,0.066034295
33912,0.0048486367
34012,0.0044960347
34212,0.00998326
34312,0.018121762
34412,0.0017614749
34512,0.0100571085
34612,0.0029286407
34812,0.018943971
35012,0.0066980314
35212,0.043397684
35312,0.002224299
35512,0.026491418
35612,0.0039779437
35712,0.0038148605
35912,0.024084913
36012,0.0037462143
36112,0.014483384
36612,0.0039198105
37212,0.036715806
37412,0.0024331205
37512,0.0060858573
37612,0.01067938
37712,0.0068775513
38112,0.012963776
38212,0.005919956
38312,0.026252173
38412,0.0038799965
38612,0.0830401
38812,0.015054635
39112,0.010144048
39212,0.091390826
39312,0.005937419
39412,0.006487159
39612,0.012441793
39712,0.07872065
39912,0.042562094
40012,0.0038669552
40212,0.17957245
40512,0.016268127
40612,0.018948274
41812,0.005901891
42012,0.013469082
42712,0.006037908
42912,0.004982552
43612,0.004809494
44212,0.0043111513
44512,0.002638911
44712,0.005152807
44912,0.023188163
45212,0.0007596698
45312,0.006253012
45512,0.0023014597
45612,0.03210811
46112,0.005555523
46312,0.021646185
46512,0.0076790797
46912,0.031028068
47012,0.007741331
47112,0.0020414074
47212,0.014157778
47312,0.0038130395
47612,0.028211368
47712,0.038563006
47812,0.012337134
47912,0.007916659
48212,0.01077873
48612,0.00509381
48712,0.013171572
49112,0.004405398
49212,0.019984605
49612,0.0041619404
49712,0.003262441
49912,0.05788689
50112,0.052945614
50312,0.0039681816
50412,0.0015599475
50612,0.01351433
50812,0.0020701746
50912,0.006551687
51012,0.003840343
51212,0.02192398
51612,0.02085285
51812,0.0026736078
52012,0.0065575317
52112,0.0030379468
52512,0.0063379584
52612,0.011330712
52712,0.0067839995
53212,0.015028308
53312,0.0018933607
53412,0.028155515
53612,0.050816778
53912,0.0073651406
54112,0.016079988
54212,0.009845974
54312,0.005092047
54412,0.022430113
54612,0.0017100995
55012,0.03460489
55212,0.006609146
55412,0.003183001
55512,0.028133113
55612,0.0073798923
56212,0.0041875592
56512,0.008502295
56712,0.020445826
56812,0.007548452
57012,0.04534732
57112,0.0072587957
57212,0.01220309
57312,0.0052632834
57512,0.01491278
57912,0.026429452
58012,0.004534528
58212,0.0032002723
58312,0.0049285297
58512,0.004708095
58912,0.009061141
59112,0.0040078834
59212,0.008553219
59512,0.011101225
59612,0.0052959877
59812,0.024374528
59912,0.010425507
60412,0.004459531
60512,0.0020185574
60812,0.0121864695
61112,0.008338754
61312,0.005579693
61412,0.006177997
61712,0.010810782
62112,0.0043495367
62412,0.006710339
62712,0.018484294
62812,0.046973687
63512,0.0067465324
63612,0.013865358
63712,0.023267716
63812,0.018685758
63912,0.02210088
64312,0.014302805
64412,0.0072177905
13,0.0011112448
113,0.0018732161
413,0.00064080727
613,0.0016684128
713,0.0030691558
1013,0.00049046444
1213,0.00017339495
1713,0.009731898
2213,0.00034484244
2713,8.969555e-05
2813,0.020225557
2913,0.014216781
3013,0.00404926
3113,0.0011517988
3213,0.003931194
3313,0.018209971
3413,0.00094277743
3713,0.010081478
4013,0.0044924994
4113,0.0009569169
4213,8.476957e-05
4413,0.0057619605
4713,0.0022015858
4813,0.01883433
4913,0.006274504
5113,0.0012214193
5213,0.0020498424
5713,0.008814324
5913,0.011346862
6213,0.012025115
6313,0.004218284
6513,0.026735157
6613,0.042417724
6813,0.028924508
6913,0.0016504949
7013,0.0004082869
7213,0.00060994504
7413,0.0011683006
7513,0.010445141
7713,0.0012418784
7913,0.00024130297
8113,0.0016580247
8213,0.001371922
8313,0.00086269435
8413,0.026270736
8513,0.005771764
8613,0.00084179564
8713,0.0034551108
8913,0.0022104646
9013,0.0010564679
9213,0.0007778919
9513,0.08327268
9813,0.04697497
9913,0.032318495
10113,0.0062217847
10413,0.0073791
10513,0.0036662105
10613,0.058470704
10713,0.0060075214
10913,0.0029678594
11213,0.00095951156
11313,0.00054344186
11713,0.0023693268
11913,0.022342412
12113,0.026138645
12413,0.014292835
12713,0.0033041392
12913,0.0049449573
13013,0.0027479285
13413,0.005051606
13513,0.05406518
13613,0.023585552
13713,0.014086227
13913,0.0004246232
14313,0.14413346
14413,0.016238067
15413,0.0042819423
15613,0.0040497654
15713,0.0083030565
15813,0.00071276235
15913,0.0006551007
16113,0.0057084286
16213,0.0043024584
16313,0.00019481484
16413,0.0009857873
16513,0.00013258697
16613,0.00054100435
17013,0.0015264768
17113,0.0010360399
17213,0.0013462666
17313,0.00022405304
17413,0.0003546091
17613,0.0047088913
17713,0.023897113
17913,0.00728501
18013,0.009884881
18113,0.0003985772
18213,8.759296e-05
18413,9.357844e-05
18513,0.00075131684
18713,0.00015238248
18813,0.005624169
19113,0.034678835
19513,0.014583405
19613,0.0004779707
19713,0.028495632
19813,0.0006271409
20713,0.008174964
20813,0.011157843
20913,0.003104744
21113,0.0036166748
21213,0.0043625254
21413,0.0065186312
21813,0.007834327
22013,0.078436814
22313,0.017249087
22413,0.011188183
22513,0.002567612
22613,0.014134971
22913,0.0011210598
23013,0.00053216226
23213,0.0030957377
23313,0.0009314748
23613,0.00070664845
23713,0.00025756282
23813,0.0080605
23913,0.0030242559
24113,0.00089035305
24213,0.0009588584
24413,0.0029700885
24513,0.00050163525
24613,0.003030194
24713,0.0007832612
25313,0.0013241635
25413,0.0011844925
25813,0.0054023466
26013,0.08105174
26113,0.0106925685
26213,0.010209535
26313,0.0016147536
26413,0.0070619034
26613,0.0045572002
26713,0.006300862
26813,0.00091660087
26913,0.0035308225
27013,0.0020577034
27313,0.014328726
27413,0.0031140759
27513,0.0011700665
27913,0.00065027754
28013,0.00076367124
28113,0.0022776648
28313,0.0036945855
28413,0.012439758
29013,0.003010606
29113,0.009718066
29313,0.004273549
29613,0.025820382
29713,0.03588094
29813,0.028761318
29913,0.06028779
30013,0.0031239826
30113,0.010776184
30313,0.013611126
30413,0.013270114
30713,0.0026528188
30813,0.0120424945
31113,0.0056413575
31213,0.02346987
31613,0.0005874273
31713,0.030753385
31813,0.0043992433
31913,0.003860813
32013,0.040175278
32113,0.00806639
32813,0.0055441847
33013,0.0015950571
33113,0.0010923592
33513,0.0014582522
33713,0.0145936515
33813,0.014490602
33913,0.0003204967
34013,0.00017341033
34213,0.00041367701
34313,0.0021363785
34413,0.00010683401
34513,0.0006944204
34613,0.00054620364
34813,0.000321375
35013,0.00032990455
35213,0.0025178005
35313,0.005329809
35513,0.021827826
35613,0.005770378
35713,0.09407234
35913,0.010846276
36013,0.024488764
36113,0.009685276
36613,0.10236327
37213,0.09831488
37413,0.0005248681
37513,0.002474222
37613,0.014271072
37713,0.0018460942
38113,0.0024597147
38213,0.038544353
38313,0.0104242405
38413,0.0009927417
38613,0.014803534
38813,0.14946325
39113,0.0008217
39213,0.001208927
39313,0.0014609162
39413,0.0014435437
39613,0.0010697249
39713,0.11187251
39913,0.0023488125
40013,0.0008722878
40213,0.009732822
40513,0.001606706
40613,0.004740807
41813,0.021556798
42013,0.057907164
42713,0.0012815072
42913,0.022010218
43613,0.004721911
44213,0.0122518325
44513,0.00044576725
44713,0.0033103754
44913,0.026962414
45213,0.0002267566
45313,0.010752219
45513,0.0021362838
45613,0.008009825
46113,0.37637115
46313,0.016535256
46513,0.0033664652
46913,0.00070498366
47013,0.0006151475
47113,0.002382924
47213,0.0050629918
47313,0.0049776137
47613,0.024769105
47713,0.0028317806
47813,0.0033648855
47913,0.00065837504
48213,0.0050328905
48613,0.00092180254
48713,0.00075061613
49113,0.040949963
49213,0.0012197101
49613,0.0003685387
49713,0.0003120237
49913,0.0038917505
50113,0.007919904
50313,0.00011475755
50413,0.0001828461
50613,0.0022252344
50813,0.00016399471
50913,0.003765557
51013,0.0009489909
51213,0.0015413647
51613,0.004515922
51813,0.0022425833
52013,0.0380193
52113,0.00083781866
52513,0.0007796022
52613,0.014523581
52713,0.0051205656
53213,0.0153926825
53313,0.0029255447
53413,0.010035798
53613,0.014312543
53913,0.012904795
54113,0.016875284
54213,0.002267297
54313,0.0023925903
54413,0.02630826
54613,0.047103897
55013,0.009327721
55213,0.0013132347
55413,0.00039785256
55513,0.020454416
55613,0.0013824975
56213,0.0017653536
56513,0.001544494
56713,0.0027418255
56813,0.002354495
57013,0.009534404
57113,0.0016373135
57213,0.0013942149
57313,0.0010835447
57513,0.03232216
57913,0.030688042
58013,0.006600061
58213,0.0017718305
58313,0.0010428928
58513,0.006366524
58913,0.002839929
59113,0.0069619045
59213,0.0029356526
59513,0.0016105035
59613,0.010657624
59813,0.009313749
59913,0.010488103
60413,0.0027792125
60513,0.00020605225
60813,0.006048291
61113,0.023321884
61313,0.008884059
61413,0.018872907
61713,0.14739798
62113,0.016620612
62413,0.008920447
62713,0.0030149554
62813,0.0031814142
63513,0.01275109
63613,0.0030123733
63713,0.0017448404
63813,0.00975478
63913,0.0029077881
64313,0.010418433
64413,0.015017355
14,0.009925073
114,0.020051258
414,0.0064969724
614,0.017432723
714,0.041244324
1014,0.013737321
1214,0.00993946
1714,0.07474141
2214,0.024008436
2714,0.0022378715
2814,0.09093906
2914,0.047133055
3014,0.01897509
3114,0.016302986
3214,0.010791126
3314,0.0125643285
3414,0.052013803
3714,0.012514116
4014,0.0040396014
4114,0.004482132
4214,0.0011849812
4414,0.024536112
4714,0.0016826838
4814,0.027157607
4914,0.0049886187
5114,0.002383695
5214,0.012595023
5714,0.01826688
5914,0.008736848
6214,0.01014505
6314,0.020203667
6514,0.022243388
6614,0.08926411
6814,0.012606554
6914,0.01774444
7014,0.01297347
7214,0.0038022138
7414,0.0074987505
7514,0.04592165
7714,0.019690314
7914,0.0050994665
8114,0.02526367
8214,0.00841078
8314,0.01651596
8414,0.068410404
8514,0.034652848
8614,0.019235171
8714,0.13042758
8914,0.05394011
9014,0.05232707
9214,0.011210647
9514,0.17380036
9814,0.15065464
9914,0.22849108
10114,0.038403798
10414,0.0078205895
10514,0.032392632
10614,0.102559775
10714,0.01475459
10914,0.008648175
11214,0.024921581
11314,0.012469494
11714,0.009190703
11914,0.024406277
12114,0.0530156
12414,0.025298627
12714,0.024779273
12914,0.017807612
13014,0.0036170597
13414,0.027743507
13514,0.04917599
13614,0.017513268
13714,0.026783247
13914,0.0027614995
14314,0.06680549
14414,0.12424851
15414,0.048012123
15614,0.011619858
15714,0.010284087
15814,0.0148674715
15914,0.039255217
16114,0.026706738
16214,0.042657085
16314,0.005540985
16414,0.019961745
16514,0.002312649
16614,0.030037818
17014,0.011703748
17114,0.012825031
17214,0.014102595
17314,0.012881318
17414,0.008172087
17614,0.025097014
17714,0.13208874
17914,0.09047762
18014,0.08727996
18114,0.007434993
18214,0.0026760576
18414,0.010334823
18514,0.034500618
18714,0.0021560276
18814,0.1668539
19114,0.10942104
19514,0.11864085
19614,0.019151822
19714,0.09875594
19814,0.0017580729
20714,0.020363443
20814,0.010835985
20914,0.027845336
21114,0.021209352
21214,0.015124289
21414,0.015847262
21814,0.017035753
22014,0.048249386
22314,0.043854993
22414,0.047497336
22514,0.014354025
22614,0.015995055
22914,0.008031054
23014,0.011144116
23214,0.01855335
23314,0.0034454959
23614,0.015836395
23714,0.0035642753
23814,0.06427531
23914,0.041370526
24114,0.028967483
24214,0.028357394
24414,0.041913193
24514,0.012632939
24614,0.033124976
24714,0.024196452
25314,0.026105748
25414,0.008327117
25814,0.27488375
26014,0.26060188
26114,0.08876144
26214,0.008809815
26314,0.011492585
26414,0.008271674
26614,0.028100848
26714,0.031382937
26814,0.0057814103
26914,0.051465638
27014,0.046900988
27314,0.13654341
27414,0.025380244
27514,0.00420924
27914,0.011175378
28014,0.0030682057
28114,0.046725713
28314,0.014478005
28414,0.019762164
29014,0.09212401
29114,0.021931082
29314,0.032907374
29614,0.062738985
29714,0.07961658
29814,0.05833486
29914,0.053242844
30014,0.020602679
30114,0.07723094
30314,0.017021563
30414,0.010641736
30714,0.17539221
30814,0.09648695
31114,0.12729482
31214,0.033151098
31614,0.020350184
31714,0.10511101
31814,0.119473025
31914,0.021388948
32014,0.051942706
32114,0.08654027
32814,0.024508651
33014,0.02245444
33114,0.010673107
33514,0.026148567
33714,0.1086125
33814,0.1309893
33914,0.0126479035
34014,0.015340259
34214,0.024519343
34314,0.086429715
34414,0.004931816
34514,0.043777738
34614,0.021061543
34814,0.034542408
35014,0.017456844
35214,0.0104586
35314,0.007800458
35514,0.15447667
35614,0.1311246
35714,0.35249776
35914,0.036372405
36014,0.08794381
36114,0.024980066
36614,0.03538391
37214,0.07478183
37414,0.007827515
37514,0.011479587
37614,0.09715974
37714,0.01585533
38114,0.015077526
38214,0.029316
38314,0.016198412
38414,0.015793346
38614,0.013910169
38814,0.12137369
39114,0.016239915
39214,0.01600749
39314,0.0060610813
39414,0.020515166
39614,0.004716637
39714,0.30468923
39914,0.07203806
40014,0.014140027
40214,0.025867347
40514,0.021030271
40614,0.034698885
41814,0.26228905
42014,0.18494089
42714,0.015503111
42914,0.04235483
43614,0.03767297
44214,0.019872846
44514,0.005718197
44714,0.02795799
44914,0.017489472
45214,0.0018186612
45314,0.020592868
45514,0.011638547
45614,0.00887482
46114,0.23327002
46314,0.044251937
46514,0.17993419
46914,0.008099086
47014,0.014863172
47114,0.32437265
47214,0.120582104
47314,0.024663944
47614,0.018014288
47714,0.029280586
47814,0.009350304
47914,0.024047272
48214,0.02771685
48614,0.08417957
48714,0.0068325344
49114,0.056968603
49214,0.032276917
49614,0.006717195
49714,0.005991567
49914,0.10435366
50114,0.039718516
50314,0.013040662
50414,0.0015617047
50614,0.036282554
50814,0.0029223205
50914,0.19331257
51014,0.09894689
51214,0.028207766
51614,0.012613741
51814,0.009605413
52014,0.088776894
52114,0.008663102
52514,0.014149357
52614,0.083439134
52714,0.0020980844
53214,0.04244743
53314,0.003867959
53414,0.011607207
53614,0.024314426
53914,0.0042743194
54114,0.15043415
54214,0.02831063
54314,0.009756401
54414,0.0538124
54614,0.15161163
55014,0.022381162
55214,0.03535134
55414,0.0021063327
55514,0.3290404
55614,0.0096466765
56214,0.011830333
56514,0.026976371
56714,0.034444068
56814,0.09887151
57014,0.17837167
57114,0.1649493
57214,0.01138192
57314,0.012703066
57514,0.27707154
57914,0.08053504
58014,0.1278026
58214,0.11349034
58314,0.011842525
58514,0.022830501
58914,0.018289505
59114,0.12911096
59214,0.12365656
59514,0.093534194
59614,0.06348757
59814,0.048870917
59914,0.045631394
60414,0.12931676
60514,0.0033476169
60814,0.00982262
61114,0.09277056
61314,0.18441741
61414,0.16428031
61714,0.19291842
62114,0.026373997
62414,0.023631683
62714,0.012986939
62814,0.047093693
63514,0.13891962
63614,0.009409951
63714,0.014356372
63814,0.016679723
63914,0.09953637
64314,0.039882377
64414,0.03459727
15,0.35753313
115,0.021200016
415,0.0012996622
615,0.012680459
715,0.01582605
1015,0.093015544
1215,0.002919938
1715,0.08803554
2215,0.0019608059
2715,0.0025023804
2815,0.04738036
2915,0.10280786
3015,0.015774664
3115,0.007939264
3215,0.009577641
3315,0.027684296
3415,0.0035565852
3715,0.0302225
4015,0.0018335375
4115,0.0001629082
4215,0.004567475
4415,0.112485364
4715,0.0009259935
4815,0.037935745
4915,0.0066506797
5115,0.007423733
5215,0.012992434
5715,0.025658008
5915,0.031301696
6215,0.009522367
6315,0.019138271
6515,0.028133698
6615,0.021557674
6815,0.020501807
6915,0.010424666
7015,0.0038395866
7215,0.012154129
7415,0.031367265
7515,0.004343344
7715,0.016879698
7915,0.006591052
8115,0.017583163
8215,0.02741933
8315,0.08414092
8415,0.09715353
8515,0.05681982
8615,0.016147802
8715,0.0031666958
8915,0.025429696
9015,0.0030270407
9215,0.025954315
9515,0.0144358855
9815,0.04238392
9915,0.012970227
10115,0.0204539
10415,0.08251226
10515,0.018078068
10615,0.058733266
10715,0.12029497
10915,0.012984247
11215,0.024030648
11315,0.0035908388
11715,0.010038534
11915,0.071615994
12115,0.043732975
12415,0.032824073
12715,0.0071898713
12915,0.084599935
13015,0.0038288806
13415,0.029628752
13515,0.05036546
13615,0.018052464
13715,0.040227227
13915,0.008038671
14315,0.05034622
14415,0.0073388736
15415,0.028531784
15615,0.015824577
15715,0.032756567
15815,0.018977137
15915,0.011392675
16115,0.018446498
16215,0.069411546
16315,0.02179292
16415,0.15296197
16515,0.0008857878
16615,0.01946168
17015,0.010096257
17115,0.11977633
17215,0.033146657
17315,0.013049001
17415,0.0028608888
17615,0.026376827
17715,0.01282593
17915,0.032516565
18015,0.1175952
18115,0.0043928
18215,0.0012050014
18415,0.000926052
18515,0.0030349246
18715,0.0054460587
18815,0.0061366158
19115,0.009329463
19515,0.018484607
19615,0.0027617298
19715,0.009661652
19815,0.024165321
20715,0.059105065
20815,0.0051743286
20915,0.027056865
21115,0.014166757
21215,0.010416306
21415,0.012239341
21815,0.015928945
22015,0.070524715
22315,0.095327266
22415,0.011635633
22515,0.0051674563
22615,0.014066374
22915,0.0018693848
23015,0.003569269
23215,0.020890115
23315,0.021813778
23615,0.011098125
23715,0.0021221363
23815,0.0068106437
23915,0.060133327
24115,0.010571688
24215,0.010373668
24415,0.014644098
24515,0.0043720705
24615,0.010888848
24715,0.006287268
25315,0.0020857162
25415,0.016666688
25815,0.0074205124
26015,0.018793367
26115,0.025882429
26215,0.042462133
26315,0.019484462
26415,0.016983606
26615,0.033065833
26715,0.020031212
26815,0.007263586
26915,0.031675354
27015,0.01890107
27315,0.06493467
27415,0.01071416
27515,0.015477483
27915,0.007813771
28015,0.010237897
28115,0.0073772096
28315,0.007375861
28415,0.026257388
29015,0.026557816
29115,0.015242964
29315,0.009261214
29615,0.019176938
29715,0.0036565193
29815,0.078461185
29915,0.054968826
30015,0.012460741
30115,0.014774286
30315,0.08547899
30415,0.043409266
30715,0.0057582287
30815,0.011098306
31115,0.00802339
31215,0.0736038
31615,0.011898997
31715,0.02408043
31815,0.018982306
31915,0.010024684
32015,0.036486525
32115,0.16104564
32815,0.053080563
33015,0.041204005
33115,0.011733646
33515,0.036282502
33715,0.056511402
33815,0.032902457
33915,0.0033381414
34015,0.0009675904
34215,0.001067541
34315,0.00517381
34415,0.0010560733
34515,0.001568796
34615,0.00859392
34815,0.0013912347
35015,0.0063782427
35215,0.0073143714
35315,0.0060947267
35515,0.037812933
35615,0.05066222
35715,0.0048391423
35915,0.017172694
36015,0.022357954
36115,0.098636836
36615,0.0040483424
37215,0.018902902
37415,0.0038909996
37515,0.01275972
37615,0.030119242
37715,0.030170076
38115,0.042011797
38215,0.08437528
38315,0.029805887
38415,0.0143011045
38615,0.044430602
38815,0.043619096
39115,0.023573443
39215,0.0024879798
39315,0.013909712
39415,0.030341152
39615,0.093037054
39715,0.004315994
39915,0.00871186
40015,0.0050116763
40215,0.045026306
40515,0.019438844
40615,0.09851082
41815,0.017396089
42015,0.030700888
42715,0.0053320085
42915,0.035440374
43615,0.021511767
44215,0.009174625
44515,0.00840262
44715,0.012094513
44915,0.017759658
45215,0.0065168557
45315,0.049535498
45515,0.05217026
45615,0.0433236
46115,0.009964168
46315,0.025914585
46515,0.0033764937
46915,0.013253614
47015,0.016928505
47115,0.0030825508
47215,0.009769648
47315,0.0068056835
47615,0.030549904
47715,0.009880306
47815,0.015638214
47915,0.03936124
48215,0.016778406
48615,0.008217233
48715,0.0014285411
49115,0.073662214
49215,0.0135188075
49615,0.010984946
49715,0.005092795
49915,0.00970245
50115,0.07591749
50315,0.0015110563
50415,0.006443123
50615,0.0058501093
50815,0.0038232545
50915,0.0018825073
51015,0.0016994467
51215,0.0028754305
51615,0.00934369
51815,0.013760461
52015,0.012404405
52115,0.03364086
52515,0.014742155
52615,0.013386482
52715,0.00047091657
53215,0.06717535
53315,0.0027282913
53415,0.017119497
53615,0.021466626
53915,0.01722504
54115,0.0136059355
54215,0.008536393
54315,0.030413616
54415,0.024955247
54615,0.0141007025
55015,0.04668979
55215,0.0056181354
55415,0.004928666
55515,0.007012302
55615,0.010642037
56215,0.022085262
56515,0.03893548
56715,0.044256486
56815,0.0068446565
57015,0.0072596082
57115,0.0028231821
57215,0.055381812
57315,0.018581815
57515,0.016556503
57915,0.063892625
58015,0.033137012
58215,0.010774957
58315,0.007277816
58515,0.19099423
58915,0.020668669
59115,0.029071156
59215,0.00950873
59515,0.0037524009
59615,0.017437495
59815,0.017536175
59915,0.012863375
60415,0.0071609565
60515,0.0053478573
60815,0.043358985
61115,0.024378242
61315,0.0071907416
61415,0.014132065
61715,0.041017998
62115,0.0053464584
62415,0.013037711
62715,0.028135192
62815,0.0072595286
63515,0.025340464
63615,0.012325277
63715,0.010223094
63815,0.025338287
63915,0.023741374
64315,0.043529075
64415,0.010069522
16,0.0036027601
116,0.008719194
416,0.002295883
616,0.004096414
716,0.005127536
1016,0.003945458
1216,0.0005806253
1716,0.01352241
2216,0.00075769424
2716,6.361714e-05
2816,0.020542298
2916,0.033749126
3016,0.0080249095
3116,0.0009340341
3216,0.0049713035
3316,0.010495602
3416,0.0015265736
3716,0.0034517047
4016,0.00022747388
4116,0.000235855
4216,0.0017051277
4416,0.0125030745
4716,9.12478e-05
4816,0.012560643
4916,0.0014994901
5116,0.0005334093
5216,0.007994618
5716,0.008859216
5916,0.0058753896
6216,0.0010975635
6316,0.0018122218
6516,0.007256949
6616,0.010984006
6816,0.008400643
6916,0.0016015448
7016,0.00053849176
7216,0.002005459
7416,0.0051269075
7516,0.017390976
7716,0.0010586942
7916,0.000290997
8116,0.002573367
8216,0.002653384
8316,0.0033911604
8416,0.035415486
8516,0.0055072214
8616,0.0010982938
8716,0.0024686253
8916,0.0032914144
9016,0.0007354973
9216,0.00094018254
9516,0.028728563
9816,0.025169302
9916,0.014883743
10116,0.013063209
10416,0.0041601756
10516,0.0027247197
10616,0.02408326
10716,0.008781684
10916,0.001379234
11216,0.0025618644
11316,0.00036367666
11716,0.0021831924
11916,0.017454777
12116,0.023282882
12416,0.010313842
12716,0.0032579831
12916,0.010652579
13016,0.0019863762
13416,0.007184759
13516,0.039287515
13616,0.0040324754
13716,0.0063783163
13916,0.0011702351
14316,0.0294377
14416,0.0046591302
15416,0.022859555
15616,0.0027566543
15716,0.0072446885
15816,0.0007961622
15916,0.0009141425
16116,0.009997997
16216,0.014436411
16316,0.0021808783
16416,0.005066596
16516,0.0007715854
16616,0.0038817846
17016,0.0014089505
17116,0.0058827926
17216,0.009038475
17316,0.0011421709
17416,0.0022923448
17616,0.0062145595
17716,0.025180526
17916,0.0066536074
18016,0.016742608
18116,0.00076051004
18216,9.2366914e-05
18416,0.00017167757
18516,0.00091621396
18716,0.00018170608
18816,0.0048344485
19116,0.04516279
19516,0.030597214
19616,0.0014064399
19716,0.006236884
19816,0.0009871111
20716,0.014953495
20816,0.00452499
20916,0.01929421
21116,0.0032716747
21216,0.0065162634
21416,0.0032170194
21816,0.0066863443
22016,0.022400577
22316,0.018873394
22416,0.0032331839
22516,0.0012323057
22616,0.008948392
22916,0.00047497006
23016,0.00097125926
23216,0.0076517686
23316,0.0010917688
23616,0.00051070075
23716,0.0007718592
23816,0.007191954
23916,0.01738802
24116,0.0015187666
24216,0.0022120536
24416,0.0025629208
24516,0.0007553684
24616,0.001974341
24716,0.0007568485
25316,0.0056304946
25416,0.009304856
25816,0.003487558
26016,0.030547164
26116,0.0060977126
26216,0.006064843
26316,0.0024398754
26416,0.0052316156
26616,0.004888936
26716,0.0035401527
26816,0.00040424473
26916,0.005302066
27016,0.0037712352
27316,0.021597171
27416,0.008681829
27516,0.0013171505
27916,0.000414186
28016,0.00033701488
28116,0.0037246998
28316,0.0016809874
28416,0.008078966
29016,0.007717235
29116,0.0049495012
29316,0.005213219
29616,0.0121957725
29716,0.008582596
29816,0.01933432
29916,0.013430053
30016,0.004481967
30116,0.017581178
30316,0.010115822
30416,0.0044246274
30716,0.0031473497
30816,0.019999793
31116,0.005222393
31216,0.014455602
31616,0.0012758862
31716,0.0153422365
31816,0.0053400695
31916,0.0038830515
32016,0.010973533
32116,0.011227187
32816,0.009383942
33016,0.008806773
33116,0.007550581
33516,0.0030982923
33716,0.008681274
33816,0.021863468
33916,0.00030549042
34016,0.00059485866
34216,0.0004274827
34316,0.0018184276
34416,0.00020577836
34516,0.0005402414
34616,0.001052553
34816,0.00074061926
35016,0.003631952
35216,0.001753754
35316,0.000898752
35516,0.02871736
35616,0.00979955
35716,0.011214333
35916,0.0087677
36016,0.00954066
36116,0.009494784
36616,0.0043350523
37216,0.020693619
37416,0.005520061
37516,0.0078036604
37616,0.015665265
37716,0.0029389397
38116,0.013413061
38216,0.016027967
38316,0.0044454667
38416,0.0066036014
38616,0.01059316
38816,0.046682637
39116,0.0024093743
39216,0.00075609767
39316,0.001201659
39416,0.002426747
39616,0.001813081
39716,0.037021197
39916,0.0037834328
40016,0.0010032648
40216,0.015709251
40516,0.0032694973
40616,0.016077489
41816,0.05128367
42016,0.030819587
42716,0.0032021415
42916,0.00878845
43616,0.025683496
44216,0.003699552
44516,0.0010707907
44716,0.0028891622
44916,0.00561055
45216,0.0019762574
45316,0.024802448
45516,0.016016468
45616,0.0034753878
46116,0.032527413
46316,0.020784419
46516,0.0030272137
46916,0.00094205973
47016,0.0006857926
47116,0.0015952734
47216,0.006966974
47316,0.002184846
47616,0.005722852
47716,0.004079629
47816,0.0023048127
47916,0.0028023089
48216,0.006799176
48616,0.0028269421
48716,0.0021906416
49116,0.014395359
49216,0.00943144
49616,0.0037655565
49716,0.00042563424
49916,0.0047863172
50116,0.014533645
50316,0.00025719934
50416,0.00013175324
50616,0.0029969688
50816,0.00017526609
50916,0.0016334292
51016,0.0008578686
51216,0.00087647943
51616,0.0015785653
51816,0.0011095131
52016,0.015336115
52116,0.00419512
52516,0.0022731759
52616,0.011518517
52716,0.0029579708
53216,0.021926634
53316,0.0007467082
53416,0.007283516
53616,0.0063004238
53916,0.0017251022
54116,0.0066022365
54216,0.0054254695
54316,0.010944318
54416,0.0104790125
54616,0.009927256
55016,0.008853253
55216,0.0011882493
55416,0.00027248182
55516,0.017311342
55616,0.0062190024
56216,0.0018983076
56516,0.003737453
56716,0.0055717803
56816,0.004630273
57016,0.0042786915
57116,0.0010268829
57216,0.004104232
57316,0.003391617
57516,0.016148329
57916,0.023405172
58016,0.007143249
58216,0.0012235712
58316,0.0007555065
58516,0.015678646
58916,0.01005503
59116,0.009921816
59216,0.0044414327
59516,0.0010647972
59616,0.019479033
59816,0.014733735
59916,0.012353776
60416,0.0014978907
60516,0.002102925
60816,0.018596705
61116,0.014473107
61316,0.004597234
61416,0.009079673
61716,0.06381969
62116,0.0033489063
62416,0.0038181015
62716,0.003776264
62816,0.0022558186
63516,0.0129967285
63616,0.00234395
63716,0.002628834
63816,0.004964835
63916,0.0058948146
64316,0.082371294
64416,0.004231926
17,0.002905074
117,0.007841039
417,0.0008787964
617,0.0019320236
717,0.0049718125
1017,0.003920951
1217,0.000599529
1717,0.009759355
2217,0.00019068332
2717,0.0033141135
2817,0.0029640931
2917,0.0057094134
3017,0.007625009
3117,0.008199173
3217,0.010495428
3317,0.030166548
3417,0.0003869479
3717,0.019895807
4017,0.0026583425
4117,0.00059205655
4217,0.0015278225
4417,0.01562919
4717,0.0016712864
4817,0.006091466
4917,0.0033970778
5117,0.42224634
5217,0.0028377285
5717,0.017873757
5917,0.0019377177
6217,0.0022530444
6317,0.0153369615
6517,0.003681861
6617,0.004247885
6817,0.0027431333
6917,0.009551572
7017,0.010086149
7217,0.021844143
7417,0.12028345
7517,0.008551616
7717,0.004589253
7917,0.009328566
8117,0.0007383089
8217,0.024281979
8317,0.005913601
8417,0.012449044
8517,0.008421506
8617,0.0030608035
8717,0.004304505
8917,0.0019107021
9017,0.0011746517
9217,0.009788675
9517,0.009434028
9817,0.0061493255
9917,0.008205492
10117,0.011468816
10417,0.0026693107
10517,0.002916164
10617,0.002380926
10717,0.0037563755
10917,0.01544113
11217,0.0047419886
11317,0.0042091487
11717,0.007776232
11917,0.0054476866
12117,0.0072834226
12417,0.004123545
12717,0.001080194
12917,0.0029821112
13017,0.00093250506
13417,0.004082995
13517,0.026348546
13617,0.0027685342
13717,0.01527381
13917,0.0019812223
14317,0.006068498
14417,0.0012728968
15417,0.001355764
15617,0.02442482
15717,0.0046239183
15817,0.0053594313
15917,0.0014460519
16117,0.03519655
16217,0.0035543842
16317,0.0017505033
16417,0.0031576494
16517,0.00031720084
16617,0.0016106644
17017,0.008834664
17117,0.00678769
17217,0.004588182
17317,0.0017226228
17417,0.0008256388
17617,0.0047538504
17717,0.00844077
17917,0.012181006
18017,0.0055161337
18117,0.0041100397
18217,0.002137269
18417,0.00013585205
18517,0.00022926471
18717,0.008091182
18817,0.0056185294
19117,0.034595966
19517,0.0039397045
19617,0.0010471569
19717,0.021792574
19817,0.034124576
20717,0.015606144
20817,0.0011885785
20917,0.09538077
21117,0.0045946576
21217,0.0060991803
21417,0.013713967
21817,0.01589659
22017,0.00457815
22317,0.017818265
22417,0.0010722156
22517,0.0048135566
22617,0.0021658982
22917,0.001983504
23017,0.005440332
23217,0.20131312
23317,0.009110038
23617,0.008195991
23717,0.00036645235
23817,0.010037397
23917,0.0017144633
24117,0.0013776395
24217,0.0017141697
24417,0.010763587
24517,0.004128055
24617,0.02161908
24717,0.00075049006
25317,0.00087535306
25417,0.002721898
25817,0.00032210542
26017,0.009929372
26117,0.0053550345
26217,0.010908621
26317,0.00687369
26417,0.0005691639
26617,0.0040954472
26717,0.0018939623
26817,0.013292575
26917,0.010581689
27017,0.0028676738
27317,0.0012115071
27417,0.01974591
27517,0.01426329
27917,0.0027344686
28017,0.0109010795
28117,0.0007792102
28317,0.0012250793
28417,0.004330607
29017,0.002515933
29117,0.004049213
29317,0.007469328
29617,0.0057522897
29717,0.0017573275
29817,0.002122265
29917,0.0020122386
30017,0.0039319443
30117,0.0042255614
30317,0.010185171
30417,0.007174953
30717,0.00037644134
30817,0.0114640705
31117,0.0005824145
31217,0.005487966
31617,0.0015873687
31717,0.004083671
31817,0.0008815827
31917,0.004472518
32017,0.0020019338
32117,0.004115956
32817,0.0011896684
33017,0.0072156047
33117,0.0019454835
33517,0.0034601383
33717,0.013135922
33817,0.014336211
33917,0.0033643548
34017,0.0011105858
34217,0.0011445923
34317,0.0012830062
34417,0.0013052075
34517,0.002488101
34617,0.0030401319
34817,0.0009049506
35017,0.0020620688
35217,0.04744234
35317,0.003022892
35517,0.0064564697
35617,0.00066657196
35717,0.0053499155
35917,0.033703182
36017,0.004852967
36117,0.0012801675
36617,0.0035195125
37217,0.22070289
37417,0.002962199
37517,0.0051344773
37617,0.005898484
37717,0.0117060235
38117,0.017682225
38217,0.0034161082
38317,0.043764267
38417,0.0027435988
38617,0.016243147
38817,0.006707953
39117,0.010462163
39217,0.003241263
39317,0.007088447
39417,0.012067841
39617,0.03395006
39717,0.03641831
39917,0.0022623364
40017,0.0047475896
40217,0.0033837606
40517,0.006462207
40617,0.012988787
41817,0.0023633682
42017,0.00888007
42717,0.013592796
42917,0.0016197102
43617,0.0040396275
44217,0.0007514369
44517,0.0006769925
44717,0.0037096937
44917,0.0047496622
45217,0.009657452
45317,0.01773224
45517,0.007442226
45617,0.006732428
46117,0.0033447412
46317,0.002863337
46517,0.0004608775
46917,0.00088574906
47017,0.01278018
47117,0.00015286708
47217,0.001869453
47317,0.0022251757
47617,0.0066288323
47717,0.0068177576
47817,0.044869293
47917,0.00096037047
48217,0.0050541377
48617,0.0015653474
48717,0.00095521775
49117,0.0025954184
49217,0.0032269086
49617,0.0045230268
49717,0.006067373
49917,0.000907803
50117,0.010602673
50317,0.0004483194
50417,0.010687457
50617,0.0056915716
50817,0.0053673484
50917,0.0023448782
51017,0.0013557365
51217,0.012228735
51617,0.0121223
51817,0.0020179786
52017,0.012064184
52117,0.018074986
52517,0.0020028565
52617,0.008846375
52717,0.00010631758
53217,0.048353605
53317,0.0016187886
53417,0.1210346
53617,0.015546784
53917,0.010438002
54117,0.002318984
54217,0.0007006163
54317,0.003925436
54417,0.0032847347
54617,0.0018221292
55017,0.008297701
55217,0.005279965
55417,0.019560954
55517,0.009514707
55617,0.025721889
56217,0.014929969
56517,0.0018951257
56717,0.0051702093
56817,0.0066439775
57017,0.0052927225
57117,0.001138373
57217,0.0018271045
57317,0.010073933
57517,0.007922992
57917,0.014004421
58017,0.002611405
58217,0.0012793619
58317,0.012004366
58517,0.010851082
58917,0.0069773355
59117,0.0025772906
59217,0.0041313204
59517,0.0009146915
59617,0.0017454589
59817,0.012674924
59917,0.031037817
60417,0.0038066588
60517,0.0007056206
60817,0.010915872
61117,0.014306589
61317,0.00075922353
61417,0.0031303712
61717,0.009687077
62117,0.0014824573
62417,0.011239394
62717,0.007165986
62817,0.0061176717
63517,0.0010612722
63617,0.0041250945
63717,0.013886188
63817,0.009127759
63917,0.002256637
64317,0.00831932
64417,0.0032631445
18,0.0018501583
118,0.007169324
418,0.008841209
618,0.030308891
718,0.013083719
1018,0.0029003338
1218,0.0012041305
1718,0.017552746
2218,0.003730711
2718,0.0012127374
2818,0.02248515
2918,0.010797964
3018,0.023502752
3118,0.004279306
3218,0.22091018
3318,0.3745252
3418,0.008440129
3718,0.020913532
4018,0.51707834
4118,0.010447382
4218,0.0010979936
4418,0.008702287
4718,0.69100493
4818,0.018543025
4918,0.09893835
5118,0.022575146
5218,0.012906826
5718,0.11857998
5918,0.079204775
6218,0.16663463
6318,0.028688982
6518,0.1834145
6618,0.17930548
6818,0.22493085
6918,0.00645273
7018,0.0031969075
7218,0.0048418413
7418,0.011336319
7518,0.038839698
7718,0.0042200615
7918,0.0017506639
8118,0.015085652
8218,0.0065422654
8318,0.0072964886
8418,0.01505079
8518,0.0085891485
8618,0.0059052035
8718,0.009770903
8918,0.007744047
9018,0.0051480527
9218,0.011732067
9518,0.009595493
9818,0.047328655
9918,0.034640573
10118,0.012427289
10418,0.023696175
10518,0.013674674
10618,0.0036204187
10718,0.0027183315
10918,0.11560791
11218,0.008900157
11318,0.0037591907
11718,0.018517332
11918,0.042684846
12118,0.03946546
12418,0.020628165
12718,0.025095446
12918,0.012541566
13018,0.048477117
13418,0.013056929
13518,0.064411536
13618,0.13032654
13718,0.037593786
13918,0.004539039
14318,0.09651598
14418,0.041686416
15418,0.0067249574
15618,0.080645
15718,0.040072188
15818,0.006431899
15918,0.009327585
16118,0.046649337
16218,0.0115222195
16318,0.0011598812
16418,0.002210255
16518,0.0021532425
16618,0.0012543191
17018,0.011892532
17118,0.00308064
17218,0.006164985
17318,0.0021123455
17418,0.0022643907
17618,0.046435636
17718,0.0290294
17918,0.016680034
18018,0.01500789
18118,0.0047330977
18218,0.0008674562
18418,0.0014032522
18518,0.0076884897
18718,0.0013465474
18818,0.009193157
19118,0.024045417
19518,0.035900973
19618,0.0034069214
19718,0.045246825
19818,0.0029598202
20718,0.039220955
20818,0.08032047
20918,0.012992357
21118,0.052483466
21218,0.03739984
21418,0.1019303
21818,0.26509053
22018,0.059011817
22318,0.00373109
22418,0.058749996
22518,0.017042303
22618,0.07931433
22918,0.007041887
23018,0.004512431
23218,0.0098792035
23318,0.022599475
23618,0.013286483
23718,0.0056875455
23818,0.008779619
23918,0.010234461
24118,0.012283484
24218,0.009938619
24418,0.00998736
24518,0.0042127226
24618,0.006109231
24718,0.0051827636
25318,0.0051986924
25418,0.003433089
25818,0.003074871
26018,0.042226724
26118,0.015728908
26218,0.10272854
26318,0.008954805
26418,0.0061237672
26618,0.0235788
26718,0.049446084
26818,0.031622905
26918,0.01083459
27018,0.016321475
27318,0.003455725
27418,0.010829807
27518,0.009493212
27918,0.0041507925
28018,0.01888419
28118,0.011668646
28318,0.06645169
28418,0.06252663
29018,0.0072237975
29118,0.205222
29318,0.042596325
29618,0.0076796575
29718,0.15132976
29818,0.025046522
29918,0.044473715
30018,0.01919888
30118,0.028220559
30318,0.04533206
30418,0.13253434
30718,0.0062649646
30818,0.020636715
31118,0.011975964
31218,0.06663288
31618,0.00446575
31718,0.043265834
31818,0.0075236494
31918,0.04691235
32018,0.0339226
32118,0.0067415657
32818,0.041321855
33018,0.0063006347
33118,0.007813506
33518,0.016509844
33718,0.016083745
33818,0.033400238
33918,0.0013551518
34018,0.0017299597
34218,0.0031288206
34318,0.011004966
34418,0.0011381936
34518,0.004413748
34618,0.0046449676
34818,0.0033944114
35018,0.0028123115
35218,0.017240625
35318,0.3971668
35518,0.021526452
35618,0.005600792
35718,0.11064986
35918,0.09566922
36018,0.083319224
36118,0.0069148117
36618,0.24280275
37218,0.093868926
37418,0.009064579
37518,0.015538561
37618,0.017695103
37718,0.0126981335
38118,0.014824742
38218,0.033486582
38318,0.100694254
38418,0.0060512573
38618,0.04717735
38818,0.06627144
39118,0.0049163895
39218,0.010725024
39318,0.022253858
39418,0.0061261533
39618,0.009941142
39718,0.032689583
39918,0.0058395634
40018,0.0036710661
40218,0.0141727
40518,0.025226906
40618,0.010132922
41818,0.0074580456
42018,0.050318655
42718,0.038985044
42918,0.0022756245
43618,0.0063887057
44218,0.034808435
44518,0.002206019
44718,0.027739579
44918,0.23038857
45218,0.003567581
45318,0.009006971
45518,0.007868845
45618,0.18860857
46118,0.07696058
46318,0.035111517
46518,0.0074678184
46918,0.002329491
47018,0.003103307
47118,0.0019713382
47218,0.028811973
47318,0.071015425
47618,0.17087145
47718,0.01425563
47818,0.051700603
47918,0.0048535573
48218,0.067317516
48618,0.007061464
48718,0.0068587437
49118,0.069892794
49218,0.0073641986
49618,0.0047621485
49718,0.0028584262
49918,0.0040811845
50118,0.021177744
50318,0.0013609309
50418,0.0037329767
50618,0.012320872
50818,0.0012457093
50918,0.009805217
51018,0.00454281
51218,0.0068400945
51618,0.013858635
51818,0.019852571
52018,0.030596886
52118,0.0051996345
52518,0.0032996223
52618,0.022869466
52718,0.017654892
53218,0.009357957
53318,0.10313927
53418,0.2888651
53618,0.016392188
53918,0.1553314
54118,0.047229722
54218,0.013484123
54318,0.010728701
54418,0.09270078
54618,0.0019101987
55018,0.01739734
55218,0.00547849
55418,0.004105027
55518,0.01348452
55618,0.012497549
56218,0.0125404745
56518,0.009480175
56718,0.01455298
56818,0.008066377
57018,0.010643095
57118,0.006016141
57218,0.018161716
57318,0.0050351513
57518,0.075722374
57918,0.06397506
58018,0.0226087
58218,0.004683585
58318,0.003115209
58518,0.014557019
58918,0.006206801
59118,0.012338129
59218,0.009312178
59518,0.008378183
59618,0.015879476
59818,0.09499997
59918,0.020591635
60418,0.0039479746
60518,0.0022257718
60818,0.0436696
61118,0.010204892
61318,0.021279905
61418,0.031622726
61718,0.027714897
62118,0.13645294
62418,0.15150069
62718,0.04044502
62818,0.010679881
63518,0.015378647
63618,0.13923131
63718,0.041095663
63818,0.28061542
63918,0.0082736155
64318,0.0116928015
64418,0.20962301
