Id,Probability
0,0.041172862
100,0.032013334
400,0.0016266785
600,0.0501825
700,0.06431904
1000,0.027662855
1200,0.030910654
1700,0.046277758
2200,0.014997003
2700,0.00023926832
2800,0.03162857
2900,0.051299904
3000,0.054704454
3100,0.056037895
3200,0.03105507
3300,0.040589925
3400,0.014942306
3700,0.026520729
4000,0.045770466
4100,0.012370247
4200,0.04504266
4400,0.050278176
4700,0.043886505
4800,0.040738016
4900,0.0593637
5100,0.037212506
5200,0.05481503
5700,0.051263396
5900,0.055862375
6200,0.058343902
6300,0.063597955
6500,0.055676855
6600,0.053002413
6800,0.052685365
6900,0.010410218
7000,0.024678806
7200,0.0053901444
7400,0.026701836
7500,0.027274314
7700,0.023193035
7900,0.022992823
8100,0.050652955
8200,0.03953852
8300,0.028297657
8400,0.061888427
8500,0.035065856
8600,0.035187278
8700,0.03965029
8900,0.033359047
9000,0.034760986
9200,0.050180018
9500,0.05279776
9800,0.06767194
9900,0.051796436
10100,0.039130524
10400,0.06432849
10500,0.055361897
10600,0.15340167
10700,0.09032475
10900,0.06028778
11200,0.04702196
11300,0.015024582
11700,0.02853857
11900,0.045431163
12100,0.081661455
12400,0.07810074
12700,0.04878905
12900,0.06114113
13000,0.0666563
13400,0.052954633
13500,0.10353422
13600,0.07366963
13700,0.046316475
13900,0.07097314
14300,0.053219266
14400,0.10324547
15400,0.053585913
15600,0.052787486
15700,0.062481776
15800,0.032676145
15900,0.022745298
16100,0.032627042
16200,0.055788558
16300,0.03368426
16400,0.03480253
16500,0.004288104
16600,0.037943527
17000,0.05739588
17100,0.028046632
17200,0.036995113
17300,0.035441376
17400,0.029210314
17600,0.027255507
17700,0.041144367
17900,0.031858265
18000,0.047176953
18100,0.0011155269
18200,0.0011377594
18400,0.0055846605
18500,0.023137823
18700,0.00067043916
18800,0.059373368
19100,0.046408664
19500,0.025143236
19600,0.00991336
19700,0.020498676
19800,0.0068962267
20700,0.031496037
20800,0.05626672
20900,0.050792012
21100,0.06924458
21200,0.04753989
21400,0.13268013
21800,0.06616571
22000,0.10205464
22300,0.10175359
22400,0.054756474
22500,0.05175024
22600,0.050490685
22900,0.0018473447
23000,0.0039411257
23200,0.03938263
23300,0.07738837
23600,0.03981468
23700,0.054234978
23800,0.034447417
23900,0.043061882
24100,0.03171688
24200,0.06816503
24400,0.01785603
24500,0.03217322
24600,0.0098886695
24700,0.022616232
25300,0.027804751
25400,0.051886246
25800,0.07586416
26000,0.08147279
26100,0.05727882
26200,0.062460966
26300,0.07301835
26400,0.07023642
26600,0.05684599
26700,0.05458985
26800,0.03784394
26900,0.04152065
27000,0.05655513
27300,0.07585658
27400,0.051129546
27500,0.02278246
27900,0.065706804
28000,0.026212525
28100,0.07214201
28300,0.06375428
28400,0.050606657
29000,0.06205078
29100,0.05766088
29300,0.056479737
29600,0.051476885
29700,0.059084486
29800,0.056494188
29900,0.062338706
30000,0.05075717
30100,0.096003644
30300,0.052343193
30400,0.05375667
30700,0.07791051
30800,0.07931779
31100,0.1161529
31200,0.043256372
31600,0.038386207
31700,0.10781161
31800,0.0820449
31900,0.048120823
32000,0.062957555
32100,0.049125355
32800,0.05514815
33000,0.04473762
33100,0.024875075
33500,0.041391604
33700,0.04201536
33800,0.026264029
33900,0.0018482158
34000,0.0050198794
34200,0.0042250706
34300,0.017078351
34400,0.0011841009
34500,0.0072560017
34600,0.04662553
34800,0.0025980852
35000,0.01846193
35200,0.033336684
35300,0.040677063
35500,0.022869173
35600,0.03129696
35700,0.04184741
35900,0.040509503
36000,0.088683665
36100,0.056906212
36600,0.056898832
37200,0.026719887
37400,0.06474043
37500,0.04647617
37600,0.10417359
37700,0.060166944
38100,0.0494653
38200,0.065036036
38300,0.04564368
38400,0.053944398
38600,0.04566463
38800,0.06791679
39100,0.038989156
39200,0.0046855924
39300,0.07916915
39400,0.041619573
39600,0.086054675
39700,0.00013082159
39900,0.028787676
40000,0.05358329
40200,0.04405637
40500,0.025186194
40600,0.044930186
41800,0.079600066
42000,0.07979939
42700,0.049783036
42900,0.04809934
43600,0.03895572
44200,0.064327754
44500,0.06220156
44700,0.066741265
44900,0.05865765
45200,0.029048648
45300,0.06653536
45500,0.058288675
45600,0.046121914
46100,0.10035115
46300,0.05508255
46500,0.06251886
46900,0.041387428
47000,0.021840552
47100,0.08854429
47200,0.08878192
47300,0.05226944
47600,0.07889273
47700,0.04734774
47800,0.047463696
47900,0.026816918
48200,0.05644396
48600,0.055933386
48700,0.0034181883
49100,0.06066095
49200,0.05764939
49600,0.05080942
49700,0.027867282
49900,0.049062654
50100,0.03273098
50300,0.0035850569
50400,0.0010938587
50600,0.0098703345
50800,0.0007596434
50900,0.016216887
51000,0.02554411
51200,0.0047323485
51600,0.019810127
51800,0.031985972
52000,0.007312094
52100,0.041308433
52500,0.059025373
52600,0.121299125
52700,0.058413222
53200,0.086348146
53300,0.04505784
53400,0.08009617
53600,0.071469866
53900,0.1772517
54100,0.06264654
54200,0.0515436
54300,0.0593107
54400,0.059484415
54600,0.073001735
55000,0.049520563
55200,0.042342126
55400,0.021018967
55500,0.08494895
55600,0.046533294
56200,0.04103609
56500,0.056637004
56700,0.06500932
56800,0.034756634
57000,0.058365375
57100,0.0423049
57200,0.042973716
57300,0.011472515
57500,0.036745515
57900,0.07274111
58000,0.035407666
58200,0.08444952
58300,0.015810303
58500,0.04454759
58900,0.021642048
59100,0.07714977
59200,0.07202981
59500,0.020209648
59600,0.08394845
59800,0.03085904
59900,0.041838236
60400,0.059108097
60500,0.029860444
60800,0.045628622
61100,0.040128823
61300,0.07864151
61400,0.08472636
61700,0.09929058
62100,0.04872768
62400,0.059391238
62700,0.042781584
62800,0.06683403
63500,0.08454605
63600,0.06236165
63700,0.06634127
63800,0.061736498
63900,0.025884824
64300,0.054116853
64400,0.05116445
1,0.010067968
101,0.011972519
401,0.92774
601,0.0115815075
701,0.004109691
1001,0.02274511
1201,0.3176555
1701,0.012900808
2201,0.17002766
2701,0.9875362
2801,0.029875522
2901,0.011569811
3001,0.0135673545
3101,0.042076685
3201,0.027987177
3301,0.024906615
3401,0.2979183
3701,0.19140053
4001,0.013990509
4101,0.87518895
4201,0.061903667
4401,0.021359896
4701,0.031433713
4801,0.0058670533
4901,0.031854343
5101,0.024300344
5201,0.011022629
5701,0.0058228564
5901,0.0068937046
6201,0.0114710815
6301,0.005310232
6501,0.011006548
6601,0.012755661
6801,0.024437524
6901,0.858016
7001,0.34348857
7201,0.8010739
7401,0.03037624
7501,0.15177362
7701,0.15293668
7901,0.4554464
8101,0.011030039
8201,0.051017478
8301,0.026382163
8401,0.0040557515
8501,0.009079331
8601,0.011024507
8701,0.04338875
8901,0.005744115
9001,0.054272987
9201,0.015840884
9501,0.034623362
9801,0.0124974875
9901,0.014642106
10101,0.024201803
10401,0.0061033065
10501,0.0049980497
10601,0.07373778
10701,0.0417107
10901,0.014491536
11201,0.023862036
11301,0.46331698
11701,0.25494376
11901,0.003712838
12101,0.01472566
12401,0.010945572
12701,0.0213324
12901,0.028366216
13001,0.03531413
13401,0.0041724467
13501,0.01448774
13601,0.006135602
13701,0.007059022
13901,0.02545532
14301,0.00651586
14401,0.24876523
15401,0.062501326
15601,0.0078734085
15701,0.020620733
15801,0.019518765
15901,0.19242483
16101,0.036772095
16201,0.006812919
16301,0.010164014
16401,0.010827614
16501,0.8870119
16601,0.086090215
17001,0.004186417
17101,0.052878365
17201,0.011860164
17301,0.024910344
17401,0.08330753
17601,0.09659392
17701,0.006521094
17901,0.023129808
18001,0.012399147
18101,0.9377439
18201,0.9355232
18401,0.7174161
18501,0.08471938
18701,0.9705645
18801,0.010287828
19101,0.012906572
19501,0.02389236
19601,0.54323417
19701,0.051170763
19801,0.6586221
20701,0.0108455615
20801,0.032304842
20901,0.026670862
21101,0.010966048
21201,0.02435584
21401,0.14376464
21801,0.010011702
22001,0.0075298217
22301,0.0940373
22401,0.012057106
22501,0.006663053
22601,0.012260136
22901,0.97695804
23001,0.904942
23201,0.04545839
23301,0.039298873
23601,0.06653542
23701,0.040652085
23801,0.08855783
23901,0.0051851184
24101,0.0146561265
24201,0.012040099
24401,0.367069
24501,0.11689894
24601,0.5282385
24701,0.15480565
25301,0.28200758
25401,0.022270381
25801,0.15533192
26001,0.054060556
26101,0.023095723
26201,0.0061364663
26301,0.0058680046
26401,0.056206748
26601,0.0069342447
26701,0.017392958
26801,0.36966375
26901,0.061219715
27001,0.005546423
27301,0.008580809
27401,0.047868118
27501,0.3059309
27901,0.18835676
28001,0.28739035
28101,0.049381375
28301,0.010936964
28401,0.013020556
29001,0.02688981
29101,0.009504343
29301,0.005014167
29601,0.027164718
29701,0.10546697
29801,0.011520302
29901,0.004326929
30001,0.015755482
30101,0.09955534
30301,0.006521438
30401,0.007347587
30701,0.0853582
30801,0.023281211
31101,0.08759578
31201,0.007692982
31601,0.024583546
31701,0.13006352
31801,0.038639557
31901,0.0055392003
32001,0.007202987
32101,0.0073256125
32801,0.0051605874
33001,0.015237234
33101,0.045243654
33501,0.01279324
33701,0.02462072
33801,0.022976836
33901,0.9274857
34001,0.7615344
34201,0.8229486
34301,0.13836366
34401,0.959285
34501,0.6793172
34601,0.05106436
34801,0.88181317
35001,0.05903317
35201,0.027660588
35301,0.021960128
35501,0.09290865
35601,0.01282888
35701,0.0645731
35901,0.05021925
36001,0.057572007
36101,0.0046349573
36601,0.07949953
37201,0.23790333
37401,0.016289784
37501,0.018470395
37601,0.17595726
37701,0.01073155
38101,0.008098338
38201,0.0053542703
38301,0.012845164
38401,0.009295726
38601,0.007329951
38801,0.025178472
39101,0.17086032
39201,0.94954133
39301,0.16617605
39401,0.17095579
39601,0.0152899185
39701,0.9832158
39901,0.009398351
40001,0.05142738
40201,0.034609284
40501,0.07417687
40601,0.017697297
41801,0.09762679
42001,0.019805757
42701,0.027937802
42901,0.14177746
43601,0.06730505
44201,0.021677209
44501,0.05215344
44701,0.010587296
44901,0.007415888
45201,0.09260181
45301,0.023177575
45501,0.012276807
45601,0.007426532
46101,0.07407313
46301,0.0066384654
46501,0.17911153
46901,0.028051225
47001,0.28410465
47101,0.0975483
47201,0.01948025
47301,0.0063249264
47601,0.011389752
47701,0.0059144795
47801,0.0039350055
47901,0.0248953
48201,0.027335258
48601,0.018699475
48701,0.90423626
49101,0.008513305
49201,0.00658235
49601,0.01906052
49701,0.59576565
49901,0.0039843055
50101,0.011335625
50301,0.808329
50401,0.97278684
50601,0.7375654
50801,0.9634048
50901,0.49389267
51001,0.13768545
51201,0.8546621
51601,0.45399004
51801,0.02221032
52001,0.61771315
52101,0.032624174
52501,0.014238974
52601,0.20520565
52701,0.49194387
53201,0.017764216
53301,0.04930871
53401,0.031962197
53601,0.011839833
53901,0.09931233
54101,0.014099607
54201,0.018037416
54301,0.009314447
54401,0.008672298
54601,0.38315254
55001,0.004432711
55201,0.42585516
55401,0.34415734
55501,0.16985531
55601,0.048646115
56201,0.028177954
56501,0.006426112
56701,0.008308435
56801,0.02959501
57001,0.09982267
57101,0.01393201
57201,0.005556038
57301,0.48958796
57501,0.026099788
57901,0.008994376
58001,0.02124649
58201,0.0397649
58301,0.53308445
58501,0.0057520866
58901,0.31815216
59101,0.10958891
59201,0.100059524
59501,0.3621808
59601,0.05221382
59801,0.14549787
59901,0.023382714
60401,0.18558355
60501,0.11736377
60801,0.0054919343
61101,0.15224251
61301,0.046323705
61401,0.083060496
61701,0.015294191
62101,0.06318675
62401,0.014184871
62701,0.007828851
62801,0.006541553
63501,0.07630724
63601,0.010058762
63701,0.0047684675
63801,0.0055945283
63901,0.06312055
64301,0.004725636
64401,0.00924524
2,0.03230324
102,0.05184835
402,0.025875948
602,0.03807845
702,0.042142034
1002,0.047842417
1202,0.15903029
1702,0.09283327
2202,0.046441812
2702,0.026650438
2802,0.07923275
2902,0.05974168
3002,0.041961093
3102,0.22586027
3202,0.041461963
3302,0.03782675
3402,0.038684618
3702,0.049781866
4002,0.039233662
4102,0.17854865
4202,0.020649383
4402,0.0799607
4702,0.06562385
4802,0.03909232
4902,0.07993507
5102,0.02177342
5202,0.051741254
5702,0.04686224
5902,0.05012711
6202,0.06784548
6302,0.0437873
6502,0.056345005
6602,0.056460254
6802,0.039430097
6902,0.18158755
7002,0.09038023
7202,0.0062943003
7402,0.029979587
7502,0.064208545
7702,0.042621702
7902,0.19174159
8102,0.045397505
8202,0.06791878
8302,0.036943145
8402,0.06264202
8502,0.079097286
8602,0.050873965
8702,0.086187854
8902,0.06269201
9002,0.055920053
9202,0.057199016
9502,0.14430761
9802,0.09255515
9902,0.050050836
10102,0.08081378
10402,0.060304876
10502,0.0473762
10602,0.12496174
10702,0.06172674
10902,0.06011277
11202,0.06987753
11302,0.11321314
11702,0.04003821
11902,0.02605412
12102,0.12683043
12402,0.08218286
12702,0.067166395
12902,0.0647815
13002,0.11511157
13402,0.044807937
13502,0.1273974
13602,0.058410943
13702,0.024655137
13902,0.058524195
14302,0.026663193
14402,0.1437311
15402,0.07912398
15602,0.076663055
15702,0.06979837
15802,0.05002096
15902,0.044455033
16102,0.050183795
16202,0.050612953
16302,0.034443073
16402,0.041115586
16502,0.024551494
16602,0.13172518
17002,0.02777062
17102,0.060529016
17202,0.048637256
17302,0.18654206
17402,0.117989056
17602,0.04745721
17702,0.040397994
17902,0.07732606
18002,0.07263342
18102,0.017546
18202,0.039921295
18402,0.012066435
18502,0.07510761
18702,0.014608707
18802,0.15642543
19102,0.052691344
19502,0.090339825
19602,0.03212189
19702,0.041549247
19802,0.010401199
20702,0.037337072
20802,0.10651906
20902,0.080571435
21102,0.05140161
21202,0.10743179
21402,0.10340218
21802,0.07438848
22002,0.073908225
22302,0.048260678
22402,0.049146697
22502,0.033776667
22602,0.04744718
22902,0.06590056
23002,0.017983178
23202,0.045967545
23302,0.066471875
23602,0.048829805
23702,0.07605197
23802,0.15806535
23902,0.056714527
24102,0.046047006
24202,0.064978175
24402,0.03251326
24502,0.04376155
24602,0.13799699
24702,0.03058368
25302,0.11684815
25402,0.08213364
25802,0.077942155
26002,0.0886098
26102,0.1284647
26202,0.064157516
26302,0.027958458
26402,0.09107274
26602,0.049789086
26702,0.098142214
26802,0.47419977
26902,0.16632003
27002,0.05860761
27302,0.08791979
27402,0.124111265
27502,0.09374197
27902,0.5518476
28002,0.043114837
28102,0.13238712
28302,0.056038506
28402,0.049661066
29002,0.075438395
29102,0.08050541
29302,0.035547785
29602,0.0696376
29702,0.13083282
29802,0.051615275
29902,0.024320155
30002,0.04609752
30102,0.108131796
30302,0.030874863
30402,0.033085685
30702,0.10339453
30802,0.24012412
31102,0.19719572
31202,0.041314412
31602,0.057120983
31702,0.06613374
31802,0.100875326
31902,0.033545364
32002,0.048718482
32102,0.04166246
32802,0.0441809
33002,0.083690435
33102,0.062690325
33502,0.034987565
33702,0.1430953
33802,0.065964796
33902,0.1701048
34002,0.008539366
34202,0.014022719
34302,0.059033677
34402,0.008998653
34502,0.04397545
34602,0.11519642
34802,0.012039137
35002,0.026415778
35202,0.03106001
35302,0.06665611
35502,0.04734273
35602,0.05391407
35702,0.06881675
35902,0.11503513
36002,0.0680083
36102,0.04485725
36602,0.16493037
37202,0.05446299
37402,0.040348895
37502,0.05251067
37602,0.10364394
37702,0.05536044
38102,0.03255534
38202,0.028979922
38302,0.03285838
38402,0.04193236
38602,0.06138713
38802,0.054892387
39102,0.06470219
39202,0.04332237
39302,0.27081737
39402,0.11377078
39602,0.073982
39702,0.00021830093
39902,0.07729202
40002,0.1658914
40202,0.12039524
40502,0.052440222
40602,0.07298405
41802,0.23937699
42002,0.13754554
42702,0.03820276
42902,0.0945877
43602,0.10387243
44202,0.103342056
44502,0.19819026
44702,0.07709958
44902,0.02972812
45202,0.023611968
45302,0.031833317
45502,0.07807764
45602,0.033774223
46102,0.11643314
46302,0.05118709
46502,0.11651665
46902,0.100671425
47002,0.096841015
47102,0.12643124
47202,0.13137203
47302,0.042221848
47602,0.067516714
47702,0.026404906
47802,0.037849974
47902,0.03505081
48202,0.081396885
48602,0.085731275
48702,0.023898771
49102,0.069620624
49202,0.04832032
49602,0.12085358
49702,0.38404483
49902,0.034642566
50102,0.06855015
50302,0.02433026
50402,0.023590941
50602,0.022455517
50802,0.011462876
50902,0.036247194
51002,0.029995857
51202,0.13740443
51602,0.12420225
51802,0.030342547
52002,0.02544796
52102,0.037053164
52502,0.08201579
52602,0.12770651
52702,0.07531743
53202,0.091207735
53302,0.06458675
53402,0.057040103
53602,0.09905375
53902,0.20344259
54102,0.08594277
54202,0.057581745
54302,0.045443665
54402,0.05947512
54602,0.11893767
55002,0.030846259
55202,0.35780928
55402,0.15393661
55502,0.43011737
55602,0.038565297
56202,0.044760328
56502,0.028166184
56702,0.06922506
56802,0.08386993
57002,0.10364591
57102,0.07918371
57202,0.0723961
57302,0.058060788
57502,0.09172427
57902,0.0847512
58002,0.039386377
58202,0.13442735
58302,0.039304834
58502,0.063913435
58902,0.11378175
59102,0.09698339
59202,0.14398572
59502,0.1436489
59602,0.15486869
59802,0.08372666
59902,0.07403132
60402,0.61957556
60502,0.059808087
60802,0.031935908
61102,0.41789317
61302,0.12241593
61402,0.14243549
61702,0.061902512
62102,0.08760327
62402,0.04699715
62702,0.023024442
62802,0.057866495
63502,0.1401534
63602,0.05338606
63702,0.03484445
63802,0.058322474
63902,0.040631972
64302,0.028529046
64402,0.050175868
3,0.03843523
103,0.025277887
403,0.004012808
603,0.039085355
703,0.044743773
1003,0.039605744
1203,0.03770342
1703,0.025443736
2203,0.01750214
2703,0.00038948687
2803,0.036678325
2903,0.047012288
3003,0.042969134
3103,0.07248708
3203,0.035427917
3303,0.05103646
3403,0.018178895
3703,0.036968667
4003,0.039482366
4103,0.008843498
4203,0.027888114
4403,0.060708337
4703,0.040343888
4803,0.0551309
4903,0.043720305
5103,0.044799246
5203,0.03691087
5703,0.04409802
5903,0.049018912
6203,0.03931638
6303,0.036354937
6503,0.03526129
6603,0.034234785
6803,0.036665097
6903,0.006961739
7003,0.027535735
7203,0.0034872014
7403,0.03620543
7503,0.03821385
7703,0.026122253
7903,0.020566897
8103,0.06438404
8203,0.051730562
8303,0.05442263
8403,0.05846278
8503,0.050079774
8603,0.05165733
8703,0.037903
8903,0.056215115
9003,0.051775176
9203,0.05443567
9503,0.068584435
9803,0.063703485
9903,0.051318906
10103,0.068368
10403,0.043647632
10503,0.039187916
10603,0.16852993
10703,0.06449552
10903,0.04226732
11203,0.06362431
11303,0.015992165
11703,0.021911466
11903,0.033978906
12103,0.07676142
12403,0.054558583
12703,0.04161561
12903,0.043618757
13003,0.038841523
13403,0.034414634
13503,0.07500993
13603,0.0422226
13703,0.038177226
13903,0.04049069
14303,0.036194567
14403,0.045437377
15403,0.036027517
15603,0.037558697
15703,0.045617823
15803,0.047040235
15903,0.028916229
16103,0.047473647
16203,0.041043893
16303,0.055409364
16403,0.03534457
16503,0.012687054
16603,0.06803409
17003,0.03506957
17103,0.026704757
17203,0.024103273
17303,0.061423417
17403,0.048211236
17603,0.02760713
17703,0.050037388
17903,0.016447041
18003,0.020017717
18103,0.0014848926
18203,0.0017299152
18403,0.006109668
18503,0.025019346
18703,0.00071134575
18803,0.067239374
19103,0.05436669
19503,0.040495794
19603,0.010627391
19703,0.033393387
19803,0.006311104
20703,0.049882315
20803,0.0515794
20903,0.059799988
21103,0.05294882
21203,0.054211393
21403,0.08064323
21803,0.042996343
22003,0.06903467
22303,0.053836875
22403,0.04417667
22503,0.03480096
22603,0.036979113
22903,0.0007426878
23003,0.0024039084
23203,0.04860569
23303,0.03462162
23603,0.038078133
23703,0.03891616
23803,0.048878103
23903,0.06635564
24103,0.05317827
24203,0.05983384
24403,0.021921627
24503,0.05248545
24603,0.011697853
24703,0.032414347
25303,0.05536983
25403,0.0629966
25803,0.04196082
26003,0.04957294
26103,0.08093131
26203,0.06516175
26303,0.045045182
26403,0.034124684
26603,0.039408945
26703,0.038781084
26803,0.04052736
26903,0.056812033
27003,0.06369351
27303,0.075447425
27403,0.07895494
27503,0.019078981
27903,0.086438134
28003,0.014620341
28103,0.06984261
28303,0.042028185
28403,0.032690536
29003,0.049505573
29103,0.035380393
29303,0.03154119
29603,0.052035045
29703,0.024532309
29803,0.038246363
29903,0.0369901
30003,0.028239308
30103,0.050320353
30303,0.0624235
30403,0.043099273
30703,0.045568578
30803,0.10778516
31103,0.07837132
31203,0.044006154
31603,0.05249764
31703,0.05448182
31803,0.072107814
31903,0.034565583
32003,0.047111884
32103,0.018873226
32803,0.049186416
33003,0.03262203
33103,0.045134116
33503,0.053253587
33703,0.028286252
33803,0.011187399
33903,0.0028073427
34003,0.004046323
34203,0.003764782
34303,0.01455118
34403,0.0011885545
34503,0.010576538
34603,0.0636056
34803,0.0019612086
35003,0.02919069
35203,0.03337459
35303,0.027267922
35503,0.02742616
35603,0.048738506
35703,0.03803827
35903,0.049868796
36003,0.08676868
36103,0.04960227
36603,0.030945139
37203,0.010417836
37403,0.04704948
37503,0.049345512
37603,0.061550677
37703,0.052707218
38103,0.045878004
38203,0.041961744
38303,0.028352331
38403,0.045335934
38603,0.06149943
38803,0.04735574
39103,0.036042374
39203,0.0010989141
39303,0.03771308
39403,0.058735576
39603,0.04641866
39703,7.205368e-06
39903,0.05484775
40003,0.07552768
40203,0.02968967
40503,0.033142857
40603,0.049596623
41803,0.08535703
42003,0.049402643
42703,0.04466702
42903,0.07504274
43603,0.051285636
44203,0.06685471
44503,0.06467708
44703,0.054195024
44903,0.03705052
45203,0.021363562
45303,0.04800045
45503,0.063895166
45603,0.028852187
46103,0.05262626
46303,0.04234558
46503,0.038604386
46903,0.037964795
47003,0.024092562
47103,0.057441957
47203,0.06955689
47303,0.03723187
47603,0.049646683
47703,0.04022633
47803,0.032721452
47903,0.045639124
48203,0.059472773
48603,0.070342794
48703,0.009753023
49103,0.048920687
49203,0.059939817
49603,0.11448314
49703,0.019295108
49903,0.047251124
50103,0.016733054
50303,0.0052973665
50403,0.00052106247
50603,0.008620891
50803,0.001189498
50903,0.014547126
51003,0.049258307
51203,0.0046675587
51603,0.011949677
51803,0.062154386
52003,0.0057300404
52103,0.054523643
52503,0.05943295
52603,0.08898246
52703,0.019403191
53203,0.09836563
53303,0.030981032
53403,0.048861858
53603,0.097423024
53903,0.12590145
54103,0.040571123
54203,0.036453653
54303,0.043769
54403,0.03981464
54603,0.036997266
55003,0.04004947
55203,0.04503052
55403,0.018208304
55503,0.05887085
55603,0.07116785
56203,0.062157664
56503,0.05341758
56703,0.075762525
56803,0.06670992
57003,0.035082
57103,0.053226683
57203,0.059996895
57303,0.011637746
57503,0.026798917
57903,0.043662332
58003,0.06559431
58203,0.097226135
58303,0.012430737
58503,0.055320896
58903,0.0265404
59103,0.06384921
59203,0.07557553
59503,0.034764253
59603,0.058841348
59803,0.03704688
59903,0.06299554
60403,0.10360458
60503,0.038887143
60803,0.036122408
61103,0.051887188
61303,0.05353209
61403,0.058800194
61703,0.07083328
62103,0.030884448
62403,0.034201417
62703,0.036986902
62803,0.053430296
63503,0.05451874
63603,0.060552254
63703,0.043945987
63803,0.040501304
63903,0.040220078
64303,0.04643412
64403,0.045888186
4,0.08439288
104,0.09597907
404,0.0036035946
604,0.10265235
704,0.055946473
1004,0.05242093
1204,0.038626257
1704,0.07080168
2204,0.0155021725
2704,0.0007507837
2804,0.08040899
2904,0.08333456
3004,0.11106162
3104,0.07607647
3204,0.062973805
3304,0.059195373
3404,0.015831245
3704,0.031664595
4004,0.09835089
4104,0.010887336
4204,0.076983616
4404,0.098771796
4704,0.15732448
4804,0.04878273
4904,0.14645913
5104,0.087115206
5204,0.06955299
5704,0.068839535
5904,0.08747295
6204,0.07426074
6304,0.05714979
6504,0.07989511
6604,0.09183155
6804,0.09041375
6904,0.0041731787
7004,0.029555582
7204,0.0055572907
7404,0.077728175
7504,0.026934158
7704,0.022706568
7904,0.026450902
8104,0.08035625
8204,0.050163973
8304,0.051252354
8404,0.111930415
8504,0.053624265
8604,0.049014002
8704,0.07799943
8904,0.057896204
9004,0.055147953
9204,0.054548685
9504,0.11377233
9804,0.10070186
9904,0.09099364
10104,0.09011937
10404,0.06896563
10504,0.0502467
10604,0.23729809
10704,0.1451037
10904,0.11445931
11204,0.05928595
11304,0.026573308
11704,0.052446656
11904,0.043174773
12104,0.19560346
12404,0.14780886
12704,0.106425114
12904,0.102222495
13004,0.18536954
13404,0.053060565
13504,0.09899502
13604,0.07389819
13704,0.054898683
13904,0.09394929
14304,0.067839846
14404,0.2891083
15404,0.13953176
15604,0.06616987
15704,0.13822658
15804,0.04079127
15904,0.025013948
16104,0.08201775
16204,0.07240979
16304,0.1080751
16404,0.08856471
16504,0.0036331392
16604,0.053294238
17004,0.047714762
17104,0.029561784
17204,0.060483675
17304,0.078827105
17404,0.041893408
17604,0.06957207
17704,0.06603679
17904,0.058923345
18004,0.0766739
18104,0.0033656284
18204,0.0034194097
18404,0.0062124254
18504,0.03912443
18704,0.0018983325
18804,0.09097239
19104,0.09303856
19504,0.04653579
19604,0.0109399725
19704,0.030836016
19804,0.010661578
20704,0.04854943
20804,0.15368903
20904,0.099220864
21104,0.09732416
21204,0.060321327
21404,0.27696937
21804,0.07145644
22004,0.1198228
22304,0.09116536
22404,0.105738446
22504,0.054997258
22604,0.081944935
22904,0.0004567673
23004,0.0036445393
23204,0.0709462
23304,0.08459946
23604,0.05253648
23704,0.07729707
23804,0.04774357
23904,0.06513887
24104,0.04881838
24204,0.08476026
24404,0.021692827
24504,0.046634175
24604,0.013723847
24704,0.035238415
25304,0.027241135
25404,0.10915628
25804,0.2069355
26004,0.21378551
26104,0.091181695
26204,0.06534998
26304,0.051804338
26404,0.20124689
26604,0.071351774
26704,0.124225765
26804,0.045559525
26904,0.06405378
27004,0.079404294
27304,0.14267336
27404,0.0908473
27504,0.030091684
27904,0.08634751
28004,0.04043994
28104,0.18901272
28304,0.08856634
28404,0.050223254
29004,0.20146333
29104,0.066977985
29304,0.042286243
29604,0.07243085
29704,0.19357371
29804,0.08797338
29904,0.05185026
30004,0.053821735
30104,0.26727143
30304,0.05704083
30404,0.07799072
30704,0.15640812
30804,0.124965265
31104,0.24176827
31204,0.08939019
31604,0.05512852
31704,0.26458064
31804,0.2316994
31904,0.047582388
32004,0.09865924
32104,0.082201384
32804,0.071946226
33004,0.070168525
33104,0.032067668
33504,0.062150374
33704,0.075713575
33804,0.052915428
33904,0.0030863152
34004,0.0061892415
34204,0.0060269576
34304,0.020989148
34404,0.0029610624
34504,0.013077712
34604,0.069391124
34804,0.0031130465
35004,0.025502589
35204,0.042377718
35304,0.13986951
35504,0.029446717
35604,0.060040995
35704,0.06228291
35904,0.114292376
36004,0.2159317
36104,0.071201615
36604,0.14587824
37204,0.0803045
37404,0.1066776
37504,0.06454345
37604,0.1994587
37704,0.07067648
38104,0.06851478
38204,0.06373729
38304,0.059876963
38404,0.077776484
38604,0.06790447
38804,0.13869902
39104,0.04333427
39204,0.0025847193
39304,0.088910975
39404,0.07761822
39604,0.09538665
39704,0.00024469363
39904,0.05259768
40004,0.07926372
40204,0.05983365
40504,0.036882423
40604,0.0735902
41804,0.21253736
42004,0.17888299
42704,0.069852374
42904,0.15084718
43604,0.10107765
44204,0.11225955
44504,0.06648149
44704,0.09844576
44904,0.060896583
45204,0.061929453
45304,0.09227844
45504,0.10739574
45604,0.04609875
46104,0.30212915
46304,0.059282955
46504,0.17033538
46904,0.047355313
47004,0.02745686
47104,0.21520449
47204,0.1381868
47304,0.062205773
47604,0.14804891
47704,0.038768798
47804,0.041049365
47904,0.042230986
48204,0.116491795
48604,0.1288883
48704,0.0022962096
49104,0.13838753
49204,0.07038966
49604,0.084064096
49704,0.030756379
49904,0.0715006
50104,0.0591995
50304,0.008139918
50404,0.0022338824
50604,0.013987716
50804,0.0026524535
50904,0.018868366
51004,0.060652185
51204,0.005829812
51604,0.011858856
51804,0.06083838
52004,0.006765652
52104,0.064999856
52504,0.06397469
52604,0.25856116
52704,0.16572574
53204,0.096878804
53304,0.14115323
53404,0.09229033
53604,0.076238394
53904,0.4778854
54104,0.12860887
54204,0.10428323
54304,0.10212439
54404,0.07922429
54604,0.15878583
55004,0.042336214
55204,0.04946716
55404,0.029560484
55504,0.1792039
55604,0.08987137
56204,0.098298624
56504,0.074125595
56704,0.061430268
56804,0.07057646
57004,0.08046782
57104,0.06485192
57204,0.08181897
57304,0.013749003
57504,0.045417316
57904,0.12844214
58004,0.07498228
58204,0.1613913
58304,0.028818714
58504,0.09629909
58904,0.024254981
59104,0.18269096
59204,0.124918215
59504,0.028302824
59604,0.2123725
59804,0.050065108
59904,0.07231334
60404,0.16329427
60504,0.051431846
60804,0.060276777
61104,0.04972234
61304,0.19907999
61404,0.24986184
61704,0.139929
62104,0.14862303
62404,0.083435565
62704,0.054669183
62804,0.0685724
63504,0.22019891
63604,0.060856886
63704,0.05376774
63804,0.05320082
63904,0.031866204
64304,0.06782547
64404,0.07169059
5,0.023289206
105,0.023225259
405,0.0008212923
605,0.07547189
705,0.044123076
1005,0.019626651
1205,0.025991034
1705,0.033724394
2205,0.017705921
2705,0.0044509545
2805,0.04735015
2905,0.041257385
3005,0.08033128
3105,0.05992841
3205,0.05772265
3305,0.045808915
3405,0.016289148
3705,0.02271894
4005,0.083923526
4105,0.08198242
4205,0.026106028
4405,0.05975891
4705,0.10827597
4805,0.034749914
4905,0.096902974
5105,0.046330336
5205,0.07566716
5705,0.057478953
5905,0.04949068
6205,0.08536987
6305,0.053886037
6505,0.07118921
6605,0.08810924
6805,0.08648351
6905,0.04353504
7005,0.060649913
7205,0.009954644
7405,0.047247157
7505,0.018196767
7705,0.028479682
7905,0.026829652
8105,0.044623286
8205,0.027986705
8305,0.030146578
8405,0.031650953
8505,0.0316749
8605,0.026084505
8705,0.03771133
8905,0.03105276
9005,0.036449604
9205,0.033389814
9505,0.05767451
9805,0.04933107
9905,0.039274197
10105,0.037198793
10405,0.048281953
10505,0.044807874
10605,0.17218828
10705,0.042039283
10905,0.08412136
11205,0.033972222
11305,0.019948298
11705,0.029845396
11905,0.027777415
12105,0.06789386
12405,0.06061578
12705,0.10268945
12905,0.09455533
13005,0.10847382
13405,0.045863584
13505,0.08048707
13605,0.05152773
13705,0.03917211
13905,0.05646956
14305,0.044812072
14405,0.12543665
15405,0.07452249
15605,0.075388774
15705,0.08584172
15805,0.04492003
15905,0.029486515
16105,0.047017984
16205,0.05930214
16305,0.018915992
16405,0.020127354
16505,0.0028447616
16605,0.032821123
17005,0.03803567
17105,0.02264168
17205,0.020869892
17305,0.030423459
17405,0.031124705
17605,0.045060378
17705,0.02192561
17905,0.030183101
18005,0.031123493
18105,0.005758536
18205,0.010458789
18405,0.008547395
18505,0.035901953
18705,0.003273754
18805,0.054003943
19105,0.03797868
19505,0.03052957
19605,0.010279913
19705,0.023446208
19805,0.0056477077
20705,0.038243726
20805,0.11978507
20905,0.06289633
21105,0.080420084
21205,0.057606164
21405,0.18705031
21805,0.08360412
22005,0.060953982
22305,0.049284987
22405,0.08225851
22505,0.05215088
22605,0.07118139
22905,0.008485161
23005,0.007529347
23205,0.04334431
23305,0.042661734
23605,0.03407747
23705,0.042603884
23805,0.045470912
23905,0.03641713
24105,0.035579275
24205,0.06876571
24405,0.027349468
24505,0.032668326
24605,0.0314392
24705,0.020969745
25305,0.026021041
25405,0.05864314
25805,0.05480855
26005,0.078984074
26105,0.059232436
26205,0.060571767
26305,0.038970992
26405,0.10179599
26605,0.06585661
26705,0.12616864
26805,0.04123394
26905,0.038942892
27005,0.04068112
27305,0.054130495
27405,0.05418372
27505,0.025598455
27905,0.06435139
28005,0.019242289
28105,0.12995912
28305,0.08480379
28405,0.065009296
29005,0.1341445
29105,0.07807591
29305,0.048111185
29605,0.036409803
29705,0.1997402
29805,0.07611963
29905,0.031942043
30005,0.07662266
30105,0.10671362
30305,0.032941766
30405,0.048098903
30705,0.1256484
30805,0.102028936
31105,0.1623037
31205,0.042338043
31605,0.042153247
31705,0.08065768
31805,0.14664096
31905,0.044913724
32005,0.04711513
32105,0.024176324
32805,0.04792796
33005,0.02783397
33105,0.030636571
33505,0.04934013
33705,0.04180827
33805,0.027969383
33905,0.0066019846
34005,0.008034457
34205,0.013967547
34305,0.027105706
34405,0.005829632
34505,0.04028429
34605,0.039216854
34805,0.0051271934
35005,0.019656576
35205,0.03369603
35305,0.09053774
35505,0.025863932
35605,0.033476677
35705,0.03894307
35905,0.060024247
36005,0.1059791
36105,0.037076943
36605,0.13352272
37205,0.036237855
37405,0.07288008
37505,0.036945343
37605,0.14018025
37705,0.07110065
38105,0.05697044
38205,0.04954335
38305,0.051165655
38405,0.06339755
38605,0.03619872
38805,0.053213917
39105,0.053541124
39205,0.015677897
39305,0.066814326
39405,0.05598499
39605,0.048964914
39705,0.00029203246
39905,0.03224913
40005,0.04335561
40205,0.045964215
40505,0.022028597
40605,0.03836919
41805,0.11978824
42005,0.07721758
42705,0.06530392
42905,0.07823722
43605,0.061119106
44205,0.079500526
44505,0.038930923
44705,0.08127976
44905,0.053199705
45205,0.024353186
45305,0.048512995
45505,0.068446055
45605,0.05499431
46105,0.1612436
46305,0.06309642
46505,0.08884836
46905,0.042162668
47005,0.028092787
47105,0.089054406
47205,0.11823586
47305,0.058426157
47605,0.067142926
47705,0.042623777
47805,0.041253652
47905,0.029657116
48205,0.082645684
48605,0.050121672
48705,0.003769147
49105,0.05135114
49205,0.047098793
49605,0.050572775
49705,0.03675236
49905,0.029271089
50105,0.027821386
50305,0.014606285
50405,0.0052529573
50605,0.045374535
50805,0.0062129437
50905,0.019357402
51005,0.034381814
51205,0.09039348
51605,0.03430537
51805,0.034831323
52005,0.0070369462
52105,0.03471672
52505,0.037063673
52605,0.11246506
52705,0.17323232
53205,0.056827854
53305,0.07071424
53405,0.06141379
53605,0.051040057
53905,0.26669434
54105,0.10606098
54205,0.09535617
54305,0.061451882
54405,0.066088766
54605,0.13495257
55005,0.036363367
55205,0.22178096
55405,0.03236681
55505,0.14656837
55605,0.029539017
56205,0.04243036
56505,0.04448568
56705,0.035191648
56805,0.04037125
57005,0.052570313
57105,0.036324818
57205,0.037329637
57305,0.011684523
57505,0.033347443
57905,0.07026609
58005,0.03730907
58205,0.057983268
58305,0.014981308
58505,0.032770995
58905,0.01923715
59105,0.124000475
59205,0.108579345
59505,0.032667987
59605,0.17523076
59805,0.040601417
59905,0.05197849
60405,0.18558475
60505,0.026918814
60805,0.045115862
61105,0.04604927
61305,0.17019026
61405,0.11170837
61705,0.055992093
62105,0.11788709
62405,0.07271646
62705,0.048666168
62805,0.057250477
63505,0.13804998
63605,0.06462731
63705,0.048687417
63805,0.06351368
63905,0.027418483
64305,0.034164365
64405,0.062375598
6,0.026850808
106,0.011153174
406,0.011128033
606,0.11517103
706,0.045052875
1006,0.012068646
1206,0.048461
1706,0.015409492
2206,0.021688836
2706,0.005411531
2806,0.060255013
2906,0.034313004
3006,0.11694574
3106,0.060343746
3206,0.10503928
3306,0.067134336
3406,0.033683084
3706,0.04041341
4006,0.12008246
4106,0.12692279
4206,0.086746626
4406,0.074339375
4706,0.16429095
4806,0.030017046
4906,0.14221945
5106,0.14521338
5206,0.08435586
5706,0.059200235
5906,0.048303246
6206,0.09261366
6306,0.0530505
6506,0.09223277
6606,0.11841829
6806,0.15901656
6906,0.028161313
7006,0.046294283
7206,0.08802674
7406,0.10053412
7506,0.02608382
7706,0.03445688
7906,0.021581046
8106,0.06231505
8206,0.042399283
8306,0.04524617
8406,0.025595393
8506,0.01970737
8606,0.021194128
8706,0.04216252
8906,0.021729318
9006,0.05027458
9206,0.030191798
9506,0.07950379
9806,0.043171197
9906,0.070182756
10106,0.055373453
10406,0.04611087
10506,0.041392718
10606,0.18853769
10706,0.1416892
10906,0.13257793
11206,0.041003734
11306,0.03261927
11706,0.12146149
11906,0.029878184
12106,0.05502457
12406,0.08627321
12706,0.13981041
12906,0.10390983
13006,0.15407193
13406,0.04218082
13506,0.05274253
13606,0.049470298
13706,0.052853752
13906,0.10200055
14306,0.06278921
14406,0.23000692
15406,0.12428121
15606,0.066093944
15706,0.116766244
15806,0.03481879
15906,0.040810425
16106,0.093890294
16206,0.0639871
16306,0.02176651
16406,0.0122308135
16506,0.0076531563
16606,0.040799327
17006,0.035632476
17106,0.010155534
17206,0.010958764
17306,0.018465
17406,0.024954142
17606,0.12715216
17706,0.026065744
17906,0.014496493
18006,0.014471283
18106,0.014540327
18206,0.011211884
18406,0.035434134
18506,0.031571142
18706,0.008818781
18806,0.03228147
19106,0.048056513
19506,0.021654911
19606,0.024068726
19706,0.028637541
19806,0.029872354
20706,0.037652634
20806,0.114157505
20906,0.08963769
21106,0.09232074
21206,0.080928266
21406,0.36853668
21806,0.0747742
22006,0.044735257
22306,0.13519219
22406,0.10873747
22506,0.0658962
22606,0.10241186
22906,0.011486968
23006,0.021638596
23206,0.07766372
23306,0.07863568
23606,0.05118038
23706,0.052510425
23806,0.048733123
23906,0.025570633
24106,0.032783244
24206,0.05797893
24406,0.064610854
24506,0.06964263
24606,0.014987663
24706,0.048242334
25306,0.07005033
25406,0.08985533
25806,0.17842503
26006,0.14438869
26106,0.062907316
26206,0.034594115
26306,0.03814326
26406,0.23659603
26606,0.06548331
26706,0.12010747
26806,0.027978497
26906,0.054999575
27006,0.034668144
27306,0.06297096
27406,0.09385975
27506,0.0408007
27906,0.052832425
28006,0.04418112
28106,0.18174854
28306,0.08508823
28406,0.072735675
29006,0.17437406
29106,0.07521009
29306,0.03852898
29606,0.06409171
29706,0.3494521
29806,0.090840995
29906,0.041012704
30006,0.08543834
30106,0.20685942
30306,0.040752295
30406,0.067726985
30706,0.18654494
30806,0.08920429
31106,0.16095328
31206,0.04495013
31606,0.05046315
31706,0.2688993
31806,0.17516784
31906,0.045519803
32006,0.047379788
32106,0.014475356
32806,0.05856093
33006,0.012717664
33106,0.014827337
33506,0.07479572
33706,0.020068163
33806,0.011111327
33906,0.0035587398
34006,0.02312997
34206,0.06167713
34306,0.023261907
34406,0.011191572
34506,0.051130544
34606,0.050373055
34806,0.015481938
35006,0.04115135
35206,0.049100183
35306,0.18054605
35506,0.03511807
35606,0.036010772
35706,0.0782442
35906,0.09689634
36006,0.22043997
36106,0.052526463
36606,0.17812255
37206,0.041307695
37406,0.10542743
37506,0.059693683
37606,0.20016758
37706,0.0896703
38106,0.0793152
38206,0.06096109
38306,0.08023244
38406,0.090067424
38606,0.03604562
38806,0.09880083
39106,0.07411749
39206,0.043238763
39306,0.07741031
39406,0.09490372
39606,0.05631884
39706,0.0004470099
39906,0.02177236
40006,0.055568695
40206,0.028401872
40506,0.04531104
40606,0.038887303
41806,0.14279376
42006,0.045251496
42706,0.15640044
42906,0.097638026
43606,0.11963308
44206,0.101003945
44506,0.043455906
44706,0.078000695
44906,0.06444391
45206,0.12753911
45306,0.11608531
45506,0.10237249
45606,0.055010807
46106,0.24379228
46306,0.055491205
46506,0.16153993
46906,0.019920155
47006,0.02893252
47106,0.15470885
47206,0.1066707
47306,0.054596085
47606,0.07564222
47706,0.03997037
47806,0.035264518
47906,0.034060497
48206,0.098569036
48606,0.061809894
48706,0.003571875
49106,0.070755675
49206,0.049202874
49606,0.037119474
49706,0.024913147
49906,0.033761587
50106,0.009201407
50306,0.031014413
50406,0.0055667637
50606,0.19300978
50806,0.025820201
50906,0.06924088
51006,0.10606183
51206,0.028000815
51606,0.028725037
51806,0.054514814
52006,0.023916936
52106,0.071070224
52506,0.03542825
52606,0.28372037
52706,0.66865546
53206,0.06625551
53306,0.13832176
53406,0.0832115
53606,0.042999268
53906,0.33537528
54106,0.104761206
54206,0.12791307
54306,0.08198207
54406,0.06626235
54606,0.10360963
55006,0.033103716
55206,0.06174581
55406,0.030750148
55506,0.061020456
55606,0.055456318
56206,0.08260796
56506,0.050081726
56706,0.02273715
56806,0.052414663
57006,0.10407983
57106,0.028604997
57206,0.026121743
57306,0.027249206
57506,0.019111874
57906,0.06584227
58006,0.059843007
58206,0.11467144
58306,0.03184874
58506,0.03841443
58906,0.023316417
59106,0.21685635
59206,0.14428209
59506,0.034772906
59606,0.16767986
59806,0.06561709
59906,0.07096362
60406,0.074158676
60506,0.05930385
60806,0.047046617
61106,0.035169374
61306,0.17432673
61406,0.17044906
61706,0.06562844
62106,0.20921418
62406,0.1073561
62706,0.06560109
62806,0.057005897
63506,0.17602366
63606,0.0660217
63706,0.045069877
63806,0.05291688
63906,0.038537968
64306,0.050738372
64406,0.082021296
7,0.0313407
107,0.03493223
407,0.17029479
607,0.027706876
707,0.040795755
1007,0.037135497
1207,0.03416972
1707,0.05779644
2207,0.04784898
2707,0.0050266786
2807,0.05101943
2907,0.058105152
3007,0.03978655
3107,0.020235218
3207,0.023865622
3307,0.16992474
3407,0.017881544
3707,0.014931614
4007,0.029231172
4107,0.06874456
4207,0.02623621
4407,0.048941553
4707,0.055062328
4807,0.039456096
4907,0.06923383
5107,0.010981562
5207,0.06642892
5707,0.03397628
5907,0.077010445
6207,0.052899297
6307,0.045514826
6507,0.101374246
6607,0.064120956
6807,0.060287677
6907,0.35510558
7007,0.020620812
7207,0.03406608
7407,0.015578222
7507,0.0072132577
7707,0.014969465
7907,0.013848401
8107,0.013168441
8207,0.011366694
8307,0.017982855
8407,0.062221408
8507,0.025614766
8607,0.016421057
8707,0.022307271
8907,0.024515351
9007,0.014948069
9207,0.017608719
9507,0.0877401
9807,0.042855833
9907,0.050436627
10107,0.026116002
10407,0.078680895
10507,0.06519249
10607,0.14712611
10707,0.061929908
10907,0.051491983
11207,0.012678319
11307,0.010915394
11707,0.029803826
11907,0.07920821
12107,0.18787973
12407,0.039678816
12707,0.04529713
12907,0.28273284
13007,0.10137837
13407,0.061588965
13507,0.060069226
13607,0.12159613
13707,0.0800632
13907,0.051529627
14307,0.050469793
14407,0.22815697
15407,0.08109752
15607,0.055314217
15707,0.13818781
15807,0.03857935
15907,0.012222508
16107,0.030983469
16207,0.042559553
16307,0.02841003
16407,0.03952354
16507,0.020391336
16607,0.04062671
17007,0.063099645
17107,0.04796439
17207,0.041310873
17307,0.026939645
17407,0.049887113
17607,0.044590514
17707,0.030182779
17907,0.05186137
18007,0.04901024
18107,0.02104987
18207,0.014205741
18407,0.018606478
18507,0.035928115
18707,0.006970936
18807,0.066686116
19107,0.06686148
19507,0.030956538
19607,0.017219376
19707,0.02750991
19807,0.008324188
20707,0.032063864
20807,0.049929827
20907,0.009326067
21107,0.028120108
21207,0.06821212
21407,0.105799995
21807,0.061464783
22007,0.062447555
22307,0.04444561
22407,0.03314766
22507,0.04013945
22607,0.05038968
22907,0.8430979
23007,0.038480993
23207,0.014766741
23307,0.039719593
23607,0.019075707
23707,0.029799076
23807,0.030450342
23907,0.04991014
24107,0.021251744
24207,0.04035075
24407,0.012660376
24507,0.016233372
24607,0.006788004
24707,0.010269008
25307,0.10887831
25407,0.025611803
25807,0.053587146
26007,0.10811843
26107,0.025071356
26207,0.075314805
26307,0.0640606
26407,0.14139734
26607,0.038919244
26707,0.06125626
26807,0.036189545
26907,0.017726937
27007,0.031623878
27307,0.05273994
27407,0.022233006
27507,0.031913403
27907,0.047841158
28007,0.016027283
28107,0.04003483
28307,0.039822675
28407,0.15270717
29007,0.04584293
29107,0.079225086
29307,0.07554303
29607,0.025397645
29707,0.1722593
29807,0.06671774
29907,0.06891118
30007,0.10314354
30107,0.14127633
30307,0.024979485
30407,0.060106706
30707,0.047911096
30807,0.07861966
31107,0.07096519
31207,0.11672782
31607,0.03822781
31707,0.13107294
31807,0.06901068
31907,0.080748364
32007,0.10180415
32107,0.04414362
32807,0.028364846
33007,0.04434362
33107,0.08419638
33507,0.017118892
33707,0.06444589
33807,0.036399383
33907,0.0038937689
34007,0.016394481
34207,0.023048887
34307,0.033296242
34407,0.00763575
34507,0.024038179
34607,0.021183884
34807,0.01481232
35007,0.009688315
35207,0.04101039
35307,0.047517516
35507,0.021107703
35607,0.02254124
35707,0.06852492
35907,0.04369153
36007,0.09326968
36107,0.031438664
36607,0.11872994
37207,0.02185431
37407,0.028003586
37507,0.022127073
37607,0.084389105
37707,0.038482003
38107,0.037012093
38207,0.043465815
38307,0.099702574
38407,0.027294656
38607,0.02224612
38807,0.05714353
39107,0.030544337
39207,0.3034906
39307,0.1091068
39407,0.02202624
39607,0.045084868
39707,2.4787285e-05
39907,0.02345319
40007,0.02102847
40207,0.047727022
40507,0.026289485
40607,0.044233996
41807,0.087183684
42007,0.09801022
42707,0.02990981
42907,0.03268475
43607,0.11376063
44207,0.025001375
44507,0.036616933
44707,0.028129954
44907,0.050203454
45207,0.011261186
45307,0.047732245
45507,0.02352418
45607,0.095930174
46107,0.27662966
46307,0.071869105
46507,0.06518442
46907,0.055058006
47007,0.012060411
47107,0.031603064
47207,0.049468026
47307,0.043576527
47607,0.1230219
47707,0.05047288
47807,0.07300246
47907,0.01958672
48207,0.05048851
48607,0.036091134
48707,0.01183821
49107,0.066088125
49207,0.027999796
49607,0.14647563
49707,0.042103615
49907,0.047516804
50107,0.050748345
50307,0.01947475
50407,0.00966153
50607,0.031235933
50807,0.014824517
50907,0.043658778
51007,0.026150933
51207,0.029462824
51607,0.16436613
51807,0.021709256
52007,0.023126911
52107,0.01382226
52507,0.0279979
52607,0.1549146
52707,0.03789232
53207,0.16828118
53307,0.04812385
53407,0.056563396
53607,0.05669119
53907,0.18364725
54107,0.07125033
54207,0.08329747
54307,0.056390453
54407,0.08150356
54607,0.078415714
55007,0.06585908
55207,0.080573685
55407,0.022537133
55507,0.07368806
55607,0.036160793
56207,0.019958802
56507,0.028010635
56707,0.0242704
56807,0.02374272
57007,0.0517683
57107,0.02046068
57207,0.053865314
57307,0.04732709
57507,0.076301016
57907,0.0989971
58007,0.028889043
58207,0.019847035
58307,0.017738359
58507,0.04776464
58907,0.006216577
59107,0.055150244
59207,0.093350485
59507,0.0080042705
59607,0.103807315
59807,0.015734777
59907,0.019893927
60407,0.059944592
60507,0.014162803
60807,0.060057066
61107,0.01588781
61307,0.055078752
61407,0.055123806
61707,0.051204413
62107,0.13864705
62407,0.067284785
62707,0.060203698
62807,0.04247517
63507,0.12083469
63607,0.03149165
63707,0.0387603
63807,0.048044555
63907,0.014264235
64307,0.030718485
64407,0.037280984
8,0.08791121
108,0.06341832
408,0.0063819857
608,0.14079325
708,0.12318734
1008,0.060966816
1208,0.43954885
1708,0.04916566
2208,0.06913868
2708,0.03315158
2808,0.2730647
2908,0.13819455
3008,0.10225934
3108,0.7045436
3208,0.20183882
3308,0.04765496
3408,0.2430875
3708,0.31564453
4008,0.11061972
4108,0.01708507
4208,0.07007222
4408,0.32977724
4708,0.11394029
4808,0.11400698
4908,0.09528748
5108,0.13317794
5208,0.066225305
5708,0.12971699
5908,0.09971027
6208,0.09567042
6308,0.084972486
6508,0.057063125
6608,0.07062934
6808,0.089173436
6908,0.26099688
7008,0.32932588
7208,0.016555186
7408,0.19047634
7508,0.35331035
7708,0.19608293
7908,0.43416718
8108,0.367004
8208,0.40587434
8308,0.22549556
8408,0.11064275
8508,0.12218299
8608,0.17288297
8708,0.20172091
8908,0.17652069
9008,0.2612158
9208,0.2570736
9508,0.266091
9808,0.20360357
9908,0.16211428
10108,0.34638378
10408,0.11889004
10508,0.1152954
10608,0.29929048
10708,0.067210905
10908,0.10495678
11208,0.36849266
11308,0.7386836
11708,0.24040206
11908,0.034634024
12108,0.109431505
12408,0.3226361
12708,0.1376528
12908,0.05666564
13008,0.084080346
13408,0.064459294
13508,0.25430086
13608,0.06323124
13708,0.037455235
13908,0.07960367
14308,0.053494975
14408,0.3959014
15408,0.22602208
15608,0.10091631
15708,0.11288411
15808,0.13054541
15908,0.28776956
16108,0.25986075
16208,0.10320178
16308,0.10080822
16408,0.07340025
16508,0.013398647
16608,0.18424766
17008,0.053196058
17108,0.04242112
17208,0.04466055
17308,0.22313327
17408,0.13344832
17608,0.19461553
17708,0.1013081
17908,0.035448305
18008,0.047207598
18108,0.01862443
18208,0.05207846
18408,0.052728556
18508,0.13787933
18708,0.018318912
18808,0.1695422
19108,0.12245352
19508,0.17196393
19608,0.24892497
19708,0.17508052
19808,0.047874834
20708,0.15730476
20808,0.2847636
20908,0.46814197
21108,0.16762863
21208,0.25732166
21408,0.35763362
21808,0.09219206
22008,0.18107511
22308,0.09663102
22408,0.14759187
22508,0.0642572
22608,0.07785625
22908,0.015245185
23008,0.035999317
23208,0.28758618
23308,0.07988642
23608,0.19983639
23708,0.20965376
23808,0.36657342
23908,0.10174273
24108,0.21293963
24208,0.1967682
24408,0.181637
24508,0.25041482
24608,0.53391004
24708,0.2288645
25308,0.13675013
25408,0.37552035
25808,0.5949367
26008,0.30142373
26108,0.5117082
26208,0.09342194
26308,0.09181874
26408,0.07867384
26608,0.08203448
26708,0.15847337
26808,0.67469776
26908,0.6358733
27008,0.15698516
27308,0.23052365
27408,0.5754598
27508,0.30472857
27908,0.6584903
28008,0.10661012
28108,0.48603964
28308,0.10364145
28408,0.04536411
29008,0.27313587
29108,0.07088254
29308,0.0350311
29608,0.2918664
29708,0.11675261
29808,0.07550683
29908,0.04237713
30008,0.043596305
30108,0.33160052
30308,0.1253508
30408,0.0701856
30708,0.44853643
30808,0.43676716
31108,0.60189253
31208,0.049019977
31608,0.16116075
31708,0.28822964
31808,0.32674527
31908,0.048769873
32008,0.0735795
32108,0.034897607
32808,0.14452757
33008,0.06855281
33108,0.047510695
33508,0.21838133
33708,0.07803246
33808,0.027164327
33908,0.6712725
34008,0.0129905455
34208,0.048651207
34308,0.04871383
34408,0.01812504
34508,0.10395255
34608,0.36317798
34808,0.06706978
35008,0.22943625
35208,0.14957581
35308,0.08857201
35508,0.19171336
35608,0.24735823
35708,0.2477871
35908,0.4192653
36008,0.22098866
36108,0.16234945
36608,0.1985316
37208,0.048093054
37408,0.18488137
37508,0.2513621
37608,0.4732344
37708,0.20712517
38108,0.09380031
38208,0.06881796
38308,0.035308063
38408,0.15029001
38608,0.26466367
38808,0.21122187
39108,0.19937438
39208,0.0495297
39308,0.13110438
39408,0.6106813
39608,0.124168046
39708,0.00016852235
39908,0.1869376
40008,0.52810043
40208,0.117251664
40508,0.21901977
40608,0.1278038
41808,0.53287464
42008,0.22410227
42708,0.16062562
42908,0.34994078
43608,0.13196656
44208,0.36116108
44508,0.3493849
44708,0.2165623
44908,0.07121366
45208,0.07621841
45308,0.105419755
45508,0.2922966
45608,0.03575366
46108,0.124590494
46308,0.07522274
46508,0.5585847
46908,0.06312742
47008,0.39818624
47108,0.7046955
47208,0.34364343
47308,0.062748045
47608,0.14452322
47708,0.109086275
47808,0.04466937
47908,0.16409689
48208,0.26803413
48608,0.35294795
48708,0.008080516
49108,0.14829938
49208,0.16363117
49608,0.10799917
49708,0.22533022
49908,0.08145842
50108,0.033290923
50308,0.083685696
50408,0.010459672
50608,0.042298697
50808,0.015746102
50908,0.09068139
51008,0.1956279
51208,0.073658735
51608,0.18051048
51808,0.15631142
52008,0.119548984
52108,0.25013128
52508,0.21610722
52608,0.35809657
52708,0.11197006
53208,0.1372454
53308,0.09591599
53408,0.12335132
53608,0.2173646
53908,0.4287727
54108,0.14412406
54208,0.08146761
54308,0.101603754
54408,0.08401101
54608,0.10024526
55008,0.06410942
55208,0.42190066
55408,0.3743809
55508,0.42755738
55608,0.16457002
56208,0.2907136
56508,0.12072825
56708,0.13896428
56808,0.3964414
57008,0.2294089
57108,0.20383088
57208,0.098242
57308,0.17756282
57508,0.049965877
57908,0.10746315
58008,0.21044187
58208,0.654396
58308,0.09484847
58508,0.16767952
58908,0.5482809
59108,0.4203835
59208,0.5155157
59508,0.792335
59608,0.34288937
59808,0.5313644
59908,0.41489682
60408,0.8222135
60508,0.39385462
60808,0.041597836
61108,0.83056545
61308,0.39454174
61408,0.5733764
61708,0.16430826
62108,0.101101875
62408,0.056234635
62708,0.04875601
62808,0.18010136
63508,0.36335617
63608,0.17282711
63708,0.08199437
63808,0.09952267
63908,0.22656925
64308,0.11581005
64408,0.11109236
9,0.024868507
109,0.014256106
409,0.001966166
609,0.18477482
709,0.11626177
1009,0.018169735
1209,0.06727309
1709,0.021733716
2209,0.040166304
2709,0.009560704
2809,0.13994837
2909,0.06946893
3009,0.22623973
3109,0.10808285
3209,0.16274592
3309,0.13870944
3409,0.039192423
3709,0.044040166
4009,0.22259143
4109,0.17806862
4209,0.046227463
4409,0.18987139
4709,0.20503354
4809,0.067986555
4909,0.17012422
5109,0.11882705
5209,0.20073073
5709,0.1605848
5909,0.16631813
6209,0.20545526
6309,0.14370127
6509,0.23358399
6609,0.21418713
6809,0.27560878
6909,0.06893272
7009,0.07411146
7209,0.0066512255
7409,0.09183986
7509,0.026497515
7709,0.035002843
7909,0.030467961
8109,0.0954254
8209,0.043559298
8309,0.057785694
8409,0.048766788
8509,0.04013085
8609,0.03706103
8709,0.042428978
8909,0.055178
9009,0.060865372
9209,0.050110508
9509,0.16018651
9809,0.076492704
9909,0.14392515
10109,0.09502918
10409,0.1421613
10509,0.12093946
10609,0.25428364
10709,0.15262173
10909,0.18266514
11209,0.04876547
11309,0.058479488
11709,0.0936573
11909,0.11316389
12109,0.10925952
12409,0.20132115
12709,0.22720233
12909,0.3071757
13009,0.19626823
13409,0.14173299
13509,0.09751809
13609,0.1744287
13709,0.12662938
13909,0.1331922
14309,0.1714334
14409,0.43527502
15409,0.29242066
15609,0.19500352
15709,0.33589524
15809,0.07087317
15909,0.032488663
16109,0.13882661
16209,0.17077348
16309,0.030564781
16409,0.016855953
16509,0.0032016092
16609,0.05279015
17009,0.114106625
17109,0.018599156
17209,0.016444234
17309,0.032073706
17409,0.028397746
17609,0.14258789
17709,0.04802075
17909,0.017280884
18009,0.01890395
18109,0.0047388487
18209,0.013731881
18409,0.014147684
18509,0.058577616
18709,0.0036758923
18809,0.08382584
19109,0.09008435
19509,0.04548984
19609,0.025973516
19709,0.05230495
19809,0.0054587307
20709,0.0904291
20809,0.21937035
20909,0.1260716
21109,0.15723497
21209,0.12768126
21409,0.4160876
21809,0.1948701
22009,0.09861104
22309,0.105412126
22409,0.2132859
22509,0.15735017
22609,0.21989286
22909,0.012783522
23009,0.0086102765
23209,0.08965844
23309,0.10899572
23609,0.04255985
23709,0.102579124
23809,0.10548279
23909,0.06918736
24109,0.07299438
24209,0.13215287
24409,0.036791444
24509,0.06046868
24609,0.039360132
24709,0.023237206
25309,0.059810087
25409,0.13775946
25809,0.28739923
26009,0.31148642
26109,0.14856651
26209,0.09987281
26309,0.07295082
26409,0.26242903
26609,0.17838831
26709,0.24008442
26809,0.12554067
26909,0.07458008
27009,0.07570283
27309,0.13602032
27409,0.1341365
27509,0.055780534
27909,0.16036373
28009,0.023340227
28109,0.32230493
28309,0.18421596
28409,0.20702249
29009,0.26775956
29109,0.20190404
29309,0.15192688
29609,0.09537297
29709,0.34459662
29809,0.24454829
29909,0.114574924
30009,0.20847346
30109,0.425276
30309,0.062247295
30409,0.16256255
30709,0.2742311
30809,0.21647722
31109,0.2877368
31209,0.13758594
31609,0.08708868
31709,0.3679751
31809,0.30035165
31909,0.14189161
32009,0.12984146
32109,0.017728973
32809,0.12892045
33009,0.022154532
33109,0.022356477
33509,0.12236576
33709,0.034759484
33809,0.012682055
33909,0.024038572
34009,0.008473395
34209,0.019726383
34309,0.035347603
34409,0.004797002
34509,0.0468598
34609,0.073240444
34809,0.013184817
35009,0.035898697
35209,0.057788864
35309,0.18408188
35509,0.04602941
35609,0.08123469
35709,0.12098758
35909,0.19592248
36009,0.33679757
36109,0.12481032
36609,0.31074134
37209,0.037687127
37409,0.17403868
37509,0.09825668
37609,0.3945026
37709,0.20681277
38109,0.17335704
38209,0.1473878
38309,0.1849595
38409,0.20451684
38609,0.070615835
38809,0.16705823
39109,0.0698927
39209,0.019281322
39309,0.14658007
39409,0.13670844
39609,0.107390895
39709,0.00042681437
39909,0.05020327
40009,0.078110285
40209,0.05594726
40509,0.052501697
40609,0.060278453
41809,0.37543353
42009,0.117461674
42709,0.16884051
42909,0.115189806
43609,0.21767838
44209,0.16352281
44509,0.06771459
44709,0.17714317
44909,0.19219485
45209,0.053358942
45309,0.12346952
45509,0.15993804
45609,0.16096745
46109,0.35502633
46309,0.17543828
46509,0.34435484
46909,0.03442268
47009,0.033341832
47109,0.2922458
47209,0.22902052
47309,0.17714414
47609,0.21563578
47709,0.0887785
47809,0.1365689
47909,0.04547559
48209,0.18975233
48609,0.10965981
48709,0.0024627072
49109,0.16360687
49209,0.105356984
49609,0.059179947
49709,0.04075901
49909,0.09308308
50109,0.014603575
50309,0.020849077
50409,0.004312572
50609,0.037611272
50809,0.0075462195
50909,0.07002463
51009,0.060008217
51209,0.1333986
51609,0.04964643
51809,0.06605088
52009,0.026097154
52109,0.07068014
52509,0.079226606
52609,0.46130556
52709,0.15377542
53209,0.09746304
53309,0.16424672
53409,0.08976463
53609,0.064638175
53909,0.5049398
54109,0.275841
54209,0.22884469
54309,0.21377791
54409,0.20896317
54609,0.15510252
55009,0.10996865
55209,0.31078532
55409,0.044862133
55509,0.17543171
55609,0.0396729
56209,0.10398764
56509,0.10083888
56709,0.04065549
56809,0.09975022
57009,0.12488907
57109,0.046631865
57209,0.0658417
57309,0.022089295
57509,0.039699916
57909,0.17572303
58009,0.095890835
58209,0.13514039
58309,0.0152189415
58509,0.09045624
58909,0.029094288
59109,0.34191507
59209,0.32832855
59509,0.08362145
59609,0.3201022
59809,0.10591606
59909,0.14183016
60409,0.38008228
60509,0.06384335
60809,0.15177655
61109,0.098110914
61309,0.3255038
61409,0.4094057
61709,0.09445979
62109,0.34909272
62409,0.20656809
62709,0.13863628
62809,0.14377299
63509,0.37123773
63609,0.13590954
63709,0.114115745
63809,0.16570649
63909,0.038276076
64309,0.11042196
64409,0.17954755
10,0.11097748
110,0.0441707
410,0.9375032
610,0.17103516
710,0.0508752
1010,0.18288994
1210,0.7787332
1710,0.06315894
2210,0.8258073
2710,0.01154403
2810,0.66210294
2910,0.1256636
3010,0.17620917
3110,0.1797445
3210,0.4793219
3310,0.2576617
3410,0.8886318
3710,0.654079
4010,0.18882939
4110,0.01802216
4210,0.13372263
4410,0.2861605
4710,0.2725393
4810,0.08465727
4910,0.28269646
5110,0.25178626
5210,0.103080824
5710,0.10018456
5910,0.09195845
6210,0.12771368
6310,0.06377764
6510,0.076831356
6610,0.12024961
6810,0.25339827
6910,0.18355903
7010,0.2680428
7210,0.4527022
7410,0.37649918
7510,0.32183623
7710,0.4440754
7910,0.099075995
8110,0.2408616
8210,0.257814
8310,0.33744866
8410,0.055516504
8510,0.11259495
8610,0.15706035
8710,0.17902784
8910,0.13185498
9010,0.2171545
9210,0.1365053
9510,0.6273861
9810,0.08837765
9910,0.16096097
10110,0.435852
10410,0.04791077
10510,0.04288471
10610,0.1689156
10710,0.115949996
10910,0.13412601
11210,0.15444708
11310,0.6989483
11710,0.6096537
11910,0.026524972
12110,0.26217687
12410,0.19616972
12710,0.25350147
12910,0.20169574
13010,0.29068732
13410,0.051264483
13510,0.083244905
13610,0.048885006
13710,0.040204212
13910,0.16641049
14310,0.066212036
14410,0.8727625
15410,0.80007833
15610,0.099491164
15710,0.28425986
15810,0.19296639
15910,0.44269055
16110,0.5293872
16210,0.10451208
16310,0.09008568
16410,0.07157545
16510,0.73734933
16610,0.42034602
17010,0.036165725
17110,0.23434407
17210,0.05212373
17310,0.20388374
17410,0.42578396
17610,0.74572617
17710,0.08060231
17910,0.05355175
18010,0.033307284
18110,0.054933876
18210,0.042283297
18410,0.7618793
18510,0.5076448
18710,0.01857752
18810,0.11138192
19110,0.30182844
19510,0.26858747
19610,0.8530001
19710,0.6607916
19810,0.27359456
20710,0.18625273
20810,0.47743633
20910,0.3348754
21110,0.15643881
21210,0.23042141
21410,0.4653763
21810,0.115305945
22010,0.06921772
22310,0.115083575
22410,0.1751022
22510,0.07570611
22610,0.1270973
22910,0.09345384
23010,0.42606375
23210,0.38726452
23310,0.12506193
23610,0.116258435
23710,0.26229015
23810,0.46650872
23910,0.10538039
24110,0.3288335
24210,0.17488396
24410,0.51944983
24510,0.3437219
24610,0.270197
24710,0.31264952
25310,0.85716474
25410,0.32575074
25810,0.79129976
26010,0.7857914
26110,0.24971312
26210,0.064687
26310,0.028957978
26410,0.29500568
26610,0.0873658
26710,0.23079878
26810,0.13897675
26910,0.27818927
27010,0.09450113
27310,0.19354966
27410,0.3942961
27510,0.32463482
27910,0.15324728
28010,0.11272165
28110,0.584778
28310,0.14776537
28410,0.079764456
29010,0.3790929
29110,0.09084067
29310,0.04423326
29610,0.20349228
29710,0.61705816
29810,0.14029016
29910,0.026304755
30010,0.10977258
30110,0.81373316
30310,0.06281973
30410,0.06176747
30710,0.7567931
30810,0.23369154
31110,0.7300655
31210,0.087386966
31610,0.19962133
31710,0.7735212
31810,0.42565355
31910,0.05331528
32010,0.070978776
32110,0.028984029
32810,0.09544058
33010,0.086242184
33110,0.35825536
33510,0.2555271
33710,0.07936754
33810,0.033261795
33910,0.15428899
34010,0.32633126
34210,0.54879534
34310,0.39287016
34410,0.0512561
34510,0.19130614
34610,0.17338243
34810,0.7574504
35010,0.48882368
35210,0.12702401
35310,0.19151115
35510,0.6238936
35610,0.31171516
35710,0.7394799
35910,0.6494253
36010,0.38527635
36110,0.074625835
36610,0.8460881
37210,0.046330445
37410,0.20081395
37510,0.24007392
37610,0.5774105
37710,0.13275634
38110,0.09857906
38210,0.054007195
38310,0.06847763
38410,0.152594
38610,0.11389154
38810,0.20765337
39110,0.11479913
39210,0.45065868
39310,0.13723326
39410,0.549567
39610,0.122813575
39710,0.00014443015
39910,0.21421288
40010,0.21812642
40210,0.1668936
40510,0.5111811
40610,0.13832547
41810,0.7934731
42010,0.15304014
42710,0.30965236
42910,0.2863685
43610,0.7608357
44210,0.37000412
44510,0.20029177
44710,0.17792135
44910,0.083251484
45210,0.18765633
45310,0.1525358
45510,0.2427778
45610,0.05516284
46110,0.2680267
46310,0.07130034
46510,0.87216175
46910,0.10975508
47010,0.20006642
47110,0.7273175
47210,0.35055065
47310,0.08434715
47610,0.1486062
47710,0.05936081
47810,0.03859617
47910,0.26869902
48210,0.4069477
48610,0.40894964
48710,0.56188345
49110,0.19809753
49210,0.12964492
49610,0.27652204
49710,0.17358401
49910,0.062407784
50110,0.03256624
50310,0.24778524
50410,0.007914807
50610,0.26530752
50810,0.06255689
50910,0.85700065
51010,0.44168928
51210,0.053478092
51610,0.2481354
51810,0.23382019
52010,0.9519677
52110,0.22672418
52510,0.13828455
52610,0.79528594
52710,0.1731752
53210,0.08012468
53310,0.3130536
53410,0.15170737
53610,0.07601396
53910,0.3712194
54110,0.2029207
54210,0.13967134
54310,0.0982506
54410,0.10051217
54610,0.07845359
55010,0.050182294
55210,0.13489601
55410,0.18046507
55510,0.22915721
55610,0.3921143
56210,0.2911634
56510,0.090972416
56710,0.08841863
56810,0.4418844
57010,0.43470043
57110,0.12305201
57210,0.10649201
57310,0.7302466
57510,0.15826125
57910,0.15784943
58010,0.26029953
58210,0.35047787
58310,0.07980264
58510,0.13909093
58910,0.26627398
59110,0.71488047
59210,0.594912
59510,0.54176414
59610,0.66462564
59810,0.5770448
59910,0.4239593
60410,0.2694821
60510,0.5665039
60810,0.05746316
61110,0.28301433
61310,0.63521117
61410,0.77864546
61710,0.08439574
62110,0.5813761
62410,0.11885986
62710,0.05925298
62810,0.08460709
63510,0.78750205
63610,0.1430144
63710,0.063402824
63810,0.07769928
63910,0.39621463
64310,0.0692401
64410,0.15940101
11,0.021618761
111,0.03339185
411,0.8859299
611,0.013003885
711,0.018270934
1011,0.05388331
1211,0.06016792
1711,0.037428554
2211,0.029847208
2711,0.0014332577
2811,0.021072747
2911,0.032671634
3011,0.016509902
3111,0.034699578
3211,0.01777756
3311,0.057581156
3411,0.022255879
3711,0.02057112
4011,0.012869125
4111,0.007424665
4211,0.015738154
4411,0.018887173
4711,0.025718296
4811,0.018599164
4911,0.03685338
5111,0.015529836
5211,0.020818427
5711,0.016715404
5911,0.021390535
6211,0.02306047
6311,0.02055285
6511,0.02435268
6611,0.0206808
6811,0.024122944
6911,0.018739067
7011,0.014851386
7211,0.005753442
7411,0.022429958
7511,0.03048376
7711,0.015770754
7911,0.014448226
8111,0.01061486
8211,0.014759619
8311,0.014128748
8411,0.017610122
8511,0.022135057
8611,0.011793468
8711,0.021882957
8911,0.01192959
9011,0.013474194
9211,0.013573725
9511,0.0427667
9811,0.024703909
9911,0.020623466
10111,0.02064967
10411,0.021161268
10511,0.021460067
10611,0.0781559
10711,0.050664123
10911,0.021626508
11211,0.013101538
11311,0.010512087
11711,0.0133061325
11911,0.021382758
12111,0.051034138
12411,0.017211614
12711,0.02473061
12911,0.0648149
13011,0.045982476
13411,0.017797442
13511,0.027754225
13611,0.030600198
13711,0.022682542
13911,0.033447433
14311,0.013461403
14411,0.06211518
15411,0.031206753
15611,0.02161552
15711,0.032237753
15811,0.019101499
15911,0.014004047
16111,0.019690365
16211,0.017647453
16311,0.024025561
16411,0.034275733
16511,0.9288513
16611,0.10273846
17011,0.018671222
17111,0.096442245
17211,0.03319051
17311,0.05002862
17411,0.12395633
17611,0.029458046
17711,0.021124542
17911,0.03589423
18011,0.02636065
18111,0.0066469167
18211,0.0045121782
18411,0.0075199744
18511,0.023504201
18711,0.004285255
18811,0.035794277
19111,0.026884217
19511,0.032928593
19611,0.013014718
19711,0.016835077
19811,0.006959679
20711,0.014377911
20811,0.030426152
20911,0.017944835
21111,0.018174117
21211,0.06450822
21411,0.057941988
21811,0.026252193
22011,0.018223403
22311,0.044802316
22411,0.015954576
22511,0.0166578
22611,0.02211861
22911,0.019948646
23011,0.00636291
23211,0.024060205
23311,0.03891815
23611,0.01662468
23711,0.025492974
23811,0.031219995
23911,0.020422924
24111,0.012172136
24211,0.020373711
24411,0.0119547425
24511,0.01616307
24611,0.008935985
24711,0.012904561
25311,0.27858666
25411,0.02307037
25811,0.029331153
26011,0.03589182
26111,0.017961793
26211,0.024308162
26311,0.02041557
26411,0.06601496
26611,0.017622909
26711,0.025494302
26811,0.031411152
26911,0.028824875
27011,0.016585875
27311,0.021157611
27411,0.037090488
27511,0.017084932
27911,0.051444422
28011,0.01661233
28111,0.029832736
28311,0.019845126
28411,0.030077532
29011,0.024089573
29111,0.024627127
29311,0.020772992
29611,0.026368188
29711,0.06331009
29811,0.021628799
29911,0.019978462
30011,0.023555802
30111,0.04702869
30311,0.01889321
30411,0.019015893
30711,0.02902547
30811,0.036846705
31111,0.047835488
31211,0.02619876
31611,0.02079841
31711,0.045750093
31811,0.034774072
31911,0.022089565
32011,0.024350358
32111,0.025628325
32811,0.017016532
33011,0.042157162
33111,0.17370956
33511,0.011460029
33711,0.033305217
33811,0.03201474
33911,0.005137689
34011,0.011895157
34211,0.0035901826
34311,0.028703125
34411,0.006474505
34511,0.006383944
34611,0.017304106
34811,0.004064224
35011,0.0111087095
35211,0.01510849
35311,0.018978165
35511,0.021262446
35611,0.014160533
35711,0.03193641
35911,0.028519893
36011,0.037406303
36111,0.014702557
36611,0.05256938
37211,0.022365745
37411,0.017867664
37511,0.020621074
37611,0.03761299
37711,0.018577872
38111,0.018903736
38211,0.015760815
38311,0.019565277
38411,0.015305556
38611,0.015341892
38811,0.02453819
39111,0.014580489
39211,0.006778479
39311,0.08025281
39411,0.02509954
39611,0.026003877
39711,0.0017587729
39911,0.018703561
40011,0.024966307
40211,0.05055448
40511,0.021594794
40611,0.029741725
41811,0.0449637
42011,0.029858164
42711,0.017999036
42911,0.04873306
43611,0.057425994
44211,0.018687807
44511,0.046106033
44711,0.018677676
44911,0.0151016
45211,0.020567328
45311,0.03379514
45511,0.017387468
45611,0.021755595
46111,0.10533762
46311,0.02314244
46511,0.034306988
46911,0.051354486
47011,0.015051336
47111,0.026724363
47211,0.025255235
47311,0.01726679
47611,0.025074555
47711,0.02120857
47811,0.020413661
47911,0.013884955
48211,0.021518929
48611,0.02320045
48711,0.9707477
49111,0.022547053
49211,0.016026523
49611,0.09713621
49711,0.10556836
49911,0.015535049
50111,0.029637739
50311,0.0043797656
50411,0.016676692
50611,0.005824221
50811,0.0023228112
50911,0.016243313
51011,0.018359851
51211,0.0049475324
51611,0.02427593
51811,0.014220428
52011,0.013384616
52111,0.017563138
52511,0.023855431
52611,0.08012544
52711,0.012557879
53211,0.058741562
53311,0.03339083
53411,0.038964674
53611,0.043219358
53911,0.079405025
54111,0.026101505
54211,0.023991767
54311,0.018854422
54411,0.022626575
54611,0.04016889
55011,0.02318146
55211,0.025503894
55411,0.0155936275
55511,0.058153402
55611,0.06466521
56211,0.015632756
56511,0.01259707
56711,0.018378684
56811,0.019695042
57011,0.04460671
57111,0.018473241
57211,0.021083128
57311,0.024046883
57511,0.048979923
57911,0.02670746
58011,0.015932977
58211,0.020419566
58311,0.010707844
58511,0.01625654
58911,0.028171664
59111,0.033004396
59211,0.040755592
59511,0.013790207
59611,0.04827219
59811,0.020452403
59911,0.019918429
60411,0.052405126
60511,0.019067097
60811,0.01650713
61111,0.0379216
61311,0.028660238
61411,0.036404267
61711,0.02278658
62111,0.040684946
62411,0.019802546
62711,0.018794868
62811,0.02168851
63511,0.048092965
63611,0.018752223
63711,0.019800158
63811,0.020162268
63911,0.015206441
64311,0.013749716
64411,0.018556744
12,0.11237904
112,0.101023816
412,0.066053726
612,0.073545575
712,0.048398178
1012,0.09011778
1212,0.037400007
1712,0.10201526
2212,0.067806795
2712,0.014565595
2812,0.06596976
2912,0.055467244
3012,0.077306345
3112,0.04949212
3212,0.07662308
3312,0.09048245
3412,0.044766158
3712,0.038956735
4012,0.081679486
4112,0.22453472
4212,0.054193605
4412,0.055204753
4712,0.11870513
4812,0.07120246
4912,0.12854147
5112,0.08613894
5212,0.07258219
5712,0.05509028
5912,0.04276112
6212,0.07355253
6312,0.062017966
6512,0.06535097
6612,0.07032682
6812,0.0793995
6912,0.77756363
7012,0.032796815
7212,0.12738952
7412,0.09189467
7512,0.028345529
7712,0.044600178
7912,0.032059465
8112,0.058825415
8212,0.04579082
8312,0.072481
8412,0.065060735
8512,0.06803878
8612,0.057225157
8712,0.06458092
8912,0.065403454
9012,0.044259705
9212,0.044872414
9512,0.09734176
9812,0.066562206
9912,0.05561709
10112,0.08969323
10412,0.050251074
10512,0.056299835
10612,0.14669557
10712,0.10456197
10912,0.08709042
11212,0.04175247
11312,0.041805755
11712,0.19438724
11912,0.05096618
12112,0.060097676
12412,0.043493077
12712,0.10953322
12912,0.08049148
13012,0.1452596
13412,0.054989424
13512,0.051982567
13612,0.048349865
13712,0.05648364
13912,0.08901044
14312,0.062294792
14412,0.1037388
15412,0.0776885
15612,0.07037297
15712,0.060588144
15812,0.10586456
15912,0.037726894
16112,0.08795369
16212,0.06329985
16312,0.09660653
16412,0.12419734
16512,0.0072783073
16612,0.0567158
17012,0.053889208
17112,0.08929897
17212,0.113961615
17312,0.05716243
17412,0.09952208
17612,0.107205756
17712,0.056368332
17912,0.0823394
18012,0.08877584
18112,0.029713223
18212,0.017767152
18412,0.024945682
18512,0.065581545
18712,0.012078629
18812,0.06615007
19112,0.061205488
19512,0.05763205
19612,0.02547031
19712,0.06412833
19812,0.016853103
20712,0.07330662
20812,0.12576275
20912,0.05367967
21112,0.070037395
21212,0.09385121
21412,0.08523478
21812,0.062634006
22012,0.0488759
22312,0.069330014
22412,0.07393579
22512,0.061902016
22612,0.07373395
22912,0.9543134
23012,0.14102726
23212,0.07105842
23312,0.059956074
23612,0.034329038
23712,0.06604293
23812,0.054800622
23912,0.070339724
24112,0.08301363
24212,0.08221403
24412,0.032629054
24512,0.044158973
24612,0.017122054
24712,0.03363258
25312,0.08074517
25412,0.07873317
25812,0.045609996
26012,0.06458902
26112,0.053729184
26212,0.066308275
26312,0.04663823
26412,0.16950017
26612,0.06360511
26712,0.08872353
26812,0.057946198
26912,0.049525082
27012,0.06837017
27312,0.049805883
27412,0.076010324
27512,0.12699625
27912,0.035357047
28012,0.022190949
28112,0.07434441
28312,0.07991792
28412,0.075661205
29012,0.08105518
29112,0.06461194
29312,0.062266316
29612,0.085173905
29712,0.20193672
29812,0.06745106
29912,0.0471078
30012,0.0838832
30112,0.08040539
30312,0.0554616
30412,0.04800733
30712,0.08976005
30812,0.058547474
31112,0.086820334
31212,0.06741801
31612,0.08869931
31712,0.07622862
31812,0.07381801
31912,0.06578017
32012,0.04961878
32112,0.09752069
32812,0.04567638
33012,0.10175916
33112,0.15568419
33512,0.08277122
33712,0.08565528
33812,0.07100582
33912,0.018053783
34012,0.012917085
34212,0.040585186
34312,0.048494678
34412,0.0049024085
34512,0.031374324
34612,0.045487676
34812,0.02059041
35012,0.056349378
35212,0.07579899
35312,0.10645501
35512,0.05769606
35612,0.05811488
35712,0.07078026
35912,0.094895855
36012,0.0943126
36112,0.04899657
36612,0.13948353
37212,0.03571873
37412,0.08281394
37512,0.08006447
37612,0.05941408
37712,0.05817773
38112,0.05527638
38212,0.05488462
38312,0.09549458
38412,0.060297277
38612,0.05667537
38812,0.047407724
39112,0.046295814
39212,0.8111199
39312,0.06315823
39412,0.054118637
39612,0.07095488
39712,4.4193774e-05
39912,0.06110288
40012,0.048694942
40212,0.064558096
40512,0.08738477
40612,0.07821101
41812,0.082293585
42012,0.05123953
42712,0.11242378
42912,0.07183262
43612,0.14254941
44212,0.07238425
44512,0.057013992
44712,0.07189472
44912,0.054554805
45212,0.052303467
45312,0.098359086
45512,0.06686491
45612,0.06683912
46112,0.13414569
46312,0.05529103
46512,0.07436597
46912,0.101306215
47012,0.02328076
47112,0.037615318
47212,0.08706404
47312,0.06243387
47612,0.045789853
47712,0.06508141
47812,0.058697112
47912,0.07845174
48212,0.10356056
48612,0.08315912
48712,0.0042162687
49112,0.05229503
49212,0.06666239
49612,0.12914726
49712,0.058788948
49912,0.056676663
50112,0.10166526
50312,0.025769092
50412,0.0056607565
50612,0.042691622
50812,0.024731394
50912,0.05091237
51012,0.07210761
51212,0.035411287
51612,0.4012053
51812,0.07513393
52012,0.031693712
52112,0.05131692
52512,0.060221717
52612,0.12486707
52712,0.030906627
53212,0.123679295
53312,0.10514501
53412,0.13449413
53612,0.08203848
53912,0.0931899
54112,0.076950125
54212,0.08542173
54312,0.052935604
54412,0.06198093
54612,0.060084905
55012,0.057462618
55212,0.07299962
55412,0.048791837
55512,0.055160712
55612,0.083673045
56212,0.071055904
56512,0.070397325
56712,0.068231724
56812,0.08236755
57012,0.057981756
57112,0.057779294
57212,0.07580254
57312,0.09456415
57512,0.07511111
57912,0.070114784
58012,0.08622993
58212,0.051039997
58312,0.022117488
58512,0.04953592
58912,0.029291496
59112,0.0794284
59212,0.12206199
59512,0.02102205
59612,0.13413014
59812,0.047400765
59912,0.0681728
60412,0.06064551
60512,0.03872967
60812,0.0632261
61112,0.036577586
61312,0.09717755
61412,0.06915206
61712,0.054597776
62112,0.14251928
62412,0.08431249
62712,0.05630487
62812,0.049559947
63512,0.102700904
63612,0.071550444
63712,0.064998865
63812,0.04662351
63912,0.05608845
64312,0.046854276
64412,0.07073606
13,0.018951554
113,0.011207482
413,0.004389814
613,0.029380636
713,0.016323619
1013,0.00831072
1213,0.010194911
1713,0.015543868
2213,0.0077745803
2713,0.00019442286
2813,0.029677024
2913,0.022617623
3013,0.044229664
3113,0.01049988
3213,0.022457322
3313,0.047911264
3413,0.0056303428
3713,0.004466711
4013,0.032728594
4113,0.035330515
4213,0.011026852
4413,0.028453607
4713,0.039766
4813,0.012812767
4913,0.052858472
5113,0.017768443
5213,0.033645082
5713,0.022190508
5913,0.0412573
6213,0.033730667
6313,0.023546832
6513,0.056009024
6613,0.049681474
6813,0.043329064
6913,0.002499779
7013,0.0061370423
7213,0.0023419592
7413,0.016342718
7513,0.002880097
7713,0.0056911795
7913,0.0022941777
8113,0.014882281
8213,0.005036571
8313,0.00857447
8413,0.02413802
8513,0.012105023
8613,0.0073871315
8713,0.016177468
8913,0.012453892
9013,0.008499769
9213,0.0068962458
9513,0.047449335
9813,0.024360377
9913,0.03670207
10113,0.016594796
10413,0.02747659
10513,0.01586694
10613,0.099701434
10713,0.0930161
10913,0.034656107
11213,0.0060072336
11313,0.0023915614
11713,0.011355735
11913,0.024143154
12113,0.0732893
12413,0.05041787
12713,0.03695426
12913,0.07658297
13013,0.089876056
13413,0.025316153
13513,0.027312806
13613,0.048229136
13713,0.033022337
13913,0.041636672
14313,0.030741412
14413,0.132194
15413,0.07683502
15613,0.031620253
15713,0.07988794
15813,0.01615576
15913,0.004500256
16113,0.020979822
16213,0.0292515
16313,0.01263765
16413,0.0115974685
16513,0.005545089
16613,0.016319722
17013,0.017782316
17113,0.008826379
17213,0.011430971
17313,0.008380618
17413,0.017170802
17613,0.026114361
17713,0.016902657
17913,0.015161385
18013,0.018567596
18113,0.0007157488
18213,0.0006221566
18413,0.002151778
18513,0.011162159
18713,0.00035137119
18813,0.024615943
19113,0.04250625
19513,0.010306256
19613,0.0024814475
19713,0.008118441
19813,0.0016040901
20713,0.013507326
20813,0.039907344
20913,0.013683799
21113,0.024205375
21213,0.023083381
21413,0.11313103
21813,0.031624716
22013,0.035025723
22313,0.036612194
22413,0.035387367
22513,0.0237034
22613,0.037520654
22913,0.00031236134
23013,0.0012408898
23213,0.013351881
23313,0.030449284
23613,0.006683988
23713,0.011700823
23813,0.013065937
23913,0.021273449
24113,0.010937382
24213,0.01849795
24413,0.0059654806
24513,0.0086662285
24613,0.0016074277
24713,0.004121923
25313,0.047898486
25413,0.022344071
25813,0.06773676
26013,0.10243063
26113,0.016113613
26213,0.02775213
26313,0.01394115
26413,0.14154011
26613,0.029545872
26713,0.046075303
26813,0.0044851834
26913,0.007283677
27013,0.017368004
27313,0.048960768
27413,0.016847339
27513,0.0050394232
27913,0.010929235
28013,0.00449893
28113,0.073786065
28313,0.02423374
28413,0.037336007
29013,0.06879638
29113,0.041814476
29313,0.025257297
29613,0.015149727
29713,0.17006552
29813,0.052193925
29913,0.030374693
30013,0.03807308
30113,0.14738712
30313,0.013287758
30413,0.033655725
30713,0.06223561
30813,0.041833475
31113,0.081430815
31213,0.042107373
31613,0.015237342
31713,0.12316825
31813,0.076340355
31913,0.023312895
32013,0.0425245
32113,0.03169102
32813,0.021293152
33013,0.012455938
33113,0.016524788
33513,0.014728953
33713,0.017130788
33813,0.013258824
33913,0.0002601894
34013,0.002411284
34213,0.0019206145
34313,0.008786807
34413,0.0006811908
34513,0.0034691144
34613,0.007732913
34813,0.00084497355
35013,0.0055123647
35213,0.010076065
35313,0.043584704
35513,0.00845361
35613,0.014596433
35713,0.028336223
35913,0.030816387
36013,0.0785539
36113,0.02118367
36613,0.11898206
37213,0.029511878
37413,0.022028463
37513,0.013962143
37613,0.09129517
37713,0.026541065
38113,0.024559608
38213,0.028627897
38313,0.046841275
38413,0.025587453
38613,0.011295765
38813,0.051588368
39113,0.011566578
39213,0.0012574685
39313,0.028107405
39413,0.0101671945
39613,0.019895844
39713,0.00044215444
39913,0.010647787
40013,0.0073403637
40213,0.01718721
40513,0.010506812
40613,0.022545462
41813,0.08349542
42013,0.037847903
42713,0.023036877
42913,0.026373504
43613,0.06065004
44213,0.029545976
44513,0.009821026
44713,0.022477528
44913,0.030831948
45213,0.014409432
45313,0.033889554
45513,0.027102957
45613,0.029417342
46113,0.29245096
46313,0.026614891
46513,0.06803976
46913,0.018378705
47013,0.0024854585
47113,0.06440797
47213,0.04398951
47313,0.024831004
47613,0.067395225
47713,0.01116523
47813,0.02238901
47913,0.0086755315
48213,0.02934474
48613,0.026179599
48713,0.0039791255
49113,0.069506325
49213,0.01747784
49613,0.039276224
49713,0.0074310345
49913,0.023528852
50113,0.0141717
50313,0.0014046556
50413,0.0004869634
50613,0.0058923285
50813,0.0006894232
50913,0.009940294
51013,0.0124670165
51213,0.0032188098
51613,0.0042879777
51813,0.01034108
52013,0.003618942
52113,0.009355121
52513,0.011061498
52613,0.16198829
52713,0.08906505
53213,0.038786434
53313,0.034228086
53413,0.036367666
53613,0.016355757
53913,0.20733605
54113,0.06684414
54213,0.047228027
54313,0.046978947
54413,0.043495644
54613,0.09657056
55013,0.018950589
55213,0.017290063
55413,0.0033517994
55513,0.038264032
55613,0.01768321
56213,0.013670671
56513,0.016007598
56713,0.012654594
56813,0.015961772
57013,0.04187643
57113,0.011946639
57213,0.023876285
57313,0.004182117
57513,0.014893506
57913,0.061280265
58013,0.02010952
58213,0.023694567
58313,0.0043669604
58513,0.032104395
58913,0.0030720278
59113,0.071463585
59213,0.04720918
59513,0.0027156086
59613,0.08648787
59813,0.0077826525
59913,0.015903657
60413,0.036302835
60513,0.0057222783
60813,0.028296117
61113,0.0050354702
61313,0.07957958
61413,0.1055816
61713,0.042420078
62113,0.11613692
62413,0.045380365
62713,0.022999158
62813,0.019540302
63513,0.11287295
63613,0.018569915
63713,0.016694343
63813,0.02397946
63913,0.006804361
64313,0.019827291
64413,0.026317315
14,0.07204004
114,0.088181116
414,0.0011461632
614,0.058631137
714,0.025392149
1014,0.029399486
1214,0.017233673
1714,0.084984295
2214,0.01711117
2714,0.0048412723
2814,0.036235664
2914,0.074446514
3014,0.06527306
3114,0.032730673
3214,0.025714993
3314,0.03703509
3414,0.009158744
3714,0.015361172
4014,0.043880824
4114,0.25976261
4214,0.02743342
4414,0.042831235
4714,0.074045666
4814,0.014252863
4914,0.0676234
5114,0.03856195
5214,0.031035624
5714,0.030535173
5914,0.029997146
6214,0.040444486
6314,0.028717494
6514,0.03442965
6614,0.064533256
6814,0.06653706
6914,0.005506698
7014,0.03378458
7214,0.015672358
7414,0.03408501
7514,0.011819286
7714,0.011948553
7914,0.017673397
8114,0.031123897
8214,0.012180205
8314,0.016428532
8414,0.03134695
8514,0.022369577
8614,0.01093054
8714,0.06008685
8914,0.013839431
9014,0.02212534
9214,0.012362369
9514,0.041300643
9814,0.05719763
9914,0.08132555
10114,0.022750465
10414,0.026543396
10514,0.017443687
10614,0.15955648
10714,0.056935843
10914,0.07866381
11214,0.016716566
11314,0.016497362
11714,0.020996578
11914,0.015409492
12114,0.08633595
12414,0.059002392
12714,0.060737353
12914,0.042143393
13014,0.07316291
13414,0.020508088
13514,0.08511227
13614,0.029221522
13714,0.029075213
13914,0.03519402
14314,0.03235649
14414,0.42978904
15414,0.14501941
15614,0.030810961
15714,0.07703896
15814,0.016188834
15914,0.015089599
16114,0.032450646
16214,0.032975752
16314,0.02745948
16414,0.048812274
16514,0.0029332351
16614,0.018475262
17014,0.019092994
17114,0.045481212
17214,0.05809059
17314,0.017869918
17414,0.026652418
17614,0.04415088
17714,0.036100738
17914,0.08283573
18014,0.099722154
18114,0.007185947
18214,0.010105405
18414,0.013982257
18514,0.033563785
18714,0.0062279296
18814,0.035306945
19114,0.04837734
19514,0.029983552
19614,0.010358872
19714,0.019206172
19814,0.0099417865
20714,0.020159794
20814,0.07048928
20914,0.04204055
21114,0.056299414
21214,0.018275267
21414,0.42919698
21814,0.03029113
22014,0.070229284
22314,0.038951926
22414,0.068011284
22514,0.02931837
22614,0.040435214
22914,0.0020611896
23014,0.008317019
23214,0.02706247
23314,0.033975404
23614,0.018271541
23714,0.026945088
23814,0.036735702
23914,0.017108526
24114,0.013808033
24214,0.03612743
24414,0.033896994
24514,0.024140036
24614,0.02303253
24714,0.017968632
25314,0.0144142965
25414,0.03250749
25814,0.43465963
26014,0.24156371
26114,0.029474437
26214,0.023338998
26314,0.019328006
26414,0.07806418
26614,0.034579385
26714,0.07126551
26814,0.029336233
26914,0.020021386
27014,0.021537093
27314,0.052537445
27414,0.025011385
27514,0.013566948
27914,0.059184723
28014,0.026106702
28114,0.10716834
28314,0.042363796
28414,0.02029599
29014,0.18049936
29114,0.027447665
29314,0.020578649
29614,0.017660074
29714,0.12756146
29814,0.039050456
29914,0.02527899
30014,0.026434094
30114,0.2905802
30314,0.025374971
30414,0.03972551
30714,0.21002333
30814,0.042566285
31114,0.28224403
31214,0.02569261
31614,0.016755164
31714,0.49138162
31814,0.20965305
31914,0.020499764
32014,0.041649416
32114,0.119392805
32814,0.030951811
33014,0.04530123
33114,0.034282893
33514,0.024812667
33714,0.06376911
33814,0.114380516
33914,0.003994414
34014,0.01879242
34214,0.026089977
34314,0.053658657
34414,0.012073088
34514,0.040764764
34614,0.02404231
34814,0.010455489
35014,0.011144867
35214,0.015467762
35314,0.09996
35514,0.027180947
35614,0.029465677
35714,0.109996215
35914,0.044001944
36014,0.15325722
36114,0.027596446
36614,0.09453616
37214,0.4091633
37414,0.041175082
37514,0.018902007
37614,0.4167636
37714,0.038236246
38114,0.035135474
38214,0.041903544
38314,0.025833113
38414,0.041408688
38614,0.020526238
38814,0.153535
39114,0.026167583
39214,0.0059306226
39314,0.043792617
39414,0.04447725
39614,0.031206533
39714,0.35413983
39914,0.015186054
40014,0.022052543
40214,0.11076651
40514,0.009486515
40614,0.054563116
41814,0.1602578
42014,0.16345792
42714,0.036528893
42914,0.14529054
43614,0.041684005
44214,0.05791488
44514,0.018590203
44714,0.04473904
44914,0.03269852
45214,0.025988376
45314,0.039585296
45514,0.049604755
45614,0.023173496
46114,0.164158
46314,0.026467307
46514,0.19954488
46914,0.048525166
47014,0.018901689
47114,0.3868253
47214,0.09054576
47314,0.025638683
47614,0.06209219
47714,0.012480568
47814,0.01668877
47914,0.012222947
48214,0.055789936
48614,0.07039765
48714,0.003313206
49114,0.060857866
49214,0.028701777
49614,0.028374426
49714,0.020540958
49914,0.027577685
50114,0.065179646
50314,0.017302934
50414,0.008401129
50614,0.09245044
50814,0.010935112
50914,0.05448197
51014,0.045603428
51214,0.060612366
51614,0.0071205297
51814,0.016521893
52014,0.0072403504
52114,0.021390814
52514,0.01877001
52614,0.23906144
52714,0.80892646
53214,0.02704417
53314,0.058127075
53414,0.038386397
53614,0.01976252
53914,0.3729801
54114,0.07650114
54214,0.053241022
54314,0.047476426
54414,0.038280938
54614,0.6710201
55014,0.01469246
55214,0.09862816
55414,0.016745685
55514,0.30162427
55614,0.043123037
56214,0.030326642
56514,0.027667023
56714,0.017994681
56814,0.022626335
57014,0.32597813
57114,0.030338038
57214,0.02030464
57314,0.0067247613
57514,0.083429076
57914,0.06628663
58014,0.032861926
58214,0.07753146
58314,0.021876413
58514,0.02431572
58914,0.012119013
59114,0.1948531
59214,0.07098472
59514,0.036533996
59614,0.13061228
59814,0.028830163
59914,0.02573806
60414,0.14512174
60514,0.02227547
60814,0.02437396
61114,0.023782102
61314,0.16407341
61414,0.1733836
61714,0.13310064
62114,0.07949166
62414,0.04500024
62714,0.02868343
62814,0.031073656
63514,0.20603625
63614,0.02756151
63714,0.022750253
63814,0.028661883
63914,0.016711434
64314,0.028981922
64414,0.033814773
15,0.1090892
115,0.096621305
415,0.0009636249
615,0.035477124
715,0.034208983
1015,0.16929275
1215,0.09320311
1715,0.078164175
2215,0.07213037
2715,0.0009418457
2815,0.13870458
2915,0.08540249
3015,0.04468365
3115,0.0862003
3215,0.05737847
3315,0.058007866
3415,0.0597967
3715,0.08007557
4015,0.038308274
4115,0.009530125
4215,0.05931494
4415,0.124169506
4715,0.07547657
4815,0.049746912
4915,0.13480711
5115,0.040214714
5215,0.03920753
5715,0.03698065
5915,0.06586152
6215,0.03719136
6315,0.03141362
6515,0.04106683
6615,0.03366984
6815,0.03230547
6915,0.01116298
7015,0.049863756
7215,0.00718004
7415,0.08755063
7515,0.08088713
7715,0.06433477
7915,0.06226807
8115,0.07212681
8215,0.114845216
8315,0.09155419
8415,0.11799698
8515,0.11237004
8615,0.11834241
8715,0.11076931
8915,0.13886547
9015,0.08866477
9215,0.112543754
9515,0.20985647
9815,0.10661565
9915,0.07624453
10115,0.1786793
10415,0.048854772
10515,0.035340738
10615,0.13613531
10715,0.14101583
10915,0.04596122
11215,0.102918856
11315,0.034504544
11715,0.031137694
11915,0.025668988
12115,0.16545625
12415,0.07804922
12715,0.049623817
12915,0.057573263
13015,0.14586788
13415,0.034252077
13515,0.081172265
13615,0.048783205
13715,0.030891744
13915,0.10821353
14315,0.028400404
14415,0.1159121
15415,0.09368299
15615,0.0394084
15715,0.067172654
15815,0.09400299
15915,0.06506611
16115,0.0969528
16215,0.0400964
16315,0.22271805
16415,0.14209433
16515,0.0077439635
16615,0.15991828
17015,0.02887611
17115,0.109594665
17215,0.08630671
17315,0.24893238
17415,0.20537175
17615,0.072701395
17715,0.08950278
17915,0.065358706
18015,0.06247496
18115,0.003842564
18215,0.0037347283
18415,0.012713127
18515,0.108117044
18715,0.0024582492
18815,0.13788807
19115,0.13432804
19515,0.1470314
19615,0.027643869
19715,0.123965055
19815,0.020391406
20715,0.07365015
20815,0.12524296
20915,0.08013497
21115,0.04378974
21215,0.06419865
21415,0.0845791
21815,0.047576915
22015,0.07259205
22315,0.072653405
22415,0.036363337
22515,0.023652269
22615,0.033225983
22915,0.0016616632
23015,0.005470698
23215,0.10541717
23315,0.13389713
23615,0.08376784
23715,0.13788207
23815,0.12056522
23915,0.13626099
24115,0.09954684
24215,0.098346405
24415,0.04595207
24515,0.08256399
24615,0.033677906
24715,0.073199645
25315,0.10216991
25415,0.12722538
25815,0.08938627
26015,0.12397611
26115,0.1319758
26215,0.10368408
26315,0.03321688
26415,0.13266248
26615,0.032211997
26715,0.05657929
26815,0.059184223
26915,0.09763426
27015,0.09432468
27315,0.1238664
27415,0.12142717
27515,0.029992614
27915,0.11425259
28015,0.05909972
28115,0.085344285
28315,0.04139236
28415,0.03851544
29015,0.06185101
29115,0.042560592
29315,0.029305356
29615,0.108131304
29715,0.08281109
29815,0.03962053
29915,0.026665399
30015,0.030161615
30115,0.121913485
30315,0.04415603
30415,0.033948023
30715,0.056728616
30815,0.15993635
31115,0.14326562
31215,0.06213062
31615,0.0925615
31715,0.08362816
31815,0.08628004
31915,0.030548085
32015,0.06708285
32115,0.03290695
32815,0.036073506
33015,0.1394758
33115,0.12672812
33515,0.053872943
33715,0.09432453
33815,0.043040168
33915,0.0065307957
34015,0.011928202
34215,0.0073852995
34315,0.066312164
34415,0.004044373
34515,0.014686077
34615,0.11570506
34815,0.0055264668
35015,0.056912534
35215,0.04932678
35315,0.0448508
35515,0.1147025
35615,0.12050712
35715,0.11008222
35915,0.14292812
36015,0.093972534
36115,0.039768673
36615,0.12718333
37215,0.03835617
37415,0.0664621
37515,0.09476418
37615,0.09446585
37715,0.037658043
38115,0.029418748
38215,0.028603211
38315,0.0394659
38415,0.030800955
38615,0.07904722
38815,0.06852955
39115,0.0588152
39215,0.0024852573
39315,0.11532668
39415,0.087335765
39615,0.1543039
39715,5.7978763e-05
39915,0.14236794
40015,0.1401889
40215,0.09531256
40515,0.08554983
40615,0.113060355
41815,0.14622715
42015,0.090138316
42715,0.039896403
42915,0.120820455
43615,0.122964084
44215,0.07230915
44515,0.20353216
44715,0.05067545
44915,0.02506055
45215,0.03393363
45315,0.08029821
45515,0.07289077
45615,0.030698298
46115,0.10877471
46315,0.036981042
46515,0.089419074
46915,0.10246674
47015,0.0672263
47115,0.07446476
47215,0.08760564
47315,0.03011729
47615,0.09099202
47715,0.023454607
47815,0.026642412
47915,0.091198295
48215,0.13587469
48615,0.19958754
48715,0.005541464
49115,0.09620754
49215,0.06549447
49615,0.25731176
49715,0.05750006
49915,0.055675883
50115,0.064391345
50315,0.009194625
50415,0.0034526289
50615,0.011737102
50815,0.0025283063
50915,0.05031486
51015,0.07450781
51215,0.0076983566
51615,0.024260828
51815,0.089852184
52015,0.022969648
52115,0.08322992
52515,0.14944427
52615,0.15342434
52715,0.028188849
53215,0.18513848
53315,0.07206808
53415,0.17777489
53615,0.11855895
53915,0.1998887
54115,0.052140478
54215,0.046430048
54315,0.041133597
54415,0.040411815
54615,0.028950965
55015,0.03149229
55215,0.039374
55415,0.043848366
55515,0.14428166
55615,0.26604983
56215,0.10496439
56515,0.054848533
56715,0.14694987
56815,0.16584635
57015,0.07243092
57115,0.10909244
57215,0.15628855
57315,0.028330276
57515,0.076985314
57915,0.08629842
58015,0.10960921
58215,0.14072196
58315,0.052251123
58515,0.13726051
58915,0.05180718
59115,0.07529765
59215,0.113727406
59515,0.049654536
59615,0.14089897
59815,0.084340304
59915,0.088275306
60415,0.12678513
60515,0.08342466
60815,0.033706818
61115,0.078187995
61315,0.08578985
61415,0.114583425
61715,0.07195579
62115,0.06711276
62415,0.043220792
62715,0.025568465
62815,0.046940967
63515,0.14630498
63615,0.05905312
63715,0.035965044
63815,0.029269012
63915,0.08503617
64315,0.03224958
64415,0.03880967
16,0.015452413
116,0.010993813
416,5.0328203e-05
616,0.033658113
716,0.024749586
1016,0.019087283
1216,0.0111883
1716,0.022400038
2216,0.009996893
2716,0.001065978
2816,0.02483312
2916,0.03471543
3016,0.03242242
3116,0.030674554
3216,0.022272913
3316,0.017768342
3416,0.0053598573
3716,0.010135757
4016,0.03590232
4116,0.008105273
4216,0.022924423
4416,0.0451363
4716,0.042543575
4816,0.0274534
4916,0.03890782
5116,0.021612193
5216,0.030613117
5716,0.024854874
5916,0.030644571
6216,0.040300727
6316,0.025731744
6516,0.020359693
6616,0.025749777
6816,0.02861364
6916,0.0051148445
7016,0.025124647
7216,0.0020778393
7416,0.019372283
7516,0.016566435
7716,0.016392466
7916,0.040103108
8116,0.03169979
8216,0.019222455
8316,0.019566115
8416,0.03219437
8516,0.03480574
8616,0.025307998
8716,0.040664032
8916,0.027942104
9016,0.029045448
9216,0.024127748
9516,0.034514513
9816,0.049168117
9916,0.034417346
10116,0.02652206
10416,0.030705381
10516,0.021313269
10616,0.1725188
10716,0.031072162
10916,0.046341356
11216,0.025065871
11316,0.007569138
11716,0.010061207
11916,0.010701659
12116,0.035354238
12416,0.047676697
12716,0.035241034
12916,0.020196259
13016,0.031839695
13416,0.019372942
13516,0.06925894
13616,0.022015681
13716,0.014276914
13916,0.028491644
14316,0.017583707
14416,0.04476082
15416,0.034259148
15616,0.030558974
15716,0.027106296
15816,0.029186027
15916,0.014179983
16116,0.02655761
16216,0.02488127
16316,0.024059473
16416,0.013759093
16516,0.00043238935
16616,0.014349233
17016,0.017576495
17116,0.01937432
17216,0.01276526
17316,0.016776005
17416,0.027837778
17616,0.017622093
17716,0.02368233
17916,0.021230116
18016,0.018778715
18116,0.0021549284
18216,0.0033216411
18416,0.002162132
18516,0.026074091
18716,0.0017536395
18816,0.047629073
19116,0.0268873
19516,0.030554045
19616,0.00432482
19716,0.0175811
19816,0.004861637
20716,0.031708192
20816,0.045836966
20916,0.032023553
21116,0.046464115
21216,0.01908489
21416,0.09944911
21816,0.03964431
22016,0.05198761
22316,0.04577302
22416,0.041103236
22516,0.02004081
22616,0.025492793
22916,0.00047663582
23016,0.002082982
23216,0.01984056
23316,0.033234637
23616,0.02524288
23716,0.028828913
23816,0.036755044
23916,0.027626075
24116,0.02446096
24216,0.045411892
24416,0.013384592
24516,0.023897618
24616,0.014068072
24716,0.01570704
25316,0.009084837
25416,0.032446343
25816,0.04406583
26016,0.03945265
26116,0.04030128
26216,0.03499306
26316,0.021662803
26416,0.028321574
26616,0.026398137
26716,0.043819606
26816,0.0430049
26916,0.019135268
27016,0.034443334
27316,0.04735673
27416,0.02679447
27516,0.016397186
27916,0.0658797
28016,0.023777135
28116,0.073668644
28316,0.042724207
28416,0.016575461
29016,0.058243677
29116,0.03273848
29316,0.016296718
29616,0.031623717
29716,0.023272205
29816,0.026147334
29916,0.013401439
30016,0.01944757
30116,0.040446956
30316,0.026664276
30416,0.020148214
30716,0.05867212
30816,0.06366243
31116,0.098728545
31216,0.01774061
31616,0.030443149
31716,0.03841929
31816,0.08458311
31916,0.016243275
32016,0.025521914
32116,0.009134084
32816,0.022988306
33016,0.026436646
33116,0.011894086
33516,0.0258001
33716,0.04595932
33816,0.013335656
33916,0.0034431377
34016,0.0037788067
34216,0.0020625163
34316,0.025870409
34416,0.0018686083
34516,0.008918037
34616,0.03465641
34816,0.0011141325
35016,0.011042306
35216,0.022549253
35316,0.029581139
35516,0.021237168
35616,0.026313363
35716,0.029485056
35916,0.032632872
36016,0.065767884
36116,0.025488032
36616,0.028759677
37216,0.022528391
37416,0.03963363
37516,0.02315387
37616,0.093359046
37716,0.032571673
38116,0.02050274
38216,0.024026351
38316,0.016615314
38416,0.026253214
38616,0.037192393
38816,0.04797779
39116,0.033182394
39216,0.0006654005
39316,0.04836788
39416,0.031752735
39616,0.041005384
39716,1.6213182e-05
39916,0.023792338
40016,0.032060165
40216,0.043091174
40516,0.013973201
40616,0.043836538
41816,0.08317422
42016,0.055172816
42716,0.027578808
42916,0.11342184
43616,0.01937652
44216,0.051735498
44516,0.0235639
44716,0.05134475
44916,0.02231323
45216,0.022566773
45316,0.03459212
45516,0.043687712
45616,0.014811437
46116,0.038228106
46316,0.024528764
46516,0.040414806
46916,0.041922703
47016,0.02197697
47116,0.068912
47216,0.07335221
47316,0.0291931
47616,0.03676599
47716,0.016298646
47816,0.014055814
47916,0.021221863
48216,0.047972336
48616,0.041268855
48716,0.00037604678
49116,0.03543827
49216,0.032706138
49616,0.033035412
49716,0.028999744
49916,0.024203189
50116,0.014753761
50316,0.0044873534
50416,0.0027647696
50616,0.0052696075
50816,0.0013698476
50916,0.008802757
51016,0.022164887
51216,0.009191853
51616,0.009903299
51816,0.025553204
52016,0.0027550044
52116,0.020426266
52516,0.028070468
52616,0.06314546
52716,0.017041113
53216,0.04060604
53316,0.031096194
53416,0.05373962
53616,0.03957732
53916,0.15507223
54116,0.03547245
54216,0.026983485
54316,0.02577434
54416,0.026728125
54616,0.060526982
55016,0.017627748
55216,0.055454403
55416,0.02810784
55516,0.11441789
55616,0.025401603
56216,0.03408629
56516,0.035024256
56716,0.0355535
56816,0.027306259
57016,0.056311775
57116,0.042391926
57216,0.029664068
57316,0.006905304
57516,0.027918214
57916,0.036237083
58016,0.031300403
58216,0.054802176
58316,0.023331817
58516,0.028955113
58916,0.023291092
59116,0.06558933
59216,0.06406528
59516,0.014351626
59616,0.06440384
59816,0.026448542
59916,0.027129116
60416,0.08832447
60516,0.01433482
60816,0.016344825
61116,0.03220528
61316,0.06848782
61416,0.07092077
61716,0.046766672
62116,0.02103783
62416,0.028138757
62716,0.016907787
62816,0.032644417
63516,0.06818874
63616,0.036267977
63716,0.026524
63816,0.025464555
63916,0.019451832
64316,0.019723048
64416,0.02652765
17,0.08229864
117,0.050284356
417,0.0046257954
617,0.09323511
717,0.041681368
1017,0.046332825
1217,0.007533379
1717,0.048343744
2217,0.014818534
2717,0.0064179846
2817,0.02707485
2917,0.0348436
3017,0.12768279
3117,0.019448753
3217,0.04145214
3317,0.067208454
3417,0.0054414747
3717,0.007424714
4017,0.13198599
4117,0.24163762
4217,0.07550223
4417,0.028001245
4717,0.16664267
4817,0.031401053
4917,0.19708133
5117,0.085399695
5217,0.11664042
5717,0.053863857
5917,0.043834843
6217,0.10846563
6317,0.07726157
6517,0.08105144
6617,0.09539642
6817,0.114941455
6917,0.028282607
7017,0.014159481
7217,0.023517972
7417,0.058102228
7517,0.010958607
7717,0.010115761
7917,0.01945997
8117,0.01897939
8217,0.011179836
8317,0.0150248
8417,0.030526327
8517,0.025743026
8617,0.015539051
8717,0.029045343
8917,0.01801011
9017,0.018045358
9217,0.01650962
9517,0.043081038
9817,0.028474495
9917,0.035868783
10117,0.021772476
10417,0.03528138
10517,0.03774475
10617,0.13195382
10717,0.26712346
10917,0.13991351
11217,0.013431993
11317,0.0035853314
11717,0.016118966
11917,0.045839425
12117,0.044329196
12417,0.036091268
12717,0.107572906
12917,0.09980312
13017,0.17099883
13417,0.060833976
13517,0.037076313
13617,0.056186017
13717,0.05752946
13917,0.14393958
14317,0.07604045
14417,0.05333661
15417,0.07449653
15617,0.08041088
15717,0.07219369
15817,0.02195484
15917,0.008495787
16117,0.032389764
16217,0.06821771
16317,0.06511943
16417,0.055149365
16517,0.0069975015
16617,0.020344993
17017,0.049471498
17117,0.048229247
17217,0.055035602
17317,0.019803302
17417,0.026947415
17617,0.035073213
17717,0.045179147
17917,0.046782207
18017,0.04832924
18117,0.010988785
18217,0.0066998582
18417,0.004994543
18517,0.018270694
18717,0.014151323
18817,0.029421067
19117,0.049636003
19517,0.02300624
19617,0.0030724904
19717,0.016511466
19817,0.020037623
20717,0.027187487
20817,0.08967657
20917,0.029285237
21117,0.08786759
21217,0.04835167
21417,0.0791219
21817,0.10618332
22017,0.029475542
22317,0.17876606
22417,0.09948257
22517,0.0799626
22617,0.103157215
22917,0.013419784
23017,0.020550031
23217,0.03358573
23317,0.12131798
23617,0.01937412
23717,0.029293008
23817,0.018658482
23917,0.033719722
24117,0.017102422
24217,0.051684298
24417,0.0128460955
24517,0.01649868
24617,0.003406701
24717,0.0135133695
25317,0.016446996
25417,0.03973517
25817,0.018235173
26017,0.07545083
26117,0.018295823
26217,0.0363929
26317,0.030211166
26417,0.15622157
26617,0.094133414
26717,0.110767275
26817,0.0151378075
26917,0.015248615
27017,0.02825222
27317,0.03476674
27417,0.025054492
27517,0.015963182
27917,0.018207356
28017,0.035574548
28117,0.0522
28317,0.11627389
28417,0.07781534
29017,0.09688004
29117,0.103854395
29317,0.081062764
29617,0.029977657
29717,0.11904166
29817,0.10141271
29917,0.042048533
30017,0.0926781
30117,0.08177581
30317,0.036198698
30417,0.049506232
30717,0.03954061
30817,0.032510772
31117,0.057384558
31217,0.06215217
31617,0.025898434
31717,0.07409943
31817,0.085919395
31917,0.07036708
32017,0.044459116
32117,0.0447332
32817,0.036040418
33017,0.047595438
33117,0.039656617
33517,0.036446307
33717,0.038002644
33817,0.048537955
33917,0.0014649824
34017,0.01707131
34217,0.0061909663
34317,0.03458226
34417,0.0075663337
34517,0.012944661
34617,0.01578242
34817,0.002045839
35017,0.010289115
35217,0.03841038
35317,0.15403326
35517,0.017690409
35617,0.01651478
35717,0.036757484
35917,0.03256599
36017,0.09582992
36117,0.036272887
36617,0.101812914
37217,0.17847033
37417,0.09677182
37517,0.032183032
37617,0.048879284
37717,0.040164005
38117,0.059042346
38217,0.07200616
38317,0.0921384
38417,0.061733812
38617,0.02203562
38817,0.06929327
39117,0.02843781
39217,0.007637416
39317,0.07310897
39417,0.011702201
39617,0.10135856
39717,0.10611648
39917,0.018095003
40017,0.015901623
40217,0.046601854
40517,0.012302807
40617,0.036827102
41817,0.04683638
42017,0.03165253
42717,0.05422943
42917,0.05658493
43617,0.07123722
44217,0.04771079
44517,0.02092761
44717,0.07959983
44917,0.06822772
45217,0.09897776
45317,0.14340518
45517,0.0519202
45617,0.06974437
46117,0.11959421
46317,0.06914134
46517,0.029577635
46917,0.045487422
47017,0.008118782
47117,0.018226266
47217,0.06717581
47317,0.11014994
47617,0.043544535
47717,0.034487627
47817,0.065176494
47917,0.015808709
48217,0.056846812
48617,0.034869745
48717,0.0046321712
49117,0.046111275
49217,0.039568216
49617,0.04380231
49717,0.018421339
49917,0.039855354
50117,0.03855414
50317,0.008678341
50417,0.0133249145
50617,0.018257791
50817,0.011717389
50917,0.011755801
51017,0.021537585
51217,0.014821063
51617,0.015673857
51817,0.023978584
52017,0.002556565
52117,0.023050519
52517,0.026417967
52617,0.107103854
52717,0.028078444
53217,0.09720949
53317,0.12267978
53417,0.11249614
53617,0.05002287
53917,0.14579847
54117,0.08776133
54217,0.103657216
54317,0.06346317
54417,0.081794985
54617,0.2544242
55017,0.0467987
55217,0.028275395
55417,0.012084867
55517,0.04059542
55617,0.076156855
56217,0.02984404
56517,0.049833488
56717,0.024424551
56817,0.017411863
57017,0.04748876
57117,0.022441613
57217,0.033016335
57317,0.006132977
57517,0.04291081
57917,0.081531115
58017,0.022006016
58217,0.023204193
58317,0.087293856
58517,0.027456207
58917,0.0133581
59117,0.046379413
59217,0.038583208
59517,0.0032501777
59617,0.11671266
59817,0.009613683
59917,0.022735978
60417,0.023390882
60517,0.009920552
60817,0.087510094
61117,0.015818696
61317,0.088841714
61417,0.055313554
61717,0.05311873
62117,0.14129941
62417,0.1447008
62717,0.0593165
62817,0.0373199
63517,0.10222507
63617,0.046602476
63717,0.069105916
63817,0.052224196
63917,0.013430262
64317,0.032581832
64417,0.07624974
18,0.028524116
118,0.027491914
418,0.0034106306
618,0.05182063
718,0.020839507
1018,0.012455956
1218,0.012285558
1718,0.026932692
2218,0.009736599
2718,0.00041413517
2818,0.028788147
2918,0.027022712
3018,0.06915632
3118,0.011690627
3218,0.025968658
3318,0.07087172
3418,0.005087599
3718,0.0063023614
4018,0.08555868
4118,0.028052218
4218,0.021999449
4418,0.032595746
4718,0.15304814
4818,0.019438758
4918,0.1648858
5118,0.04047194
5218,0.089084625
5718,0.03595297
5918,0.05860653
6218,0.08213767
6318,0.041705925
6518,0.098271355
6618,0.079578936
6818,0.076593526
6918,0.007294483
7018,0.011498138
7218,0.00911561
7418,0.02455676
7518,0.006526666
7718,0.00951523
7918,0.0067363223
8118,0.0114288265
8218,0.0086706085
8318,0.008053127
8418,0.03631272
8518,0.014481432
8618,0.010652213
8718,0.0116097685
8918,0.01853407
9018,0.010728366
9218,0.011351148
9518,0.046012595
9818,0.023766218
9918,0.022538578
10118,0.01782497
10418,0.039717488
10518,0.023879172
10618,0.15566945
10718,0.20880078
10918,0.08055752
11218,0.0087666875
11318,0.0063618077
11718,0.036629997
11918,0.037521947
12118,0.10083419
12418,0.051508628
12718,0.09782398
12918,0.13466334
13018,0.30732226
13418,0.044969484
13518,0.044749133
13618,0.07419985
13718,0.03812145
13918,0.13527206
14318,0.04693661
14418,0.20181766
15418,0.10007033
15618,0.06761319
15718,0.11242771
15818,0.019650497
15918,0.0081394445
16118,0.024312891
16218,0.0450607
16318,0.019145971
16418,0.028880913
16518,0.0016557858
16618,0.015518109
17018,0.027249018
17118,0.011893533
17218,0.025447926
17318,0.014511911
17418,0.014102636
17618,0.030927522
17718,0.02062252
17918,0.025502061
18018,0.035154052
18118,0.002363876
18218,0.0015402965
18418,0.0046463534
18518,0.012160249
18718,0.0009186005
18818,0.032358922
19118,0.03858824
19518,0.013048491
19618,0.0046592695
19718,0.008416289
19818,0.005634059
20718,0.015698625
20818,0.12325794
20918,0.02318993
21118,0.048092235
21218,0.028669793
21418,0.11066444
21818,0.092116795
22018,0.04916595
22318,0.09319907
22418,0.05989276
22518,0.041556668
22618,0.08124966
22918,0.0012039233
23018,0.0056226584
23218,0.020886118
23318,0.07048502
23618,0.010989934
23718,0.021628676
23818,0.015717963
23918,0.027566707
24118,0.011754
24218,0.03274645
24418,0.007848606
24518,0.011516622
24618,0.003369407
24718,0.0062435204
25318,0.017830107
25418,0.034633238
25818,0.027771361
26018,0.10533207
26118,0.023386171
26218,0.0449479
26318,0.021751339
26418,0.35068104
26618,0.059736412
26718,0.12011386
26818,0.0119483555
26918,0.009314866
27018,0.020983597
27318,0.055569306
27418,0.021375658
27518,0.016365064
27918,0.016012637
28018,0.010462002
28118,0.076340154
28318,0.07376925
28418,0.07218474
29018,0.10479671
29118,0.09110848
29318,0.05084581
29618,0.029151913
29718,0.3623746
29818,0.08429816
29918,0.03589149
30018,0.07894781
30118,0.16799729
30318,0.015584583
30418,0.037863277
30718,0.07787249
30818,0.06726454
31118,0.11117689
31218,0.06755365
31618,0.01796675
31718,0.11067545
31818,0.10834345
31918,0.037787132
32018,0.060603973
32118,0.055360846
32818,0.022373222
33018,0.019013017
33118,0.021620575
33518,0.015532691
33718,0.027679613
33818,0.023828717
33918,0.0008271209
34018,0.0044991616
34218,0.005853555
34318,0.008266067
34418,0.001218525
34518,0.008735004
34618,0.012297988
34818,0.0029641187
35018,0.005451058
35218,0.01878334
35318,0.15625072
35518,0.0066016894
35618,0.012768438
35718,0.01720297
35918,0.043806512
36018,0.079486646
36118,0.024555907
36618,0.24039926
37218,0.027192729
37418,0.056552183
37518,0.020155866
37618,0.04834717
37718,0.028305372
38118,0.034993246
38218,0.03561781
38318,0.093709044
38418,0.03428722
38618,0.0169635
38818,0.04479648
39118,0.021700796
39218,0.0075177513
39318,0.085610956
39418,0.017682835
39618,0.057041015
39718,9.909103e-05
39918,0.015898585
40018,0.013486667
40218,0.018534765
40518,0.011339367
40618,0.017314522
41818,0.09368719
42018,0.05695847
42718,0.03714209
42918,0.03359744
43618,0.078325294
44218,0.036924407
44518,0.016392035
44718,0.04812099
44918,0.0486255
45218,0.040488314
45318,0.07016459
45518,0.035457376
45618,0.0480753
46118,0.3231396
46318,0.047111914
46518,0.068097465
46918,0.020623233
47018,0.0059973095
47118,0.04450567
47218,0.057927918
47318,0.060923897
47618,0.08480106
47718,0.018598216
47818,0.04319457
47918,0.010287367
48218,0.048476662
48618,0.024457075
48718,0.0010033422
49118,0.064309575
49218,0.020472422
49618,0.051716764
49718,0.015308438
49918,0.029774029
50118,0.02965389
50318,0.004805381
50418,0.0007689026
50618,0.011402335
50818,0.0020920802
50918,0.010491277
51018,0.010048297
51218,0.0052995086
51618,0.014513992
51818,0.011734004
52018,0.004825712
52118,0.014074542
52518,0.017862149
52618,0.12842098
52718,0.047396813
53218,0.06551662
53318,0.12909019
53418,0.090056665
53618,0.03651673
53918,0.22340047
54118,0.096844286
54218,0.09730896
54318,0.060637046
54418,0.0656372
54618,0.12439489
55018,0.03047775
55218,0.025741909
55418,0.009913926
55518,0.039222173
55618,0.017106773
56218,0.018120784
56518,0.019614406
56718,0.016296329
56818,0.017841168
57018,0.017997744
57118,0.012101137
57218,0.032038413
57318,0.009723781
57518,0.020756878
57918,0.08319536
58018,0.015111009
58218,0.02203634
58318,0.010365259
58518,0.03154171
58918,0.008245024
59118,0.081872925
59218,0.057712883
59518,0.004791548
59618,0.18307401
59818,0.010929937
59918,0.014503567
60418,0.035293683
60518,0.007778224
60818,0.06335678
61118,0.008103981
61318,0.14192887
61418,0.09702939
61718,0.044933043
62118,0.2321544
62418,0.10499675
62718,0.034049176
62818,0.023973659
63518,0.15273632
63618,0.03149011
63718,0.031665966
63818,0.035414595
63918,0.007986065
64318,0.020552574
64418,0.040484406
