Id,Probability
0,0.0028393941
100,0.0025715744
400,0.015601834
600,0.017495584
700,0.010748274
1000,0.0007526882
1200,0.0317733
1700,0.003284885
2200,0.0060678152
2700,0.012703411
2800,0.0036409462
2900,0.005190704
3000,0.011991932
3100,0.020944325
3200,0.010029228
3300,0.037050486
3400,0.00065506034
3700,0.0049779355
4000,0.0022814604
4100,1.2293272e-06
4200,0.016657468
4400,0.025287097
4700,0.0017976763
4800,0.0023191012
4900,0.0166742
5100,0.00032991858
5200,0.032081444
5700,0.0037282151
5900,0.038509138
6200,0.0032721562
6300,0.004448508
6500,0.04937505
6600,0.04193432
6800,0.016521966
6900,0.021073462
7000,0.020184087
7200,0.0069525423
7400,0.00970019
7500,0.0023032215
7700,0.0031882743
7900,0.0029747395
8100,0.04055382
8200,0.03911131
8300,0.0028112002
8400,0.033035077
8500,0.0024473497
8600,0.008278436
8700,0.010724496
8900,0.013897862
9000,0.006131903
9200,0.0033560023
9500,0.016232438
9800,0.0058961976
9900,0.014372909
10100,0.009019956
10400,0.0067996643
10500,0.011323714
10600,0.0032260057
10700,0.008163578
10900,0.022616372
11200,0.0048240474
11300,0.008144438
11700,0.014636067
11900,0.024516737
12100,0.02313474
12400,0.017052852
12700,0.006703784
12900,0.00909659
13000,0.041087244
13400,0.010922376
13500,0.004190921
13600,0.002603919
13700,0.0061811917
13900,0.0050415266
14300,0.008417684
14400,0.028898142
15400,0.017864384
15600,0.05529812
15700,0.009557652
15800,0.010122419
15900,0.0008502803
16100,0.0037416168
16200,0.029483655
16300,0.00071202946
16400,0.0004345208
16500,0.012335221
16600,0.012161899
17000,0.004229235
17100,0.00093223806
17200,0.013177646
17300,0.00067717384
17400,0.00750086
17600,0.006528831
17700,0.0021454915
17900,0.0019899046
18000,0.018585395
18100,0.033145722
18200,0.0065509174
18400,0.00019089686
18500,0.0040172874
18700,0.04397656
18800,0.025817893
19100,0.021375123
19500,0.011916014
19600,0.014386088
19700,0.0071331086
19800,0.0002984372
20700,0.011123808
20800,0.051715527
20900,0.0029612945
21100,0.0076943142
21200,0.006434096
21400,0.032473475
21800,0.017573096
22000,0.0056412546
22300,0.013665604
22400,0.021343423
22500,0.029023597
22600,0.014085846
22900,0.013711385
23000,0.008471316
23200,0.014423782
23300,0.0032943017
23600,0.00672612
23700,0.0028943296
23800,0.011911893
23900,0.0016330521
24100,0.013861986
24200,0.010021609
24400,0.006775927
24500,0.0691231
24600,0.0009227545
24700,0.016839536
25300,0.0011516922
25400,0.011690887
25800,0.008210406
26000,0.010094936
26100,0.00784808
26200,0.005176143
26300,0.012266016
26400,0.05004368
26600,0.01780885
26700,0.010635205
26800,0.007952634
26900,0.021386813
27000,0.0094041815
27300,0.027248753
27400,0.026550906
27500,0.016163222
27900,0.025109794
28000,0.0042611756
28100,0.0074058534
28300,0.023449095
28400,0.023025658
29000,0.02375755
29100,0.037139725
29300,0.011100409
29600,0.0027720903
29700,0.0097310105
29800,0.0038346616
29900,0.0032190979
30000,0.017112613
30100,0.02287758
30300,0.002681435
30400,0.0061682733
30700,0.03501115
30800,0.023456866
31100,0.06675942
31200,0.006010551
31600,0.04014371
31700,0.011571491
31800,0.035862196
31900,0.00268799
32000,0.014980691
32100,0.021674568
32800,0.012105651
33000,0.0032354984
33100,0.004425096
33500,0.0051089614
33700,0.0012946835
33800,0.004641076
33900,0.002281312
34000,0.002891701
34200,0.0035271302
34300,0.003834904
34400,0.0014555285
34500,0.013190905
34600,0.009807677
34800,0.00168467
35000,0.0014076841
35200,0.006384572
35300,0.01806268
35500,0.00438499
35600,0.003842383
35700,0.003093001
35900,0.023226514
36000,0.0046384144
36100,0.03996352
36600,0.013327115
37200,0.00030534947
37400,0.06445118
37500,0.012207181
37600,0.016629335
37700,0.010712376
38100,0.009429771
38200,0.033572637
38300,0.07235689
38400,0.025906214
38600,0.013666043
38800,0.004007144
39100,0.01276841
39200,0.013255282
39300,0.033117086
39400,0.033118874
39600,0.0041054096
39700,0.00011156497
39900,0.011346185
40000,0.08701677
40200,0.009415022
40500,0.0007842592
40600,0.043377366
41800,0.016855987
42000,0.0068017673
42700,0.007130896
42900,0.007597535
43600,0.056327682
44200,0.011293436
44500,0.008862183
44700,0.0034261649
44900,0.008155937
45200,0.00075895485
45300,0.023065075
45500,0.039220832
45600,0.0055774692
46100,0.008743443
46300,0.014361888
46500,0.009108674
46900,0.007825249
47000,0.00405155
47100,0.0068276958
47200,0.024955507
47300,0.0070246365
47600,0.01492041
47700,0.00247628
47800,0.026057096
47900,0.0023352937
48200,0.014703151
48600,0.0019695852
48700,0.0045801383
49100,0.039901417
49200,0.0391403
49600,0.021849625
49700,0.002713831
49900,0.002749212
50100,0.011345809
50300,0.020257413
50400,0.0031485714
50600,0.011212456
50800,0.009640115
50900,0.001241437
51000,0.0040677954
51200,0.03551701
51600,0.00875268
51800,0.0034672597
52000,0.0043614777
52100,0.049665425
52500,0.018365938
52600,0.011206953
52700,2.5002018e-05
53200,0.038089387
53300,0.012678109
53400,0.0124377785
53600,0.009767521
53900,0.0066255946
54100,0.013228005
54200,0.01872037
54300,0.05479748
54400,0.0090426225
54600,0.0045054276
55000,0.003326504
55200,0.021106947
55400,0.017509673
55500,0.010000832
55600,0.00082299154
56200,0.029861782
56500,0.0032393606
56700,0.01511162
56800,0.072460204
57000,0.0032034907
57100,0.006348823
57200,0.0031754582
57300,0.019751417
57500,0.011661605
57900,0.009030623
58000,0.0015692121
58200,0.0068357103
58300,0.009471244
58500,0.015791824
58900,0.0046829316
59100,0.06462532
59200,0.032712452
59500,0.01849625
59600,0.055789884
59800,0.004700043
59900,0.016258877
60400,0.0054503423
60500,0.017080203
60800,0.004826287
61100,0.0014830909
61300,0.0058053355
61400,0.0035537684
61700,0.013516366
62100,0.008641067
62400,0.027864493
62700,0.013210253
62800,0.003072663
63500,0.08279999
63600,0.0018221684
63700,0.023127308
63800,0.010623407
63900,0.015360098
64300,0.03666218
64400,0.0014460061
1,0.10776548
101,0.031314798
401,0.2938246
601,0.008020982
701,0.013592169
1001,0.043089196
1201,0.007627188
1701,0.026107457
2201,0.084461555
2701,0.21773364
2801,0.04154678
2901,0.008178794
3001,0.0054131644
3101,0.0054807034
3201,0.04573199
3301,0.025992526
3401,0.40872577
3701,0.1949596
4001,0.114232205
4101,0.99999994
4201,0.054456078
4401,0.021678673
4701,0.06269764
4801,0.03732047
4901,0.0020608725
5101,0.9210577
5201,0.013831267
5701,0.05563814
5901,0.0037128592
6201,0.03083196
6301,0.111333184
6501,0.0072900895
6601,0.0025337548
6801,0.015461984
6901,0.09157233
7001,0.0025880316
7201,0.28648874
7401,0.09504654
7501,0.12706678
7701,0.0061662123
7901,0.1711686
8101,0.002719497
8201,0.008479859
8301,0.27942446
8401,0.0020507595
8501,0.019222293
8601,0.017579265
8701,0.004727597
8901,0.02335007
9001,0.02744805
9201,0.13609809
9501,0.021721084
9801,0.011493305
9901,0.012723616
10101,0.028683815
10401,0.004693478
10501,0.004690984
10601,0.43651736
10701,0.02076897
10901,0.002712537
11201,0.01042439
11301,0.046320688
11701,0.19144072
11901,0.0032987543
12101,0.019037219
12401,0.0035335247
12701,0.0028474357
12901,0.354319
13001,0.011225748
13401,0.0023139648
13501,0.017083252
13601,0.011805556
13701,0.06098038
13901,0.109773874
14301,0.048365783
14401,0.05638208
15401,0.013119949
15601,0.0047216276
15701,0.021283107
15801,0.00490125
15901,0.026486956
16101,0.22805005
16201,0.0043356298
16301,0.25168478
16401,0.2831386
16501,0.049081493
16601,0.017623805
17001,0.034672644
17101,0.065690756
17201,0.0033924386
17301,0.036968015
17401,0.014778817
17601,0.020847334
17701,0.011711488
17901,0.041392677
18001,0.0053782687
18101,0.03410394
18201,0.4040437
18401,0.97722465
18501,0.15305072
18701,0.119087525
18801,0.00706505
19101,0.0035228608
19501,0.0037544526
19601,0.017471682
19701,0.010708763
19801,0.97472334
20701,0.025573988
20801,0.02191991
20901,0.0072162366
21101,0.011582846
21201,0.0019680462
21401,0.01304171
21801,0.0054607703
22001,0.006254933
22301,0.007494135
22401,0.0053558755
22501,0.0019856887
22601,0.005576922
22901,0.6954115
23001,0.08185111
23201,0.18367073
23301,0.01871931
23601,0.0054444848
23701,0.07515247
23801,0.028429274
23901,0.03360302
24101,0.034611657
24201,0.0212834
24401,0.0778709
24501,0.0036599995
24601,0.4296092
24701,0.0024995164
25301,0.7653553
25401,0.0027274673
25801,0.21739689
26001,0.008528331
26101,0.07171991
26201,0.004200139
26301,0.0065402472
26401,0.03621275
26601,0.0047512203
26701,0.018473143
26801,0.007970757
26901,0.037879057
27001,0.06819322
27301,0.0031046171
27401,0.0034104881
27501,0.7600508
27901,0.019456172
28001,0.24140264
28101,0.13531117
28301,0.003401948
28401,0.009328032
29001,0.008220561
29101,0.008963513
29301,0.008579771
29601,0.08885758
29701,0.27496266
29801,0.052015174
29901,0.0051107043
30001,0.069953084
30101,0.042043187
30301,0.11353658
30401,0.054148603
30701,0.037969418
30801,0.008818334
31101,0.071403824
31201,0.017399361
31601,0.0050493157
31701,0.042186
31801,0.040302012
31901,0.09883595
32001,0.003288131
32101,0.0034254408
32801,0.008038027
33001,0.011896262
33101,0.022878395
33501,0.0057869935
33701,0.023252558
33801,0.074697174
33901,0.56341344
34001,0.035895295
34201,0.06311283
34301,0.06877469
34401,0.05845325
34501,0.09042921
34601,0.013915236
34801,0.25827226
35001,0.49123296
35201,0.04317837
35301,0.0061436216
35501,0.01114398
35601,0.013079464
35701,0.011861146
35901,0.0034927288
36001,0.1960764
36101,0.012512961
36601,0.0065911897
37201,0.63120097
37401,0.006481073
37501,0.003920076
37601,0.052376796
37701,0.009937421
38101,0.004414051
38201,0.010329622
38301,0.0070769056
38401,0.03046582
38601,0.0132525
38801,0.049617477
39101,0.025404165
39201,0.68377954
39301,0.008281503
39401,0.07951616
39601,0.0064349626
39701,0.42466745
39901,0.05330788
40001,0.009483321
40201,0.011910348
40501,0.3613227
40601,0.0043205502
41801,0.059492785
42001,0.0026660012
42701,0.025527056
42901,0.032706823
43601,0.06062449
44201,0.021215132
44501,0.020538105
44701,0.05930285
44901,0.03794704
45201,0.6727436
45301,0.015657997
45501,0.017098213
45601,0.008649166
46101,0.055316
46301,0.003986643
46501,0.21275136
46901,0.0032030435
47001,0.017291537
47101,0.15692768
47201,0.010522495
47301,0.0075470414
47601,0.026498418
47701,0.11053065
47801,0.002213769
47901,0.023823556
48201,0.015774675
48601,0.049397234
48701,0.04234945
49101,0.0036558406
49201,0.013232294
49601,0.0090982905
49701,0.53529286
49901,0.007524457
50101,0.018183064
50301,0.13248156
50401,0.0407416
50601,0.059180185
50801,0.549336
50901,0.7597267
51001,0.016687473
51201,0.01476283
51601,0.111375555
51801,0.0051908894
52001,0.0529087
52101,0.009166189
52501,0.008614673
52601,0.07953703
52701,0.8480151
53201,0.0031225658
53301,0.050872624
53401,0.022259556
53601,0.0102225775
53901,0.138689
54101,0.011211228
54201,0.02675138
54301,0.0059860875
54401,0.037979934
54601,0.01653276
55001,0.008789599
55201,0.15582067
55401,0.057488836
55501,0.0054267854
55601,0.16234213
56201,0.003361405
56501,0.013413474
56701,0.0015640501
56801,0.014985369
57001,0.3346153
57101,0.0060252342
57201,0.020403652
57301,0.02895564
57501,0.002772326
57901,0.0080478545
58001,0.11712145
58201,0.052765667
58301,0.0055878945
58501,0.004347855
58901,0.04289573
59101,0.05876904
59201,0.0348021
59501,0.22110084
59601,0.020026678
59801,0.04771686
59901,0.0029444494
60401,0.09414956
60501,0.054518584
60801,0.042656682
61101,0.38566944
61301,0.108210705
61401,0.33135685
61701,0.0013624672
62101,0.041932046
62401,0.0076696877
62701,0.014491445
62801,0.2991617
63501,0.015377827
63601,0.06050994
63701,0.009523105
63801,0.011800956
63901,0.0063850535
64301,0.0011414997
64401,0.034484886
2,0.0012199164
102,0.00056667754
402,0.0040398263
602,0.0009215424
702,0.005629141
1002,0.0028532648
1202,0.04056914
1702,0.00203854
2202,0.0034340313
2702,0.49463096
2802,0.00026640602
2902,0.0012696456
3002,0.00053594465
3102,0.0319182
3202,0.0013553661
3302,0.002003913
3402,0.012116599
3702,0.056683555
4002,0.0003279711
4102,0.99937165
4202,0.0016152286
4402,0.0056760996
4702,0.00077169895
4802,0.00058504764
4902,0.0015282329
5102,5.5005756e-05
5202,0.011361696
5702,0.0013133509
5902,0.0034667659
6202,0.0015154405
6302,0.0014906104
6502,0.01127038
6602,0.004733072
6802,0.083716005
6902,0.055292007
7002,0.0032230215
7202,0.00082889065
7402,0.00016030473
7502,0.0006102784
7702,0.0011299603
7902,0.031962097
8102,0.003266927
8202,0.0007165432
8302,0.0007585951
8402,0.0034697321
8502,0.006243366
8602,0.0002542364
8702,0.0014504949
8902,0.0010262824
9002,0.00062622665
9202,0.009094173
9502,0.0020488058
9802,0.0011941156
9902,0.0050003286
10102,0.009635418
10402,0.009161998
10502,0.0028489456
10602,0.0008520095
10702,0.00064789224
10902,0.0018119571
11202,0.009660156
11302,0.0038738465
11702,0.0029159323
11902,0.004094007
12102,0.0409282
12402,0.002383585
12702,0.014266609
12902,0.0034457534
13002,0.040822852
13402,0.0005890564
13502,0.0006787424
13602,0.001537115
13702,0.00078991515
13902,0.0052757952
14302,0.0016899465
14402,0.057815462
15402,0.014052919
15602,0.0011397878
15702,0.01954984
15802,0.0044682883
15902,0.0016301689
16102,0.00029398766
16202,0.0050197365
16302,0.00053541944
16402,0.00076166313
16502,0.0014038759
16602,0.010712816
17002,0.001202496
17102,0.007216482
17202,0.009698364
17302,0.002756354
17402,0.0007939337
17602,0.00079528487
17702,0.00052849384
17902,0.001582581
18002,0.017096769
18102,0.003591938
18202,0.015918152
18402,0.0011661684
18502,0.006477309
18702,0.012617561
18802,0.034033448
19102,0.0014354788
19502,0.00914247
19602,0.031997226
19702,0.0008067817
19802,0.00071184384
20702,0.00029575653
20802,0.07903375
20902,0.010729805
21102,0.006011426
21202,0.003703016
21402,0.019959604
21802,0.0029759335
22002,0.0013698463
22302,0.002337349
22402,0.0076795104
22502,0.0016910576
22602,0.0005506545
22902,0.005647941
23002,0.003988286
23202,0.0015832011
23302,0.00033585096
23602,0.00061647047
23702,0.005403969
23802,0.009626894
23902,0.006815003
24102,0.055008743
24202,0.0055125766
24402,0.002210763
24502,0.008109592
24602,0.07343299
24702,0.0007642281
25302,0.006651159
25402,0.0013338933
25802,0.10682475
26002,0.0005114337
26102,0.126536
26202,0.013324637
26302,0.00035187675
26402,0.013364845
26602,0.00080745586
26702,0.009746624
26802,0.002283991
26902,0.030996732
27002,0.016861971
27302,0.0020040649
27402,0.00068955426
27502,0.0041302145
27902,0.09634243
28002,0.00044553122
28102,0.0014408968
28302,0.001896821
28402,0.020742912
29002,0.010354949
29102,0.014197564
29302,0.0013697305
29602,0.0008700966
29702,0.026444064
29802,0.008387318
29902,0.00041464868
30002,0.00827482
30102,0.011159734
30302,0.00024247592
30402,0.00039740815
30702,0.022038216
30802,0.12808864
31102,0.18232399
31202,0.012215971
31602,0.0122574
31702,0.005794557
31802,0.22751719
31902,0.0006620547
32002,0.009195086
32102,0.0077721053
32802,0.0010121785
33002,0.002905818
33102,0.00053045154
33502,0.0005029014
33702,0.0016824517
33802,0.00241895
33902,0.7235601
34002,0.0013565689
34202,0.021662
34302,0.06736567
34402,0.0025194867
34502,0.009309001
34602,0.01819546
34802,0.016712727
35002,0.00063572143
35202,0.0027286469
35302,0.035396144
35502,0.0013663201
35602,0.0069368593
35702,0.030766148
35902,0.0029849135
36002,0.0034575397
36102,0.020337127
36602,0.0021590327
37202,0.0003516405
37402,0.001447827
37502,0.0024686707
37602,0.021265738
37702,0.00059738156
38102,0.00026366563
38202,0.034649037
38302,0.0032868234
38402,0.009319761
38602,0.0005605131
38802,0.002635347
39102,0.0016839444
39202,0.0030061086
39302,0.014480664
39402,0.0061264476
39602,0.00047442492
39702,3.4198715e-06
39902,0.24780712
40002,0.027002394
40202,0.0033686734
40502,0.0010910792
40602,0.007357015
41802,0.08058975
42002,0.0026332648
42702,0.0004454908
42902,9.846529e-05
43602,0.005344457
44202,0.0060768193
44502,0.12062321
44702,0.027039418
44902,0.0022928843
45202,0.00030028718
45302,0.0037630228
45502,0.14042541
45602,0.025811324
46102,0.0022613737
46302,0.001798105
46502,0.028788239
46902,0.0019181005
47002,0.0008431025
47102,0.39387602
47202,0.0065517924
47302,0.0024038225
47602,0.0031991345
47702,0.001503847
47802,0.0012636568
47902,0.0018558559
48202,0.044222593
48602,0.007802757
48702,9.2790084e-05
49102,0.0019593912
49202,0.055854857
49602,0.0026005988
49702,0.00140276
49902,0.0009972778
50102,0.001899381
50302,0.09027776
50402,0.00020363732
50602,0.02320474
50802,0.03268607
50902,0.0021145362
51002,0.00073201966
51202,0.013881306
51602,0.0015858475
51802,0.0043698647
52002,0.006744904
52102,0.01994486
52502,0.08307266
52602,0.0032306993
52702,0.09711403
53202,0.0015041471
53302,0.13977724
53402,0.0007471939
53602,0.0022456169
53902,0.6306911
54102,0.021328809
54202,0.013238671
54302,0.002473235
54402,0.0008440438
54602,0.00010136253
55002,0.0006638528
55202,0.06606054
55402,0.0007512446
55502,0.00831757
55602,9.336112e-05
56202,0.002906475
56502,0.00058666064
56702,0.0068004853
56802,0.010506639
57002,0.0007000608
57102,0.0035692148
57202,0.0020581142
57302,0.0404352
57502,0.0020756049
57902,0.006198986
58002,0.0013543318
58202,0.2959209
58302,0.0009029304
58502,0.0010628747
58902,0.0010836469
59102,0.088762246
59202,0.011216178
59502,0.05260582
59602,0.0152071705
59802,0.0006369498
59902,0.0005087006
60402,0.018365594
60502,0.0025110357
60802,0.00040290234
61102,0.2945041
61302,0.055870604
61402,0.17979532
61702,0.0010988549
62102,0.0082015805
62402,0.007663284
62702,0.0021185032
62802,0.023482062
63502,0.010762175
63602,0.0009808996
63702,0.0039681736
63802,0.006378302
63902,0.01322162
64302,0.0010338386
64402,0.00095639727
3,0.00023771981
103,0.0021171873
403,0.0017888871
603,0.0011352998
703,0.003972591
1003,0.00031766773
1203,0.0052933004
1703,0.00039063575
2203,0.0008013619
2703,0.0049429587
2803,0.0011940182
2903,0.0021351893
3003,0.0030417044
3103,0.0059182597
3203,0.007372018
3303,0.004304337
3403,0.0002891793
3703,0.0024559924
4003,0.00084035663
4103,1.2379614e-07
4203,0.0025886067
4403,0.013993511
4703,0.0008262516
4803,0.0012170675
4903,0.0021884146
5103,6.5350985e-05
5203,0.0035320306
5703,0.001948124
5903,0.005116954
6203,0.002401155
6303,0.0008794298
6503,0.01100249
6603,0.0070851725
6803,0.0075902506
6903,0.01985694
7003,0.0037077847
7203,0.0024611964
7403,0.0021740126
7503,0.00028913683
7703,0.0014177354
7903,0.0037671938
8103,0.0026663975
8203,0.005429885
8303,0.0010654756
8403,0.04021656
8503,0.0011034154
8603,0.0045321453
8703,0.0061030663
8903,0.0010681837
9003,0.0005894552
9203,0.001342776
9503,0.017635182
9803,0.0010805472
9903,0.0013640533
10103,0.0028237402
10403,0.0014342407
10503,0.0023414143
10603,0.0017732367
10703,0.0036134026
10903,0.0026906645
11203,0.0035555668
11303,0.002850847
11703,0.0014910011
11903,0.0032454713
12103,0.015351071
12403,0.004373497
12703,0.0014415508
12903,0.0022687542
13003,0.012569196
13403,0.003019509
13503,0.0012081595
13603,0.0020630786
13703,0.0050847866
13903,0.0040850565
14303,0.0058181435
14403,0.008310859
15403,0.0069110687
15603,0.019005362
15703,0.005516536
15803,0.0028971573
15903,0.0003488677
16103,0.001924296
16203,0.006104279
16303,0.00059537677
16403,0.00018467693
16503,0.014608968
16603,0.0033314687
17003,0.0012988703
17103,0.00042424336
17203,0.003197461
17303,0.0003518387
17403,0.0009758068
17603,0.0037057074
17703,0.0005277707
17903,0.0005060551
18003,0.007903398
18103,0.00249474
18203,0.0006900417
18403,1.5952177e-05
18503,0.00041559123
18703,0.06560967
18803,0.019767437
19103,0.017499344
19503,0.0011438881
19603,0.01056764
19703,0.0051565273
19803,0.00016519957
20703,0.0007540616
20803,0.008374819
20903,0.0017346204
21103,0.0026526263
21203,0.004956054
21403,0.006890911
21803,0.0024856296
22003,0.0011742974
22303,0.012791546
22403,0.00694331
22503,0.0023893178
22603,0.004051268
22903,0.0024006402
23003,0.0028644423
23203,0.003273147
23303,0.0014525825
23603,0.0014970419
23703,0.0010259412
23803,0.0016974194
23903,0.00066527573
24103,0.0021410205
24203,0.00085083145
24403,0.00792253
24503,0.010223812
24603,0.0013922108
24703,0.00060940103
25303,0.0018185694
25403,0.0029759554
25803,0.0026363572
26003,0.0030561334
26103,0.0029501736
26203,0.0031896704
26303,0.0029671136
26403,0.011147327
26603,0.0040153856
26703,0.0042091096
26803,0.009452
26903,0.016439274
27003,0.0015745936
27303,0.0093036555
27403,0.007916091
27503,0.0028499376
27903,0.011533511
28003,0.0005690767
28103,0.0004020692
28303,0.007898337
28403,0.0063888263
29003,0.0011566917
29103,0.009056704
29303,0.0014869714
29603,0.0013123193
29703,0.0045303986
29803,0.0028857016
29903,0.0013440258
30003,0.0013055138
30103,0.002856168
30303,0.0018861912
30403,0.0005130806
30703,0.007111722
30803,0.0116778575
31103,0.06276886
31203,0.001376864
31603,0.0070472374
31703,0.0054723904
31803,0.16730243
31903,0.0020636579
32003,0.026286915
32103,0.014641115
32803,0.00088397524
33003,0.0016069061
33103,0.0010467275
33503,0.0019468411
33703,0.00028663917
33803,0.00039654085
33903,0.004713034
34003,0.0012424816
34203,0.0011794671
34303,0.0005543355
34403,0.00034481226
34503,0.002750449
34603,0.0049293186
34803,0.00075410254
35003,0.00014846513
35203,0.002923602
35303,0.005027562
35503,0.00083275954
35603,0.0006617588
35703,0.0018692487
35903,0.0038895577
36003,0.0026664643
36103,0.048894383
36603,0.0030890673
37203,0.00030272166
37403,0.0013146118
37503,0.0047080773
37603,0.0014560928
37703,0.0013875192
38103,0.0027180943
38203,0.03253971
38303,0.012125096
38403,0.002884836
38603,0.0022618829
38803,0.0010916002
39103,0.001656488
39203,0.0014121538
39303,0.002715002
39403,0.0070312154
39603,0.0023676686
39703,3.1583374e-06
39903,0.020571785
40003,0.1382408
40203,0.002930513
40503,0.0007819492
40603,0.0044578793
41803,0.012620532
42003,0.0016153628
42703,0.00080271123
42903,0.0011467476
43603,0.018375026
44203,0.009303189
44503,0.006400785
44703,0.0011768158
44903,0.0012799965
45203,0.0012821093
45303,0.0025191358
45503,0.17824705
45603,0.0027943894
46103,0.0062233806
46303,0.002975066
46503,0.0014919434
46903,0.004234665
47003,0.0007260586
47103,0.0035975368
47203,0.005011397
47303,0.0026274004
47603,0.0013907459
47703,0.00043023282
47803,0.0048255934
47903,0.0009596139
48203,0.005845226
48603,0.00039112274
48703,0.0055809887
49103,0.025159229
49203,0.01791565
49603,0.0322294
49703,0.0021565133
49903,0.0010026509
50103,0.00077900395
50303,0.0010286073
50403,0.002191869
50603,0.0014394239
50803,0.0010537104
50903,7.126416e-05
51003,0.00047237807
51203,0.007488094
51603,0.0057543446
51803,0.0027481848
52003,0.0011828603
52103,0.028397188
52503,0.108523786
52603,0.001258883
52703,1.2605844e-07
53203,0.020285461
53303,0.018684905
53403,0.012588954
53603,0.0044982326
53903,0.0051044705
54103,0.008342709
54203,0.0049440027
54303,0.017927853
54403,0.00453533
54603,0.0010692197
55003,0.0018609966
55203,0.0020432805
55403,0.007269362
55503,0.009684377
55603,0.00035852732
56203,0.00073109515
56503,0.00044927423
56703,0.005222188
56803,0.03703063
57003,0.00020635083
57103,0.0049497746
57203,0.0013050062
57303,0.021348417
57503,0.002284905
57903,0.019273194
58003,0.00051997957
58203,0.0028659548
58303,0.014163402
58503,0.0033270747
58903,0.0017931518
59103,0.008503197
59203,0.00755427
59503,0.00048775825
59603,0.002914056
59803,0.0011614154
59903,0.0007781227
60403,0.0012486427
60503,0.00094655744
60803,0.0016455419
61103,0.0033483128
61303,0.0068827677
61403,0.0018174952
61703,0.0052051605
62103,0.005889617
62403,0.0065312907
62703,0.0026495336
62803,0.00059704855
63503,0.017562347
63603,0.0009544956
63703,0.0056089107
63803,0.0018122004
63903,0.0029637592
64303,0.0027104893
64403,0.0019138993
4,0.00016034707
104,0.0001481009
404,0.03872101
604,0.0017123072
704,0.0017116179
1004,4.2045078e-05
1204,0.031057956
1704,0.00029263785
2204,0.003201926
2704,0.045179207
2804,0.0006262365
2904,0.0017505877
3004,0.0009197242
3104,0.0031246073
3204,0.0059254104
3304,0.013640819
3404,0.00018133732
3704,0.00079266203
4004,0.0002048441
4104,1.9611036e-08
4204,0.0017899313
4404,0.0028245642
4704,0.00042499162
4804,0.00015205985
4904,0.0064225574
5104,2.6372807e-05
5204,0.006705281
5704,0.00035877625
5904,0.17166883
6204,0.0013863937
6304,0.0013117602
6504,0.014891777
6604,0.06816579
6804,0.036353942
6904,0.32508072
7004,0.010398911
7204,0.07068021
7404,0.0021705027
7504,0.00030233627
7704,0.00035260824
7904,0.009550929
8104,0.003449975
8204,0.0016101497
8304,0.0043903887
8404,0.0037600782
8504,0.00030684477
8604,0.0006766757
8704,0.0017090226
8904,0.0004569935
9004,0.0019694618
9204,0.0004970421
9504,0.0021234534
9804,0.0053744228
9904,0.0070916293
10104,0.03615937
10404,0.0020598208
10504,0.001980596
10604,0.0041052154
10704,0.011984444
10904,0.007774231
11204,0.0020990022
11304,0.0013015149
11704,0.0042299284
11904,0.0015037467
12104,0.09603622
12404,0.015709672
12704,0.004854422
12904,0.0024403029
13004,0.40553737
13404,0.0046970053
13504,0.00032085937
13604,0.00023501927
13704,0.0019855204
13904,0.0033661725
14304,0.003768882
14404,0.2003415
15404,0.10457739
15604,0.004745859
15704,0.00682965
15804,0.0041597686
15904,0.00025494397
16104,0.0023618583
16204,0.1420915
16304,0.00016058101
16404,2.2151085e-05
16504,0.00072992203
16604,0.0009817835
17004,0.00033229458
17104,8.9426896e-05
17204,0.00032605103
17304,0.00014716422
17404,0.0004112391
17604,0.0043070735
17704,0.00019342954
17904,5.588732e-05
18004,0.0010122277
18104,0.036082767
18204,0.0058741616
18404,6.35368e-05
18504,0.003902094
18704,0.04723558
18804,0.004905491
19104,0.0018132504
19504,0.0048992387
19604,0.002688339
19704,0.00085566787
19804,0.00010106103
20704,0.0027460041
20804,0.037584282
20904,0.0036350405
21104,0.00990524
21204,0.0011228845
21404,0.1934079
21804,0.0022025143
22004,0.0006770389
22304,0.0014320768
22404,0.0052168006
22504,0.008261557
22604,0.0017813104
22904,0.0034071882
23004,0.025168814
23204,0.004141902
23304,0.00017602846
23604,0.0013720603
23704,0.0007624082
23804,0.019476278
23904,0.0004384277
24104,0.0015872888
24204,0.0060231416
24404,0.14559668
24504,0.032043755
24604,0.0025247973
24704,0.0020197504
25304,7.7701974e-05
25404,0.12551364
25804,0.158417
26004,0.009316252
26104,0.0048749545
26204,0.0007960518
26304,0.003845047
26404,0.2098444
26604,0.001013043
26704,0.0011738423
26804,0.006478896
26904,0.021555757
27004,0.0016843117
27304,0.010492173
27404,0.006939143
27504,0.0035901142
27904,0.1817922
28004,0.00335985
28104,0.010999964
28304,0.0039644605
28404,0.0027571304
29004,0.035450075
29104,0.064682014
29304,0.0011711455
29604,0.00022048922
29704,0.0049373573
29804,0.01252973
29904,0.00038441698
30004,0.0030908242
30104,0.46380997
30304,0.001478915
30404,0.0008171716
30704,0.041081797
30804,0.00940089
31104,0.1069612
31204,0.0023600939
31604,0.0027061768
31704,0.029302228
31804,0.01136702
31904,0.00018136513
32004,0.0048431964
32104,0.0007270182
32804,0.0047089015
33004,0.000107980566
33104,0.0001560243
33504,0.00082913676
33704,0.00015603054
33804,0.00021153048
33904,0.011751258
34004,0.00033070458
34204,0.010699962
34304,0.0008820044
34404,0.00020805815
34504,0.007495132
34604,0.00892982
34804,0.0006390875
35004,0.00014568286
35204,0.025665201
35304,0.14345567
35504,0.00027458684
35604,0.0012579866
35704,0.002188636
35904,0.04551749
36004,0.0015818821
36104,0.016826676
36604,0.039534308
37204,5.195994e-05
37404,0.008684769
37504,0.0023627204
37604,0.2597277
37704,0.006126247
38104,0.011998232
38204,0.1159274
38304,0.0034268182
38404,0.012821907
38604,0.0018897618
38804,0.000758198
39104,0.0020906492
39204,0.0023493818
39304,0.20927928
39404,0.07211331
39604,0.0002342671
39704,6.145993e-07
39904,0.0035080528
40004,0.015964912
40204,0.0017233121
40504,5.8693437e-05
40604,0.003246917
41804,0.01437666
42004,0.00077708997
42704,0.0031253088
42904,0.0018222568
43604,0.1719125
44204,0.024023343
44504,0.002935212
44704,0.00057917106
44904,0.09347718
45204,0.0002704289
45304,0.0058199284
45504,0.046993572
45604,0.011539368
46104,0.0017329409
46304,0.004332843
46504,0.04187695
46904,0.0011213958
47004,0.0005820612
47104,0.059368216
47204,0.0033798502
47304,0.006417383
47604,0.007956178
47704,0.00020311763
47804,0.0025877685
47904,0.001135132
48204,0.0020146107
48604,0.00025661493
48704,0.0027192228
49104,0.02358926
49204,0.036446076
49604,0.0014048788
49704,0.0008959522
49904,0.0008039628
50104,0.00020280082
50304,0.0147425365
50404,0.00026221253
50604,0.036493585
50804,0.0019956576
50904,0.00015828219
51004,0.0010109391
51204,0.1995528
51604,0.0002645623
51804,0.0007086117
52004,0.0036683278
52104,0.007990818
52504,0.0448105
52604,0.015388754
52704,7.64738e-07
53204,0.0023041845
53304,0.014459107
53404,0.00015266713
53604,0.00059305044
53904,0.017311519
54104,0.02695311
54204,0.049233023
54304,0.056695066
54404,0.0011538918
54604,0.007473044
55004,0.0006993343
55204,0.0699137
55404,0.0023266366
55504,0.0009894808
55604,0.0032721343
56204,0.02606398
56504,0.00037270747
56704,0.0021134962
56804,0.11266335
57004,0.0011453622
57104,0.0013867761
57204,0.00072206487
57304,0.0031044255
57504,0.0011637958
57904,0.00080314773
58004,0.0012396937
58204,0.0048570875
58304,0.009502223
58504,0.023632847
58904,0.036527146
59104,0.06798611
59204,0.05503359
59504,0.006526883
59604,0.010731024
59804,0.001195799
59904,0.001970257
60404,0.014477892
60504,0.0025384233
60804,0.00034484194
61104,0.009830694
61304,0.0051940647
61404,0.0011640885
61704,0.0014910307
62104,0.008169693
62404,0.0045369365
62704,0.0072075226
62804,0.00034520956
63504,0.0926682
63604,0.00029375596
63704,0.0027512508
63804,0.00083542557
63904,0.002001203
64304,0.007155276
64404,0.000899914
5,0.00069341756
105,0.00024751635
405,0.006404219
605,0.0030690108
705,0.0012197838
1005,9.3298826e-05
1205,0.0037693903
1705,0.00083692005
2205,0.003884746
2705,0.0076018427
2805,0.00025602547
2905,0.0012059822
3005,0.0053830734
3105,0.0053627756
3205,0.00094159134
3305,0.007117334
3405,0.00010907526
3705,0.0032818594
4005,0.00036751403
4105,0.025524616
4205,0.0032633983
4405,0.012205301
4705,8.918393e-05
4805,0.0003671029
4905,0.005132971
5105,1.3448674e-05
5205,0.041007843
5705,0.00050136086
5905,0.0066848183
6205,0.00042772747
6305,0.000591672
6505,0.021498203
6605,0.02746657
6805,0.0063442807
6905,0.003486642
7005,0.0017269024
7205,0.026268767
7405,0.001607884
7505,0.00021405995
7705,0.00017699065
7905,0.000626862
8105,0.0062007806
8205,0.008687975
8305,0.0010480528
8405,0.0021296828
8505,0.00023739228
8605,0.0008200527
8705,0.0006052833
8905,0.0025169067
9005,0.0010609543
9205,0.00090054754
9505,0.02448766
9805,0.0003345269
9905,0.0048256265
10105,0.003454465
10405,0.0011349878
10505,0.0015109681
10605,0.0003303054
10705,0.003081469
10905,0.009181514
11205,0.00080231094
11305,0.0021027692
11705,0.005423112
11905,0.005906035
12105,0.004409669
12405,0.0023910666
12705,0.0017255135
12905,0.009726175
13005,0.012704481
13405,0.003658209
13505,0.00040587498
13605,0.00032593135
13705,0.0012539565
13905,0.0012111282
14305,0.013719311
14405,0.018654332
15405,0.040136047
15605,0.007596373
15705,0.012179999
15805,0.0018029864
15905,3.656753e-05
16105,0.0010925943
16205,0.016024258
16305,5.8775553e-05
16405,2.624763e-05
16505,0.0006923505
16605,0.0027701315
17005,0.0007523092
17105,0.00015702816
17205,0.001757384
17305,7.911336e-05
17405,0.0005375246
17605,0.0017218614
17705,0.00017727526
17905,0.00031237476
18005,0.005025573
18105,0.009041536
18205,0.009597695
18405,0.0004465563
18505,0.0023663852
18705,0.030903276
18805,0.0078505855
19105,0.012331418
19505,0.0011536997
19605,0.0039900644
19705,0.0010316038
19805,0.00014229002
20705,0.0020134903
20805,0.029823605
20905,0.0010440119
21105,0.000813993
21205,0.00082521816
21405,0.010274893
21805,0.0030515138
22005,0.00072825665
22305,0.0058488757
22405,0.007259469
22505,0.013765289
22605,0.0015838788
22905,0.026643893
23005,0.0022793515
23205,0.0024254897
23305,0.00018418574
23605,0.0005217975
23705,0.00043790764
23805,0.002777672
23905,0.00030142395
24105,0.00544937
24205,0.0038894946
24405,0.0064466135
24505,0.010251943
24605,0.00035075948
24705,0.0019130162
25305,0.0006761419
25405,0.0047535864
25805,0.0070109144
26005,0.0025903354
26105,0.0032108093
26205,0.0004896707
26305,0.001427232
26405,0.22942744
26605,0.0013770058
26705,0.0050288923
26805,0.00077053276
26905,0.0027513844
27005,0.0019974264
27305,0.0033891676
27405,0.0018574719
27505,0.003493141
27905,0.005127631
28005,0.0011452051
28105,0.015513683
28305,0.0022530172
28405,0.0031282518
29005,0.020429078
29105,0.009525504
29305,0.0035055415
29605,0.00067599415
29705,0.003957133
29805,0.008448503
29905,0.0001780854
30005,0.028996374
30105,0.018988064
30305,0.00031093694
30405,0.0014194454
30705,0.024204161
30805,0.007159186
31105,0.023783598
31205,0.006006168
31605,0.004264173
31705,0.004412777
31805,0.023498418
31905,0.0004060377
32005,0.0013355818
32105,0.0020244326
32805,0.0011243105
33005,0.000398031
33105,0.00023463865
33505,0.00085205253
33705,0.00017853749
33805,0.00068167655
33905,0.0010163038
34005,0.00024565388
34205,0.0029386359
34305,0.0014209555
34405,0.00020870767
34505,0.0020201001
34605,0.0051130033
34805,0.0011880725
35005,0.00016211238
35205,0.0010647735
35305,0.010007247
35505,0.00046302163
35605,0.0012156332
35705,0.00050817255
35905,0.0017532122
36005,0.0013748095
36105,0.014871737
36605,0.0038284315
37205,3.369331e-05
37405,0.011047479
37505,0.0017053738
37605,0.01813715
37705,0.0015861971
38105,0.0003735535
38205,0.047182463
38305,0.026716765
38405,0.033558954
38605,0.0011688053
38805,0.0011559536
39105,0.0016437337
39205,0.0042442176
39305,0.01906665
39405,0.06825927
39605,0.0002842663
39705,5.333041e-06
39905,0.0026302047
40005,0.011279065
40205,0.0008376005
40505,5.559629e-05
40605,0.012201249
41805,0.121086836
42005,0.00055332435
42705,0.0019866657
42905,0.00035546807
43605,0.017332895
44205,0.0016125648
44505,0.012039765
44705,0.0011692261
44905,0.0040247315
45205,0.00046071643
45305,0.0036193926
45505,0.02828435
45605,0.0017885778
46105,0.0026150912
46305,0.003364899
46505,0.028007682
46905,0.00043325702
47005,0.0005734637
47105,0.006149363
47205,0.0048815734
47305,0.001419532
47605,0.005899816
47705,0.00045504366
47805,0.0032573252
47905,0.00030381337
48205,0.010415077
48605,0.00034130918
48705,0.00046173114
49105,0.0023728411
49205,0.009725261
49605,0.009018311
49705,0.00083907915
49905,0.00025488975
50105,0.0020635216
50305,0.040070813
50405,0.00039032171
50605,0.006283879
50805,0.017842302
50905,0.001870053
51005,0.0010417853
51205,0.0066457456
51605,0.0023145208
51805,0.00045225924
52005,0.00079491397
52105,0.015028654
52505,0.006429281
52605,0.0063964776
52705,0.0001342159
53205,0.009655706
53305,0.0023202924
53405,0.000871209
53605,0.00085453846
53905,0.001943701
54105,0.0013341015
54205,0.03855834
54305,0.010270674
54405,0.0016240247
54605,0.0004391189
55005,0.00020209065
55205,0.009391815
55405,0.002661116
55505,0.0011731951
55605,0.00030878963
56205,0.00688808
56505,0.00056778855
56705,0.0013596441
56805,0.0350051
57005,0.0013200701
57105,0.00062160427
57205,0.00039824107
57305,0.005046201
57505,0.0008133189
57905,0.0026344445
58005,0.000471039
58205,0.0026556577
58305,0.0005252063
58505,0.0047032335
58905,0.00030198364
59105,0.12919065
59205,0.02635503
59505,0.021565374
59605,0.043904647
59805,0.0005672079
59905,0.00217973
60405,0.0028783143
60505,0.010944914
60805,0.00039251862
61105,0.00093158055
61305,0.0005563487
61405,0.0044903466
61705,0.00084647763
62105,0.0017229891
62405,0.009125927
62705,0.0031600296
62805,0.0014197673
63505,0.045699123
63605,0.0004219676
63705,0.0074191918
63805,0.0021816725
63905,0.0024778785
64305,0.004675555
64405,0.00030908917
6,0.00084591936
106,0.0007746863
406,0.0075604892
606,0.011765454
706,0.0015507487
1006,0.00021764463
1206,0.0053450707
1706,0.0015907473
2206,0.05916587
2706,0.0010801681
2806,0.0027532233
2906,0.026820866
3006,0.012580533
3106,0.0007522462
3206,0.01976239
3306,0.08384742
3406,0.00030642675
3706,0.002817159
4006,0.002658735
4106,2.060934e-09
4206,0.016508207
4406,0.022468086
4706,0.00043352265
4806,0.00057633605
4906,0.050366446
5106,0.00018347692
5206,0.11146658
5706,0.001189407
5906,0.072076544
6206,0.0022066026
6306,0.0022960447
6506,0.012396502
6606,0.10686922
6806,0.026162332
6906,0.005456844
7006,0.010452688
7206,0.5289315
7406,0.0069439667
7506,0.0015235608
7706,0.00069598976
7906,0.0019208493
8106,0.009649356
8206,0.00527057
8306,0.013392343
8406,0.0033115172
8506,0.0002056457
8606,0.0029895757
8706,0.0040274267
8906,0.0040941434
9006,0.023329563
9206,0.0007532436
9506,0.011362772
9806,0.008711089
9906,0.08588972
10106,0.051123947
10406,0.0012240489
10506,0.0009065583
10606,0.0009785414
10706,0.036865927
10906,0.13050555
11206,0.0012220634
11306,0.0021376235
11706,0.0041082525
11906,0.0025799451
12106,0.052572466
12406,0.023176963
12706,0.0026989877
12906,0.010449071
13006,0.067307256
13406,0.017477905
13506,0.0010258646
13606,0.0024441623
13706,0.058106825
13906,0.0055694906
14306,0.33165875
14406,0.1817831
15406,0.18692085
15606,0.0045373356
15706,0.11035484
15806,0.01005114
15906,0.00032673622
16106,0.019468948
16206,0.0535031
16306,0.00073776126
16406,6.7711146e-05
16506,0.0012868793
16606,0.0020346076
17006,0.0015421603
17106,0.00018770482
17206,0.0005566115
17306,0.0005627062
17406,0.0032304444
17606,0.015920829
17706,0.0011213816
17906,0.0003653231
18006,0.0015131135
18106,0.03323559
18206,0.069646336
18406,0.021164391
18506,0.029496057
18706,0.029448567
18806,0.011170579
19106,0.050503053
19506,0.006007913
19606,0.005310642
19706,0.0035906106
19806,0.0018320268
20706,0.08326485
20806,0.004290847
20906,0.0023144104
21106,0.008130672
21206,0.0013972975
21406,0.10656347
21806,0.009430599
22006,0.0025508879
22306,0.02301891
22406,0.0037200593
22506,0.04266
22606,0.02120713
22906,0.027180467
23006,0.036731146
23206,0.0044219815
23306,0.00071862177
23606,0.0029242334
23706,0.00489055
23806,0.02762662
23906,0.0006287465
24106,0.0006159368
24206,0.018450968
24406,0.094109945
24506,0.05660217
24606,0.0003822152
24706,0.0069600884
25306,0.0063451007
25406,0.12508875
25806,0.07036412
26006,0.076023564
26106,0.003167073
26206,0.00056695734
26306,0.0069879526
26406,0.7627721
26606,0.0034008808
26706,0.0037634578
26806,0.003889367
26906,0.0021564804
27006,0.0007307528
27306,0.008201003
27406,0.0067196274
27506,0.0010442093
27906,0.02165575
28006,0.07820671
28106,0.33833364
28306,0.0058096685
28406,0.000987086
29006,0.06433613
29106,0.055198923
29306,0.047078103
29606,0.0036862907
29706,0.010076672
29806,0.0780971
29906,0.001951899
30006,0.07553371
30106,0.46711725
30306,0.008775876
30406,0.01573598
30706,0.07337545
30806,0.0032330023
31106,0.03045531
31206,0.023937354
31606,0.004298747
31706,0.03726435
31806,0.0054984367
31906,0.00044671554
32006,0.001891124
32106,0.0014643938
32806,0.0056810724
33006,0.00036799832
33106,0.0004927308
33506,0.009920192
33706,0.00086916453
33806,0.00048643633
33906,0.00036272887
34006,0.0024947654
34206,0.11452223
34306,0.0009923861
34406,0.0012617859
34506,0.0059109037
34606,0.012122298
34806,0.0039099054
35006,0.003790015
35206,0.011739093
35306,0.036368277
35506,0.0012839382
35606,0.010223769
35706,0.0017320475
35906,0.01592158
36006,0.0029250174
36106,0.005304345
36606,0.01586957
37206,0.00016359457
37406,0.06727283
37506,0.006324816
37606,0.62098074
37706,0.16265185
38106,0.0038247018
38206,0.09766801
38306,0.026006464
38406,0.42099658
38606,0.0032512285
38806,0.003814427
39106,0.0721372
39206,0.006383275
39306,0.24930614
39406,0.36243266
39606,0.0005359497
39706,1.654598e-05
39906,0.0003913419
40006,0.009636523
40206,0.0019219775
40506,0.00019041583
40606,0.017436594
41806,0.11554776
42006,0.0019121525
42706,0.30921522
42906,0.034995828
43606,0.08103731
44206,0.0036086112
44506,0.0037554994
44706,0.0011788582
44906,0.13384935
45206,0.3168721
45306,0.009731563
45506,0.01311825
45606,0.010392495
46106,0.0504726
46306,0.022455558
46506,0.24555473
46906,0.0016366977
47006,0.0009484194
47106,0.0017685463
47206,0.00589135
47306,0.02937376
47606,0.02432355
47706,0.0038825565
47806,0.0074489405
47906,0.032630373
48206,0.003491174
48606,0.00076385104
48706,0.004302138
49106,0.01563766
49206,0.019105945
49606,0.010127231
49706,0.01918315
49906,0.0021752224
50106,0.0005062247
50306,0.14198014
50406,0.001303101
50606,0.23000866
50806,0.014404084
50906,0.019158375
51006,0.03593684
51206,0.05371218
51606,0.0008326829
51806,0.00042269067
52006,0.020986442
52106,0.010874323
52506,0.0087188305
52606,0.18872225
52706,8.943143e-06
53206,0.019655142
53306,0.006403139
53406,0.0012109175
53606,0.0020909254
53906,0.00043651904
54106,0.004852685
54206,0.14049523
54306,0.06757715
54406,0.0016536874
54606,0.016760599
55006,0.00065670133
55206,0.26296258
55406,0.002023035
55506,0.002150519
55606,0.013586462
56206,0.06495656
56506,0.0017936403
56706,0.00057811826
56806,0.05246952
57006,0.15647048
57106,0.011515509
57206,0.00159885
57306,0.0034387019
57506,0.0039424663
57906,0.0016962289
58006,0.0077808253
58206,0.000634149
58306,0.0037069626
58506,0.06275065
58906,0.03571655
59106,0.054339066
59206,0.17894216
59506,0.012364722
59606,0.0192009
59806,0.0021505116
59906,0.016380297
60406,0.12720379
60506,0.0038762398
60806,0.0018924465
61106,0.00042267208
61306,0.0010343553
61406,0.0046287905
61706,0.0027481169
62106,0.016692169
62406,0.0104374485
62706,0.04890066
62806,0.0009389226
63506,0.05531721
63606,0.0057210466
63706,0.0102113895
63806,0.00051431457
63906,0.0018423238
64306,0.025090473
64406,0.0022402736
7,0.0019455851
107,0.0018970357
407,0.13756362
607,0.0010286239
707,0.0034833315
1007,0.003358338
1207,0.019791948
1707,0.0012719627
2207,0.19884932
2707,0.0014033639
2807,0.005914334
2907,0.0047424915
3007,0.003571483
3107,0.0014636344
3207,0.023524053
3307,0.0029969472
3407,0.0008895436
3707,0.0008015598
4007,0.001582419
4107,0.1063492
4207,0.010038535
4407,0.11103301
4707,0.008115869
4807,0.0018581105
4907,0.0054342486
5107,0.00014210358
5207,0.0473671
5707,0.05430613
5907,0.04727458
6207,0.13814314
6307,0.04557228
6507,0.008588471
6607,0.0143312635
6807,0.040269867
6907,0.012850026
7007,0.0019248906
7207,0.022458896
7407,0.005749799
7507,0.00031834075
7707,0.008400644
7907,0.0011922844
8107,0.0021751807
8207,0.001852914
8307,0.0027980884
8407,0.005031737
8507,0.00085750385
8607,0.004953503
8707,0.0097172735
8907,0.009402916
9007,0.0041731307
9207,0.003173675
9507,0.017352445
9807,0.011706499
9907,0.030720664
10107,0.016078936
10407,0.0018351394
10507,0.0024667003
10607,0.010966002
10707,0.0024005796
10907,0.008060036
11207,0.00044268506
11307,0.027464777
11707,0.008084204
11907,0.0028269184
12107,0.46812987
12407,0.12624462
12707,0.0021258304
12907,0.05697713
13007,0.024405316
13407,0.058808204
13507,0.0013927717
13607,0.030045541
13707,0.0035362288
13907,0.002700057
14307,0.0061657475
14407,0.22914623
15407,0.010073867
15607,0.02347084
15707,0.0667148
15807,0.068018
15907,0.0028512399
16107,0.001012276
16207,0.009597279
16307,0.000236896
16407,0.00029139617
16507,0.0016764135
16607,0.002571769
17007,0.0035314953
17107,0.0015856436
17207,0.0012534148
17307,0.011349608
17407,0.0007469145
17607,0.0034626613
17707,0.0011012743
17907,0.0012483192
18007,0.0018616788
18107,0.024857065
18207,0.019553374
18407,0.004935226
18507,0.0059974203
18707,0.1550349
18807,0.009944358
19107,0.0045517404
19507,0.003785152
19607,0.01362036
19707,0.0025827482
19807,0.00054763776
20707,0.006345341
20807,0.0034858447
20907,0.00056564715
21107,0.048252467
21207,0.016744766
21407,0.09847296
21807,0.008743415
22007,0.001091102
22307,0.006936422
22407,0.01468384
22507,0.00609095
22607,0.008900585
22907,0.15499398
23007,0.01706652
23207,0.004947439
23307,0.0010494364
23607,0.0010953732
23707,0.056719244
23807,0.0033527853
23907,0.0011102511
24107,0.0022259627
24207,0.004557937
24407,0.0036655334
24507,0.017146233
24607,0.00056758535
24707,0.0045844624
25307,0.0010613928
25407,0.0072796405
25807,0.007087498
26007,0.0049937973
26107,0.008062389
26207,0.0014691092
26307,0.0010941323
26407,0.07192507
26607,0.00055462145
26707,0.024412781
26807,0.04507482
26907,0.00765634
27007,0.009758006
27307,0.030345771
27407,0.024031516
27507,0.03826458
27907,0.074462734
28007,0.00097317185
28107,0.018634068
28307,0.006290913
28407,0.0022516674
29007,0.0017807957
29107,0.11828368
29307,0.011385803
29607,0.004595968
29707,0.76664436
29807,0.0074324007
29907,0.0006665478
30007,0.021270748
30107,0.434895
30307,0.00089951965
30407,0.0012399346
30707,0.180523
30807,0.0046817283
31107,0.018973012
31207,0.012754256
31607,0.00605046
31707,0.024850443
31807,0.21258965
31907,0.02863397
32007,0.047176898
32107,0.0027776863
32807,0.009129028
33007,0.001726161
33107,0.0014956238
33507,0.01418931
33707,0.0009563263
33807,0.00042632234
33907,0.0033479256
34007,0.0012771094
34207,0.16620943
34307,0.0011041698
34407,0.0010491852
34507,0.005809702
34607,0.012927825
34807,0.0194906
35007,0.00048411608
35207,0.043118168
35307,0.016721223
35507,0.00034482812
35607,0.0021442699
35707,0.0024764377
35907,0.011220706
36007,0.10763935
36107,0.033742525
36607,0.0046843765
37207,0.00045689533
37407,0.008825885
37507,0.023467278
37607,0.13058586
37707,0.0028319126
38107,0.0018768484
38207,0.010643873
38307,0.018400522
38407,0.0683082
38607,0.0010716686
38807,0.00079535577
39107,0.013365342
39207,0.014543409
39307,0.04679863
39407,0.027859077
39607,0.0015547031
39707,1.1176012e-06
39907,0.00766676
40007,0.17597693
40207,0.00062233163
40507,0.0006645457
40607,0.004843791
41807,0.01011157
42007,0.0030347253
42707,0.0050568404
42907,0.00518455
43607,0.14319782
44207,0.014850076
44507,0.0021784392
44707,0.0008673758
44907,0.037188426
45207,0.000114389324
45307,0.0020165097
45507,0.011571458
45607,0.08542906
46107,0.022540132
46307,0.011542702
46507,0.086004786
46907,0.020420238
47007,0.00062767265
47107,0.0024222683
47207,0.0034746344
47307,0.0060167285
47607,0.015282485
47707,0.0004706104
47807,0.021830292
47907,0.037309818
48207,0.009187389
48607,0.0011771079
48707,0.00060434494
49107,0.027380481
49207,0.0066080405
49607,0.018139891
49707,0.0058158753
49907,0.0043215863
50107,0.0008993843
50307,0.0309382
50407,0.0055020466
50607,0.34122387
50807,0.008958787
50907,0.0009773554
51007,0.003103527
51207,0.06406594
51607,0.0042867465
51807,0.006011104
52007,0.22758397
52107,0.007816798
52507,0.023797005
52607,0.017569385
52707,0.00016289302
53207,0.0171404
53307,0.18536875
53407,0.0022828635
53607,0.0025280765
53907,0.0056117065
54107,0.012309756
54207,0.01430645
54307,0.2232171
54407,0.050443932
54607,0.00069422025
55007,0.0061168326
55207,0.15024248
55407,0.021067003
55507,0.003639502
55607,0.0007427069
56207,0.0055615706
56507,0.002715084
56707,0.0041107177
56807,0.039267857
57007,0.0036002577
57107,0.01029235
57207,0.07026704
57307,0.0023031095
57507,0.0021421832
57907,0.011154435
58007,0.005956933
58207,0.001624368
58307,0.006674215
58507,0.04440315
58907,0.002845511
59107,0.007537375
59207,0.487731
59507,0.003933303
59607,0.006410509
59807,0.0014518041
59907,0.004761437
60407,0.03859063
60507,0.0030077307
60807,0.00082867383
61107,0.0025119851
61307,0.19493584
61407,0.17353266
61707,0.00483039
62107,0.07832601
62407,0.0572271
62707,0.15397638
62807,0.004697293
63507,0.051270194
63607,0.0007907764
63707,0.009691582
63807,0.0010429383
63907,0.0021682526
64307,0.005899049
64407,0.37240675
8,0.005365348
108,0.0025200187
408,0.0012785112
608,0.0017909785
708,0.016059373
1008,0.008494986
1208,0.020188214
1708,0.0007262127
2208,0.005659377
2708,0.7859954
2808,0.0065923985
2908,0.0025780883
3008,0.001183518
3108,0.09611615
3208,0.0052872407
3308,0.0032996654
3408,0.11757421
3708,0.08344909
4008,0.00080545514
4108,0.00012316628
4208,0.00030055127
4408,0.0429478
4708,0.0010252378
4808,0.0007931445
4908,0.0038882752
5108,0.0004797566
5208,0.011175567
5708,0.0042340355
5908,0.05967468
6208,0.010432686
6308,0.010712548
6508,0.034623165
6608,0.039482497
6808,0.0133557
6908,0.474657
7008,0.005383231
7208,0.0041703233
7408,0.02413421
7508,0.0044970494
7708,0.0028311138
7908,0.49374765
8108,0.004670142
8208,0.0020245952
8308,0.028330259
8408,0.027619926
8508,0.16207202
8608,0.0023424816
8708,0.03227897
8908,0.012514111
9008,0.004776162
9208,0.04372568
9508,0.026570642
9808,0.017576067
9908,0.01804744
10108,0.12593652
10408,0.038012
10508,0.1731332
10608,0.00030644488
10708,0.03565457
10908,0.011044853
11208,0.038084142
11308,0.073214754
11708,0.0019413012
11908,0.0029248716
12108,0.026456598
12408,0.006849475
12708,0.012204394
12908,0.00040793433
13008,0.10368436
13408,0.0031284553
13508,0.001164144
13608,0.0016493255
13708,0.001622774
13908,0.05995079
14308,0.0020624574
14408,0.044755384
15408,0.06710467
15608,0.03049877
15708,0.0048898743
15808,0.010765322
15908,0.009826231
16108,0.0019165091
16208,0.19938813
16308,0.0026338294
16408,0.0005292238
16508,0.008119024
16608,0.0010495327
17008,0.0047033923
17108,0.009375842
17208,0.0024649643
17308,0.0027198852
17408,0.0006422039
17608,0.00464879
17708,0.00045972847
17908,0.0011475998
18008,0.011111201
18108,0.1200128
18208,0.19466355
18408,0.00035662684
18508,0.022577243
18708,0.17799157
18808,0.017105684
19108,0.017425992
19508,0.002873362
19608,0.012853118
19708,0.0055136518
19808,0.0023930967
20708,0.0011575448
20808,0.15438785
20908,0.012065508
21108,0.04443876
21208,0.0055391835
21408,0.22626127
21808,0.002793757
22008,0.0009304907
22308,0.05201038
22408,0.0075278403
22508,0.005160856
22608,0.0027523527
22908,0.00070211734
23008,0.0031268513
23208,0.02214804
23308,0.00062655925
23608,0.0017807329
23708,0.00095371215
23808,0.008039054
23908,0.001415473
24108,0.0044133863
24208,0.024900129
24408,0.34135267
24508,0.022911904
24608,0.46804044
24708,0.0034051682
25308,0.004897456
25408,0.019462485
25808,0.38571218
26008,0.01794829
26108,0.13136184
26208,0.0014482967
26308,0.008976577
26408,0.03823656
26608,0.0058522625
26708,0.012062048
26808,0.020372616
26908,0.078893386
27008,0.009967822
27308,0.0148900645
27408,0.035411637
27508,0.031802494
27908,0.10047274
28008,0.0016491307
28108,0.0046516624
28308,0.017918048
28408,0.016166138
29008,0.055093847
29108,0.029420648
29308,0.0016435591
29608,0.00091553055
29708,0.028998496
29808,0.011393447
29908,0.00052315334
30008,0.0011972168
30108,0.035569374
30308,0.0018909295
30408,0.0011392673
30708,0.026156656
30808,0.030560948
31108,0.63163805
31208,0.002307629
31608,0.0027915218
31708,0.006743757
31808,0.4580935
31908,0.0011983936
32008,0.013005356
32108,0.0031594406
32808,0.010183456
33008,0.0032836832
33108,0.0009287804
33508,0.0037316903
33708,0.0019118929
33808,0.0029781198
33908,0.8940529
34008,0.01597065
34208,0.014355122
34308,0.0648933
34408,0.007171547
34508,0.077453695
34608,0.23105162
34808,0.013754656
35008,0.000118812444
35208,0.009888409
35308,0.058307655
35508,0.0032451858
35608,0.0010355784
35708,0.004194818
35908,0.030447165
36008,0.0009355765
36108,0.6535871
36608,0.053017616
37208,0.0016871667
37408,0.0060506267
37508,0.011588394
37608,0.02193854
37708,0.0059223124
38108,0.007090106
38208,0.11192914
38308,0.010515873
38408,0.019887296
38608,0.023552913
38808,0.003851013
39108,0.00543519
39208,0.0057263835
39308,0.011293607
39408,0.1239497
39608,0.0022849438
39708,7.524857e-05
39908,0.567538
40008,0.42568988
40208,0.004311272
40508,0.007901349
40608,0.009767762
41808,0.0661614
42008,0.0015684995
42708,0.0020998733
42908,0.0011404896
43608,0.028199464
44208,0.5870387
44508,0.012897408
44708,0.015301304
44908,0.011445313
45208,0.0010785583
45308,0.0106006125
45508,0.18051808
45608,0.004439848
46108,0.0014130935
46308,0.0032956486
46508,0.060375083
46908,0.008426292
47008,0.016835162
47108,0.48559752
47208,0.011240854
47308,0.0084046135
47608,0.0046232906
47708,0.010437619
47808,0.016101625
47908,0.0028587168
48208,0.0041878135
48608,0.001063755
48708,0.0028166915
49108,0.018298559
49208,0.36972094
49608,0.005096879
49708,0.01155581
49908,0.0031082127
50108,0.002071243
50308,0.05144375
50408,0.0015467509
50608,0.025333095
50808,0.03837229
50908,0.002455248
51008,0.0032875151
51208,0.06340246
51608,0.006546155
51808,0.006280126
52008,0.014435121
52108,0.012529187
52508,0.20454043
52608,0.0064322986
52708,2.1981812e-05
53208,0.004930525
53308,0.06751242
53408,0.0025872379
53608,0.0031686616
53908,0.005927857
54108,0.7279684
54208,0.124082394
54308,0.04869759
54408,0.002492833
54608,0.0012531521
55008,0.0031717715
55208,0.09083607
55408,0.048633672
55508,0.0032374288
55608,0.0015560811
56208,0.009277954
56508,0.0011816454
56708,0.015246918
56808,0.08032792
57008,0.0011358095
57108,0.0028724303
57208,0.0011167797
57308,0.00484845
57508,0.0012616231
57908,0.035495963
58008,0.0027901102
58208,0.2871898
58308,0.027661359
58508,0.017616935
58908,0.016293984
59108,0.40285054
59208,0.019949552
59508,0.22840112
59608,0.012093642
59808,0.0146917645
59908,0.0011259847
60408,0.022042217
60508,0.046884798
60808,0.0035403816
61108,0.95224434
61308,0.14994597
61408,0.07124672
61708,0.00688716
62108,0.005582574
62408,0.013520479
62708,0.0033793284
62808,0.02978007
63508,0.055432763
63608,0.00055071095
63708,0.020072483
63808,0.028060466
63908,0.05023661
64308,0.006778276
64408,0.0033102802
9,0.01408986
109,0.0010070264
409,0.0023791469
609,0.058072437
709,0.00087593286
1009,0.00039128272
1209,0.051707998
1709,0.0036739788
2209,0.02568339
2709,0.0052420255
2809,0.0011153225
2909,0.003036616
3009,0.004075503
3109,0.006263896
3209,0.0026022072
3309,0.2728611
3409,0.00015197722
3709,0.020312479
4009,0.0004926855
4109,0.26552844
4209,0.031650823
4409,0.049000166
4709,0.00031312523
4809,0.00031171134
4909,0.050332826
5109,0.00033672602
5209,0.05809358
5709,0.0005715189
5909,0.17222257
6209,0.0010180979
6309,0.003889432
6509,0.07200166
6609,0.067712344
6809,0.06068763
6909,0.0029543214
7009,0.013732048
7209,0.007141533
7409,0.00813841
7509,0.006318382
7709,0.0014108059
7909,0.0032199207
8109,0.070752054
8209,0.04473707
8309,0.00033164737
8409,0.014674833
8509,0.003371289
8609,0.0018271361
8709,0.0034265805
8909,0.057899773
9009,0.029739594
9209,0.01718832
9509,0.0073206825
9809,0.015325857
9909,0.17615667
10109,0.019720836
10409,0.00430826
10509,0.010608146
10609,0.0003645859
10709,0.029960612
10909,0.11504038
11209,0.0020911405
11309,0.0064435415
11709,0.0010368513
11909,0.0075057205
12109,0.11607345
12409,0.08945227
12709,0.005955059
12909,0.0008990741
13009,0.017558742
13409,0.007757385
13509,0.0020733392
13609,0.003050123
13709,0.00061219744
13909,0.0016716042
14309,0.002639824
14409,0.17486972
15409,0.048126012
15609,0.04489887
15709,0.027234484
15809,0.0066412454
15909,0.0009288946
16109,0.00020390564
16209,0.043867063
16309,5.379709e-05
16409,7.945516e-05
16509,0.00022490667
16609,0.022499839
17009,0.0025352074
17109,0.00046922383
17209,0.015307463
17309,0.00016816134
17409,0.011057028
17609,0.0036005548
17709,0.00048610097
17909,0.0015281253
18009,0.013614556
18109,0.036522914
18209,0.022113593
18409,0.00081320386
18509,0.012237146
18709,0.017131465
18809,0.01795645
19109,0.0063880184
19509,0.012309969
19609,0.010295858
19709,0.0011413149
19809,0.00013350518
20709,0.025978876
20809,0.031653315
20909,0.001050434
21109,0.0035820787
21209,0.0016794815
21409,0.1873654
21809,0.017945474
22009,0.0018545701
22309,0.011672351
22409,0.0030565765
22509,0.013156649
22609,0.03626869
22909,0.009711806
23009,0.009831767
23209,0.0002336862
23309,0.00084452
23609,0.001671738
23709,0.0015639495
23809,0.07940469
23909,0.0003330939
24109,0.0027019116
24209,0.0052450947
24409,0.0022244453
24509,0.23840122
24609,0.0005747194
24709,0.30105704
25309,0.0021620365
25409,0.015643474
25809,0.048991904
26009,0.010739152
26109,0.0021550814
26209,0.0022532898
26309,0.01476217
26409,0.1198141
26609,0.019703718
26709,0.011047697
26809,0.0076358775
26909,0.00045510055
27009,0.0013116964
27309,0.008958727
27409,0.046150535
27509,0.0022981502
27909,0.013203609
28009,0.008459296
28109,0.027668592
28309,0.0053960998
28409,0.019053346
29009,0.36280134
29109,0.20820478
29309,0.004921323
29609,0.004254429
29709,0.021158934
29809,0.002930609
29909,0.00045599768
30009,0.012205522
30109,0.27030808
30309,0.00021312271
30409,0.004367345
30709,0.054446947
30809,0.036962014
31109,0.012088943
31209,0.0145691
31609,0.21097562
31709,0.011290286
31809,0.027802864
31909,0.0009772405
32009,0.0030151652
32109,0.005262659
32809,0.11926403
33009,0.0019202111
33109,0.000674127
33509,0.0011470786
33709,0.0005201744
33809,0.0037673959
33909,0.0005931279
34009,0.0011990325
34209,0.019203471
34309,0.0091369245
34409,0.00050806045
34509,0.00095949543
34609,0.011282388
34809,0.00096860883
35009,0.0014469464
35209,0.0034376772
35309,0.043146666
35509,0.0024136342
35609,0.0037797906
35709,0.0007561112
35909,0.35812715
36009,0.0014350228
36109,0.021627953
36609,0.011720593
37209,0.00022264676
37409,0.79739565
37509,0.023171091
37609,0.53875685
37709,0.114798225
38109,0.0067519904
38209,0.03938609
38309,0.028061211
38409,0.112191424
38609,0.019845828
38809,0.0016910144
39109,0.0049729687
39209,0.0007655518
39309,0.24816893
39409,0.015231662
39609,0.00041595273
39709,0.012653809
39909,0.0021732226
40009,0.013728148
40209,0.0043202178
40509,0.00048177692
40609,0.35043454
41809,0.034527354
42009,0.0048330454
42709,0.012660221
42909,0.022314556
43609,0.019927142
44209,0.0018812222
44509,0.0046979184
44709,0.002880716
44909,0.027998764
45209,0.0011036004
45309,0.78538287
45509,0.0049820426
45609,0.005445324
46109,0.006009871
46309,0.0089254705
46509,0.0381613
46909,0.0016612075
47009,0.0389608
47109,0.019986736
47209,0.0047456548
47309,0.00206894
47609,0.024601428
47709,0.017061
47809,0.11907298
47909,0.0013000809
48209,0.020152831
48609,0.0011112404
48709,0.0026766337
49109,0.006306818
49209,0.05561637
49609,0.010129368
49709,0.0011625027
49909,0.00036346773
50109,0.014795678
50309,0.36449012
50409,0.00046401226
50609,0.1247397
50809,0.0141459685
50909,0.03417229
51009,0.0038385235
51209,0.073595546
51609,0.006090342
51809,0.0024223544
52009,0.02605254
52109,0.038591705
52509,0.0041525722
52609,0.17343344
52709,0.06874616
53209,0.014380965
53309,0.0032271557
53409,0.012626969
53609,0.0051810937
53909,0.047599204
54109,0.005385597
54209,0.014091025
54309,0.11442085
54409,0.0035637175
54609,0.00678837
55009,0.0006111737
55209,0.39548206
55409,0.042524703
55509,0.001968547
55609,0.00040876088
56209,0.7353548
56509,0.0007284486
56709,0.006197036
56809,0.022802684
57009,0.026237391
57109,0.0035711317
57209,0.0018333629
57309,0.0031989182
57509,0.011759484
57909,0.0019008693
58009,0.00038625248
58209,0.026312077
58309,0.007977513
58509,0.040281996
58909,0.003697466
59109,0.47816
59209,0.43281898
59509,0.5565056
59609,0.54923284
59809,0.00078090554
59909,0.13644892
60409,0.015452051
60509,0.16786993
60809,0.0025093232
61109,0.0020690993
61309,0.00096940284
61409,0.021422518
61709,0.0054888343
62109,0.0019782295
62409,0.057562802
62709,0.20642012
62809,0.0037944308
63509,0.032700107
63609,0.00020883947
63709,0.0064213737
63809,0.0038024853
63909,0.014334645
64309,0.08324636
64409,0.0012535481
10,0.1514328
110,0.0024181986
410,0.13102451
610,0.01047661
710,0.0029128494
1010,0.007649427
1210,0.01878758
1710,0.18587264
2210,0.5142853
2710,0.03619596
2810,0.116770744
2910,0.055744063
3010,0.06351989
3110,0.0064041405
3210,0.007878666
3310,0.031988077
3410,0.037269153
3710,0.0035378912
4010,0.0013843513
4110,1.1791171e-08
4210,0.001105275
4410,0.18059087
4710,0.0047031525
4810,0.04280153
4910,0.072008856
5110,0.0006244429
5210,0.065575115
5710,0.012074259
5910,0.13403332
6210,0.26337662
6310,0.0010475428
6510,0.0022638398
6610,0.14394192
6810,0.59244865
6910,0.008834361
7010,0.004909862
7210,0.19080196
7410,0.0686069
7510,0.0004740775
7710,0.012451603
7910,0.0019079444
8110,0.0051650535
8210,0.00485001
8310,0.773633
8410,0.003996719
8510,0.010322278
8610,0.0010512416
8710,0.011819977
8910,0.010051177
9010,0.00914012
9210,0.00087017706
9510,0.15440832
9810,0.08392443
9910,0.17896505
10110,0.668614
10410,0.025469523
10510,0.0066343066
10610,0.1699908
10710,0.037442133
10910,0.021027649
11210,0.015933396
11310,0.006096418
11710,0.5591925
11910,0.016410587
12110,0.55670375
12410,0.07794163
12710,0.1039554
12910,0.09923179
13010,0.05832326
13410,0.059194148
13510,0.005999548
13610,0.0043249363
13710,0.007901073
13910,0.0019844063
14310,0.096315764
14410,0.7542852
15410,0.7600369
15610,0.024210168
15710,0.6614623
15810,0.13456169
15910,0.022988496
16110,0.027510867
16210,0.29809818
16310,0.0041792803
16410,0.0018631908
16510,0.055807233
16610,0.12141785
17010,0.0009233182
17110,0.14180773
17210,0.0023162633
17310,0.033401906
17410,0.002076754
17610,0.22629388
17710,0.031760834
17910,0.008095875
18010,0.0080701215
18110,0.4717511
18210,0.7902394
18410,0.4946779
18510,0.76453626
18710,0.038825385
18810,0.017630499
19110,0.0245243
19510,0.009845951
19610,0.0013425298
19710,0.0035416165
19810,0.024956394
20710,0.007994112
20810,0.26395553
20910,0.2920795
21110,0.03138678
21210,0.08376958
21410,0.25515437
21810,0.0071450896
22010,0.013548241
22310,0.0040318957
22410,0.10695702
22510,0.030753352
22610,0.0044073733
22910,0.006823905
23010,0.59704494
23210,0.088688955
23310,0.010475647
23610,0.0057794726
23710,0.071125336
23810,0.07829391
23910,0.4554967
24110,0.6144252
24210,0.23041303
24410,0.33446708
24510,0.008624828
24610,0.0032911282
24710,0.08869392
25310,0.0018313413
25410,0.094480574
25810,0.82152224
26010,0.06823101
26110,0.013638054
26210,0.010609697
26310,0.0010493043
26410,0.69200355
26610,0.0015827031
26710,0.0070280805
26810,0.15258607
26910,0.5702156
27010,0.00755427
27310,0.049591336
27410,0.014734566
27510,0.02049914
27910,0.023501944
28010,0.0018097436
28110,0.8653921
28310,0.00930953
28410,0.024666067
29010,0.029440034
29110,0.1468125
29310,0.0065023242
29610,0.0008531294
29710,0.15895985
29810,0.94888735
29910,0.0030764719
30010,0.059540052
30110,0.5640628
30310,0.0070606368
30410,0.00065617514
30710,0.78905344
30810,0.046096236
31110,0.2308138
31210,0.7880704
31610,0.009664843
31710,0.8369259
31810,0.018473335
31910,0.003980766
32010,0.1369112
32110,0.00324012
32810,0.18639505
33010,0.0024800058
33110,0.010554903
33510,0.025647786
33710,0.01573798
33810,0.006396671
33910,0.054150376
34010,0.005964011
34210,0.7064663
34310,0.02385939
34410,0.16261809
34510,0.017876241
34610,0.14821017
34810,0.716616
35010,0.0048223105
35210,0.03162244
35310,0.51438266
35510,0.010439562
35610,0.062248476
35710,0.13496575
35910,0.017434543
36010,0.020246448
36110,0.14408341
36610,0.41816843
37210,0.0035396565
37410,0.066357635
37510,0.0043843426
37610,0.5939831
37710,0.0030176747
38110,0.0061771655
38210,0.4024608
38310,0.019855147
38410,0.058582127
38610,0.0023793846
38810,0.051606763
39110,0.0075028827
39210,0.37572783
39310,0.5683176
39410,0.76740706
39610,0.0025008542
39710,2.5269823e-05
39910,0.011019253
40010,0.027525213
40210,0.004272058
40510,0.0014344243
40610,0.08662612
41810,0.71937525
42010,0.031434365
42710,0.012888966
42910,0.0035314988
43610,0.33195752
44210,0.19965068
44510,0.4703002
44710,0.0063590505
44910,0.7306087
45210,0.0015338969
45310,0.0010207735
45510,0.48766878
45610,0.114374734
46110,0.005160511
46310,0.0075599286
46510,0.97034323
46910,0.030580493
47010,0.0046002674
47110,0.88484365
47210,0.007778433
47310,0.09501594
47610,0.59871733
47710,0.0011342737
47810,0.06873888
47910,0.0170232
48210,0.00941508
48610,0.047523405
48710,0.0051430296
49110,0.031795416
49210,0.008142636
49610,0.058394834
49710,0.008173492
49910,0.032150954
50110,0.021183938
50310,0.43518835
50410,0.024398461
50610,0.20405224
50810,0.012051701
50910,0.08731089
51010,0.05977447
51210,0.02088562
51610,0.014452075
51810,0.17846046
52010,0.18950263
52110,0.03694875
52510,0.16137025
52610,0.115614854
52710,4.62232e-08
53210,0.008694412
53310,0.0137515515
53410,0.000763541
53610,0.00091813767
53910,0.013518634
54110,0.025263561
54210,0.7715455
54310,0.04355508
54410,0.012134711
54610,0.0017840614
55010,0.03155529
55210,0.3814996
55410,0.009426578
55510,0.0053777522
55610,0.17974102
56210,0.036810882
56510,0.18806893
56710,0.06767559
56810,0.6668895
57010,0.009204794
57110,0.0046747276
57210,0.007678457
57310,0.09265436
57510,0.010863914
57910,0.040868133
58010,0.7878286
58210,0.052312393
58310,0.0013022367
58510,0.2359563
58910,0.012077804
59110,0.32649294
59210,0.6113045
59510,0.042403463
59610,0.65496796
59810,0.09343097
59910,0.0057803146
60410,0.37363806
60510,0.6187312
60810,0.0069185966
61110,0.01565347
61310,0.0071622673
61410,0.0839276
61710,0.008470114
62110,0.33683518
62410,0.0121799465
62710,0.040267456
62810,0.0052113268
63510,0.14721441
63610,0.021421317
63710,0.005471777
63810,0.114825904
63910,0.03764289
64310,0.022878256
64410,0.61337674
11,0.00049323455
111,0.0044026435
411,0.24855554
611,0.0011144435
711,0.0077893864
1011,0.00021353173
1211,0.012212996
1711,0.00021717367
2211,0.0008416849
2711,0.0017365419
2811,0.0038690993
2911,0.0013475515
3011,0.003228699
3111,0.0055694696
3211,0.07899702
3311,0.028247764
3411,0.00038061698
3711,0.0016195019
4011,0.0028091455
4111,0.00034581596
4211,0.17811525
4411,0.0036003017
4711,0.0047023576
4811,0.00079943007
4911,0.004798929
5111,0.031786554
5211,0.0018693253
5711,0.0016491897
5911,0.0020843663
6211,0.0010512794
6311,0.0043329154
6511,0.0057947114
6611,0.0017845235
6811,0.003067492
6911,0.016882552
7011,0.0034351102
7211,0.045795016
7411,0.0051005124
7511,0.0011113472
7711,0.00045063664
7911,0.0015479148
8111,0.0023513564
8211,0.013413241
8311,0.036323298
8411,0.018850937
8511,0.00025824143
8611,0.02213698
8711,0.0016350893
8911,0.00015137282
9011,0.00028173116
9211,0.0039628437
9511,0.0034718136
9811,0.00027221043
9911,0.00025923687
10111,0.001218167
10411,0.00012895229
10511,0.00023383445
10611,0.4415333
10711,0.005516536
10911,0.000943542
11211,0.0033162876
11311,0.00073266163
11711,0.011613357
11911,0.0010858156
12111,0.008792477
12411,0.00093323516
12711,0.0005186577
12911,0.061921123
13011,0.013873506
13411,0.0013842293
13511,0.001212054
13611,0.00045356696
13711,0.018921318
13911,0.0055808085
14311,0.009499168
14411,0.0056281737
15411,0.0039057657
15611,0.002678411
15711,0.0015351644
15811,0.00042288855
15911,0.000113147085
16111,0.08158641
16211,0.0041793874
16311,0.07193975
16411,0.02013419
16511,0.56181747
16611,0.016362514
17011,0.0010192058
17111,0.00018946284
17211,0.006927549
17311,0.00013480075
17411,0.0031794624
17611,0.01117544
17711,0.00025019873
17911,0.00041881867
18011,0.005336576
18111,0.0019399916
18211,0.00032042403
18411,0.00041424428
18511,0.0003350925
18711,0.033048343
18811,0.0069708037
19111,0.01926516
19511,0.00065848365
19611,0.013101841
19711,0.004176186
19811,0.003071073
20711,0.0009991836
20811,0.0031489288
20911,0.002316792
21111,0.00031919626
21211,0.00066441525
21411,0.0020253828
21811,0.0034189878
22011,0.00050773536
22311,0.007610752
22411,0.0012341111
22511,0.0020409964
22611,0.0024066006
22911,0.09128794
23011,0.014400671
23211,0.014375004
23311,0.004456248
23611,0.0031819055
23711,0.008343036
23811,0.0011043404
23911,0.0004560018
24111,0.00042113854
24211,0.000503584
24411,0.017528236
24511,0.022584446
24611,0.002063761
24711,0.00017000412
25311,0.06679303
25411,0.0033438362
25811,0.000872705
26011,0.0016115272
26111,0.00072019827
26211,0.00499842
26311,0.0032791605
26411,0.015687237
26611,0.010077091
26711,0.00091047806
26811,0.0026654364
26911,0.016960535
27011,0.0046380577
27311,0.0018339964
27411,0.002191975
27511,0.020603145
27911,0.007299713
28011,0.0023849315
28111,0.00076874543
28311,0.0027023102
28411,0.0035495274
29011,0.0016296518
29111,0.004721994
29311,0.0015821176
29611,0.0036337732
29711,0.0051176795
29811,0.0060037146
29911,0.0039443336
30011,0.001948922
30111,0.009829604
30311,0.019591458
30411,0.0008551173
30711,0.0060276226
30811,0.0045598582
31111,0.05503702
31211,0.00041839594
31611,0.011984837
31711,0.0032670763
31811,0.0117999995
31911,0.0029315636
32011,0.004846779
32111,0.0449637
32811,0.00056150556
33011,0.0019182027
33111,0.011114739
33511,0.001165868
33711,0.00016656444
33811,0.0008781444
33911,0.0027570499
34011,0.0008811169
34211,0.00019277242
34311,0.00019219007
34411,0.00022669857
34511,0.0006824295
34611,0.0005419953
34811,0.00012901932
35011,0.0023722362
35211,0.0014143308
35311,0.0022467934
35511,0.00014304217
35611,0.00032803178
35711,0.00037194934
35911,0.0021124235
36011,0.017241305
36111,0.0017033366
36611,0.0010185508
37211,0.006710777
37411,0.0015667636
37511,0.0016965714
37611,0.0020067338
37711,0.0018777438
38111,0.0022561208
38211,0.0064741643
38311,0.008485144
38411,0.0018021371
38611,0.0020491607
38811,0.00020368549
39111,0.0015248705
39211,0.0026798404
39311,0.005592865
39411,0.016065536
39611,0.0071460917
39711,7.1815186e-05
39911,0.007348655
40011,0.045259345
40211,0.014464462
40511,0.0071459287
40611,0.0011764208
41811,0.003982045
42011,0.0006702281
42711,0.001169601
42911,0.0038417045
43611,0.3177473
44211,0.0035672109
44511,0.0018924511
44711,0.0014507626
44911,0.0007094093
45211,0.026578264
45311,0.009398609
45511,0.048441026
45611,0.0011789083
46111,0.0062243273
46311,0.0019684534
46511,0.0017518426
46911,0.003724038
47011,0.0010485892
47111,0.00089100574
47211,0.0027264792
47311,0.002932208
47611,0.00058294676
47711,0.0017524156
47811,0.00072787644
47911,0.001332853
48211,0.002620204
48611,0.0003930539
48711,0.108359925
49111,0.036838237
49211,0.007122017
49611,0.017420033
49711,0.009153885
49911,0.00029559527
50111,0.0006715336
50311,0.0006301833
50411,0.0061224764
50611,0.00074614474
50811,0.0008349043
50911,6.673663e-05
51011,0.0002897556
51211,0.006616673
51611,0.002280502
51811,0.00014817393
52011,0.0006157904
52111,0.037012473
52511,0.015053358
52611,0.0009803408
52711,3.5798777e-05
53211,0.040054925
53311,0.012411275
53411,0.023039728
53611,0.0098585365
53911,0.10183141
54111,0.001679443
54211,0.0027368085
54311,0.00785819
54411,0.0069315718
54611,0.012374424
55011,0.0010713086
55211,0.0014778471
55411,0.0021152287
55511,0.011361636
55611,0.0061191204
56211,0.00125387
56511,0.00023501099
56711,0.0012811362
56811,0.025256366
57011,0.00033108788
57111,0.0021798823
57211,0.0030724027
57311,0.05007016
57511,0.0028377974
57911,0.0037085107
58011,0.00020618207
58211,0.002703358
58311,0.005194885
58511,0.0025692468
58911,0.03634711
59111,0.0017110356
59211,0.0041237045
59511,0.00029165074
59611,0.0010806161
59811,0.00023247594
59911,0.0010751247
60411,0.0009749375
60511,0.00035843506
60811,0.009432035
61111,0.00081124174
61311,0.007307934
61411,0.0009390058
61711,0.0014279914
62111,0.011686391
62411,0.00137976
62711,0.0015365296
62811,0.00036603742
63511,0.018129969
63611,0.0018378326
63711,0.0075131734
63811,0.00030296962
63911,0.00026333542
64311,0.0011075832
64411,0.0007442043
12,0.00024998907
112,0.0019439625
412,0.8306603
612,0.0015595254
712,0.025994616
1012,0.00032322254
1212,0.021446927
1712,0.0013307563
2212,0.0033719253
2712,0.0511815
2812,0.0010339436
2912,0.0010383027
3012,0.006392712
3112,0.008087219
3212,0.021440739
3312,0.0035418791
3412,0.0010500556
3712,0.00025108835
4012,0.0037756432
4112,0.779781
4212,0.020247467
4412,0.0011673465
4712,0.01626709
4812,0.00458712
4912,0.001814649
5112,0.002554087
5212,0.025326014
5712,0.019755144
5912,0.0074775266
6212,0.011364636
6312,0.022968682
6512,0.03254218
6612,0.0102828145
6812,0.0052424995
6912,0.15310293
7012,0.0065699173
7212,0.06490306
7412,0.007783749
7512,0.008012328
7712,0.002130674
7912,0.006116514
8112,0.007876755
8212,0.030043373
8312,0.002351729
8412,0.003085083
8512,0.00020043727
8612,0.009959844
8712,0.0015402974
8912,0.002631925
9012,0.0015269935
9212,0.0010340333
9512,0.015183773
9812,0.0006531494
9912,0.0006009449
10112,0.00077358825
10412,0.0014070723
10512,0.0022337679
10612,0.039252874
10712,0.001741165
10912,0.0020561258
11212,0.0007459584
11312,0.008092461
11712,0.3008102
11912,0.02730676
12112,0.015191383
12412,0.005269318
12712,0.002568212
12912,0.5631145
13012,0.090522595
13412,0.017590392
13512,0.0019078058
13612,0.0011548855
13712,0.0072779357
13912,0.010981015
14312,0.0049736253
14412,0.023828402
15412,0.0033321208
15612,0.01648672
15712,0.004491914
15812,0.008747074
15912,0.0002508984
16112,0.01875127
16212,0.004973618
16312,0.0014954652
16412,0.0015461803
16512,0.0065484107
16612,0.0014347284
17012,0.0042455546
17112,0.0002960327
17212,0.0031826163
17312,0.0025926097
17412,0.0031446556
17612,0.002074983
17712,0.0012150748
17912,0.0012440277
18012,0.0023570545
18112,0.013986802
18212,0.00080623257
18412,0.00024445457
18512,0.000722188
18712,0.05629332
18812,0.003612881
19112,0.0037418692
19512,0.011744707
19612,0.012221495
19712,0.005963906
19812,0.0030164772
20712,0.0065497076
20812,0.016681295
20912,0.0008122949
21112,0.015390928
21212,0.004822166
21412,0.0064075068
21812,0.007839653
22012,0.0036031015
22312,0.0026452227
22412,0.05114659
22512,0.031855706
22612,0.0021760194
22912,0.5226088
23012,0.008458804
23212,0.2549383
23312,0.0018898896
23612,0.003553216
23712,0.034119736
23812,0.0011365727
23912,0.0018635676
24112,0.13238636
24212,0.0056375284
24412,0.0062960302
24512,0.0125691295
24612,0.0024491956
24712,0.00060391397
25312,0.0005251741
25412,0.00740168
25812,0.0009965751
26012,0.0022842635
26112,0.026456002
26212,0.002252305
26312,0.008790462
26412,0.04347534
26612,0.0011282373
26712,0.006849197
26812,0.0045180586
26912,0.06705128
27012,0.18718058
27312,0.014547872
27412,0.005639148
27512,0.53290045
27912,0.14796
28012,0.009611644
28112,0.00874444
28312,0.011045786
28412,0.004411216
29012,0.001831363
29112,0.0051356307
29312,0.027164798
29612,0.00083879946
29712,0.30051354
29812,0.0018553771
29912,0.002170637
30012,0.101401724
30112,0.028580023
30312,0.005595451
30412,0.018580941
30712,0.04668171
30812,0.0028640216
31112,0.028970812
31212,0.0019838985
31612,0.0017302793
31712,0.022727778
31812,0.010044873
31912,0.0271124
32012,0.0065491465
32112,0.0071646343
32812,0.0006622945
33012,0.0011714194
33112,0.0127198445
33512,0.006352937
33712,0.00060356926
33812,0.0065334784
33912,0.0065965285
34012,0.0010404874
34212,0.0022250835
34312,0.0009268766
34412,0.00068826735
34512,0.099303626
34612,0.0011175099
34812,0.0017588157
35012,0.0027245858
35212,0.12814707
35312,0.010981818
35512,0.00071875943
35612,0.002302679
35712,0.003592684
35912,0.002952977
36012,0.30030414
36112,0.0035246706
36612,0.010544515
37212,0.0017102043
37412,0.0019279672
37512,0.0019624461
37612,0.0049207867
37712,0.0010423164
38112,0.0029056252
38212,0.005239492
38312,0.06390708
38412,0.014124333
38612,0.004926141
38812,0.0021030572
39112,0.019251514
39212,0.68767476
39312,0.029522141
39412,0.028086139
39612,0.0026410318
39712,5.8775884e-05
39912,0.007537266
40012,0.021865293
40212,0.0038816822
40512,0.0004975478
40612,0.0010808386
41812,0.0018083693
42012,0.0013583103
42712,0.0031186838
42912,0.003549683
43612,0.14169866
44212,0.0035514403
44512,0.002406945
44712,0.0015564174
44912,0.021143839
45212,0.00048749056
45312,0.0013989686
45512,0.0060892305
45612,0.022855176
46112,0.0076956716
46312,0.009050839
46512,0.0072675003
46912,0.0069221025
47012,0.0001565705
47112,0.001199526
47212,0.031186534
47312,0.004120238
47612,0.013872562
47712,0.0002981562
47812,0.0019911656
47912,0.0035209346
48212,0.008289816
48612,0.0036086335
48712,0.0031192175
49112,0.019403916
49212,0.008588337
49612,0.0046174927
49712,0.007909891
49912,0.003305179
50112,0.0047843154
50312,0.0018858667
50412,0.006595081
50612,0.010625189
50812,0.117612384
50912,0.00013664963
51012,0.001072785
51212,0.024424328
51612,0.006532581
51812,0.0010893797
52012,0.0010024274
52112,0.006223118
52512,0.0033895285
52612,0.0014068311
52712,0.040053014
53212,0.019450653
53312,0.124039054
53412,0.0050988635
53612,0.008622252
53912,0.007027754
54112,0.004681869
54212,0.0083543975
54312,0.023397887
54412,0.041246887
54612,0.007850352
55012,0.00565367
55212,0.0048518856
55412,0.004270575
55512,0.0040301764
55612,0.003921229
56212,0.00096319814
56512,0.0054512313
56712,0.0026435123
56812,0.032303598
57012,0.0023396218
57112,0.0024491362
57212,0.021302227
57312,0.009827836
57512,0.0019079653
57912,0.00085565477
58012,0.005951399
58212,0.0004568646
58312,0.005447569
58512,0.0029654477
58912,0.009590107
59112,0.0032709246
59212,0.012479998
59512,0.0015452683
59612,0.0044699097
59812,0.004304313
59912,0.0021753348
60412,0.002521664
60512,0.00067406
60812,0.0009683874
61112,0.0028369431
61312,0.100146055
61412,0.0026469517
61712,0.0021793526
62112,0.030823672
62412,0.030423371
62712,0.0036585478
62812,0.0045103193
63512,0.0854285
63612,0.0013760632
63712,0.016705431
63812,0.0018326965
63912,0.0015053413
64312,0.0057701212
64412,0.015239109
13,0.0005719952
113,0.002368658
413,0.0025807451
613,0.005906296
713,0.0012019215
1013,0.00034016732
1213,0.0032454343
1713,0.0015741737
2213,0.0011015898
2713,0.000932612
2813,0.0011734002
2913,0.0050909193
3013,0.0067715356
3113,0.0032736808
3213,0.0049006385
3313,0.01550496
3413,0.000119559016
3713,0.0016387373
4013,0.0004673007
4113,2.4662543e-07
4213,0.01261831
4413,0.0067156074
4713,0.0005661944
4813,0.001328675
4913,0.015002794
5113,0.00056541583
5213,0.007235919
5713,0.0004730156
5913,0.010605582
6213,0.000704029
6313,0.0009053892
6513,0.0059806844
6613,0.018141292
6813,0.008055155
6913,0.002324967
7013,0.008929917
7213,0.009431099
7413,0.004171383
7513,0.0019644406
7713,0.000958305
7913,0.0012733527
8113,0.0078019593
8213,0.01459764
8313,0.0013486559
8413,0.016383471
8513,0.00052296335
8613,0.0033357777
8713,0.02018456
8913,0.0020642264
9013,0.0026711056
9213,0.0003122649
9513,0.015488044
9813,0.0028789565
9913,0.006897774
10113,0.0061011347
10413,0.0053961426
10513,0.004044321
10613,0.0023314464
10713,0.010712902
10913,0.005572363
11213,0.001248132
11313,0.00061075966
11713,0.0008838599
11913,0.0041395095
12113,0.032868303
12413,0.01066819
12713,0.002865194
12913,0.0014761875
13013,0.010944751
13413,0.0053139455
13513,0.0016526633
13613,0.001548761
13713,0.0032688112
13913,0.001405765
14313,0.006449084
14413,0.016524145
15413,0.034355234
15613,0.018220846
15713,0.0111465445
15813,0.0020373259
15913,0.0005852273
16113,0.0012645544
16213,0.013090394
16313,0.00042439648
16413,0.0003743511
16513,0.027915612
16613,0.004917003
17013,0.0006743131
17113,0.0003341215
17213,0.0027672476
17313,0.00027931796
17413,0.0036008526
17613,0.0036443053
17713,0.0014185286
17913,0.0008093319
18013,0.016567893
18113,0.003602023
18213,0.0020615624
18413,7.092127e-05
18513,0.0012407048
18713,0.02607652
18813,0.00526013
19113,0.03674507
19513,0.003198082
19613,0.0041139596
19713,0.00401674
19813,0.00013758657
20713,0.0035970958
20813,0.006521221
20913,0.010302088
21113,0.0017506828
21213,0.0037385607
21413,0.013458718
21813,0.0038547118
22013,0.0019496654
22313,0.038911253
22413,0.004249213
22513,0.013223729
22613,0.010071889
22913,0.0042127725
23013,0.005863042
23213,0.0010344953
23313,0.00405668
23613,0.0037759861
23713,0.0008568651
23813,0.011665592
23913,0.000865237
24113,0.0016392241
24213,0.0013412895
24413,0.014810468
24513,0.01056946
24613,0.00046641115
24713,0.00954577
25313,0.0007692522
25413,0.008594435
25813,0.011891727
26013,0.006756127
26113,0.00074715546
26213,0.0021218276
26313,0.00659516
26413,0.032717966
26613,0.008604711
26713,0.0012263152
26813,0.0038518202
26913,0.0032028866
27013,0.00053510495
27313,0.027153153
27413,0.0048535247
27513,0.00083886256
27913,0.003277769
28013,0.0020717643
28113,0.0022561662
28313,0.009371832
28413,0.0029437877
29013,0.0031240343
29113,0.009209345
29313,0.003024014
29613,0.002507295
29713,0.0020212368
29813,0.0056156823
29913,0.0046044877
30013,0.0015979315
30113,0.011719978
30313,0.0019822218
30413,0.0012714565
30713,0.005734393
30813,0.005337364
31113,0.014208972
31213,0.0027721326
31613,0.005652029
31713,0.006996193
31813,0.01960064
31913,0.0013356635
32013,0.03424266
32113,0.012139039
32813,0.0029812476
33013,0.0012037726
33113,0.0015038621
33513,0.0020806561
33713,0.00042183467
33813,0.0011491046
33913,0.000434998
34013,0.00061159814
34213,0.0037454637
34313,0.00059834
34413,0.00031317657
34513,0.0009676071
34613,0.002220346
34813,0.00059934106
35013,0.00056104874
35213,0.0022634221
35313,0.01037583
35513,0.0028272746
35613,0.001382846
35713,0.0020816037
35913,0.0059606396
36013,0.0014566565
36113,0.017867353
36613,0.006144696
37213,0.0006816857
37413,0.017355721
37513,0.0020548464
37613,0.016069833
37713,0.0043239305
38113,0.006428548
38213,0.11272452
38313,0.016913049
38413,0.0071077812
38613,0.0042568883
38813,0.005241093
39113,0.0022447996
39213,0.0009201694
39313,0.014605091
39413,0.008150042
39613,0.011065591
39713,0.0030061028
39913,0.001028064
40013,0.015828846
40213,0.005692488
40513,0.00015552907
40613,0.02382615
41813,0.011861427
42013,0.003326912
42713,0.0023698176
42913,0.011607777
43613,0.017543186
44213,0.0036402855
44513,0.004368674
44713,0.00037847552
44913,0.0039115674
45213,0.0025860337
45313,0.0034825038
45513,0.03539674
45613,0.002686881
46113,0.010073381
46313,0.006778334
46513,0.0028376086
46913,0.0030319095
47013,0.001703316
47113,0.0051950277
47213,0.002227577
47313,0.0019306815
47613,0.0025210201
47713,0.00049152336
47813,0.00988811
47913,0.001408964
48213,0.0018003538
48613,0.00034692165
48713,0.017174896
49113,0.015587226
49213,0.004759804
49613,0.008944137
49713,0.0019797583
49913,0.0017540252
50113,0.002847946
50313,0.0033759733
50413,0.0013712756
50613,0.0036084512
50813,0.0006202182
50913,0.00029528915
51013,0.0010683454
51213,0.006617848
51613,0.0020883244
51813,0.005237772
52013,0.0014850467
52113,0.013143029
52513,0.037133105
52613,0.004289762
52713,0.00018568
53213,0.031187035
53313,0.002738187
53413,0.010188163
53613,0.009890725
53913,0.0008827938
54113,0.0029693628
54213,0.021269629
54313,0.02638829
54413,0.0018912508
54613,0.029324446
55013,0.0010458316
55213,0.006066029
55413,0.006552848
55513,0.019394085
55613,0.0010469435
56213,0.0055163917
56513,0.00071561686
56713,0.005858274
56813,0.048714865
57013,0.0023559267
57113,0.005762772
57213,0.00072599255
57313,0.002778688
57513,0.004217434
57913,0.0072903205
58013,0.00035467144
58213,0.0011487362
58313,0.011125671
58513,0.00552315
58913,0.002873332
59113,0.017839644
59213,0.012014846
59513,0.0010423025
59613,0.013362312
59813,0.0011935957
59913,0.03315895
60413,0.0027537246
60513,0.010898068
60813,0.0012999238
61113,0.000764717
61313,0.0008753012
61413,0.0010445861
61713,0.02333731
62113,0.001779762
62413,0.008148759
62713,0.007808484
62813,0.0003962208
63513,0.011287405
63613,0.00040365435
63713,0.0033256535
63813,0.0014943704
63913,0.0026227273
64313,0.015644707
64413,0.00088344264
14,0.0005309632
114,0.0021334912
414,0.0009871626
614,0.0055792388
714,0.0007608782
1014,0.00086180214
1214,0.0015079841
1714,0.0068956097
2214,0.0024937617
2714,0.009710704
2814,0.001125059
2914,0.009583221
3014,0.0025604018
3114,0.002600757
3214,0.0031655754
3314,0.01243124
3414,0.0009894107
3714,0.013087777
4014,0.00061352097
4114,2.3066472e-10
4214,0.0053584995
4414,0.0039831195
4714,0.00036019884
4814,0.0012153808
4914,0.0029407756
5114,0.000339531
5214,0.008143253
5714,0.00048787845
5914,0.0068370835
6214,0.00068408187
6314,0.00047709155
6514,0.003939002
6614,0.013928112
6814,0.014184403
6914,0.011172517
7014,0.008225897
7214,0.04031821
7414,0.0019995996
7514,0.0020108093
7714,0.00057564443
7914,0.005216152
8114,0.0032136538
8214,0.0024503144
8314,0.0023785764
8414,0.005181847
8514,0.0008095525
8614,0.00088198966
8714,0.02968074
8914,0.002777881
9014,0.0035007538
9214,0.000198194
9514,0.0041198134
9814,0.013187509
9914,0.02395569
10114,0.04351626
10414,0.036098
10514,0.00468569
10614,0.0010518689
10714,0.0057453024
10914,0.002377635
11214,0.0013624777
11314,0.000434992
11714,0.00048517613
11914,0.002322997
12114,0.07277784
12414,0.0069691334
12714,0.005470987
12914,0.0012380675
13014,0.019187804
13414,0.002018658
13514,0.0012136087
13614,0.0017262984
13714,0.010175663
13914,0.0022162595
14314,0.018269965
14414,0.08264056
15414,0.061900653
15614,0.0030019782
15714,0.019804131
15814,0.002350551
15914,0.002277501
16114,0.0024351915
16214,0.0144073805
16314,0.00060571166
16414,0.00059170666
16514,0.0047988
16614,0.0035313207
17014,0.00052372384
17114,0.00080930337
17214,0.0018129499
17314,0.0008619791
17414,0.007673825
17614,0.0012055195
17714,0.0024473928
17914,0.0012640221
18014,0.035506368
18114,0.008177435
18214,0.044161912
18414,0.0014323974
18514,0.006486245
18714,0.013448685
18814,0.0045182114
19114,0.006379396
19514,0.005556097
19614,0.0044961916
19714,0.0023976353
19814,0.0012997781
20714,0.0064445822
20814,0.011471254
20914,0.03364679
21114,0.006004344
21214,0.0016450244
21414,0.05673357
21814,0.0023609714
22014,0.004409542
22314,0.0072614173
22414,0.00387868
22514,0.009751111
22614,0.0037921998
22914,0.00261812
23014,0.018779553
23214,0.0014668165
23314,0.0020324637
23614,0.0025658314
23714,0.00067438115
23814,0.058628872
23914,0.0072602243
24114,0.004173479
24214,0.004503651
24414,0.08164511
24514,0.0031228452
24614,0.0038504994
24714,0.0034294538
25314,0.0016096379
25414,0.005734418
25814,0.57155937
26014,0.009210685
26114,0.00301035
26214,0.0040651634
26314,0.0035542767
26414,0.022293698
26614,0.0034398523
26714,0.00069694844
26814,0.0010126503
26914,0.00578611
27014,0.000359259
27314,0.025454385
27414,0.0012727304
27514,0.00042241506
27914,0.016847668
28014,0.0081787
28114,0.008583052
28314,0.003473345
28414,0.001668278
29014,0.00548741
29114,0.0053264867
29314,0.0032429625
29614,0.0053101564
29714,0.002869017
29814,0.016612098
29914,0.006062638
30014,0.003275131
30114,0.039091967
30314,0.0038767129
30414,0.0033079828
30714,0.0049365675
30814,0.011349036
31114,0.052959953
31214,0.00394039
31614,0.001508005
31714,0.01357863
31814,0.022208827
31914,0.00036545028
32014,0.038560726
32114,0.006117257
32814,0.0009718345
33014,0.0010604544
33114,0.00057978113
33514,0.0015131991
33714,0.0016108322
33814,0.0033863084
33914,0.012810486
34014,0.0011279607
34214,0.03229204
34314,0.0036314738
34414,0.00072157773
34514,0.0072508235
34614,0.0049751503
34814,0.006711896
35014,0.0017540586
35214,0.004305978
35314,0.024697162
35514,0.01146882
35614,0.0065541198
35714,0.022227045
35914,0.0023851949
36014,0.0008980471
36114,0.019076291
36614,0.003944914
37214,0.0011256499
37414,0.0035964586
37514,0.0008277553
37614,0.094594285
37714,0.0043336265
38114,0.0050145886
38214,0.18658692
38314,0.005728413
38414,0.011169019
38614,0.0033213226
38814,0.03622126
39114,0.005594307
39214,0.0027649503
39314,0.009804098
39414,0.011466697
39614,0.0039830063
39714,0.067987934
39914,0.0021581773
40014,0.0029501691
40214,0.008439142
40514,0.000109524575
40614,0.01770752
41814,0.0307169
42014,0.004079308
42714,0.0104665505
42914,0.0113022635
43614,0.0065029184
44214,0.0067785745
44514,0.011441246
44714,0.00083584606
44914,0.009266981
45214,0.038810402
45314,0.0010206291
45514,0.036490984
45614,0.0105471425
46114,0.03024932
46314,0.0077106846
46514,0.011963633
46914,0.0017777514
47014,0.0009146921
47114,0.15988609
47214,0.0017339721
47314,0.001452512
47614,0.003541618
47714,0.0006721307
47814,0.0014407575
47914,0.006758005
48214,0.0023749503
48614,0.00047283736
48714,0.007520056
49114,0.0044530593
49214,0.010630799
49614,0.0013270401
49714,0.004157251
49914,0.007847456
50114,0.0028465707
50314,0.012601092
50414,0.0004357526
50614,0.036543798
50814,0.0012520074
50914,0.0061274576
51014,0.003197318
51214,0.006710325
51614,0.0009036815
51814,0.008448021
52014,0.004980901
52114,0.003927026
52514,0.07199646
52614,0.0064243493
52714,0.0009938177
53214,0.003672096
53314,0.006308462
53414,0.001344645
53614,0.004956206
53914,0.0012494462
54114,0.009969586
54214,0.099677056
54314,0.016844938
54414,0.00045141036
54614,0.062253214
55014,0.00042626934
55214,0.030236933
55414,0.0015487605
55514,0.029209271
55614,0.0010765346
56214,0.0025170539
56514,0.0010708127
56714,0.0056141815
56814,0.024126196
57014,0.07388427
57114,0.0068983617
57214,0.00039598666
57314,0.0020015342
57514,0.003004658
57914,0.0034946098
58014,0.0019499558
58214,0.0053590974
58314,0.0031820082
58514,0.0015213551
58914,0.0024764882
59114,0.10652967
59214,0.008098254
59514,0.0037856428
59614,0.0047244993
59814,0.003994945
59914,0.039991457
60414,0.023192719
60514,0.0075809713
60814,0.00050419517
61114,0.0048617544
61314,0.0010091432
61414,0.0034991174
61714,0.01399272
62114,0.002381655
62414,0.004553405
62714,0.005005203
62814,0.0016854178
63514,0.01044643
63614,0.001542725
63714,0.0020030239
63814,0.0023008492
63914,0.0059613334
64314,0.0042891284
64414,0.000676315
15,0.00032913664
115,0.0010004771
415,0.0100728255
615,0.0010555116
715,0.0018227585
1015,0.00013637952
1215,0.009981138
1715,0.00025596423
2215,0.0019699377
2715,0.011534142
2815,0.0011554112
2915,0.0030946378
3015,0.0064299316
3115,0.0042419215
3215,0.004856117
3315,0.010298048
3415,0.00021035368
3715,0.0011470665
4015,0.00051767874
4115,2.428078e-08
4215,0.0037494388
4415,0.008276322
4715,0.000250901
4815,0.00078668544
4915,0.019913895
5115,0.00025235588
5215,0.0054353527
5715,0.00034733934
5915,0.042902175
6215,0.001420969
6315,0.0019817897
6515,0.013288041
6615,0.039011355
6815,0.005610577
6915,0.0575461
7015,0.012262376
7215,0.09655231
7415,0.015539585
7515,0.0020354546
7715,0.00059064716
7915,0.02160904
8115,0.005202885
8215,0.014932981
8315,0.012732976
8415,0.011017667
8515,0.0006330254
8615,0.0036659858
8715,0.0042953906
8915,0.00056801346
9015,0.0029191964
9215,0.0008942339
9515,0.056034204
9815,0.0015002226
9915,0.0022258873
10115,0.008837277
10415,0.0014679395
10515,0.004904453
10615,0.0024917154
10715,0.079926744
10915,0.007769212
11215,0.0022068147
11315,0.0016751603
11715,0.0014379572
11915,0.0027296124
12115,0.0239574
12415,0.007934241
12715,0.0012369744
12915,0.0027470232
13015,0.116951466
13415,0.012257168
13515,0.00079294125
13615,0.0005364132
13715,0.0023997107
13915,0.011907319
14315,0.011054654
14415,0.022483446
15415,0.040141374
15615,0.025952565
15715,0.0071155797
15815,0.0026773375
15915,0.00014700784
16115,0.004338811
16215,0.06193025
16315,0.000807215
16415,8.099413e-05
16515,0.013253567
16615,0.0008545703
17015,0.0006807948
17115,0.00018224472
17215,0.001016428
17315,0.00022864965
17415,0.00070189993
17615,0.012234633
17715,0.00029725418
17915,0.00012851601
18015,0.0020194293
18115,0.007468851
18215,0.0025828858
18415,5.7465197e-05
18515,0.0017343849
18715,0.1162469
18815,0.004418592
19115,0.082170844
19515,0.002179751
19615,0.0033341537
19715,0.006372318
19815,0.0006118833
20715,0.0017714556
20815,0.011379261
20915,0.003780383
21115,0.0026281876
21215,0.002578585
21415,0.022443205
21815,0.0017294846
22015,0.0005980147
22315,0.09610571
22415,0.0038261248
22515,0.019046128
22615,0.0036146168
22915,0.0028048274
23015,0.00555187
23215,0.011804471
23315,0.0011563434
23615,0.0027955894
23715,0.00057473255
23815,0.0039117066
23915,0.00020149865
24115,0.0006922984
24215,0.0019256666
24415,0.25222057
24515,0.02237694
24615,0.005202614
24715,0.001965312
25315,0.000799304
25415,0.11533178
25815,0.0074797007
26015,0.021537267
26115,0.002146631
26215,0.0006739164
26315,0.030306082
26415,0.15052956
26615,0.002519186
26715,0.0010681815
26815,0.005687643
26915,0.013629205
27015,0.00073629536
27315,0.015710564
27415,0.009776191
27515,0.002670039
27915,0.015605555
28015,0.0042732083
28115,0.0042383703
28315,0.0127293095
28415,0.0019117228
29015,0.008360815
29115,0.013042697
29315,0.0024191318
29615,0.00052835135
29715,0.002655192
29815,0.009864539
29915,0.0013148308
30015,0.0018302383
30115,0.05835207
30315,0.0036995364
30415,0.0012686198
30715,0.015374644
30815,0.0023733536
31115,0.040001113
31215,0.0016669277
31615,0.0026894691
31715,0.010260554
31815,0.014551509
31915,0.0004536911
32015,0.0051416806
32115,0.004042961
32815,0.002311144
33015,0.00041570023
33115,0.0004643541
33515,0.002919159
33715,0.00018106519
33815,0.00031269717
33915,0.002550143
34015,0.0006957668
34215,0.004530022
34315,0.00037105306
34415,0.00028217392
34515,0.0031420917
34615,0.005453565
34815,0.0006001813
35015,0.00011265078
35215,0.013548835
35315,0.019235507
35515,0.0005662117
35615,0.00044846354
35715,0.00064729736
35915,0.026836967
36015,0.0012785789
36115,0.028984733
36615,0.04083492
37215,0.0010334448
37415,0.006875617
37515,0.002856266
37615,0.02303892
37715,0.006136138
38115,0.012469277
38215,0.085035436
38315,0.00988649
38415,0.0092837885
38615,0.0062954132
38815,0.0013905566
39115,0.0016438433
39215,0.0020928555
39315,0.03690084
39415,0.08951315
39615,0.006992957
39715,0.00020139434
39915,0.002756152
40015,0.03598304
40215,0.0037681607
40515,0.00020603488
40615,0.0029412482
41815,0.01448231
42015,0.0008084595
42715,0.0020206883
42915,0.0052601057
43615,0.078392334
44215,0.01401668
44515,0.0018764436
44715,0.00042162987
44915,0.033376563
45215,0.0037517138
45315,0.012427066
45515,0.043858703
45615,0.003116141
46115,0.0030823518
46315,0.004614821
46515,0.014996664
46915,0.0021154522
47015,0.0026465487
47115,0.0018563691
47215,0.0027368686
47315,0.0064353887
47615,0.0032924765
47715,0.00045906784
47815,0.006731631
47915,0.00082777493
48215,0.0011538183
48615,0.00018872543
48715,0.050201867
49115,0.02176093
49215,0.018711416
49615,0.016994523
49715,0.0052527627
49915,0.0007349918
50115,0.00038558285
50315,0.0030063326
50415,0.0013673712
50615,0.004422975
50815,0.001564205
50915,0.000116964286
51015,0.0007387609
51215,0.029704884
51615,0.0018533906
51815,0.00081574474
52015,0.0018061404
52115,0.009257175
52515,0.02157698
52615,0.0051958896
52715,6.229075e-06
53215,0.047757175
53315,0.0050728857
53415,0.0023962632
53615,0.0050875037
53915,0.0014002348
54115,0.0127731655
54215,0.029605214
54315,0.02793878
54415,0.002103948
54615,0.105845
55015,0.0023708576
55215,0.008905217
55415,0.014619469
55515,0.0039368337
55615,0.016114453
56215,0.007034925
56515,0.00036314983
56715,0.0015693047
56815,0.17077322
57015,0.00083618384
57115,0.0019361324
57215,0.0005720833
57315,0.0036540802
57515,0.0017477819
57915,0.0056837634
58015,0.0009998588
58215,0.0008047666
58315,0.08080533
58515,0.038154162
58915,0.028850285
59115,0.011124658
59215,0.02375672
59515,0.0012754382
59615,0.0045183185
59815,0.0018397755
59915,0.0027892082
60415,0.004365318
60515,0.00208089
60815,0.0014672803
61115,0.0118046105
61315,0.0022633458
61415,0.0010334635
61715,0.0059161475
62115,0.0028368393
62415,0.005258651
62715,0.0035847386
62815,0.00037351283
63515,0.029515615
63615,0.00025749352
63715,0.0048787757
63815,0.00077740516
63915,0.0009458069
64315,0.018062253
64415,0.0015782411
16,0.0010922239
116,0.004146852
416,0.0034202312
616,0.00742384
716,0.0015155995
1016,0.00051284424
1216,0.0025631513
1716,0.0010395115
2216,0.0011027429
2716,0.0018968252
2816,0.0011760088
2916,0.0011656414
3016,0.005217178
3116,0.003033325
3216,0.0066644354
3316,0.0067647207
3416,0.00023292546
3716,0.0014745165
4016,0.0010478757
4116,3.8424173e-07
4216,0.008209687
4416,0.0055431775
4716,0.0021612474
4816,0.0034038608
4916,0.00264684
5116,0.0039079594
5216,0.007746133
5716,0.0019342399
5916,0.007038894
6216,0.002297451
6316,0.0026978175
6516,0.0124199465
6616,0.008970203
6816,0.0044553173
6916,0.002829884
7016,0.0036769868
7216,0.004977418
7416,0.020834263
7516,0.019153208
7716,0.0021543233
7916,0.0041209166
8116,0.01279298
8216,0.03464463
8316,0.000788057
8416,0.007868989
8516,0.0011158712
8616,0.0056765783
8716,0.006360807
8916,0.011102864
9016,0.0022620591
9216,0.0010382299
9516,0.026917594
9816,0.0016224938
9916,0.0039253756
10116,0.0017871942
10416,0.0039029692
10516,0.009167744
10616,0.0020579987
10716,0.01224505
10916,0.003323298
11216,0.00079819496
11316,0.0028557037
11716,0.0023122018
11916,0.008536922
12116,0.0122539755
12416,0.013106022
12716,0.0016573315
12916,0.00373024
13016,0.0051917736
13416,0.0077733467
13516,0.0026593765
13616,0.002158321
13716,0.0012813122
13916,0.0025277606
14316,0.0016198001
14416,0.006696867
15416,0.0065203807
15616,0.07400457
15716,0.004211352
15816,0.00297941
15916,0.0008290868
16116,0.0007493389
16216,0.005989127
16316,0.00024197203
16416,0.0006111171
16516,0.004988602
16616,0.0033307574
17016,0.002067028
17116,0.0005332712
17216,0.003560382
17316,0.0005052317
17416,0.002986921
17616,0.0019530464
17716,0.0009853505
17916,0.0019226383
18016,0.007937116
18116,0.0047655976
18216,0.0012254592
18416,4.456872e-05
18516,0.0006783041
18716,0.031770263
18816,0.0024432926
19116,0.007841793
19516,0.0024256594
19616,0.0033469554
19716,0.0056667845
19816,0.0005721192
20716,0.0035891861
20816,0.008853849
20916,0.0025785882
21116,0.0033110513
21216,0.0052213063
21416,0.0082519865
21816,0.003744293
22016,0.0013355742
22316,0.015646953
22416,0.0109412465
22516,0.0076419823
22616,0.022889012
22916,0.010664953
23016,0.0023676595
23216,0.0023355705
23316,0.0054720338
23616,0.003681775
23716,0.0014747761
23816,0.0022648957
23916,0.00073636876
24116,0.0062164157
24216,0.0009849591
24416,0.0050633787
24516,0.0045516137
24616,0.00079898105
24716,0.010868665
25316,0.0007282276
25416,0.0025455586
25816,0.0020793674
26016,0.0027684413
26116,0.0013725417
26216,0.0013407982
26316,0.012048385
26416,0.0079927035
26616,0.006861848
26716,0.0032241894
26816,0.008014167
26916,0.0053522876
27016,0.0019508512
27316,0.0370753
27416,0.01237319
27516,0.007989741
27916,0.0045456253
28016,0.0044589974
28116,0.0011459433
28316,0.014637669
28416,0.0064148023
29016,0.0021073134
29116,0.0063619483
29316,0.00345859
29616,0.0026747717
29716,0.009018747
29816,0.0015508293
29916,0.0018374556
30016,0.0022308563
30116,0.0040669707
30316,0.0017023226
30416,0.003457282
30716,0.008064674
30816,0.003389759
31116,0.006268819
31216,0.0012511159
31616,0.0056172763
31716,0.0058064233
31816,0.01789224
31916,0.014317306
32016,0.021176811
32116,0.004594869
32816,0.0030526703
33016,0.0021244246
33116,0.0019799166
33516,0.0036612118
33716,0.00033199627
33816,0.0023474002
33916,0.0006272633
34016,0.0006981433
34216,0.0011366566
34316,0.00093065616
34416,0.00035324486
34516,0.002835627
34616,0.0017128268
34816,0.0007518405
35016,0.0009015567
35216,0.0065690745
35316,0.005207008
35516,0.002625779
35616,0.00067452784
35716,0.0011943665
35916,0.009188678
36016,0.009172825
36116,0.024941208
36616,0.005859788
37216,0.0025770927
37416,0.018756693
37516,0.002307977
37616,0.0030730413
37716,0.0037673942
38116,0.009576693
38216,0.020070784
38316,0.03555544
38416,0.004833929
38616,0.010173061
38816,0.0036044416
39116,0.002462051
39216,0.007839624
39316,0.0047868383
39416,0.0045741503
39616,0.0073634316
39716,0.06768739
39916,0.0014518842
40016,0.007384397
40216,0.002411502
40516,0.00046920707
40616,0.018589191
41816,0.0031761874
42016,0.0017452065
42716,0.0014531984
42916,0.01767512
43616,0.0101061445
44216,0.0036101302
44516,0.0019709198
44716,0.00040474435
44916,0.0023151496
45216,0.0010995346
45316,0.00930334
45516,0.008253689
45616,0.0025244034
46116,0.008839746
46316,0.0070986543
46516,0.002227434
46916,0.0034235043
47016,0.0029839685
47116,0.0040946524
47216,0.0033319178
47316,0.0009696601
47616,0.0024875456
47716,0.0007394597
47816,0.023889586
47916,0.00075449364
48216,0.003310822
48616,0.00072640297
48716,0.010247155
49116,0.010521197
49216,0.0057390635
49616,0.0051772087
49716,0.002612493
49916,0.0013026429
50116,0.005604965
50316,0.0016407323
50416,0.004921594
50616,0.0021480708
50816,0.0024203772
50916,0.0003045279
51016,0.0006520031
51216,0.0033764336
51616,0.014446453
51816,0.008500957
52016,0.0010370538
52116,0.006456922
52516,0.009864218
52616,0.001362298
52716,9.082403e-05
53216,0.009043318
53316,0.0038523448
53416,0.036675833
53616,0.017031176
53916,0.0009582928
54116,0.0024772766
54216,0.009991694
54316,0.047718506
54416,0.009519563
54616,0.012886642
55016,0.0024470633
55216,0.0031024974
55416,0.04383722
55516,0.0067706723
55616,0.0010471161
56216,0.0030117456
56516,0.0012310387
56716,0.0050817616
56816,0.023378788
57016,0.0014746352
57116,0.0034029423
57216,0.0015154508
57316,0.0019840288
57516,0.001662823
57916,0.0050665922
58016,0.00043112968
58216,0.00088289985
58316,0.014595432
58516,0.0020223632
58916,0.0023890056
59116,0.018029569
59216,0.010669815
59516,0.0027665505
59616,0.01606825
59816,0.0024024483
59916,0.030259192
60416,0.0009920876
60516,0.024460917
60816,0.0017765982
61116,0.0019107885
61316,0.002110625
61416,0.001843272
61716,0.01683413
62116,0.0023860796
62416,0.028737124
62716,0.012853806
62816,0.0012613215
63516,0.014855427
63616,0.00023707676
63716,0.003446169
63816,0.0024133998
63916,0.0027503914
64316,0.011920887
64416,0.0044713034
17,0.0010439683
117,0.0061243633
417,0.0048716273
617,0.0010386351
717,0.0010196986
1017,0.00031708583
1217,0.0022256244
1717,0.00043638103
2217,0.0010643532
2717,0.0036064945
2817,0.0008909777
2917,0.002116587
3017,0.009970203
3117,0.0019821303
3217,0.0024927831
3317,0.028176088
3417,0.00023481747
3717,0.0012756715
4017,0.0016599664
4117,0.0070333295
4217,0.008583093
4417,0.0060163853
4717,0.00029068466
4817,0.0045721857
4917,0.007753096
5117,0.004583864
5217,0.0021451411
5717,0.0004888704
5917,0.0049877176
6217,0.0004668806
6317,0.0029833827
6517,0.009638921
6617,0.004748364
6817,0.0006090597
6917,0.010824137
7017,0.0043451944
7217,0.101355575
7417,0.033633254
7517,0.0036702037
7717,0.0005191194
7917,0.01885739
8117,0.002307405
8217,0.033988502
8317,0.003660427
8417,0.009650865
8517,0.00043576976
8617,0.009724957
8717,0.0017139297
8917,0.001112025
9017,0.0040093237
9217,0.0030573145
9517,0.13784376
9817,0.00033920017
9917,0.00063874887
10117,0.00074331946
10417,0.00038184453
10517,0.0024545619
10617,0.00586807
10717,0.060686342
10917,0.003431929
11217,0.000960557
11317,0.001513971
11717,0.0013388365
11917,0.0023885577
12117,0.003999125
12417,0.0018715401
12717,0.00030138713
12917,0.002249585
13017,0.00824362
13417,0.0035615375
13517,0.0026852367
13617,0.00055597076
13717,0.0015810953
13917,0.016858486
14317,0.0039546955
14417,0.00244595
15417,0.0061357017
15617,0.01281527
15717,0.0010937073
15817,0.00051769626
15917,4.693116e-05
16117,0.0064606615
16217,0.0034291507
16317,0.0020887002
16417,0.00056709006
16517,0.025147468
16617,0.00082076533
17017,0.0018018335
17117,0.00024810777
17217,0.001589757
17317,0.00011784411
17417,0.0035524885
17617,0.007153213
17717,0.00064870046
17917,0.0003963732
18017,0.0023239285
18117,0.0015869138
18217,0.00072438293
18417,0.00017401735
18517,0.00056330353
18717,0.09384452
18817,0.0031564715
19117,0.06722464
19517,0.0006156279
19617,0.0019365717
19717,0.012390094
19817,0.01653869
20717,0.0037419065
20817,0.0021587492
20917,0.00081931613
21117,0.00053144246
21217,0.00070685387
21417,0.0022213382
21817,0.0011198274
22017,0.0007196607
22317,0.10634319
22417,0.0017777646
22517,0.009860664
22617,0.0029482257
22917,0.009878335
23017,0.0038407482
23217,0.019442141
23317,0.0054833605
23617,0.0010775744
23717,0.00024904936
23817,0.001875899
23917,8.4723724e-05
24117,0.00019648364
24217,0.0003842106
24417,0.03465922
24517,0.010592833
24617,0.0070280405
24717,0.0008820057
25317,0.0076102875
25417,0.008366099
25817,0.0007098996
26017,0.012028059
26117,0.0010348887
26217,0.0005436421
26317,0.030287188
26417,0.017283328
26617,0.0030077896
26717,0.0013920331
26817,0.0018186064
26917,0.0019048505
27017,0.00066419836
27317,0.0027129303
27417,0.0069339587
27517,0.02210158
27917,0.0020712768
28017,0.0059534106
28117,0.0014217155
28317,0.0031165069
28417,0.00092332443
29017,0.002512847
29117,0.0022663681
29317,0.0016408134
29617,0.00090914266
29717,0.0016281073
29817,0.0009291822
29917,0.0017327107
30017,0.0015445373
30117,0.005343144
30317,0.006867639
30417,0.0030425205
30717,0.0019947526
30817,0.0010451155
31117,0.0074928803
31217,0.00035747053
31617,0.00263674
31717,0.0020186482
31817,0.007153185
31917,0.0016641648
32017,0.0015317482
32117,0.0050637946
32817,0.0008025166
33017,0.0009779381
33117,0.0013503167
33517,0.0008411317
33717,0.00015899554
33817,0.0023533416
33917,0.0011552349
34017,0.0018677886
34217,0.0003688573
34317,0.00030971775
34417,0.00018173645
34517,0.0018557012
34617,0.00096961524
34817,0.0003452769
35017,0.00065352005
35217,0.0093806675
35317,0.0013485021
35517,0.0006153475
35617,0.00015613636
35717,0.00019322273
35917,0.005400262
36017,0.00151969
36117,0.00531932
36617,0.0021395858
37217,0.13382734
37417,0.0048003
37517,0.0026776188
37617,0.0035411636
37717,0.0036981062
38117,0.0035329522
38217,0.012365251
38317,0.010165976
38417,0.0036849985
38617,0.009862956
38817,0.007711959
39117,0.0010638821
39217,0.003989873
39317,0.0035008357
39417,0.013350065
39617,0.012127152
39717,0.061868027
39917,0.001656277
40017,0.018490592
40217,0.006012993
40517,0.0007976217
40617,0.0026943618
41817,0.003095572
42017,0.0005352717
42717,0.0016823326
42917,0.008513362
43617,0.016622905
44217,0.00095754716
44517,0.0006939831
44717,0.00035954342
44917,0.005291686
45217,0.0783032
45317,0.020856293
45517,0.009530405
45617,0.00036859504
46117,0.0038928322
46317,0.0013004724
46517,0.0019596245
46917,0.0010086012
47017,0.008266422
47117,0.00026674478
47217,0.0014430239
47317,0.0015154372
47617,0.0018268882
47717,0.0015098184
47817,0.0025945453
47917,0.0001736555
48217,0.0008688771
48617,0.00012497138
48717,0.29037702
49117,0.0049729357
49217,0.0044660424
49617,0.034417253
49717,0.022411784
49917,0.00031447064
50117,0.0010174109
50317,0.0009623363
50417,0.005000305
50617,0.0006838323
50817,0.010058742
50917,0.0014001909
51017,0.00025639118
51217,0.010289556
51617,0.01057734
51817,0.00015456192
52017,0.0004893077
52117,0.008780214
52517,0.0035013151
52617,0.011263247
52717,0.000543589
53217,0.10689649
53317,0.0015955239
53417,0.0155655015
53617,0.009102027
53917,0.0012650421
54117,0.00081258494
54217,0.0022183536
54317,0.006249357
54417,0.0038872748
54617,0.2883482
55017,0.0039693564
55217,0.0020378213
55417,0.041119765
55517,0.0035049974
55617,0.068001084
56217,0.0019337086
56517,0.00015606431
56717,0.000634424
56817,0.019269174
57017,0.005642665
57117,0.00084012724
57217,0.00047503697
57317,0.0029162164
57517,0.0024271475
57917,0.0049646082
58017,0.00030437263
58217,0.00032016233
58317,0.036749195
58517,0.008659894
58917,0.007446336
59117,0.004492233
59217,0.004276123
59517,0.0030842647
59617,0.0014168033
59817,0.001629961
59917,0.0045049726
60417,0.0010319818
60517,0.0021634668
60817,0.0027534
61117,0.008842383
61317,0.0010108163
61417,0.0010413587
61717,0.0032985585
62117,0.00072122447
62417,0.005025745
62717,0.0016363501
62817,0.0010031952
63517,0.0068764896
63617,0.00028091742
63717,0.0022014987
63817,0.0005284737
63917,0.00035322065
64317,0.0053449785
64417,0.00047436525
18,0.0011821307
118,0.001259198
418,0.009618514
618,0.0047420426
718,0.0009905609
1018,0.00021719685
1218,0.042495817
1718,0.00096182217
2218,0.0036798269
2718,0.0011934963
2818,0.0016996221
2918,0.0012757173
3018,0.0027224955
3118,0.0012363615
3218,0.005725524
3318,0.014607191
3418,5.8184192e-05
3718,0.00044159492
4018,0.00029829182
4118,4.6406993e-07
4218,0.0019366152
4418,0.008742336
4718,0.0046440954
4818,0.0013969975
4918,0.0092178555
5118,0.0007970659
5218,0.0035789912
5718,0.0012589071
5918,0.081769854
6218,0.011657386
6318,0.0011230889
6518,0.005187084
6618,0.018529408
6818,0.0635656
6918,0.0032606868
7018,0.004593955
7218,0.004469386
7418,0.01148857
7518,0.0081754215
7718,0.0054269275
7918,0.0018424817
8118,0.012310678
8218,0.024584755
8318,0.0008299291
8418,0.009419315
8518,0.0008054751
8618,0.0016051834
8718,0.0037759715
8918,0.0032262448
9018,0.0019590163
9218,0.0010027621
9518,0.01607545
9818,0.0036659408
9918,0.007468664
10118,0.004018255
10418,0.0010047371
10518,0.0023194766
10618,0.008734654
10718,0.01375454
10918,0.006218961
11218,0.0010466384
11318,0.0023885157
11718,0.00925633
11918,0.005395423
12118,0.18170613
12418,0.1706917
12718,0.0029006475
12918,0.003729652
13018,0.02655566
13418,0.020508299
13518,0.002547403
13618,0.0035486876
13718,0.00042258206
13918,0.0009498767
14318,0.0010139975
14418,0.0751162
15418,0.010687211
15618,0.102384046
15718,0.017975096
15818,0.00995215
15918,0.0018828239
16118,0.00023037248
16218,0.012091722
16318,5.7720532e-05
16418,0.00020158169
16518,0.0018860421
16618,0.008581138
17018,0.00086821377
17118,0.0005686161
17218,0.0070826947
17318,0.0008264898
17418,0.0020137404
17618,0.012083797
17718,0.0010441171
17918,0.0015880732
18018,0.0023491138
18118,0.008453619
18218,0.0006233411
18418,4.429356e-05
18518,0.001457519
18718,0.020083947
18818,0.0040726047
19118,0.003484477
19518,0.008639164
19618,0.0024886178
19718,0.001731769
19818,9.064096e-05
20718,0.0017850543
20818,0.011245047
20918,0.0011270235
21118,0.006249203
21218,0.022678223
21418,0.031093104
21818,0.0022784201
22018,0.0015065387
22318,0.0046009687
22418,0.011388395
22518,0.0024663447
22618,0.022118343
22918,0.0029367018
23018,0.010159754
23218,0.00085388694
23318,0.0035595915
23618,0.0030671684
23718,0.0071035693
23818,0.006592117
23918,0.00063795986
24118,0.0053401943
24218,0.0009348451
24418,0.0025414745
24518,0.009254148
24618,0.00022525992
24718,0.03743245
25318,0.00022869697
25418,0.014571449
25818,0.0023966
26018,0.0027327319
26118,0.0008893925
26218,0.0031174181
26318,0.0068331733
26418,0.027906444
26618,0.0018358987
26718,0.0034425273
26818,0.13469248
26918,0.006555035
27018,0.0022496365
27318,0.039729137
27418,0.02511729
27518,0.0034317458
27918,0.014688471
28018,0.0019541073
28118,0.0032902258
28318,0.012950402
28418,0.016173173
29018,0.002620016
29118,0.07612224
29318,0.0010258793
29618,0.00050095684
29718,0.02711124
29818,0.0025783617
29918,0.0009594374
30018,0.0014200214
30118,0.050492
30318,0.0004970701
30418,0.00047664088
30718,0.060722873
30818,0.005666211
31118,0.0048919404
31218,0.006037267
31618,0.030479489
31718,0.055120744
31818,0.013867861
31918,0.02023026
32018,0.035834968
32118,0.0050140214
32818,0.038209442
33018,0.0020501162
33118,0.002700323
33518,0.0030429368
33718,0.00031421825
33818,0.0010739935
33918,0.00020139186
34018,0.0003352747
34218,0.009643429
34318,0.00053020107
34418,0.00039172056
34518,0.0010311719
34618,0.0022221943
34818,0.00093633635
35018,0.0009423274
35218,0.026276115
35318,0.04096291
35518,0.0008567847
35618,0.0009784494
35718,0.0015185378
35918,0.228323
36018,0.013949228
36118,0.016804637
36618,0.046606105
37218,0.0007289813
37418,0.067388006
37518,0.0033496686
37618,0.034065306
37718,0.0049966876
38118,0.016432747
38218,0.012508761
38318,0.0061025317
38418,0.00443318
38618,0.003895859
38818,0.00096180197
39118,0.0009589695
39218,0.0031662828
39318,0.11858237
39418,0.0051870197
39618,0.0028295137
39718,0.00073526544
39918,0.0010410727
40018,0.016062029
40218,0.0022593862
40518,0.00040475844
40618,0.013909892
41818,0.0034994273
42018,0.0038983428
42718,0.0008392223
42918,0.017143317
43618,0.026573302
44218,0.0025770976
44518,0.0020399054
44718,0.0003452117
44918,0.05862341
45218,9.469631e-05
45318,0.026283143
45518,0.013411146
45618,0.008806165
46118,0.0035555386
46318,0.0034639174
46518,0.012465773
46918,0.010347314
47018,0.0020117348
47118,0.003800947
47218,0.002884474
47318,0.003727725
47618,0.012496404
47718,0.00024883813
47818,0.1250859
47918,0.00076213473
48218,0.0038696742
48618,0.0031961156
48718,0.008314427
49118,0.025191657
49218,0.0057740235
49618,0.022639323
49718,0.00051452324
49918,0.0008303008
50118,0.0032572853
50318,0.0045560575
50418,0.00366539
50618,0.011370065
50818,0.00041883384
50918,0.00014477788
51018,0.0005011372
51218,0.016389728
51618,0.006085085
51818,0.01687991
52018,0.010171182
52118,0.008161807
52518,0.012375025
52618,0.0051131393
52718,8.8512746e-07
53218,0.008670694
53318,0.007206985
53418,0.02185497
53618,0.008376492
53918,0.05324725
54118,0.0025407518
54218,0.005085879
54318,0.08726494
54418,0.013948449
54618,0.0070457086
55018,0.0053412206
55218,0.017780941
55418,0.031079639
55518,0.00572469
55618,0.0013760099
56218,0.017671129
56518,0.0013202028
56718,0.0053537497
56818,0.050926656
57018,0.00041367067
57118,0.0046322104
57218,0.005645092
57318,0.008547984
57518,0.0049553593
57918,0.003500408
58018,0.0015933608
58218,0.0012236353
58318,0.039052594
58518,0.022022162
58918,0.0052351174
59118,0.00933597
59218,0.20508277
59518,0.0012399642
59618,0.11551965
59818,0.0010887147
59918,0.0054805577
60418,0.002153226
60518,0.010124588
60818,0.0017717923
61118,0.00053763867
61318,0.0040581636
61418,0.0020871772
61718,0.008193676
62118,0.011258569
62418,0.020869313
62718,0.08893557
62818,0.0003361303
63518,0.015006795
63618,0.00020212673
63718,0.00077824533
63818,0.0009814935
63918,0.0018389629
64318,0.026862085
64418,0.08758891
