Id,Probability
0,0.0048162173
100,0.0006359448
400,0.00048435267
600,0.010831283
700,0.07711972
1000,0.0036619704
1200,0.00088010845
1700,0.040238556
2200,0.30153963
2700,0.0034089216
2800,0.002239175
2900,0.0074280235
3000,0.010216182
3100,0.0043187304
3200,0.0010404143
3300,0.012979269
3400,0.0022798516
3700,0.0073463134
4000,0.0008146619
4100,0.0015969814
4200,0.002809782
4400,0.0021387262
4700,0.004165523
4800,0.031547956
4900,0.0035560138
5100,0.008136198
5200,0.04989879
5700,0.008048826
5900,0.025543002
6200,0.0066209333
6300,0.06487849
6500,0.011991281
6600,0.018140597
6800,0.0052571944
6900,0.0019057271
7000,0.0017076709
7200,0.004960112
7400,0.00091903086
7500,0.0013564302
7700,0.014193459
7900,0.025147285
8100,0.0702645
8200,0.02654417
8300,0.004425996
8400,0.0040154657
8500,0.041665528
8600,0.016391395
8700,0.02784174
8900,0.01976553
9000,0.10921604
9200,0.034324843
9500,0.004545717
9800,0.0052336906
9900,0.01950608
10100,0.005434818
10400,0.009683698
10500,0.11986653
10600,0.07948769
10700,0.029442998
10900,0.11891833
11200,0.017375495
11300,0.0023341388
11700,0.0018889467
11900,0.033945784
12100,0.00035334483
12400,0.004608442
12700,0.0050232527
12900,0.09584793
13000,0.0030873083
13400,0.096319705
13500,0.009461145
13600,0.006785082
13700,0.0060465317
13900,0.010377897
14300,0.024295291
14400,0.0038727785
15400,0.00202478
15600,0.06596929
15700,0.0014311115
15800,0.009459269
15900,0.018267121
16100,0.0018286064
16200,0.0070464225
16300,0.00064460386
16400,0.000764913
16500,2.9857212e-05
16600,0.00074531155
17000,0.1364666
17100,0.0019353959
17200,0.010961637
17300,0.0012132542
17400,0.00047350372
17600,0.0021612162
17700,0.013664033
17900,0.02281903
18000,0.00624366
18100,0.0008820734
18200,0.003734948
18400,0.0139207
18500,0.076274924
18700,0.0013523692
18800,0.0076158657
19100,0.0038214051
19500,0.003442761
19600,0.0012496731
19700,0.007766758
19800,0.008450385
20700,0.0023279784
20800,0.004042007
20900,0.001668267
21100,0.014347267
21200,0.0034773734
21400,0.031430252
21800,0.029725693
22000,0.004523699
22300,0.002441979
22400,0.009667459
22500,0.35352775
22600,0.0054621967
22900,0.000901291
23000,0.0006882979
23200,0.0064369957
23300,0.0025017504
23600,0.052180488
23700,0.0018216298
23800,0.006585978
23900,0.0051776976
24100,0.15461747
24200,0.022202961
24400,0.005067861
24500,0.0035349424
24600,0.0024842056
24700,0.053864446
25300,0.0008540332
25400,0.009617794
25800,0.0038757038
26000,0.0017395675
26100,0.008378585
26200,0.0012714224
26300,0.09720365
26400,0.007956383
26600,0.040079106
26700,0.035341393
26800,0.0020820147
26900,0.0041617155
27000,0.015478872
27300,0.003933915
27400,0.00057660596
27500,0.0028231852
27900,0.0020628518
28000,0.008245152
28100,0.0067154146
28300,0.110352986
28400,0.02301534
29000,0.0037057945
29100,0.022016438
29300,0.09102353
29600,0.025247132
29700,0.01088086
29800,0.01573997
29900,0.0060363733
30000,0.107411355
30100,0.0031485148
30300,0.0047636325
30400,0.010422964
30700,0.0034812358
30800,0.00096001854
31100,0.0016666849
31200,0.011383208
31600,0.0043534543
31700,0.0039574564
31800,0.004798905
31900,0.06375707
32000,0.004271668
32100,0.0056441305
32800,0.007866204
33000,0.0007563324
33100,0.0012804015
33500,0.027504755
33700,0.042269472
33800,0.013907821
33900,0.00061623356
34000,0.07993691
34200,0.0022329022
34300,0.09736965
34400,0.011496698
34500,0.00353136
34600,0.01673159
34800,0.0002575761
35000,0.024769925
35200,0.015121298
35300,0.009963181
35500,0.0043704123
35600,0.0031414328
35700,0.0047169197
35900,0.0023677102
36000,0.005006419
36100,0.014077464
36600,0.0017118893
37200,0.00073879544
37400,0.0030018585
37500,0.001810108
37600,0.009649547
37700,0.012187428
38100,0.0045973416
38200,0.006355661
38300,0.11915588
38400,0.045865245
38600,0.019987116
38800,0.02823374
39100,0.021923654
39200,0.0009586992
39300,0.0020702614
39400,0.0037858607
39600,0.005389912
39700,0.000108562395
39900,0.0068478095
40000,0.0027147068
40200,0.011187495
40500,0.001963641
40600,0.018526252
41800,0.0015286439
42000,0.0022674492
42700,0.005836526
42900,0.17887443
43600,0.001455691
44200,0.0034106479
44500,0.0026854917
44700,0.011193992
44900,0.20632751
45200,0.001905412
45300,0.0051258346
45500,0.0016939038
45600,0.06969942
46100,0.010335945
46300,0.034229655
46500,0.002045972
46900,0.0047318237
47000,0.0029691018
47100,0.0012777385
47200,0.008382294
47300,0.023484915
47600,0.011248778
47700,0.04428579
47800,0.02506694
47900,0.012615097
48200,0.0037642054
48600,0.004782784
48700,0.00023375022
49100,0.002121595
49200,0.008194205
49600,0.0020989822
49700,0.0017705539
49900,0.0016016009
50100,0.0043422556
50300,0.013985935
50400,0.0013888632
50600,0.00472337
50800,0.0024225248
50900,0.0065606213
51000,0.03867123
51200,0.0035286294
51600,0.0038602508
51800,0.0039449655
52000,0.0016848206
52100,0.004120556
52500,0.00238072
52600,0.0065563796
52700,0.046619542
53200,0.029989481
53300,0.0017944926
53400,0.00024936284
53600,0.006678452
53900,0.0075954855
54100,0.0073835314
54200,0.010167225
54300,0.0074713426
54400,0.025246605
54600,0.062606186
55000,0.019101601
55200,0.016472325
55400,0.0036747414
55500,0.0034389733
55600,0.0018381056
56200,0.015933212
56500,0.08480199
56700,0.021275626
56800,0.009802534
57000,0.040176626
57100,0.01360742
57200,0.010280853
57300,0.0011461583
57500,0.011226785
57900,0.005262786
58000,0.0528689
58200,0.0039150757
58300,0.084733404
58500,0.004613898
58900,0.008165977
59100,0.008401504
59200,0.004819929
59500,0.009649833
59600,0.020071488
59800,0.00162171
59900,0.0035388912
60400,0.00085817673
60500,0.0038019605
60800,0.009767328
61100,0.004606061
61300,0.0018997181
61400,0.0016740949
61700,0.018694764
62100,0.002875479
62400,0.23718227
62700,0.18734308
62800,0.015258579
63500,0.0021152466
63600,0.0023792142
63700,0.03412843
63800,0.11360873
63900,0.0049061426
64300,0.0074891485
64400,0.0027969875
1,0.023125513
101,0.04097298
401,0.22019076
601,0.02251429
701,0.10056866
1001,0.058880158
1201,0.18851899
1701,0.012941245
2201,0.106769465
2701,0.6246744
2801,0.006425333
2901,0.015521212
3001,0.02456641
3101,0.27226153
3201,0.059292346
3301,0.07286674
3401,0.40128127
3701,0.060552135
4001,0.0003096276
4101,0.15156035
4201,0.25678945
4401,0.17331548
4701,0.0060035065
4801,0.16482495
4901,0.020368807
5101,0.20844577
5201,0.021298027
5701,0.12107468
5901,0.0023937707
6201,0.011073013
6301,0.18760002
6501,0.0047748853
6601,0.0058547664
6801,0.012219762
6901,0.4891039
7001,0.47472686
7201,0.6594183
7401,0.017903728
7501,0.020461299
7701,0.48056996
7901,0.29622868
8101,0.04681737
8201,0.587295
8301,0.34974337
8401,0.024840213
8501,0.07532839
8601,0.35112178
8701,0.1922069
8901,0.056106534
9001,0.34032297
9201,0.36796448
9501,0.055752806
9801,0.0074601746
9901,0.00563467
10101,0.058183495
10401,0.008924363
10501,0.070804656
10601,0.0064136116
10701,0.000960716
10901,0.063769855
11201,0.34511325
11301,0.45706847
11701,0.57491815
11901,0.003354403
12101,0.0030617863
12401,0.001381687
12701,0.018201876
12901,0.0020420246
13001,0.01651822
13401,0.018382447
13501,0.08440883
13601,0.011240573
13701,0.07702337
13901,0.025288211
14301,0.004136722
14401,0.0050798734
15401,0.015884655
15601,0.051598534
15701,0.001138367
15801,0.373435
15901,0.45511284
16101,0.12936144
16201,0.016676852
16301,0.10395639
16401,0.019286424
16501,0.3088385
16601,0.11602644
17001,0.063485
17101,0.05951731
17201,0.033722244
17301,0.24247667
17401,0.12293318
17601,0.029804654
17701,0.006743359
17901,0.0118610645
18001,0.005369203
18101,0.48123652
18201,0.54878646
18401,0.6767087
18501,0.30932096
18701,0.60973096
18801,0.04955402
19101,0.0027906396
19501,0.06881305
19601,0.47196952
19701,0.07262891
19801,0.38282472
20701,0.052585006
20801,0.00818825
20901,0.10754099
21101,0.23247579
21201,0.11841141
21401,0.039375514
21801,0.110620074
22001,0.024535412
22301,0.0372895
22401,0.0038263027
22501,0.06623487
22601,0.0034774775
22901,0.54342884
23001,0.7009975
23201,0.027411109
23301,0.108900815
23601,0.26435596
23701,0.33006194
23801,0.27879646
23901,0.07375942
24101,0.16287309
24201,0.3486503
24401,0.49204162
24501,0.4995162
24601,0.43412215
24701,0.43024153
25301,0.26536638
25401,0.018971851
25801,0.0065525523
26001,0.0025668791
26101,0.09719999
26201,0.0206819
26301,0.01310095
26401,0.0056011467
26601,0.01861972
26701,0.023507953
26801,0.5023195
26901,0.15756994
27001,0.35509506
27301,0.010068391
27401,0.14943272
27501,0.35169557
27901,0.18786299
28001,0.33424747
28101,0.005872715
28301,0.06973212
28401,0.026394827
29001,0.015013414
29101,0.022803124
29301,0.014096686
29601,0.01737602
29701,0.0020757753
29801,0.0019978061
29901,0.019917797
30001,0.08509812
30101,0.0055311304
30301,0.049501874
30401,0.008520486
30701,0.009996809
30801,0.10005517
31101,0.037227906
31201,0.00072165014
31601,0.21627066
31701,0.007093103
31801,0.022015791
31901,0.08243533
32001,0.003836961
32101,0.0043678894
32801,0.0038133184
33001,0.08635867
33101,0.032447882
33501,0.12393011
33701,0.011951156
33801,0.011720255
33901,0.5556781
34001,0.51180845
34201,0.6208484
34301,0.027259283
34401,0.6442191
34501,0.4774605
34601,0.36014062
34801,0.6051054
35001,0.029842664
35201,0.45205894
35301,0.0051428596
35501,0.013556466
35601,0.03740301
35701,0.01294429
35901,0.04561961
36001,0.0063836193
36101,0.018638445
36601,0.0013982423
37201,0.008356479
37401,0.06802882
37501,0.17435318
37601,0.033111148
37701,0.06352426
38101,0.073749654
38201,0.0050463076
38301,0.0077510937
38401,0.08076167
38601,0.017351922
38801,0.009678806
39101,0.6597702
39201,0.47874683
39301,0.42979327
39401,0.5045949
39601,0.025078649
39701,0.0008245196
39901,0.081929736
40001,0.30385825
40201,0.023235358
40501,0.32693675
40601,0.031114416
41801,0.017770408
42001,0.010302826
42701,0.33640856
42901,0.004410345
43601,0.019573124
44201,0.0044788043
44501,0.17026107
44701,0.18312703
44901,0.003659807
45201,0.2276538
45301,0.014022196
45501,0.016098188
45601,0.05186173
46101,0.0020554378
46301,0.029988283
46501,0.012455638
46901,0.14023021
47001,0.3932579
47101,0.007582995
47201,0.05744409
47301,0.03737597
47601,0.04618223
47701,0.015413276
47801,0.034926794
47901,0.47244397
48201,0.07180047
48601,0.043033984
48701,0.19431718
49101,0.00297512
49201,0.057591338
49601,0.050308567
49701,0.46517518
49901,0.019065926
50101,0.008908409
50301,0.5752132
50401,0.5355827
50601,0.48707715
50801,0.6010248
50901,0.36560676
51001,0.5035137
51201,0.64942205
51601,0.19334126
51801,0.28551713
52001,0.084209375
52101,0.30798033
52501,0.19090325
52601,0.11104772
52701,3.4471617e-05
53201,0.035370037
53301,0.11931307
53401,0.00271435
53601,0.15891866
53901,0.013985482
54101,0.008116212
54201,0.020765478
54301,0.008326712
54401,0.009759966
54601,0.030643102
55001,0.022068392
55201,0.39747941
55401,0.562807
55501,0.10443696
55601,0.038050894
56201,0.19470082
56501,0.101372235
56701,0.12520583
56801,0.21967344
57001,0.015855124
57101,0.3331847
57201,0.09904414
57301,0.096330106
57501,0.015898166
57901,0.008581233
58001,0.045616113
58201,0.12684497
58301,0.049662497
58501,0.009160461
58901,0.004192685
59101,0.011638516
59201,0.041044492
59501,0.15255776
59601,0.010774447
59801,0.051912803
59901,0.0375604
60401,0.08353421
60501,0.07448684
60801,0.0137981875
61101,0.15918586
61301,0.0073258965
61401,0.02017492
61701,0.02134015
62101,0.0035957939
62401,0.016703285
62701,0.031411406
62801,0.10402483
63501,0.015143537
63601,0.064894274
63701,0.33213657
63801,0.03957905
63901,0.35439155
64301,0.008123043
64401,0.02363795
2,0.008358435
102,0.014148674
402,0.09372914
602,0.018159883
702,0.034868572
1002,0.056637425
1202,0.16779673
1702,0.003821405
2202,0.042854153
2702,0.19209033
2802,0.01640164
2902,0.09187041
3002,0.009620648
3102,0.20711088
3202,0.02387473
3302,0.0028282006
3402,0.11021316
3702,0.049856532
4002,0.0011997593
4102,0.0027859248
4202,0.16233908
4402,0.09725917
4702,0.006677695
4802,0.031855486
4902,0.026634296
5102,0.029318796
5202,0.1307885
5702,0.04714617
5902,0.0019781624
6202,0.11735274
6302,0.039143395
6502,0.009987627
6602,0.015555491
6802,0.08684887
6902,0.09574955
7002,0.15848446
7202,0.061669294
7402,0.007999348
7502,0.0057932255
7702,0.1176503
7902,0.1283058
8102,0.028255543
8202,0.07330893
8302,0.20229536
8402,0.2017543
8502,0.0836183
8602,0.23345461
8702,0.03206713
8902,0.10770027
9002,0.028349882
9202,0.13286422
9502,0.17919618
9802,0.07356209
9902,0.056410067
10102,0.21673481
10402,0.027263623
10502,0.08563425
10602,0.021413403
10702,0.0005741585
10902,0.030078793
11202,0.21435176
11302,0.20978606
11702,0.06632016
11902,0.0015354735
12102,0.22088626
12402,0.0075410185
12702,0.011882555
12902,0.003004595
13002,0.016391607
13402,0.007966685
13502,0.014378244
13602,0.034502335
13702,0.049092915
13902,0.015058195
14302,0.0058107926
14402,0.035204258
15402,0.010665188
15602,0.0326252
15702,0.0041535147
15802,0.1271427
15902,0.10082824
16102,0.02488887
16202,0.048450187
16302,0.021621538
16402,0.008174784
16502,0.007424716
16602,0.16772829
17002,0.0076787574
17102,0.03271458
17202,0.0149811385
17302,0.18098189
17402,0.039049555
17602,0.02453407
17702,0.0042067748
17902,0.0046514245
18002,0.005968974
18102,0.2598318
18202,0.23607683
18402,0.034510504
18502,0.0935204
18702,0.24193613
18802,0.14535359
19102,0.0032626446
19502,0.04438556
19602,0.08744686
19702,0.08819815
19802,0.27349684
20702,0.03927096
20802,0.02395867
20902,0.07039737
21102,0.14098202
21202,0.15778995
21402,0.08779864
21802,0.1519089
22002,0.07718206
22302,0.011543417
22402,0.011052632
22502,0.03866364
22602,0.003888205
22902,0.01928887
23002,0.044533364
23202,0.012201141
23302,0.16256829
23602,0.21461745
23702,0.11684265
23802,0.048183754
23902,0.1856898
24102,0.08565991
24202,0.308348
24402,0.0451921
24502,0.12690683
24602,0.044919763
24702,0.041737974
25302,0.08434173
25402,0.01124629
25802,0.0086015975
26002,0.013000935
26102,0.11252517
26202,0.048548494
26302,0.0010793003
26402,0.0060970644
26602,0.009471173
26702,0.100046426
26802,0.17764479
26902,0.24886373
27002,0.1797486
27302,0.012154323
27402,0.07058543
27502,0.24730614
27902,0.37669605
28002,0.22099416
28102,0.0034849164
28302,0.023459362
28402,0.016554164
29002,0.004847986
29102,0.06254682
29302,0.0077229817
29602,0.1577816
29702,0.011472226
29802,0.009979604
29902,0.021046832
30002,0.014864798
30102,0.0130296815
30302,0.013894678
30402,0.0070735053
30702,0.009987809
30802,0.13667162
31102,0.020743217
31202,0.010406846
31602,0.22727008
31702,0.024527058
31802,0.07328675
31902,0.062370002
32002,0.08793802
32102,0.008881403
32802,0.01046331
33002,0.15897815
33102,0.0071660397
33502,0.13986242
33702,0.006019522
33802,0.00892619
33902,0.1700154
34002,0.05628688
34202,0.07225409
34302,0.022272963
34402,0.09818799
34502,0.149325
34602,0.22695324
34802,0.028723992
35002,0.004285383
35202,0.038982656
35302,0.031628482
35502,0.05571851
35602,0.11162765
35702,0.045358498
35902,0.059593964
36002,0.014178165
36102,0.027203491
36602,0.008714769
37202,0.0007604206
37402,0.024039695
37502,0.11175856
37602,0.0449247
37702,0.015622563
38102,0.032114
38202,0.044281654
38302,0.016781092
38402,0.02448085
38602,0.0023987563
38802,0.014889215
39102,0.079655156
39202,0.011675673
39302,0.1353912
39402,0.13453914
39602,0.020620514
39702,2.5739833e-05
39902,0.30072147
40002,0.24226703
40202,0.022827122
40502,0.1320685
40602,0.08215045
41802,0.10838053
42002,0.049461853
42702,0.0977891
42902,0.01086298
43602,0.03741544
44202,0.14487584
44502,0.3186103
44702,0.17949787
44902,0.0043451623
45202,0.042631753
45302,0.00762218
45502,0.0155100785
45602,0.05444255
46102,0.017443923
46302,0.032715153
46502,0.011706594
46902,0.29300982
47002,0.279613
47102,0.006760958
47202,0.13593869
47302,0.06309011
47602,0.015651315
47702,0.0021336593
47802,0.004393791
47902,0.16739783
48202,0.13914496
48602,0.095196374
48702,0.008749959
49102,0.0075987745
49202,0.0409181
49602,0.059312686
49702,0.24700809
49902,0.07802892
50102,0.0047360063
50302,0.15774563
50402,0.25941396
50602,0.050940152
50802,0.19412686
50902,0.120377794
51002,0.08217793
51202,0.06536633
51602,0.04789016
51802,0.12956971
52002,0.027342591
52102,0.2173878
52502,0.25030497
52602,0.02413221
52702,5.5916016e-06
53202,0.012206838
53302,0.24060372
53402,0.00440012
53602,0.024567762
53902,0.002449311
54102,0.015452949
54202,0.01766544
54302,0.01620878
54402,0.03213782
54602,0.03295512
55002,0.009574913
55202,0.15133557
55402,0.17942818
55502,0.08640429
55602,0.0062706126
56202,0.16017339
56502,0.06388351
56702,0.2622602
56802,0.10546281
57002,0.012561691
57102,0.11827874
57202,0.07443337
57302,0.122090586
57502,0.053916525
57902,0.13977057
58002,0.07219752
58202,0.1395888
58302,0.015913574
58502,0.018508619
58902,0.0024887717
59102,0.0132601205
59202,0.1956234
59502,0.03929657
59602,0.033062376
59802,0.104919374
59902,0.0115118725
60402,0.22806911
60502,0.08155669
60802,0.0125235645
61102,0.11631766
61302,0.0068207937
61402,0.023754343
61702,0.022982549
62102,0.005960699
62402,0.016770275
62702,0.058222048
62802,0.29934618
63502,0.021208419
63602,0.16071592
63702,0.15914552
63802,0.032484695
63902,0.0928705
64302,0.005829507
64402,0.07950553
3,0.0010614177
103,0.00080919
403,0.009398784
603,0.0057220957
703,0.018085506
1003,0.0039555654
1203,0.0025444424
1703,0.0029630642
2203,0.007969149
2703,0.0008608839
2803,0.0012465416
2903,0.013088565
3003,0.0014895636
3103,0.014661455
3203,0.001931248
3303,0.0019587385
3403,0.0008649681
3703,0.0077188616
4003,0.00034326705
4103,0.05691117
4203,0.013351111
4403,0.0018379951
4703,0.002451348
4803,0.035530254
4903,0.0033254405
5103,0.002202015
5203,0.11599203
5703,0.019642286
5903,0.0010853752
6203,0.08986107
6303,0.010481371
6503,0.0039106496
6603,0.018419396
6803,0.032799967
6903,0.0035855325
7003,0.00071986875
7203,0.003912194
7403,0.0004920982
7503,0.0003263558
7703,0.009185279
7903,0.0026834814
8103,0.0076312143
8203,0.014466554
8303,0.011140978
8403,0.045137767
8503,0.0037893062
8603,0.03273653
8703,0.0030849513
8903,0.019640341
9003,0.0031142172
9203,0.011957598
9503,0.010825843
9803,0.0034186437
9903,0.0027276955
10103,0.023011195
10403,0.0018147714
10503,0.007565824
10603,0.026143756
10703,0.0053003686
10903,0.06531496
11203,0.013849089
11303,0.0019045745
11703,0.015038314
11903,0.0011947644
12103,0.0066270772
12403,0.0013188858
12703,0.0021638155
12903,0.0005712629
13003,0.0025066247
13403,0.009278262
13503,0.002747768
13603,0.030325625
13703,0.053079657
13903,0.00836238
14303,0.00430411
14403,0.0014928514
15403,0.0010682528
15603,0.023313
15703,0.00058543036
15803,0.006425911
15903,0.00482528
16103,0.002782818
16203,0.010196602
16303,0.0005915421
16403,0.0005760268
16503,0.00020936843
16603,0.00791316
17003,0.0020840366
17103,0.0015316228
17203,0.0034490183
17303,0.0056494065
17403,0.0023092602
17603,0.0022583331
17703,0.000761827
17903,0.0040983255
18003,0.0012278806
18103,0.004351656
18203,0.0007529661
18403,0.00038795214
18503,0.0045847334
18703,0.005638998
18803,0.009540978
19103,0.0011805601
19503,0.0030176241
19603,0.0015327883
19703,0.002144754
19803,0.014626272
20703,0.0102049615
20803,0.003946578
20903,0.0047626225
21103,0.0876712
21203,0.0068104463
21403,0.010804556
21803,0.08396553
22003,0.008648408
22303,0.0020871991
22403,0.0029456133
22503,0.016468436
22603,0.0015043649
22903,0.005846075
23003,0.0007186793
23203,0.0020235223
23303,0.055405017
23603,0.07895265
23703,0.004803859
23803,0.004591928
23903,0.007857947
24103,0.014132989
24203,0.022076735
24403,0.0007028534
24503,0.001533053
24603,0.002122661
24703,0.003390399
25303,0.007260954
25403,0.0024415236
25803,0.00024519823
26003,0.0015294375
26103,0.001452164
26203,0.016436338
26303,0.00031514265
26403,0.0017934039
26603,0.012392384
26703,0.10382194
26803,0.011637174
26903,0.001941153
27003,0.04013801
27303,0.0005671756
27403,0.0066395756
27503,0.033081476
27903,0.017975071
28003,0.015870778
28103,0.0003499517
28303,0.019437362
28403,0.008426757
29003,0.00090731814
29103,0.05960545
29303,0.013449213
29603,0.17657836
29703,0.008878401
29803,0.0011485841
29903,0.0037026687
30003,0.008704586
30103,0.0012997469
30303,0.002031736
30403,0.0017637135
30703,0.0010215554
30803,0.0042500314
31103,0.00079563033
31203,0.0032875356
31603,0.025206545
31703,0.0026416127
31803,0.008552327
31903,0.04351668
32003,0.011440718
32103,0.0023226696
32803,0.00065612525
33003,0.009572636
33103,0.0005421525
33503,0.02159365
33703,0.0050454224
33803,0.002548246
33903,0.0006429963
34003,0.0050292755
34203,0.0004065975
34303,0.0022713707
34403,0.0011580035
34503,0.0011591621
34603,0.0037521606
34803,0.00015622408
35003,0.0016002696
35203,0.0015758413
35303,0.009936215
35503,0.003655341
35603,0.0014626626
35703,0.00269836
35903,0.006632114
36003,0.0046833013
36103,0.006351991
36603,0.0022444697
37203,6.989237e-05
37403,0.002887462
37503,0.0056248414
37603,0.0007424841
37703,0.001437556
38103,0.008239631
38203,0.0067553692
38303,0.06308156
38403,0.0028461022
38603,0.00081168424
38803,0.00955703
39103,0.0039751776
39203,0.005930685
39303,0.028486742
39403,0.00559993
39603,0.0043964717
39703,3.912928e-06
39903,0.030870216
40003,0.0010806712
40203,0.0017068867
40503,0.008133265
40603,0.004627295
41803,0.005428159
42003,0.003983242
42703,0.010175779
42903,0.015144953
43603,0.0052582496
44203,0.07165399
44503,0.035628315
44703,0.05677103
44903,0.0017509887
45203,0.0022857825
45303,0.0015565418
45503,0.0012036226
45603,0.05214771
46103,0.014443328
46303,0.008245361
46503,0.0003660485
46903,0.031145046
47003,0.0014311903
47103,0.00018811278
47203,0.033443283
47303,0.015954493
47603,0.020878803
47703,0.0008636373
47803,0.002345744
47903,0.016778672
48203,0.021474821
48603,0.013337206
48703,0.0008126245
49103,0.00059286103
49203,0.011137234
49603,0.017272267
49703,0.0064571225
49903,0.004294725
50103,0.0010854562
50303,0.0039852327
50403,0.008363637
50603,0.003240585
50803,0.0009855047
50903,0.0008278428
51003,0.0042123497
51203,0.000817938
51603,0.08876217
51803,0.010968745
52003,0.0026934412
52103,0.027587714
52503,0.009126596
52603,0.002062742
52703,1.0195195e-05
53203,0.007762861
53303,0.06970123
53403,0.0061949976
53603,0.0045949994
53903,0.0004397347
54103,0.0046988227
54203,0.0042235553
54303,0.0050156335
54403,0.006743059
54603,0.043742187
55003,0.0015532892
55203,0.0011543501
55403,0.0057759467
55503,0.0077112005
55603,0.00052022125
56203,0.010675829
56503,0.009328951
56703,0.10399322
56803,0.015695803
57003,0.0010423447
57103,0.005697819
57203,0.0056544533
57303,0.018235447
57503,0.006716484
57903,0.020039251
58003,0.0042919307
58203,0.0022751102
58303,0.00423318
58503,0.0010377569
58903,0.00040881275
59103,0.0014280309
59203,0.0036685036
59503,0.0006296485
59603,0.007973434
59803,0.006197751
59903,0.0012681241
60403,0.0006128207
60503,0.003658148
60803,0.00812185
61103,0.003635912
61303,0.00090923527
61403,0.00055165973
61703,0.01040731
62103,0.0015301672
62403,0.04223131
62703,0.014855449
62803,0.006985838
63503,0.0017789737
63603,0.053754196
63703,0.035167377
63803,0.028795142
63903,0.001923485
64303,0.0017927323
64403,0.012585515
4,0.08366897
104,0.06370911
404,0.008191735
604,0.022518434
704,0.023722801
1004,0.06461952
1204,0.025316792
1704,0.14258762
2204,0.0054269726
2704,0.0012994751
2804,0.029312847
2904,0.007697042
3004,0.0028634279
3104,0.007769638
3204,0.013574777
3304,0.008571823
3404,0.0014246952
3704,0.14578785
4004,0.0016522859
4104,0.02309326
4204,0.018039308
4404,0.023990648
4704,0.015996454
4804,0.020629976
4904,0.060217757
5104,0.0029774287
5204,0.0234429
5704,0.012531487
5904,0.14887191
6204,0.016393997
6304,0.033977643
6504,0.03688034
6604,0.12727936
6804,0.042023096
6904,0.018421166
7004,0.00059685874
7204,0.003251463
7404,0.08661873
7504,0.026330495
7704,0.0021279978
7904,0.0064093615
8104,0.019958965
8204,0.0072729792
8304,0.0059022824
8404,0.017007766
8504,0.0049992064
8604,0.0075052422
8704,0.034909938
8904,0.04165221
9004,0.005325463
9204,0.0056521036
9504,0.009271755
9804,0.029812474
9904,0.008293138
10104,0.014221166
10404,0.013236935
10504,0.007647955
10604,0.03930798
10704,0.095809676
10904,0.018117381
11204,0.0096613215
11304,0.0049801776
11704,0.017927691
11904,0.14412344
12104,0.004357126
12404,0.0798484
12704,0.044438846
12904,0.0018653116
13004,0.088337146
13404,0.058466196
13504,0.04019355
13604,0.028629549
13704,0.025992174
13904,0.16639766
14304,0.02087694
14404,0.020889722
15404,0.013740241
15604,0.02423663
15704,0.0031823576
15804,0.00533354
15904,0.0056395354
16104,0.013917873
16204,0.07904419
16304,0.0149469515
16404,0.12104726
16504,0.0016045694
16604,0.10463631
17004,0.018033193
17104,0.038980473
17204,0.0507182
17304,0.03759674
17404,0.013450189
17604,0.044327788
17704,0.07134529
17904,0.13815746
18004,0.18568237
18104,0.014313908
18204,0.0003806146
18404,0.00071145425
18504,0.012758383
18704,0.0054460578
18804,0.008176475
19104,0.0070916945
19504,0.030758644
19604,0.0069589647
19704,0.037047055
19804,0.018074354
20704,0.043864496
20804,0.04294609
20904,0.020150218
21104,0.039028957
21204,0.0055138883
21404,0.007614199
21804,0.0061363634
22004,0.04114847
22304,0.09495044
22404,0.026872428
22504,0.0059902957
22604,0.04285218
22904,0.011504091
23004,0.00062743225
23204,0.14145224
23304,0.15717746
23604,0.012661084
23704,0.01437598
23804,0.014348827
23904,0.004872298
24104,0.002739537
24204,0.009753226
24404,0.006637201
24504,0.0018328602
24604,0.025932588
24704,0.016462168
25304,0.010664108
25404,0.072257034
25804,0.12867959
26004,0.008540862
26104,0.0055470634
26204,0.011035284
26304,0.022027487
26404,0.024832727
26604,0.15926704
26704,0.035955105
26804,0.015516546
26904,0.0015320268
27004,0.023104388
27304,0.05420582
27404,0.023461856
27504,0.024703132
27904,0.1020441
28004,0.05054252
28104,0.020765202
28304,0.014875048
28404,0.046139043
29004,0.0398879
29104,0.10958806
29304,0.040657524
29604,0.013824326
29704,0.042959545
29804,0.022266429
29904,0.06164717
30004,0.014713462
30104,0.021144759
30304,0.09449867
30404,0.0045243567
30704,0.111245275
30804,0.0058599976
31104,0.035261683
31204,0.008846039
31604,0.015929982
31704,0.033793893
31804,0.07260923
31904,0.013970252
32004,0.026123565
32104,0.1039347
32804,0.006163465
33004,0.040096484
33104,0.05260392
33504,0.010311401
33704,0.12939197
33804,0.09556708
33904,0.00087299215
34004,0.001944296
34204,0.0014163133
34304,0.018792802
34404,0.00078434654
34504,0.0022621427
34604,0.0022807631
34804,0.0009341649
35004,0.028764293
35204,0.0040435055
35304,0.07589607
35504,0.007537294
35604,0.004629601
35704,0.009900325
35904,0.060706194
36004,0.06817655
36104,0.08077444
36604,0.024846835
37204,0.0022533322
37404,0.013974991
37504,0.004989984
37604,0.03078076
37704,0.029927343
38104,0.06860658
38204,0.006771982
38304,0.009377616
38404,0.008148212
38604,0.10629441
38804,0.018403813
39104,0.0013190256
39204,0.023196027
39304,0.074514955
39404,0.0060306317
39604,0.10774399
39704,0.00037676693
39904,0.0064716507
40004,0.00039613788
40204,0.04057075
40504,0.0039316216
40604,0.008700697
41804,0.01600346
42004,0.018248467
42704,0.004646475
42904,0.040000744
43604,0.034397952
44204,0.025868883
44504,0.05659639
44704,0.019469116
44904,0.01365533
45204,0.0012917443
45304,0.091394804
45504,0.04544634
45604,0.015968466
46104,0.021664817
46304,0.031963244
46504,0.011259102
46904,0.015143809
47004,0.005791414
47104,0.07191717
47204,0.037133526
47304,0.02294515
47604,0.008107586
47704,0.103827186
47804,0.019741736
47904,0.005714408
48204,0.0528121
48604,0.05995578
48704,0.0022544335
49104,0.03885943
49204,0.015508753
49604,0.030178506
49704,0.002763844
49904,0.015884526
50104,0.14861375
50304,0.0019069283
50404,0.015808199
50604,0.009896302
50804,0.0013453999
50904,0.0037052615
51004,0.0061155446
51204,0.0010491781
51604,0.02599798
51804,0.010818239
52004,0.01935365
52104,0.013082299
52504,0.0037984236
52604,0.024000658
52704,0.0016408024
53204,0.024194593
53304,0.042850573
53404,0.010712491
53604,0.052990284
53904,0.019660564
54104,0.028451348
54204,0.023556847
54304,0.029425487
54404,0.0113526005
54604,0.035265535
55004,0.064728856
55204,0.0018009838
55404,0.02498879
55504,0.010772914
55604,0.046902303
56204,0.0464141
56504,0.02147301
56704,0.0077798776
56804,0.011223069
57004,0.049574897
57104,0.0044180606
57204,0.015079354
57304,0.0036544548
57504,0.022025485
57904,0.008852707
58004,0.018711386
58204,0.054082543
58304,0.06192471
58504,0.013687589
58904,0.1327807
59104,0.041579574
59204,0.004041121
59504,0.020903539
59604,0.013946339
59804,0.029596768
59904,0.0183851
60404,0.006709273
60504,0.03280971
60804,0.08893563
61104,0.021962216
61304,0.049265005
61404,0.021364424
61704,0.057789225
62104,0.010814936
62404,0.013819588
62704,0.0034028094
62804,0.001386201
63504,0.058702946
63604,0.043827962
63704,0.0043599196
63804,0.02765448
63904,0.00711698
64304,0.038712144
64404,0.01039057
5,0.0038093023
105,0.0044059283
405,0.0049655302
605,0.004985708
705,0.020667823
1005,0.007607113
1205,0.0008053786
1705,0.031457804
2205,0.079485565
2705,0.00048500244
2805,0.0010618799
2905,0.011714933
3005,0.0038551553
3105,0.004914683
3205,0.002380054
3305,0.04443004
3405,0.0005177006
3705,0.00244245
4005,0.00042619213
4105,0.15029971
4205,0.006017841
4405,0.001912042
4705,0.001947239
4805,0.033121817
4905,0.001007393
5105,0.011094251
5205,0.053730052
5705,0.019500984
5905,0.0028871042
6205,0.023359422
6305,0.012670382
6505,0.0045207944
6605,0.015958851
6805,0.021002429
6905,0.0046747793
7005,0.00036559606
7205,0.006146416
7405,0.00044876375
7505,0.00063368736
7705,0.012099171
7905,0.0012753888
8105,0.019903805
8205,0.015860856
8305,0.006604817
8405,0.02550378
8505,0.006480912
8605,0.039270613
8705,0.008443481
8905,0.04726584
9005,0.015189233
9205,0.009979444
9505,0.0028174035
9805,0.0045869085
9905,0.0042288043
10105,0.00843425
10405,0.0024175283
10505,0.008117943
10605,0.04021608
10705,0.0021068947
10905,0.053761743
11205,0.005935785
11305,0.0018566514
11705,0.012275074
11905,0.002423764
12105,0.0026518777
12405,0.0031362502
12705,0.0032756815
12905,0.0034643924
13005,0.0017493736
13405,0.014841779
13505,0.005853146
13605,0.021661509
13705,0.049228866
13905,0.0023065123
14305,0.004411336
14405,0.002973582
15405,0.0011946089
15605,0.0361377
15705,0.0016712178
15805,0.011972322
15905,0.008974151
16105,0.0029472497
16205,0.0074474504
16305,0.0014940874
16405,0.0073073376
16505,0.00013873266
16605,0.0023184058
17005,0.016092004
17105,0.0052965027
17205,0.017861284
17305,0.0047628856
17405,0.0038187194
17605,0.002915114
17705,0.0014989986
17905,0.057475675
18005,0.00859313
18105,0.0011468859
18205,0.0011009002
18405,0.0030807673
18505,0.026551563
18705,0.0015705571
18805,0.019925393
19105,0.003539661
19505,0.0023360157
19605,0.0011811025
19705,0.003377149
19805,0.0044652973
20705,0.009216926
20805,0.0034385575
20905,0.0024858501
21105,0.02360411
21205,0.0021966025
21405,0.013307028
21805,0.053193457
22005,0.009582153
22305,0.00065015565
22405,0.0032461116
22505,0.03839272
22605,0.0020309654
22905,0.014299246
23005,0.0006863872
23205,0.0016188401
23305,0.0048044613
23605,0.046856537
23705,0.0021637208
23805,0.0062385118
23905,0.0056287
24105,0.041032698
24205,0.010726081
24405,0.0013934877
24505,0.0017874609
24605,0.0025925643
24705,0.008614552
25305,0.002771889
25405,0.002924004
25805,0.0010619443
26005,0.0013481313
26105,0.0014602891
26205,0.017014027
26305,0.005427234
26405,0.0016424773
26605,0.019627608
26705,0.026986053
26805,0.004432491
26905,0.00090663566
27005,0.02426102
27305,0.00079442636
27405,0.013160639
27505,0.00970707
27905,0.00568157
28005,0.004790571
28105,0.001351796
28305,0.017846124
28405,0.012426572
29005,0.0027493702
29105,0.028400084
29305,0.0072160903
29605,0.071564116
29705,0.044174004
29805,0.0014813163
29905,0.004658664
30005,0.038296275
30105,0.0020398689
30305,0.002603015
30405,0.0036490667
30705,0.0023654855
30805,0.0013613375
31105,0.0013811882
31205,0.0038455976
31605,0.017763093
31705,0.0030819778
31805,0.0051506246
31905,0.053066716
32005,0.005874538
32105,0.016262911
32805,0.0014537262
33005,0.00988506
33105,0.0049119047
33505,0.00908002
33705,0.04442077
33805,0.014890877
33905,0.00041979118
34005,0.019465024
34205,0.00072791975
34305,0.020719454
34405,0.0019625456
34505,0.002240851
34605,0.006652194
34805,0.00018657622
35005,0.0043064943
35205,0.003475516
35305,0.006470997
35505,0.00329716
35605,0.0010740574
35705,0.002483713
35905,0.009280462
36005,0.005795735
36105,0.005089452
36605,0.0046645924
37205,0.0011062145
37405,0.0030071135
37505,0.0020230715
37605,0.0019936834
37705,0.005229812
38105,0.014223152
38205,0.0028804785
38305,0.04154864
38405,0.0103480555
38605,0.005826035
38805,0.011273917
39105,0.013235803
39205,0.017715432
39305,0.012864865
39405,0.0035525565
39605,0.0006174646
39705,0.00031553983
39905,0.011389505
40005,0.0007872735
40205,0.0029091926
40505,0.0063383477
40605,0.010218762
41805,0.0015018813
42005,0.013270774
42705,0.008968839
42905,0.013925375
43605,0.004098186
44205,0.0068718134
44505,0.00391792
44705,0.014816691
44905,0.010074446
45205,0.0014399582
45305,0.0011345799
45505,0.0010113243
45605,0.03319126
46105,0.009388634
46305,0.01193925
46505,0.0007584958
46905,0.028604535
47005,0.00049643114
47105,0.00047758853
47205,0.012338393
47305,0.0060542854
47605,0.029720502
47705,0.0062518944
47805,0.010600622
47905,0.02130095
48205,0.0121212965
48605,0.017757788
48705,0.00087765465
49105,0.00062842655
49205,0.012407535
49605,0.022040918
49705,0.0013254754
49905,0.0019282282
50105,0.015905065
50305,0.008098452
50405,0.0027230862
50605,0.005053335
50805,0.00082715106
50905,0.0018837195
51005,0.025306134
51205,0.0019409352
51605,0.050115027
51805,0.005093712
52005,0.0016505292
52105,0.009726913
52505,0.0043301363
52605,0.0052643707
52705,0.0023099435
53205,0.019286148
53305,0.011814857
53405,0.014881747
53605,0.0059854323
53905,0.0020759893
54105,0.006794621
54205,0.0069002737
54305,0.005526128
54405,0.0055284193
54605,0.068412565
55005,0.0023479077
55205,0.0045417994
55405,0.002185347
55505,0.011410393
55605,0.0006482593
56205,0.0031327056
56505,0.008234612
56705,0.043963976
56805,0.020893857
57005,0.0051352168
57105,0.005136169
57205,0.010857616
57305,0.014390988
57505,0.027620504
57905,0.003668485
58005,0.013662468
58205,0.0038431282
58305,0.0031696332
58505,0.0010034585
58905,0.00042744708
59105,0.0028351143
59205,0.005078187
59505,0.0023104523
59605,0.009423448
59805,0.0073695392
59905,0.0021406251
60405,0.00071027625
60505,0.0023605628
60805,0.011931554
61105,0.0026869942
61305,0.002877392
61405,0.00068274833
61705,0.008248415
62105,0.0029559906
62405,0.036007818
62705,0.023253394
62805,0.0020348104
63505,0.0017247321
63605,0.021966442
63705,0.017858041
63805,0.025682071
63905,0.003634523
64305,0.0017467252
64405,0.005196092
6,0.0046506445
106,0.001390135
406,0.084591605
606,0.22950727
706,0.046980955
1006,0.0038938352
1206,0.00938546
1706,0.0040166224
2206,0.0055587916
2706,0.0006959119
2806,0.037175965
2906,0.021322068
3006,0.04161792
3106,0.023404758
3206,0.3147264
3306,0.03531862
3406,0.006566436
3706,0.012853803
4006,0.015241582
4106,0.0013446001
4206,0.17195675
4406,0.032252513
4706,0.015357094
4806,0.029989062
4906,0.118561395
5106,0.016349785
5206,0.03646147
5706,0.26663557
5906,0.056015432
6206,0.02291504
6306,0.034693282
6506,0.22837484
6606,0.061935052
6806,0.08039983
6906,0.0484867
7006,0.004432649
7206,0.05051246
7406,0.1174698
7506,0.007973229
7706,0.0081123635
7906,0.010347546
8106,0.03698841
8206,0.006933869
8306,0.023742974
8406,0.02381013
8506,0.0028626367
8606,0.005501472
8706,0.018103356
8906,0.017722469
9006,0.020478062
9206,0.0036578681
9506,0.010426885
9806,0.02348099
9906,0.010231444
10106,0.05084964
10406,0.05265967
10506,0.013106188
10606,0.041670687
10706,0.004419045
10906,0.06672003
11206,0.0070453305
11306,0.005958037
11706,0.026850075
11906,0.05050139
12106,0.008254781
12406,0.064716004
12706,0.34417573
12906,0.038100757
13006,0.38422102
13406,0.0925492
13506,0.012423775
13606,0.02804563
13706,0.0592738
13906,0.05069483
14306,0.10034764
14406,0.04337117
15406,0.09218081
15606,0.06397257
15706,0.21550007
15806,0.02162596
15906,0.010780091
16106,0.16231743
16206,0.10621469
16306,0.0051475638
16406,0.0012744806
16506,0.0012417552
16606,0.0163944
17006,0.03276393
17106,0.0055870265
17206,0.0042520505
17306,0.01181309
17406,0.0058527733
17606,0.07352071
17706,0.0027351056
17906,0.005071507
18006,0.0021709364
18106,0.0016948986
18206,0.0008816878
18406,0.0028362258
18506,0.008623281
18706,0.0028535654
18806,0.05514009
19106,0.0037503473
19506,0.02131907
19606,0.015753362
19706,0.012367602
19806,0.013796085
20706,0.1769875
20806,0.019574411
20906,0.038883258
21106,0.05506176
21206,0.06796806
21406,0.024496062
21806,0.06869938
22006,0.013560884
22306,0.01989532
22406,0.11257364
22506,0.015508185
22606,0.2591799
22906,0.019845746
23006,0.0072682467
23206,0.112777606
23306,0.01800234
23606,0.010482382
23706,0.02834239
23806,0.056744907
23906,0.016878042
24106,0.018154059
24206,0.0045023384
24406,0.015371023
24506,0.06280035
24606,0.02126223
24706,0.011120615
25306,0.019661266
25406,0.2947464
25806,0.09717637
26006,0.0032297068
26106,0.005915657
26206,0.04676115
26306,0.054314956
26406,0.5180812
26606,0.059978824
26706,0.044038393
26806,0.012902283
26906,0.0080586495
27006,0.008304321
27306,0.022839982
27406,0.054662373
27506,0.021587513
27906,0.010762947
28006,0.032835405
28106,0.18032362
28306,0.037563153
28406,0.28558427
29006,0.23728052
29106,0.06247466
29306,0.10730564
29606,0.014376101
29706,0.013713909
29806,0.046510804
29906,0.012743791
30006,0.22041273
30106,0.046505082
30306,0.10739389
30406,0.16932134
30706,0.022933222
30806,0.05544979
31106,0.1412346
31206,0.090450406
31606,0.0412431
31706,0.028012583
31806,0.040056255
31906,0.043262936
32006,0.011560431
32106,0.0038019554
32806,0.019893404
33006,0.004688239
33106,0.0020111545
33506,0.022624332
33706,0.014548693
33806,0.0018115953
33906,0.005398413
34006,0.0044261445
34206,0.0036489198
34306,0.0050165905
34406,0.001386785
34506,0.014245361
34606,0.017888188
34806,0.0017676924
35006,0.2831441
35206,0.06663579
35306,0.044472706
35506,0.0057395776
35606,0.0063621537
35706,0.0066659814
35906,0.018215194
36006,0.06535644
36106,0.030182779
36606,0.0016939141
37206,0.0009321342
37406,0.43054625
37506,0.09714258
37606,0.01686951
37706,0.26787832
38106,0.19082098
38206,0.02463024
38306,0.027521808
38406,0.1990352
38606,0.0033613646
38806,0.008715255
39106,0.013885492
39206,0.015657274
39306,0.024452336
39406,0.026270097
39606,0.010746552
39706,5.722279e-06
39906,0.015840821
40006,0.017606825
40206,0.0030919975
40506,0.06204744
40606,0.016590549
41806,0.0046499586
42006,0.020134253
42706,0.06685019
42906,0.016853906
43606,0.14985691
44206,0.0019487469
44506,0.007653001
44706,0.08140448
44906,0.02183471
45206,0.29384702
45306,0.22402199
45506,0.31970608
45606,0.022886245
46106,0.005950731
46306,0.09960898
46506,0.045494463
46906,0.0041637705
47006,0.002075007
47106,0.022409223
47206,0.029489657
47306,0.10147223
47606,0.16118121
47706,0.035213
47806,0.046354424
47906,0.011667302
48206,0.04051336
48606,0.009151644
48706,0.0022118324
49106,0.076698735
49206,0.1697604
49606,0.04803948
49706,0.008481493
49906,0.007486088
50106,0.0012794887
50306,0.003297924
50406,0.0037883995
50606,0.010586947
50806,0.0018858161
50906,0.012881504
51006,0.035149153
51206,0.0027199986
51606,0.012225651
51806,0.04251572
52006,0.01528466
52106,0.10008222
52506,0.014065362
52606,0.1891331
52706,0.0058755274
53206,0.022580707
53306,0.02695437
53406,0.0008878994
53606,0.017025504
53906,0.5317184
54106,0.066057146
54206,0.16912685
54306,0.32960907
54406,0.057582583
54606,0.016470745
55006,0.011428777
55206,0.012565336
55406,0.0044788243
55506,0.06890486
55606,0.061060138
56206,0.02816438
56506,0.013300375
56706,0.0061400654
56806,0.13028288
57006,0.0105617605
57106,0.017897716
57206,0.04974677
57306,0.031152703
57506,0.00850766
57906,0.0066187195
58006,0.015344079
58206,0.04374273
58306,0.022832206
58506,0.031345922
58906,0.16544658
59106,0.059686564
59206,0.01995105
59506,0.013147626
59606,0.046412997
59806,0.050185166
59906,0.14004269
60406,0.0063723302
60506,0.13586406
60806,0.10615685
61106,0.057907853
61306,0.09330772
61406,0.059292063
61706,0.007957948
62106,0.1906788
62406,0.02707228
62706,0.02630328
62806,0.0029136904
63506,0.021480003
63606,0.022519505
63706,0.017837748
63806,0.029391523
63906,0.0261356
64306,0.07878854
64406,0.08094227
7,0.0009127624
107,0.0010552388
407,0.010408502
607,0.013676329
707,0.050386596
1007,0.0025169242
1207,0.007495326
1707,0.0031744598
2207,0.051742975
2707,0.019815793
2807,0.02468372
2907,0.045820016
3007,0.02265598
3107,0.021491196
3207,0.015691984
3307,0.0053479536
3407,0.020448936
3707,0.044976387
4007,0.037221756
4107,0.26679116
4207,0.07279796
4407,0.08250415
4707,0.054503616
4807,0.071859434
4907,0.031422522
5107,0.013897733
5207,0.053062942
5707,0.13311376
5907,0.09390943
6207,0.3288246
6307,0.12154638
6507,0.09928555
6607,0.10687565
6807,0.10218954
6907,0.03448468
7007,0.011353128
7207,0.018014856
7407,0.01455563
7507,0.0020862704
7707,0.08348413
7907,0.12905586
8107,0.007618242
8207,0.023287347
8307,0.056062195
8407,0.18776417
8507,0.028992789
8607,0.039442264
8707,0.015394993
8907,0.03174012
9007,0.015010051
9207,0.0437744
9507,0.027501773
9807,0.039076425
9907,0.03755372
10107,0.082891054
10407,0.27878645
10507,0.12390147
10607,0.25576755
10707,0.21127652
10907,0.19004053
11207,0.032850724
11307,0.022358198
11707,0.052654237
11907,0.07177889
12107,0.06996666
12407,0.07151266
12707,0.0430744
12907,0.025548745
13007,0.03473444
13407,0.10851121
13507,0.01627875
13607,0.40840784
13707,0.32014412
13907,0.19844365
14307,0.22888438
14407,0.100076556
15407,0.009952653
15607,0.10909485
15707,0.22504567
15807,0.10132607
15907,0.029368283
16107,0.041754156
16207,0.025307812
16307,0.0011168912
16407,0.00060521055
16507,0.000903796
16607,0.0029686121
17007,0.07374042
17107,0.0048453053
17207,0.0016810056
17307,0.021283783
17407,0.0061291805
17607,0.026359323
17707,0.004023705
17907,0.0036557373
18007,0.0029497421
18107,0.045844145
18207,0.04532961
18407,0.041891243
18507,0.05709896
18707,0.015660081
18807,0.17354459
19107,0.0012654061
19507,0.0074356687
19607,0.018097965
19707,0.027800027
19807,0.04138777
20707,0.23714058
20807,0.004637774
20907,0.005843682
21107,0.08374379
21207,0.13473925
21407,0.065569386
21807,0.11661429
22007,0.06249429
22307,0.092032544
22407,0.03020986
22507,0.043945365
22607,0.027780145
22907,0.11339839
23007,0.007045234
23207,0.08065968
23307,0.12552063
23607,0.050246138
23707,0.14575976
23807,0.017479878
23907,0.039500248
24107,0.026358463
24207,0.047924545
24407,0.021545887
24507,0.01550455
24607,0.022466816
24707,0.03265634
25307,0.006783701
25407,0.044079214
25807,0.03842251
26007,0.0014330657
26107,0.018069826
26207,0.4657787
26307,0.044304304
26407,0.050741475
26607,0.02848004
26707,0.06433646
26807,0.0615374
26907,0.04360949
27007,0.03402827
27307,0.02344892
27407,0.033379238
27507,0.026158318
27907,0.0087158
28007,0.06578961
28107,0.024438407
28307,0.2011364
28407,0.059022
29007,0.007390341
29107,0.0774121
29307,0.24161288
29607,0.19215241
29707,0.006799967
29807,0.02851036
29907,0.083986476
30007,0.09791098
30107,0.017512288
30307,0.08968394
30407,0.1630411
30707,0.0030259262
30807,0.03814126
31107,0.02822367
31207,0.14638504
31607,0.04211637
31707,0.012370904
31807,0.015330369
31907,0.08977947
32007,0.051120464
32107,0.0028067755
32807,0.015301853
33007,0.009034196
33107,0.0007097062
33507,0.041095376
33707,0.009605298
33807,0.002719668
33907,0.019072272
34007,0.0100326855
34207,0.054802626
34307,0.008919174
34407,0.012056952
34507,0.024913156
34607,0.03745227
34807,0.044438586
35007,0.047468103
35207,0.037350684
35307,0.033071138
35507,0.014440323
35607,0.009129266
35707,0.011020801
35907,0.016259737
36007,0.01861002
36107,0.13360837
36607,0.00079385185
37207,0.0015562538
37407,0.013128906
37507,0.05363155
37607,0.025938489
37707,0.043849096
38107,0.033048242
38207,0.031327054
38307,0.34280738
38407,0.022948664
38607,0.010925703
38807,0.011046004
39107,0.040077705
39207,0.14867723
39307,0.06756504
39407,0.018300762
39607,0.17009796
39707,2.1454086e-06
39907,0.053606305
40007,0.04694749
40207,0.0032135716
40507,0.10166202
40607,0.03292329
41807,0.0037289246
42007,0.04695666
42707,0.10073785
42907,0.25956202
43607,0.023473999
44207,0.016168322
44507,0.039818246
44707,0.03034892
44907,0.034074046
45207,0.021695744
45307,0.04411679
45507,0.034280717
45607,0.33766186
46107,0.01813134
46307,0.035769418
46507,0.019005906
46907,0.067390785
47007,0.01635443
47107,0.004885628
47207,0.016951071
47307,0.031571493
47607,0.25473592
47707,0.021656616
47807,0.0659229
47907,0.04369413
48207,0.023244923
48607,0.004211375
48707,0.00083170616
49107,0.026243465
49207,0.011889029
49607,0.099153094
49707,0.007600753
49907,0.012074973
50107,0.00088440784
50307,0.022467643
50407,0.040620703
50607,0.15975516
50807,0.03505014
50907,0.060720433
51007,0.03990184
51207,0.039897308
51607,0.31968457
51807,0.096322455
52007,0.34235373
52107,0.01613258
52507,0.12257659
52607,0.06363548
52707,0.00013403293
53207,0.028827969
53307,0.15181433
53407,0.15127814
53607,0.038322225
53907,0.0121355485
54107,0.037340615
54207,0.02125171
54307,0.09661078
54407,0.08656073
54607,0.035812434
55007,0.035477784
55207,0.04487037
55407,0.04824496
55507,0.055327438
55607,0.014372124
56207,0.04150779
56507,0.043722685
56707,0.060580052
56807,0.051156342
57007,0.008903753
57107,0.013800339
57207,0.20162159
57307,0.3402575
57507,0.018535296
57907,0.04766612
58007,0.018236011
58207,0.01539176
58307,0.3642644
58507,0.08339201
58907,0.10309404
59107,0.012452033
59207,0.14939982
59507,0.010640651
59607,0.028320266
59807,0.051833693
59907,0.008623931
60407,0.033603095
60507,0.01928893
60807,0.09813179
61107,0.055268887
61307,0.01270241
61407,0.028121693
61707,0.02152493
62107,0.028329844
62407,0.15716991
62707,0.12068836
62807,0.052587148
63507,0.005237231
63607,0.15459375
63707,0.08382741
63807,0.104496665
63907,0.025024066
64307,0.025001062
64407,0.14393964
8,0.26518673
108,0.16813098
408,0.02279748
608,0.038553193
708,0.23111522
1008,0.40078434
1208,0.12454299
1708,0.2157403
2208,0.14144376
2708,0.062867135
2808,0.0654008
2908,0.11895697
3008,0.006684938
3108,0.09663453
3208,0.041770812
3308,0.008292264
3408,0.08959973
3708,0.015405772
4008,0.0008195072
4108,0.0044525983
4208,0.04175881
4408,0.19871908
4708,0.0041104085
4808,0.10216838
4908,0.0044729747
5108,0.040821772
5208,0.20047487
5708,0.04975944
5908,0.10301991
6208,0.03565712
6308,0.11206066
6508,0.12683931
6608,0.07619783
6808,0.21597381
6908,0.15856816
7008,0.15584382
7208,0.030428149
7408,0.017415997
7508,0.00802821
7708,0.10226023
7908,0.2482438
8108,0.11498299
8208,0.08078283
8308,0.087511316
8408,0.12850907
8508,0.49252862
8608,0.18375586
8708,0.30455393
8908,0.36544454
9008,0.11347277
9208,0.29481715
9508,0.05997396
9808,0.13049993
9908,0.12647292
10108,0.058367573
10408,0.087087534
10508,0.26708335
10608,0.2088956
10708,0.019065658
10908,0.08498613
11208,0.24701731
11308,0.183684
11708,0.029627467
11908,0.11945215
12108,0.0834756
12408,0.15415777
12708,0.06591678
12908,0.021412035
13008,0.0192442
13408,0.08473725
13508,0.06451651
13608,0.16960223
13708,0.17272927
13908,0.013977226
14308,0.025941478
14408,0.09816977
15408,0.08861142
15608,0.10061997
15708,0.015198422
15808,0.07940308
15908,0.21843083
16108,0.011310093
16208,0.09920443
16308,0.1613639
16408,0.22587597
16508,0.0032089353
16608,0.048296604
17008,0.07371437
17108,0.13234127
17208,0.11361925
17308,0.09063916
17408,0.024377016
17608,0.010811568
17708,0.25569275
17908,0.18129888
18008,0.27971405
18108,0.013135833
18208,0.11448209
18408,0.022474634
18508,0.14919347
18708,0.05730004
18808,0.14022553
19108,0.012017176
19508,0.08361939
19608,0.029750885
19708,0.22625297
19808,0.031150466
20708,0.06446098
20808,0.0645272
20908,0.0628722
21108,0.081386514
21208,0.037480816
21408,0.10252831
21808,0.1025195
22008,0.24715939
22308,0.0063389004
22408,0.10931936
22508,0.18560372
22608,0.06789138
22908,0.01929333
23008,0.020221367
23208,0.024661794
23308,0.0075257565
23608,0.17810437
23708,0.01961983
23808,0.07320582
23908,0.115715615
24108,0.1547285
24208,0.073738635
24408,0.17142886
24508,0.12440067
24608,0.10315012
24708,0.13714135
25308,0.024882173
25408,0.06056174
25808,0.13235255
26008,0.029732699
26108,0.34616306
26208,0.04193335
26308,0.030065697
26408,0.028101848
26608,0.27539513
26708,0.14275268
26808,0.057200655
26908,0.21155559
27008,0.18448424
27308,0.28990263
27408,0.14228202
27508,0.03716955
27908,0.07621368
28008,0.0355864
28108,0.056214113
28308,0.04673017
28408,0.12424601
29008,0.08007124
29108,0.11567828
29308,0.040895287
29608,0.18081771
29708,0.0650397
29808,0.11172044
29908,0.40557265
30008,0.040503796
30108,0.07834295
30308,0.20803373
30408,0.014137593
30708,0.3582205
30808,0.050352804
31108,0.15524137
31208,0.046486404
31608,0.089999855
31708,0.10271118
31808,0.1349695
31908,0.12515362
32008,0.14250398
32108,0.2315388
32808,0.026275355
33008,0.068213634
33108,0.073870346
33508,0.09143663
33708,0.15193024
33808,0.26962796
33908,0.15285827
34008,0.113339566
34208,0.06370753
34308,0.29818022
34408,0.08524658
34508,0.20868713
34608,0.19804184
34808,0.012607824
35008,0.020746313
35208,0.048221987
35308,0.04473087
35508,0.053405598
35608,0.15623224
35708,0.052778423
35908,0.033833507
36008,0.010229607
36108,0.23299026
36608,0.014573683
37208,0.00206017
37408,0.019107865
37508,0.032219928
37608,0.29706588
37708,0.1300871
38108,0.1531186
38208,0.12767446
38308,0.06305483
38408,0.07764235
38608,0.40476102
38808,0.058403198
39108,0.06863099
39208,0.012288802
39308,0.03673949
39408,0.12173038
39608,0.004632283
39708,0.00015565607
39908,0.12925674
40008,0.2564021
40208,0.29804057
40508,0.03408066
40608,0.1770161
41808,0.094708964
42008,0.06548261
42708,0.087463774
42908,0.18176289
43608,0.10551385
44208,0.019640252
44508,0.019409802
44708,0.077917226
44908,0.058319956
45208,0.018049793
45308,0.01230124
45508,0.058718644
45608,0.06402672
46108,0.07751179
46308,0.18824004
46508,0.20431174
46908,0.18008386
47008,0.17415716
47108,0.29286817
47208,0.099375114
47308,0.039833535
47608,0.021566465
47708,0.22863509
47808,0.020860385
47908,0.1247949
48208,0.040842038
48608,0.1556881
48708,0.0046064905
49108,0.040565573
49208,0.14090341
49608,0.009747672
49708,0.122945435
49908,0.20058851
50108,0.13545012
50308,0.15380095
50408,0.02264251
50608,0.013376469
50808,0.08891296
50908,0.13774705
51008,0.109496444
51208,0.08394492
51608,0.010780719
51808,0.02593915
52008,0.001977339
52108,0.08308606
52508,0.054774296
52608,0.07251913
52708,0.0002841455
53208,0.015961347
53308,0.017226858
53408,0.008605931
53608,0.028795427
53908,0.015178954
54108,0.17977801
54208,0.08478721
54308,0.1189319
54408,0.062668025
54608,0.030613972
55008,0.39327818
55208,0.23245843
55408,0.029112447
55508,0.07327331
55608,0.036573794
56208,0.12547912
56508,0.1765493
56708,0.13656627
56808,0.10485153
57008,0.24812827
57108,0.22280085
57208,0.03709748
57308,0.021154795
57508,0.10662232
57908,0.036441445
58008,0.26142037
58208,0.3128031
58308,0.15653583
58508,0.039007634
58908,0.025340063
59108,0.1490671
59208,0.17009374
59508,0.38625753
59608,0.08549463
59808,0.16794805
59908,0.052873604
60408,0.3213929
60508,0.04322651
60808,0.28860414
61108,0.14571571
61308,0.16844589
61408,0.28091422
61708,0.18774682
62108,0.062003344
62408,0.09986824
62708,0.12247528
62808,0.24535115
63508,0.1974177
63608,0.05204318
63708,0.06621369
63808,0.11200448
63908,0.16978322
64308,0.020877054
64408,0.03324312
9,0.015603202
109,0.009529204
409,0.007237226
609,0.055294756
709,0.062366556
1009,0.01810344
1209,0.0047819717
1709,0.10057686
2209,0.14635748
2709,0.0027394474
2809,0.009543458
2909,0.057214543
3009,0.061875075
3109,0.008580331
3209,0.0040992103
3309,0.1550229
3409,0.0027357123
3709,0.0050414633
4009,0.014699461
4109,0.0023822803
4209,0.0023863066
4409,0.009169789
4709,0.02099692
4809,0.05724727
4909,0.017271921
5109,0.010982625
5209,0.08578904
5709,0.01802982
5909,0.24155164
6209,0.013395977
6309,0.05254863
6509,0.07412066
6609,0.024546767
6809,0.019654183
6909,0.0032996226
7009,0.002746117
7209,0.0047445274
7409,0.008154038
7509,0.15904292
7709,0.004351374
7909,0.0039876904
8109,0.31524456
8209,0.017965715
8309,0.001895364
8409,0.024030643
8509,0.09654061
8609,0.005380654
8709,0.037279494
8909,0.038578186
9009,0.064509265
9209,0.008355451
9509,0.02578035
9809,0.10012117
9909,0.181115
10109,0.010331537
10409,0.044225574
10509,0.11839797
10609,0.09456072
10709,0.0012558463
10909,0.028834486
11209,0.006246646
11309,0.0026908824
11709,0.0034622303
11909,0.076216474
12109,0.012557233
12409,0.123465694
12709,0.028961778
12909,0.4894274
13009,0.014165471
13409,0.111085095
13509,0.13281684
13609,0.0069757192
13709,0.0039971746
13909,0.0052729365
14309,0.017701343
14409,0.032272257
15409,0.019768164
15609,0.0652891
15709,0.010638009
15809,0.005977504
15909,0.008973347
16109,0.0036632777
16209,0.040486638
16309,0.004020965
16409,0.006043812
16509,0.002502082
16609,0.005349626
17009,0.34442696
17109,0.024573315
17209,0.15313157
17309,0.0036089676
17409,0.023891045
17609,0.006536558
17709,0.17371994
17909,0.058607176
18009,0.04551135
18109,0.0022329518
18209,0.0010027444
18409,0.006213495
18509,0.051139157
18709,0.00090058387
18809,0.027712088
19109,0.20589997
19509,0.045715276
19609,0.007276051
19709,0.020992177
19809,0.009190514
20709,0.010929151
20809,0.072478145
20909,0.0135796815
21109,0.0035103164
21209,0.012550157
21409,0.06339449
21809,0.011695349
22009,0.033051264
22309,0.0012424429
22409,0.038391653
22509,0.11504582
22609,0.052891377
22909,0.0017952864
23009,0.003170963
23209,0.004363817
23309,0.0016826395
23609,0.009561545
23709,0.0017646753
23809,0.04360277
23909,0.008161381
24109,0.09117741
24209,0.020879958
24409,0.005812908
24509,0.0023225893
24609,0.00883469
24709,0.03653711
25309,0.012287776
25409,0.062089268
25809,0.052531533
26009,0.0132876355
26109,0.040887326
26209,0.0128192315
26309,0.5086693
26409,0.022871586
26609,0.06279063
26709,0.059686914
26809,0.0026552207
26909,0.007919615
27009,0.005731214
27309,0.033663236
27409,0.00728251
27509,0.009712131
27909,0.0033376205
28009,0.0061216294
28109,0.13732076
28309,0.045671184
28409,0.0597626
29009,0.03162252
29109,0.032656427
29309,0.037146553
29609,0.027660053
29709,0.046917066
29809,0.0785275
29909,0.016208636
30009,0.081929274
30109,0.03340721
30309,0.010188267
30409,0.0292554
30709,0.030202942
30809,0.0055689914
31109,0.004034197
31209,0.07534291
31609,0.002913581
31709,0.020402733
31809,0.019258238
31909,0.054936294
32009,0.039865687
32109,0.029203465
32809,0.16186759
33009,0.010347728
33109,0.022136915
33509,0.037241597
33709,0.11781468
33809,0.093487866
33909,0.00041931745
34009,0.051413182
34209,0.0014499457
34309,0.28443968
34409,0.0056218486
34509,0.0025005988
34609,0.0049934858
34809,0.00043025322
35009,0.150727
35209,0.026549576
35309,0.1090081
35509,0.12663332
35609,0.017522039
35709,0.03155036
35909,0.025116116
36009,0.08792564
36109,0.018251402
36609,0.03683273
37209,0.31570745
37409,0.018007116
37509,0.008879665
37609,0.04667866
37709,0.054077342
38109,0.017659971
38209,0.015733566
38309,0.029016418
38409,0.14954084
38609,0.12770316
38809,0.15940449
39109,0.0074971877
39209,0.0024203216
39309,0.0029926074
39409,0.0042411354
39609,0.0030888205
39709,0.671712
39909,0.016528592
40009,0.0011876437
40209,0.16262898
40509,0.0012315122
40609,0.20139351
41809,0.0073957443
42009,0.09108097
42709,0.0022633204
42909,0.101683505
43609,0.012490357
44209,0.007888915
44509,0.0032864728
44709,0.0071195476
44909,0.31322518
45209,0.0017359128
45309,0.01793046
45509,0.0040386
45609,0.018989319
46109,0.039355956
46309,0.07824261
46509,0.010781013
46909,0.008440594
47009,0.002405274
47109,0.0050096097
47209,0.006157761
47309,0.05709204
47609,0.022447422
47709,0.2128318
47809,0.103708714
47909,0.0042498894
48209,0.0065779416
48609,0.011542467
48709,0.027015572
49109,0.014189335
49209,0.026858246
49609,0.04676232
49709,0.001346764
49909,0.004471627
50109,0.037962776
50309,0.005878342
50409,0.0013674502
50609,0.004340888
50809,0.0010859426
50909,0.0042218873
51009,0.016197296
51209,0.0027557563
51609,0.0048654717
51809,0.0022159724
52009,0.0067596035
52109,0.004527382
52509,0.0018928442
52609,0.03978516
52709,0.9182093
53209,0.2851859
53309,0.0063240733
53409,0.015468584
53609,0.042951122
53909,0.07365076
54109,0.0088772755
54209,0.04512532
54309,0.046151128
54409,0.028232157
54609,0.09830532
55009,0.080773085
55209,0.012016201
55409,0.0051325667
55509,0.02552071
55609,0.012688449
56209,0.022396829
56509,0.12004633
56709,0.007331727
56809,0.014331028
57009,0.24211821
57109,0.0085895965
57209,0.018936727
57309,0.0040699434
57509,0.24590956
57909,0.011393968
58009,0.12536503
58209,0.008957319
58309,0.044726264
58509,0.081651114
58909,0.036101375
59109,0.04052677
59209,0.022198841
59509,0.053450577
59609,0.22733551
59809,0.010572664
59909,0.06346952
60409,0.0027317782
60509,0.022199975
60809,0.026525144
61109,0.008549486
61309,0.010881408
61409,0.009139372
61709,0.074199185
62109,0.011177922
62409,0.039133154
62709,0.14024073
62809,0.011351182
63509,0.011004863
63609,0.0036921648
63709,0.01188081
63809,0.06539643
63909,0.0060562235
64309,0.06776189
64409,0.0033453074
10,0.26655298
110,0.09462659
410,0.20878349
610,0.45689797
710,0.13880754
1010,0.21171719
1210,0.35468814
1710,0.08092011
2210,0.084811985
2710,0.07848319
2810,0.5688541
2910,0.19130059
3010,0.6172518
3110,0.1749677
3210,0.37836677
3310,0.046629302
3410,0.33961666
3710,0.17050084
4010,0.26340744
4110,0.0019885278
4210,0.14065258
4410,0.29401654
4710,0.13820948
4810,0.08644091
4910,0.480066
5110,0.013390931
5210,0.13562748
5710,0.1376384
5910,0.18571372
6210,0.20701739
6310,0.097024135
6510,0.3127024
6610,0.2587507
6810,0.23075494
6910,0.06564071
7010,0.1631359
7210,0.108501635
7410,0.3746888
7510,0.42749822
7710,0.1411967
7910,0.10617302
8110,0.22047186
8210,0.07794821
8310,0.19424544
8410,0.12133959
8510,0.123451866
8610,0.042453174
8710,0.21030127
8910,0.1116491
9010,0.2182052
9210,0.028363254
9510,0.40573806
9810,0.3581461
9910,0.34923908
10110,0.3985351
10410,0.41499317
10510,0.09057865
10610,0.07167178
10710,0.0019803736
10910,0.040150996
11210,0.0522397
11310,0.07464202
11710,0.040594842
11910,0.24311164
12110,0.41476807
12410,0.36293396
12710,0.34443396
12910,0.29579192
13010,0.1961842
13410,0.20597194
13510,0.17181629
13610,0.09423458
13710,0.056788396
13910,0.062397696
14310,0.38098153
14410,0.5275092
15410,0.61824524
15610,0.050070636
15710,0.4367804
15810,0.223867
15910,0.10577322
16110,0.4830137
16210,0.42620027
16310,0.055183187
16410,0.099711336
16510,0.2610262
16610,0.37039173
17010,0.12260244
17110,0.13429637
17210,0.15926395
17310,0.14485045
17410,0.13973455
17610,0.5834547
17710,0.23050478
17910,0.03778763
18010,0.07937914
18110,0.14276391
18210,0.040602397
18410,0.18938124
18510,0.1731481
18710,0.026972948
18810,0.24029861
19110,0.15239766
19510,0.47193366
19610,0.3091118
19710,0.33207798
19810,0.13402213
20710,0.18965049
20810,0.44602633
20910,0.4675278
21110,0.07774454
21210,0.35188603
21410,0.4074641
21810,0.107714005
22010,0.12860845
22310,0.036598183
22410,0.5294482
22510,0.049664784
22610,0.42245272
22910,0.039560065
23010,0.17608991
23210,0.10158232
23310,0.1531816
23610,0.026860066
23710,0.26997864
23810,0.27842295
23910,0.45836833
24110,0.17119864
24210,0.07060122
24410,0.1913049
24510,0.099513434
24610,0.21734759
24710,0.18086551
25310,0.3201298
25410,0.30041826
25810,0.42135134
26010,0.2030539
26110,0.27674246
26210,0.14280309
26310,0.17899215
26410,0.24006368
26610,0.08947334
26710,0.1872705
26810,0.044364296
26910,0.2829474
27010,0.059461877
27310,0.41466996
27410,0.09009565
27510,0.10534244
27910,0.11792959
28010,0.06721519
28110,0.5252055
28310,0.06321218
28410,0.22873412
29010,0.45871174
29110,0.16212063
29310,0.08821987
29610,0.056876775
29710,0.2759454
29810,0.60856885
29910,0.14836593
30010,0.20541027
30110,0.6086783
30310,0.25750235
30410,0.46685117
30710,0.2675973
30810,0.52735555
31110,0.41751152
31210,0.46166232
31610,0.23210803
31710,0.42693767
31810,0.38341188
31910,0.12349674
32010,0.32420522
32110,0.086868264
32810,0.69028455
33010,0.1532282
33110,0.18034798
33510,0.35198617
33710,0.071489334
33810,0.083398975
33910,0.07081525
34010,0.10753913
34210,0.16801243
34310,0.12988052
34410,0.09205063
34510,0.07676885
34610,0.090972535
34810,0.29666996
35010,0.30352813
35210,0.24320199
35310,0.2895978
35510,0.36905986
35610,0.4513545
35710,0.28890792
35910,0.36536372
36010,0.4411739
36110,0.28793564
36610,0.15707488
37210,0.025492955
37410,0.2538089
37510,0.39052927
37610,0.24465972
37710,0.28237244
38110,0.19684938
38210,0.53380364
38310,0.06225002
38410,0.31046048
38610,0.06534366
38810,0.07938252
39110,0.0693525
39210,0.03185161
39310,0.027766336
39410,0.09947251
39610,0.10035704
39710,0.002519273
39910,0.245986
40010,0.086559
40210,0.21756089
40510,0.23168667
40610,0.28538078
41810,0.39429304
42010,0.17621456
42710,0.1923599
42910,0.044999044
43610,0.47727403
44210,0.34232053
44510,0.27466527
44710,0.171596
44910,0.28116968
45210,0.2616753
45310,0.2064741
45510,0.38986292
45610,0.14529248
46110,0.10635076
46310,0.32775941
46510,0.5151442
46910,0.16692951
47010,0.06772471
47110,0.32465956
47210,0.27410436
47310,0.49253112
47610,0.111917555
47710,0.16054767
47810,0.1286705
47910,0.08347314
48210,0.3191876
48610,0.1469969
48710,0.24865599
49110,0.63933814
49210,0.29044214
49610,0.23822032
49710,0.02859721
49910,0.46758702
50110,0.058962174
50310,0.03739627
50410,0.063070156
50610,0.22549917
50810,0.057518903
50910,0.2436437
51010,0.08988944
51210,0.13018268
51610,0.0893641
51810,0.30299067
52010,0.4526953
52110,0.080558084
52510,0.30966875
52610,0.33985946
52710,0.002399603
53210,0.15656348
53310,0.20932503
53410,0.004793985
53610,0.16713113
53910,0.25945717
54110,0.32087055
54210,0.4699089
54310,0.25777814
54410,0.565223
54610,0.0496411
55010,0.24123909
55210,0.086218946
55410,0.09290189
55510,0.21196106
55610,0.49234754
56210,0.21981469
56510,0.25677994
56710,0.15197946
56810,0.18971528
57010,0.16454816
57110,0.14683788
57210,0.41274366
57310,0.27726957
57510,0.13754115
57910,0.4311381
58010,0.23865096
58210,0.18713471
58310,0.08213416
58510,0.54587156
58910,0.22768895
59110,0.46651307
59210,0.33638746
59510,0.2487728
59610,0.4383575
59810,0.32494745
59910,0.58201045
60410,0.21556714
60510,0.50870425
60810,0.11713887
61110,0.31052986
61310,0.45291483
61410,0.40099385
61710,0.07973311
62110,0.5829532
62410,0.038680546
62710,0.19350165
62810,0.21567492
63510,0.37814695
63610,0.26918668
63710,0.13454746
63810,0.19324626
63910,0.23525472
64310,0.54815876
64410,0.5026926
11,0.022641936
111,0.3566254
411,0.25997418
611,0.0073484895
711,0.03808996
1011,0.059172153
1211,0.059053592
1711,0.05169255
2211,0.0008444794
2711,0.005129469
2811,0.008842192
2911,0.0057275407
3011,0.0025058286
3111,0.08836488
3211,0.049060963
3311,0.053219438
3411,0.008655867
3711,0.010705807
4011,0.0001525141
4111,0.0023099093
4211,0.04994345
4411,0.027311198
4711,0.002376107
4811,0.041124824
4911,0.013751586
5111,0.11675457
5211,0.005730238
5711,0.042254537
5911,0.001988448
6211,0.0029160706
6311,0.029352827
6511,0.0069133313
6611,0.004304727
6811,0.01593715
6911,0.023035018
7011,0.0036542842
7211,0.008443886
7411,0.047509357
7511,0.06736868
7711,0.003110113
7911,0.007000966
8111,0.0063385344
8211,0.020859104
8311,0.018724494
8411,0.030026885
8511,0.001660968
8611,0.010213124
8711,0.0049665645
8911,0.0039093047
9011,0.0018096432
9211,0.021588326
9511,0.009118768
9811,0.0023639298
9911,0.00034186416
10111,0.0042145713
10411,0.0007462685
10511,0.0044995463
10611,0.0018291865
10711,0.00083092466
10911,0.0074675884
11211,0.0150994435
11311,0.014916743
11711,0.047456935
11911,0.0037366257
12111,0.0035923624
12411,0.00518958
12711,0.007592463
12911,7.085561e-05
13011,0.023632936
13411,0.0041130357
13511,0.0867598
13611,0.010118665
13711,0.01898409
13911,0.010661848
14311,0.0011357808
14411,0.0012309126
15411,0.0033134613
15611,0.028114641
15711,0.0006319881
15811,0.0027525339
15911,0.002884435
16111,0.028296558
16211,0.009495802
16311,0.54976016
16411,0.21976806
16511,0.39294207
16611,0.05405924
17011,0.0049719024
17111,0.3817845
17211,0.13890558
17311,0.17580245
17411,0.47812176
17611,0.016141359
17711,0.009657507
17911,0.09815097
18011,0.06904917
18111,0.02018
18211,0.00242733
18411,0.0009904581
18511,0.0040561045
18711,0.019956391
18811,0.0075410632
19111,0.008019584
19511,0.034533266
19611,0.023993632
19711,0.009446065
19811,0.02394315
20711,0.047702726
20811,0.009036382
20911,0.08843463
21111,0.03182466
21211,0.049479242
21411,0.0010368512
21811,0.018630728
22011,0.045745198
22311,0.018099917
22411,0.0017694086
22511,0.0034676248
22611,0.009179411
22911,0.021136489
23011,0.022925878
23211,0.017606886
23311,0.022773972
23611,0.008005421
23711,0.022701748
23811,0.02424657
23911,0.0019182821
24111,0.0016582193
24211,0.018867612
24411,0.0044502816
24511,0.017228652
24611,0.04407288
24711,0.005358493
25311,0.1741462
25411,0.014594356
25811,0.0010491626
26011,0.0031535206
26111,0.0016773228
26211,0.00852824
26311,0.0010954022
26411,0.006165285
26611,0.0231356
26711,0.008504706
26811,0.0516425
26911,0.0035651245
27011,0.022540282
27311,0.0053954367
27411,0.280833
27511,0.06473766
27911,0.028644847
28011,0.058361787
28111,0.0010175345
28311,0.008682573
28411,0.012681937
29011,0.007949328
29111,0.017169602
29311,0.0038342166
29611,0.0059033013
29711,0.005531902
29811,0.00042439435
29911,0.054522574
30011,0.002306575
30111,0.0022772623
30311,0.038767412
30411,0.0006134779
30711,0.008590261
30811,0.013920066
31111,0.0077598444
31211,0.00044979402
31611,0.015326217
31711,0.002719924
31811,0.005996407
31911,0.023791708
32011,0.0069502913
32111,0.06907059
32811,0.00057129154
33011,0.30824333
33111,0.33549833
33511,0.013517451
33711,0.03282788
33811,0.1014803
33911,0.0066430243
34011,0.004670872
34211,0.0018205049
34311,0.0024020057
34411,0.008855564
34511,0.002705915
34611,0.0015666226
34811,0.0052781045
35011,0.005443864
35211,0.011673333
35311,0.0037718047
35511,0.005788719
35611,0.0009365483
35711,0.0036234215
35911,0.054065593
36011,0.00331755
36111,0.006006992
36611,0.005265558
37211,0.013729655
37411,0.05413206
37511,0.07365981
37611,0.00082215166
37711,0.015382734
38111,0.0831712
38211,0.0007610039
38311,0.0012625306
38411,0.0061852364
38611,0.066223145
38811,0.0025916009
39111,0.0017401694
39211,0.011385905
39311,0.06389928
39411,0.013170912
39611,0.010534935
39711,0.054270048
39911,0.00613434
40011,0.015947584
40211,0.009067719
40511,0.03873699
40611,0.0028230948
41811,0.005213088
42011,0.009990032
42711,0.01859559
42911,0.0017971603
43611,0.025082907
44211,0.0033465433
44511,0.013002507
44711,0.041250035
44911,0.00020588867
45211,0.05551545
45311,0.020038242
45511,0.009171839
45611,0.0012029925
46111,0.003891258
46311,0.0065880734
46511,0.0010376291
46911,0.017687574
47011,0.032735445
47111,0.002003264
47211,0.015092765
47311,0.0066252276
47611,0.0066951164
47711,0.027347615
47811,0.015012503
47911,0.0037776956
48211,0.052099768
48611,0.082288764
48711,0.44109094
49111,0.0033139745
49211,0.026530052
49611,0.075206
49711,0.070804946
49911,0.006033718
50111,0.1797187
50311,0.0035521854
50411,0.02659959
50611,0.002196549
50811,0.0067291874
50911,0.0014015231
51011,0.0013641826
51211,0.0050512757
51611,0.010550345
51811,0.012602429
52011,0.0037118671
52111,0.065714575
52511,0.009669394
52611,0.0065089054
52711,2.3178654e-06
53211,0.052965835
53311,0.025908157
53411,0.005308325
53611,0.16564983
53911,0.0013768115
54111,0.007957877
54211,0.0037015288
54311,0.0069961944
54411,0.0009164745
54611,0.020665096
55011,0.019666411
55211,0.00081715087
55411,0.015681883
55511,0.02960017
55611,0.054599438
56211,0.034090817
56511,0.0068563567
56711,0.0028890402
56811,0.011797489
57011,0.00093295024
57111,0.0018223876
57211,0.005047852
57311,0.018431082
57511,0.028758906
57911,0.005344108
58011,0.0009343413
58211,0.009559627
58311,0.004328755
58511,0.010354164
58911,0.005880344
59111,0.0016883475
59211,0.0018512199
59511,0.0071901055
59611,0.0025836297
59811,0.030302668
59911,0.008065878
60411,0.005119208
60511,0.010699694
60811,0.053025693
61111,0.008212555
61311,0.0076309494
61411,0.0038589542
61711,0.028769786
62111,0.0026904796
62411,0.00435674
62711,0.0011561587
62811,0.0020685527
63511,0.009693002
63611,0.031428255
63711,0.018371021
63811,0.005311925
63911,0.0029685276
64311,0.0088161295
64411,0.013389975
12,0.01920511
112,0.168921
412,0.027709441
612,0.005971355
712,0.009812406
1012,0.024581596
1212,0.004995054
1712,0.094903104
2212,0.0021012307
2712,0.00029009124
2812,0.00458778
2912,0.01115131
3012,0.0025464743
3112,0.0064930064
3212,0.006962904
3312,0.11529137
3412,0.0004030653
3712,0.0072837467
4012,0.0012024271
4112,0.32303923
4212,0.012391261
4412,0.006540547
4712,0.010280854
4812,0.0447274
4912,0.0048884703
5112,0.020632392
5212,0.009277365
5712,0.021894025
5912,0.005442191
6212,0.011589534
6312,0.01629601
6512,0.0033124555
6612,0.012762442
6812,0.018529033
6912,0.014430406
7012,0.00021501807
7212,0.005383093
7412,0.0039682244
7512,0.019851252
7712,0.00278999
7912,0.00083127763
8112,0.0065785428
8212,0.010271462
8312,0.0039541433
8412,0.028869098
8512,0.0013723938
8612,0.012153185
8712,0.0059452974
8912,0.01693563
9012,0.0012100821
9212,0.0030564847
9512,0.0030402013
9812,0.0069029015
9912,0.0016952934
10112,0.003835636
10412,0.0013493429
10512,0.0018297599
10612,0.0023144407
10712,0.00029106069
10912,0.013813525
11212,0.0029695344
11312,0.0027964585
11712,0.08703021
11912,0.0044515543
12112,0.0090522505
12412,0.008121665
12712,0.005689215
12912,9.4496354e-05
13012,0.0053035417
13412,0.0055588908
13512,0.06499446
13612,0.015691238
13712,0.027324667
13912,0.0046506347
14312,0.0019030436
14412,0.003948411
15412,0.0012280624
15612,0.018956704
15712,0.0020771408
15812,0.00488307
15912,0.001983523
16112,0.007927246
16212,0.0078390185
16312,0.03635143
16412,0.17218798
16512,0.009420485
16612,0.012314816
17012,0.005941648
17112,0.08854916
17212,0.107988246
17312,0.03887831
17412,0.09598959
17612,0.010762318
17712,0.0073437896
17912,0.16753492
18012,0.084001444
18112,0.007137317
18212,0.0002661394
18412,0.00039336726
18512,0.005158184
18712,0.0033943127
18812,0.013410688
19112,0.008622842
19512,0.008676315
19612,0.003761448
19712,0.007419343
19812,0.0053605186
20712,0.028548433
20812,0.007543956
20912,0.011035458
21112,0.021802027
21212,0.0036328605
21412,0.0034736954
21812,0.011078918
22012,0.03613279
22312,0.0025752953
22412,0.0022348573
22512,0.0018653789
22612,0.0046613743
22912,0.17320614
23012,0.0014080829
23212,0.0037346126
23312,0.022066776
23612,0.009608777
23712,0.009474532
23812,0.010467477
23912,0.0016131664
24112,0.0021949261
24212,0.009986265
24412,0.0017114775
24512,0.0010604331
24612,0.014003628
24712,0.005420892
25312,0.014902482
25412,0.003284472
25812,0.0011128741
26012,0.00348279
26112,0.00087253866
26212,0.04092046
26312,0.0021447425
26412,0.0012522353
26612,0.019759322
26712,0.010837093
26812,0.026084216
26912,0.00040120064
27012,0.014363305
27312,0.0016942389
27412,0.0842762
27512,0.028953908
27912,0.014079956
28012,0.017784731
28112,0.0010896956
28312,0.010198556
28412,0.0063087945
29012,0.0042110537
29112,0.02780379
29312,0.002978743
29612,0.0050796834
29712,0.041732468
29812,0.0004048815
29912,0.019673543
30012,0.006136883
30112,0.0026741582
30312,0.010467069
30412,0.002085746
30712,0.0063265595
30812,0.002476245
31112,0.0026352142
31212,0.0009987951
31612,0.009750197
31712,0.004043668
31812,0.005709285
31912,0.017848684
32012,0.010781084
32112,0.07440642
32812,0.00073760963
33012,0.105600275
33112,0.15366852
33512,0.005025402
33712,0.08981389
33812,0.11208806
33912,0.00062311237
34012,0.0013639474
34212,0.0007468915
34312,0.00640012
34412,0.000375552
34512,0.001249835
34612,0.0008783516
34812,0.00080676633
35012,0.005395412
35212,0.0028745178
35312,0.014397839
35512,0.008688079
35612,0.0006275506
35712,0.0069788294
35912,0.056948587
36012,0.016031515
36112,0.004611403
36612,0.014222384
37212,0.0499344
37412,0.0109127285
37512,0.0045487713
37612,0.0010835148
37712,0.006498649
38112,0.030344639
38212,0.0009432848
38312,0.00308628
38412,0.0024064195
38612,0.05919217
38812,0.012411008
39112,0.002219845
39212,0.22568622
39312,0.0660096
39412,0.004206606
39612,0.0030734804
39712,0.04174678
39912,0.005601679
40012,0.00032713072
40212,0.007394733
40512,0.010910986
40612,0.006654701
41812,0.0023125736
42012,0.112921014
42712,0.008042963
42912,0.0007438257
43612,0.006919281
44212,0.005525302
44512,0.0084890295
44712,0.010573638
44912,0.00045514683
45212,0.0012781703
45312,0.0030871683
45512,0.0017008621
45612,0.007653088
46112,0.017097408
46312,0.0041511278
46512,0.00056752097
46912,0.017189953
47012,0.0009266227
47112,0.0009875143
47212,0.008452756
47312,0.0031460512
47612,0.03573095
47712,0.014877271
47812,0.016740073
47912,0.0046598557
48212,0.027623173
48612,0.04801303
48712,0.024634222
49112,0.001655955
49212,0.008176405
49612,0.097559534
49712,0.0016467507
49912,0.0025264148
50112,0.22927296
50312,0.0016091479
50412,0.010954315
50612,0.010490481
50812,0.0006816705
50912,0.0010145627
51012,0.003516034
51212,0.0012946419
51612,0.10757632
51812,0.009728787
52012,0.009170708
52112,0.010652345
52512,0.0033297497
52612,0.0061230324
52712,0.0001506842
53212,0.013298351
53312,0.034506034
53412,0.16198315
53612,0.060777426
53912,0.0016159635
54112,0.009340172
54212,0.0049739545
54312,0.0038452605
54412,0.0013409023
54612,0.023790712
55012,0.0062980126
55212,0.00086975883
55412,0.010625593
55512,0.034787253
55612,0.0044555888
56212,0.005450707
56512,0.0043598665
56712,0.0056826435
56812,0.008065753
57012,0.0033944072
57112,0.00096092257
57212,0.010037041
57312,0.018637257
57512,0.07315033
57912,0.0037274084
58012,0.0029066782
58212,0.0042524543
58312,0.0017794746
58512,0.0042331354
58912,0.001072325
59112,0.0018391086
59212,0.002627695
59512,0.0024409397
59612,0.0033468497
59812,0.022277534
59912,0.002637257
60412,0.001393236
60512,0.0032651548
60812,0.025045015
61112,0.002893002
61312,0.007171968
61412,0.0011696243
61712,0.025083715
62112,0.0020923223
62412,0.0040044975
62712,0.0010011676
62812,0.0003723791
63512,0.0043204934
63612,0.039398637
63712,0.0054369834
63812,0.0073375013
63912,0.002120262
64312,0.0043733735
64412,0.007323577
13,0.02136422
113,0.006255223
413,0.0022357954
613,0.0066976016
713,0.0076853223
1013,0.004656563
1213,0.0032399376
1713,0.015747173
2213,0.0002626417
2713,2.0857029e-05
2813,0.04565531
2913,0.041802544
3013,0.010006309
3113,0.005447664
3213,0.0033334082
3313,0.046705473
3413,0.0003757415
3713,0.020291204
4013,0.011651445
4113,0.00016353962
4213,0.0007196763
4413,0.0010055805
4713,0.02015009
4813,0.050514016
4913,0.007179513
5113,0.0023044238
5213,0.0036825477
5713,0.003003546
5913,0.0054129977
6213,0.0049801837
6313,0.006686498
6513,0.0016029328
6613,0.026850514
6813,0.0045162435
6913,0.000704993
7013,0.00020871255
7213,0.00053802005
7413,0.0027335465
7513,0.029514238
7713,0.00056966237
7913,0.0013125645
8113,0.0052562836
8213,0.0015683161
8313,0.0010110267
8413,0.009908501
8513,0.000806716
8613,0.00037390104
8713,0.0034586655
8913,0.0027732346
9013,0.0009790105
9213,0.00021413648
9513,0.028761629
9813,0.014401495
9913,0.013980398
10113,0.002862218
10413,0.0012819998
10513,0.0021802294
10613,0.0023956883
10713,0.00017748712
10913,0.008610822
11213,0.000684792
11313,0.00036978137
11713,0.00084250665
11913,0.0063269963
12113,0.015913086
12413,0.005802603
12713,0.0013896994
12913,0.0005793475
13013,0.002455396
13413,0.010705543
13513,0.086018704
13613,0.005672312
13713,0.0016489007
13913,0.0011046631
14313,0.012563182
14413,0.003594634
15413,0.0020444922
15613,0.007193937
15713,0.0020724472
15813,0.00060180295
15913,0.00032222862
16113,0.0063238475
16213,0.0075918296
16313,0.0020513865
16413,0.0077981013
16513,0.00051230466
16613,0.0044096867
17013,0.0019710169
17113,0.0072643654
17213,0.018976713
17313,0.0023193287
17413,0.004607755
17613,0.020563269
17713,0.023850676
17913,0.021463204
18013,0.019759143
18113,8.8000685e-05
18213,7.5448525e-06
18413,2.1622349e-05
18513,0.00041033915
18713,8.549246e-05
18813,0.0062695635
19113,0.30471897
19513,0.022382118
19613,0.0013133953
19713,0.012210295
19813,0.001627624
20713,0.0038942099
20813,0.046507634
20913,0.009004141
21113,0.0052422895
21213,0.001178081
21413,0.0060048215
21813,0.005255271
22013,0.023021026
22313,0.0005888771
22413,0.0031750095
22513,0.0020478712
22613,0.0029594083
22913,0.00078604877
23013,0.00021034085
23213,0.0028522322
23313,0.0021722973
23613,0.0008686881
23713,0.0007783614
23813,0.015560862
23913,0.0018087872
24113,0.0022384713
24213,0.00051485
24413,0.0006776569
24513,0.0005292605
24613,0.0040097367
24713,0.0010748552
25313,0.003907108
25413,0.0024545297
25813,0.00041480802
26013,0.31028274
26113,0.0017317587
26213,0.006309012
26313,0.001008367
26413,0.0023076995
26613,0.0072053643
26713,0.0112237
26813,0.0007922097
26913,0.00046504437
27013,0.0014737572
27313,0.002069014
27413,0.0014768181
27513,0.0018225516
27913,0.0020714777
28013,0.0018830129
28113,0.0004294485
28313,0.0077830083
28413,0.002240011
29013,0.0023317684
29113,0.016044242
29313,0.010739328
29613,0.00089901086
29713,0.121398546
29813,0.0017571937
29913,0.00411543
30013,0.0031787702
30113,0.010004819
30313,0.0014638554
30413,0.0056290096
30713,0.0021216555
30813,0.0018430677
31113,0.0011331094
31213,0.0056346264
31613,0.0019224335
31713,0.020141957
31813,0.0105773695
31913,0.014364637
32013,0.038609084
32113,0.05588979
32813,0.004378116
33013,0.0028017682
33113,0.013033245
33513,0.008204231
33713,0.040779825
33813,0.015785825
33913,0.00011378746
34013,0.00021112472
34213,9.05703e-05
34313,0.001803336
34413,3.174992e-05
34513,0.00019564605
34613,0.00018920364
34813,3.6544607e-05
35013,0.0048143384
35213,0.0013874773
35313,0.019182358
35513,0.10891091
35613,0.0038205446
35713,0.19672608
35913,0.05918899
36013,0.029411599
36113,0.0043913987
36613,0.2916929
37213,0.068926804
37413,0.0034042383
37513,0.0011235942
37613,0.0006325733
37713,0.0012647386
38113,0.0030394506
38213,0.0035670528
38313,0.008778794
38413,0.0016809291
38613,0.0070780115
38813,0.09270055
39113,0.00013238491
39213,0.00071177824
39313,0.0002631816
39413,0.0023764877
39613,0.0015289772
39713,0.06781971
39913,0.008471745
40013,0.00015129942
40213,0.010543163
40513,0.0011349437
40613,0.008112447
41813,0.038182676
42013,0.1037017
42713,0.0018069975
42913,0.0018073716
43613,0.0037400536
44213,0.1209321
44513,0.0028034337
44713,0.007458154
44913,0.0021183498
45213,0.0012422773
45313,0.0033346983
45513,0.0017178582
45613,0.0106063755
46113,0.24500309
46313,0.004983004
46513,0.00032976223
46913,0.0007350606
47013,0.0004108682
47113,0.0005171035
47213,0.034066983
47313,0.0088299345
47613,0.02422993
47713,0.0041868947
47813,0.010205362
47913,0.00043835182
48213,0.028274268
48613,0.05429284
48713,0.006053178
49113,0.015465027
49213,0.008813485
49613,0.022000436
49713,0.0005300304
49913,0.0070954193
50113,0.012931451
50313,6.278698e-05
50413,6.577421e-05
50613,0.00053425896
50813,2.9518502e-05
50913,0.0003331137
51013,0.00028301205
51213,0.00011887322
51613,0.0017841841
51813,0.003676011
52013,0.0016997084
52113,0.0017243193
52513,0.00070726103
52613,0.0021522562
52713,0.0005130017
53213,0.047389146
53313,0.002074806
53413,0.0010726681
53613,0.018889045
53913,0.0011602952
54113,0.018316036
54213,0.0032588602
54313,0.0012311558
54413,0.007773076
54613,0.07642963
55013,0.0033022726
55213,0.00013224507
55413,0.0004033188
55513,0.027907431
55613,0.009250636
56213,0.004294072
56513,0.0035696868
56713,0.0022087514
56813,0.0024132642
57013,0.0034407564
57113,0.0010142307
57213,0.0024822087
57313,0.00052529306
57513,0.04332062
57913,0.0727685
58013,0.0026877471
58213,0.0006678671
58313,0.0016068718
58513,0.020757442
58913,0.0012651319
59113,0.0022460478
59213,0.00074619247
59513,0.0007695524
59613,0.0040719253
59813,0.00561785
59913,0.0021288295
60413,0.0006050236
60513,0.0020181858
60813,0.004476639
61113,0.0021664526
61313,0.0028181237
61413,0.0004174353
61713,0.07127887
62113,0.003926649
62413,0.012208195
62713,0.0023509206
62813,0.0012803249
63513,0.010027441
63613,0.0074391677
63713,0.0020222655
63813,0.021920616
63913,0.0006570405
64313,0.015413761
64413,0.006309779
14,0.11484733
114,0.019162005
414,0.01621151
614,0.045358118
714,0.029519137
1014,0.04287949
1214,0.021363862
1714,0.06901755
2214,0.01586311
2714,0.0011155443
2814,0.071429804
2914,0.320593
3014,0.010852126
3114,0.02370169
3214,0.04623948
3314,0.022696339
3414,0.008569694
3714,0.020846374
4014,0.005000819
4114,0.0060324552
4214,0.020157719
4414,0.036851674
4714,0.010653045
4814,0.069853306
4914,0.009371355
5114,0.0041232575
5214,0.039308663
5714,0.020707808
5914,0.021280285
6214,0.022738121
6314,0.008954211
6514,0.032170337
6614,0.045438793
6814,0.07588797
6914,0.032265656
7014,0.018814761
7214,0.0285988
7414,0.009410521
7514,0.0059431717
7714,0.0127500435
7914,0.010851532
8114,0.027091568
8214,0.006023029
8314,0.019702243
8414,0.07116523
8514,0.030427976
8614,0.009986116
8714,0.08270773
8914,0.10780992
9014,0.042145677
9214,0.0027625037
9514,0.124828346
9814,0.17018537
9914,0.1621407
10114,0.047512867
10414,0.038208336
10514,0.012624762
10614,0.07041279
10714,0.0009004115
10914,0.03290147
11214,0.010115148
11314,0.008865326
11714,0.007568227
11914,0.014533474
12114,0.11433696
12414,0.04699728
12714,0.042852603
12914,0.01402579
13014,0.016350865
13414,0.027929062
13514,0.05548084
13614,0.070619665
13714,0.052387584
13914,0.0030423033
14314,0.022968322
14414,0.10265415
15414,0.10840699
15614,0.017419904
15714,0.01303368
15814,0.020960344
15914,0.02394096
16114,0.022206584
16214,0.048835915
16314,0.012395521
16414,0.029837318
16514,0.0014301166
16614,0.03417024
17014,0.0054318625
17114,0.012809222
17214,0.0414579
17314,0.011252366
17414,0.0073163155
17614,0.025506793
17714,0.058396533
17914,0.050679095
18014,0.060241
18114,0.0014267374
18214,0.0013378796
18414,0.0016757535
18514,0.012468689
18714,0.0034453936
18814,0.07391227
19114,0.09133516
19514,0.052686803
19614,0.009601273
19714,0.10820401
19814,0.008726754
20714,0.028448837
20814,0.118465185
20914,0.031766687
21114,0.041642286
21214,0.009661469
21414,0.11189986
21814,0.036012266
22014,0.18930207
22314,0.0020783502
22414,0.08737037
22514,0.025499329
22614,0.032621548
22914,0.006251872
23014,0.007158037
23214,0.011087828
23314,0.009916294
23614,0.019827481
23714,0.0075828317
23814,0.09210603
23914,0.067097194
24114,0.052233227
24214,0.0036895587
24414,0.031171279
24514,0.028383007
24614,0.029715225
24714,0.010505557
25314,0.019119784
25414,0.021742975
25814,0.09610382
26014,0.28598818
26114,0.07566454
26214,0.025967848
26314,0.004767961
26414,0.020704417
26614,0.032423615
26714,0.058653373
26814,0.0065963417
26914,0.022320086
27014,0.013959369
27314,0.08510838
27414,0.016902834
27514,0.013031162
27914,0.03022062
28014,0.007525493
28114,0.028154522
28314,0.01262388
28414,0.040525965
29014,0.07318159
29114,0.04361345
29314,0.020861914
29614,0.038035046
29714,0.13743038
29814,0.052649125
29914,0.069732204
30014,0.03986166
30114,0.13023597
30314,0.02651328
30414,0.029896108
30714,0.14125803
30814,0.04702055
31114,0.12759246
31214,0.035585895
31614,0.044380274
31714,0.27623537
31814,0.15524624
31914,0.029770812
32014,0.14813754
32114,0.1355843
32814,0.01718246
33014,0.010892184
33114,0.019064963
33514,0.02521782
33714,0.08783332
33814,0.067895435
33914,0.013758154
34014,0.006341472
34214,0.0061151483
34314,0.060122065
34414,0.0012877963
34514,0.030408528
34614,0.027402647
34814,0.0012822333
35014,0.013592845
35214,0.013670836
35314,0.061592717
35514,0.1072513
35614,0.18890963
35714,0.23879708
35914,0.06172457
36014,0.047334097
36114,0.040067103
36614,0.16795394
37214,0.010225545
37414,0.023551323
37514,0.011719601
37614,0.24174502
37714,0.044998936
38114,0.03499499
38214,0.17887768
38314,0.0220809
38414,0.034925856
38614,0.017719414
38814,0.4329693
39114,0.012220964
39214,0.0040065353
39314,0.0031087552
39414,0.042384114
39614,0.0018745349
39714,0.021551752
39914,0.06502451
40014,0.012590975
40214,0.14496185
40514,0.013741437
40614,0.0883377
41814,0.2510837
42014,0.15813343
42714,0.025571248
42914,0.030245537
43614,0.06053563
44214,0.12642123
44514,0.015058229
44714,0.05460176
44914,0.02912389
45214,0.01917417
45314,0.0074650845
45514,0.03276341
45614,0.03919272
46114,0.28706434
46314,0.06089251
46514,0.16133533
46914,0.01824879
47014,0.0037873017
47114,0.25017157
47214,0.15559834
47314,0.025161311
47614,0.07282407
47714,0.01421954
47814,0.0069499244
47914,0.023411477
48214,0.06801227
48614,0.10935468
48714,0.0063217715
49114,0.036595054
49214,0.12725851
49614,0.0076090246
49714,0.014067836
49914,0.1543408
50114,0.040666617
50314,0.0055046477
50414,0.0018636027
50614,0.007625947
50814,0.0023469394
50914,0.035169087
51014,0.04005474
51214,0.0048765168
51614,0.0032326125
51814,0.03277077
52014,0.0029570693
52114,0.037257846
52514,0.014869161
52614,0.09713036
52714,0.02040954
53214,0.0132616
53314,0.010776199
53414,0.00029433978
53614,0.015891338
53914,0.048768517
54114,0.21540177
54214,0.09259671
54314,0.040733535
54414,0.057708174
54614,0.29432207
55014,0.02205376
55214,0.035339758
55414,0.0026843594
55514,0.21301432
55614,0.016022755
56214,0.013350629
56514,0.010302089
56714,0.055498
56814,0.09117496
57014,0.18225329
57114,0.10182515
57214,0.017872652
57314,0.003259428
57514,0.0922408
57914,0.09892404
58014,0.11537013
58214,0.07901342
58314,0.0029632
58514,0.010760233
58914,0.004025413
59114,0.17121968
59214,0.037016314
59514,0.044424135
59614,0.034840193
59814,0.114660025
59914,0.047162194
60414,0.0903326
60514,0.026846208
60814,0.024311371
61114,0.084428474
61314,0.15334289
61414,0.14250204
61714,0.23434365
62114,0.065764196
62414,0.05448372
62714,0.027088482
62814,0.031443972
63514,0.21755728
63614,0.027945628
63714,0.010454201
63814,0.04529474
63914,0.063419275
64314,0.014275013
64414,0.027470645
15,0.048464473
115,0.02181693
415,0.009604297
615,0.021133745
715,0.034708418
1015,0.008524581
1215,0.014278727
1715,0.083333954
2215,0.00108694
2715,0.00010500628
2815,0.07728844
2915,0.006721138
3015,0.0047654803
3115,0.009072451
3215,0.025685912
3315,0.0054032984
3415,0.0018511135
3715,0.39156294
4015,0.0017485437
4115,0.0016894008
4215,0.018815935
4415,0.0071102725
4715,0.009448023
4815,0.028286863
4915,0.16287477
5115,0.0017339328
5215,0.010029992
5715,0.0087651005
5915,0.073254436
6215,0.008023599
6315,0.04737994
6515,0.029980496
6615,0.08309241
6815,0.014518968
6915,0.0029504856
7015,0.00025037338
7215,0.0011817848
7415,0.28413603
7515,0.07059293
7715,0.0009528329
7915,0.005988973
8115,0.012521561
8215,0.0026487948
8315,0.005611327
8415,0.009135776
8515,0.0016089061
8615,0.0006053192
8715,0.010737761
8915,0.00631024
9015,0.0019541117
9215,0.0014421256
9515,0.014315927
9815,0.010856713
9915,0.0042295586
10115,0.008036786
10415,0.0055735903
10515,0.006020745
10615,0.027431088
10715,0.6178534
10915,0.02444037
11215,0.0021332693
11315,0.0006249617
11715,0.004531966
11915,0.18721049
12115,0.0016171274
12415,0.027694585
12715,0.02197917
12915,0.0014742558
13015,0.16131918
13415,0.0810541
13515,0.051859226
13615,0.024715308
13715,0.016002607
13915,0.4038997
14315,0.05074043
14415,0.0027932965
15415,0.008480483
15615,0.024124574
15715,0.0017017266
15815,0.0019484317
15915,0.0011263108
16115,0.04304079
16215,0.039563183
16315,0.013133588
16415,0.040272396
16515,0.005498033
16615,0.037125353
17015,0.012418239
17115,0.026011232
17215,0.019056093
17315,0.009347579
17415,0.010747789
17615,0.08239079
17715,0.0757329
17915,0.082447834
18015,0.09531167
18115,0.0012182606
18215,3.3506287e-05
18415,0.00016901921
18515,0.0008139948
18715,0.00045855987
18815,0.005444161
19115,0.012814981
19515,0.0468705
19615,0.0069579
19715,0.01728323
19815,0.014707234
20715,0.03131138
20815,0.030461987
20915,0.026165089
21115,0.039251637
21215,0.009901777
21415,0.0023435496
21815,0.0060158246
22015,0.02682462
22315,0.6665128
22415,0.015684048
22515,0.0068451883
22615,0.043000147
22915,0.0027860007
23015,0.0004210413
23215,0.43870783
23315,0.1312096
23615,0.0025052587
23715,0.01819747
23815,0.0147162415
23915,0.0028938
24115,0.0023590445
24215,0.0013016622
24415,0.0018997511
24515,0.0016793096
24615,0.017137036
24715,0.0033857722
25315,0.020742953
25415,0.06809374
25815,0.009486462
26015,0.013229592
26115,0.0019900987
26215,0.0029155777
26315,0.010135232
26415,0.050519522
26615,0.11301665
26715,0.023045614
26815,0.003853287
26915,0.0010218276
27015,0.0046349997
27315,0.03631213
27415,0.007997113
27515,0.008905147
27915,0.007928175
28015,0.04441481
28115,0.0035363627
28315,0.030748643
28415,0.03322609
29015,0.022942845
29115,0.057328124
29315,0.12109277
29615,0.007598083
29715,0.018481204
29815,0.012614987
29915,0.058532003
30015,0.008800199
30115,0.012062898
30315,0.076060556
30415,0.0039693112
30715,0.014544103
30815,0.00511975
31115,0.015255411
31215,0.00819598
31615,0.008492823
31715,0.015626999
31815,0.026896495
31915,0.020309325
32015,0.01696258
32115,0.08556093
32815,0.004688541
33015,0.0065343543
33115,0.03660211
33515,0.010469072
33715,0.07533056
33815,0.03653514
33915,0.00022057032
34015,0.00043574217
34215,0.00038944455
34315,0.0024969978
34415,0.00014174217
34515,0.00039273122
34615,0.00050981465
34815,0.0005897112
35015,0.028531367
35215,0.0024846697
35315,0.0193744
35515,0.010450065
35615,0.002129071
35715,0.010288172
35915,0.029724043
36015,0.02127618
36115,0.08117889
36615,0.019650063
37215,0.0005864425
37415,0.02909411
37515,0.009635343
37615,0.0024543125
37715,0.01260643
38115,0.03792406
38215,0.0036956742
38315,0.02186848
38415,0.0061894287
38615,0.058544993
38815,0.007993164
39115,0.00022943427
39215,0.0018666071
39315,0.015178135
39415,0.0029091246
39615,0.50408226
39715,0.000818308
39915,0.0042652125
40015,0.00044942487
40215,0.011798889
40515,0.0054461374
40615,0.005065099
41815,0.0114198765
42015,0.003198944
42715,0.004189012
42915,0.08384228
43615,0.025649609
44215,0.014083899
44515,0.022010995
44715,0.022311088
44915,0.00874187
45215,0.008481494
45315,0.32680297
45515,0.063443236
45615,0.014762229
46115,0.017479032
46315,0.029348003
46515,0.0024824315
46915,0.0027076928
47015,0.0008847446
47115,0.0075229434
47215,0.033868436
47315,0.030411223
47615,0.0064451885
47715,0.08017978
47815,0.0213617
47915,0.0013068166
48215,0.051258355
48615,0.027441561
48715,0.006639378
49115,0.077170245
49215,0.021591898
49615,0.0180902
49715,0.0011031254
49915,0.010280726
50115,0.06532896
50315,0.00011372668
50415,0.00097135844
50615,0.0016063057
50815,0.00014168394
50915,0.00092946034
51015,0.0008004975
51215,0.00027583685
51615,0.003123114
51815,0.014518507
52015,0.010085539
52115,0.008312047
52515,0.003488699
52615,0.006047125
52715,0.00011726537
53215,0.06542121
53315,0.014335077
53415,0.00015339156
53615,0.13285814
53915,0.0052742003
54115,0.032429855
54215,0.011415797
54315,0.017824594
54415,0.014104294
54615,0.036825966
55015,0.051791914
55215,0.0002743335
55415,0.0030311225
55515,0.008047948
55615,0.19187826
56215,0.04119861
56515,0.015006421
56715,0.0025612838
56815,0.00830686
57015,0.0065315757
57115,0.001583175
57215,0.008226663
57315,0.0013155215
57515,0.0073578027
57915,0.009326499
58015,0.0045670415
58215,0.0053737094
58315,0.059128955
58515,0.050999384
58915,0.27135506
59115,0.011491467
59215,0.00052480627
59515,0.0024204468
59615,0.006211521
59815,0.007357731
59915,0.011888276
60415,0.000864764
60515,0.019602353
60815,0.07106345
61115,0.0121617615
61315,0.015175431
61415,0.0040829503
61715,0.07060801
62115,0.0124650905
62415,0.038883995
62715,0.0042722165
62815,0.00072355603
63515,0.03223924
63615,0.015357759
63715,0.00404777
63815,0.042292945
63915,0.0021083637
64315,0.10176099
64415,0.015308421
16,0.09128258
116,0.023057241
416,0.0028145746
616,0.008881867
716,0.020249078
1016,0.023526711
1216,0.008172495
1716,0.035949226
2216,0.0005242242
2716,0.00020179161
2816,0.01257218
2916,0.009489492
3016,0.00996181
3116,0.010826606
3216,0.0016070022
3316,0.010748089
3416,0.00077008933
3716,0.013574756
4016,0.0005599012
4116,7.689834e-06
4216,0.0011749228
4416,0.0009137788
4716,0.0027269232
4816,0.018150985
4916,0.008242227
5116,0.005410149
5216,0.009392074
5716,0.0017905665
5916,0.0029747265
6216,0.0014266866
6316,0.016958402
6516,0.001312527
6616,0.007986
6816,0.0029868071
6916,0.00046606592
7016,0.0002745342
7216,0.00036267054
7416,0.0025614966
7516,0.12037058
7716,0.00036010554
7916,0.003067312
8116,0.03497137
8216,0.004138245
8316,0.0009850065
8416,0.0040363334
8516,0.0019942804
8616,0.00075647805
8716,0.004406307
8916,0.0029121889
9016,0.001904173
9216,0.0014973899
9516,0.019701237
9816,0.006789694
9916,0.006117788
10116,0.0016082299
10416,0.00039954152
10516,0.0072570317
10616,0.0010191388
10716,0.00020084191
10916,0.008024586
11216,0.0028055273
11316,0.0007963167
11716,0.00066210004
11916,0.0051515773
12116,0.0025402838
12416,0.0031072558
12716,0.00079069333
12916,0.0005030656
13016,0.0026416255
13416,0.007776091
13516,0.054676786
13616,0.0010831895
13716,0.0006087833
13916,0.0015007631
14316,0.002208458
14416,0.0006059391
15416,0.0010068254
15616,0.011982134
15716,0.000103806036
15816,0.00028128413
15916,0.00039438694
16116,0.0016094906
16216,0.009619632
16316,0.009808819
16416,0.03545632
16516,0.0015737616
16616,0.013840399
17016,0.004368578
17116,0.023848468
17216,0.089429595
17316,0.004037853
17416,0.008870375
17616,0.0068850317
17716,0.054623388
17916,0.030676946
18016,0.03829176
18116,0.00030047965
18216,3.3473712e-05
18416,3.7180005e-05
18516,0.001261376
18716,0.00031857542
18816,0.0020273097
19116,0.08081158
19516,0.046037033
19616,0.0017511562
19716,0.009559681
19816,0.0044847
20716,0.0011948543
20816,0.07184296
20916,0.028558986
21116,0.0053610145
21216,0.0022637597
21416,0.004446254
21816,0.004610542
22016,0.010926772
22316,0.0008729056
22416,0.0021515912
22516,0.0062797964
22616,0.0024554452
22916,0.00013264282
23016,0.00022619475
23216,0.002567964
23316,0.0020470973
23616,0.0020114747
23716,0.00072064414
23816,0.008432351
23916,0.0009943929
24116,0.0040298495
24216,0.0034671966
24416,0.0005452778
24516,0.00065983715
24616,0.0025968181
24716,0.0035080544
25316,0.007868287
25416,0.003019502
25816,0.00012304338
26016,0.082150854
26116,0.002436407
26216,0.00048399522
26316,0.0012474462
26416,0.0009239839
26616,0.013484925
26716,0.021369582
26816,0.0012948196
26916,0.0006560489
27016,0.0029068652
27316,0.002046434
27416,0.0016665373
27516,0.0040605334
27916,0.005329173
28016,0.006920816
28116,0.00029997682
28316,0.009865709
28416,0.002389883
29016,0.0020054562
29116,0.016856575
29316,0.005559367
29616,0.0010319201
29716,0.0381375
29816,0.0014806455
29916,0.0031639994
30016,0.0013315661
30116,0.0032818245
30316,0.0013677059
30416,0.00058981724
30716,0.0057804347
30816,0.00096873916
31116,0.00040531895
31216,0.0015190564
31616,0.0011623771
31716,0.0064049414
31816,0.010804789
31916,0.02210561
32016,0.017429858
32116,0.057027668
32816,0.008266053
33016,0.007964214
33116,0.052501664
33516,0.02139185
33716,0.031409673
33816,0.054855667
33916,9.620981e-05
34016,0.0012724025
34216,5.679881e-05
34316,0.0060822363
34416,0.0003837671
34516,0.0001524994
34616,0.00027099779
34816,2.3854598e-05
35016,0.0032787493
35216,0.0016414028
35316,0.018768415
35516,0.070344605
35616,0.0025643758
35716,0.045727853
35916,0.042938367
36016,0.010386742
36116,0.0031995517
36616,0.18110378
37216,0.0069349958
37416,0.0038641868
37516,0.00169821
37616,0.00031109652
37716,0.0012661929
38116,0.00390105
38216,0.0014860743
38316,0.0036427432
38416,0.0028679196
38616,0.012826681
38816,0.0201082
39116,0.00014003718
39216,9.985517e-05
39316,0.0011360558
39416,0.0020466645
39616,0.0019314502
39716,0.017521242
39916,0.00595464
40016,0.00025824513
40216,0.026738722
40516,0.00046213166
40616,0.011712679
41816,0.032476503
42016,0.008628722
42716,0.0008305516
42916,0.0022197228
43616,0.0027778493
44216,0.032199565
44516,0.0033009346
44716,0.009455397
44916,0.0020717515
45216,0.0007151018
45316,0.0022571469
45516,0.00080714206
45616,0.0030769776
46116,0.040196825
46316,0.006889328
46516,0.00011375787
46916,0.0009294176
47016,0.0032891629
47116,0.00036905461
47216,0.029375613
47316,0.014440808
47616,0.0015388737
47716,0.008579975
47816,0.0059502237
47916,0.00034475207
48216,0.018593846
48616,0.09896098
48716,0.015633035
49116,0.0041298615
49216,0.010189048
49616,0.006008904
49716,0.0018672742
49916,0.0049968977
50116,0.04426378
50316,0.00018383698
50416,0.0002774466
50616,0.00011893414
50816,0.00010474193
50916,0.00018521254
51016,0.00022079385
51216,0.00011578181
51616,0.00035734696
51816,0.0010997901
52016,0.00036213428
52116,0.0038293474
52516,0.00040618167
52616,0.0003887553
52716,3.488947e-05
53216,0.038099114
53316,0.0013806211
53416,0.00010384735
53616,0.020813823
53916,0.00020468488
54116,0.0057729627
54216,0.0021388
54316,0.00074541854
54416,0.003756628
54616,0.013535213
55016,0.010483572
55216,0.00014464647
55416,0.0015073847
55516,0.0053427974
55616,0.007199883
56216,0.022070717
56516,0.026538238
56716,0.0012636511
56816,0.0013044683
57016,0.0033317483
57116,0.0008552941
57216,0.0012354767
57316,0.00023658203
57516,0.035942495
57916,0.023975136
58016,0.0041148146
58216,0.0011209812
58316,0.004611736
58516,0.018842898
58916,0.0012651252
59116,0.0016691854
59216,0.00038845482
59516,0.0025178052
59616,0.0104447175
59816,0.002598293
59916,0.0023636331
60416,0.00030936374
60516,0.0044533904
60816,0.0049077673
61116,0.0011200492
61316,0.0014135513
61416,0.00020426603
61716,0.045168195
62116,0.0008005656
62416,0.012827013
62716,0.0043490315
62816,0.0018109668
63516,0.009792622
63616,0.0020647978
63716,0.004371665
63816,0.019507235
63916,0.00042048105
64316,0.014281573
64416,0.001552127
17,0.0023631032
117,0.001829024
417,0.008817046
617,0.009596729
717,0.03791117
1017,0.0031234792
1217,0.0016993269
1717,0.0037985067
2217,0.0048074103
2717,0.005656631
2817,0.0010947599
2917,0.0016780898
3017,0.03628072
3117,0.017257566
3217,0.0067022513
3317,0.09095322
3417,0.0037044236
3717,0.0013582457
4017,0.00056335935
4117,4.046081e-05
4217,0.005824244
4417,0.002305283
4717,0.0037699665
4817,0.022996122
4917,0.0036490841
5117,0.45479193
5217,0.006108833
5717,0.043576166
5917,0.0017197526
6217,0.0026979304
6317,0.055686537
6517,0.002759223
6617,0.003146525
6817,0.0029898938
6917,0.0018550787
7017,0.0024187965
7217,0.00346338
7417,0.0008597106
7517,0.0035777842
7717,0.0037849585
7917,0.01135056
8117,0.01246811
8217,0.020943394
8317,0.0056551322
8417,0.0051074247
8517,0.0015347159
8617,0.008469805
8717,0.0028825812
8917,0.00096970116
9017,0.015720407
9217,0.02706691
9517,0.0017660842
9817,0.00071013835
9917,0.00041183707
10117,0.001624143
10417,0.00082547177
10517,0.030188564
10617,0.001990949
10717,0.0009208776
10917,0.03812018
11217,0.013684966
11317,0.0041381866
11717,0.007885352
11917,0.0035777653
12117,0.0004728912
12417,0.0013347914
12717,0.002848783
12917,0.0012491954
13017,0.0024816755
13417,0.01239014
13517,0.006345383
13617,0.0019220128
13717,0.0029907064
13917,0.0035128412
14317,0.004310426
14417,0.0014045656
15417,0.0010776451
15617,0.09940371
15717,0.0026064438
15817,0.0019029533
15917,0.0022120446
16117,0.0064024925
16217,0.0022416485
16317,0.0049717776
16417,0.0010113505
16517,0.0012025294
16617,0.0006140473
17017,0.0376465
17117,0.008087025
17217,0.009212788
17317,0.011262093
17417,0.0057641696
17617,0.0033087854
17717,0.0008470231
17917,0.00414332
18017,0.0011782539
18117,0.0019465811
18217,0.0027317624
18417,0.004471146
18517,0.012628282
18717,0.002880772
18817,0.0049406765
19117,0.0021373848
19517,0.002596623
19617,0.0016481556
19717,0.0018314128
19817,0.0080638155
20717,0.006066041
20817,0.0015806832
20917,0.0056885486
21117,0.0080652
21217,0.016471284
21417,0.0049037696
21817,0.049279906
22017,0.0018903346
22317,0.0012546183
22417,0.0018529914
22517,0.019645218
22617,0.0030059835
22917,0.003076634
23017,0.0054551708
23217,0.0026360666
23317,0.0017275654
23617,0.010879111
23717,0.0030158912
23817,0.0030535932
23917,0.0012367078
24117,0.010577995
24217,0.020494984
24417,0.0028121492
24517,0.010440886
24617,0.002366335
24717,0.01630976
25317,0.00328006
25417,0.002988513
25817,0.000248409
26017,0.00076896144
26117,0.00093508017
26217,0.0031464433
26317,0.0067192484
26417,0.0028115264
26617,0.006203706
26717,0.011042615
26817,0.015023634
26917,0.0022217417
27017,0.009313788
27317,0.00042214163
27417,0.012007325
27517,0.007275652
27917,0.0017128172
28017,0.014490345
28117,0.0010923295
28317,0.07153591
28417,0.0060190945
29017,0.0026479824
29117,0.0097266715
29317,0.014213872
29617,0.003294271
29717,0.0030558412
29817,0.0006766407
29917,0.0015748751
30017,0.009139971
30117,0.0010719042
30317,0.0030163785
30417,0.00326304
30717,0.0005587603
30817,0.0014113984
31117,0.0011704358
31217,0.0021501172
31617,0.0027690686
31717,0.0009085746
31817,0.00091149716
31917,0.053934436
32017,0.0011768369
32117,0.0017274257
32817,0.0018583185
33017,0.0036526215
33117,0.0026014633
33517,0.026011735
33717,0.005190294
33817,0.0035694088
33917,0.001697788
34017,0.024171455
34217,0.0011699555
34317,0.0037091137
34417,0.034649026
34517,0.001701752
34617,0.0031061252
34817,0.0006476377
35017,0.010825374
35217,0.025110008
35317,0.006240492
35517,0.0013126376
35617,0.0005685793
35717,0.0013869768
35917,0.0056460933
36017,0.002098983
36117,0.0010982717
36617,0.0004140061
37217,0.0021874928
37417,0.013441265
37517,0.01154241
37617,0.00034302677
37717,0.007062944
38117,0.00893757
38217,0.0009486127
38317,0.014844183
38417,0.009653657
38617,0.004291361
38817,0.00071200007
39117,0.0037118974
39217,0.0024654844
39317,0.0057116905
39417,0.00413025
39617,0.0030685354
39717,4.6568653e-05
39917,0.0022549948
40017,0.010256595
40217,0.0011215846
40517,0.01706605
40617,0.0017596007
41817,0.00069872575
42017,0.0012905196
42717,0.023531878
42917,0.0026835566
43617,0.0015726996
44217,0.0004440713
44517,0.0011596236
44717,0.015511353
44917,0.0018559481
45217,0.037170496
45317,0.0028049874
45517,0.0010347895
45617,0.00557854
46117,0.00068451726
46317,0.0043108296
46517,0.0004934127
46917,0.001902528
47017,0.011353614
47117,0.00020185848
47217,0.0045072595
47317,0.007176688
47617,0.007017953
47717,0.00821286
47817,0.075755514
47917,0.0016907859
48217,0.0059726685
48617,0.0070156544
48717,0.005568804
49117,0.00065724796
49217,0.008232015
49617,0.026155587
49717,0.016190244
49917,0.0005653534
50117,0.0012803377
50317,0.005082841
50417,0.004255244
50617,0.0014106166
50817,0.0047017545
50917,0.0025313308
51017,0.0027289987
51217,0.006470509
51617,0.008722163
51817,0.0049736784
52017,0.0012320165
52117,0.007145403
52517,0.0027864433
52617,0.0019447091
52717,2.2096692e-06
53217,0.032207128
53317,0.0032799488
53417,0.0061889505
53617,0.008580615
53917,0.0009853169
54117,0.003992038
54217,0.0031143464
54317,0.0025418368
54417,0.003281649
54617,0.003910322
55017,0.0022749898
55217,0.0013375157
55417,0.0061399294
55517,0.0050201337
55617,0.0019828845
56217,0.007617173
56517,0.023382386
56717,0.001893334
56817,0.0024389834
57017,0.00049635087
57117,0.0015353961
57217,0.006463879
57317,0.01795013
57517,0.005173174
57917,0.0029622659
58017,0.0017425646
58217,0.0010971732
58317,0.015541524
58517,0.0039044544
58917,0.0016998034
59117,0.0009247526
59217,0.001851272
59517,0.0021532795
59617,0.0044082925
59817,0.0034329619
59917,0.0021503645
60417,0.00096561736
60517,0.002462146
60817,0.0124902325
61117,0.0018818141
61317,0.0016312025
61417,0.00071047794
61717,0.0014095223
62117,0.0024130223
62417,0.031971123
62717,0.01893983
62817,0.0044385577
63517,0.0007619399
63617,0.004773539
63717,0.0512243
63817,0.01903764
63917,0.0010118582
64317,0.004167464
64417,0.005735982
18,0.0020852133
118,0.0029191717
418,0.0018545863
618,0.016350945
718,0.017334526
1018,0.0011578563
1218,0.00044068648
1718,0.0071197688
2218,0.0005500727
2718,6.014233e-05
2818,0.016184043
2918,0.020902587
3018,0.12038416
3118,0.0027207152
3218,0.003659303
3318,0.26073697
3418,0.000120786695
3718,0.011894592
4018,0.6429856
4118,0.0035106682
4218,0.0020738533
4418,0.0008453346
4718,0.6701757
4818,0.059130944
4918,0.023138365
5118,0.03663208
5218,0.009904073
5718,0.024886828
5918,0.024957744
6218,0.07315661
6318,0.052061208
6518,0.008560388
6618,0.08690411
6818,0.015510234
6918,0.00037176517
7018,5.055533e-05
7218,0.000468984
7418,0.002155148
7518,0.023250993
7718,0.00045127436
7918,0.0017388654
8118,0.0066364952
8218,0.001881094
8318,0.0007865845
8418,0.038037755
8518,0.0003358947
8618,0.0004285133
8718,0.0007079075
8918,0.0011146959
9018,0.0010837615
9218,0.0006614444
9518,0.0066370643
9818,0.012391129
9918,0.0096698925
10118,0.0033107754
10418,0.01052207
10518,0.022694562
10618,0.007057908
10718,0.0066327793
10918,0.10592819
11218,0.00082090916
11318,0.00022894466
11718,0.0024655135
11918,0.02737335
12118,0.025515186
12418,0.027131436
12718,0.005308758
12918,0.0049266187
13018,0.008675117
13418,0.04236341
13518,0.03896991
13618,0.02976697
13718,0.0066564395
13918,0.0130499685
14318,0.08647882
14418,0.012856086
15418,0.0011059532
15618,0.16987681
15718,0.062448073
15818,0.000701216
15918,0.00016318947
16118,0.006407462
16218,0.008537494
16318,0.001439663
16418,0.0030009123
16518,0.00029210764
16618,0.0006972967
17018,0.036162436
17118,0.010026869
17218,0.011331747
17318,0.0022235848
17418,0.0065633086
17618,0.027757583
17718,0.004651553
17918,0.019419948
18018,0.009357094
18118,0.00026811642
18218,3.1191827e-05
18418,0.00012453154
18518,0.0009891551
18718,9.8147604e-05
18818,0.009366978
19118,0.094522394
19518,0.0034405522
19618,0.00064413017
19718,0.0033922428
19818,0.0016014597
20718,0.016194569
20818,0.020797174
20918,0.0036346656
21118,0.0072545907
21218,0.008587446
21418,0.0121086445
21818,0.026324006
22018,0.015662646
22318,0.0029471132
22418,0.008208231
22518,0.005303981
22618,0.012705881
22918,0.0034630373
23018,0.00014791566
23218,0.0056174975
23318,0.010815578
23618,0.0014151061
23718,0.0019935041
23818,0.0032150783
23918,0.0008281804
24118,0.0020354958
24218,0.0022739007
24418,0.0002334198
24518,0.00036571338
24618,0.00086303515
24718,0.0018046262
25318,0.0010292534
25418,0.004468622
25818,0.00061057985
26018,0.021480536
26118,0.00035073102
26218,0.08664539
26318,0.017381513
26418,0.00753242
26618,0.0091959005
26718,0.03157959
26818,0.0024204906
26918,0.00028303658
27018,0.0009718615
27318,0.0007034574
27418,0.0032814955
27518,0.0019270334
27918,0.0007305992
28018,0.0063800244
28118,0.0023377151
28318,0.19854559
28418,0.006302515
29018,0.0025419467
29118,0.056155432
29318,0.13137354
29618,0.0039040083
29718,0.10537534
29818,0.0035404225
29918,0.0047983155
30018,0.013988698
30118,0.0077516306
30318,0.0022479875
30418,0.07539267
30718,0.00074214145
30818,0.0012136518
31118,0.0007264664
31218,0.08664776
31618,0.0010218081
31718,0.008388357
31818,0.004417983
31918,0.062129587
32018,0.051211514
32118,0.025099885
32818,0.018278793
33018,0.0031518769
33118,0.009001349
33518,0.013495952
33718,0.032327995
33818,0.009183617
33918,3.8345093e-05
34018,0.0003113236
34218,0.00010298097
34318,0.0018624573
34418,0.0001032902
34518,9.890201e-05
34618,0.00021731926
34818,5.681707e-05
35018,0.028935427
35218,0.0039400677
35318,0.19675362
35518,0.029839858
35618,0.00050504104
35718,0.027445942
35918,0.04677537
36018,0.14262389
36118,0.004342618
36618,0.06514749
37218,0.48844048
37418,0.012061071
37518,0.0031094993
37618,0.00019362151
37718,0.004726105
38118,0.0046594455
38218,0.004460181
38318,0.14208974
38418,0.004012832
38618,0.009359338
38818,0.021526197
39118,0.00028235288
39218,0.00465891
39318,0.0020562408
39418,0.00065797113
39618,0.021136232
39718,0.120175764
39918,0.0028439711
40018,0.00021151786
40218,0.0014005215
40518,0.0024209348
40618,0.0068925964
41818,0.0032231475
42018,0.104731925
42718,0.0039313845
42918,0.008580218
43618,0.0029141167
44218,0.051920503
44518,0.0016430585
44718,0.005576679
44918,0.006990355
45218,0.0022106085
45318,0.008509054
45518,0.0017903806
45618,0.051759392
46118,0.06595083
46318,0.0041356618
46518,0.00031103514
46918,0.0007252446
47018,0.00033652544
47118,0.0001899493
47218,0.00827967
47318,0.012803441
47618,0.14188007
47718,0.010736313
47818,0.38543203
47918,0.00024005132
48218,0.016681919
48618,0.010978101
48718,0.0034915933
49118,0.01120096
49218,0.00359826
49618,0.124235526
49718,0.00031793953
49918,0.0011484992
50118,0.008407373
50318,0.000114267656
50418,0.00024302679
50618,0.0015272691
50818,7.849156e-05
50918,0.0002592096
51018,0.0004007319
51218,0.0001708097
51618,0.01776663
51818,0.0047335024
52018,0.0147758275
52118,0.0010922917
52518,0.00092118955
52618,0.0017084391
52718,0.0012468651
53218,0.099428326
53318,0.010016544
53418,0.6047077
53618,0.028578684
53918,0.0022669237
54118,0.022968244
54218,0.005321214
54318,0.005026796
54418,0.02008386
54618,0.026052808
55018,0.0025571862
55218,0.00017087396
55418,0.0011956615
55518,0.01711796
55618,0.0033379507
56218,0.0035343762
56518,0.010491981
56718,0.0009270576
56818,0.0014096745
57018,0.0010127489
57118,0.00015413694
57218,0.013138193
57318,0.009892369
57518,0.059535936
57918,0.06353874
58018,0.001311903
58218,0.00033547718
58318,0.019909548
58518,0.050868183
58918,0.007301343
59118,0.0015330042
59218,0.0026875176
59518,0.00046663295
59618,0.012920335
59818,0.006647964
59918,0.0021783095
60418,0.000249064
60518,0.002695189
60818,0.023044797
61118,0.00076945947
61318,0.0034654047
61418,0.0003908544
61718,0.012713842
62118,0.006971449
62418,0.11662606
62718,0.019144582
62818,0.00094720785
63518,0.0016473008
63618,0.022019008
63718,0.0069687297
63818,0.0669579
63918,0.00019721784
64318,0.032631274
64418,0.02463393
