Id,Probability
0,0.0027674083
100,0.004415324
400,0.0017807136
600,0.003559903
700,0.059682533
1000,0.0022201051
1200,0.006506644
1700,0.13759933
2200,0.0217192
2700,0.0024107357
2800,0.0025577876
2900,0.00871322
3000,0.012563996
3100,0.013557867
3200,0.0054428
3300,0.012974689
3400,0.0021245703
3700,0.01513231
4000,0.0008373906
4100,0.0029009497
4200,0.014212548
4400,0.015092831
4700,0.0008250337
4800,0.01019687
4900,0.02570754
5100,0.00089032366
5200,0.08261534
5700,0.020613845
5900,0.0065955385
6200,0.027863296
6300,0.044746295
6500,0.014695972
6600,0.025393315
6800,0.041686684
6900,0.0075784675
7000,0.005190269
7200,0.0049632243
7400,0.0055895797
7500,0.012365729
7700,0.022754967
7900,0.006528377
8100,0.0026407323
8200,0.038460426
8300,0.021577016
8400,0.050084338
8500,0.022263654
8600,0.053444993
8700,0.11825472
8900,0.010520291
9000,0.04178166
9200,0.01347559
9500,0.00881291
9800,0.05473569
9900,0.022430245
10100,0.0045496076
10400,0.0107606575
10500,0.022271609
10600,0.011621011
10700,0.02059429
10900,0.045702823
11200,0.0028685096
11300,0.011897848
11700,0.009660521
11900,0.06560081
12100,0.003738871
12400,0.0028491803
12700,0.0040469053
12900,0.014355386
13000,0.0068427296
13400,0.023299778
13500,0.017225867
13600,0.10647296
13700,0.24064043
13900,0.02390143
14300,0.08706601
14400,0.0031810591
15400,0.0066852923
15600,0.063964196
15700,0.002935038
15800,0.025257139
15900,0.010460263
16100,0.009830032
16200,0.009128729
16300,0.015425508
16400,0.0028938164
16500,0.00040488128
16600,0.00082922657
17000,0.033952564
17100,0.0145776775
17200,0.07255706
17300,0.001093386
17400,0.0062840176
17600,0.004327075
17700,0.018880969
17900,0.1139483
18000,0.0017502446
18100,0.0068865046
18200,0.0028171376
18400,0.006485036
18500,0.0051859864
18700,0.00498236
18800,0.006318588
19100,0.0067451685
19500,0.0030982823
19600,0.0070601343
19700,0.003793226
19800,0.0057391454
20700,0.008899181
20800,0.0074826228
20900,0.003844593
21100,0.036705315
21200,0.006537658
21400,0.06304552
21800,0.019166343
22000,0.048811026
22300,0.06417619
22400,0.008448263
22500,0.052073415
22600,0.0064686984
22900,0.0018821543
23000,0.0030538596
23200,0.013777503
23300,0.005030037
23600,0.029527972
23700,0.008631907
23800,0.01409014
23900,0.002990028
24100,0.009929131
24200,0.019652259
24400,0.008743677
24500,0.01207844
24600,0.008243403
24700,0.0036189
25300,0.004275229
25400,0.00879405
25800,0.00407232
26000,0.014427641
26100,0.007471087
26200,0.0118424725
26300,0.11010538
26400,0.009432878
26600,0.070829466
26700,0.02057753
26800,0.014759122
26900,0.0056774816
27000,0.002488483
27300,0.0030403242
27400,0.012412056
27500,0.013794685
27900,0.0042651338
28000,0.013550522
28100,0.00268122
28300,0.035457555
28400,0.06949442
29000,0.0075638928
29100,0.04396288
29300,0.11257773
29600,0.007934695
29700,0.01568401
29800,0.012683594
29900,0.046368033
30000,0.13213554
30100,0.0070638503
30300,0.009974712
30400,0.010272268
30700,0.0035821612
30800,0.007716855
31100,0.0066200686
31200,0.027895289
31600,0.007242812
31700,0.014198419
31800,0.006893274
31900,0.052086674
32000,0.009673132
32100,0.043988008
32800,0.0016536159
33000,0.029799847
33100,0.03578041
33500,0.0071559963
33700,0.014182686
33800,0.010103888
33900,0.0032440033
34000,0.014361868
34200,0.0041983784
34300,0.0073201177
34400,0.0064978306
34500,0.008393305
34600,0.005424196
34800,0.0037299567
35000,0.005603125
35200,0.0028473139
35300,0.009541186
35500,0.018444112
35600,0.0020347945
35700,0.011182866
35900,0.008231224
36000,0.010399945
36100,0.007113874
36600,0.0135729145
37200,0.0037763687
37400,0.012783624
37500,0.015628899
37600,0.047823936
37700,0.04320263
38100,0.014413662
38200,0.08443311
38300,0.093450174
38400,0.02296785
38600,0.047969818
38800,0.05742711
39100,0.026734168
39200,0.0019470251
39300,0.025609063
39400,0.010172786
39600,0.0067910096
39700,0.021109257
39900,0.006976947
40000,0.013837613
40200,0.0077529615
40500,0.01754053
40600,0.054818694
41800,0.008823565
42000,0.031584263
42700,0.011044289
42900,0.011616397
43600,0.008584709
44200,0.0048090452
44500,0.0031027016
44700,0.007496661
44900,0.19337599
45200,0.0065898383
45300,0.025273528
45500,0.013403907
45600,0.078808896
46100,0.0478521
46300,0.010991345
46500,0.003885476
46900,0.009644711
47000,0.0073854052
47100,0.0017851039
47200,0.01701782
47300,0.006718954
47600,0.015040767
47700,0.04275538
47800,0.050174512
47900,0.0066014915
48200,0.008424954
48600,0.0132688
48700,0.0009404262
49100,0.0017162501
49200,0.026022047
49600,0.004717709
49700,0.0100067295
49900,0.0016590378
50100,0.056604873
50300,0.005310896
50400,0.0048562256
50600,0.010905653
50800,0.0048713665
50900,0.007206415
51000,0.008927239
51200,0.0067264084
51600,0.013475319
51800,0.0027294112
52000,0.0051669427
52100,0.022757608
52500,0.004591214
52600,0.014042759
52700,0.010234581
53200,0.13353893
53300,0.009813259
53400,0.0030442632
53600,0.019528067
53900,0.009787432
54100,0.007890523
54200,0.004123465
54300,0.012305578
54400,0.06966373
54600,0.007892214
55000,0.026996609
55200,0.008427999
55400,0.015793396
55500,0.0044408874
55600,0.009013834
56200,0.014181114
56500,0.0076074167
56700,0.29700008
56800,0.013222785
57000,0.008838496
57100,0.0209998
57200,0.006394084
57300,0.014635834
57500,0.060368244
57900,0.008571922
58000,0.004651105
58200,0.004909884
58300,0.007946671
58500,0.0044741025
58900,0.0053614583
59100,0.011953071
59200,0.010226657
59500,0.00831963
59600,0.0056513627
59800,0.0067761024
59900,0.013726
60400,0.0018515594
60500,0.0051102997
60800,0.024135094
61100,0.008885736
61300,0.006061029
61400,0.009179548
61700,0.048929144
62100,0.0070666415
62400,0.10377169
62700,0.10125729
62800,0.010319602
63500,0.010371613
63600,0.030947201
63700,0.07010637
63800,0.029429086
63900,0.008916314
64300,0.014605001
64400,0.002567278
1,0.0018825716
101,0.004041159
401,0.3661166
601,0.020425664
701,0.03165016
1001,0.0036568423
1201,0.26318088
1701,0.009762598
2201,0.029426495
2701,0.4299364
2801,0.023964223
2901,0.009411838
3001,0.054540537
3101,0.44018218
3201,0.18643244
3301,0.09614838
3401,0.06134465
3701,0.33434317
4001,0.005691443
4101,0.13075078
4201,0.27475265
4401,0.11019076
4701,0.0029595254
4801,0.48815575
4901,0.008813621
5101,0.27368787
5201,0.016188812
5701,0.13424584
5901,0.010365026
6201,0.035438396
6301,0.03615475
6501,0.029842488
6601,0.014158254
6801,0.026189797
6901,0.55250984
7001,0.5921293
7201,0.6818843
7401,0.02269082
7501,0.18853831
7701,0.22592092
7901,0.6503403
8101,0.008842659
8201,0.04887512
8301,0.09376438
8401,0.0062469444
8501,0.020911228
8601,0.06556064
8701,0.07404743
8901,0.010650431
9001,0.22523282
9201,0.19100943
9501,0.091688894
9801,0.020590829
9901,0.009262319
10101,0.03428265
10401,0.0040362882
10501,0.027591204
10601,0.052111045
10701,0.0072944886
10901,0.039399624
11201,0.08598936
11301,0.48993316
11701,0.526843
11901,0.041010786
12101,0.0016676324
12401,0.005825307
12701,0.02491783
12901,0.017885713
13001,0.022924088
13401,0.032663703
13501,0.4173937
13601,0.009707634
13701,0.039973352
13901,0.023140823
14301,0.018290142
14401,0.01443087
15401,0.0354263
15601,0.05796511
15701,0.00278666
15801,0.06348972
15901,0.18865125
16101,0.32048142
16201,0.0128666675
16301,0.015683666
16401,0.0029747025
16501,0.40583557
16601,0.00451787
17001,0.13744594
17101,0.012147116
17201,0.0064244866
17301,0.009219412
17401,0.07035308
17601,0.06033395
17701,0.0032436592
17901,0.0128946565
18001,0.0015170604
18101,0.42630738
18201,0.4546493
18401,0.55227387
18501,0.027830029
18701,0.47289354
18801,0.12718107
19101,0.014922317
19501,0.009325506
19601,0.5229178
19701,0.01575796
19801,0.5378238
20701,0.032953575
20801,0.042595796
20901,0.03724071
21101,0.08541101
21201,0.3587909
21401,0.018599352
21801,0.1346453
22001,0.030614717
22301,0.018818608
22401,0.023618365
22501,0.040230475
22601,0.024595276
22901,0.5047562
23001,0.7683995
23201,0.10575235
23301,0.014616499
23601,0.091169626
23701,0.105766825
23801,0.48974657
23901,0.039536767
24101,0.031233968
24201,0.09045628
24401,0.6672787
24501,0.53733253
24601,0.4818181
24701,0.011713115
25301,0.44262737
25401,0.04450473
25801,0.012223496
26001,0.028618395
26101,0.024962932
26201,0.021744687
26301,0.14832145
26401,0.014901754
26601,0.024457274
26701,0.021060402
26801,0.3848009
26901,0.13761762
27001,0.028475119
27301,0.0050462703
27401,0.5480333
27501,0.505396
27901,0.09280611
28001,0.20203549
28101,0.022692634
28301,0.015974643
28401,0.06879039
29001,0.023791784
29101,0.02195092
29301,0.019463383
29601,0.024701452
29701,0.057925183
29801,0.012187945
29901,0.017192116
30001,0.02120676
30101,0.037415247
30301,0.5497834
30401,0.033389978
30701,0.011643924
30801,0.22024494
31101,0.05722295
31201,0.01695778
31601,0.037909225
31701,0.03564864
31801,0.016597975
31901,0.21179438
32001,0.019295823
32101,0.00409045
32801,0.0034845718
33001,0.011525767
33101,0.013993591
33501,0.043299787
33701,0.010678185
33801,0.0045453254
33901,0.4230631
34001,0.31159893
34201,0.6662175
34301,0.013039214
34401,0.6584129
34501,0.45334867
34601,0.10132915
34801,0.6782629
35001,0.6412703
35201,0.8464527
35301,0.011396487
35501,0.017999088
35601,0.0041936794
35701,0.009075741
35901,0.19627634
36001,0.0492731
36101,0.031116633
36601,0.0774235
37201,0.4514279
37401,0.09379797
37501,0.11259563
37601,0.060929302
37701,0.08112658
38101,0.17231064
38201,0.006440418
38301,0.014931324
38401,0.051778965
38601,0.124504544
38801,0.014449429
39101,0.264705
39201,0.4822667
39301,0.24007633
39401,0.6100477
39601,0.0018111491
39701,0.0670473
39901,0.10499819
40001,0.40219918
40201,0.0047984067
40501,0.24159174
40601,0.01161431
41801,0.04417766
42001,0.025696581
42701,0.13970047
42901,0.019556116
43601,0.07872392
44201,0.021621756
44501,0.01589281
44701,0.06481253
44901,0.021222405
45201,0.102710694
45301,0.021215612
45501,0.048947617
45601,0.020200523
46101,0.028977849
46301,0.03242239
46501,0.023713991
46901,0.016677849
47001,0.29604402
47101,0.006253526
47201,0.061865933
47301,0.05823422
47601,0.1946704
47701,0.11566857
47801,0.075668
47901,0.042677358
48201,0.08145193
48601,0.01755077
48701,0.3514785
49101,0.012998151
49201,0.32607147
49601,0.038661838
49701,0.5221188
49901,0.0037173799
50101,0.0059222914
50301,0.31016383
50401,0.35334194
50601,0.5727777
50801,0.40725482
50901,0.20451894
51001,0.09701048
51201,0.5635268
51601,0.11533335
51801,0.019201433
52001,0.12766667
52101,0.32584068
52501,0.030064095
52601,0.31059596
52701,0.0012496914
53201,0.03851932
53301,0.098174766
53401,0.017336775
53601,0.32863158
53901,0.0070377844
54101,0.014744273
54201,0.014802612
54301,0.04605521
54401,0.015272544
54601,0.024862915
55001,0.097436115
55201,0.26121938
55401,0.55348986
55501,0.37363937
55601,0.17952771
56201,0.12535143
56501,0.01072572
56701,0.007834904
56801,0.28075188
57001,0.035958707
57101,0.0579769
57201,0.006283557
57301,0.24865748
57501,0.012476123
57901,0.016852962
58001,0.00766069
58201,0.018344115
58301,0.44671497
58501,0.004937273
58901,0.046493176
59101,0.077163436
59201,0.08586329
59501,0.050989304
59601,0.03435789
59801,0.28527832
59901,0.28640246
60401,0.04366224
60501,0.10270715
60801,0.038479947
61101,0.2831518
61301,0.03389165
61401,0.0863699
61701,0.007721252
62101,0.03984861
62401,0.033819634
62701,0.03490533
62801,0.019524552
63501,0.106422625
63601,0.047546517
63701,0.23618212
63801,0.14762661
63901,0.11356957
64301,0.029108196
64401,0.11960761
2,0.0054972195
102,0.02269138
402,0.0038169385
602,0.006739187
702,0.03210112
1002,0.13222964
1202,0.34649235
1702,0.00656393
2202,0.1656741
2702,0.29821354
2802,0.011062226
2902,0.009294815
3002,0.0031085291
3102,0.16718861
3202,0.005858137
3302,0.0033489028
3402,0.10290662
3702,0.2617088
4002,0.0003838855
4102,0.0058930693
4202,0.15338142
4402,0.021511888
4702,0.00015317647
4802,0.033840496
4902,0.02430293
5102,0.0030346734
5202,0.036930423
5702,0.02662002
5902,0.0053466093
6202,0.030362133
6302,0.042914376
6502,0.008169913
6602,0.018706124
6802,0.01774919
6902,0.035753496
7002,0.11951373
7202,0.019087635
7402,0.018142613
7502,0.033183698
7702,0.30076674
7902,0.10375321
8102,0.01805366
8202,0.05558139
8302,0.18399137
8402,0.08341613
8502,0.08681855
8602,0.25168082
8702,0.029798675
8902,0.033533044
9002,0.022638317
9202,0.10825106
9502,0.15605807
9802,0.007993441
9902,0.013795553
10102,0.17926401
10402,0.007863507
10502,0.014522323
10602,0.057174798
10702,0.055528976
10902,0.00952646
11202,0.44750977
11302,0.106868826
11702,0.048610415
11902,0.022823595
12102,0.013811405
12402,0.015123974
12702,0.0073936684
12902,0.0017693228
13002,0.030385438
13402,0.012255103
13502,0.014821223
13602,0.061171416
13702,0.016486967
13902,0.030081732
14302,0.013062976
14402,0.002594473
15402,0.0078333225
15602,0.014147571
15702,0.0014158449
15802,0.15852246
15902,0.27811214
16102,0.048112266
16202,0.023884714
16302,0.064015076
16402,0.019607155
16502,0.004944245
16602,0.27323577
17002,0.0042289738
17102,0.07236263
17202,0.024922552
17302,0.21531978
17402,0.02100909
17602,0.012953703
17702,0.04054173
17902,0.012789341
18002,0.0102790585
18102,0.3604159
18202,0.30742896
18402,0.12579094
18502,0.081195705
18702,0.26588213
18802,0.049955506
19102,0.012192407
19502,0.027741335
19602,0.2150445
19702,0.2495579
19802,0.112192616
20702,0.006800239
20802,0.029140351
20902,0.2782285
21102,0.065900564
21202,0.036212467
21402,0.007894522
21802,0.021838285
22002,0.03167031
22302,0.039020535
22402,0.0073861396
22502,0.021238267
22602,0.007653799
22902,0.0030793748
23002,0.02476686
23202,0.032751225
23302,0.15465367
23602,0.48933297
23702,0.22171372
23802,0.078207634
23902,0.090844065
24102,0.042781446
24202,0.3567189
24402,0.014606347
24502,0.093818635
24602,0.13012168
24702,0.025221858
25302,0.016465709
25402,0.036728054
25802,0.0091850525
26002,0.03489797
26102,0.031182045
26202,0.010501662
26302,0.009342416
26402,0.013132768
26602,0.010405792
26702,0.023070864
26802,0.26242262
26902,0.28438663
27002,0.3387414
27302,0.099543706
27402,0.031075638
27502,0.06825774
27902,0.37701663
28002,0.44883096
28102,0.002646682
28302,0.013539291
28402,0.011770775
29002,0.004046452
29102,0.020110106
29302,0.00808869
29602,0.34435928
29702,0.009001072
29802,0.015389073
29902,0.091232106
30002,0.031210037
30102,0.005151534
30302,0.044458777
30402,0.007074502
30702,0.013829189
30802,0.13473962
31102,0.020356141
31202,0.0068669957
31602,0.4052036
31702,0.0050455467
31802,0.094774015
31902,0.021798763
32002,0.094642185
32102,0.013321772
32802,0.0050223004
33002,0.10979394
33102,0.026148362
33502,0.03234504
33702,0.026812468
33802,0.014350325
33902,0.29877067
34002,0.3442955
34202,0.054781176
34302,0.046784457
34402,0.14219022
34502,0.1931897
34602,0.38807684
34802,0.059698474
35002,0.09812459
35202,0.0098696165
35302,0.0061855633
35502,0.029556975
35602,0.023303196
35702,0.047944356
35902,0.015435388
36002,0.00562872
36102,0.07899229
36602,0.011389879
37202,0.004480238
37402,0.03303974
37502,0.071025416
37602,0.010658048
37702,0.010910786
38102,0.03357549
38202,0.024248801
38302,0.01991721
38402,0.023315301
38602,0.0042013163
38802,0.008815427
39102,0.14116792
39202,0.0047112373
39302,0.14310664
39402,0.05997182
39602,0.016099285
39702,0.0040285867
39902,0.3309303
40002,0.10398006
40202,0.020314895
40502,0.03556925
40602,0.030202892
41802,0.13281597
42002,0.0035586962
42702,0.045283653
42902,0.14313848
43602,0.029547105
44202,0.37681457
44502,0.27152914
44702,0.095062055
44902,0.0037670867
45202,0.012182909
45302,0.01579356
45502,0.044046454
45602,0.02101777
46102,0.0076457774
46302,0.030135442
46502,0.0031316592
46902,0.2511118
47002,0.22963394
47102,0.0066306824
47202,0.067699954
47302,0.04591515
47602,0.0030550805
47702,0.0050067706
47802,0.0040114056
47902,0.33353192
48202,0.02965311
48602,0.027603298
48702,0.0045837583
49102,0.01550742
49202,0.061914116
49602,0.019185515
49702,0.17458889
49902,0.30073965
50102,0.012472793
50302,0.35420868
50402,0.44333696
50602,0.02988002
50802,0.33164135
50902,0.09272846
51002,0.29599482
51202,0.17095263
51602,0.02367206
51802,0.3686108
52002,0.06497806
52102,0.1000006
52502,0.22960144
52602,0.007422823
52702,0.00042154847
53202,0.011677462
53302,0.059380516
53402,0.00062485464
53602,0.13531576
53902,0.0013557575
54102,0.0019768407
54202,0.0051082224
54302,0.00889319
54402,0.02278705
54602,0.016751874
55002,0.113357015
55202,0.12965788
55402,0.09690418
55502,0.06986072
55602,0.04852035
56202,0.07879624
56502,0.06947624
56702,0.06970746
56802,0.031294413
57002,0.020473948
57102,0.13297692
57202,0.045135465
57302,0.11629195
57502,0.012506801
57902,0.02707921
58002,0.028231513
58202,0.066507086
58302,0.12848438
58502,0.0068576895
58902,0.05774602
59102,0.009806698
59202,0.040281482
59502,0.011538552
59602,0.009441187
59802,0.015573495
59902,0.044140752
60402,0.19185689
60502,0.2715816
60802,0.009727457
61102,0.1175737
61302,0.00889863
61402,0.02140772
61702,0.015088391
62102,0.004805884
62402,0.012575024
62702,0.021202728
62802,0.15157245
63502,0.017242523
63602,0.017856525
63702,0.021248559
63802,0.022188945
63902,0.2556947
64302,0.12088543
64402,0.03722485
3,0.0041885064
103,0.018261554
403,0.0010555667
603,0.005399629
703,0.05467986
1003,0.020022728
1203,0.011550087
1703,0.011104201
2203,0.12745821
2703,0.003850969
2803,0.0016544386
2903,0.0077663665
3003,0.007126076
3103,0.012400575
3203,0.0019605411
3303,0.004179767
3403,0.014960409
3703,0.013771586
4003,0.00014693235
4103,0.01026772
4203,0.011942766
4403,0.0057348446
4703,0.00011116334
4803,0.0063705076
4903,0.012485952
5103,0.0016654833
5203,0.06261113
5703,0.029070584
5903,0.01301986
6203,0.04129248
6303,0.030471392
6503,0.017971914
6603,0.03318961
6803,0.07670539
6903,0.0024455474
7003,0.003302578
7203,0.0020550268
7403,0.0033634433
7503,0.014687713
7703,0.023975099
7903,0.003777816
8103,0.015569657
8203,0.039575424
8303,0.019525772
8403,0.05266329
8503,0.023727845
8603,0.1288647
8703,0.017052375
8903,0.010329219
9003,0.0057391995
9203,0.017151304
9503,0.018865604
9803,0.005920378
9903,0.009503772
10103,0.008926746
10403,0.0053916243
10503,0.010667297
10603,0.036846682
10703,0.025724549
10903,0.020266758
11203,0.04458058
11303,0.011369675
11703,0.003899685
11903,0.031897236
12103,0.0025274134
12403,0.01146464
12703,0.0036720762
12903,0.0030499434
13003,0.005660242
13403,0.019012563
13503,0.004757784
13603,0.06582462
13703,0.04604623
13903,0.004853802
14303,0.050862208
14403,0.0016588151
15403,0.0065478645
15603,0.015318677
15703,0.00078232674
15803,0.048791632
15903,0.030477244
16103,0.0073156212
16203,0.008599569
16303,0.015144612
16403,0.012191564
16503,0.00016446563
16603,0.018340856
17003,0.015574925
17103,0.02248662
17203,0.041315332
17303,0.013160637
17403,0.005449841
17603,0.0029309967
17703,0.031142259
17903,0.028346082
18003,0.0024220026
18103,0.009243795
18203,0.0034732455
18403,0.0026432853
18503,0.021279886
18703,0.0029064121
18803,0.00213182
19103,0.017426407
19503,0.007744642
19603,0.00755078
19703,0.022015871
19803,0.002146038
20703,0.0057159364
20803,0.011964383
20903,0.038621258
21103,0.030254647
21203,0.0052897213
21403,0.01862862
21803,0.012054845
22003,0.053020608
22303,0.024958396
22403,0.0048611225
22503,0.019202806
22603,0.0033542896
22903,0.0007895813
23003,0.00077028025
23203,0.012832635
23303,0.004011732
23603,0.09206421
23703,0.03393075
23803,0.008523373
23903,0.0036672777
24103,0.031063635
24203,0.17153336
24403,0.0015993823
24503,0.005592428
24603,0.0023966096
24703,0.010239732
25303,0.002528604
25403,0.0071462705
25803,0.002628261
26003,0.012106584
26103,0.0057120165
26203,0.011639919
26303,0.0064689456
26403,0.016973766
26603,0.015873177
26703,0.022963481
26803,0.010638392
26903,0.009951069
27003,0.051636353
27303,0.0153714
27403,0.0062989546
27503,0.006130553
27903,0.028264841
28003,0.027660811
28103,0.0019693293
28303,0.00925158
28403,0.033823814
29003,0.0019693938
29103,0.018738803
29303,0.016403582
29603,0.02104496
29703,0.08721949
29803,0.007902083
29903,0.05090708
30003,0.032463696
30103,0.011197076
30303,0.0043903505
30403,0.0027337053
30703,0.004763526
30803,0.0075345617
31103,0.009762917
31203,0.009184043
31603,0.088102214
31703,0.0051105754
31803,0.017967248
31903,0.026991664
32003,0.030192822
32103,0.028277194
32803,0.004150659
33003,0.100864105
33103,0.021484096
33503,0.018159654
33703,0.0059332615
33803,0.0047894428
33903,0.0018124597
34003,0.028262634
34203,0.0018647193
34303,0.01658457
34403,0.0028318875
34503,0.004091354
34603,0.030327903
34803,0.0005406368
35003,0.0028330525
35203,0.001328316
35303,0.004538769
35503,0.01669311
35603,0.0044091446
35703,0.0054289154
35903,0.004392426
36003,0.003173764
36103,0.01869965
36603,0.019331846
37203,0.0020383827
37403,0.015154042
37503,0.022223197
37603,0.0068636895
37703,0.0062539973
38103,0.017349366
38203,0.044923488
38303,0.116290934
38403,0.01829344
38603,0.013139478
38803,0.024672575
39103,0.031041404
39203,0.00078532303
39303,0.01294559
39403,0.004572568
39603,0.0009677861
39703,0.010215183
39903,0.03332751
40003,0.0077364277
40203,0.0105496645
40503,0.005521147
40603,0.03051093
41803,0.019377062
42003,0.00819438
42703,0.012245379
42903,0.05079588
43603,0.039840292
44203,0.22106887
44503,0.006425395
44703,0.022507863
44903,0.022416327
45203,0.0033739116
45303,0.006751645
45503,0.012075539
45603,0.030236866
46103,0.06750016
46303,0.095246136
46503,0.001814782
46903,0.030691728
47003,0.00881912
47103,0.0012567809
47203,0.024970938
47303,0.023680601
47603,0.0046225484
47703,0.0061268085
47803,0.009892202
47903,0.12412142
48203,0.011814651
48603,0.009779896
48703,0.00053216843
49103,0.0010648668
49203,0.014670641
49603,0.0028774121
49703,0.0033860928
49903,0.012919179
50103,0.016141433
50303,0.014340179
50403,0.00982797
50603,0.0033031171
50803,0.0055098706
50903,0.0026213655
51003,0.0331563
51203,0.0030763424
51603,0.010145131
51803,0.09632198
52003,0.0047651045
52103,0.012907537
52503,0.004065843
52603,0.004165256
52703,0.000927148
53203,0.023430489
53303,0.021615366
53403,0.0019578594
53603,0.006641488
53903,0.0013837506
54103,0.0018054525
54203,0.0048503564
54303,0.014302182
54403,0.042396124
54603,0.020308439
55003,0.019594455
55203,0.013454868
55403,0.0062901787
55503,0.0037605953
55603,0.007188604
56203,0.023254152
56503,0.04726265
56703,0.06806014
56803,0.0037133347
57003,0.0056583704
57103,0.01135586
57203,0.012909419
57303,0.014302625
57503,0.018544296
57903,0.0027330024
58003,0.0056557483
58203,0.0072873826
58303,0.0042371294
58503,0.0034893774
58903,0.0029007758
59103,0.009742959
59203,0.008520018
59503,0.0038418453
59603,0.016474012
59803,0.0026964606
59903,0.018634906
60403,0.0021914323
60503,0.028666232
60803,0.032376382
61103,0.01000025
61303,0.00299539
61403,0.00587991
61703,0.012599223
62103,0.008041563
62403,0.019333243
62703,0.0675766
62803,0.0053411196
63503,0.008831818
63603,0.012908617
63703,0.045535672
63803,0.032325905
63903,0.035207734
64303,0.075614415
64403,0.0027849246
4,0.2645702
104,0.19866988
404,0.0011165361
604,0.012768309
704,0.036598504
1004,0.11399783
1204,0.014567648
1704,0.10405694
2204,0.079675645
2704,0.0033834747
2804,0.0030436588
2904,0.013869344
3004,0.0061470894
3104,0.0063361237
3204,0.0040617194
3304,0.005284219
3404,0.0065624146
3704,0.010971088
4004,0.0012631095
4104,0.03711735
4204,0.008725856
4404,0.1685167
4704,0.0009178536
4804,0.003859303
4904,0.059430238
5104,0.0014031625
5204,0.027886232
5704,0.028980974
5904,0.019553095
6204,0.03673596
6304,0.09165875
6504,0.025789462
6604,0.10872382
6804,0.050308634
6904,0.031324957
7004,0.00743649
7204,0.009338274
7404,0.2973377
7504,0.035763156
7704,0.01012903
7904,0.006541564
8104,0.006866239
8204,0.010129712
8304,0.083660305
8404,0.09903964
8504,0.038526993
8604,0.026495144
8704,0.03747649
8904,0.10981912
9004,0.0070364377
9204,0.017732248
9504,0.034391545
9804,0.10810577
9904,0.10242883
10104,0.030564165
10404,0.055790618
10504,0.0055337856
10604,0.10696992
10704,0.06970993
10904,0.019485435
11204,0.038939137
11304,0.028461302
11704,0.016705858
11904,0.06719982
12104,0.00740281
12404,0.008665721
12704,0.016943509
12904,0.010033135
13004,0.06786914
13404,0.09492201
13504,0.013742034
13604,0.026331713
13704,0.020804532
13904,0.038521085
14304,0.02266171
14404,0.022679536
15404,0.019298814
15604,0.011095527
15704,0.0106745185
15804,0.07033385
15904,0.034828953
16104,0.017115952
16204,0.31049874
16304,0.16948225
16404,0.18853222
16504,0.00015589941
16604,0.12183055
17004,0.008366839
17104,0.044962876
17204,0.023296164
17304,0.07810461
17404,0.0026094052
17604,0.03679307
17704,0.006410335
17904,0.07108892
18004,0.38238248
18104,0.007717151
18204,0.0021836124
18404,0.002794531
18504,0.2112737
18704,0.008901462
18804,0.008643197
19104,0.005090404
19504,0.047795676
19604,0.008318502
19704,0.094328545
19804,0.008676998
20704,0.042272978
20804,0.09352984
20904,0.04957486
21104,0.03249426
21204,0.007172535
21404,0.06919042
21804,0.00783435
22004,0.018003877
22304,0.021642385
22404,0.07305526
22504,0.01273106
22604,0.011232522
22904,0.004875309
23004,0.0022734453
23204,0.018655311
23304,0.016658172
23604,0.0151961865
23704,0.022620521
23804,0.011319567
23904,0.0017223447
24104,0.0043162396
24204,0.026244646
24404,0.008840166
24504,0.0069970684
24604,0.030924195
24704,0.014294158
25304,0.0021580402
25404,0.18389955
25804,0.11028153
26004,0.04762886
26104,0.03943388
26204,0.008969021
26304,0.007826469
26404,0.015589384
26604,0.02108567
26704,0.0505837
26804,0.018933598
26904,0.03583746
27004,0.10587506
27304,0.07634881
27404,0.0070722946
27504,0.019014876
27904,0.11033696
28004,0.02123089
28104,0.009437683
28304,0.022371545
28404,0.028094815
29004,0.08110556
29104,0.016706591
29304,0.011112297
29604,0.010554599
29704,0.04733045
29804,0.035936434
29904,0.012028397
30004,0.062829494
30104,0.03974158
30304,0.0013758913
30404,0.0077003664
30704,0.06875892
30804,0.011602186
31104,0.07636064
31204,0.010216164
31604,0.08336181
31704,0.09946053
31804,0.1379115
31904,0.0033492935
32004,0.005961135
32104,0.04570828
32804,0.007980522
33004,0.023713958
33104,0.03082284
33504,0.011589469
33704,0.2730421
33804,0.29548594
33904,0.002746494
34004,0.0074068215
34204,0.0070835813
34304,0.06232888
34404,0.002147583
34504,0.01320282
34604,0.057637732
34804,0.0021137276
35004,0.0030363854
35204,0.0013700979
35304,0.013887302
35504,0.009796231
35604,0.025580859
35704,0.14907734
35904,0.03934983
36004,0.038740117
36104,0.03629728
36604,0.05794229
37204,0.0010313853
37404,0.008772219
37504,0.02787003
37604,0.07873727
37704,0.020734752
38104,0.031509478
38204,0.03279275
38304,0.03473627
38404,0.02533277
38604,0.009797054
38804,0.020142548
39104,0.031574287
39204,0.0072979126
39304,0.06924249
39404,0.020524621
39604,0.02042952
39704,0.00062964804
39904,0.0325423
40004,0.0064886557
40204,0.014300152
40504,0.0061923317
40604,0.019234328
41804,0.027113857
42004,0.030978603
42704,0.0052657505
42904,0.10023483
43604,0.042540748
44204,0.04562238
44504,0.012282086
44704,0.041018743
44904,0.04887915
45204,0.004650282
45304,0.24592511
45504,0.04881978
45604,0.07934695
46104,0.023539808
46304,0.040050015
46504,0.022322008
46904,0.032742158
47004,0.014517637
47104,0.073712505
47204,0.038803987
47304,0.033259597
47604,0.015623599
47704,0.004168419
47804,0.0054082163
47904,0.032899745
48204,0.057536136
48604,0.16964544
48704,0.00035063896
49104,0.0063170413
49204,0.0050767995
49604,0.014226436
49704,0.006125157
49904,0.009038127
50104,0.07665108
50304,0.008069278
50404,0.010237298
50604,0.021004377
50804,0.0054084347
50904,0.015218446
51004,0.039376434
51204,0.010133243
51604,0.024171343
51804,0.017776357
52004,0.022400158
52104,0.038694195
52504,0.0066646626
52604,0.061267607
52704,0.0024198766
53204,0.015067759
53304,0.025453202
53404,0.004290954
53604,0.0011862358
53904,0.0049017696
54104,0.020522725
54204,0.009488941
54304,0.010873135
54404,0.09285325
54604,0.0059156977
55004,0.10435294
55204,0.028552499
55404,0.021833962
55504,0.0074594473
55604,0.05864957
56204,0.03873341
56504,0.04060128
56704,0.013982567
56804,0.07582494
57004,0.015826195
57104,0.022189599
57204,0.017268647
57304,0.040845484
57504,0.024822649
57904,0.040411115
58004,0.3141918
58204,0.14686835
58304,0.04292453
58504,0.03921172
58904,0.2274242
59104,0.08340666
59204,0.117062904
59504,0.027937429
59604,0.01676138
59804,0.014196942
59904,0.025272578
60404,0.056864757
60504,0.0735129
60804,0.042050656
61104,0.059852347
61304,0.13877673
61404,0.032206763
61704,0.004331568
62104,0.01291542
62404,0.011386717
62704,0.01893231
62804,0.0061875284
63504,0.07134743
63604,0.018220847
63704,0.00500548
63804,0.018348487
63904,0.0703582
64304,0.07280072
64404,0.0016896779
5,0.007456994
105,0.024182416
405,0.0056353076
605,0.010628587
705,0.029420882
1005,0.013879638
1205,0.004482426
1705,0.07143856
2205,0.03130377
2705,0.00088224665
2805,0.0027353475
2905,0.0031219888
3005,0.006230999
3105,0.0066494243
3205,0.0070264535
3305,0.009953665
3405,0.003032672
3705,0.0042503723
4005,0.00078131206
4105,0.01071996
4205,0.0036956903
4405,0.004239575
4705,0.0007492817
4805,0.0046809437
4905,0.0047327806
5105,0.0033509135
5205,0.02082599
5705,0.01803706
5905,0.018258985
6205,0.02156013
6305,0.009497789
6505,0.039702386
6605,0.020335881
6805,0.069929175
6905,0.0031468153
7005,0.002813562
7205,0.0026924086
7405,0.0067906175
7505,0.02037163
7705,0.014142064
7905,0.0021515863
8105,0.001864226
8205,0.008474694
8305,0.014459015
8405,0.018896058
8505,0.013678745
8605,0.06366303
8705,0.11455455
8905,0.009622441
9005,0.031851992
9205,0.005998836
9505,0.008056744
9805,0.013480418
9905,0.006730415
10105,0.002331657
10405,0.0023296936
10505,0.008965289
10605,0.02273595
10705,0.013449286
10905,0.015557503
11205,0.0063510616
11305,0.0042068856
11705,0.0029182234
11905,0.025929287
12105,0.0009406313
12405,0.0034834824
12705,0.005553269
12905,0.0027431995
13005,0.0076170038
13405,0.024296923
13505,0.005538773
13605,0.05967134
13705,0.10077898
13905,0.003720352
14305,0.05550043
14405,0.002758449
15405,0.006138942
15605,0.012436323
15705,0.0004704584
15805,0.02186382
15905,0.015941853
16105,0.008150717
16205,0.0073951646
16305,0.026111085
16405,0.023097081
16505,0.00050212815
16605,0.0025120063
17005,0.012813049
17105,0.051316544
17205,0.18031804
17305,0.005263418
17405,0.009696735
17605,0.0056812842
17705,0.0117799975
17905,0.16743962
18005,0.0040054196
18105,0.0020803267
18205,0.0008419186
18405,0.0024092337
18505,0.013474721
18705,0.0011701487
18805,0.0025460375
19105,0.012368189
19505,0.007142712
19605,0.0028212178
19705,0.005917841
19805,0.0014842668
20705,0.0042530354
20805,0.010451573
20905,0.005232422
21105,0.01568144
21205,0.0046126465
21405,0.008790868
21805,0.012938451
22005,0.03282218
22305,0.0077777337
22405,0.009273413
22505,0.012846826
22605,0.0068886383
22905,0.0010977744
23005,0.00095603865
23205,0.0124368
23305,0.0025877827
23605,0.026667066
23705,0.0040335027
23805,0.0057790726
23905,0.0019360097
24105,0.0093646115
24205,0.017972872
24405,0.00321538
24505,0.0068533546
24605,0.002628477
24705,0.0035184298
25305,0.005602641
25405,0.0075858496
25805,0.0023051547
26005,0.006817275
26105,0.0025028419
26205,0.005190834
26305,0.012139543
26405,0.0114136655
26605,0.009324689
26705,0.015961884
26805,0.0041510942
26905,0.004168936
27005,0.018009603
27305,0.004990489
27405,0.0073599378
27505,0.0041156756
27905,0.0066658985
28005,0.0055774874
28105,0.0034873455
28305,0.007927116
28405,0.049674198
29005,0.0045260713
29105,0.018253228
29305,0.0131077245
29605,0.005896191
29705,0.22835618
29805,0.0045612343
29905,0.096804306
30005,0.0104508735
30105,0.012939677
30305,0.005616252
30405,0.0032589743
30705,0.0033976373
30805,0.0037161824
31105,0.008190736
31205,0.011398316
31605,0.010581712
31705,0.005433548
31805,0.0035053166
31905,0.024525395
32005,0.017418306
32105,0.11401904
32805,0.0032424831
33005,0.17797239
33105,0.13469492
33505,0.006084743
33705,0.015950266
33805,0.01094854
33905,0.0009467942
34005,0.016186457
34205,0.0012787386
34305,0.011503582
34405,0.0027286692
34505,0.006002292
34605,0.0070262454
34805,0.0010631622
35005,0.0027942206
35205,0.0022244013
35305,0.007816981
35505,0.0074004
35605,0.0014813825
35705,0.003885766
35905,0.008135404
36005,0.005416828
36105,0.006187215
36605,0.036543418
37205,0.003314028
37405,0.0070551205
37505,0.006266025
37605,0.006992951
37705,0.0046946243
38105,0.019407133
38205,0.022523243
38305,0.06039794
38405,0.010697652
38605,0.028942974
38805,0.016163198
39105,0.013156553
39205,0.00089156785
39305,0.0062315864
39405,0.0039329515
39605,0.0006441097
39705,0.010851326
39905,0.009027907
40005,0.0055800695
40205,0.0068083503
40505,0.0048115556
40605,0.045163628
41805,0.00646959
42005,0.011953842
42705,0.0069536585
42905,0.021561803
43605,0.03079668
44205,0.01684075
44505,0.0013643843
44705,0.016709033
44905,0.05225418
45205,0.003979468
45305,0.009175792
45505,0.008312439
45605,0.012941888
46105,0.1390961
46305,0.075025834
46505,0.0036942568
46905,0.016736817
47005,0.0018970429
47105,0.002389444
47205,0.014791306
47305,0.016730312
47605,0.0072228666
47705,0.008779642
47805,0.0064741513
47905,0.013883115
48205,0.013934859
48605,0.015857285
48705,0.0016332879
49105,0.0015738521
49205,0.01317398
49605,0.0037033253
49705,0.0023145205
49905,0.005753567
50105,0.12965575
50305,0.002990693
50405,0.0012300559
50605,0.00298625
50805,0.0013053591
50905,0.009380625
51005,0.018928397
51205,0.002323707
51605,0.003405121
51805,0.004257271
52005,0.0020590592
52105,0.0091059515
52505,0.0013765546
52605,0.0050689885
52705,0.0022877757
53205,0.009960583
53305,0.009013169
53405,0.0028676451
53605,0.003564713
53905,0.0022177338
54105,0.006361666
54205,0.005723688
54305,0.029713744
54405,0.026892925
54605,0.03496511
55005,0.01428569
55205,0.0029528136
55405,0.0028433292
55505,0.0043035904
55605,0.017138096
56205,0.0056618177
56505,0.0080572385
56705,0.19690408
56805,0.0064504948
57005,0.006646662
57105,0.029398004
57205,0.004049688
57305,0.0045273486
57505,0.033282828
57905,0.0027884373
58005,0.007313209
58205,0.004170616
58305,0.0034302669
58505,0.002670429
58905,0.0060362644
59105,0.010637108
59205,0.0042453315
59505,0.0036561457
59605,0.010922784
59805,0.0047185216
59905,0.010998588
60405,0.0027344252
60505,0.0059439074
60805,0.080653705
61105,0.010798612
61305,0.007901547
61405,0.0052874954
61705,0.008855883
62105,0.022079624
62405,0.010813376
62705,0.024079606
62805,0.005210481
63505,0.018307326
63605,0.008538542
63705,0.057060223
63805,0.03811024
63905,0.014844429
64305,0.014445982
64405,0.0042516063
6,0.0012686822
106,0.0017689082
406,0.03919889
606,0.26768783
706,0.1437028
1006,0.0016134583
1206,0.008898307
1706,0.029532624
2206,0.024691531
2706,0.004539215
2806,0.043360632
2906,0.15369137
3006,0.049200498
3106,0.044146106
3206,0.27778703
3306,0.11970445
3406,0.01288477
3706,0.023176115
4006,0.0030216652
4106,0.004338064
4206,0.17103384
4406,0.066919275
4706,0.0017274049
4806,0.030273894
4906,0.105945185
5106,0.005039147
5206,0.18251404
5706,0.23685709
5906,0.06782389
6206,0.08091561
6306,0.062995546
6506,0.42003322
6606,0.06277171
6806,0.2639089
6906,0.012417359
7006,0.050252568
7206,0.06796572
7406,0.013774084
7506,0.08291584
7706,0.021162253
7906,0.04481003
8106,0.0068603284
8206,0.024089545
8306,0.057437655
8406,0.03716131
8506,0.0140670845
8606,0.017792061
8706,0.07970186
8906,0.008392876
9006,0.058695637
9206,0.031054346
9506,0.040774062
9806,0.07547016
9906,0.06946165
10106,0.05634656
10406,0.1571144
10506,0.0924039
10606,0.034019884
10706,0.014136764
10906,0.09250835
11206,0.012145165
11306,0.021792162
11706,0.025127472
11906,0.087392986
12106,0.04920694
12406,0.10365928
12706,0.3556771
12906,0.18966642
13006,0.1566477
13406,0.18558744
13506,0.040251758
13606,0.026358986
13706,0.14271726
13906,0.09742804
14306,0.20986243
14406,0.0685249
15406,0.27700028
15606,0.055745237
15706,0.43874785
15806,0.02391274
15906,0.021659415
16106,0.10539321
16206,0.052560933
16306,0.007286185
16406,0.0008893539
16506,0.0025713618
16606,0.0011559295
17006,0.017867694
17106,0.0048010596
17206,0.007234458
17306,0.0014074893
17406,0.0060939235
17606,0.04045759
17706,0.0091543235
17906,0.02306509
18006,0.0010482626
18106,0.009547129
18206,0.0038944867
18406,0.009616008
18506,0.0102291135
18706,0.009856008
18806,0.051835224
19106,0.017097332
19506,0.0065980083
19606,0.01974887
19706,0.0050772307
19806,0.0275044
20706,0.27795976
20806,0.09884264
20906,0.01745819
21106,0.11496448
21206,0.0825621
21406,0.17382506
21806,0.2749877
22006,0.047658913
22306,0.019552937
22406,0.17540045
22506,0.06391032
22606,0.3251869
22906,0.0031741157
23006,0.008835372
23206,0.0201655
23306,0.007948785
23606,0.016063334
23706,0.03616472
23806,0.103484005
23906,0.010804066
24106,0.07229444
24206,0.03294088
24406,0.03515881
24506,0.14099494
24606,0.03133179
24706,0.011615205
25306,0.03797709
25406,0.15037562
25806,0.041532118
26006,0.057221226
26106,0.016447185
26206,0.10648363
26306,0.18339062
26406,0.3769763
26606,0.0465109
26706,0.1590531
26806,0.036674738
26906,0.03458053
27006,0.0061744098
27306,0.006920802
27406,0.03771847
27506,0.048347436
27906,0.007963562
28006,0.0181393
28106,0.29819858
28306,0.04378778
28406,0.24258687
29006,0.2330369
29106,0.13359553
29306,0.063917235
29606,0.025462752
29706,0.018494535
29806,0.12228197
29906,0.016396323
30006,0.2186717
30106,0.09741558
30306,0.061235882
30406,0.4102385
30706,0.039983947
30806,0.044845622
31106,0.04727756
31206,0.118812874
31606,0.013297038
31706,0.07863111
31806,0.028171735
31906,0.013771486
32006,0.028382473
32106,0.0045300587
32806,0.045481186
33006,0.0031609454
33106,0.0073263417
33506,0.032189857
33706,0.008329855
33806,0.0057059755
33906,0.0054412773
34006,0.028298553
34206,0.009382221
34306,0.010640097
34406,0.018293502
34506,0.039352093
34606,0.031122286
34806,0.008143203
35006,0.06177768
35206,0.0115356585
35306,0.05671363
35506,0.014835864
35606,0.0046760947
35706,0.010498354
35906,0.086649515
36006,0.042855565
36106,0.006984594
36606,0.0275786
37206,0.011454777
37406,0.3327048
37506,0.19224785
37606,0.22527312
37706,0.12346804
38106,0.26099584
38206,0.27747235
38306,0.045986973
38406,0.42777273
38606,0.012711164
38806,0.21728472
39106,0.07325019
39206,0.0027614979
39306,0.04706539
39406,0.048198584
39606,0.003176632
39706,0.0055646324
39906,0.011321339
40006,0.15241303
40206,0.0059110723
40506,0.07253005
40606,0.019056868
41806,0.028036185
42006,0.05918632
42706,0.3936547
42906,0.020550061
43606,0.20419331
44206,0.012505951
44506,0.014304374
44706,0.06309226
44906,0.11858246
45206,0.4544136
45306,0.048530187
45506,0.18553738
45606,0.090403415
46106,0.017293116
46306,0.094842985
46506,0.06300576
46906,0.004451916
47006,0.011383286
47106,0.018435143
47206,0.08197597
47306,0.060910296
47606,0.053515963
47706,0.20956771
47806,0.025546987
47906,0.017698335
48206,0.102771826
48606,0.014479711
48706,0.004413283
49106,0.012817662
49206,0.22947016
49606,0.034359768
49706,0.031836037
49906,0.0020426724
50106,0.008190654
50306,0.008979177
50406,0.0051171235
50606,0.026032226
50806,0.005883723
50906,0.06007441
51006,0.033433788
51206,0.02409105
51606,0.065909445
51806,0.016388522
52006,0.016479796
52106,0.1478468
52506,0.030826274
52606,0.13273397
52706,0.015499675
53206,0.022946114
53306,0.27908492
53406,0.019247921
53606,0.00812045
53906,0.015560505
54106,0.052744254
54206,0.4723018
54306,0.56482995
54406,0.0951349
54606,0.0056642247
55006,0.031075632
55206,0.04243584
55406,0.034416698
55506,0.016035093
55606,0.052985594
56206,0.043258514
56506,0.0061565847
56706,0.018058764
56806,0.082425505
57006,0.036032468
57106,0.03480578
57206,0.029909609
57306,0.042100985
57506,0.09903152
57906,0.023808619
58006,0.013285877
58206,0.018580567
58306,0.05253215
58506,0.0278192
58906,0.02399189
59106,0.12543546
59206,0.10429397
59506,0.02446511
59606,0.16122487
59806,0.082266
59906,0.13234453
60406,0.0080360295
60506,0.050959323
60806,0.16793688
61106,0.067198105
61306,0.04111369
61406,0.11409824
61706,0.012400501
62106,0.34849522
62406,0.055517804
62706,0.067613944
62806,0.03729871
63506,0.17639823
63606,0.2506071
63706,0.04026245
63806,0.06304853
63906,0.0153653715
64306,0.069975875
64406,0.01852889
7,0.016099056
107,0.019626694
407,0.001777478
607,0.006618385
707,0.16320765
1007,0.010553221
1207,0.016634678
1707,0.03606699
2207,0.07800125
2707,0.007978575
2807,0.090232894
2907,0.13718733
3007,0.0782567
3107,0.029650956
3207,0.01243098
3307,0.027541084
3407,0.0302142
3707,0.104093276
4007,0.03979544
4107,0.14221661
4207,0.029929824
4407,0.18097804
4707,0.04535139
4807,0.076640114
4907,0.1531887
5107,0.057634052
5207,0.11469105
5707,0.12375387
5907,0.07557107
6207,0.28657195
6307,0.18557476
6507,0.03263448
6607,0.10007619
6807,0.13305268
6907,0.047411725
7007,0.010503236
7207,0.016933756
7407,0.03457358
7507,0.012135265
7707,0.07602661
7907,0.023334784
8107,0.009623956
8207,0.12988366
8307,0.09606983
8407,0.421353
8507,0.08895738
8607,0.04030397
8707,0.013057763
8907,0.046410117
9007,0.009955242
9207,0.06065983
9507,0.07594628
9807,0.0430706
9907,0.06882189
10107,0.16309126
10407,0.473336
10507,0.135182
10607,0.12615667
10707,0.18325345
10907,0.124532975
11207,0.010406982
11307,0.073118836
11707,0.062195584
11907,0.11059992
12107,0.3359295
12407,0.040388048
12707,0.010764284
12907,0.036316648
13007,0.04847316
13407,0.15741017
13507,0.06266389
13607,0.2587366
13707,0.0855973
13907,0.22078417
14307,0.20847237
14407,0.047391698
15407,0.009492023
15607,0.26152825
15707,0.14728719
15807,0.15696763
15907,0.023401853
16107,0.031274233
16207,0.10979311
16307,0.03313454
16407,0.013342764
16507,0.0019611313
16607,0.008951137
17007,0.26822162
17107,0.067536846
17207,0.017048223
17307,0.014310176
17407,0.027433978
17607,0.061193842
17707,0.011173723
17907,0.040864572
18007,0.019020889
18107,0.0181853
18207,0.009784713
18407,0.041878577
18507,0.015163847
18707,0.016812144
18807,0.14784105
19107,0.012092528
19507,0.023700492
19607,0.03276397
19707,0.02657721
19807,0.076818235
20707,0.15150994
20807,0.02961795
20907,0.027246008
21107,0.03266139
21207,0.057709552
21407,0.08018381
21807,0.030552344
22007,0.06097936
22307,0.1800963
22407,0.047857314
22507,0.045110345
22607,0.01946089
22907,0.07223963
23007,0.023234421
23207,0.040068947
23307,0.16273703
23607,0.021382181
23707,0.054167815
23807,0.019372938
23907,0.045416795
24107,0.0481042
24207,0.036689892
24407,0.028262349
24507,0.009132971
24607,0.021903653
24707,0.0070458744
25307,0.0070802104
25407,0.052467957
25807,0.019709501
26007,0.02397552
26107,0.057864677
26207,0.3584262
26307,0.07876482
26407,0.046800066
26607,0.0711588
26707,0.22251314
26807,0.032162093
26907,0.05513665
27007,0.009362367
27307,0.049034152
27407,0.021475857
27507,0.031150294
27907,0.0145629775
28007,0.04180346
28107,0.005804817
28307,0.1095864
28407,0.035034817
29007,0.01914239
29107,0.1800502
29307,0.1235142
29607,0.060983617
29707,0.026852421
29807,0.14173402
29907,0.06420878
30007,0.15719773
30107,0.018481715
30307,0.016541377
30407,0.042657323
30707,0.026489906
30807,0.10547327
31107,0.03634519
31207,0.3773149
31607,0.03993223
31707,0.05862431
31807,0.0770328
31907,0.23499872
32007,0.12576266
32107,0.027880745
32807,0.030760229
33007,0.036723245
33107,0.014528731
33507,0.024435537
33707,0.036432844
33807,0.032004487
33907,0.0077125933
34007,0.008898651
34207,0.0646135
34307,0.013933363
34407,0.007919927
34507,0.00791966
34607,0.024574492
34807,0.03568058
35007,0.0087215165
35207,0.01514408
35307,0.046076216
35507,0.08886643
35607,0.025458932
35707,0.02550371
35907,0.040081546
36007,0.021150524
36107,0.3140624
36607,0.023649957
37207,0.05896296
37407,0.017153302
37507,0.10826191
37607,0.0662879
37707,0.09251252
38107,0.021328997
38207,0.17041408
38307,0.184273
38407,0.037629478
38607,0.2048819
38807,0.05422888
39107,0.04643143
39207,0.112973414
39307,0.058225688
39407,0.03139623
39607,0.32696334
39707,0.059158396
39907,0.06151241
40007,0.028859146
40207,0.035726316
40507,0.22820987
40607,0.06868296
41807,0.020919539
42007,0.045904405
42707,0.01729628
42907,0.103425294
43607,0.02922318
44207,0.021621013
44507,0.13139613
44707,0.01359361
44907,0.050383322
45207,0.015337936
45307,0.09980942
45507,0.09497257
45607,0.3742347
46107,0.06487851
46307,0.04047513
46507,0.01631241
46907,0.19510812
47007,0.06835649
47107,0.0090487795
47207,0.10125793
47307,0.0145157715
47607,0.11657517
47707,0.046107616
47807,0.51428175
47907,0.039012894
48207,0.041500617
48607,0.01453406
48707,0.0018419378
49107,0.04016795
49207,0.008175967
49607,0.21936409
49707,0.01741735
49907,0.016307544
50107,0.01833292
50307,0.012368651
50407,0.01704583
50607,0.07600406
50807,0.011440306
50907,0.0079263365
51007,0.0070220167
51207,0.016219895
51607,0.42739043
51807,0.04235468
52007,0.32536107
52107,0.021020865
52507,0.2068133
52607,0.060311966
52707,0.0013810046
53207,0.38616285
53307,0.04654044
53407,0.01068191
53607,0.087511845
53907,0.0060027614
54107,0.056737337
54207,0.014802542
54307,0.009994501
54407,0.17242387
54607,0.029660054
55007,0.10083564
55207,0.08293881
55407,0.06271536
55507,0.07008747
55607,0.019605659
56207,0.027816996
56507,0.027360888
56707,0.086223446
56807,0.058802843
57007,0.0189804
57107,0.0073419074
57207,0.3000996
57307,0.20644708
57507,0.07000657
57907,0.39673305
58007,0.043398112
58207,0.018073007
58307,0.039229114
58507,0.050333522
58907,0.028252268
59107,0.030161295
59207,0.16261908
59507,0.022067707
59607,0.023552831
59807,0.042647906
59907,0.021528836
60407,0.020078965
60507,0.02831862
60807,0.08952193
61107,0.029654441
61307,0.039659258
61407,0.036920432
61707,0.009931235
62107,0.02319134
62407,0.09916957
62707,0.33082837
62807,0.015182493
63507,0.016652398
63607,0.2801258
63707,0.1624776
63807,0.107683055
63907,0.024056824
64307,0.07678207
64407,0.07127789
8,0.21479057
108,0.23326132
408,0.0014345907
608,0.0061361906
708,0.04624037
1008,0.100564316
1208,0.09027584
1708,0.106057465
2208,0.08978722
2708,0.22383341
2808,0.012068354
2908,0.0053645573
3008,0.03458645
3108,0.03239285
3208,0.008724857
3308,0.0039987206
3408,0.00869603
3708,0.036276057
4008,0.0043295347
4108,0.01724949
4208,0.009855602
4408,0.09303608
4708,0.0044564293
4808,0.003952186
4908,0.022762308
5108,0.007732194
5208,0.019041203
5708,0.014459396
5908,0.06666553
6208,0.037075963
6308,0.050250016
6508,0.020536847
6608,0.05967769
6808,0.054694824
6908,0.048573196
7008,0.06255158
7208,0.0094744675
7408,0.017571842
7508,0.026655775
7708,0.14512475
7908,0.056225184
8108,0.03218377
8208,0.036700595
8308,0.02994835
8408,0.04764045
8508,0.22807987
8608,0.09036398
8708,0.037961412
8908,0.40526682
9008,0.08004507
9208,0.23783387
9508,0.011478986
9808,0.02244678
9908,0.054490488
10108,0.021058751
10408,0.015323798
10508,0.11765492
10608,0.089251295
10708,0.12639473
10908,0.030226804
11208,0.15287648
11308,0.117849976
11708,0.016306138
11908,0.034067627
12108,0.007833868
12408,0.021258552
12708,0.009443128
12908,0.008849314
13008,0.023712492
13408,0.041414805
13508,0.056982905
13608,0.060756203
13708,0.041027654
13908,0.10954498
14308,0.06409625
14408,0.0778662
15408,0.007964545
15608,0.20550613
15708,0.0047379974
15808,0.14763981
15908,0.10968199
16108,0.005684069
16208,0.01355562
16308,0.14201285
16408,0.26912594
16508,0.00042616404
16608,0.019954238
17008,0.078000985
17108,0.1646995
17208,0.092912436
17308,0.07953954
17408,0.0018015932
17608,0.010389274
17708,0.026422935
17908,0.10305323
18008,0.22422224
18108,0.056071047
18208,0.19048092
18408,0.097112104
18508,0.2131679
18708,0.15323266
18808,0.018956989
19108,0.012169763
19508,0.020103915
19608,0.052502677
19708,0.071043484
19808,0.024498971
20708,0.0042662197
20808,0.012428645
20908,0.0071463096
21108,0.018461844
21208,0.004594164
21408,0.01580237
21808,0.0160057
22008,0.020654835
22308,0.08537959
22408,0.08028189
22508,0.12973131
22608,0.03811492
22908,0.0036848364
23008,0.0078226635
23208,0.028081669
23308,0.012466187
23608,0.09457844
23708,0.007755976
23808,0.06982128
23908,0.0046672253
24108,0.014261312
24208,0.043591138
24408,0.06708656
24508,0.032062743
24608,0.114352204
24708,0.07068074
25308,0.002127098
25408,0.013963658
25808,0.17250094
26008,0.015623326
26108,0.19071917
26208,0.008260829
26308,0.0935585
26408,0.042388383
26608,0.097121984
26708,0.06011942
26808,0.088370256
26908,0.11418218
27008,0.06302903
27308,0.07089836
27408,0.031016843
27508,0.016098078
27908,0.1446946
28008,0.057460483
28108,0.017392684
28308,0.07176834
28408,0.010683716
29008,0.03956486
29108,0.105809875
29308,0.07961687
29608,0.015925862
29708,0.05588553
29808,0.058985498
29908,0.031421844
30008,0.022250855
30108,0.018625086
30308,0.003846782
30408,0.0070434874
30708,0.13229102
30808,0.0138164
31108,0.090155944
31208,0.028262377
31608,0.054465365
31708,0.057320874
31808,0.03397532
31908,0.11400639
32008,0.008566586
32108,0.21485472
32808,0.0035904795
33008,0.07219132
33108,0.043062005
33508,0.12406579
33708,0.21043235
33808,0.23231371
33908,0.21085079
34008,0.10709172
34208,0.042104512
34308,0.31131023
34408,0.06782618
34508,0.11992316
34608,0.1274066
34808,0.018038966
35008,0.040572677
35208,0.009059603
35308,0.019556403
35508,0.14040709
35608,0.028871346
35708,0.03949833
35908,0.016724082
36008,0.01615957
36108,0.11825506
36608,0.050049156
37208,0.014781803
37408,0.0073656063
37508,0.0072675133
37608,0.04685557
37708,0.075391
38108,0.010641995
38208,0.063528724
38308,0.06748858
38408,0.013499061
38608,0.2517855
38808,0.014030432
39108,0.09934259
39208,0.0058618877
39308,0.03647179
39408,0.03907743
39608,0.021740662
39708,0.111709826
39908,0.118089706
40008,0.043533806
40208,0.06468293
40508,0.060704835
40608,0.09411059
41808,0.021328447
42008,0.024011757
42708,0.0115558915
42908,0.11593678
43608,0.016417012
44208,0.014539921
44508,0.013939167
44708,0.023270896
44908,0.0250574
45208,0.012175017
45308,0.04774419
45508,0.0088838
45608,0.030681478
46108,0.11938966
46308,0.028919086
46508,0.09853233
46908,0.10587702
47008,0.23404324
47108,0.22352421
47208,0.026151659
47308,0.0071613225
47608,0.0069613215
47708,0.11943079
47808,0.058398154
47908,0.090263106
48208,0.007174985
48608,0.10009998
48708,0.00056394824
49108,0.005333286
49208,0.015473496
49608,0.005034599
49708,0.01993276
49908,0.011041872
50108,0.08698507
50308,0.22438462
50408,0.09984782
50608,0.022071352
50808,0.18888134
50908,0.07138508
51008,0.1384602
51208,0.12673973
51608,0.01179971
51808,0.0101669915
52008,0.0060848612
52108,0.026703075
52508,0.014262577
52608,0.02637637
52708,0.005936107
53208,0.15425807
53308,0.008557559
53408,0.0046155807
53608,0.023395557
53908,0.012631969
54108,0.22105546
54208,0.004510663
54308,0.009716452
54408,0.048860382
54608,0.13779362
55008,0.17353609
55208,0.16597316
55408,0.0448561
55508,0.022037623
55608,0.027224021
56208,0.02544914
56508,0.04430213
56708,0.049549233
56808,0.016879398
57008,0.31800848
57108,0.11063965
57208,0.021442074
57308,0.024932984
57508,0.016399944
57908,0.031669404
58008,0.032912277
58208,0.17099433
58308,0.10489206
58508,0.018087074
58908,0.06921026
59108,0.046928894
59208,0.10106235
59508,0.40863368
59608,0.026563542
59808,0.008299885
59908,0.0052282964
60408,0.25055218
60508,0.05555131
60808,0.032932315
61108,0.14032906
61308,0.29993692
61408,0.06587194
61708,0.012514033
62108,0.03010068
62408,0.05126018
62708,0.032258064
62808,0.016128803
63508,0.030052187
63608,0.020341633
63708,0.045543164
63808,0.017817555
63908,0.15432425
64308,0.004866618
64408,0.0025580935
9,0.0047872784
109,0.004879746
409,0.0017183785
609,0.031358145
709,0.105164155
1009,0.015515681
1209,0.0050902353
1709,0.10338587
2209,0.13188222
2709,0.00308911
2809,0.019708658
2909,0.13682607
3009,0.21737805
3109,0.0040091123
3209,0.020980196
3309,0.1567611
3409,0.06805818
3709,0.007889586
4009,0.017637981
4109,0.1275247
4209,0.01654622
4409,0.13733311
4709,0.014635377
4809,0.054043103
4909,0.070664786
5109,0.02598845
5209,0.14517191
5709,0.035852484
5909,0.26668003
6209,0.025936268
6309,0.09557821
6509,0.043165598
6609,0.039837923
6809,0.04584245
6909,0.0068994276
7009,0.019910708
7209,0.013947918
7409,0.04929362
7509,0.07680263
7709,0.032944452
7909,0.014923427
8109,0.5572336
8209,0.33016506
8309,0.034024127
8409,0.02388403
8509,0.28463036
8609,0.113825314
8709,0.023226604
8909,0.0919849
9009,0.047348727
9209,0.20204161
9509,0.022536764
9809,0.26027057
9909,0.25716826
10109,0.021525562
10409,0.03155975
10509,0.13376997
10609,0.0704876
10709,0.015720824
10909,0.09900998
11209,0.038665876
11309,0.035907123
11709,0.014760446
11909,0.103783734
12109,0.011266541
12409,0.06806825
12709,0.02093041
12909,0.32553637
13009,0.040519454
13409,0.043310244
13509,0.094345085
13609,0.011782996
13709,0.026259387
13909,0.010260433
14309,0.03362919
14409,0.042617656
15409,0.07920824
15609,0.046133462
15709,0.019478306
15809,0.09694477
15909,0.05086257
16109,0.024241181
16209,0.11765427
16309,0.004859662
16409,0.0032531228
16509,0.00023857602
16609,0.005680896
17009,0.2571848
17109,0.022638299
17209,0.118637644
17309,0.008523976
17409,0.017671067
17609,0.04882801
17709,0.22833608
17909,0.06899374
18009,0.005451086
18109,0.003963872
18209,0.0018781525
18409,0.008035181
18509,0.03687518
18709,0.003178632
18809,0.026283525
19109,0.25429407
19509,0.14411017
19609,0.017040027
19709,0.036417626
19809,0.0070742173
20709,0.10100989
20809,0.10708344
20909,0.022897411
21109,0.02885317
21209,0.010018039
21409,0.3320925
21809,0.025655871
22009,0.14976662
22309,0.024062652
22409,0.019058263
22509,0.04854914
22609,0.02070258
22909,0.0054481626
23009,0.0027496468
23209,0.023913665
23309,0.0028191938
23609,0.024060253
23709,0.09878205
23809,0.052906126
23909,0.012221688
24109,0.099606484
24209,0.02915029
24409,0.022200942
24509,0.014115354
24609,0.010879726
24709,0.24269833
25309,0.0039631743
25409,0.050870527
25809,0.10208386
26009,0.07773117
26109,0.4509253
26209,0.043814596
26309,0.19219036
26409,0.03176521
26609,0.14966813
26709,0.04068918
26809,0.00975799
26909,0.021483852
27009,0.034345224
27309,0.026158208
27409,0.009911702
27509,0.02205158
27909,0.021577954
28009,0.00810833
28109,0.03755879
28309,0.050762
28409,0.16103834
29009,0.05810495
29109,0.030677104
29309,0.057524078
29609,0.0053462563
29709,0.02393489
29809,0.03466058
29909,0.004512725
30009,0.08332211
30109,0.16458115
30309,0.0062186606
30409,0.035101674
30709,0.08253023
30809,0.02712183
31109,0.0583293
31209,0.02792665
31609,0.040786933
31709,0.12918387
31809,0.13224562
31909,0.03602136
32009,0.0115966555
32109,0.013276107
32809,0.090533935
33009,0.01811378
33109,0.041524716
33509,0.18941076
33709,0.03965756
33809,0.032212216
33909,0.0007775898
34009,0.024017803
34209,0.010544239
34309,0.15734355
34409,0.005523819
34509,0.010107302
34609,0.039036717
34809,0.0018467645
35009,0.013671794
35209,0.005687016
35309,0.05453589
35509,0.4058197
35609,0.14692959
35709,0.039017122
35909,0.085385755
36009,0.1813276
36109,0.036718655
36609,0.076432645
37209,0.04673101
37409,0.046828322
37509,0.043744963
37609,0.23479068
37709,0.41270953
38109,0.029420383
38209,0.03504803
38309,0.04457688
38409,0.15793054
38609,0.14293255
38809,0.30194625
39109,0.16421139
39209,0.0045353784
39309,0.039226685
39409,0.026021607
39609,0.002023462
39709,0.11003228
39909,0.04707769
40009,0.024839755
40209,0.40444246
40509,0.015609833
40609,0.39348564
41809,0.05022696
42009,0.25297633
42709,0.019367933
42909,0.029574618
43609,0.05529424
44209,0.015781146
44509,0.004267869
44709,0.017890101
44909,0.15909967
45209,0.02490291
45309,0.0445617
45509,0.043899514
45609,0.035036087
46109,0.036700144
46309,0.04745361
46509,0.062425666
46909,0.015597154
47009,0.03657523
47109,0.0127005875
47209,0.03127086
47309,0.04782826
47609,0.104814865
47709,0.17788397
47809,0.07709574
47909,0.08222243
48209,0.06527798
48609,0.018891316
48709,0.0010258422
49109,0.016618868
49209,0.017807363
49609,0.029199021
49709,0.0052028685
49909,0.0027555716
50109,0.0695664
50309,0.009772826
50409,0.0024258527
50609,0.022176629
50809,0.0023267812
50909,0.013750549
51009,0.032880362
51209,0.007328106
51609,0.04082363
51809,0.04282744
52009,0.023371203
52109,0.05217064
52509,0.004254555
52609,0.10558458
52709,0.5055888
53209,0.082472704
53309,0.04543628
53409,0.2643102
53609,0.005585812
53909,0.33932024
54109,0.024333512
54209,0.02411949
54309,0.035616755
54409,0.05513161
54609,0.02085831
55009,0.023946643
55209,0.16878219
55409,0.031294562
55509,0.015921533
55609,0.025515815
56209,0.3735241
56509,0.2972048
56709,0.022867735
56809,0.055031195
57009,0.2110092
57109,0.035652794
57209,0.04478781
57309,0.03886768
57509,0.20536448
57909,0.009013071
58009,0.088774696
58209,0.10814156
58309,0.024586368
58509,0.4053186
58909,0.030827593
59109,0.13421935
59209,0.10630054
59509,0.19676326
59609,0.19148426
59809,0.03745076
59909,0.06786987
60409,0.007170093
60509,0.063252695
60809,0.0623855
61109,0.012096473
61309,0.018620025
61409,0.094525024
61709,0.079120204
62109,0.017631536
62409,0.06958166
62709,0.09742371
62809,0.0085855
63509,0.035022162
63609,0.024050858
63709,0.020993775
63809,0.029528467
63909,0.08208799
64309,0.10798023
64409,0.004087703
10,0.1917463
110,0.1878272
410,0.2536687
610,0.5316724
710,0.19158053
1010,0.40290958
1210,0.1005493
1710,0.09104619
2210,0.18580353
2710,0.009449416
2810,0.6886008
2910,0.45440182
3010,0.37979716
3110,0.069050044
3210,0.22907189
3310,0.13253507
3410,0.6570311
3710,0.036104884
4010,0.26004165
4110,0.009286058
4210,0.08136134
4410,0.106417164
4710,0.13439067
4810,0.12890622
4910,0.2815444
5110,0.025666008
5210,0.18255043
5710,0.18952042
5910,0.3606273
6210,0.11162116
6310,0.12070063
6510,0.19838665
6610,0.18390204
6810,0.12415011
6910,0.013863677
7010,0.07304231
7210,0.060336806
7410,0.051482078
7510,0.20690617
7710,0.09001464
7910,0.025243215
8110,0.31384203
8210,0.21915463
8310,0.16143773
8410,0.08324894
8510,0.12381379
8610,0.08895183
8710,0.08258643
8910,0.1366354
9010,0.2814084
9210,0.074680984
9510,0.25064167
9810,0.09754073
9910,0.24206707
10110,0.39782685
10410,0.20836683
10510,0.342114
10610,0.11043006
10710,0.063463345
10910,0.12810886
11210,0.11748253
11310,0.03325999
11710,0.01987245
11910,0.10604655
12110,0.5323975
12410,0.6651536
12710,0.44995898
12910,0.3660775
13010,0.3481714
13410,0.17274904
13510,0.05024279
13610,0.11362185
13710,0.07190339
13910,0.08568276
14310,0.15105388
14410,0.62096125
15410,0.48559374
15610,0.055897415
15710,0.35098088
15810,0.1383948
15910,0.17619818
16110,0.1212983
16210,0.20525034
16310,0.16867504
16410,0.20338811
16510,0.12734307
16610,0.46801847
17010,0.07160273
17110,0.22042307
17210,0.19719353
17310,0.41275176
17410,0.085339405
17610,0.44061914
17710,0.30061835
17910,0.09004001
18010,0.14866032
18110,0.02496976
18210,0.010928248
18410,0.13300042
18510,0.22224028
18710,0.011379416
18810,0.3961154
19110,0.35797334
19510,0.60947275
19610,0.0398783
19710,0.28653684
19810,0.040772814
20710,0.25453466
20810,0.3895063
20910,0.4122342
21110,0.113450006
21210,0.23575094
21410,0.15564877
21810,0.17319532
22010,0.11953631
22310,0.01856527
22410,0.30156508
22510,0.08657792
22610,0.339148
22910,0.014816115
23010,0.034741726
23210,0.028094767
23310,0.20909043
23610,0.04510232
23710,0.29632524
23810,0.088512726
23910,0.75585264
24110,0.6101592
24210,0.104027495
24410,0.06353725
24510,0.042555336
24610,0.022242358
24710,0.53976274
25310,0.14592902
25410,0.25238615
25810,0.3893191
26010,0.3884626
26110,0.13490939
26210,0.32003248
26310,0.061876506
26410,0.34767383
26610,0.08516377
26710,0.19477008
26810,0.021994714
26910,0.20852454
27010,0.22278135
27310,0.44392362
27410,0.039248396
27510,0.025588315
27910,0.11098239
28010,0.048828356
28110,0.5588228
28310,0.16082917
28410,0.120211765
29010,0.41113743
29110,0.14587542
29310,0.08219879
29610,0.28259537
29710,0.12563863
29810,0.42334324
29910,0.1446181
30010,0.10982318
30110,0.47683313
30310,0.08774733
30410,0.32399356
30710,0.49756962
30810,0.27132884
31110,0.39000604
31210,0.30774745
31610,0.17016257
31710,0.4017282
31810,0.32813853
31910,0.10760152
32010,0.52994615
32110,0.17520499
32810,0.75588405
33010,0.20911959
33110,0.227139
33510,0.41344282
33710,0.1499229
33810,0.15267992
33910,0.012690512
34010,0.073215395
34210,0.09563541
34310,0.24865375
34410,0.044585176
34510,0.059621837
34610,0.13519819
34810,0.124690026
35010,0.07057819
35210,0.047824852
35310,0.23073873
35510,0.19614042
35610,0.68494385
35710,0.26945862
35910,0.28498966
36010,0.36879176
36110,0.24130265
36610,0.2884389
37210,0.024156755
37410,0.27805367
37510,0.25606215
37610,0.14681478
37710,0.086011045
38110,0.12207069
38210,0.14617927
38310,0.07697259
38410,0.16852418
38610,0.047272615
38810,0.17276102
39110,0.04188511
39210,0.016931212
39310,0.04632089
39410,0.025578905
39610,0.0930309
39710,0.012696935
39910,0.15695155
40010,0.12212308
40210,0.34480265
40510,0.21129161
40610,0.11198947
41810,0.30786946
42010,0.11587731
42710,0.23534352
42910,0.12437055
43610,0.3503605
44210,0.1691561
44510,0.4555903
44710,0.30780295
44910,0.11538627
45210,0.15187918
45310,0.050797444
45510,0.30839264
45610,0.090256386
46110,0.084610745
46310,0.32701793
46510,0.60386854
46910,0.22986136
47010,0.037824094
47110,0.36115193
47210,0.26353207
47310,0.48615324
47610,0.12905303
47710,0.12698045
47810,0.078859
47910,0.17202716
48210,0.3407983
48610,0.23108928
48710,0.07260871
49110,0.6952
49210,0.08621182
49610,0.3383516
49710,0.027455708
49910,0.48673883
50110,0.14596413
50310,0.02624013
50410,0.01160944
50610,0.053635817
50810,0.008172668
50910,0.28477892
51010,0.16887596
51210,0.022405075
51610,0.15503271
51810,0.3452149
52010,0.1782698
52110,0.050366636
52510,0.3792024
52610,0.116963394
52710,0.078819774
53210,0.02853335
53310,0.26615638
53410,0.03168411
53610,0.03997545
53910,0.25593123
54110,0.37957695
54210,0.39113963
54310,0.17874284
54410,0.1730096
54610,0.054570504
55010,0.053586237
55210,0.067496456
55410,0.016714495
55510,0.10747401
55610,0.13023171
56210,0.11993024
56510,0.37495717
56710,0.08644671
56810,0.07123334
57010,0.2236996
57110,0.31520528
57210,0.46629748
57310,0.09193901
57510,0.22965984
57910,0.22664459
58010,0.3323453
58210,0.3316431
58310,0.025087431
58510,0.39269924
58910,0.22074717
59110,0.34885854
59210,0.18833762
59510,0.17225645
59610,0.45242843
59810,0.18477444
59910,0.18294175
60410,0.23773259
60510,0.25835505
60810,0.20020306
61110,0.075614676
61310,0.2254976
61410,0.40926728
61710,0.04257527
62110,0.379461
62410,0.052595716
62710,0.14171118
62810,0.32875672
63510,0.30018932
63610,0.18959354
63710,0.113448076
63810,0.12669823
63910,0.119253226
64310,0.2867586
64410,0.6065818
11,0.00031142088
111,0.001955755
411,0.2978981
611,0.022950226
711,0.014232909
1011,0.0044079702
1211,0.077207595
1711,0.0071780016
2211,0.002514865
2711,0.00470661
2811,0.015508311
2911,0.0067878286
3011,0.007460982
3111,0.113272645
3211,0.020665074
3311,0.065202825
3411,0.0050487183
3711,0.04412285
4011,0.0005489097
4111,0.0017287869
4211,0.124436155
4411,0.0028576052
4711,0.00052436505
4811,0.031472404
4911,0.011300741
5111,0.0025113618
5211,0.010249521
5711,0.011006476
5911,0.006201558
6211,0.011530532
6311,0.016838372
6511,0.021859875
6611,0.0060467306
6811,0.009746794
6911,0.02934853
7011,0.0060133464
7211,0.026575716
7411,0.0025709146
7511,0.14138778
7711,0.007852592
7911,0.0063586067
8111,0.0010057047
8211,0.010486007
8311,0.019941138
8411,0.0030140567
8511,0.0035973527
8611,0.0101088155
8711,0.00506582
8911,0.0034392301
9011,0.0032860949
9211,0.005586312
9511,0.025686257
9811,0.007759332
9911,0.0010368507
10111,0.004776996
10411,0.000719797
10511,0.0068731583
10611,0.012123665
10711,0.01943207
10911,0.00890896
11211,0.004411246
11311,0.010316562
11711,0.06244327
11911,0.032548565
12111,0.0030392413
12411,0.0039366917
12711,0.02205117
12911,0.0017013358
13011,0.044487298
13411,0.011551366
13511,0.055393852
13611,0.0074663158
13711,0.007768438
13911,0.057282228
14311,0.013520948
14411,0.0005234094
15411,0.0072242725
15611,0.06321232
15711,0.0009033038
15811,0.0042080167
15911,0.0064199762
16111,0.05398306
16211,0.0035154633
16311,0.04947954
16411,0.0019368096
16511,0.43975005
16611,0.004915346
17011,0.003347291
17111,0.09764461
17211,0.023159565
17311,0.004909782
17411,0.3585612
17611,0.01599992
17711,0.004458286
17911,0.013563813
18011,0.0003844603
18111,0.049538415
18211,0.005502511
18411,0.0058124834
18511,0.002450086
18711,0.023715416
18811,0.010019254
19111,0.015295731
19511,0.004812401
19611,0.024444943
19711,0.0038311833
19811,0.024149911
20711,0.009188988
20811,0.016657611
20911,0.023705307
21111,0.079844505
21211,0.09285644
21411,0.0011111851
21811,0.02716872
22011,0.038355693
22311,0.025135148
22411,0.023197211
22511,0.09549518
22611,0.09061307
22911,0.017815094
23011,0.04948883
23211,0.02138225
23311,0.10090761
23611,0.010806269
23711,0.025194056
23811,0.0147135835
23911,0.0028385401
24111,0.0057111424
24211,0.034700293
24411,0.009008356
24511,0.010809907
24611,0.023432394
24711,0.00056219037
25311,0.23896515
25411,0.016012033
25811,0.00038274247
26011,0.006436137
26111,0.0010853907
26211,0.01627274
26311,0.00964229
26411,0.021700026
26611,0.034669314
26711,0.020445501
26811,0.04741611
26911,0.008608617
27011,0.0053597107
27311,0.005295075
27411,0.15828103
27511,0.09951959
27911,0.010290958
28011,0.054346904
28111,0.0024900506
28311,0.058380093
28411,0.027415505
29011,0.0052302144
29111,0.07749737
29311,0.027052343
29611,0.026885122
29711,0.013677643
29811,0.010864502
29911,0.12718272
30011,0.0037010578
30111,0.0032374747
30311,0.121921875
30411,0.002388994
30711,0.001272505
30811,0.030010587
31111,0.0052627544
31211,0.005437517
31611,0.008513288
31711,0.0011608116
31811,0.0022058412
31911,0.06938145
32011,0.031017814
32111,0.0095810685
32811,0.003739325
33011,0.053554986
33111,0.097313434
33511,0.026567925
33711,0.00484559
33811,0.0014154089
33911,0.018249925
34011,0.009159493
34211,0.0061207307
34311,0.001385579
34411,0.008241942
34511,0.006761923
34611,0.003194337
34811,0.025029544
35011,0.010813126
35211,0.011696848
35311,0.009527392
35511,0.0043850434
35611,0.0007434853
35711,0.004166736
35911,0.023684874
36011,0.00499919
36111,0.004813605
36611,0.02635323
37211,0.021923436
37411,0.07532279
37511,0.02216995
37611,0.0024341599
37711,0.0045569777
38111,0.027401388
38211,0.009962133
38311,0.0044720513
38411,0.0036666607
38611,0.030571915
38811,0.010649231
39111,0.009275483
39211,0.01330983
39311,0.124691926
39411,0.019103974
39611,0.008694014
39711,0.044401553
39911,0.013566184
40011,0.006240906
40211,0.0034236575
40511,0.03838956
40611,0.02257099
41811,0.01134971
42011,0.016974911
42711,0.04294384
42911,0.014667258
43611,0.025628062
44211,0.013495785
44511,0.01230885
44711,0.1597398
44911,0.005477719
45211,0.037226833
45311,0.007385599
45511,0.0147231305
45611,0.002283494
46111,0.022865687
46311,0.015122208
46511,0.0010030086
46911,0.014555859
47011,0.011055391
47111,0.00048342836
47211,0.033088904
47311,0.054064106
47611,0.011088256
47711,0.053059503
47811,0.005750256
47911,0.003440258
48211,0.023384847
48611,0.0020328662
48711,0.5191702
49111,0.0056142774
49211,0.11835002
49611,0.07134303
49711,0.088534564
49911,0.0057770857
50111,0.017947502
50311,0.0071267197
50411,0.027250098
50611,0.011228654
50811,0.0136130005
50911,0.0028213623
51011,0.0027367251
51211,0.008521905
51611,0.00953882
51811,0.004525963
52011,0.039308533
52111,0.051951773
52511,0.016456263
52611,0.0069250967
52711,0.0035028595
53211,0.0071681105
53311,0.03874104
53411,0.005168103
53611,0.269019
53911,0.0049755317
54111,0.0075809415
54211,0.007572606
54311,0.026489772
54411,0.0061291396
54611,0.07434741
55011,0.06800067
55211,0.0024028309
55411,0.01883668
55511,0.043366533
55611,0.065819286
56211,0.008880214
56511,0.002729417
56711,0.011143844
56811,0.0057633757
57011,0.0015278045
57111,0.0023698825
57211,0.0067805713
57311,0.051711228
57511,0.03229344
57911,0.0061394814
58011,0.0012723493
58211,0.0007721857
58311,0.0063990518
58511,0.00079211406
58911,0.020412058
59111,0.003703751
59211,0.0018679374
59511,0.0014868391
59611,0.005925131
59811,0.048931394
59911,0.04996191
60411,0.00217309
60511,0.011856229
60811,0.028408559
61111,0.047534835
61311,0.011870326
61411,0.004333848
61711,0.022413425
62111,0.025530625
62411,0.024302714
62711,0.001993007
62811,0.0046141245
63511,0.020833129
63611,0.013303989
63711,0.076978564
63811,0.02015252
63911,0.016191099
64311,0.0066848584
64411,0.034303278
12,0.018120501
112,0.031004492
412,0.010159112
612,0.009034285
712,0.007429492
1012,0.017088357
1212,0.010820969
1712,0.0948121
2212,0.008429218
2712,0.0022406855
2812,0.014062671
2912,0.021687716
3012,0.0033567904
3112,0.012825565
3212,0.008295601
3312,0.1666457
3412,0.0050407005
3712,0.01556138
4012,0.00047845583
4112,0.20715216
4212,0.03857729
4412,0.025199948
4712,0.00059706427
4812,0.04906567
4912,0.011958925
5112,0.004730553
5212,0.008865182
5712,0.016690103
5912,0.01750076
6212,0.020652836
6312,0.01895957
6512,0.029029753
6612,0.021078074
6812,0.029674537
6912,0.18025056
7012,0.006251889
7212,0.044171356
7412,0.03657004
7512,0.032809563
7712,0.004723501
7912,0.007895842
8112,0.0007714904
8212,0.0058533116
8312,0.021973943
8412,0.0057387734
8512,0.0064358828
8612,0.014946501
8712,0.044421606
8912,0.01942197
9012,0.008752102
9212,0.0033178357
9512,0.08097149
9812,0.065058626
9912,0.010101791
10112,0.0059523177
10412,0.0035394593
10512,0.0019160534
10612,0.04133599
10712,0.018440481
10912,0.00832038
11212,0.005857013
11312,0.032227773
11712,0.124660484
11912,0.052923217
12112,0.003314213
12412,0.0049164603
12712,0.008408028
12912,0.0048359386
13012,0.016199533
13412,0.023406424
13512,0.057451613
13612,0.009607141
13712,0.029987926
13912,0.009043867
14312,0.012487864
14412,0.004904185
15412,0.009775249
15612,0.0068466836
15712,0.001769537
15812,0.011836221
15912,0.014184368
16112,0.07938226
16212,0.019721119
16312,0.070703864
16412,0.040971246
16512,0.009514684
16612,0.005818485
17012,0.0058685024
17112,0.07977696
17212,0.06875313
17312,0.017757198
17412,0.35343465
17612,0.036701404
17712,0.0055756057
17912,0.13175192
18012,0.019048145
18112,0.011167895
18212,0.001345241
18412,0.0017181849
18512,0.027574005
18712,0.009955839
18812,0.020085512
19112,0.019102998
19512,0.020072002
19612,0.017044332
19712,0.015058741
19812,0.013840207
20712,0.052229322
20812,0.021922605
20912,0.012431328
21112,0.038143586
21212,0.023529701
21412,0.0074430867
21812,0.008414153
22012,0.08447504
22312,0.01996596
22412,0.022740642
22512,0.0135807255
22612,0.0072161877
22912,0.3509916
23012,0.052426707
23212,0.046768498
23312,0.025434328
23612,0.0053838384
23712,0.019573186
23812,0.011798283
23912,0.0020512117
24112,0.0050202967
24212,0.010090939
24412,0.018765649
24512,0.01084244
24612,0.051247247
24712,0.0017461588
25312,0.06482867
25412,0.030144183
25812,0.0061631603
26012,0.02511563
26112,0.0045177885
26212,0.03775143
26312,0.009569261
26412,0.004850485
26612,0.012641361
26712,0.01340114
26812,0.016316751
26912,0.010822027
27012,0.030733336
27312,0.015532445
27412,0.043600377
27512,0.06609471
27912,0.017444747
28012,0.0133917695
28112,0.004343701
28312,0.0108610755
28412,0.052999828
29012,0.010679846
29112,0.014258619
29312,0.011021865
29612,0.0078562945
29712,0.19550814
29812,0.0040489417
29912,0.04690299
30012,0.010989158
30112,0.025892857
30312,0.019060755
30412,0.004384643
30712,0.009468886
30812,0.041236557
31112,0.04530405
31212,0.007807385
31612,0.009292197
31712,0.014034989
31812,0.0132582765
31912,0.0073462953
32012,0.019844763
32112,0.07504067
32812,0.0072188443
33012,0.070679545
33112,0.18501602
33512,0.004745541
33712,0.047454733
33812,0.026750052
33912,0.004601197
34012,0.003746067
34212,0.021352278
34312,0.010399094
34412,0.003307913
34512,0.014389948
34612,0.0068249297
34812,0.022461746
35012,0.0035911093
35212,0.011033588
35312,0.0077812383
35512,0.0042244033
35612,0.0033964817
35712,0.014291438
35912,0.035811156
36012,0.018512972
36112,0.011471518
36612,0.06630159
37212,0.052399397
37412,0.0112972
37512,0.015704477
37612,0.016375845
37712,0.0067911786
38112,0.02767735
38212,0.007981515
38312,0.018559393
38412,0.0045000785
38612,0.03358102
38812,0.032078188
39112,0.020754794
39212,0.32862264
39312,0.05509139
39412,0.04221063
39612,0.0041016787
39712,0.012496004
39912,0.025775652
40012,0.0044174115
40212,0.0065284595
40512,0.012938332
40612,0.031533174
41812,0.029259907
42012,0.11398939
42712,0.0086713005
42912,0.011734892
43612,0.036093477
44212,0.015344155
44512,0.0055183657
44712,0.029195465
44912,0.040992964
45212,0.00507162
45312,0.020516628
45512,0.0321505
45612,0.009656346
46112,0.09178951
46312,0.04110568
46512,0.007479144
46912,0.010326619
47012,0.004620679
47112,0.0052710716
47212,0.03200737
47312,0.015762653
47612,0.14031927
47712,0.005787387
47812,0.002385484
47912,0.0074525257
48212,0.050893113
48612,0.0150811225
48712,0.03214676
49112,0.0042583765
49212,0.019601373
49612,0.114951394
49712,0.026108734
49912,0.0049745156
50112,0.20773177
50312,0.003980241
50412,0.004925085
50612,0.10946389
50812,0.0056102253
50912,0.007057796
51012,0.008622929
51212,0.012645263
51612,0.035664465
51812,0.0041299025
52012,0.09636818
52112,0.016371865
52512,0.0069226623
52612,0.093109384
52712,0.03429214
53212,0.0050491923
53312,0.014046279
53412,0.13544008
53612,0.014128951
53912,0.0052117817
54112,0.008353349
54212,0.008466508
54312,0.028770695
54412,0.02974211
54612,0.015103678
55012,0.047156602
55212,0.0058833286
55412,0.028908242
55512,0.1221019
55612,0.059550814
56212,0.012141535
56512,0.0033357032
56712,0.011740026
56812,0.07244722
57012,0.0067426017
57112,0.005554699
57212,0.00602281
57312,0.06391127
57512,0.07173053
57912,0.011757788
58012,0.019025149
58212,0.0058176676
58312,0.022003446
58512,0.004913573
58912,0.024129158
59112,0.028028885
59212,0.021103008
59512,0.008414216
59612,0.008258682
59812,0.13805841
59912,0.039641336
60412,0.008089583
60512,0.0069122473
60812,0.04125374
61112,0.043684248
61312,0.044845104
61412,0.013651119
61712,0.024879675
62112,0.018796507
62412,0.0145948725
62712,0.0034387682
62812,0.0024147213
63512,0.04268713
63612,0.012830663
63712,0.019064039
63812,0.0289468
63912,0.03671515
64312,0.015937332
64412,0.007934432
13,0.007992457
113,0.011898073
413,0.0011131604
613,0.0019535702
713,0.007324916
1013,0.0052546505
1213,0.0019768367
1713,0.039955456
2213,0.0019508315
2713,0.00012279091
2813,0.0013738596
2913,0.0015446537
3013,0.007967862
3113,0.0024890364
3213,0.002698823
3313,0.0065273494
3413,0.0009993807
3713,0.005562168
4013,0.0011661267
4113,0.031003417
4213,0.0050189514
4413,0.0033895236
4713,0.0006670017
4813,0.006080929
4913,0.018500658
5113,0.0020050516
5213,0.013140218
5713,0.0070816963
5913,0.0025118284
6213,0.012817145
6313,0.03585076
6513,0.003968577
6613,0.019431124
6813,0.0039623743
6913,0.0030023686
7013,0.0012147682
7213,0.0024392062
7413,0.035644066
7513,0.020162737
7713,0.0012973429
7913,0.0017492014
8113,0.0021565447
8213,0.0052416404
8313,0.009234284
8413,0.010909374
8513,0.0030677947
8613,0.004219826
8713,0.02344385
8913,0.0046943785
9013,0.011990082
9213,0.0015523557
9513,0.016164033
9813,0.018915124
9913,0.011518685
10113,0.0026778255
10413,0.00069127826
10513,0.0023070725
10613,0.020205757
10713,0.028693274
10913,0.019641768
11213,0.0011294862
11313,0.0017967086
11713,0.010940889
11913,0.028985504
12113,0.0010037281
12413,0.0015583801
12713,0.0033210625
12913,0.0012384218
13013,0.00983559
13413,0.006957601
13513,0.0065316083
13613,0.036986325
13713,0.011066451
13913,0.0076854737
14313,0.0051472327
14413,0.001407226
15413,0.00539116
15613,0.007512357
15713,0.00015868685
15813,0.0024667827
15913,0.0013498776
16113,0.013778767
16213,0.008175865
16313,0.016689062
16413,0.007248599
16513,0.0002070615
16613,0.0024077857
17013,0.007304512
17113,0.0072293933
17213,0.02742466
17313,0.0030622396
17413,0.0024285826
17613,0.005035874
17713,0.04055098
17913,0.018809784
18013,0.0043375148
18113,0.00085465156
18213,0.00010140074
18413,0.00050829566
18513,0.0029268174
18713,0.0007098197
18813,0.0047260826
19113,0.0319156
19513,0.0026822095
19613,0.0017431125
19713,0.013874508
19813,0.0030947982
20713,0.001551078
20813,0.016554056
20913,0.006325941
21113,0.061626855
21213,0.0042731585
21413,0.007998759
21813,0.014343962
22013,0.062189367
22313,0.10112797
22413,0.0055985893
22513,0.08822373
22613,0.0050097425
22913,0.002031527
23013,0.0010067291
23213,0.14309505
23313,0.010647657
23613,0.0019826163
23713,0.008945961
23813,0.0018143777
23913,0.00097391166
24113,0.0012807818
24213,0.0020933854
24413,0.0023930524
24513,0.0027962937
24613,0.0028644379
24713,0.004228551
25313,0.0021755311
25413,0.010817173
25813,0.003102012
26013,0.03856049
26113,0.0018659601
26213,0.0019681535
26313,0.0030728308
26413,0.0028899254
26613,0.09729708
26713,0.004890552
26813,0.0051593725
26913,0.0030726397
27013,0.002201163
27313,0.013380455
27413,0.0047187493
27513,0.012915524
27913,0.0029415658
28013,0.001982474
28113,0.00090176694
28313,0.02351138
28413,0.010928076
29013,0.004439168
29113,0.003677247
29313,0.063106224
29613,0.010126147
29713,0.015648657
29813,0.0038924254
29913,0.026530873
30013,0.01956833
30113,0.0073874136
30313,0.0036242525
30413,0.001905684
30713,0.0038399764
30813,0.0039001177
31113,0.009829917
31213,0.0013564855
31613,0.0019102423
31713,0.0065452023
31813,0.0137543855
31913,0.0063058394
32013,0.003289751
32113,0.035083603
32813,0.000605801
33013,0.0069729746
33113,0.014452324
33513,0.0047829845
33713,0.008950066
33813,0.010405577
33913,0.00020251008
34013,0.0008200433
34213,0.00086942984
34313,0.0027735916
34413,0.00094140344
34513,0.0015574531
34613,0.0012861706
34813,0.0008405887
35013,0.0010209937
35213,0.001020917
35313,0.0053951624
35513,0.003493167
35613,0.0023430886
35713,0.061324887
35913,0.011545725
36013,0.01387167
36113,0.0043051606
36613,0.035391994
37213,0.008269331
37413,0.005680799
37513,0.0061383485
37613,0.0032319608
37713,0.0025527054
38113,0.019896762
38213,0.0075122565
38313,0.03736446
38413,0.0022894426
38613,0.0048876777
38813,0.008389645
39113,0.0024013654
39213,0.0019272324
39313,0.0122333495
39413,0.004575233
39613,0.0020928625
39713,0.0673998
39913,0.0016557199
40013,0.0026732644
40213,0.006218029
40513,0.0015049318
40613,0.0069463514
41813,0.03607694
42013,0.029702753
42713,0.0032677131
42913,0.02788808
43613,0.0053542824
44213,0.0034644795
44513,0.0022385996
44713,0.012508063
44913,0.030642401
45213,0.0031042532
45313,0.01649368
45513,0.00555026
45613,0.015393263
46113,0.06869396
46313,0.007228887
46513,0.002875451
46913,0.0037515091
47013,0.0021386915
47113,0.0025959935
47213,0.0077826977
47313,0.008259285
47613,0.006334873
47713,0.0038935747
47813,0.005051645
47913,0.0009945224
48213,0.008083221
48613,0.020289036
48713,0.0004915451
49113,0.0021483807
49213,0.0069572455
49613,0.0012593467
49713,0.0077146124
49913,0.0034792158
50113,0.023625115
50313,0.00037704018
50413,0.00039382328
50613,0.003521558
50813,0.00028819387
50913,0.0041118246
51013,0.0020445613
51213,0.0009064278
51613,0.0032861761
51813,0.0010772005
52013,0.0037045234
52113,0.017049124
52513,0.001999379
52613,0.0039834287
52713,0.04447035
53213,0.011072231
53313,0.0062722745
53413,0.006062465
53613,0.0047048177
53913,0.11644509
54113,0.0048014517
54213,0.0011130681
54313,0.0013049161
54413,0.022763714
54613,0.041385457
55013,0.017742949
55213,0.001201101
55413,0.005906682
55513,0.0077794115
55613,0.049329914
56213,0.02129786
56513,0.00603194
56713,0.019997092
56813,0.00992729
57013,0.0022307672
57113,0.0072867107
57213,0.0008736222
57313,0.0026104972
57513,0.01057493
57913,0.0054316595
58013,0.005216584
58213,0.004513291
58313,0.0027777995
58513,0.0019093816
58913,0.016859416
59113,0.007994469
59213,0.0021259806
59513,0.0026725193
59613,0.003117665
59813,0.0052077402
59913,0.016898451
60413,0.003798195
60513,0.0029248283
60813,0.007302407
61113,0.0070673767
61313,0.0037923497
61413,0.0064646364
61713,0.22757931
62113,0.002225044
62413,0.08699164
62713,0.009221932
62813,0.019071747
63513,0.015323026
63613,0.0024008073
63713,0.008989143
63813,0.019029817
63913,0.0025713402
64313,0.011275096
64413,0.0019654627
14,0.23989291
114,0.21598686
414,0.0031977645
614,0.013849753
714,0.009452384
1014,0.116743915
1214,0.023007229
1714,0.09922956
2214,0.012572692
2714,0.0022846796
2814,0.019329555
2914,0.008996557
3014,0.009820164
3114,0.009921091
3214,0.03469749
3314,0.015543817
3414,0.007084579
3714,0.010462998
4014,0.002513527
4114,0.05438273
4214,0.010267892
4414,0.007952178
4714,0.001912185
4814,0.018703587
4914,0.034686312
5114,0.008335404
5214,0.015288156
5714,0.022049239
5914,0.019087205
6214,0.047817025
6314,0.020635352
6514,0.019030338
6614,0.07873399
6814,0.018198298
6914,0.0052239937
7014,0.017857715
7214,0.0046487474
7414,0.024149016
7514,0.012244722
7714,0.01187462
7914,0.011068328
8114,0.0034001793
8214,0.004138783
8314,0.014218396
8414,0.02507553
8514,0.014653332
8614,0.017222425
8714,0.27259243
8914,0.061330453
9014,0.14463623
9214,0.005016957
9514,0.044532776
9814,0.040057078
9914,0.06658451
10114,0.027882911
10414,0.00631062
10514,0.024612406
10614,0.087576784
10714,0.111834034
10914,0.03001895
11214,0.015507131
11314,0.0049104127
11714,0.00953671
11914,0.038865447
12114,0.014055726
12414,0.022121426
12714,0.01629159
12914,0.003091337
13014,0.015226294
13414,0.018438391
13514,0.016162807
13614,0.10757329
13714,0.08209029
13914,0.020390641
14314,0.014935038
14414,0.06530578
15414,0.014337613
15614,0.012591549
15714,0.0035114842
15814,0.013638441
15914,0.027007917
16114,0.022422647
16214,0.005586417
16314,0.1055183
16414,0.19477043
16514,0.0014281624
16614,0.03806958
17014,0.008120215
17114,0.0489867
17214,0.075937964
17314,0.09130954
17414,0.0068244217
17614,0.019315636
17714,0.1613565
17914,0.06342275
18014,0.14027832
18114,0.004952794
18214,0.0020424174
18414,0.00581715
18514,0.08308545
18714,0.0038738584
18814,0.044655148
19114,0.072571814
19514,0.012890221
19614,0.0068324017
19714,0.082718454
19814,0.0040658615
20714,0.005336316
20814,0.011922405
20914,0.02048075
21114,0.09325103
21214,0.008471568
21414,0.016946187
21814,0.066695794
22014,0.12572484
22314,0.17833456
22414,0.056463003
22514,0.15847608
22614,0.016229406
22914,0.0025065348
23014,0.00349988
23214,0.2803781
23314,0.03944537
23614,0.021382889
23714,0.01330056
23814,0.014846948
23914,0.015561191
24114,0.0059224046
24214,0.007374918
24414,0.012292933
24514,0.03811792
24614,0.013697883
24714,0.03293194
25314,0.009026123
25414,0.009718668
25814,0.10414073
26014,0.14905715
26114,0.007165393
26214,0.006172998
26314,0.030772673
26414,0.011077186
26614,0.09056447
26714,0.013550215
26814,0.012308204
26914,0.026189031
27014,0.040228836
27314,0.10281555
27414,0.009875358
27514,0.009738481
27914,0.024786454
28014,0.0074298233
28114,0.020213975
28314,0.036154624
28414,0.009615541
29014,0.03633722
29114,0.021735001
29314,0.12320777
29614,0.11228812
29714,0.042452727
29814,0.029141074
29914,0.1791264
30014,0.04045225
30114,0.036373075
30314,0.029190453
30414,0.0560155
30714,0.07771876
30814,0.025572535
31114,0.092067674
31214,0.012871207
31614,0.009700627
31714,0.049732767
31814,0.03824778
31914,0.012413456
32014,0.03398629
32114,0.17678225
32814,0.005450078
33014,0.049680594
33114,0.0590679
33514,0.018539384
33714,0.07330138
33814,0.11176179
33914,0.004744889
34014,0.016046703
34214,0.0044496153
34314,0.061523303
34414,0.016368546
34514,0.047731157
34614,0.022043664
34814,0.009387019
35014,0.016773053
35214,0.003914405
35314,0.020890115
35514,0.010657661
35614,0.016673269
35714,0.19442973
35914,0.0122994585
36014,0.029213767
36114,0.03291529
36614,0.055171482
37214,0.06648308
37414,0.009460756
37514,0.009803916
37614,0.021537341
37714,0.005718465
38114,0.06179801
38214,0.038767226
38314,0.103638574
38414,0.0050212345
38614,0.010557781
38814,0.017376443
39114,0.014072156
39214,0.0028489495
39314,0.00915964
39414,0.009726642
39614,0.0045215297
39714,0.31021106
39914,0.021938132
40014,0.037503324
40214,0.015295315
40514,0.008134642
40614,0.019543841
41814,0.15511765
42014,0.04929754
42714,0.019257946
42914,0.11519742
43614,0.014735958
44214,0.020911222
44514,0.020001603
44714,0.034244876
44914,0.03289693
45214,0.011260434
45314,0.0084196655
45514,0.029462716
45614,0.036372222
46114,0.11397565
46314,0.047141828
46514,0.069099665
46914,0.030385487
47014,0.007562763
47114,0.26183075
47214,0.031407535
47314,0.010986033
47614,0.02230247
47714,0.015492061
47814,0.0047041983
47914,0.017437952
48214,0.022573162
48614,0.27875778
48714,0.0023169478
49114,0.025494691
49214,0.030046565
49614,0.0030490088
49714,0.018946331
49914,0.11444296
50114,0.075566724
50314,0.006631456
50414,0.0026801086
50614,0.014032238
50814,0.0030168502
50914,0.19347872
51014,0.09391191
51214,0.009388208
51614,0.0042568925
51814,0.008648709
52014,0.0034294522
52114,0.010741249
52514,0.027347779
52614,0.020701159
52714,0.0079321135
53214,0.006563428
53314,0.0094384495
53414,0.018771302
53614,0.019071162
53914,0.0105487425
54114,0.12775283
54214,0.009407804
54314,0.009550281
54414,0.062477745
54614,0.4535096
55014,0.019547096
55214,0.00671824
55414,0.0062576123
55514,0.04864144
55614,0.07256978
56214,0.016497387
56514,0.012867224
56714,0.02248202
56814,0.046126723
57014,0.06513899
57114,0.18841404
57214,0.005198076
57314,0.002205965
57514,0.01999981
57914,0.034833703
58014,0.025825381
58214,0.062129177
58314,0.012002182
58514,0.0043318397
58914,0.016038248
59114,0.03677503
59214,0.019450413
59514,0.0393046
59614,0.0069205207
59814,0.020548198
59914,0.013584274
60414,0.1231927
60514,0.008202737
60814,0.020473557
61114,0.025085134
61314,0.06750528
61414,0.05931865
61714,0.41566536
62114,0.023539707
62414,0.13566935
62714,0.010482396
62814,0.3471442
63514,0.05058146
63614,0.014944951
63714,0.013714907
63814,0.05370994
63914,0.020890139
64314,0.01891987
64414,0.025059769
15,0.010412305
115,0.010792247
415,0.00073920743
615,0.006475993
715,0.02042825
1015,0.019436825
1215,0.004922916
1715,0.018260352
2215,0.0014299032
2715,0.000513081
2815,0.01489188
2915,0.0035391413
3015,0.0060208538
3115,0.0074295555
3215,0.009149226
3315,0.013532582
3415,0.0023618585
3715,0.029034374
4015,0.002497164
4115,0.048139505
4215,0.027441457
4415,0.03236624
4715,0.0031011582
4815,0.010614238
4915,0.07471155
5115,0.0043088584
5215,0.015528615
5715,0.0074293753
5915,0.0036236583
6215,0.031369198
6315,0.08099855
6515,0.009337014
6615,0.043878045
6815,0.00558345
6915,0.012846611
7015,0.0049489844
7215,0.01072664
7415,0.31349933
7515,0.017912155
7715,0.002735568
7915,0.00966011
8115,0.0005499325
8215,0.01358503
8315,0.07982288
8415,0.016016612
8515,0.008670381
8615,0.0038501306
8715,0.00873931
8915,0.012076213
9015,0.0023177224
9215,0.0048522567
9515,0.068468384
9815,0.07277654
9915,0.009629249
10115,0.012980742
10415,0.0047023864
10515,0.004067046
10615,0.04277545
10715,0.16966674
10915,0.026680194
11215,0.0037452546
11315,0.0065312926
11715,0.023794591
11915,0.07520069
12115,0.0031080144
12415,0.0013272037
12715,0.007897135
12915,0.001521211
13015,0.05329666
13415,0.042083684
13515,0.040231857
13615,0.014873765
13715,0.008619773
13915,0.21049994
14315,0.0076781726
14415,0.001626754
15415,0.0031904485
15615,0.03659852
15715,0.0013605054
15815,0.0055643427
15915,0.0032852006
16115,0.049487468
16215,0.06704306
16315,0.07695308
16415,0.009400929
16515,0.00047328783
16615,0.012611183
17015,0.0048584035
17115,0.043134723
17215,0.0035352139
17315,0.022080412
17415,0.011607756
17615,0.06691075
17715,0.002204995
17915,0.01323112
18015,0.027111137
18115,0.0024921626
18215,0.0003755696
18415,0.0004905628
18515,0.009247215
18715,0.0042580753
18815,0.028499344
19115,0.0043159425
19515,0.024953784
19615,0.0070230723
19715,0.03227907
19815,0.028278673
20715,0.01306852
20815,0.03144879
20915,0.012325144
21115,0.065511174
21215,0.009289493
21415,0.0037199245
21815,0.011400369
22015,0.0108244205
22315,0.11115912
22415,0.04894032
22515,0.026908966
22615,0.0132793905
22915,0.005235773
23015,0.0042829257
23215,0.043007262
23315,0.18305477
23615,0.004920938
23715,0.011151747
23815,0.004540021
23915,0.0010938585
24115,0.0009519324
24215,0.005557613
24415,0.014601045
24515,0.011070814
24615,0.03495481
24715,0.0010871915
25315,0.0043452093
25415,0.08542846
25815,0.004744445
26015,0.018512946
26115,0.007478354
26215,0.0061251107
26315,0.012232139
26415,0.0034560296
26615,0.03178613
26715,0.046882104
26815,0.013630944
26915,0.02078054
27015,0.020127356
27315,0.035711784
27415,0.008276015
27515,0.026432533
27915,0.009689788
28015,0.01645152
28115,0.0009173481
28315,0.10350469
28415,0.011983648
29015,0.021345472
29115,0.050185382
29315,0.031378485
29615,0.013817637
29715,0.0042386353
29815,0.027955238
29915,0.022768594
30015,0.0163071
30115,0.003978935
30315,0.0065962113
30415,0.0022113628
30715,0.005476239
30815,0.018218067
31115,0.011472008
31215,0.004121536
31615,0.007395841
31715,0.007056028
31815,0.02318015
31915,0.0058078878
32015,0.007164641
32115,0.0057357377
32815,0.004917585
33015,0.009023085
33115,0.016959164
33515,0.0053783334
33715,0.05254911
33815,0.03571358
33915,0.0015070242
34015,0.0011136843
34215,0.002710113
34315,0.0028886744
34415,0.0017886587
34515,0.006002956
34615,0.006324456
34815,0.0027232843
35015,0.002845184
35215,0.0013032
35315,0.024166115
35515,0.006923585
35615,0.0070565925
35715,0.05820231
35915,0.035988543
36015,0.014221507
36115,0.021665514
36615,0.011413011
37215,0.007488168
37415,0.011997605
37515,0.01943204
37615,0.011935435
37715,0.008219523
38115,0.022113234
38215,0.0067443526
38315,0.013373902
38415,0.0040342556
38615,0.006593616
38815,0.0039541908
39115,0.0065397974
39215,0.0060964976
39315,0.049323626
39415,0.021855492
39615,0.47362614
39715,0.0019253546
39915,0.007312953
40015,0.0054836813
40215,0.0056453785
40515,0.009308552
40615,0.007068213
41815,0.015234547
42015,0.017768139
42715,0.0047292067
42915,0.039743517
43615,0.0065195044
44215,0.0076130033
44515,0.018693427
44715,0.03843162
44915,0.012294135
45215,0.0088166995
45315,0.27199513
45515,0.049272414
45615,0.023317864
46115,0.006180636
46315,0.010689975
46515,0.0017847834
46915,0.01423669
47015,0.00574859
47115,0.0039114985
47215,0.09613269
47315,0.016542908
47615,0.01714704
47715,0.009061012
47815,0.0054052924
47915,0.0025857768
48215,0.05247925
48615,0.014194817
48715,0.0008112936
49115,0.018986937
49215,0.005921613
49615,0.07820631
49715,0.012774965
49915,0.007860028
50115,0.0136941355
50315,0.0009724184
50415,0.001964034
50615,0.011186603
50815,0.0015766057
50915,0.0071069384
51015,0.0045817867
51215,0.005779166
51615,0.020836012
51815,0.0029463507
52015,0.050506648
52115,0.039984617
52515,0.020563137
52615,0.014617646
52715,0.00070185785
53215,0.0330022
53315,0.012380043
53415,0.00641525
53615,0.008834105
53915,0.0010915548
54115,0.009703484
54215,0.0025758843
54315,0.0021704189
54415,0.029455483
54615,0.005324534
55015,0.068570144
55215,0.002125591
55415,0.02891832
55515,0.028142923
55615,0.079969935
56215,0.013959412
56515,0.00543714
56715,0.010109271
56815,0.095824994
57015,0.0022185934
57115,0.00469137
57215,0.010910189
57315,0.01649188
57515,0.01835891
57915,0.09665621
58015,0.046664167
58215,0.011981303
58315,0.04522366
58515,0.011015148
58915,0.14896064
59115,0.0074876817
59215,0.011049451
59515,0.0026114096
59615,0.0019958108
59815,0.055677213
59915,0.016641498
60415,0.027595885
60515,0.0068496396
60815,0.022071801
61115,0.03338414
61315,0.026903233
61415,0.004775633
61715,0.006945369
62115,0.0044766576
62415,0.036298484
62715,0.0029067898
62815,0.003892466
63515,0.026451662
63615,0.010409015
63715,0.0075924424
63815,0.017882243
63915,0.013836625
64315,0.021313494
64415,0.0033016617
16,0.0012207199
116,0.0031499378
416,0.00028500805
616,0.0021997741
716,0.006878304
1016,0.010192655
1216,0.0050101164
1716,0.0035175206
2216,0.0042110644
2716,0.00038078305
2816,0.0033408455
2916,0.004447718
3016,0.005650742
3116,0.0028005564
3216,0.0012881942
3316,0.003490097
3416,0.0024385268
3716,0.008107086
4016,0.00023846586
4116,0.021162752
4216,0.005176394
4416,0.0044780597
4716,0.00018377478
4816,0.004149909
4916,0.0154754715
5116,0.0029430853
5216,0.011959186
5716,0.0029818665
5916,0.012669641
6216,0.010827862
6316,0.014010271
6516,0.0024792384
6616,0.011215117
6816,0.0037674068
6916,0.002654614
7016,0.0017190089
7216,0.0010108093
7416,0.007194946
7516,0.008435075
7716,0.0022637036
7916,0.0022801731
8116,0.007272632
8216,0.009365307
8316,0.008872736
8416,0.0052809576
8516,0.011173184
8616,0.004175341
8716,0.007846298
8916,0.017739646
9016,0.0052087
9216,0.003844463
9516,0.019464541
9816,0.011678633
9916,0.024156936
10116,0.0048796134
10416,0.0015784872
10516,0.005784212
10616,0.0121334065
10716,0.009353353
10916,0.0116329435
11216,0.004583896
11316,0.0022775643
11716,0.007732423
11916,0.007803216
12116,0.0021365786
12416,0.006993653
12716,0.0022344412
12916,0.00050161633
13016,0.004916606
13416,0.0052292277
13516,0.007599419
13616,0.0070206784
13716,0.0037923239
13916,0.0073803375
14316,0.0033730178
14416,0.002883588
15416,0.002804235
15616,0.0051159034
15716,0.00034491648
15816,0.0049017966
15916,0.0030272827
16116,0.01133031
16216,0.0037522833
16316,0.0073907864
16416,0.001504987
16516,0.0002210796
16616,0.0056410125
17016,0.0071754945
17116,0.011605342
17216,0.007396579
17316,0.011721182
17416,0.0034395766
17616,0.005512085
17716,0.08466078
17916,0.004901463
18016,0.0010684037
18116,0.001683269
18216,0.00027921435
18416,0.00051858596
18516,0.008909445
18716,0.0013854746
18816,0.0066654966
19116,0.089347765
19516,0.007274197
19616,0.003235264
19716,0.02332047
19816,0.004025149
20716,0.0026006775
20816,0.0063984473
20916,0.008623966
21116,0.024653988
21216,0.001760687
21416,0.002337659
21816,0.008377586
22016,0.020855436
22316,0.029801529
22416,0.003296284
22516,0.02786659
22616,0.0026635828
22916,0.0015231645
23016,0.0011817425
23216,0.05769347
23316,0.017099202
23616,0.0057402584
23716,0.016839586
23816,0.002265806
23916,0.0013191868
24116,0.002186393
24216,0.004345052
24416,0.0018036673
24516,0.003392461
24616,0.0045012673
24716,0.011052982
25316,0.0011384665
25416,0.004476171
25816,0.007762123
26016,0.02125286
26116,0.009440351
26216,0.0043647345
26316,0.0022712843
26416,0.0037775831
26616,0.033270653
26716,0.0069783013
26816,0.006262638
26916,0.005172597
27016,0.008184727
27316,0.018531516
27416,0.0034380187
27516,0.006748555
27916,0.006594698
28016,0.004556445
28116,0.0011009115
28316,0.0126564605
28416,0.0014193391
29016,0.0032075343
29116,0.0037979349
29316,0.016586633
29616,0.014065064
29716,0.00890534
29816,0.00336503
29916,0.0041671633
30016,0.0062976317
30116,0.006976366
30316,0.0017790513
30416,0.0010578121
30716,0.008858454
30816,0.009354379
31116,0.016190488
31216,0.0022094804
31616,0.006503581
31716,0.0049486556
31816,0.015986513
31916,0.005416796
32016,0.005976253
32116,0.0025591732
32816,0.0016661847
33016,0.007644607
33116,0.0035482007
33516,0.01426373
33716,0.006118087
33816,0.0037650317
33916,0.0007075065
34016,0.001472589
34216,0.0007895793
34316,0.01592054
34416,0.0014507541
34516,0.0031203886
34616,0.004290415
34816,0.0010884512
35016,0.0014741186
35216,0.00048630429
35316,0.0030727093
35516,0.014072273
35616,0.008976702
35716,0.02242871
35916,0.00459951
36016,0.006240272
36116,0.009738472
36616,0.0126871485
37216,0.014806494
37416,0.0029761498
37516,0.0054663536
37616,0.0018739079
37716,0.0017783388
38116,0.006479891
38216,0.0038830747
38316,0.021697255
38416,0.0012076382
38616,0.00792905
38816,0.0029189202
39116,0.0044880896
39216,0.0020535383
39316,0.0064435857
39416,0.003830352
39616,0.0030080539
39716,0.04283333
39916,0.010653588
40016,0.0037377686
40216,0.03100233
40516,0.0023502847
40616,0.023261158
41816,0.067113616
42016,0.015598987
42716,0.0023229902
42916,0.015825978
43616,0.0041478015
44216,0.007393913
44516,0.0045971037
44716,0.00730271
44916,0.002122129
45216,0.0045536426
45316,0.0066800076
45516,0.007952445
45616,0.0060909437
46116,0.017442716
46316,0.010423522
46516,0.004987287
46916,0.010069874
47016,0.004443899
47116,0.0046037845
47216,0.011363731
47316,0.0025391877
47616,0.0047062244
47716,0.0034062257
47816,0.002803829
47916,0.007897576
48216,0.0061661266
48616,0.013777419
48716,0.00030520032
49116,0.0013273857
49216,0.0031600073
49616,0.0042250007
49716,0.011344316
49916,0.0067898147
50116,0.0017683437
50316,0.0012673147
50416,0.0008918896
50616,0.002564508
50816,0.0007063003
50916,0.0037782742
51016,0.007903691
51216,0.0015470954
51616,0.0042600785
51816,0.005257507
52016,0.0064126286
52116,0.007463701
52516,0.0047316155
52616,0.0028042952
52716,0.0012011799
53216,0.009614782
53316,0.0039554997
53416,0.0032091166
53616,0.009751561
53916,0.006795218
54116,0.003716319
54216,0.0010366642
54316,0.00090112956
54416,0.008224212
54616,0.009753533
55016,0.006851563
55216,0.0023050439
55416,0.004522755
55516,0.018288149
55616,0.025790507
56216,0.019579832
56516,0.01415694
56716,0.0041748094
56816,0.009625328
57016,0.012976165
57116,0.0060059354
57216,0.0059605665
57316,0.0033848663
57516,0.007623083
57916,0.00639821
58016,0.0042113247
58216,0.010416631
58316,0.0039709774
58516,0.008869118
58916,0.004036368
59116,0.005171775
59216,0.0034359773
59516,0.008576423
59616,0.0037965109
59816,0.005806508
59916,0.006015087
60416,0.0035077664
60516,0.0037992976
60816,0.005856694
61116,0.0060328944
61316,0.0039474685
61416,0.009349678
61716,0.024949834
62116,0.0020113774
62416,0.03541676
62716,0.0035723466
62816,0.007707329
63516,0.006529719
63616,0.0022750217
63716,0.0032474329
63816,0.0055842986
63916,0.008808344
64316,0.012944034
64416,0.0011556321
17,0.00044513235
117,0.0012116963
417,0.004396461
617,0.007434299
717,0.015167376
1017,0.0019703887
1217,0.0062756254
1717,0.0016022517
2217,0.0018997731
2717,0.002102224
2817,0.002519579
2917,0.0021488057
3017,0.011190321
3117,0.023169605
3217,0.02975416
3317,0.0047974763
3417,0.0029975832
3717,0.034657814
4017,0.003923051
4117,0.03530315
4217,0.009660264
4417,0.0065903836
4717,0.0018975622
4817,0.016850458
4917,0.007081269
5117,0.4425244
5217,0.009124432
5717,0.03111318
5917,0.0037785503
6217,0.029705396
6317,0.013780956
6517,0.012678033
6617,0.013867126
6817,0.009812568
6917,0.0037723845
7017,0.012800748
7217,0.018936934
7417,0.0171631
7517,0.022284154
7717,0.004414616
7917,0.021181641
8117,0.0009764409
8217,0.002952517
8317,0.042458184
8417,0.0070863203
8517,0.0025399001
8617,0.0024781525
8717,0.0020448926
8917,0.0014521261
9017,0.0023110523
9217,0.012326495
9517,0.0117347
9817,0.008751298
9917,0.004116941
10117,0.009037318
10417,0.0044292063
10517,0.00555718
10617,0.01444843
10717,0.010085149
10917,0.03040877
11217,0.004395687
11317,0.0059490814
11717,0.0078088557
11917,0.010535648
12117,0.0010023483
12417,0.0024344965
12717,0.008459219
12917,0.0007243193
13017,0.025160864
13417,0.027178843
13517,0.020172559
13617,0.0048250514
13717,0.006468262
13917,0.018863503
14317,0.009495993
14417,0.001129463
15417,0.0053818594
15617,0.018816786
15717,0.0019436063
15817,0.0029457756
15917,0.0021992992
16117,0.046732407
16217,0.007152642
16317,0.0036672484
16417,0.00095260545
16517,0.0026102476
16617,0.0012834619
17017,0.017316656
17117,0.0051562623
17217,0.0012968874
17317,0.0021622211
17417,0.0017197096
17617,0.016772965
17717,0.0010028771
17917,0.0022396208
18017,0.00039159955
18117,0.0033224307
18217,0.0019155712
18417,0.00198188
18517,0.0022745328
18717,0.004652659
18817,0.014320879
19117,0.005598638
19517,0.0021928153
19617,0.012298023
19717,0.004137384
19817,0.07461734
20717,0.009094104
20817,0.0141558265
20917,0.0060339067
21117,0.01589208
21217,0.027750824
21417,0.0028158773
21817,0.057174098
22017,0.0068027615
22317,0.009627096
22417,0.011628044
22517,0.016608918
22617,0.015905943
22917,0.0015592644
23017,0.009514041
23217,0.037317544
23317,0.008271345
23617,0.0026659952
23717,0.005777418
23817,0.0055908654
23917,0.0008557767
24117,0.0014307693
24217,0.0036642188
24417,0.015156188
24517,0.017059574
24617,0.010609904
24717,0.0009783477
25317,0.0039437516
25417,0.016792016
25817,0.001011974
26017,0.0034119762
26117,0.002540855
26217,0.0045152474
26317,0.0063547962
26417,0.011328444
26617,0.012519873
26717,0.022233443
26817,0.011581392
26917,0.0094014965
27017,0.0041889157
27317,0.0012967231
27417,0.016503269
27517,0.011443945
27917,0.005223038
28017,0.0068023754
28117,0.0016740239
28317,0.010052083
28417,0.006150077
29017,0.0076285587
29117,0.0061311536
29317,0.0064967754
29617,0.0036391227
29717,0.0062783547
29817,0.00754715
29917,0.004703433
30017,0.005783363
30117,0.003859949
30317,0.009415782
30417,0.0041552894
30717,0.00140145
30817,0.010168578
31117,0.0035438763
31217,0.0051161726
31617,0.0036287731
31717,0.0015531
31817,0.0039532115
31917,0.010938076
32017,0.0035261242
32117,0.0017972956
32817,0.0012450255
33017,0.0033747533
33117,0.0032687169
33517,0.00471389
33717,0.0021690265
33817,0.0010815319
33917,0.0018287919
34017,0.0030304156
34217,0.0045944615
34317,0.0011665536
34417,0.007875418
34517,0.0036520236
34617,0.0064454563
34817,0.003190188
35017,0.011674362
35217,0.014480553
35317,0.010639171
35517,0.0018944443
35617,0.0008293699
35717,0.0028719644
35917,0.022541527
36017,0.0045741075
36117,0.002574152
36617,0.0075546107
37217,0.1163602
37417,0.011395338
37517,0.043107938
37617,0.0018179406
37717,0.004269619
38117,0.039848723
38217,0.009110936
38317,0.014280244
38417,0.012658855
38617,0.0046053315
38817,0.0018929058
39117,0.006722129
39217,0.0019576817
39317,0.007938038
39417,0.015789144
39617,0.0013674224
39717,0.05078102
39917,0.0032938712
40017,0.02212987
40217,0.0011047855
40517,0.018510187
40617,0.0018561756
41817,0.0035416686
42017,0.0042513083
42717,0.007244769
42917,0.015578738
43617,0.00898463
44217,0.0034989817
44517,0.0026956943
44717,0.008991945
44917,0.0024151618
45217,0.12547193
45317,0.02068763
45517,0.018025132
45617,0.010202508
46117,0.009595031
46317,0.009146461
46517,0.0011816521
46917,0.0041764686
47017,0.015603544
47117,0.0006203633
47217,0.01668233
47317,0.007604639
47617,0.0068024835
47717,0.013302359
47817,0.011934265
47917,0.002825287
48217,0.018126884
48617,0.0021300984
48717,0.0020414337
49117,0.002044321
49217,0.004452325
49617,0.0077733193
49717,0.011035439
49917,0.0006753824
50117,0.0016321186
50317,0.002439401
50417,0.002828012
50617,0.0031103392
50817,0.0023821092
50917,0.004129674
51017,0.0031312306
51217,0.0070442595
51617,0.020222949
51817,0.002899784
52017,0.014137978
52117,0.0397968
52517,0.0034318822
52617,0.003630857
52717,0.0002907995
53217,0.010496198
53317,0.021034505
53417,0.0040515475
53617,0.00838187
53917,0.00126971
54117,0.0030237066
54217,0.004024831
54317,0.0030159876
54417,0.0041153044
54617,0.008936302
55017,0.009495379
55217,0.0055738143
55417,0.01658912
55517,0.019945009
55617,0.047697477
56217,0.013362049
56517,0.0024189402
56717,0.0014641493
56817,0.033467665
57017,0.0017460051
57117,0.0016156186
57217,0.0038189467
57317,0.013147367
57517,0.0038733701
57917,0.01516272
58017,0.0029381383
58217,0.0025623431
58317,0.024464611
58517,0.0034431957
58917,0.01656426
59117,0.0051139304
59217,0.004139245
59517,0.0013260726
59617,0.0062493617
59817,0.012407901
59917,0.030649215
60417,0.0024348341
60517,0.010140963
60817,0.027057715
61117,0.01652965
61317,0.0030509955
61417,0.004072774
61717,0.0016115949
62117,0.007933457
62417,0.014747661
62717,0.0078614205
62817,0.0014934521
63517,0.013396877
63617,0.013302511
63717,0.019401621
63817,0.029302727
63917,0.0042914297
64317,0.022749357
64417,0.006090915
18,0.0065497677
118,0.00437541
418,0.004891399
618,0.033107948
718,0.025057727
1018,0.0077423025
1218,0.002550108
1718,0.028830003
2218,0.0015684172
2718,8.2045444e-05
2818,0.029984338
2918,0.011198926
3018,0.099596225
3118,0.0025280742
3218,0.13367443
3318,0.15183008
3418,0.006213095
3718,0.0047740433
4018,0.6547039
4118,0.102862716
4218,0.0039838273
4418,0.007195971
4718,0.7848397
4818,0.0221435
4918,0.056706585
5118,0.12654902
5218,0.02481812
5718,0.043636464
5918,0.024119757
6218,0.09990659
6318,0.028383551
6518,0.050688103
6618,0.13897723
6818,0.0150367925
6918,0.00097647647
7018,0.0025472774
7218,0.0028109332
7418,0.04259868
7518,0.034438
7718,0.0018764784
7918,0.0021767204
8118,0.01028621
8218,0.0072871763
8318,0.007582761
8418,0.003244207
8518,0.0043867715
8618,0.002052278
8718,0.008127556
8918,0.006681385
9018,0.0097643435
9218,0.003614183
9518,0.013726436
9818,0.06537797
9918,0.016694574
10118,0.012044419
10418,0.006155505
10518,0.0382066
10618,0.051595602
10718,0.0372244
10918,0.24006246
11218,0.0025547687
11318,0.0013246923
11718,0.0061828857
11918,0.05678545
12118,0.005616935
12418,0.010771553
12718,0.022036187
12918,0.010102772
13018,0.07205439
13418,0.05823267
13518,0.018490512
13618,0.011211156
13718,0.01797113
13918,0.020934487
14318,0.018804196
14418,0.017554736
15418,0.01070588
15618,0.04956795
15718,0.0097109405
15818,0.0023203145
15918,0.0022504171
16118,0.023986062
16218,0.0138652325
16318,0.007767607
16418,0.0039186208
16518,0.001247824
16618,0.004226191
17018,0.04074878
17118,0.008513587
17218,0.010636048
17318,0.008303182
17418,0.008241898
17618,0.109243415
17718,0.012485538
17918,0.019555978
18018,0.006621374
18118,0.00060022186
18218,7.736094e-05
18418,0.0011135802
18518,0.0056160474
18718,0.00025393054
18818,0.03321984
19118,0.039479624
19518,0.01828886
19618,0.0017319961
19718,0.0077564153
19818,0.0031965824
20718,0.016755559
20818,0.048296705
20918,0.0103492
21118,0.046238724
21218,0.022817452
21418,0.0139255095
21818,0.07755082
22018,0.03723358
22318,0.020798044
22418,0.07733038
22518,0.040637843
22618,0.046276107
22918,0.0024938178
23018,0.0009952342
23218,0.033827264
23318,0.022520134
23618,0.0019727163
23718,0.009324558
23818,0.0026666268
23918,0.0056475396
24118,0.0043815603
24218,0.0031956031
24418,0.005449469
24518,0.0043767975
24618,0.0018499299
24718,0.007003575
25318,0.0048428224
25418,0.017888768
25818,0.006851555
26018,0.03014232
26118,0.0037754176
26218,0.01592321
26318,0.022099804
26418,0.013872376
26618,0.0856514
26718,0.04025589
26818,0.0026590829
26918,0.0044060694
27018,0.0080575235
27318,0.0061602513
27418,0.0036837626
27518,0.007161408
27918,0.0038917921
28018,0.0018125798
28118,0.0076655783
28318,0.2036242
28418,0.048284065
29018,0.027142305
29118,0.086986646
29318,0.1336253
29618,0.006517465
29718,0.016968137
29818,0.043520033
29918,0.012928006
30018,0.015339077
30118,0.02284821
30318,0.017222235
30418,0.044416364
30718,0.007123536
30818,0.013398875
31118,0.015701653
31218,0.01849739
31618,0.00200989
31718,0.02458271
31818,0.012200525
31918,0.035444554
32018,0.013756464
32118,0.008268987
32818,0.023373174
33018,0.0060905805
33118,0.023869256
33518,0.018828768
33718,0.013237508
33818,0.013967334
33918,0.000101785314
34018,0.0009767251
34218,0.0014097766
34318,0.004500846
34418,0.0010677545
34518,0.001631848
34618,0.0024300772
34818,0.0014709325
35018,0.00282449
35218,0.0027205583
35318,0.45754102
35518,0.008390039
35618,0.008098042
35718,0.03171317
35918,0.06787806
36018,0.1654491
36118,0.016785996
36618,0.102773964
37218,0.090114236
37418,0.019160945
37518,0.014983409
37618,0.008766206
37718,0.009097655
38118,0.061760936
38218,0.008034232
38318,0.027592352
38418,0.008879872
38618,0.013134705
38818,0.020818857
39118,0.0022461321
39218,0.0022204511
39318,0.010596124
39418,0.003413332
39618,0.008910398
39718,0.05690857
39918,0.0030480213
40018,0.0062229224
40218,0.010692202
40518,0.009290765
40618,0.00834969
41818,0.015147674
42018,0.14249444
42718,0.013850809
42918,0.018603276
43618,0.013014523
44218,0.007896884
44518,0.0038519753
44718,0.036328785
44918,0.06273428
45218,0.012298803
45318,0.032243438
45518,0.02557177
45618,0.03351833
46118,0.03197277
46318,0.036561515
46518,0.008882055
46918,0.0039968095
47018,0.002346851
47118,0.0037944242
47218,0.04219619
47318,0.083133444
47618,0.14014363
47718,0.033521768
47818,0.05615498
47918,0.0024271465
48218,0.057953965
48618,0.020937026
48718,0.00274402
49118,0.13081011
49218,0.0074430425
49618,0.009511303
49718,0.0031561132
49918,0.0032875368
50118,0.03154696
50318,0.00037640517
50418,0.000190338
50618,0.00411503
50818,0.00011063198
50918,0.007925857
51018,0.0030011432
51218,0.00064471434
51618,0.010776344
51818,0.004664759
52018,0.009529318
52118,0.0092262635
52518,0.0068242727
52618,0.009694463
52718,0.28284252
53218,0.010466249
53318,0.024905805
53418,0.4602201
53618,0.006651455
53918,0.19753148
54118,0.04731892
54218,0.0148311565
54318,0.006753115
54418,0.022666387
54618,0.032396574
55018,0.0036325825
55218,0.0018981989
55418,0.0029084256
55518,0.016714338
55618,0.0236713
56218,0.018324539
56518,0.019310595
56718,0.0022537308
56818,0.0311872
57018,0.006286578
57118,0.005519209
57218,0.005857905
57318,0.0029885573
57518,0.053082615
57918,0.03731478
58018,0.016426755
58218,0.0062873666
58318,0.003093
58518,0.008827454
58918,0.034008704
59118,0.017411059
59218,0.008014737
59518,0.0051388056
59618,0.014873799
59818,0.028683815
59918,0.017519657
60418,0.006476791
60518,0.005354986
60818,0.06717261
61118,0.0055264574
61318,0.01473282
61418,0.01701942
61718,0.021888802
62118,0.0218491
62418,0.1321539
62718,0.022734176
62818,0.009554018
63518,0.033359315
63618,0.029795762
63718,0.0331484
63818,0.19258657
63918,0.0030172549
64318,0.016352871
64418,0.049028583
