Id,Probability
0,0.026766054
100,0.046648856
400,0.00052760175
600,0.059005283
700,0.11185882
1000,0.053706955
1200,0.003057744
1700,0.17746568
2200,0.120407835
2700,0.007954638
2800,0.011521372
2900,0.08898313
3000,0.010217316
3100,0.05006227
3200,0.009318406
3300,0.10713571
3400,0.03673499
3700,0.036365867
4000,0.0032657692
4100,0.0012180194
4200,0.044930495
4400,0.05121194
4700,0.0005296061
4800,0.10375695
4900,0.0012536462
5100,0.004194922
5200,0.095328696
5700,0.07622177
5900,0.09383581
6200,0.089235716
6300,0.084960006
6500,0.09699992
6600,0.093489766
6800,0.048711456
6900,0.008090325
7000,0.011060832
7200,0.0007465806
7400,0.08145467
7500,0.0410972
7700,0.11006773
7900,0.06465406
8100,0.051163718
8200,0.055370543
8300,0.09111151
8400,0.101712845
8500,0.11508937
8600,0.16082807
8700,0.10853744
8900,0.09830845
9000,0.18418977
9200,0.116351426
9500,0.012812793
9800,0.121759444
9900,0.1212338
10100,0.038011674
10400,0.10291747
10500,0.10049972
10600,0.01904999
10700,0.06757108
10900,0.1350619
11200,0.052465305
11300,0.0043852036
11700,0.001365909
11900,0.082872555
12100,0.026564995
12400,0.036081303
12700,0.06308674
12900,0.080190994
13000,0.0057023074
13400,0.06472084
13500,0.10550939
13600,0.11703643
13700,0.18379603
13900,0.04363522
14300,0.1265181
14400,0.00085037784
15400,0.0017838338
15600,0.07948891
15700,0.044814795
15800,0.10012336
15900,0.10655111
16100,0.012896152
16200,0.08384007
16300,0.025950601
16400,0.051557787
16500,0.00024312006
16600,0.0015903927
17000,0.098901875
17100,0.086684145
17200,0.11336232
17300,0.030891249
17400,0.06713011
17600,0.00080433313
17700,0.07566811
17900,0.12050395
18000,0.11726093
18100,0.0019892082
18200,0.0073228064
18400,0.0052325586
18500,0.09944064
18700,0.0037067353
18800,0.10340529
19100,0.00534753
19500,0.06404171
19600,0.005405939
19700,0.10132325
19800,0.013501667
20700,0.11241645
20800,0.0016544362
20900,0.040504284
21100,0.08280905
21200,0.02587607
21400,0.34856626
21800,0.08246274
22000,0.13125046
22300,0.010831546
22400,0.053051036
22500,0.12587343
22600,0.034997236
22900,0.0006924514
23000,0.0003188715
23200,0.09070398
23300,0.05712287
23600,0.18144633
23700,0.013122597
23800,0.021429585
23900,0.03768754
24100,0.08232869
24200,0.06910361
24400,0.008277183
24500,0.028080445
24600,0.0031080677
24700,0.033420656
25300,0.0025621364
25400,0.028340138
25800,0.0025607173
26000,0.003040403
26100,0.038392827
26200,0.121508315
26300,0.13025014
26400,0.003985414
26600,0.09577408
26700,0.04171571
26800,0.0077188085
26900,0.044357933
27000,0.09336175
27300,0.022363083
27400,0.014278994
27500,0.0020705455
27900,0.006075745
28000,0.048016
28100,0.005839088
28300,0.08007023
28400,0.118891545
29000,0.011383664
29100,0.045626093
29300,0.101834424
29600,0.031231632
29700,0.015269107
29800,0.054014545
29900,0.12995705
30000,0.1350479
30100,0.0020886774
30300,0.07348316
30400,0.11114512
30700,0.0016936152
30800,0.032116197
31100,0.0009728511
31200,0.06889455
31600,0.05384623
31700,0.00268081
31800,0.048638556
31900,0.060831133
32000,0.079722114
32100,0.10075805
32800,0.06983553
33000,0.0811439
33100,0.047186866
33500,0.036096614
33700,0.14746301
33800,0.12741813
33900,0.0012688712
34000,0.040084895
34200,0.0009029957
34300,0.15688863
34400,0.013762766
34500,0.008432013
34600,0.07374272
34800,0.00046831655
35000,0.05093449
35200,0.03666721
35300,0.008955939
35500,0.07202043
35600,0.029377766
35700,0.0546969
35900,0.006424773
36000,0.045273095
36100,0.05842952
36600,0.001828087
37200,0.0403411
37400,0.044699147
37500,0.04255276
37600,0.041383807
37700,0.065034136
38100,0.087428644
38200,0.14294457
38300,0.16382033
38400,0.093192786
38600,0.101808645
38800,0.14854702
39100,0.09622433
39200,0.0009878944
39300,0.008130945
39400,0.011232736
39600,0.045058534
39700,0.017005563
39900,0.07029522
40000,0.033416368
40200,0.08885493
40500,0.058196805
40600,0.16216902
41800,0.002142052
42000,0.09708024
42700,0.05908312
42900,0.024620118
43600,0.0100946585
44200,0.0206654
44500,0.010119321
44700,0.05794244
44900,0.21570568
45200,0.007836573
45300,0.05388744
45500,0.058478374
45600,0.07519615
46100,0.013381319
46300,0.06233001
46500,0.0012278303
46900,0.08198803
47000,0.019022077
47100,0.0004712531
47200,0.010870636
47300,0.08241806
47600,0.09997324
47700,0.11636486
47800,0.07210695
47900,0.07786874
48200,0.006918986
48600,0.020251518
48700,0.0010709027
49100,0.032234937
49200,0.08114193
49600,0.03824253
49700,0.0011532321
49900,0.043394778
50100,0.13901855
50300,0.031322975
50400,0.023826346
50600,0.0077179014
50800,0.004868637
50900,0.019567106
51000,0.11661662
51200,0.001924365
51600,0.020987362
51800,0.051939785
52000,0.036481846
52100,0.058341537
52500,0.022871517
52600,0.009888405
52700,0.000548481
53200,0.023244375
53300,0.02132165
53400,0.030715548
53600,0.06211491
53900,0.012825168
54100,0.024524523
54200,0.09758114
54300,0.060856238
54400,0.08773373
54600,0.06723653
55000,0.08681432
55200,0.0029725013
55400,0.0014154966
55500,0.039378196
55600,0.043357126
56200,0.057382844
56500,0.079014145
56700,0.15832593
56800,0.047401965
57000,0.06554406
57100,0.29710808
57200,0.053666487
57300,0.028354427
57500,0.15400751
57900,0.032494467
58000,0.11066355
58200,0.015943753
58300,0.05682045
58500,0.06999861
58900,0.038769174
59100,0.03172322
59200,0.014594791
59500,0.009043908
59600,0.014911839
59800,0.042641282
59900,0.02240049
60400,0.0073799444
60500,0.014795468
60800,0.058215603
61100,0.02724152
61300,0.0023669498
61400,0.011533071
61700,0.11632869
62100,0.006602458
62400,0.09217413
62700,0.120481126
62800,0.08032863
63500,0.0023313041
63600,0.09737299
63700,0.09392286
63800,0.09696018
63900,0.09868932
64300,0.08138194
64400,0.03206897
1,0.0077802883
101,0.018463578
401,0.70395124
601,0.033078644
701,0.05659533
1001,0.05790836
1201,0.08283902
1701,0.032293852
2201,0.1836614
2701,0.6060681
2801,0.016575214
2901,0.08264413
3001,0.12843306
3101,0.17247196
3201,0.020720873
3301,0.027478265
3401,0.21583992
3701,0.33700708
4001,0.0024126028
4101,0.036059175
4201,0.029007066
4401,0.21467662
4701,0.00041975637
4801,0.16879903
4901,0.005719195
5101,0.0067201788
5201,0.014308615
5701,0.052071366
5901,0.014952494
6201,0.019169725
6301,0.041480545
6501,0.0104604615
6601,0.016620131
6801,0.012834034
6901,0.21740866
7001,0.74395937
7201,0.976862
7401,0.05188829
7501,0.10673887
7701,0.26906165
7901,0.12998478
8101,0.027161987
8201,0.26813352
8301,0.08488867
8401,0.045161627
8501,0.1816467
8601,0.21512523
8701,0.17147669
8901,0.05645089
9001,0.11238234
9201,0.13066955
9501,0.09968269
9801,0.05790571
9901,0.04063514
10101,0.036265977
10401,0.048477523
10501,0.065470554
10601,0.00089788454
10701,0.0045808544
10901,0.03274309
11201,0.05292409
11301,0.71710813
11701,0.91402274
11901,0.032340944
12101,0.016255219
12401,0.013829293
12701,0.030956386
12901,0.050857536
13001,0.0065361415
13401,0.019947404
13501,0.12632024
13601,0.02094473
13701,0.059637323
13901,0.04605654
14301,0.046167377
14401,0.0020793597
15401,0.0034551595
15601,0.04466165
15701,0.030716568
15801,0.15138137
15901,0.16608886
16101,0.1048795
16201,0.033983026
16301,0.011843148
16401,0.012869254
16501,0.40367985
16601,0.023835981
17001,0.23230807
17101,0.08093605
17201,0.044601683
17301,0.06170727
17401,0.04011635
17601,0.005784156
17701,0.07261954
17901,0.02946946
18001,0.016807068
18101,0.8613659
18201,0.76216197
18401,0.7010587
18501,0.10704859
18701,0.7786994
18801,0.0652597
19101,0.032262523
19501,0.08240558
19601,0.8594523
19701,0.1094766
19801,0.70871174
20701,0.120676644
20801,0.0053210277
20901,0.03780931
21101,0.043441255
21201,0.15641592
21401,0.032907188
21801,0.10086502
22001,0.036191262
22301,0.012309045
22401,0.01614571
22501,0.02396009
22601,0.013589456
22901,0.79228276
23001,0.98383534
23201,0.033747505
23301,0.054394603
23601,0.12894453
23701,0.13060328
23801,0.56822854
23901,0.063346736
24101,0.094645135
24201,0.08337208
24401,0.84300023
24501,0.6617742
24601,0.93724215
24701,0.055100612
25301,0.4654948
25401,0.015432995
25801,0.001428361
26001,0.008711761
26101,0.14863215
26201,0.045085255
26301,0.07274011
26401,0.0008921733
26601,0.021450054
26701,0.020642297
26801,0.55449134
26901,0.14658864
27001,0.057225622
27301,0.0066258335
27401,0.08520937
27501,0.9125183
27901,0.04977544
28001,0.076705866
28101,0.007289285
28301,0.037197426
28401,0.059475232
29001,0.0055735675
29101,0.018827522
29301,0.0384939
29601,0.011412421
29701,0.018691337
29801,0.021705817
29901,0.017005324
30001,0.042527933
30101,0.004280104
30301,0.053421095
30401,0.068803616
30701,0.0036510918
30801,0.09051376
31101,0.0061495914
31201,0.033928037
31601,0.059174366
31701,0.0030673943
31801,0.014529047
31901,0.061410055
32001,0.022530422
32101,0.009750957
32801,0.06951211
33001,0.047137838
33101,0.025431931
33501,0.04436582
33701,0.03963419
33801,0.0407092
33901,0.2505089
34001,0.63961655
34201,0.94864416
34301,0.09491324
34401,0.7903209
34501,0.853656
34601,0.068286866
34801,0.9753154
35001,0.12268125
35201,0.4680573
35301,0.0033509552
35501,0.1124208
35601,0.033173744
35701,0.04977866
35901,0.06811281
36001,0.081985496
36101,0.035299785
36601,0.021008287
37201,0.15415946
37401,0.049197398
37501,0.08449684
37601,0.024782479
37701,0.11158263
38101,0.07033874
38201,0.01608875
38301,0.026265863
38401,0.063616626
38601,0.0769408
38801,0.027955433
39101,0.3608547
39201,0.76758
39301,0.77474445
39401,0.60139525
39601,0.057424024
39701,0.1597438
39901,0.20376652
40001,0.029960081
40201,0.03947952
40501,0.10403123
40601,0.120521486
41801,0.021991432
42001,0.044040103
42701,0.123531476
42901,0.0024257356
43601,0.0298773
44201,0.028971838
44501,0.068277605
44701,0.07472153
44901,0.026873976
45201,0.019665
45301,0.035248138
45501,0.040477302
45601,0.02315417
46101,0.004191371
46301,0.02961562
46501,0.0044631087
46901,0.06734007
47001,0.22759071
47101,0.0007450176
47201,0.030966513
47301,0.05189426
47601,0.07263663
47701,0.10572189
47801,0.15158097
47901,0.16686258
48201,0.031012617
48601,0.018069236
48701,0.42108
49101,0.016069207
49201,0.029041998
49601,0.06953662
49701,0.87532413
49901,0.018653318
50101,0.019928979
50301,0.38094938
50401,0.34357816
50601,0.81363046
50801,0.85991395
50901,0.7181657
51001,0.07716699
51201,0.9578895
51601,0.5377097
51801,0.08461736
52001,0.38636884
52101,0.1487292
52501,0.03994579
52601,0.016245084
52701,1.1460269e-05
53201,0.13023582
53301,0.060913287
53401,0.0066677416
53601,0.15669638
53901,0.0025240527
54101,0.011147366
54201,0.038304355
54301,0.021497598
54401,0.032031808
54601,0.00742487
55001,0.035833012
55201,0.004004732
55401,0.9619788
55501,0.03646837
55601,0.014439026
56201,0.049142353
56501,0.039573945
56701,0.09474575
56801,0.4540315
57001,0.09478914
57101,0.07506182
57201,0.08915736
57301,0.24550076
57501,0.07507545
57901,0.035057865
58001,0.07148676
58201,0.005886192
58301,0.1446239
58501,0.09216125
58901,0.0033923949
59101,0.023947895
59201,0.04511066
59501,0.021011712
59601,0.0074285003
59801,0.12799524
59901,0.47067565
60401,0.04496624
60501,0.023547592
60801,0.025553979
61101,0.042327788
61301,0.0074825566
61401,0.040094562
61701,0.03387552
62101,0.0149401035
62401,0.021023637
62701,0.0375835
62801,0.066692494
63501,0.002891954
63601,0.04634069
63701,0.14120778
63801,0.039240405
63901,0.27940872
64301,0.044905115
64401,0.044356063
2,0.01666153
102,0.056040883
402,0.010889428
602,0.013236442
702,0.031966116
1002,0.021977501
1202,0.24724042
1702,0.019771717
2202,0.03203541
2702,0.12863337
2802,0.026763262
2902,0.035893254
3002,0.009196098
3102,0.0797392
3202,0.0035270995
3302,0.01252058
3402,0.020773668
3702,0.09985989
4002,0.00044618195
4102,0.002576469
4202,0.016298054
4402,0.080559745
4702,8.585696e-05
4802,0.045082264
4902,0.00055905234
5102,0.0010392724
5202,0.025459185
5702,0.02696926
5902,0.013576981
6202,0.016904935
6302,0.02618861
6502,0.024585651
6602,0.016996088
6802,0.013897838
6902,0.091643594
7002,0.06453631
7202,0.003625523
7402,0.03337852
7502,0.030013839
7702,0.078868054
7902,0.042089894
8102,0.017823566
8202,0.039156873
8302,0.038168803
8402,0.05634796
8502,0.044884134
8602,0.052275907
8702,0.028522093
8902,0.05943375
9002,0.016313178
9202,0.032167185
9502,0.13661508
9802,0.034981843
9902,0.03885046
10102,0.12584095
10402,0.033674628
10502,0.034462113
10602,0.0042560934
10702,0.0069702757
10902,0.012635426
11202,0.11297947
11302,0.14504932
11702,0.0061423895
11902,0.022811837
12102,0.08426552
12402,0.047001775
12702,0.017981254
12902,0.01331603
13002,0.0019375349
13402,0.017759414
13502,0.037301343
13602,0.032873
13702,0.036254957
13902,0.013580436
14302,0.03092526
14402,0.001670082
15402,0.0020115622
15602,0.020696359
15702,0.011835879
15802,0.12226621
15902,0.055789135
16102,0.027734084
16202,0.049706582
16302,0.022445535
16402,0.048172385
16502,0.008073139
16602,0.048518803
17002,0.04528261
17102,0.030135829
17202,0.022468956
17302,0.092203565
17402,0.06831519
17602,0.0022652515
17702,0.03516296
17902,0.021485869
18002,0.023669664
18102,0.046441045
18202,0.09539337
18402,0.004216668
18502,0.017150592
18702,0.13074212
18802,0.049416684
19102,0.00791886
19502,0.035489112
19602,0.029740455
19702,0.10850967
19802,0.039777707
20702,0.033952672
20802,0.002648219
20902,0.036465902
21102,0.03211079
21202,0.03581164
21402,0.015168556
21802,0.035260588
22002,0.04689057
22302,0.016131185
22402,0.01892505
22502,0.036556225
22602,0.014222999
22902,0.0022970708
23002,0.007788569
23202,0.023076162
23302,0.012441013
23602,0.07070198
23702,0.012160459
23802,0.03804436
23902,0.044285484
24102,0.04342078
24202,0.053482685
24402,0.007937143
24502,0.026778044
24602,0.026732193
24702,0.014595288
25302,0.053655334
25402,0.015638238
25802,0.0013032951
26002,0.007654573
26102,0.036581103
26202,0.04351797
26302,0.020219618
26402,0.0009483654
26602,0.02644943
26702,0.015687712
26802,0.11759158
26902,0.24471804
27002,0.046824895
27302,0.020439368
27402,0.11734218
27502,0.026450247
27902,0.5865892
28002,0.031183688
28102,0.0032649215
28302,0.015466348
28402,0.05164317
29002,0.004092993
29102,0.009706377
29302,0.020791227
29602,0.035718348
29702,0.015663989
29802,0.027416594
29902,0.038800154
30002,0.031881396
30102,0.0010240426
30302,0.03407705
30402,0.02241683
30702,0.001897405
30802,0.3082001
31102,0.0010868139
31202,0.030472994
31602,0.17495239
31702,0.005609892
31802,0.051882338
31902,0.04699608
32002,0.070254944
32102,0.03831607
32802,0.02020732
33002,0.04174873
33102,0.011204882
33502,0.020731013
33702,0.02994893
33802,0.031033449
33902,0.67944384
34002,0.021733131
34202,0.010767527
34302,0.022415979
34402,0.013079328
34502,0.046037365
34602,0.11629378
34802,0.00367284
35002,0.02863557
35202,0.071813025
35302,0.0015158817
35502,0.028137138
35602,0.024588998
35702,0.04050554
35902,0.07403309
36002,0.014877435
36102,0.032332737
36602,0.009957262
37202,0.015431169
37402,0.010114217
37502,0.021525076
37602,0.009016949
37702,0.027925601
38102,0.060861032
38202,0.035322163
38302,0.02885507
38402,0.056344066
38602,0.027278712
38802,0.025687328
39102,0.039836492
39202,0.0044175135
39302,0.030745473
39402,0.06856508
39602,0.01629605
39702,0.0029372282
39902,0.19379771
40002,0.029762486
40202,0.03587952
40502,0.035567787
40602,0.031186555
41802,0.086953394
42002,0.046998806
42702,0.03538522
42902,0.011430342
43602,0.07502339
44202,0.044067625
44502,0.045726307
44702,0.058917176
44902,0.03260572
45202,0.0013636546
45302,0.015312291
45502,0.038773216
45602,0.025747852
46102,0.009985381
46302,0.034787275
46502,0.0012236086
46902,0.059188373
47002,0.3381663
47102,0.001325115
47202,0.03343143
47302,0.05106813
47602,0.047253635
47702,0.028250085
47802,0.02634507
47902,0.04153546
48202,0.015526477
48602,0.082340054
48702,0.04580271
49102,0.015922435
49202,0.040016163
49602,0.055648733
49702,0.029496836
49902,0.13486491
50102,0.02154411
50302,0.11928666
50402,0.3441445
50602,0.033352926
50802,0.060971897
50902,0.019673508
51002,0.037814103
51202,0.015685523
51602,0.05149793
51802,0.09740331
52002,0.09796695
52102,0.07525558
52502,0.037403513
52602,0.0035500303
52702,2.0132704e-05
53202,0.018472046
53302,0.004172966
53402,0.0032980777
53602,0.03354722
53902,0.0031427867
54102,0.00805001
54202,0.027827773
54302,0.023943603
54402,0.03681226
54602,0.011520907
55002,0.050154537
55202,0.0030444185
55402,0.011859236
55502,0.23300803
55602,0.030249191
56202,0.03671845
56502,0.045090593
56702,0.038030684
56802,0.15116742
57002,0.019314634
57102,0.07781207
57202,0.031428315
57302,0.28944603
57502,0.03569716
57902,0.029482068
58002,0.056964602
58202,0.0142519055
58302,0.036456373
58502,0.020243036
58902,0.0077698203
59102,0.019191606
59202,0.10902261
59502,0.0072735636
59602,0.013387764
59802,0.17171298
59902,0.098068275
60402,0.6158441
60502,0.032531846
60802,0.016423957
61102,0.059265528
61302,0.0022037143
61402,0.029263305
61702,0.030182632
62102,0.0073528364
62402,0.017898463
62702,0.03443139
62802,0.07097534
63502,0.004468205
63602,0.025762364
63702,0.038491696
63802,0.03611257
63902,0.0583874
64302,0.037073214
64402,0.044926062
3,0.009254454
103,0.021576293
403,0.00078412815
603,0.034192882
703,0.051550023
1003,0.016274555
1203,0.0038944858
1703,0.03569172
2203,0.030271433
2703,0.0039400836
2803,0.015632043
2903,0.04397584
3003,0.008141241
3103,0.04026925
3203,0.006475572
3303,0.03727647
3403,0.020217026
3703,0.06199138
4003,0.0014804981
4103,0.00044260093
4203,0.066781566
4403,0.013839995
4703,0.0002229202
4803,0.05353268
4903,0.00042754962
5103,0.0009864824
5203,0.11086395
5703,0.07049157
5903,0.025360797
6203,0.04900206
6303,0.02570034
6503,0.06815873
6603,0.053227473
6803,0.070155665
6903,0.0018106413
7003,0.004071034
7203,0.00020165426
7403,0.01815501
7503,0.03583926
7703,0.030081576
7903,0.01419163
8103,0.047409426
8203,0.059952673
8303,0.03169341
8403,0.0647431
8503,0.028602982
8603,0.03158792
8703,0.021829888
8903,0.034528114
9003,0.007683675
9203,0.031012757
9503,0.029268548
9803,0.03936124
9903,0.06399811
10103,0.076141365
10403,0.03203449
10503,0.05428186
10603,0.014482791
10703,0.035212222
10903,0.042622037
11203,0.061252106
11303,0.0015686984
11703,0.00045287077
11903,0.042965002
12103,0.037505638
12403,0.11883077
12703,0.034581967
12903,0.03357787
13003,0.005743111
13403,0.037007604
13503,0.033853684
13603,0.05635365
13703,0.050754
13903,0.023862494
14303,0.08566323
14403,0.00017524557
15403,0.00030349114
15603,0.053608265
15703,0.030744014
15803,0.03966196
15903,0.026689155
16103,0.0045822468
16203,0.04622679
16303,0.0059420993
16403,0.02172505
16503,0.000428936
16603,0.0017499492
17003,0.036721386
17103,0.025011025
17203,0.03405504
17303,0.01934163
17403,0.032257825
17603,0.00030904202
17703,0.049850974
17903,0.04075562
18003,0.03338235
18103,0.0015310856
18203,0.0039023506
18403,0.00057468517
18503,0.022554241
18703,0.0015507782
18803,0.034870308
19103,0.013239832
19503,0.035184503
19603,0.005989179
19703,0.0745203
19803,0.008565689
20703,0.04422543
20803,0.00086460443
20903,0.03592122
21103,0.0560371
21203,0.036464006
21403,0.027757963
21803,0.06266057
22003,0.059878744
22303,0.09129455
22403,0.037227947
22503,0.06952544
22603,0.084206544
22903,0.00013638349
23003,0.00012545747
23203,0.024701368
23303,0.025966799
23603,0.039263166
23703,0.011731248
23803,0.00935117
23903,0.030119307
24103,0.06310043
24203,0.04606354
24403,0.00096939976
24503,0.0052434513
24603,0.00084605283
24703,0.013309853
25303,0.005046467
25403,0.016875336
25803,0.00014733162
26003,0.001774001
26103,0.012149035
26203,0.03642466
26303,0.028651807
26403,0.009305157
26603,0.080257475
26703,0.03635814
26803,0.0033449084
26903,0.05958814
27003,0.04031472
27303,0.009555582
27403,0.045978807
27503,0.0017515204
27903,0.0029864523
28003,0.03922216
28103,0.001288871
28303,0.044445295
28403,0.08950301
29003,0.0022086003
29103,0.045097284
29303,0.051047318
29603,0.05737475
29703,0.07373539
29803,0.05151718
29903,0.05569005
30003,0.040954348
30103,0.00040787246
30303,0.03164451
30403,0.038567994
30703,0.00021687662
30803,0.052719228
31103,0.0003449486
31203,0.07422557
31603,0.10047273
31703,0.0006278471
31803,0.020254117
31903,0.11156827
32003,0.08827993
32103,0.035402745
32803,0.02756441
33003,0.030844076
33103,0.019348487
33503,0.034171123
33703,0.030094417
33803,0.029731937
33903,0.0018597959
34003,0.01029184
34203,0.000244918
34303,0.024342122
34403,0.004071926
34503,0.0019364088
34603,0.06392621
34803,7.039808e-05
35003,0.042500816
35203,0.022076692
35303,0.0046486463
35503,0.032246977
35603,0.015924944
35703,0.054077763
35903,0.004177774
36003,0.013532165
36103,0.028066732
36603,0.001428296
37203,0.009420579
37403,0.043805066
37503,0.04841646
37603,0.0030638217
37703,0.018845612
38103,0.054692745
38203,0.07158884
38303,0.08862172
38403,0.076404996
38603,0.04210832
38803,0.051760927
39103,0.024466157
39203,0.000177522
39303,0.0033651195
39403,0.0036743712
39603,0.0146483425
39703,0.008076619
39903,0.045290537
40003,0.030637864
40203,0.032108698
40503,0.035143923
40603,0.03055758
41803,0.0076792287
42003,0.025017045
42703,0.053195726
42903,0.029575432
43603,0.06179021
44203,0.108153716
44503,0.015000816
44703,0.08128566
44903,0.034759734
45203,0.004095808
45303,0.024021033
45503,0.05784845
45603,0.037435602
46103,0.040787313
46303,0.07536636
46503,0.0002727485
46903,0.03052534
47003,0.010743309
47103,4.133868e-05
47203,0.008372031
47303,0.0569892
47603,0.040034324
47703,0.053134046
47803,0.057194658
47903,0.03075863
48203,0.00362871
48603,0.018787608
48703,0.0018935846
49103,0.027111553
49203,0.04892322
49603,0.03509638
49703,0.0005414031
49903,0.043663174
50103,0.041266955
50303,0.014216699
50403,0.04088077
50603,0.002153813
50803,0.0016259097
50903,0.0021215559
51003,0.053503014
51203,0.00032873027
51603,0.0193553
51803,0.080650635
52003,0.049232952
52103,0.0798328
52503,0.03633058
52603,0.0022707616
52703,6.2723266e-05
53203,0.025376137
53303,0.0141114695
53403,0.015509847
53603,0.046378393
53903,0.003054155
54103,0.017305503
54203,0.05580532
54303,0.08290996
54403,0.05049729
54603,0.03746782
55003,0.050912563
55203,0.00084114063
55403,0.0003467712
55503,0.041760243
55603,0.009274406
56203,0.027373878
56503,0.054948486
56703,0.03177405
56803,0.015761562
57003,0.011478716
57103,0.03532274
57203,0.038462296
57303,0.045477066
57503,0.035843417
57903,0.023592955
58003,0.040352542
58203,0.0020392227
58303,0.026664946
58503,0.022130178
58903,0.0049407096
59103,0.01402991
59203,0.005027414
59503,0.00022109372
59603,0.0393669
59803,0.047511797
59903,0.039272133
60403,0.003229532
60503,0.022839744
60803,0.0976196
61103,0.014711803
61303,0.00036498744
61403,0.0063921167
61703,0.0827236
62103,0.03335739
62403,0.062021267
62703,0.0660737
62803,0.03776636
63503,0.00026361164
63603,0.0406775
63703,0.056706693
63803,0.059028912
63903,0.024735315
64303,0.040379256
64403,0.08405253
4,0.039971393
104,0.07637396
404,0.0004977807
604,0.019107724
704,0.03630157
1004,0.021020235
1204,0.019947436
1704,0.03583748
2204,0.024717182
2704,0.008548148
2804,0.024578823
2904,0.04401753
3004,0.005115925
3104,0.030542944
3204,0.011349896
3304,0.01568053
3404,0.009526347
3704,0.022075374
4004,0.001712236
4104,0.0041581467
4204,0.014693653
4404,0.06979458
4704,0.00052476855
4804,0.035039052
4904,0.001870994
5104,0.0049685594
5204,0.026930217
5704,0.03909351
5904,0.107143216
6204,0.044789094
6304,0.08899297
6504,0.11367184
6604,0.055172484
6804,0.03155288
6904,0.13793822
7004,0.012174246
7204,0.00086816394
7404,0.18870494
7504,0.026124503
7704,0.023865677
7904,0.059821233
8104,0.02281027
8204,0.012180514
8304,0.052398965
8404,0.038058493
8504,0.02753366
8604,0.034201507
8704,0.038014915
8904,0.05551449
9004,0.036411114
9204,0.035020713
9504,0.028084463
9804,0.050752677
9904,0.052329965
10104,0.03749162
10404,0.08113384
10504,0.035675023
10604,0.05264998
10704,0.019030094
10904,0.017642595
11204,0.036473017
11304,0.01178766
11704,0.0034250203
11904,0.061005015
12104,0.03446963
12404,0.04304352
12704,0.04347413
12904,0.023909314
13004,0.009471675
13404,0.081326984
13504,0.06567486
13604,0.06393581
13704,0.05385661
13904,0.02014616
14304,0.032808784
14404,0.006686603
15404,0.029333794
15604,0.030578442
15704,0.032665342
15804,0.06187912
15904,0.054196123
16104,0.041187495
16204,0.12248494
16304,0.042498488
16404,0.07960703
16504,0.00025314346
16604,0.009103305
17004,0.041949216
17104,0.025213944
17204,0.024823166
17304,0.048018478
17404,0.05108039
17604,0.004860226
17704,0.041576922
17904,0.02654392
18004,0.05773376
18104,0.0013709002
18204,0.0033660647
18404,0.0028059024
18504,0.027128374
18704,0.0050921044
18804,0.04066561
19104,0.0033332033
19504,0.029102871
19604,0.0024506643
19704,0.030570999
19804,0.009004494
20704,0.038995966
20804,0.010331975
20904,0.03317783
21104,0.06303961
21204,0.012241141
21404,0.01978465
21804,0.020563152
22004,0.056528527
22304,0.002442322
22404,0.07553751
22504,0.057094652
22604,0.02095571
22904,0.001843101
23004,0.0002684793
23204,0.107321486
23304,0.024758972
23604,0.049580522
23704,0.0071798316
23804,0.011236623
23904,0.023844928
24104,0.020984508
24204,0.052826334
24404,0.0092109265
24504,0.016574305
24604,0.0035265167
24704,0.018971063
25304,0.0024621175
25404,0.08209701
25804,0.13008213
26004,0.022091232
26104,0.05867647
26204,0.04347568
26304,0.058792803
26404,0.0020193309
26604,0.02193084
26704,0.055976015
26804,0.010030214
26904,0.03473403
27004,0.06141949
27304,0.11878723
27404,0.01646336
27504,0.004586846
27904,0.09501039
28004,0.025476348
28104,0.031073598
28304,0.022567393
28404,0.062483713
29004,0.07234692
29104,0.02583133
29304,0.041515112
29604,0.037114594
29704,0.020876955
29804,0.04859119
29904,0.07432807
30004,0.15988772
30104,0.010263065
30304,0.10483005
30404,0.062052276
30704,0.017340168
30804,0.04221162
31104,0.004727198
31204,0.03880672
31604,0.035516966
31704,0.07631599
31804,0.12268638
31904,0.028501777
32004,0.09346864
32104,0.07197616
32804,0.025036937
33004,0.032057215
33104,0.011756555
33504,0.01783223
33704,0.053554144
33804,0.05558886
33904,0.0014459746
34004,0.0065718563
34204,0.0013259082
34304,0.023992492
34404,0.0023817646
34504,0.005728492
34604,0.036647994
34804,0.00038713997
35004,0.026705354
35204,0.03918722
35304,0.006442328
35504,0.019776626
35604,0.030752083
35704,0.025128093
35904,0.07754358
36004,0.07100559
36104,0.0813934
36604,0.010264507
37204,0.0072097606
37404,0.011986762
37504,0.010097302
37604,0.044832043
37704,0.075056985
38104,0.14766443
38204,0.064393215
38304,0.027027931
38404,0.053093016
38604,0.03902492
38804,0.06711745
39104,0.029317966
39204,0.0046467893
39304,0.012239149
39404,0.029837957
39604,0.024672
39704,0.00096875394
39904,0.04063767
40004,0.008362971
40204,0.060361937
40504,0.025719669
40604,0.023776626
41804,0.0144211715
42004,0.05040757
42704,0.018663406
42904,0.028158126
43604,0.023258248
44204,0.012708778
44504,0.008380427
44704,0.034107327
44904,0.14518155
45204,0.0014245284
45304,0.05616772
45504,0.032787725
45604,0.10780394
46104,0.016329924
46304,0.060545698
46504,0.0062203445
46904,0.040499907
47004,0.031109672
47104,0.027462758
47204,0.037746925
47304,0.06610721
47604,0.085263364
47704,0.019554857
47804,0.018594544
47904,0.030012028
48204,0.020629875
48604,0.062543206
48704,0.0015908845
49104,0.04612235
49204,0.15215613
49604,0.03350436
49704,0.0012819356
49904,0.08238727
50104,0.035491467
50304,0.026263237
50404,0.013034839
50604,0.009353221
50804,0.0030508917
50904,0.01016211
51004,0.023052841
51204,0.002697629
51604,0.013457079
51804,0.029920598
52004,0.018307453
52104,0.03151035
52504,0.010183364
52604,0.068762384
52704,0.00019022917
53204,0.0049212766
53304,0.0077120815
53404,0.0060530943
53604,0.011263733
53904,0.006061651
54104,0.022686483
54204,0.069249034
54304,0.071771994
54404,0.08503156
54604,0.027640224
55004,0.10334651
55204,0.002362627
55404,0.002105149
55504,0.039762795
55604,0.15468626
56204,0.03859975
56504,0.053359628
56704,0.02764453
56804,0.037631307
57004,0.062426228
57104,0.03713047
57204,0.025884235
57304,0.030141149
57504,0.027765522
57904,0.059087303
58004,0.072019145
58204,0.08217738
58304,0.047654167
58504,0.04882179
58904,0.3267757
59104,0.10058181
59204,0.009446929
59504,0.05640609
59604,0.011379827
59804,0.06281904
59904,0.011181227
60404,0.016622081
60504,0.017447758
60804,0.013183133
61104,0.104888335
61304,0.029020755
61404,0.066854164
61704,0.03097987
62104,0.0141490465
62404,0.027619978
62704,0.06895778
62804,0.067377105
63504,0.1362207
63604,0.043438453
63704,0.020133799
63804,0.056842662
63904,0.02908823
64304,0.079974994
64404,0.023366155
5,0.0070704464
105,0.01662635
405,0.0010934623
605,0.016380075
705,0.021825448
1005,0.00987234
1205,0.0033299644
1705,0.03545119
2205,0.016455099
2705,0.0010676888
2805,0.0059276354
2905,0.018017761
3005,0.0035404009
3105,0.02293604
3205,0.0060728355
3305,0.054173794
3405,0.0066247745
3705,0.013800261
4005,0.0016545022
4105,0.019635897
4205,0.019307472
4405,0.005910599
4705,0.00027596572
4805,0.027749512
4905,0.0004436093
5105,0.0023180405
5205,0.028975636
5705,0.04572565
5905,0.01843429
6205,0.03151327
6305,0.016310468
6505,0.04427627
6605,0.02942148
6805,0.023914915
6905,0.019662911
7005,0.0016715603
7205,0.00032091647
7405,0.023771036
7505,0.010822988
7705,0.01337212
7905,0.0072295945
8105,0.011625373
8205,0.011071921
8305,0.016549038
8405,0.023334863
8505,0.011549487
8605,0.02376242
8705,0.017616583
8905,0.017197907
9005,0.0136281885
9205,0.013663701
9505,0.01244227
9805,0.020587971
9905,0.017638925
10105,0.018760664
10405,0.024768434
10505,0.01581406
10605,0.012708845
10705,0.024453599
10905,0.026834957
11205,0.014299708
11305,0.0022702143
11705,0.0017353507
11905,0.018617477
12105,0.014345092
12405,0.020131791
12705,0.017595718
12905,0.009831424
13005,0.004788793
13405,0.020455508
13505,0.0150358975
13605,0.03292124
13705,0.057301722
13905,0.015402224
14305,0.032762464
14405,0.00041506524
15405,0.0007012627
15605,0.023473382
15705,0.016483186
15805,0.01995946
15905,0.014543566
16105,0.005858137
16205,0.024665691
16305,0.006860846
16405,0.017568449
16505,0.00062808197
16605,0.0014357474
17005,0.02005459
17105,0.013789479
17205,0.016441531
17305,0.014373775
17405,0.027203867
17605,0.00040674015
17705,0.014922069
17905,0.025569752
18005,0.024028175
18105,0.0010108254
18205,0.001140899
18405,0.0010607797
18505,0.0148236295
18705,0.001802826
18805,0.018883567
19105,0.0033190877
19505,0.015310359
19605,0.00126067
19705,0.020768056
19805,0.0037645658
20705,0.033605617
20805,0.00089003897
20905,0.01900438
21105,0.027108187
21205,0.014040099
21405,0.027185546
21805,0.02666408
22005,0.033093374
22305,0.014826847
22405,0.017996501
22505,0.024565132
22605,0.015598058
22905,0.0018500879
23005,0.00012801294
23205,0.026888005
23305,0.016871806
23605,0.026174234
23705,0.0043331194
23805,0.0032041688
23905,0.010525116
24105,0.02275132
24205,0.022803135
24405,0.0013832944
24505,0.0041928794
24605,0.0008324429
24705,0.0051422357
25305,0.0046153367
25405,0.014827845
25805,0.00068990444
26005,0.0020298185
26105,0.003910572
26205,0.026053386
26305,0.01782788
26405,0.008561568
26605,0.015031497
26705,0.017171519
26805,0.004054577
26905,0.012278644
27005,0.020698933
27305,0.008535792
27405,0.015322221
27505,0.0014150764
27905,0.0047424156
28005,0.010972299
28105,0.0020564059
28305,0.015740395
28405,0.03898536
29005,0.0039649624
29105,0.018327694
29305,0.026317826
29605,0.02749077
29705,0.03516669
29805,0.011994719
29905,0.028155003
30005,0.04508651
30105,0.0009560719
30305,0.026219273
30405,0.033883173
30705,0.00064258545
30805,0.012348877
31105,0.0006218257
31205,0.023496682
31605,0.021108387
31705,0.0011913439
31805,0.0108169615
31905,0.03047631
32005,0.030993178
32105,0.024852186
32805,0.013736024
33005,0.01799052
33105,0.0111073945
33505,0.009518788
33705,0.024978168
33805,0.02665868
33905,0.0011993238
34005,0.004192752
34205,0.00025292806
34305,0.012619954
34405,0.0014937096
34505,0.001562789
34605,0.013838659
34805,0.00016527757
35005,0.012962746
35205,0.023588615
35305,0.0041403645
35505,0.01191064
35605,0.006628582
35705,0.020220801
35905,0.006471218
36005,0.01592611
36105,0.016183984
36605,0.0018137258
37205,0.006004228
37405,0.016506251
37505,0.012706792
37605,0.0022877457
37705,0.010285342
38105,0.034435496
38205,0.031042727
38305,0.04557596
38405,0.02200082
38605,0.016883107
38805,0.026516028
39105,0.011209475
39205,0.003247783
39305,0.004171172
39405,0.0026734741
39605,0.008911084
39705,0.0023386134
39905,0.015662609
40005,0.009802316
40205,0.01531648
40505,0.017560888
40605,0.014605432
41805,0.004092213
42005,0.020730091
42705,0.025638005
42905,0.0124095185
43605,0.018583596
44205,0.014357673
44505,0.0051141293
44705,0.024547525
44905,0.03656799
45205,0.0045370073
45305,0.014337425
45505,0.015916662
45605,0.021892488
46105,0.019418497
46305,0.022928454
46505,0.0006909632
46905,0.015284606
47005,0.00392184
47105,0.00017082556
47205,0.0053428686
47305,0.027740212
47605,0.038971186
47705,0.018251892
47805,0.01997777
47905,0.012163133
48205,0.0037295027
48605,0.010625704
48705,0.0023862836
49105,0.011089392
49205,0.03091481
49605,0.023308836
49705,0.00075408263
49905,0.021141091
50105,0.025644284
50305,0.0059994995
50405,0.0064648115
50605,0.0023203166
50805,0.0010600585
50905,0.003664313
51005,0.023978991
51205,0.0005818079
51605,0.01379244
51805,0.01792808
52005,0.015552558
52105,0.015221941
52505,0.012067169
52605,0.0052821445
52705,3.907847e-05
53205,0.009109662
53305,0.010444561
53405,0.028332105
53605,0.015222037
53905,0.0008502539
54105,0.007640663
54205,0.036457706
54305,0.03862109
54405,0.02450722
54605,0.022305604
55005,0.024259625
55205,0.00014488076
55405,0.00053388067
55505,0.015655963
55605,0.011745625
56205,0.007431637
56505,0.016615596
56705,0.02272918
56805,0.013332515
57005,0.010256424
57105,0.020236736
57205,0.012734903
57305,0.019746048
57505,0.021788338
57905,0.013358086
58005,0.02248678
58205,0.0015120818
58305,0.0077826087
58505,0.00878938
58905,0.0069204066
59105,0.008489265
59205,0.002953861
59505,0.0007720956
59605,0.006204584
59805,0.022158861
59905,0.01313431
60405,0.0015449242
60505,0.0060065426
60805,0.018539349
61105,0.017619967
61305,0.0009916072
61405,0.0072034798
61705,0.01866167
62105,0.008157657
62405,0.0209897
62705,0.029589282
62805,0.022267316
63505,0.0013059633
63605,0.02881974
63705,0.025510665
63805,0.03357079
63905,0.010915699
64305,0.017274614
64405,0.020505859
6,0.008161491
106,0.006544125
406,0.0008426579
606,0.090027764
706,0.02480278
1006,0.018324133
1206,0.0007814041
1706,0.04651457
2206,0.041551776
2706,0.0026910205
2806,0.012321566
2906,0.042375553
3006,0.019601598
3106,0.008086351
3206,0.022671407
3306,0.039509747
3406,0.022278424
3706,0.016230687
4006,0.005041606
4106,0.0020954807
4206,0.26091215
4406,0.018995732
4706,0.0008742795
4806,0.028447686
4906,0.010873674
5106,0.003320506
5206,0.13553974
5706,0.15837787
5906,0.047563404
6206,0.075828835
6306,0.016783966
6506,0.10721758
6606,0.043554693
6806,0.05232751
6906,0.0044424725
7006,0.006404727
7206,0.0010367183
7406,0.027768055
7506,0.02279902
7706,0.016806213
7906,0.025845274
8106,0.04786897
8206,0.012554863
8306,0.017544826
8406,0.024877347
8506,0.023045376
8606,0.02345986
8706,0.05440013
8906,0.023140525
9006,0.06852795
9206,0.022869162
9506,0.007479754
9806,0.03893184
9906,0.052602634
10106,0.018162124
10406,0.019277703
10506,0.025181482
10606,0.010396138
10706,0.24839032
10906,0.09226334
11206,0.017048365
11306,0.0018623736
11706,0.0018346576
11906,0.025587194
12106,0.013607005
12406,0.049112566
12706,0.0888657
12906,0.07616745
13006,0.21868956
13406,0.029861756
13506,0.01951669
13606,0.02953155
13706,0.038965635
13906,0.068314634
14306,0.04009076
14406,0.005670924
15406,0.007001327
15606,0.04756457
15706,0.21880274
15806,0.016388377
15906,0.018450746
16106,0.0071023162
16206,0.025312778
16306,0.0035542415
16406,0.0062931594
16506,0.0003592895
16606,0.00072249287
17006,0.027955253
17106,0.016111882
17206,0.018185271
17306,0.0056694504
17406,0.01109814
17606,0.0020561777
17706,0.029051956
17906,0.022279194
18006,0.019727731
18106,0.0008752759
18206,0.0027975137
18406,0.0073506064
18506,0.031535383
18706,0.0010049689
18806,0.029019307
19106,0.03109197
19506,0.024775818
19606,0.0033126557
19706,0.018411886
19806,0.009118521
20706,0.07375268
20806,0.0074987942
20906,0.030195149
21106,0.06147731
21206,0.020814117
21406,0.049591865
21806,0.062285453
22006,0.02579246
22306,0.05281893
22406,0.04128257
22506,0.020124149
22606,0.07364018
22906,0.001211138
23006,0.0001725957
23206,0.018865962
23306,0.06202735
23606,0.020356093
23706,0.036027603
23806,0.01263934
23906,0.015954591
24106,0.030993724
24206,0.028552486
24406,0.007960582
24506,0.024458237
24606,0.0016257783
24706,0.034673676
25306,0.0017440654
25406,0.03806029
25806,0.012350403
26006,0.0102280835
26106,0.02742454
26206,0.024049036
26306,0.03785129
26406,0.7342199
26606,0.038382277
26706,0.034482896
26806,0.0029673087
26906,0.010417154
27006,0.021362863
27306,0.009407935
27406,0.008505183
27506,0.0017154142
27906,0.0010621966
28006,0.038659565
28106,0.04140561
28306,0.046863295
28406,0.05455072
29006,0.04066745
29106,0.036335483
29306,0.07118639
29606,0.01951081
29706,0.13844211
29806,0.02603243
29906,0.016409885
30006,0.05060904
30106,0.036246926
30306,0.019037662
30406,0.05756786
30706,0.012137609
30806,0.008397973
31106,0.015612426
31206,0.046146743
31606,0.01451925
31706,0.0070919567
31806,0.02656649
31906,0.026485335
32006,0.016919967
32106,0.011116588
32806,0.03804658
33006,0.014748231
33106,0.010099066
33506,0.03287062
33706,0.03077527
33806,0.026779283
33906,0.00014852338
34006,0.01594784
34206,0.00073396787
34306,0.035008054
34406,0.005654253
34506,0.0048283264
34606,0.027343052
34806,0.00037261684
35006,0.037722502
35206,0.013619922
35306,0.020804888
35506,0.028862301
35606,0.018189425
35706,0.034569815
35906,0.0040571727
36006,0.10607103
36106,0.0134087885
36606,0.0021668498
37206,0.016190367
37406,0.22137088
37506,0.05384483
37606,0.0323548
37706,0.054055408
38106,0.04996231
38206,0.03221341
38306,0.09621587
38406,0.069552675
38606,0.018494727
38806,0.036784783
39106,0.02735706
39206,0.0013102647
39306,0.0048015052
39406,0.010939762
39606,0.016896458
39706,0.007463158
39906,0.010325011
40006,0.022148704
40206,0.020217001
40506,0.023090871
40606,0.031386103
41806,0.0024280674
42006,0.033066466
42706,0.06324823
42906,0.01731334
43606,0.03495853
44206,0.029952154
44506,0.007808084
44706,0.029269494
44906,0.01681805
45206,0.66130173
45306,0.05455682
45506,0.04616153
45606,0.030237475
46106,0.012572756
46306,0.0364923
46506,0.020033741
46906,0.014655544
47006,0.002717657
47106,0.0011557881
47206,0.008884936
47306,0.031852968
47606,0.03233482
47706,0.03420959
47806,0.06619831
47906,0.02430855
48206,0.009667834
48606,0.005167971
48706,0.0007512363
49106,0.029444402
49206,0.036660656
49606,0.020271927
49706,0.0007554416
49906,0.007191337
50106,0.020525191
50306,0.017304378
50406,0.005052314
50606,0.0069286525
50806,0.0021313601
50906,0.021704156
51006,0.1129947
51206,0.0014884585
51606,0.010432025
51806,0.03582646
52006,0.01690593
52106,0.058365464
52506,0.017981376
52606,0.10330388
52706,0.00029630392
53206,0.024892867
53306,0.38230348
53406,0.036447693
53606,0.01125144
53906,0.0041913753
54106,0.036815476
54206,0.084222145
54306,0.25503394
54406,0.024937326
54606,0.016091049
55006,0.017376546
55206,0.0018915884
55406,0.00066828006
55506,0.008084864
55606,0.006833006
56206,0.02080988
56506,0.02130122
56706,0.021673912
56806,0.011905237
57006,0.11712768
57106,0.020588478
57206,0.020592215
57306,0.0055851312
57506,0.036602497
57906,0.011832284
58006,0.023252584
58206,0.011568213
58306,0.03103503
58506,0.051900636
58906,0.010284434
59106,0.05717495
59206,0.0038937863
59506,0.004778798
59606,0.061032813
59806,0.014552064
59906,0.011903625
60406,0.0008489817
60506,0.02915919
60806,0.07072316
61106,0.0321867
61306,0.0092549715
61406,0.03839138
61706,0.023255287
62106,0.062064122
62406,0.05730253
62706,0.03929542
62806,0.012784361
63506,0.0020369582
63606,0.038961306
63706,0.01931154
63806,0.03147724
63906,0.02100913
64306,0.024810918
64406,0.031857364
7,0.027480178
107,0.053661793
407,0.005199799
607,0.03413912
707,0.08847018
1007,0.03428777
1207,0.0064809374
1707,0.08270854
2207,0.082576685
2707,0.0012551635
2807,0.045976624
2907,0.11585683
3007,0.013734398
3107,0.13029027
3207,0.02359543
3307,0.018678341
3407,0.046224456
3707,0.06252366
4007,0.008504916
4107,0.002500587
4207,0.07856351
4407,0.035556946
4707,0.0026157405
4807,0.10639992
4907,0.0009925825
5107,0.0020996584
5207,0.035078183
5707,0.112116195
5907,0.10929009
6207,0.15559497
6307,0.19645046
6507,0.08096844
6607,0.1117222
6807,0.07662222
6907,0.07425007
7007,0.0046147914
7207,0.0026502265
7407,0.08179531
7507,0.027066981
7707,0.074007094
7907,0.056034774
8107,0.030198976
8207,0.034406967
8307,0.093560584
8407,0.11446745
8507,0.09618985
8607,0.07788678
8707,0.04557187
8907,0.13272332
9007,0.05795646
9207,0.08224827
9507,0.09844153
9807,0.086025745
9907,0.06725788
10107,0.12253445
10407,0.2707429
10507,0.1211609
10607,0.6972974
10707,0.11911274
10907,0.037434887
11207,0.039861478
11307,0.011609831
11707,0.012158092
11907,0.15745836
12107,0.14220622
12407,0.09504158
12707,0.0720748
12907,0.021662688
13007,0.0442004
13407,0.17548586
13507,0.075591214
13607,0.18280762
13707,0.19198938
13907,0.24823235
14307,0.083459236
14407,0.0028560595
15407,0.0028914665
15607,0.09052838
15707,0.101586536
15807,0.13689588
15907,0.120916195
16107,0.037912466
16207,0.08604699
16307,0.027970534
16407,0.062405337
16507,0.0014706317
16607,0.0035519383
17007,0.08463407
17107,0.10073591
17207,0.06293686
17307,0.04524842
17407,0.093971565
17607,0.004969536
17707,0.08684568
17907,0.17246361
18007,0.1365148
18107,0.004029002
18207,0.005645886
18407,0.01651547
18507,0.148918
18707,0.0057361126
18807,0.14465752
19107,0.012529155
19507,0.07537809
19607,0.004603011
19707,0.04005964
19807,0.048084646
20707,0.12521775
20807,0.0108553255
20907,0.036222328
21107,0.07823917
21207,0.27814063
21407,0.017327191
21807,0.0510085
22007,0.09241477
22307,0.08513163
22407,0.067584164
22507,0.086965054
22607,0.078553714
22907,0.044744812
23007,0.00052938587
23207,0.22257823
23307,0.13260862
23607,0.0826981
23707,0.024956662
23807,0.026513275
23907,0.09055471
24107,0.072405525
24207,0.071762286
24407,0.015221471
24507,0.020341802
24607,0.0034596997
24707,0.027953127
25307,0.013350883
25407,0.32284194
25807,0.009683951
26007,0.0026135356
26107,0.019890271
26207,0.1740855
26307,0.124578424
26407,0.039014064
26607,0.036196467
26707,0.09740875
26807,0.019505423
26907,0.06403058
27007,0.11228311
27307,0.09771203
27407,0.026190791
27507,0.0045746276
27907,0.0060847676
28007,0.04118638
28107,0.009480632
28307,0.058214176
28407,0.051771753
29007,0.010030499
29107,0.15889633
29307,0.09241678
29607,0.47714838
29707,0.02559744
29807,0.08131892
29907,0.13948235
30007,0.121537775
30107,0.005831973
30307,0.28344092
30407,0.20035458
30707,0.0036017376
30807,0.06259125
31107,0.0059635434
31207,0.1779483
31607,0.069948226
31707,0.004159329
31807,0.030175896
31907,0.11557771
32007,0.09093127
32107,0.1269788
32807,0.0538765
33007,0.08788834
33107,0.030581713
33507,0.059397984
33707,0.15689072
33807,0.102151416
33907,0.007845143
34007,0.0047602667
34207,0.0022277962
34307,0.047490302
34407,0.0033993074
34507,0.0031257272
34607,0.04605743
34807,0.0015099563
35007,0.08910479
35207,0.06564483
35307,0.015612695
35507,0.062202297
35607,0.038397823
35707,0.020351542
35907,0.019346328
36007,0.02025783
36107,0.30729824
36607,0.0059340806
37207,0.008383256
37407,0.035766125
37507,0.09119077
37607,0.0067129163
37707,0.033397987
38107,0.06807294
38207,0.07070124
38307,0.06678998
38407,0.028296879
38607,0.08440169
38807,0.08547521
39107,0.023846306
39207,0.0468476
39307,0.00935945
39407,0.011605941
39607,0.13034602
39707,0.0026237103
39907,0.06540093
40007,0.10018339
40207,0.06539329
40507,0.14165299
40607,0.07047315
41807,0.011218542
42007,0.10773339
42707,0.047130376
42907,0.4900981
43607,0.13179132
44207,0.04402033
44507,0.058416136
44707,0.070699126
44907,0.08210084
45207,0.009008247
45307,0.13978945
45507,0.06652654
45607,0.16669388
46107,0.041966137
46307,0.12716286
46507,0.009985194
46907,0.21651365
47007,0.013600086
47107,0.0005985877
47207,0.033941727
47307,0.059253402
47607,0.16126764
47707,0.04457421
47807,0.050453078
47907,0.071892604
48207,0.025765061
48607,0.0281356
48707,0.002878015
49107,0.066399656
49207,0.07146007
49607,0.16482437
49707,0.0050362367
49907,0.096523374
50107,0.106808655
50307,0.03868797
50407,0.010433288
50607,0.016499925
50807,0.006784584
50907,0.009683054
51007,0.028195774
51207,0.0021128624
51607,0.15862165
51807,0.049800962
52007,0.11233058
52107,0.018752946
52507,0.28615254
52607,0.15672857
52707,5.99553e-06
53207,0.088988155
53307,0.028400872
53407,0.014001479
53607,0.09489724
53907,0.00022579292
54107,0.07633434
54207,0.086987965
54307,0.064196624
54407,0.13378932
54607,0.15276767
55007,0.12817691
55207,0.0003764945
55407,0.0019728744
55507,0.1207248
55607,0.04492753
56207,0.010727373
56507,0.06110866
56707,0.107337
56807,0.06760357
57007,0.057872746
57107,0.03813239
57207,0.14382409
57307,0.11952156
57507,0.07755657
57907,0.28746516
58007,0.078886546
58207,0.0046605747
58307,0.13615447
58507,0.061592076
58907,0.0753703
59107,0.013773763
59207,0.04473632
59507,0.0028208678
59607,0.035257764
59807,0.042925995
59907,0.01785325
60407,0.0076869805
60507,0.022722619
60807,0.08474053
61107,0.10060061
61307,0.0045411554
61407,0.062395804
61707,0.07076075
62107,0.08328598
62407,0.07537407
62707,0.10294742
62807,0.111486286
63507,0.0051290016
63607,0.09690188
63707,0.06714864
63807,0.07511017
63907,0.064890355
64307,0.08915323
64407,0.11897787
8,0.031222723
108,0.038875032
408,0.0015542553
608,0.013924689
708,0.02096142
1008,0.017102936
1208,0.011996375
1708,0.020070411
2208,0.01712813
2708,0.04017281
2808,0.027893586
2908,0.027209265
3008,0.0036433707
3108,0.015656356
3208,0.01030121
3308,0.009705877
3408,0.009031439
3708,0.01280446
4008,0.0010567493
4108,0.0025849058
4208,0.014522613
4408,0.07940466
4708,0.00044738437
4808,0.013368806
4908,0.0007925582
5108,0.0027078886
5208,0.015072334
5708,0.01006725
5908,0.029077768
6208,0.016169252
6308,0.020877061
6508,0.020602154
6608,0.018788408
6808,0.018267056
6908,0.102963746
7008,0.024709921
7208,0.00070265407
7408,0.019379025
7508,0.007524237
7708,0.02329695
7908,0.027610956
8108,0.01545765
8208,0.0080462955
8308,0.01766028
8408,0.050993018
8508,0.032635923
8608,0.018825537
8708,0.0394236
8908,0.09194892
9008,0.050458167
9208,0.0126768835
9508,0.009658511
9808,0.0638451
9908,0.06762697
10108,0.02243688
10408,0.02775522
10508,0.01751888
10608,0.031055342
10708,0.06103121
10908,0.016561164
11208,0.035514176
11308,0.05732361
11708,0.0028331932
11908,0.017730216
12108,0.022216322
12408,0.047739163
12708,0.020371223
12908,0.0104182055
13008,0.012888001
13408,0.020216905
13508,0.03930125
13608,0.031636264
13708,0.020208022
13908,0.026465833
14308,0.015895348
14408,0.037866224
15408,0.037371423
15608,0.015506742
15708,0.011135976
15808,0.030067775
15908,0.029714918
16108,0.021660024
16208,0.020312572
16308,0.027921058
16408,0.038569912
16508,0.00086097344
16608,0.00564566
17008,0.010913618
17108,0.029746683
17208,0.02838276
17308,0.018171212
17408,0.030150482
17608,0.0018672175
17708,0.028801182
17908,0.037967242
18008,0.045665327
18108,0.005831017
18208,0.031313688
18408,0.0019579458
18508,0.019713534
18708,0.044287268
18808,0.04689548
19108,0.011095959
19508,0.033436097
19608,0.0044567264
19708,0.046685565
19808,0.005951752
20708,0.011733691
20808,0.0016038091
20908,0.018638652
21108,0.02850953
21208,0.010760796
21408,0.025225041
21808,0.023321101
22008,0.036613755
22308,0.16828562
22408,0.0698826
22508,0.049372982
22608,0.024887098
22908,0.001164985
23008,0.0010592786
23208,0.021612847
23308,0.016601762
23608,0.018926587
23708,0.009341587
23808,0.014633931
23908,0.014124022
24108,0.013366878
24208,0.013014562
24408,0.0054840003
24508,0.026805216
24608,0.0052172444
24708,0.01592756
25308,0.0060811406
25408,0.017194508
25808,0.102676995
26008,0.06408489
26108,0.042236183
26208,0.038217977
26308,0.016034735
26408,0.007800658
26608,0.049308874
26708,0.02445017
26808,0.17719181
26908,0.071373396
27008,0.023502758
27308,0.03735324
27408,0.20207769
27508,0.0062201493
27908,0.11029941
28008,0.0086063035
28108,0.12909582
28308,0.018267486
28408,0.012777864
29008,0.13124153
29108,0.009737688
29308,0.015219907
29608,0.039649237
29708,0.025624612
29808,0.025318258
29908,0.039542332
30008,0.021927148
30108,0.011150985
30308,0.017180808
30408,0.015477174
30708,0.0685449
30808,0.03173495
31108,0.020868449
31208,0.017172318
31608,0.02421654
31708,0.114302315
31808,0.06396424
31908,0.018461164
32008,0.034516398
32108,0.046480875
32808,0.014716898
33008,0.04149505
33108,0.018589096
33508,0.013992727
33708,0.04194953
33808,0.035845835
33908,0.045123275
34008,0.007453493
34208,0.0011862705
34308,0.03203632
34408,0.005588922
34508,0.025821162
34608,0.035760812
34808,0.0005190653
35008,0.011125768
35208,0.015210685
35308,0.0052025816
35508,0.037199352
35608,0.024305727
35708,0.038467433
35908,0.02463899
36008,0.06336287
36108,0.02385506
36608,0.0150228925
37208,0.021576207
37408,0.007869098
37508,0.021169264
37608,0.09500141
37708,0.10541259
38108,0.02365899
38208,0.046703517
38308,0.013219428
38408,0.012563491
38608,0.045280878
38808,0.035946853
39108,0.016075877
39208,0.0017097461
39308,0.017556874
39408,0.10004639
39608,0.015973791
39708,0.007284304
39908,0.044751234
40008,0.20203412
40208,0.051362477
40508,0.018089162
40608,0.032167595
41808,0.02854726
42008,0.06310352
42708,0.027151575
42908,0.080100484
43608,0.08375115
44208,0.015944125
44508,0.0042417175
44708,0.02245749
44908,0.031395618
45208,0.005862626
45308,0.021951517
45508,0.025210563
45608,0.022862678
46108,0.03359831
46308,0.025225354
46508,0.042099476
46908,0.04002469
47008,0.14082249
47108,0.2943633
47208,0.052005276
47308,0.01577577
47608,0.03435078
47708,0.021218896
47808,0.009286204
47908,0.013906468
48208,0.011763593
48608,0.033073127
48708,0.0047306307
49108,0.024707971
49208,0.05021744
49608,0.020729657
49708,0.0060434984
49908,0.033342782
50108,0.031309895
50308,0.06488362
50408,0.03702405
50608,0.010440622
50808,0.020125087
50908,0.011313713
51008,0.033087566
51208,0.0055413623
51608,0.009000083
51808,0.018480983
52008,0.013210852
52108,0.016832368
52508,0.027575174
52608,0.014084674
52708,5.1337807e-05
53208,0.03594543
53308,0.0068860147
53408,0.006156942
53608,0.015525293
53908,0.0034018687
54108,0.09959057
54208,0.018442744
54308,0.008689286
54408,0.024893498
54608,0.042166874
55008,0.03530487
55208,0.010173485
55408,0.002997378
55508,0.05659431
55608,0.025126263
56208,0.024697311
56508,0.028159004
56708,0.026392385
56808,0.026512066
57008,0.0886043
57108,0.06776034
57208,0.013213391
57308,0.012594055
57508,0.050936267
57908,0.021220976
58008,0.02788698
58208,0.29114035
58308,0.0247567
58508,0.017883362
58908,0.015750632
59108,0.24426071
59208,0.6605916
59508,0.7509878
59608,0.034940712
59808,0.059584964
59908,0.010464527
60408,0.23817778
60508,0.006031714
60808,0.017882919
61108,0.23782319
61308,0.21761374
61408,0.2836857
61708,0.037802808
62108,0.0242535
62408,0.04227503
62708,0.019615676
62808,0.028350648
63508,0.14155565
63608,0.029686294
63708,0.01649794
63808,0.023508444
63908,0.031095
64308,0.015767237
64408,0.017044572
9,0.010947307
109,0.008617846
409,0.00054321496
609,0.061271556
709,0.039919198
1009,0.028689677
1209,0.0030577292
1709,0.033402324
2209,0.071238354
2709,0.1500075
2809,0.005168016
2909,0.042351432
3009,0.017738901
3109,0.009487093
3209,0.0071125543
3309,0.04602112
3409,0.041086994
3709,0.017596826
4009,0.0035139818
4109,0.004322702
4209,0.0539097
4409,0.26741248
4709,0.00077404326
4809,0.02705177
4909,0.027858786
5109,0.006335644
5209,0.15867205
5709,0.03439681
5909,0.055013396
6209,0.024992036
6309,0.027008744
6509,0.064995036
6609,0.027724415
6809,0.02687307
6909,0.005569775
7009,0.048076615
7209,0.0006593381
7409,0.041469738
7509,0.1506266
7709,0.029657798
7909,0.065620154
8109,0.17430153
8209,0.08731711
8309,0.028128067
8409,0.019794486
8509,0.06353542
8609,0.046753712
8709,0.04178031
8909,0.04772729
9009,0.06655795
9209,0.07113044
9509,0.005857586
9809,0.054537658
9909,0.14987032
10109,0.017245818
10409,0.018526627
10509,0.058757678
10609,0.006280218
10709,0.028681334
10909,0.090162
11209,0.04578818
11309,0.006780617
11709,0.001228462
11909,0.025269821
12109,0.008130799
12409,0.023227403
12709,0.0494245
12909,0.50527143
13009,0.011081724
13409,0.01880493
13509,0.049373973
13609,0.018547775
13709,0.022579448
13909,0.016041344
14309,0.035201844
14409,0.0012318365
15409,0.004977475
15609,0.03941807
15709,0.035743456
15809,0.04283334
15909,0.05813749
16109,0.004605093
16209,0.051122732
16309,0.003636058
16409,0.008783789
16509,0.00046703673
16609,0.0020028686
17009,0.04481741
17109,0.017056696
17209,0.042236403
17309,0.012403678
17409,0.011205993
17609,0.0015014923
17709,0.046037678
17909,0.016473694
18009,0.018890694
18109,0.0015562938
18209,0.024550194
18409,0.005246019
18509,0.05076447
18709,0.0021247556
18809,0.026229002
19109,0.011646855
19509,0.034913324
19609,0.016426776
19709,0.039570753
19809,0.0073159263
20709,0.027089138
20809,0.00524909
20909,0.036884215
21109,0.055165455
21209,0.007006018
21409,0.28272006
21809,0.030962616
22009,0.022056473
22309,0.016842995
22409,0.026398392
22509,0.03622191
22609,0.033693798
22909,0.0005386191
23009,0.00032301198
23209,0.010746328
23309,0.02082235
23609,0.057004414
23709,0.03840986
23809,0.056444395
23909,0.017509894
24109,0.040887713
24209,0.07406491
24409,0.0086356355
24509,0.02240151
24609,0.0021200061
24709,0.11852788
25309,0.0018240445
25409,0.013311193
25809,0.014135962
26009,0.0056813145
26109,0.490036
26209,0.013322868
26309,0.051361363
26409,0.007181593
26609,0.10407328
26709,0.021225663
26809,0.006827232
26909,0.03676227
27009,0.030279428
27309,0.009777304
27409,0.008154078
27509,0.003697
27909,0.007922482
28009,0.13352415
28109,0.009423738
28309,0.074306786
28409,0.086591214
29009,0.010276241
29109,0.019791644
29309,0.0485076
29609,0.008777616
29709,0.020247832
29809,0.0385329
29909,0.0112938685
30009,0.050949264
30109,0.0030886098
30309,0.011479428
30409,0.026297098
30709,0.0024973599
30809,0.019617638
31109,0.0012428352
31209,0.028552702
31609,0.05195078
31709,0.0051710573
31809,0.12659122
31909,0.022942098
32009,0.018247955
32109,0.008955903
32809,0.048952766
33009,0.017213725
33109,0.014650558
33509,0.041191228
33709,0.01964866
33809,0.023418788
33909,0.00028682317
34009,0.10450768
34209,0.0021864432
34309,0.19713424
34409,0.027357986
34509,0.014029802
34609,0.13787824
34809,0.00026262738
35009,0.046342734
35209,0.014862398
35309,0.010543957
35509,0.042571694
35609,0.038293965
35709,0.02806185
35909,0.0071873735
36009,0.145315
36109,0.013681001
36609,0.007821768
37209,0.028664688
37409,0.09212991
37509,0.024809603
37609,0.6679868
37709,0.32311562
38109,0.049589526
38209,0.030248368
38309,0.06263508
38409,0.229248
38609,0.04026973
38809,0.03712599
39109,0.1696924
39209,0.0005280017
39309,0.03020174
39409,0.07267659
39609,0.011977694
39709,0.05973922
39909,0.034391243
40009,0.016484385
40209,0.040163253
40509,0.015833154
40609,0.08579023
41809,0.002075001
42009,0.017556125
42709,0.02740126
42909,0.008428053
43609,0.005877217
44209,0.024131445
44509,0.007740231
44709,0.030817753
44909,0.041589458
45209,0.011370888
45309,0.04036179
45509,0.024871755
45609,0.020668264
46109,0.0051538916
46309,0.030341132
46509,0.0015711206
46909,0.014521691
47009,0.021324854
47109,0.0007005103
47209,0.0052899267
47309,0.061455347
47609,0.01997474
47709,0.075410396
47809,0.07438949
47909,0.08448457
48209,0.0051452434
48609,0.008319007
48709,0.0015296031
49109,0.016154371
49209,0.039022204
49609,0.010689545
49709,0.00063466467
49909,0.008575532
50109,0.026524106
50309,0.096327655
50409,0.060831886
50609,0.021005277
50809,0.0036486858
50909,0.011995047
51009,0.089850724
51209,0.0029111505
51609,0.0077294144
51809,0.055149276
52009,0.011683563
52109,0.18310884
52509,0.0053761676
52609,0.07792032
52709,0.9966674
53209,0.012844667
53309,0.0505124
53409,0.050127983
53609,0.011895109
53909,0.950947
54109,0.011348923
54209,0.057105992
54309,0.07695257
54409,0.02837351
54609,0.010212566
55009,0.022401946
55209,0.9662635
55409,0.001875917
55509,0.007760829
55609,0.010433837
56209,0.54792416
56509,0.09538026
56709,0.020605626
56809,0.018156782
57009,0.1557534
57109,0.09894856
57209,0.027987225
57309,0.008761549
57509,0.03244885
57909,0.006237376
58009,0.036840666
58209,0.124292046
58309,0.07322329
58509,0.16744003
58909,0.020697184
59109,0.05746067
59209,0.033049
59509,0.045495402
59609,0.13190919
59809,0.017210053
59909,0.0148766795
60409,0.010300138
60509,0.053835195
60809,0.038350128
61109,0.011819919
61309,0.0024305673
61409,0.014757826
61709,0.03429923
62109,0.010431609
62409,0.039143752
62709,0.06074692
62809,0.016319105
63509,0.0016732694
63609,0.025234517
63709,0.029381193
63809,0.02827952
63909,0.05679091
64309,0.033676766
64409,0.011178098
10,0.5610509
110,0.26717284
410,0.015376221
610,0.26940942
710,0.13092384
1010,0.41297045
1210,0.55953425
1710,0.026202913
2210,0.10688633
2710,0.020827625
2810,0.5798022
2910,0.10027046
3010,0.63259095
3110,0.079260156
3210,0.108523384
3310,0.022834113
3410,0.29978526
3710,0.029783513
4010,0.049904726
4110,0.0010775526
4210,0.119121134
4410,0.045069
4710,0.011105993
4810,0.03683792
4910,0.91979015
5110,0.011475718
5210,0.07847057
5710,0.046159495
5910,0.09776965
6210,0.06846789
6310,0.10107553
6510,0.04131925
6610,0.05874153
6810,0.03138461
6910,0.007605654
7010,0.027690934
7210,0.0029807782
7410,0.08308027
7510,0.2634456
7710,0.09338032
7910,0.25466442
8110,0.21305229
8210,0.069637775
8310,0.17412443
8410,0.059519246
8510,0.10250083
8610,0.07283536
8710,0.0695385
8910,0.12894686
9010,0.24978504
9210,0.15054947
9510,0.39119384
9810,0.03806554
9910,0.030887682
10110,0.26242992
10410,0.07238373
10510,0.13196915
10610,0.01228405
10710,0.10002476
10910,0.06432919
11210,0.25600913
11310,0.012425828
11710,0.0027614126
11910,0.10230164
12110,0.40046778
12410,0.119971104
12710,0.26277807
12910,0.044824105
13010,0.56197137
13410,0.081461385
13510,0.045225907
13610,0.06798459
13710,0.020575836
13910,0.1338863
14310,0.04322281
14410,0.9052282
15410,0.8709754
15610,0.058759928
15710,0.23580235
15810,0.08540047
15910,0.11361003
16110,0.40858594
16210,0.13595039
16310,0.4887157
16410,0.25199336
16510,0.044411056
16610,0.85630137
17010,0.046394713
17110,0.12666464
17210,0.10029064
17310,0.42056492
17410,0.11840386
17610,0.940772
17710,0.1129881
17910,0.019975912
18010,0.049767856
18110,0.032811627
18210,0.029955791
18410,0.23039182
18510,0.16312301
18710,0.0039988174
18810,0.12076213
19110,0.6521336
19510,0.1895097
19610,0.013479059
19710,0.04432293
19810,0.028941672
20710,0.058862142
20810,0.8996099
20910,0.40398505
21110,0.092831776
21210,0.047763087
21410,0.02990999
21810,0.061042488
22010,0.05365418
22310,0.042660456
22410,0.120008714
22510,0.060064714
22610,0.10333636
22910,0.0023177755
23010,0.0009243344
23210,0.02311466
23310,0.124710135
23610,0.08927499
23710,0.54647464
23810,0.12093702
23910,0.37286034
24110,0.16140257
24210,0.2280056
24410,0.05776175
24510,0.059641216
24610,0.0014434352
24710,0.5135086
25310,0.051003657
25410,0.09230331
25810,0.66767955
26010,0.70211905
26110,0.030160695
26210,0.07313584
26310,0.09122587
26410,0.15596147
26610,0.09086258
26710,0.09779853
26810,0.013440409
26910,0.07646615
27010,0.15222171
27310,0.41303527
27410,0.03617255
27510,0.0029509536
27910,0.08659432
28010,0.2749995
28110,0.6766191
28310,0.1519968
28410,0.025457809
29010,0.57365245
29110,0.05030272
29310,0.09469869
29610,0.04062822
29710,0.14774148
29810,0.21608126
29910,0.054145183
30010,0.03674618
30110,0.90103596
30310,0.037606906
30410,0.04980701
30710,0.848206
30810,0.16544312
31110,0.9176174
31210,0.115474634
31610,0.17055152
31710,0.62509054
31810,0.3533195
31910,0.048065845
32010,0.047576036
32110,0.07009306
32810,0.2846841
33010,0.11207532
33110,0.09774606
33510,0.37615132
33710,0.043353137
33810,0.04143191
33910,0.0023024965
34010,0.015956458
34210,0.024786979
34310,0.10490219
34410,0.03257075
34510,0.004940808
34610,0.17420867
34810,0.011980886
35010,0.1890999
35210,0.018373977
35310,0.14149484
35510,0.15256542
35610,0.52917033
35710,0.07073443
35910,0.5503891
36010,0.14421041
36110,0.09175608
36610,0.70330083
37210,0.016202131
37410,0.19334865
37510,0.1495602
37610,0.031130442
37710,0.022119313
38110,0.0321473
38210,0.06395557
38310,0.04933012
38410,0.065176666
38610,0.04892775
38810,0.050602913
39110,0.031113597
39210,0.0036110594
39310,0.015955867
39410,0.031141635
39610,0.24939007
39710,0.014381516
39910,0.058899973
40010,0.18776453
40210,0.18339889
40510,0.18637423
40610,0.091718875
41810,0.70965505
42010,0.051221155
42710,0.13185288
42910,0.031905055
43610,0.274742
44210,0.2654315
44510,0.67130655
44710,0.10646762
44910,0.034105357
45210,0.16945614
45310,0.074071005
45510,0.15308234
45610,0.07927067
46110,0.011665663
46310,0.077626675
46510,0.8883802
46910,0.09693424
47010,0.102381006
47110,0.52337044
47210,0.5728389
47310,0.12044795
47610,0.041704014
47710,0.056322526
47810,0.053681932
47910,0.21227989
48210,0.75049216
48610,0.47643602
48710,0.07466546
49110,0.27048036
49210,0.081124745
49610,0.1831065
49710,0.025635643
49910,0.28236297
50110,0.025745388
50310,0.10048854
50410,0.021070113
50610,0.044010986
50810,0.013840934
50910,0.09460027
51010,0.083867215
51210,0.0014572177
51610,0.015423528
51810,0.16680342
52010,0.027652036
52110,0.047446422
52510,0.17409998
52610,0.49128792
52710,0.0015958833
53210,0.10658245
53310,0.2670065
53410,0.009901105
53610,0.038274437
53910,0.0034414832
54110,0.29067653
54210,0.0930149
54310,0.035280712
54410,0.106770515
54610,0.014522966
55010,0.06018989
55210,0.0037589807
55410,0.0030892943
55510,0.18799837
55610,0.33357263
56210,0.054599233
56510,0.17369498
56710,0.10661418
56810,0.04128004
57010,0.09185929
57110,0.058064908
57210,0.21319212
57310,0.044517446
57510,0.04382475
57910,0.14524591
58010,0.13585308
58210,0.37656686
58310,0.085098244
58510,0.14834301
58910,0.050067894
59110,0.17764808
59210,0.03048508
59510,0.06443649
59610,0.49035704
59810,0.11085366
59910,0.057609566
60410,0.027190542
60510,0.68053216
60810,0.060637496
61110,0.11758214
61310,0.6153193
61410,0.29289305
61710,0.040238786
62110,0.2886552
62410,0.07207057
62710,0.06095679
62810,0.18854317
63510,0.62259305
63610,0.1153197
63710,0.0675235
63810,0.059180737
63910,0.09851276
64310,0.12329215
64410,0.15504918
11,0.07964293
111,0.19557859
411,0.2380703
611,0.0610378
711,0.12429665
1011,0.1306026
1211,0.023981782
1711,0.13132349
2211,0.08538902
2711,0.0031015577
2811,0.06278427
2911,0.124252856
3011,0.051811777
3111,0.20783159
3211,0.02851054
3311,0.029697279
3411,0.11491658
3711,0.08181364
4011,0.004839159
4111,0.0010020364
4211,0.06702172
4411,0.0130403945
4711,0.0011641228
4811,0.12358573
4911,0.0034888096
5111,0.0028091376
5211,0.034545578
5711,0.044488546
5911,0.04577907
6211,0.053371385
6311,0.06469552
6511,0.024693873
6611,0.050659686
6811,0.04861504
6911,0.015737768
7011,0.0062776245
7211,0.004212952
7411,0.042859927
7511,0.080572836
7711,0.08399052
7911,0.038135126
8111,0.05111926
8211,0.17071982
8311,0.105698965
8411,0.15466936
8511,0.09377152
8611,0.07461126
8711,0.076718636
8911,0.063648134
9011,0.017417109
9211,0.077837534
9511,0.06394116
9811,0.07573859
9911,0.04179067
10111,0.057414368
10411,0.06996472
10511,0.097687826
10611,0.0054460466
10711,0.051148783
10911,0.046119753
11211,0.053613015
11311,0.0057229493
11711,0.011234354
11911,0.09078064
12111,0.05396803
12411,0.061323095
12711,0.06816624
12911,0.019342715
13011,0.021775838
13411,0.056059424
13511,0.11686501
13611,0.07996563
13711,0.058513034
13911,0.12924448
14311,0.08241936
14411,0.0010233957
15411,0.0043967385
15611,0.06832913
15711,0.03440463
15811,0.04877962
15911,0.07305343
16111,0.11487937
16211,0.05281682
16311,0.1820198
16411,0.18723547
16511,0.5297542
16611,0.020391276
17011,0.06974575
17111,0.26457563
17211,0.27385023
17311,0.09810681
17411,0.26543373
17611,0.0073964954
17711,0.1423795
17911,0.18369296
18011,0.17076829
18111,0.028322777
18211,0.0075073577
18411,0.0063164514
18511,0.11304946
18711,0.0076907366
18811,0.11597134
19111,0.13543698
19511,0.13698566
19611,0.022437371
19711,0.07016539
19811,0.036379524
20711,0.09224832
20811,0.005043756
20911,0.09108837
21111,0.07818077
21211,0.19998823
21411,0.015742147
21811,0.104091674
22011,0.13798812
22311,0.16396986
22411,0.06674616
22511,0.10916047
22611,0.105598025
22911,0.012434409
23011,0.0025062128
23211,0.13079153
23311,0.18066014
23611,0.05186939
23711,0.084623985
23811,0.033450983
23911,0.11610158
24111,0.11413879
24211,0.0545706
24411,0.00629157
24511,0.02061679
24611,0.003936671
24711,0.030325692
25311,0.35851774
25411,0.023091612
25811,0.00065777556
26011,0.008689403
26111,0.007114434
26211,0.14508377
26311,0.0752156
26411,0.005035134
26611,0.10365083
26711,0.06432636
26811,0.02922577
26911,0.05053376
27011,0.07290348
27311,0.03566716
27411,0.3025727
27511,0.010922721
27911,0.003227644
28011,0.04164281
28111,0.007011324
28311,0.09297237
28411,0.04260515
29011,0.012129345
29111,0.044711526
29311,0.08280845
29611,0.06922459
29711,0.033066984
29811,0.087437995
29911,0.11817574
30011,0.033064637
30111,0.0021987974
30311,0.06248967
30411,0.056636207
30711,0.0019868768
30811,0.040801656
31111,0.008151034
31211,0.08625702
31611,0.058919925
31711,0.0019302146
31811,0.013369445
31911,0.118328996
32011,0.08873929
32111,0.15821058
32811,0.08925859
33011,0.26626062
33111,0.542716
33511,0.08126438
33711,0.11883779
33811,0.17282116
33911,0.0044695777
34011,0.02720061
34211,0.0019950632
34311,0.070779204
34411,0.028365895
34511,0.0035489963
34611,0.031880956
34811,0.002518727
35011,0.119331494
35211,0.05531084
35311,0.01471187
35511,0.15678893
35611,0.049518116
35711,0.07678768
35911,0.033690583
36011,0.014006419
36111,0.064258315
36611,0.040117256
37211,0.02998558
37411,0.06661247
37511,0.22838637
37611,0.0014539543
37711,0.01751366
38111,0.038776305
38211,0.07681753
38311,0.05095484
38411,0.028592313
38611,0.18790574
38811,0.08690458
39111,0.039161533
39211,0.008321828
39311,0.02227411
39411,0.01141918
39611,0.1574388
39711,0.1949405
39911,0.063549854
40011,0.16399072
40211,0.13165224
40511,0.14287484
40611,0.109476514
41811,0.052204065
42011,0.059237402
42711,0.129349
42911,0.03769564
43611,0.10846314
44211,0.07014472
44511,0.038391452
44711,0.12115606
44911,0.043685798
45211,0.0109439045
45311,0.055616256
45511,0.110328235
45611,0.05062202
46111,0.022536496
46311,0.087651834
46511,0.0031888476
46911,0.13783336
47011,0.024024874
47111,0.0004444785
47211,0.0567805
47311,0.0594268
47611,0.057236534
47711,0.118148476
47811,0.07643119
47911,0.07362943
48211,0.022059811
48611,0.072364986
48711,0.418503
49111,0.07509364
49211,0.05835589
49611,0.16481094
49711,0.04334861
49911,0.05682792
50111,0.20853378
50311,0.01635159
50411,0.01961986
50611,0.004539791
50811,0.006497585
50911,0.0057961848
51011,0.04316332
51211,0.0011731618
51611,0.055119038
51811,0.052596133
52011,0.078480884
52111,0.043147366
52511,0.19694877
52611,0.0022046287
52711,1.8536808e-05
53211,0.2825755
53311,0.035247438
53411,0.014015995
53611,0.32915476
53911,0.00057996326
54111,0.094192445
54211,0.052245297
54311,0.015948014
54411,0.06965174
54611,0.22188702
55011,0.08527604
55211,0.00021752706
55411,0.0031216792
55511,0.051286314
55611,0.062322363
56211,0.017370043
56511,0.07618118
56711,0.16071355
56811,0.027299143
57011,0.011327293
57111,0.029375296
57211,0.14296596
57311,0.061527207
57511,0.12361481
57911,0.07352815
58011,0.06984326
58211,0.00384655
58311,0.04705639
58511,0.045774993
58911,0.010082875
59111,0.018598942
59211,0.0054977685
59511,0.002107217
59611,0.016878339
59811,0.057549976
59911,0.10546848
60411,0.0010594662
60511,0.013758656
60811,0.10862694
61111,0.04836966
61311,0.006404871
61411,0.012357767
61711,0.17095646
62111,0.05616654
62411,0.100842126
62711,0.06424627
62811,0.08585224
63511,0.0050858804
63611,0.1063779
63711,0.18742046
63811,0.06929752
63911,0.06866103
64311,0.07654292
64411,0.120981045
12,0.005892399
112,0.01238415
412,0.016818693
612,0.0095804855
712,0.012918374
1012,0.007927557
1212,0.0032834979
1712,0.020464566
2212,0.010623086
2712,0.004547687
2812,0.004140766
2912,0.010404219
3012,0.0050731604
3112,0.021183018
3212,0.009468517
3312,0.03676374
3412,0.007868157
3712,0.012209586
4012,0.0024013524
4112,0.91168743
4212,0.008428521
4412,0.009368195
4712,0.00062563503
4812,0.023208063
4912,0.0006452846
5112,0.009025081
5212,0.010573426
5712,0.020600135
5912,0.008763943
6212,0.012336061
6312,0.010911447
6512,0.014409715
6612,0.013346566
6812,0.011792997
6912,0.27454334
7012,0.004647312
7212,0.002563795
7412,0.021583987
7512,0.015710544
7712,0.009153458
7912,0.0054759
8112,0.0101554645
8212,0.022629311
8312,0.010407211
8412,0.013220332
8512,0.0094078
8612,0.018193027
8712,0.010414467
8912,0.012511755
9012,0.004433518
9212,0.010992377
9512,0.009591791
9812,0.014503817
9912,0.009713051
10112,0.009741754
10412,0.0150379725
10512,0.011021446
10612,0.0026991218
10712,0.0051912433
10912,0.012973691
11212,0.008334323
11312,0.011681432
11712,0.03559628
11912,0.009926049
12112,0.0056328727
12412,0.008761768
12712,0.009107031
12912,0.007958297
13012,0.0034097491
13412,0.01072092
13512,0.016486542
13612,0.013110415
13712,0.024314629
13912,0.010765049
14312,0.013818786
14412,0.0006030973
15412,0.00070184446
15612,0.015776094
15712,0.005578283
15812,0.0137525685
15912,0.012962767
16112,0.006952359
16212,0.013106473
16312,0.00410332
16412,0.012410481
16512,0.0063755102
16612,0.0015210734
17012,0.019769276
17112,0.010242947
17212,0.016801536
17312,0.0116833225
17412,0.023180515
17612,0.00051775924
17712,0.009582091
17912,0.016685214
18012,0.015282794
18112,0.0030797257
18212,0.0036664454
18412,0.0018338813
18512,0.011525987
18712,0.0057780035
18812,0.010392288
19112,0.003460883
19512,0.011915182
19612,0.0053139348
19712,0.0110965585
19812,0.007203928
20712,0.015923295
20812,0.00088614767
20912,0.014310683
21112,0.016911406
21212,0.015195082
21412,0.009832749
21812,0.01527412
22012,0.01645248
22312,0.007502771
22412,0.011236963
22512,0.013322692
22612,0.010032744
22912,0.1354545
23012,0.0010201011
23212,0.017399905
23312,0.016740246
23612,0.01383974
23712,0.008591798
23812,0.0061917542
23912,0.0067164064
24112,0.014341525
24212,0.018559923
24412,0.00285614
24512,0.0057240166
24612,0.0023244587
24712,0.0047828485
25312,0.01729424
25412,0.007407512
25812,0.0004329417
26012,0.0016202736
26112,0.0062451498
26212,0.014286021
26312,0.010863623
26412,0.00229691
26612,0.010282068
26712,0.012448726
26812,0.023810083
26912,0.013663009
27012,0.01188943
27312,0.0050549265
27412,0.034752846
27512,0.0116705345
27912,0.0067781513
28012,0.010274598
28112,0.0026390261
28312,0.0116224885
28412,0.01974935
29012,0.0035431061
29112,0.012014146
29312,0.012282299
29612,0.013362738
29712,0.017435938
29812,0.006932239
29912,0.0094476715
30012,0.020399336
30112,0.00072188774
30312,0.017287666
30412,0.018583594
30712,0.0011727897
30812,0.008395194
31112,0.0011556393
31212,0.010700832
31612,0.015598237
31712,0.0016509173
31812,0.0068964674
31912,0.022839878
32012,0.015523687
32112,0.011223539
32812,0.010300431
33012,0.015752606
33112,0.01912637
33512,0.007918378
33712,0.013763402
33812,0.02245975
33912,0.0014290309
34012,0.008328122
34212,0.001186713
34312,0.009914673
34412,0.0035515546
34512,0.0032492317
34612,0.009634728
34812,0.0008317723
35012,0.012234377
35212,0.056857344
35312,0.003785722
35512,0.010797497
35612,0.0043687164
35712,0.009290246
35912,0.010557001
36012,0.013660591
36112,0.010112729
36612,0.004622148
37212,0.0094449315
37412,0.013730425
37512,0.010490505
37612,0.0018487661
37712,0.016272107
38112,0.020523153
38212,0.0104378555
38312,0.011506299
38412,0.01189349
38612,0.019507324
38812,0.010969106
39112,0.015461908
39212,0.15204798
39312,0.04153594
39412,0.010759685
39612,0.0064784405
39712,0.011745325
39912,0.014618543
40012,0.005280847
40212,0.009542325
40512,0.014322798
40612,0.010735725
41812,0.00353473
42012,0.010733686
42712,0.018692762
42912,0.0026512335
43612,0.014838916
44212,0.008614049
44512,0.0039082477
44712,0.017685514
44912,0.018808784
45212,0.0013838615
45312,0.009053386
45512,0.0074671186
45612,0.010966469
46112,0.0071283346
46312,0.013644372
46512,0.0008198676
46912,0.0087508755
47012,0.0056862417
47112,0.00044118697
47212,0.0055211345
47312,0.01692001
47612,0.025377857
47712,0.015793905
47812,0.019973513
47912,0.011319828
48212,0.005112163
48612,0.0079772035
48712,0.011499358
49112,0.0069055287
49212,0.018311799
49612,0.022153955
49712,0.0041198754
49912,0.010490461
50112,0.020286918
50312,0.011755872
50412,0.012207396
50612,0.009274974
50812,0.0028339298
50912,0.0026188837
51012,0.009036137
51212,0.00217113
51612,0.036289427
51812,0.011242519
52012,0.014988562
52112,0.014360211
52512,0.0068071783
52612,0.0022108199
52712,8.8740155e-05
53212,0.008582766
53312,0.011177382
53412,0.056642354
53612,0.016244838
53912,0.00096021214
54112,0.0059989328
54212,0.017272323
54312,0.012410167
54412,0.012922252
54612,0.010128985
55012,0.013843872
55212,0.00044187385
55412,0.0047109975
55512,0.006854851
55612,0.0069083846
56212,0.010474937
56512,0.013503204
56712,0.011601956
56812,0.014249763
57012,0.0062508406
57112,0.008109437
57212,0.010409947
57312,0.022563988
57512,0.014382683
57912,0.008853338
58012,0.010524757
58212,0.002359548
58312,0.0076052905
58512,0.007246265
58912,0.0030375116
59112,0.008125951
59212,0.004266235
59512,0.0017595714
59612,0.004322251
59812,0.01799394
59912,0.013401972
60412,0.0016213828
60512,0.0037209585
60812,0.010952051
61112,0.019956283
61312,0.003484806
61412,0.0095329955
61712,0.010510443
62112,0.006358124
62412,0.010698572
62712,0.014443334
62812,0.012304323
63512,0.0024504964
63612,0.017333072
63712,0.025140561
63812,0.017689954
63912,0.010522092
64312,0.008372192
64412,0.012419073
13,0.011589161
113,0.015249051
413,0.0003815814
613,0.026077166
713,0.018847082
1013,0.011118151
1213,0.0049025537
1713,0.04287326
2213,0.016338384
2713,0.0014007835
2813,0.013711764
2913,0.027607465
3013,0.007777833
3113,0.009841008
3213,0.01372226
3313,0.03402197
3413,0.010294579
3713,0.019308094
4013,0.0029794606
4113,9.006441e-05
4213,0.013380574
4413,0.0027388833
4713,0.00067173544
4813,0.020422628
4913,0.0019910417
5113,0.0022374208
5213,0.023223545
5713,0.024506135
5913,0.013185214
6213,0.024017777
6313,0.008218041
6513,0.022098217
6613,0.029511431
6813,0.048785795
6913,0.0006261581
7013,0.002007256
7213,0.00013102785
7413,0.010677469
7513,0.014296076
7713,0.012164284
7913,0.0046899985
8113,0.022234563
8213,0.010994123
8313,0.012432624
8413,0.032133408
8513,0.012686929
8613,0.010485271
8713,0.051674746
8913,0.013348717
9013,0.009166376
9213,0.00878128
9513,0.006383357
9813,0.043547027
9913,0.03191293
10113,0.012111029
10413,0.011183503
10513,0.012459136
10613,0.0028463653
10713,0.0129628135
10913,0.026350604
11213,0.020194631
11313,0.00068896066
11713,0.00014271488
11913,0.016164728
12113,0.010544311
12413,0.041338608
12713,0.018482823
12913,0.0074681537
13013,0.0064829946
13413,0.015649462
13513,0.015707957
13613,0.024449045
13713,0.021124482
13913,0.008552818
14313,0.037889645
14413,0.0010441936
15413,0.001616681
15613,0.022632679
15713,0.017770553
15813,0.009033005
15913,0.008856218
16113,0.004845345
16213,0.012943306
16313,0.005348657
16413,0.015330321
16513,0.00047614626
16613,0.002553147
17013,0.010024808
17113,0.015152956
17213,0.020190746
17313,0.0081617
17413,0.015614664
17613,0.0009154582
17713,0.03735972
17913,0.03136523
18013,0.029454889
18113,0.0016030015
18213,0.0009453393
18413,0.0009782636
18513,0.013817815
18713,0.000697311
18813,0.018863156
19113,0.009591138
19513,0.029410187
19613,0.0016490282
19713,0.043237723
19813,0.0019879534
20713,0.025654083
20813,0.0019441841
20913,0.016953837
21113,0.029121986
21213,0.007402272
21413,0.011939
21813,0.03967486
22013,0.038644645
22313,0.011639991
22413,0.039851885
22513,0.026354251
22613,0.03903976
22913,2.3624863e-05
23013,7.634224e-05
23213,0.016630815
23313,0.018126875
23613,0.011772224
23713,0.0062264036
23813,0.003879789
23913,0.011940198
24113,0.025120018
24213,0.013991773
24413,0.0009001147
24513,0.004114539
24613,0.00044403112
24713,0.0070476853
25313,0.0031408123
25413,0.0036238634
25813,0.00050329184
26013,0.02956637
26113,0.0024605826
26213,0.021552822
26313,0.01166997
26413,0.0016160725
26613,0.025876679
26713,0.021408467
26813,0.0018158265
26913,0.010369823
27013,0.015030579
27313,0.003998357
27413,0.014438576
27513,0.0006127714
27913,0.002458009
28013,0.013455111
28113,0.004647154
28313,0.023205064
28413,0.028416859
29013,0.00814131
29113,0.019290932
29313,0.025815414
29613,0.008472095
29713,0.10321904
29813,0.017729413
29913,0.02612998
30013,0.018407492
30113,0.0017506402
30313,0.01171959
30413,0.02023938
30713,0.0012771101
30813,0.010364387
31113,0.001405081
31213,0.020478353
31613,0.011947937
31713,0.004794436
31813,0.007876381
31913,0.034231126
32013,0.04183191
32113,0.02634789
32813,0.015410606
33013,0.020768568
33113,0.01757576
33513,0.014668924
33713,0.026234753
33813,0.028769074
33913,0.00034972015
34013,0.0057901014
34213,0.00024027203
34313,0.012711669
34413,0.002999937
34513,0.0015764482
34613,0.011881143
34813,0.00016613724
35013,0.0148265
35213,0.005490639
35313,0.009720986
35513,0.028130954
35613,0.0126669565
35713,0.14710665
35913,0.008414374
36013,0.039046574
36113,0.007685277
36613,0.021922363
37213,0.0068627875
37413,0.020889768
37513,0.013342448
37613,0.0013306185
37713,0.0047394787
38113,0.025743531
38213,0.04047586
38313,0.026572917
38413,0.016566247
38613,0.021585103
38813,0.055420134
39113,0.0065135597
39213,4.4427292e-05
39313,0.001161741
39413,0.0015629032
39613,0.0075114174
39713,0.005074702
39913,0.012189725
40013,0.006959021
40213,0.027262673
40513,0.014334508
40613,0.016101977
41813,0.009736442
42013,0.03406479
42713,0.038536713
42913,0.005371062
43613,0.015194005
44213,0.03981854
44513,0.0030202745
44713,0.032242227
44913,0.018081505
45213,0.0023090448
45313,0.008584901
45513,0.018126668
45613,0.01633251
46113,0.15459044
46313,0.024354722
46513,0.00096167426
46913,0.01509297
47013,0.0035085646
47113,0.0009830369
47213,0.009327578
47313,0.025663566
47613,0.029266741
47713,0.01900464
47813,0.019786032
47913,0.009062791
48213,0.0042693964
48613,0.014971519
48713,0.002505056
49113,0.019037886
49213,0.029039769
49613,0.009089532
49713,0.0006690787
49913,0.010434496
50113,0.03223137
50313,0.0029677986
50413,0.00477698
50613,0.00085368624
50813,0.00072499143
50913,0.009627855
51013,0.052667927
51213,0.00019323213
51613,0.0025502716
51813,0.021958938
52013,0.016523765
52113,0.02003255
52513,0.0069607547
52613,0.0017913961
52713,8.782746e-06
53213,0.0073552374
53313,0.008358385
53413,0.007019513
53613,0.015575886
53913,0.000691697
54113,0.022159494
54213,0.026246395
54313,0.023442777
54413,0.01764641
54613,0.04135275
55013,0.018665556
55213,8.2886785e-05
55413,0.00018118837
55513,0.0121295815
55613,0.0067995805
56213,0.004809101
56513,0.016977292
56713,0.016971497
56813,0.0053751897
57013,0.011641635
57113,0.015813835
57213,0.011550981
57313,0.004556866
57513,0.038055167
57913,0.008825856
58013,0.023923121
58213,0.001979765
58313,0.0045034424
58513,0.006313359
58913,0.0024626898
59113,0.023922728
59213,0.0014959819
59513,0.0005957707
59613,0.011626783
59813,0.03085984
59913,0.03085786
60413,0.0010218091
60513,0.0052660466
60813,0.034671657
61113,0.006421566
61313,0.0040954244
61413,0.007509506
61713,0.044036273
62113,0.044202976
62413,0.038468625
62713,0.023666946
62813,0.01522308
63513,0.0017732439
63613,0.02812075
63713,0.020217862
63813,0.032591775
63913,0.010969443
64313,0.014757299
64413,0.02978537
14,0.032815684
114,0.050831698
414,0.00024895335
614,0.015290771
714,0.013884884
1014,0.010228689
1214,0.00729206
1714,0.12711556
2214,0.02405228
2714,0.0018753085
2814,0.02225413
2914,0.041894387
3014,0.0034189308
3114,0.008261007
3214,0.009795602
3314,0.027547982
3414,0.0071156938
3714,0.00926876
4014,0.0015984448
4114,0.0014492943
4214,0.008691196
4414,0.013762989
4714,0.0004923827
4814,0.017330376
4914,0.0005718606
5114,0.001542028
5214,0.0145498905
5714,0.015620017
5914,0.014855303
6214,0.018874282
6314,0.010792083
6514,0.017539617
6614,0.022422034
6814,0.03035444
6914,0.0032744058
7014,0.004896963
7214,0.0002655353
7414,0.01344247
7514,0.006502624
7714,0.018833134
7914,0.0069427476
8114,0.012980653
8214,0.0049814475
8314,0.0108543355
8414,0.060048655
8514,0.027914904
8614,0.014080971
8714,0.112635545
8914,0.045565747
9014,0.035696596
9214,0.007503431
9514,0.0059465226
9814,0.11593409
9914,0.08192465
10114,0.02071693
10414,0.025591591
10514,0.011558421
10614,0.013045107
10714,0.0117548
10914,0.015018124
11214,0.023803353
11314,0.0033955276
11714,0.0007157022
11914,0.013989686
12114,0.03866098
12414,0.053071145
12714,0.0188707
12914,0.011330775
13014,0.0028136857
13414,0.01369604
13514,0.015465962
13614,0.035808947
13714,0.03895198
13914,0.007812635
14314,0.021710116
14414,0.029443974
15414,0.01095302
15614,0.012977118
15714,0.025042236
15814,0.021685682
15914,0.020801518
16114,0.0039909515
16214,0.013313035
16314,0.010364413
16414,0.061138894
16514,0.00017644012
16614,0.004608658
17014,0.008676311
17114,0.019443575
17214,0.021543317
17314,0.012936885
17414,0.051401127
17614,0.0008076422
17714,0.0489812
17914,0.10003661
18014,0.11712782
18114,0.0006001003
18214,0.001430276
18414,0.003129548
18514,0.023929624
18714,0.0013411852
18814,0.045006245
19114,0.0036469875
19514,0.030812958
19614,0.0012336506
19714,0.041810133
19814,0.0015204971
20714,0.026164556
20814,0.0008544015
20914,0.013242383
21114,0.023965113
21214,0.0059266984
21414,0.018234383
21814,0.023153864
22014,0.06532354
22314,0.0036230818
22414,0.055310797
22514,0.025000151
22614,0.02489225
22914,0.00030848547
23014,0.00014263399
23214,0.040589765
23314,0.016404746
23614,0.013367516
23714,0.0033720457
23814,0.0071018003
23914,0.014895493
24114,0.015871214
24214,0.011830924
24414,0.00356866
24514,0.008498439
24614,0.0013987311
24714,0.011772629
25314,0.001497
25414,0.0047860327
25814,0.03769347
26014,0.10104734
26114,0.013358651
26214,0.06552507
26314,0.0117853135
26414,0.00085815054
26614,0.016894741
26714,0.013296496
26814,0.005233647
26914,0.019286629
27014,0.016495273
27314,0.02306831
27414,0.022214359
27514,0.0005873742
27914,0.016009364
28014,0.005868136
28114,0.042228334
28314,0.014111053
28414,0.016387172
29014,0.043966252
29114,0.012827059
29314,0.016626986
29614,0.024391664
29714,0.09589543
29814,0.016814725
29914,0.038165495
30014,0.025356991
30114,0.0095398165
30314,0.019066362
30414,0.02774083
30714,0.028221903
30814,0.025392402
31114,0.0061259256
31214,0.020185493
31614,0.01417209
31714,0.13271853
31814,0.01844663
31914,0.021262992
32014,0.059836846
32114,0.15263852
32814,0.0115261385
33014,0.046107106
33114,0.02222848
33514,0.010465107
33714,0.10833334
33814,0.107707106
33914,0.0007023242
34014,0.006807017
34214,0.00041102074
34314,0.022779286
34414,0.0025521272
34514,0.0077458196
34614,0.017121438
34814,0.00047209315
35014,0.010453904
35214,0.0080417665
35314,0.0062007313
35514,0.031551313
35614,0.023725664
35714,0.14066355
35914,0.007665438
36014,0.06875662
36114,0.015858809
36614,0.0072397254
37214,0.006230585
37414,0.010542965
37514,0.006839223
37614,0.017830158
37714,0.018083265
38114,0.025436161
38214,0.045263726
38314,0.015636675
38414,0.01278803
38614,0.018995823
38814,0.08080268
39114,0.008922228
39214,0.00061983906
39314,0.0014823651
39414,0.0036680812
39614,0.0058555463
39714,0.0047461344
39914,0.019650718
40014,0.0040303506
40214,0.043479107
40514,0.015042851
40614,0.028961314
41814,0.014191598
42014,0.25596148
42714,0.023145314
42914,0.013064172
43614,0.010252125
44214,0.018939417
44514,0.0025219074
44714,0.019020393
44914,0.024130972
45214,0.0014888074
45314,0.0062656575
45514,0.010814312
45614,0.020640766
46114,0.46051607
46314,0.02090706
46514,0.013871751
46914,0.057702042
47014,0.007331772
47114,0.14596629
47214,0.015985483
47314,0.01593655
47614,0.0592608
47714,0.010785678
47814,0.011002701
47914,0.011208837
48214,0.006900936
48614,0.051588207
48714,0.001009272
49114,0.01667269
49214,0.03795782
49614,0.008943613
49714,0.0005024275
49914,0.036295388
50114,0.099367656
50314,0.009984841
50414,0.0041619926
50614,0.0043149237
50814,0.0014885196
50914,0.034107305
51014,0.057772513
51214,0.0011432162
51614,0.004444242
51814,0.016542353
52014,0.01604605
52114,0.01150231
52514,0.005859671
52614,0.019959655
52714,1.4014886e-05
53214,0.0022462227
53314,0.0053485706
53414,0.009275482
53614,0.009890461
53914,0.000648057
54114,0.03623641
54214,0.02253318
54314,0.016957529
54414,0.019639779
54614,0.20398854
55014,0.019630227
55214,0.00050985365
55414,0.0003445435
55514,0.0724554
55614,0.018563138
56214,0.0060511883
56514,0.016055176
56714,0.02234143
56814,0.016649649
57014,0.13158028
57114,0.039171018
57214,0.0115539
57314,0.0070144827
57514,0.07270711
57914,0.015127315
58014,0.02854781
58214,0.0318384
58314,0.005976462
58514,0.008048791
58914,0.00479086
59114,0.1135855
59214,0.015670985
59514,0.017381702
59614,0.007941394
59814,0.05960494
59914,0.016584191
60414,0.015958948
60514,0.0041635996
60814,0.018225111
61114,0.019336106
61314,0.07577277
61414,0.07123263
61714,0.033738337
62114,0.035725247
62414,0.029211236
62714,0.02067072
62814,0.024359507
63514,0.033095952
63614,0.026125435
63714,0.011813534
63814,0.02233022
63914,0.022783067
64314,0.0112315575
64414,0.019140614
15,0.060726278
115,0.056442186
415,0.00063924835
615,0.045232445
715,0.074821234
1015,0.048529193
1215,0.008178633
1715,0.01962223
2215,0.0237487
2715,0.0013959586
2815,0.054289058
2915,0.043742158
3015,0.014670849
3115,0.047483355
3215,0.020453645
3315,0.01050774
3415,0.024629802
3715,0.036680233
4015,0.004649309
4115,0.00012683347
4215,0.06388341
4415,0.02768643
4715,0.0014343878
4815,0.036964804
4915,0.0010446121
5115,0.0063663702
5215,0.049852226
5715,0.05600893
5915,0.18478742
6215,0.092774004
6315,0.15903877
6515,0.10504122
6615,0.09021885
6815,0.05649962
6915,0.024828417
7015,0.003793002
7215,0.0005445649
7415,0.14641356
7515,0.04111988
7715,0.01975282
7915,0.11399572
8115,0.046134487
8215,0.020499023
8315,0.09997604
8415,0.035091586
8515,0.023964278
8615,0.024933482
8715,0.012255008
8915,0.03664416
9015,0.018465774
9215,0.06868546
9515,0.047280014
9815,0.020924812
9915,0.027132187
10115,0.04648154
10415,0.070798896
10515,0.080667816
10615,0.08589375
10715,0.09347202
10915,0.031100862
11215,0.04570869
11315,0.0013120422
11715,0.0009885232
11915,0.14448117
12115,0.039633155
12415,0.07081459
12715,0.07598995
12915,0.022648424
13015,0.029183911
13415,0.18039712
13515,0.07050346
13615,0.078040995
13715,0.03130817
13915,0.10828011
14315,0.054326452
14415,0.00087626546
15415,0.016074391
15615,0.068649925
15715,0.061940033
15815,0.031094976
15915,0.034867294
16115,0.15433392
16215,0.13203797
16315,0.095543794
16415,0.062574856
16515,0.00055530097
16615,0.00818603
17015,0.056501977
17115,0.040649552
17215,0.034091745
17315,0.04307367
17415,0.03060168
17615,0.012264809
17715,0.040891673
17915,0.018854033
18015,0.031420283
18115,0.0011533485
18215,0.0021282574
18415,0.001811378
18515,0.031187251
18715,0.0013042433
18815,0.04005709
19115,0.015842695
19515,0.036179375
19615,0.0021273533
19715,0.021639436
19815,0.027893879
20715,0.04299267
20815,0.011850838
20915,0.0408478
21115,0.0726407
21215,0.055506162
21415,0.007504151
21815,0.033740696
22015,0.038682822
22315,0.028329613
22415,0.08443551
22515,0.08268312
22615,0.0720232
22915,0.0007166554
23015,8.682796e-05
23215,0.09747928
23315,0.06808809
23615,0.039481793
23715,0.013424767
23815,0.010797439
23915,0.05031582
24115,0.036848262
24215,0.046801805
24415,0.0053511583
24515,0.012389069
24615,0.00093782507
24715,0.030108713
25315,0.002298241
25415,0.25736484
25815,0.015235996
26015,0.0063803466
26115,0.01990042
26215,0.033775993
26315,0.110209756
26415,0.008555423
26615,0.05922527
26715,0.13726903
26815,0.0029764534
26915,0.02397303
27015,0.094514586
27315,0.13945027
27415,0.009210577
27515,0.0019781077
27915,0.004511783
28015,0.05473085
28115,0.011182991
28315,0.059099454
28415,0.059062164
29015,0.035274833
29115,0.062866084
29315,0.08963523
29615,0.051989764
29715,0.013334474
29815,0.14248286
29915,0.0999701
30015,0.075731024
30115,0.004586264
30315,0.10824016
30415,0.05861948
30715,0.0031048476
30815,0.02637465
31115,0.0037188977
31215,0.08767392
31615,0.032089964
31715,0.006270049
31815,0.034973938
31915,0.045715533
32015,0.06442071
32115,0.040055763
32815,0.06375563
33015,0.03161991
33115,0.01504892
33515,0.060170267
33715,0.027235245
33815,0.024026034
33915,0.00053253846
34015,0.003272732
34215,0.0005688787
34315,0.022871874
34415,0.0021160673
34515,0.00075148017
34615,0.033060998
34815,0.00015032399
35015,0.064073265
35215,0.022833593
35315,0.013442481
35515,0.026627872
35615,0.048044313
35715,0.014965062
35915,0.047425855
36015,0.015734555
36115,0.12456527
36615,0.0079445215
37215,0.013912643
37415,0.024655595
37515,0.049904224
37615,0.0071941954
37715,0.031172222
38115,0.080226205
38215,0.07648992
38315,0.05192719
38415,0.05158341
38615,0.04857978
38815,0.043190543
39115,0.016538803
39215,0.0011612576
39315,0.0032134764
39415,0.010905138
39615,0.14381939
39715,0.0018156102
39915,0.021100506
40015,0.05799652
40215,0.05757481
40515,0.048008844
40615,0.024011413
41815,0.013390035
42015,0.014310729
42715,0.022926878
42915,0.15808682
43615,0.041191116
44215,0.04256844
44515,0.021068191
44715,0.051599395
44915,0.078142464
45215,0.006875158
45315,0.26016313
45515,0.13752423
45615,0.15727186
46115,0.0054925084
46315,0.11426391
46515,0.0025829186
46915,0.030124815
47015,0.0150629785
47115,0.0007586091
47215,0.053366646
47315,0.078636855
47615,0.035932425
47715,0.037201434
47815,0.03237237
47915,0.037161373
48215,0.025449997
48615,0.038750682
48715,0.0019966327
49115,0.1568697
49215,0.08149961
49615,0.064449124
49715,0.0011182008
49915,0.0565185
50115,0.023138113
50315,0.014120964
50415,0.006343665
50615,0.0026245008
50815,0.0017019194
50915,0.0016193638
51015,0.016112635
51215,0.0003615011
51615,0.013590631
51815,0.05130501
52015,0.016666908
52115,0.033701617
52515,0.06213545
52615,0.017101575
52715,4.0905248e-05
53215,0.043804117
53315,0.013080727
53415,0.0068594893
53615,0.024369583
53915,0.0013259638
54115,0.06126972
54215,0.070311174
54315,0.071782015
54415,0.121767424
54615,0.023646075
55015,0.12496369
55215,0.0006114712
55415,0.0005099361
55515,0.021478545
55615,0.17313221
56215,0.024705097
56515,0.07417441
56715,0.03330497
56815,0.012766671
57015,0.014958615
57115,0.012783957
57215,0.059078135
57315,0.019582631
57515,0.018967154
57915,0.1380768
58015,0.06565339
58215,0.014231608
58315,0.1514356
58515,0.11105712
58915,0.38281697
59115,0.031174604
59215,0.0025971886
59515,0.005227039
59615,0.012902543
59815,0.024012934
59915,0.006747617
60415,0.0010579719
60515,0.024438381
60815,0.051346313
61115,0.09018442
61315,0.006917759
61415,0.020321527
61715,0.05054292
62115,0.03473312
62415,0.06261854
62715,0.08530149
62815,0.06583204
63515,0.03126965
63615,0.06181661
63715,0.02902742
63815,0.07392515
63915,0.019159934
64315,0.17418571
64415,0.06877973
16,0.02490284
116,0.031810846
416,0.00045091863
616,0.035239276
716,0.044465963
1016,0.037349105
1216,0.0054533943
1716,0.046137564
2216,0.04183723
2716,0.0021512893
2816,0.027038548
2916,0.051201105
3016,0.015608327
3116,0.025208661
3216,0.01218911
3316,0.023661261
3416,0.035942353
3716,0.028271722
4016,0.0030541567
4116,0.00020180791
4216,0.033668492
4416,0.015164121
4716,0.00064696657
4816,0.034646396
4916,0.0011961891
5116,0.002930789
5216,0.041167703
5716,0.02656844
5916,0.029344745
6216,0.030966753
6316,0.02828757
6516,0.029207196
6616,0.036711864
6816,0.046415325
6916,0.0015036217
7016,0.0056902817
7216,0.0002978782
7416,0.023445122
7516,0.048435327
7716,0.03186248
7916,0.021260899
8116,0.039625715
8216,0.040160444
8316,0.03773157
8416,0.0469327
8516,0.041466903
8616,0.028553315
8716,0.045783646
8916,0.033200532
9016,0.012183884
9216,0.031151304
9516,0.01702579
9816,0.048876446
9916,0.045990787
10116,0.036530204
10416,0.026445273
10516,0.040878978
10616,0.016019434
10716,0.027142113
10916,0.031133356
11216,0.04703186
11316,0.00085178553
11716,0.00034781633
11916,0.038406733
12116,0.031131582
12416,0.06353005
12716,0.035504285
12916,0.021065986
13016,0.0049069775
13416,0.029279653
13516,0.03666768
13616,0.035685077
13716,0.025800252
13916,0.019478092
14316,0.05042006
14416,0.000403333
15416,0.0023693475
15616,0.03635601
15716,0.028735293
15816,0.027994648
15916,0.034226228
16116,0.01245885
16216,0.03598155
16316,0.018278938
16416,0.03215832
16516,0.00062501756
16616,0.0051044705
17016,0.025120948
17116,0.040782057
17216,0.050944783
17316,0.03031857
17416,0.033417672
17616,0.0015242555
17716,0.0672744
17916,0.04297145
18016,0.039509177
18116,0.0013779809
18216,0.0028908215
18416,0.003267679
18516,0.041284174
18716,0.0005968781
18816,0.037313767
19116,0.025698805
19516,0.051016107
19616,0.0044568344
19716,0.054160077
19816,0.006213104
20716,0.034641042
20816,0.0014655178
20916,0.039338
21116,0.04548584
21216,0.016524367
21416,0.012584755
21816,0.048527375
22016,0.043735966
22316,0.028865851
22416,0.04682595
22516,0.047770355
22616,0.06250935
22916,9.494607e-05
23016,0.00011147888
23216,0.027428027
23316,0.031650573
23616,0.028375942
23716,0.014258451
23816,0.018631365
23916,0.03954192
24116,0.04930478
24216,0.035094324
24416,0.0038849688
24516,0.009053226
24616,0.00078012724
24716,0.02476544
25316,0.0033765414
25416,0.012656056
25816,0.0011026787
26016,0.008257598
26116,0.013488536
26216,0.033491004
26316,0.031738877
26416,0.001829933
26616,0.058605038
26716,0.031378355
26816,0.0016011278
26916,0.02637032
27016,0.037310224
27316,0.023082923
27416,0.017216856
27516,0.00067409995
27916,0.0020300807
28016,0.029653303
28116,0.0039302423
28316,0.045428436
28416,0.036422346
29016,0.0076208306
29116,0.025726723
29316,0.040165268
29616,0.026518509
29716,0.06187989
29816,0.04939147
29916,0.039569948
30016,0.024963677
30116,0.0011003958
30316,0.023044351
30416,0.029873036
30716,0.00090278004
30816,0.030666027
31116,0.0009758619
31216,0.044357777
31616,0.04196187
31716,0.0021679306
31816,0.010950441
31916,0.04604101
32016,0.05293526
32116,0.033633746
32816,0.039861597
33016,0.041555997
33116,0.036564272
33516,0.038406473
33716,0.035639644
33816,0.036473628
33916,0.00025986816
34016,0.016190981
34216,0.0005950608
34316,0.040400494
34416,0.011002313
34516,0.0025001238
34616,0.034776002
34816,0.00031247377
35016,0.043427568
35216,0.011595286
35316,0.0076421197
35516,0.054440107
35616,0.03720342
35716,0.07101906
35916,0.008732592
36016,0.01761391
36116,0.025886944
36616,0.005313539
37216,0.017446803
37416,0.029490119
37516,0.03778156
37616,0.002872478
37716,0.015765872
38116,0.03326584
38216,0.045859084
38316,0.037928715
38416,0.03538203
38616,0.047180764
38816,0.051371936
39116,0.020663137
39216,0.00016199781
39316,0.0018303263
39416,0.0027105687
39616,0.02707838
39716,0.0277038
39916,0.02928282
40016,0.022420133
40216,0.04642183
40516,0.03453225
40616,0.044339973
41816,0.009451465
42016,0.031218866
42716,0.041334577
42916,0.028346568
43616,0.01864549
44216,0.06787212
44516,0.0133914
44716,0.050674584
44916,0.026471365
45216,0.0044208416
45316,0.02440495
45516,0.048404578
45616,0.03181043
46116,0.05708565
46316,0.04613598
46516,0.00064407336
46916,0.038282316
47016,0.009048464
47116,0.00023148034
47216,0.017213268
47316,0.041388687
47616,0.033682086
47716,0.04486943
47816,0.03561394
47916,0.036769155
48216,0.007897548
48616,0.027383715
48716,0.0024270623
49116,0.03956855
49216,0.039312597
49616,0.02338611
49716,0.00071004004
49916,0.031489503
50116,0.04540348
50316,0.012226196
50416,0.008817687
50616,0.003061546
50816,0.001400571
50916,0.007716058
51016,0.04140179
51216,0.00040595987
51616,0.006179287
51816,0.048458982
52016,0.023054322
52116,0.037261356
52516,0.021626094
52616,0.0032684861
52716,3.916458e-05
53216,0.021527948
53316,0.0093911085
53416,0.007818199
53616,0.03092956
53916,0.0006701955
54116,0.032315183
54216,0.037112158
54316,0.02674677
54416,0.03697818
54616,0.05495374
55016,0.03662977
55216,0.00053508236
55416,0.0003164502
55516,0.026816156
55616,0.021892745
56216,0.01815572
56516,0.05006453
56716,0.03516321
56816,0.013068938
57016,0.02225192
57116,0.01970335
57216,0.040575203
57316,0.0147033995
57516,0.043584634
57916,0.02612532
58016,0.04361097
58216,0.0033529124
58316,0.025916176
58516,0.033510704
58916,0.010649852
59116,0.02105676
59216,0.0025563464
59516,0.0012331759
59616,0.014009746
59816,0.03314425
59916,0.026718449
60416,0.0012136303
60516,0.0140224155
60816,0.05552726
61116,0.014338053
61316,0.0023177448
61416,0.009982179
61716,0.06784722
62116,0.039242793
62416,0.054293815
62716,0.04253182
62816,0.037321653
63516,0.002383438
63616,0.0409573
63716,0.040721204
63816,0.043504547
63916,0.032613255
64316,0.04144099
64416,0.048176114
17,0.017966513
117,0.016536808
417,0.00066539616
617,0.050828878
717,0.05831873
1017,0.045165103
1217,0.0024120917
1717,0.029694395
2217,0.055719495
2717,0.01182247
2817,0.012888825
2917,0.039760344
3017,0.023607023
3117,0.027298477
3217,0.012163505
3317,0.110384926
3417,0.053974085
3717,0.06621611
4017,0.0040724394
4117,0.0008146148
4217,0.06260975
4417,0.031838953
4717,0.00059581146
4817,0.054982383
4917,0.0010055953
5117,0.024576299
5217,0.0433166
5717,0.051108625
5917,0.032771632
6217,0.033657588
6317,0.03278355
6517,0.031638388
6617,0.034847207
6817,0.026628138
6917,0.0029658074
7017,0.021916708
7217,0.00096127467
7417,0.039840516
7517,0.034628592
7717,0.05199926
7917,0.054035094
8117,0.03147733
8217,0.04880951
8317,0.05458468
8417,0.038151886
8517,0.050484397
8617,0.054896362
8717,0.042719718
8917,0.033703193
9017,0.034986034
9217,0.06549057
9517,0.008893913
9817,0.033578597
9917,0.034736864
10117,0.024494786
10417,0.023044165
10517,0.04668606
10617,0.0039773816
10717,0.061758254
10917,0.08937845
11217,0.049101207
11317,0.0024504333
11717,0.0008464186
11917,0.037720423
12117,0.015066904
12417,0.030359188
12717,0.033447474
12917,0.025693389
13017,0.0045262915
13417,0.027975086
13517,0.072586596
13617,0.030697457
13717,0.031182898
13917,0.03665417
14317,0.07193037
14417,0.0009166279
15417,0.0016803361
15617,0.058808696
15717,0.027715592
15817,0.02975315
15917,0.0379963
16117,0.012769047
16217,0.033154745
16317,0.012867207
16417,0.01649565
16517,0.0006852701
16617,0.0016879971
17017,0.08598711
17117,0.042201035
17217,0.038838927
17317,0.018561538
17417,0.015986534
17617,0.0007628298
17717,0.039282333
17917,0.023010692
18017,0.019530036
18117,0.0031575193
18217,0.012158407
18417,0.005319579
18517,0.03918598
18717,0.002670033
18817,0.03849429
19117,0.016556704
19517,0.045200936
19617,0.013744321
19717,0.08892113
19817,0.02946199
20717,0.051606435
20817,0.0011634453
20917,0.027574014
21117,0.042516325
21217,0.023340436
21417,0.030504115
21817,0.110528976
22017,0.03751444
22317,0.23430264
22417,0.032218702
22517,0.055646382
22617,0.025422342
22917,0.00015571162
23017,0.00044340955
23217,0.023116425
23317,0.031819984
23617,0.05405136
23717,0.018372709
23817,0.03285586
23917,0.02940998
24117,0.051346757
24217,0.032194782
24417,0.010243459
24517,0.040584538
24617,0.0035044365
24717,0.028984496
25317,0.0026623548
25417,0.012136103
25817,0.0012934378
26017,0.0045585544
26117,0.025648987
26217,0.028811503
26317,0.062604845
26417,0.006305266
26617,0.07014021
26717,0.026579998
26817,0.004404593
26917,0.039668072
27017,0.049206354
27317,0.012688951
27417,0.013577286
27517,0.002850948
27917,0.0038045978
28017,0.036198143
28117,0.0061057555
28317,0.05380415
28417,0.06313337
29017,0.009712941
29117,0.01626846
29317,0.051554564
29617,0.008582583
29717,0.025522387
29817,0.033120878
29917,0.04094318
30017,0.031965636
30117,0.0015229334
30317,0.02000647
30417,0.033832524
30717,0.001655227
30817,0.024873605
31117,0.0009958595
31217,0.032888256
31617,0.028690739
31717,0.002940628
31817,0.015765881
31917,0.033308018
32017,0.031869188
32117,0.01658031
32817,0.062369045
33017,0.029189302
33117,0.020219814
33517,0.036679216
33717,0.027082432
33817,0.024935115
33917,0.0005218474
34017,0.056110837
34217,0.0013831647
34317,0.051333103
34417,0.047328282
34517,0.009572599
34617,0.047839906
34817,0.0006234102
35017,0.04451559
35217,0.03040198
35317,0.0060806153
35517,0.060760457
35617,0.027069034
35717,0.057968713
35917,0.0051797847
36017,0.018390426
36117,0.018472549
36617,0.003125398
37217,0.5317529
37417,0.03411537
37517,0.07395517
37617,0.0077987127
37717,0.035600677
38117,0.049577396
38217,0.0528086
38317,0.089229405
38417,0.047629595
38617,0.057628848
38817,0.03942425
39117,0.05359418
39217,0.0002792664
39317,0.004961526
39417,0.011101186
39617,0.035431433
39717,0.4537617
39917,0.042661306
40017,0.06456096
40217,0.034705315
40517,0.036420178
40617,0.055537805
41817,0.0032115018
42017,0.02069134
42717,0.061511822
42917,0.010827305
43617,0.011353978
44217,0.034269568
44517,0.009755662
44717,0.04564703
44917,0.04323444
45217,0.07335794
45317,0.061073218
45517,0.07846079
45617,0.03201296
46117,0.009390798
46317,0.034068733
46517,0.0012166804
46917,0.024240274
47017,0.019887228
47117,0.00055095385
47217,0.011040702
47317,0.04157785
47617,0.029206099
47717,0.13010278
47817,0.098497726
47917,0.040402472
48217,0.0066083595
48617,0.013997548
48717,0.002100743
49117,0.027084805
49217,0.032190155
49617,0.020285126
49717,0.0014685695
49917,0.017333925
50117,0.023043862
50317,0.03117696
50417,0.029231664
50617,0.005600117
50817,0.0063604116
50917,0.0141355265
51017,0.07166448
51217,0.0016997781
51617,0.009228702
51817,0.065078534
52017,0.02571156
52117,0.076356016
52517,0.019766653
52617,0.0024733457
52717,4.3538304e-05
53217,0.14524354
53317,0.02544293
53417,0.050387494
53617,0.05219849
53917,0.0019822498
54117,0.020567998
54217,0.041958522
54317,0.033975188
54417,0.0358922
54617,0.013358981
55017,0.03829085
55217,0.0013725025
55417,0.0012712374
55517,0.016395194
55617,0.018241657
56217,0.027628345
56517,0.039237402
56717,0.050233264
56817,0.02015374
57017,0.023441426
57117,0.03976532
57217,0.033154942
57317,0.012778045
57517,0.057062447
57917,0.016603027
58017,0.055057425
58217,0.008881799
58317,0.065805785
58517,0.059786823
58917,0.0085860975
59117,0.026546508
59217,0.004435981
59517,0.0072738477
59617,0.010806459
59817,0.034252923
59917,0.023340132
60417,0.0032455425
60517,0.0134598315
60817,0.060001332
61117,0.023404209
61317,0.0021098072
61417,0.010064572
61717,0.0609769
62117,0.009283052
62417,0.060503658
62717,0.044415046
62817,0.038560994
63517,0.0015149722
63617,0.04715582
63717,0.065515466
63817,0.058510985
63917,0.05215822
64317,0.053758763
64417,0.02951274
18,0.020097462
118,0.010565091
418,0.0014652761
618,0.1129396
718,0.03727237
1018,0.016944734
1218,0.0023362916
1718,0.037358508
2218,0.015362316
2718,0.0025388363
2818,0.030732377
2918,0.019542301
3018,0.02607881
3118,0.014090996
3218,0.6640282
3318,0.3364005
3418,0.017135425
3718,0.036192786
4018,0.89741194
4118,0.007956506
4218,0.02426897
4418,0.0039676116
4718,0.97649264
4818,0.042794053
4918,0.019474743
5118,0.9043459
5218,0.05807185
5718,0.08940843
5918,0.05849478
6218,0.14233434
6318,0.039444335
6518,0.082116425
6618,0.19682376
6818,0.32436743
6918,0.005134507
7018,0.0018003876
7218,0.0003684937
7418,0.050892062
7518,0.03663502
7718,0.00977878
7918,0.007717791
8118,0.12739865
8218,0.0233774
8318,0.02248601
8418,0.020741712
8518,0.01308948
8618,0.016703978
8718,0.011086238
8918,0.01545734
9018,0.0037568584
9218,0.031198354
9518,0.009400391
9818,0.04014184
9918,0.023867035
10118,0.017188013
10418,0.026241338
10518,0.03824888
10618,0.008713961
10718,0.021511443
10918,0.1796346
11218,0.027597891
11318,0.0017254604
11718,0.0021681946
11918,0.059570387
12118,0.005327957
12418,0.05679123
12718,0.039240953
12918,0.0144651905
13018,0.043889888
13418,0.09917363
13518,0.043012332
13618,0.047669828
13718,0.032885518
13918,0.023589168
14318,0.094770014
14418,0.0009590936
15418,0.0014014557
15618,0.21218552
15718,0.028482525
15818,0.011048981
15918,0.012548989
16118,0.012766685
16218,0.026993537
16318,0.004135377
16418,0.013110318
16518,0.0004769254
16618,0.0014887574
17018,0.034240976
17118,0.014865868
17218,0.035954166
17318,0.0085638445
17418,0.01343028
17618,0.010214438
17718,0.020723961
17918,0.049895532
18018,0.033458333
18118,0.0018935163
18218,0.0017225065
18418,0.000932041
18518,0.023819165
18718,0.0011756646
18818,0.013837149
19118,0.005847109
19518,0.038932398
19618,0.0024600776
19718,0.034749895
19818,0.006600759
20718,0.030241422
20818,0.030264447
20918,0.027836645
21118,0.07040871
21218,0.030783324
21418,0.017514352
21818,0.06791217
22018,0.027293524
22318,0.008190995
22418,0.11933388
22518,0.049738776
22618,0.16280116
22918,0.0017324522
23018,0.00013976905
23218,0.0432077
23318,0.08818294
23618,0.022871131
23718,0.016788907
23818,0.0044285427
23918,0.01026591
24118,0.046741344
24218,0.04390459
24418,0.0010623568
24518,0.002728114
24618,0.0005200635
24718,0.011081892
25318,0.0033730445
25418,0.022011131
25818,0.0003419195
26018,0.009851564
26118,0.0036933422
26218,0.018597191
26318,0.036377944
26418,0.0036134159
26618,0.07560831
26718,0.23037517
26818,0.013768935
26918,0.014820382
27018,0.043154743
27318,0.0033964338
27418,0.0103216795
27518,0.0027526077
27918,0.004037509
28018,0.07962483
28118,0.0054181716
28318,0.13462132
28418,0.08209217
29018,0.014172489
29118,0.36781487
29318,0.07908264
29618,0.011401347
29718,0.11258884
29818,0.043566603
29918,0.022788605
30018,0.03295606
30118,0.0022049188
30318,0.045724872
30418,0.0681022
30718,0.0012490688
30818,0.0072373897
31118,0.002263781
31218,0.042339124
31618,0.02036184
31718,0.0022187107
31818,0.022296054
31918,0.10695666
32018,0.051402166
32118,0.016628306
32818,0.041348744
33018,0.024402954
33118,0.028817754
33518,0.064107776
33718,0.024583181
33818,0.042040642
33918,0.0003021183
34018,0.005182895
34218,0.0003599114
34318,0.017466182
34418,0.0024022462
34518,0.00095661695
34618,0.019820431
34818,0.0002004751
35018,0.033321373
35218,0.02036667
35318,0.71570235
35518,0.030989189
35618,0.008600368
35718,0.04560612
35918,0.035952106
36018,0.09097382
36118,0.031454813
36618,0.12916858
37218,0.060780883
37418,0.07316988
37518,0.018930655
37618,0.0011178126
37718,0.014021467
38118,0.047599293
38218,0.046645045
38318,0.04788659
38418,0.026074832
38618,0.057197336
38818,0.038396843
39118,0.009150303
39218,0.0022993318
39318,0.012268688
39418,0.0040841126
39618,0.024792539
39718,0.017649714
39918,0.013727828
40018,0.0042042336
40218,0.01682568
40518,0.03320304
40618,0.016482692
41818,0.003076617
42018,0.016827187
42718,0.05222161
42918,0.0074929134
43618,0.030313507
44218,0.10936861
44518,0.0058115385
44718,0.07074172
44918,0.049740665
45218,0.0032981657
45318,0.045133777
45518,0.02873952
45618,0.06937972
46118,0.07420909
46318,0.07655171
46518,0.0005457416
46918,0.010497215
47018,0.004049857
47118,0.00021908617
47218,0.031073542
47318,0.09544724
47618,0.05627309
47718,0.051080387
47818,0.10651352
47918,0.014373599
48218,0.037421755
48618,0.009217085
48718,0.0015796494
49118,0.103030525
49218,0.04265312
49618,0.03192219
49718,0.0014059677
49918,0.008509203
50118,0.054187153
50318,0.0056850296
50418,0.008499665
50618,0.0023165424
50818,0.0009700675
50918,0.0017282383
51018,0.028052736
51218,0.00023342614
51618,0.014591795
51818,0.0442967
52018,0.022834394
52118,0.030241137
52518,0.009908345
52618,0.0016659601
52718,0.00025716072
53218,0.008051867
53318,0.038168125
53418,0.64076984
53618,0.024570273
53918,0.0024761837
54118,0.12113942
54218,0.067321904
54318,0.058984004
54418,0.05012384
54618,0.021326734
55018,0.047929246
55218,0.00039448368
55418,0.00070088665
55518,0.0053872834
55618,0.0074949586
56218,0.015398622
56518,0.045560367
56718,0.013796926
56818,0.0056530274
57018,0.003521464
57118,0.009111114
57218,0.020568317
57318,0.0076280595
57518,0.040079683
57918,0.047785692
58018,0.026146002
58218,0.0034709692
58318,0.021430638
58518,0.018958554
58918,0.016834468
59118,0.00870717
59218,0.004567409
59518,0.001173869
59618,0.07533552
59818,0.02261534
59918,0.0094415825
60418,0.0010300319
60518,0.011720296
60818,0.15877944
61118,0.011922182
61318,0.0073063653
61418,0.005534277
61718,0.042282622
62118,0.22103812
62418,0.11547022
62718,0.06404532
62818,0.017655328
63518,0.0019566475
63618,0.0835976
63718,0.044307202
63818,0.1428382
63918,0.009610168
64318,0.03202122
64418,0.08782266
