Id,Probability
0,0.017203756
100,0.01626492
400,0.00013965048
600,0.019462446
700,0.048570596
1000,0.014247623
1200,0.00091338006
1700,0.037687838
2200,0.012882754
2700,0.00028487807
2800,0.0021286656
2900,0.03903744
3000,0.009868166
3100,0.021069463
3200,0.010495293
3300,0.09886126
3400,0.006522195
3700,0.020282468
4000,0.00023098782
4100,0.000336029
4200,0.039996568
4400,0.0020805032
4700,7.3125084e-05
4800,0.061530765
4900,0.007318639
5100,0.0007819814
5200,0.109870784
5700,0.07089165
5900,0.044519473
6200,0.068155184
6300,0.05098222
6500,0.05140641
6600,0.095773384
6800,0.04811109
6900,0.00056683447
7000,0.0004944676
7200,0.00021746167
7400,0.009397175
7500,0.0152273225
7700,0.03386381
7900,0.015008482
8100,0.017744277
8200,0.061451335
8300,0.028742693
8400,0.035307642
8500,0.014500319
8600,0.033123806
8700,0.023927778
8900,0.021279998
9000,0.021146212
9200,0.035023034
9500,0.0040096124
9800,0.06131565
9900,0.030149167
10100,0.035449874
10400,0.08428417
10500,0.10651195
10600,0.040875398
10700,0.09164595
10900,0.09487518
11200,0.015531225
11300,0.0012804343
11700,0.0005688293
11900,0.06299356
12100,0.00079023064
12400,0.017306328
12700,0.02822036
12900,0.027201468
13000,0.010971496
13400,0.07086087
13500,0.011935521
13600,0.08797334
13700,0.15677823
13900,0.04220186
14300,0.091566585
14400,0.000431487
15400,0.003822663
15600,0.10945959
15700,0.03276084
15800,0.020259911
15900,0.010499411
16100,0.010754633
16200,0.032943364
16300,0.014925048
16400,0.019668417
16500,0.00016064983
16600,0.001728008
17000,0.08165235
17100,0.016767435
17200,0.0120868925
17300,0.0040495223
17400,0.010582245
17600,0.002375399
17700,0.010380058
17900,0.04087688
18000,0.03453369
18100,0.00018204952
18200,0.00010790409
18400,0.0004019674
18500,0.018749287
18700,0.0002513095
18800,0.04378755
19100,0.0032187237
19500,0.0141673265
19600,0.00066645816
19700,0.021970503
19800,0.0019917297
20700,0.033674087
20800,0.0020846862
20900,0.038297042
21100,0.047090173
21200,0.022913177
21400,0.37864658
21800,0.073693395
22000,0.04792902
22300,0.035680197
22400,0.030108223
22500,0.069131106
22600,0.040393326
22900,0.0002456809
23000,6.0755152e-05
23200,0.027940754
23300,0.027648913
23600,0.12096577
23700,0.0068355184
23800,0.005201098
23900,0.031487286
24100,0.04570189
24200,0.05717742
24400,0.00022741486
24500,0.0014702075
24600,0.00017810351
24700,0.010219697
25300,0.0022703307
25400,0.015863262
25800,0.0014659092
26000,0.008401893
26100,0.004286414
26200,0.052162766
26300,0.08569269
26400,0.041369323
26600,0.0559646
26700,0.052600656
26800,0.008602858
26900,0.012463424
27000,0.03571591
27300,0.011238109
27400,0.0030459468
27500,0.0013282734
27900,0.0017437169
28000,0.026443461
28100,0.012336582
28300,0.04628595
28400,0.062081754
29000,0.008420264
29100,0.07597033
29300,0.06851745
29600,0.026495684
29700,0.031456072
29800,0.031260025
29900,0.094441935
30000,0.15757161
30100,0.0029443512
30300,0.051566433
30400,0.09679249
30700,0.002698984
30800,0.008599511
31100,0.002087661
31200,0.10309443
31600,0.018579228
31700,0.0013945221
31800,0.012489696
31900,0.0533854
32000,0.049851228
32100,0.026923811
32800,0.016405534
33000,0.012974629
33100,0.007504555
33500,0.019263282
33700,0.04414787
33800,0.021053169
33900,0.00012537168
34000,0.009304598
34200,3.4932735e-05
34300,0.013398436
34400,0.0002572779
34500,0.0008655875
34600,0.037524972
34800,2.6463282e-05
35000,0.05465786
35200,0.0041905795
35300,0.003604353
35500,0.030760048
35600,0.008664177
35700,0.020878956
35900,0.0055624945
36000,0.008730325
36100,0.023907801
36600,0.0014804591
37200,0.017642368
37400,0.042842973
37500,0.028091501
37600,0.020309854
37700,0.03486587
38100,0.03011671
38200,0.11721954
38300,0.14913718
38400,0.11058845
38600,0.009129192
38800,0.06068936
39100,0.013933866
39200,0.0002454879
39300,0.0035350889
39400,0.0027563646
39600,0.019683193
39700,0.01055767
39900,0.013717012
40000,0.06505766
40200,0.012026609
40500,0.01689445
40600,0.02619515
41800,0.00098239
42000,0.027652169
42700,0.021368822
42900,0.05176984
43600,0.00740577
44200,0.018674009
44500,0.012223453
44700,0.025248995
44900,0.11214657
45200,0.04022927
45300,0.04777427
45500,0.024740377
45600,0.048907246
46100,0.034493465
46300,0.03128956
46500,0.0010382785
46900,0.01793847
47000,0.001567803
47100,0.00017045862
47200,0.0070061414
47300,0.066093855
47600,0.10175325
47700,0.08493051
47800,0.072453886
47900,0.023474587
48200,0.008869253
48600,0.0073505463
48700,0.0003545144
49100,0.004577233
49200,0.041051313
49600,0.0151535245
49700,0.0016960775
49900,0.016310876
50100,0.030282997
50300,0.00095617335
50400,0.003690962
50600,0.00085468084
50800,0.00024302033
50900,0.0042586746
51000,0.050297033
51200,3.8132082e-05
51600,0.0074229036
51800,0.015928157
52000,0.012407596
52100,0.012083926
52500,0.022697724
52600,0.005615655
52700,0.01537897
53200,0.033526473
53300,0.01784914
53400,0.011558684
53600,0.08279446
53900,0.010192064
54100,0.007322313
54200,0.058541745
54300,0.09185053
54400,0.07429195
54600,0.0033552896
55000,0.017020656
55200,0.0095441695
55400,0.0002124118
55500,0.006558112
55600,0.016672729
56200,0.013492947
56500,0.02602106
56700,0.07107524
56800,0.005843235
57000,0.004839978
57100,0.05638884
57200,0.018798508
57300,0.012565048
57500,0.03637883
57900,0.021369679
58000,0.021129945
58200,0.012005687
58300,0.062599756
58500,0.0031683617
58900,0.039700057
59100,0.0070905862
59200,0.0058381655
59500,0.002179158
59600,0.012922516
59800,0.01560892
59900,0.028330991
60400,0.0007125039
60500,0.017689591
60800,0.031292234
61100,0.0068077245
61300,0.0020579665
61400,0.0022027935
61700,0.0446598
62100,0.004860095
62400,0.07325114
62700,0.073688574
62800,0.085598186
63500,0.0031502994
63600,0.023482578
63700,0.069589294
63800,0.056916144
63900,0.0067189117
64300,0.03176639
64400,0.028979085
1,0.08236496
101,0.06621992
401,0.60249436
601,0.031604722
701,0.062895946
1001,0.11154728
1201,0.07289607
1701,0.013604581
2201,0.11641336
2701,0.9664928
2801,0.0077000186
2901,0.025980359
3001,0.015494042
3101,0.3619192
3201,0.2409202
3301,0.012539122
3401,0.33588868
3701,0.46432614
4001,0.00010901897
4101,0.6214825
4201,0.17519844
4401,0.68624926
4701,4.0970623e-05
4801,0.104660764
4901,0.0029219429
5101,0.002716362
5201,0.01639522
5701,0.11269227
5901,0.014252862
6201,0.024769226
6301,0.096567124
6501,0.052541226
6601,0.017958647
6801,0.05193538
6901,0.786741
7001,0.94938874
7201,0.981153
7401,0.19370455
7501,0.07447625
7701,0.1811455
7901,0.64079994
8101,0.039718393
8201,0.18356498
8301,0.110222
8401,0.043204065
8501,0.09483952
8601,0.105546236
8701,0.20115687
8901,0.01306112
9001,0.08376471
9201,0.19310041
9501,0.03042701
9801,0.022201689
9901,0.02932077
10101,0.046061773
10401,0.022247732
10501,0.03946518
10601,0.0066019325
10701,0.0066196998
10901,0.023392502
11201,0.11005932
11301,0.908848
11701,0.94154763
11901,0.03516586
12101,0.0011584922
12401,0.004282462
12701,0.07843251
12901,0.003175191
13001,0.008487025
13401,0.032003403
13501,0.2778578
13601,0.014688808
13701,0.052345574
13901,0.08612896
14301,0.0502525
14401,0.0003103467
15401,0.0033392073
15601,0.06401143
15701,0.015480256
15801,0.23060533
15901,0.40587112
16101,0.09022648
16201,0.047072638
16301,0.07550087
16401,0.06498642
16501,0.19687103
16601,0.042568155
17001,0.117238276
17101,0.09013027
17201,0.025916314
17301,0.16632287
17401,0.054258652
17601,0.009253325
17701,0.022712883
17901,0.010423372
18001,0.004381337
18101,0.97684526
18201,0.9907561
18401,0.9398615
18501,0.08568571
18701,0.97731555
18801,0.043173034
19101,0.0039003205
19501,0.06067412
19601,0.9352114
19701,0.071546644
19801,0.90826595
20701,0.08173966
20801,0.008141683
20901,0.11786615
21101,0.1636833
21201,0.3391606
21401,0.009779311
21801,0.087370634
22001,0.03950891
22301,0.053492572
22401,0.030998632
22501,0.067342244
22601,0.0532445
22901,0.6840789
23001,0.99588525
23201,0.049228
23301,0.11238598
23601,0.08479009
23701,0.23728415
23801,0.38282382
23901,0.04290096
24101,0.08361825
24201,0.09694748
24401,0.9743408
24501,0.9032377
24601,0.9679462
24701,0.031238636
25301,0.30023664
25401,0.049791355
25801,0.003660166
26001,0.004655911
26101,0.046028953
26201,0.037644222
26301,0.03765101
26401,0.00408529
26601,0.03721029
26701,0.0139502
26801,0.68030137
26901,0.120173305
27001,0.03421577
27301,0.014633318
27401,0.023768997
27501,0.9206475
27901,0.19636968
28001,0.3390338
28101,0.015971143
28301,0.029992467
28401,0.15443677
29001,0.009738719
29101,0.020006575
29301,0.024524374
29601,0.06238903
29701,0.0037026068
29801,0.030019594
29901,0.023267137
30001,0.054746035
30101,0.0021038295
30301,0.11259145
30401,0.057201948
30701,0.0013082911
30801,0.120445326
31101,0.004454463
31201,0.014055944
31601,0.1909767
31701,0.0027784514
31801,0.008465646
31901,0.041393694
32001,0.037082165
32101,0.0066258344
32801,0.039015386
33001,0.05690535
33101,0.032605514
33501,0.058034074
33701,0.016902575
33801,0.012865642
33901,0.95991784
34001,0.71650386
34201,0.99301845
34301,0.043144
34401,0.973402
34501,0.9500352
34601,0.07927765
34801,0.99185324
35001,0.11579145
35201,0.79893124
35301,0.0015387168
35501,0.06813506
35601,0.024151068
35701,0.05162468
35901,0.0619113
36001,0.0072133364
36101,0.08514514
36601,0.0015960553
37201,0.12257541
37401,0.043347124
37501,0.13190728
37601,0.004037221
37701,0.09536098
38101,0.15489195
38201,0.017480824
38301,0.01854235
38401,0.16034766
38601,0.13601178
38801,0.023944542
39101,0.49843723
39201,0.8752924
39301,0.86692405
39401,0.7773802
39601,0.03855289
39701,0.0017922382
39901,0.10726651
40001,0.049904462
40201,0.045541678
40501,0.22481735
40601,0.07088286
41801,0.007608089
42001,0.01031565
42701,0.3164946
42901,0.013327032
43601,0.0059993374
44201,0.049776725
44501,0.038892593
44701,0.19283962
44901,0.12431673
45201,0.015315847
45301,0.040757578
45501,0.02153632
45601,0.029687148
46101,0.0027652408
46301,0.0889743
46501,0.0040736864
46901,0.036782663
47001,0.7825317
47101,0.000181725
47201,0.06548709
47301,0.089116156
47601,0.05669422
47701,0.101902515
47801,0.06592438
47901,0.19686735
48201,0.06299567
48601,0.20232573
48701,0.19145328
49101,0.010495852
49201,0.15532155
49601,0.04256358
49701,0.8303496
49901,0.014376477
50101,0.0059472136
50301,0.926782
50401,0.8063386
50601,0.9391082
50801,0.98418885
50901,0.35276625
51001,0.1404551
51201,0.99509215
51601,0.7558617
51801,0.094882704
52001,0.3618653
52101,0.62310624
52501,0.06383977
52601,0.03081843
52701,0.0026550812
53201,0.035482306
53301,0.13525157
53401,0.0070644957
53601,0.13838758
53901,0.03720565
54101,0.005069941
54201,0.038017787
54301,0.019868577
54401,0.029373763
54601,0.00073721574
55001,0.20279238
55201,0.10440058
55401,0.98848057
55501,0.036813855
55601,0.07212809
56201,0.44494203
56501,0.06760845
56701,0.074920505
56801,0.22568898
57001,0.027487634
57101,0.10098886
57201,0.042002022
57301,0.39792213
57501,0.013915194
57901,0.08397219
58001,0.047999665
58201,0.019165164
58301,0.0842167
58501,0.007811221
58901,0.060150627
59101,0.02230407
59201,0.040011745
59501,0.21113065
59601,0.0021562485
59801,0.18432902
59901,0.38902193
60401,0.055680566
60501,0.22876084
60801,0.030720705
61101,0.106408074
61301,0.005077109
61401,0.016957924
61701,0.051501717
62101,0.00312705
62401,0.043857798
62701,0.05977063
62801,0.09554747
63501,0.015157214
63601,0.09294956
63701,0.10178751
63801,0.08993924
63901,0.35106286
64301,0.06422696
64401,0.103469774
2,0.029335352
102,0.03486629
402,0.00050777826
602,0.018702898
702,0.03700658
1002,0.031202463
1202,0.48846093
1702,0.015158318
2202,0.019974783
2702,0.020414565
2802,0.0055306186
2902,0.037889265
3002,0.003358621
3102,0.09721042
3202,0.016372604
3302,0.0114018
3402,0.018217828
3702,0.05424649
4002,0.000729897
4102,0.00096082914
4202,0.018906316
4402,0.00928826
4702,0.0004328669
4802,0.0747519
4902,0.0030557285
5102,0.0005027614
5202,0.020403948
5702,0.03611096
5902,0.035990514
6202,0.05043224
6302,0.030878399
6502,0.07983745
6602,0.050316367
6802,0.07590966
6902,0.0010461726
7002,0.022833217
7202,0.0010711947
7402,0.021172721
7502,0.03195306
7702,0.11501633
7902,0.089034714
8102,0.017712543
8202,0.04414966
8302,0.030072343
8402,0.047053136
8502,0.041328486
8602,0.07222998
8702,0.054717664
8902,0.045655593
9002,0.025354726
9202,0.025000276
9502,0.052718207
9802,0.034543462
9902,0.030297708
10102,0.06224424
10402,0.04160453
10502,0.053667318
10602,0.020249324
10702,0.0044662696
10902,0.01807499
11202,0.10049267
11302,0.007933591
11702,0.00070701516
11902,0.045989167
12102,0.0039793807
12402,0.020003337
12702,0.035808615
12902,0.0027554538
13002,0.0061514997
13402,0.03804725
13502,0.038120124
13602,0.10013616
13702,0.06306601
13902,0.020290991
14302,0.039120566
14402,0.0012047341
15402,0.0031184286
15602,0.067224264
15702,0.01796768
15802,0.06433725
15902,0.036922947
16102,0.01153098
16202,0.020679513
16302,0.07041425
16402,0.06585871
16502,0.004179283
16602,0.27550238
17002,0.030080665
17102,0.033054434
17202,0.027548784
17302,0.08887437
17402,0.041682567
17602,0.011284828
17702,0.02045421
17902,0.028858384
18002,0.025352497
18102,0.00097502884
18202,0.0024226622
18402,0.0010756948
18502,0.03831983
18702,0.0109089725
18802,0.06738409
19102,0.004016751
19502,0.04323946
19602,0.002291716
19702,0.046963677
19802,0.011425283
20702,0.014061155
20802,0.0023504365
20902,0.047391873
21102,0.059876513
21202,0.06044656
21402,0.009641883
21802,0.056995314
22002,0.057608142
22302,0.006889436
22402,0.041298334
22502,0.04664817
22602,0.03495928
22902,0.000111682755
23002,0.0005945191
23202,0.020539423
23302,0.0333417
23602,0.060838148
23702,0.0042357943
23802,0.014246454
23902,0.04098136
24102,0.10889881
24202,0.08923061
24402,0.0011515886
24502,0.007891255
24602,0.010534026
24702,0.009732635
25302,0.008452038
25402,0.011330471
25802,0.0030324212
26002,0.014312394
26102,0.008201509
26202,0.04990294
26302,0.03108007
26402,0.007832454
26602,0.030288156
26702,0.011553812
26802,0.12729418
26902,0.16335231
27002,0.054329433
27302,0.014082008
27402,0.0077361935
27502,0.004242422
27902,0.40976027
28002,0.16094889
28102,0.021380117
28302,0.02953125
28402,0.052563913
29002,0.021627124
29102,0.0641906
29302,0.041897662
29602,0.01793723
29702,0.030918285
29802,0.023700735
29902,0.08391209
30002,0.02391848
30102,0.0021382025
30302,0.07187716
30402,0.025881395
30702,0.0016035726
30802,0.048777036
31102,0.0036283839
31202,0.017364712
31602,0.05048352
31702,0.0031802699
31802,0.017766634
31902,0.03238816
32002,0.115573026
32102,0.055322893
32802,0.022871427
33002,0.07635932
33102,0.015392746
33502,0.01841189
33702,0.03452016
33802,0.022480926
33902,0.028037744
34002,0.01710781
34202,8.445966e-05
34302,0.03321126
34402,0.0010793706
34502,0.011238038
34602,0.15594707
34802,0.00021861772
35002,0.040596858
35202,0.022510204
35302,0.0089806635
35502,0.039586056
35602,0.014799996
35702,0.033205997
35902,0.0094538145
36002,0.0080878455
36102,0.059408586
36602,0.0015787919
37202,0.05178844
37402,0.017710824
37502,0.017317874
37602,0.009964522
37702,0.029025013
38102,0.0471842
38202,0.041491363
38302,0.017525116
38402,0.035611037
38602,0.03494206
38802,0.050381042
39102,0.015131497
39202,0.0001587706
39302,0.010251926
39402,0.009077148
39602,0.02833038
39702,0.008371845
39902,0.15882395
40002,0.026767097
40202,0.031313095
40502,0.03564642
40602,0.03333746
41802,0.019140474
42002,0.03621576
42702,0.048387375
42902,0.023995453
43602,0.0041498314
44202,0.1722212
44502,0.07570706
44702,0.10241337
44902,0.06070767
45202,0.006576107
45302,0.01219401
45502,0.016172593
45602,0.026237572
46102,0.025960308
46302,0.05272219
46502,0.00088632334
46902,0.07783805
47002,0.07587304
47102,0.000862995
47202,0.21317247
47302,0.07852793
47602,0.02806047
47702,0.046591923
47802,0.024363266
47902,0.039881345
48202,0.013807854
48602,0.115798965
48702,0.008002531
49102,0.012582753
49202,0.046200592
49602,0.026051892
49702,0.0610956
49902,0.08440956
50102,0.013290063
50302,0.008176821
50402,0.10689507
50602,0.0017994989
50802,0.0019536146
50902,0.123627104
51002,0.075807214
51202,0.0008718774
51602,0.009669194
51802,0.043643687
52002,0.012027919
52102,0.025808278
52502,0.0328057
52602,0.0032787204
52702,0.040632457
53202,0.010520451
53302,0.011271942
53402,0.001779
53602,0.121279046
53902,0.012625153
54102,0.01828509
54202,0.03233064
54302,0.031101122
54402,0.051793486
54602,0.0137405
55002,0.07890235
55202,0.016052073
55402,0.0019064974
55502,0.15031785
55602,0.025397284
56202,0.013091345
56502,0.029447393
56702,0.045732953
56802,0.025112823
57002,0.034055255
57102,0.12989424
57202,0.05670635
57302,0.17876811
57502,0.040886495
57902,0.020517807
58002,0.02033213
58202,0.037445728
58302,0.1445908
58502,0.0022828092
58902,0.023275513
59102,0.020046663
59202,0.07198288
59502,0.014648011
59602,0.0076044356
59802,0.11523442
59902,0.07451708
60402,0.34414384
60502,0.12789501
60802,0.018696668
61102,0.18290207
61302,0.0043226318
61402,0.009569556
61702,0.05127269
62102,0.005219529
62402,0.031642456
62702,0.027732998
62802,0.11393092
63502,0.0039702393
63602,0.033623546
63702,0.065580554
63802,0.09309111
63902,0.03266573
64302,0.02989507
64402,0.047041424
3,0.015921954
103,0.027174281
403,0.00012674944
603,0.03262027
703,0.067788586
1003,0.015875148
1203,0.0006429426
1703,0.020869192
2203,0.15343896
2703,0.00021077713
2803,0.0018486195
2903,0.042222742
3003,0.024334254
3103,0.03622055
3203,0.01257699
3303,0.012086417
3403,0.032274615
3703,0.02036626
4003,0.000810176
4103,0.0021485551
4203,0.036822747
4403,0.0025082605
4703,0.0002208616
4803,0.10582729
4903,0.0016398181
5103,0.0013120882
5203,0.1100859
5703,0.04902723
5903,0.031440187
6203,0.08575908
6303,0.044199426
6503,0.06181233
6603,0.13437809
6803,0.08550704
6903,0.0003835657
7003,0.00046798872
7203,0.0003237044
7403,0.004042633
7503,0.019264601
7703,0.053936455
7903,0.008010668
8103,0.05781327
8203,0.046557304
8303,0.017892519
8403,0.10280123
8503,0.08060582
8603,0.18471487
8703,0.01608978
8903,0.027870473
9003,0.010380408
9203,0.028734008
9503,0.018189885
9803,0.029266903
9903,0.038192436
10103,0.0648761
10403,0.04579255
10503,0.09378327
10603,0.06449162
10703,0.014773563
10903,0.09172271
11203,0.061133664
11303,0.0006626658
11703,0.0009927171
11903,0.10255799
12103,0.004027498
12403,0.032478068
12703,0.02370288
12903,0.0066293776
13003,0.016820392
13403,0.06286909
13503,0.025145262
13603,0.10887356
13703,0.11161674
13903,0.020081254
14303,0.19001186
14403,0.00025522505
15403,0.00052695454
15603,0.099920325
15703,0.028707657
15803,0.03688839
15903,0.030516824
16103,0.004154
16203,0.018633362
16303,0.0069452943
16403,0.04645635
16503,5.1968334e-05
16603,0.0006124667
17003,0.05588878
17103,0.06734585
17203,0.06890724
17303,0.0070737656
17403,0.015087257
17603,0.0014765781
17703,0.03378031
17903,0.05850861
18003,0.029949773
18103,0.00020166907
18203,0.00010771101
18403,0.0008761499
18503,0.062969446
18703,0.00014771469
18803,0.04448506
19103,0.002330023
19503,0.049722534
19603,0.0016981827
19703,0.0452418
19803,0.0035202669
20703,0.029700277
20803,0.0015203429
20903,0.0584509
21103,0.059770625
21203,0.022365347
21403,0.007328743
21803,0.14040555
22003,0.13073838
22303,0.008415224
22403,0.039923962
22503,0.115032904
22603,0.055466462
22903,0.00041579118
23003,4.4503926e-05
23203,0.012888778
23303,0.032271028
23603,0.036852356
23703,0.008063747
23803,0.0166095
23903,0.055647336
24103,0.15152939
24203,0.037943155
24403,0.00035894397
24503,0.0021115504
24603,0.00015368953
24703,0.025856538
25303,0.0036955716
25403,0.00526161
25803,0.0002805865
26003,0.0018960288
26103,0.0096380515
26203,0.078886114
26303,0.055674657
26403,0.12578087
26603,0.06338204
26703,0.053267032
26803,0.0050966116
26903,0.012306947
27003,0.03196206
27303,0.013246553
27403,0.0017123963
27503,0.002065316
27903,0.00145742
28003,0.030587824
28103,0.005928204
28303,0.08222255
28403,0.0787597
29003,0.0026310652
29103,0.08935547
29303,0.12502779
29603,0.044242665
29703,0.044498593
29803,0.031195946
29903,0.0727001
30003,0.06861713
30103,0.001255588
30303,0.058325227
30403,0.049792368
30703,0.000597169
30803,0.013469588
31103,0.0009232471
31203,0.05115168
31603,0.11500602
31703,0.0005463569
31803,0.0038016674
31903,0.08540002
32003,0.14991368
32103,0.051877484
32803,0.02588223
33003,0.14022459
33103,0.010684765
33503,0.03515759
33703,0.035913568
33803,0.04867729
33903,4.549365e-05
34003,0.016484184
34203,5.1371353e-05
34303,0.06378246
34403,0.000635148
34503,0.00075528777
34603,0.03210007
34803,1.7161261e-05
35003,0.042271763
35203,0.010306539
35303,0.008372775
35503,0.06133796
35603,0.017388636
35703,0.023320708
35903,0.0042476575
36003,0.002348351
36103,0.049171407
36603,0.0007079431
37203,0.013214291
37403,0.058004692
37503,0.040143106
37603,0.0011163183
37703,0.015327785
38103,0.043562803
38203,0.06849148
38303,0.1273809
38403,0.030685635
38603,0.02676104
38803,0.042856485
39103,0.011956029
39203,0.00031111206
39303,0.0028059636
39403,0.0029566544
39603,0.0050077667
39703,0.0044429977
39903,0.09137573
40003,0.0072224378
40203,0.03633627
40503,0.039533414
40603,0.09005859
41803,0.0005365125
42003,0.034612928
42703,0.04419279
42903,0.03993305
43603,0.0023126362
44203,0.15476167
44503,0.024312103
44703,0.042636037
44903,0.04072767
45203,0.0052499794
45303,0.024493434
45503,0.023057796
45603,0.0953696
46103,0.025944479
46303,0.11619165
46503,0.00038098302
46903,0.23135646
47003,0.001005185
47103,3.190795e-05
47203,0.020601202
47303,0.055491112
47603,0.030526701
47703,0.057307597
47803,0.06397421
47903,0.045657344
48203,0.007867864
48603,0.009152484
48703,0.0002364223
49103,0.0053373473
49203,0.02829734
49603,0.023196967
49703,0.00043609936
49903,0.036844745
50103,0.024459254
50303,0.0022731747
50403,0.0040158085
50603,0.00077676546
50803,0.00024089655
50903,0.0014891028
51003,0.020422924
51203,4.2924847e-05
51603,0.012667436
51803,0.12813337
52003,0.030057915
52103,0.015737034
52503,0.010672195
52603,0.0011745216
52703,0.03391634
53203,0.21309239
53303,0.037899066
53403,0.008453989
53603,0.059452616
53903,0.010499125
54103,0.005425588
54203,0.040914368
54303,0.042407647
54403,0.067715466
54603,0.003615487
55003,0.033571497
55203,0.0034885893
55403,0.00019087778
55503,0.008163586
55603,0.004045447
56203,0.0151549615
56503,0.06890858
56703,0.07670294
56803,0.0027073799
57003,0.009090976
57103,0.03397577
57203,0.14454149
57303,0.059388645
57503,0.056920882
57903,0.038525004
58003,0.017635984
58203,0.0018726019
58303,0.029804936
58503,0.010264719
58903,0.019303448
59103,0.006209
59203,0.0031208466
59503,0.00089118467
59603,0.013089781
59803,0.011059217
59903,0.015612174
60403,8.9807414e-05
60503,0.021274416
60803,0.07224308
61103,0.005815777
61303,0.0008247134
61403,0.00072172825
61703,0.040003113
62103,0.0034568142
62403,0.09551036
62703,0.08924681
62803,0.045925327
63503,0.0005058479
63603,0.041234165
63703,0.0701935
63803,0.095528
63903,0.023714483
64303,0.043605473
64403,0.07726714
4,0.079254605
104,0.0997381
404,0.0005723878
604,0.040469095
704,0.09884806
1004,0.05557459
1204,0.0053758686
1704,0.045495298
2204,0.037216693
2704,0.00045270252
2804,0.0128615135
2904,0.044656582
3004,0.008789476
3104,0.04389855
3204,0.031804856
3304,0.013285293
3404,0.024593787
3704,0.030052
4004,0.0005570792
4104,0.00095137197
4204,0.033935096
4404,0.031622883
4704,0.00020889388
4804,0.033818837
4904,0.011673563
5104,0.0011146949
5204,0.041720327
5704,0.032043334
5904,0.1511765
6204,0.044976775
6304,0.099094264
6504,0.07030116
6604,0.062074527
6804,0.052496657
6904,0.07721468
7004,0.0009898321
7204,0.0011810311
7404,0.17225869
7504,0.011113704
7704,0.059864424
7904,0.020637572
8104,0.049134385
8204,0.04877261
8304,0.24875322
8404,0.11437582
8504,0.05552273
8604,0.059980694
8704,0.03896009
8904,0.096620224
9004,0.019648157
9204,0.17569044
9504,0.006565365
9804,0.07217821
9904,0.043240245
10104,0.14170635
10404,0.11299683
10504,0.05661624
10604,0.09856548
10704,0.028393399
10904,0.022233771
11204,0.10276429
11304,0.0072981063
11704,0.0023033042
11904,0.08282974
12104,0.003254888
12404,0.028996732
12704,0.10589237
12904,0.004010141
13004,0.024533583
13404,0.14281264
13504,0.047235105
13604,0.028593304
13704,0.028396208
13904,0.049901385
14304,0.023143623
14404,0.0037961698
15404,0.02092617
15604,0.040050548
15704,0.022796433
15804,0.13315874
15904,0.06979507
16104,0.13013263
16204,0.30241075
16304,0.04418282
16404,0.08081469
16504,0.0003706098
16604,0.015686803
17004,0.0835159
17104,0.044596385
17204,0.01711429
17304,0.037060544
17404,0.01595302
17604,0.056731775
17704,0.021696473
17904,0.045390937
18004,0.06870356
18104,0.0006186028
18204,0.00013265254
18404,0.0008333451
18504,0.035024256
18704,0.00083790126
18804,0.042980634
19104,0.004212473
19504,0.082095765
19604,0.0016714459
19704,0.102337286
19804,0.0050190575
20704,0.15049207
20804,0.003747414
20904,0.030667322
21104,0.05806741
21204,0.020651963
21404,0.009095321
21804,0.024379231
22004,0.031879384
22304,0.0133203175
22404,0.13299139
22504,0.030856824
22604,0.058129907
22904,0.00049777405
23004,5.084452e-05
23204,0.07836503
23304,0.026944315
23604,0.07422879
23704,0.020779196
23804,0.009118561
23904,0.05407964
24104,0.026862336
24204,0.12140096
24404,0.0029694608
24504,0.0059585436
24604,0.002831012
24704,0.058371753
25304,0.005345999
25404,0.34747183
25804,0.13483888
26004,0.012526143
26104,0.026355745
26204,0.033805903
26304,0.07448672
26404,0.011869895
26604,0.06277767
26704,0.031109802
26804,0.009497799
26904,0.06954411
27004,0.24599306
27304,0.05675098
27404,0.0066317325
27504,0.0030108362
27904,0.040297024
28004,0.03876577
28104,0.068226576
28304,0.028475076
28404,0.043116443
29004,0.11061683
29104,0.056269944
29304,0.04068631
29604,0.038792983
29704,0.013876662
29804,0.06418166
29904,0.032381564
30004,0.04583853
30104,0.04550446
30304,0.06649215
30404,0.039588414
30704,0.027977308
30804,0.028541114
31104,0.015480519
31204,0.073345855
31604,0.08332852
31704,0.105366275
31804,0.23096581
31904,0.039043613
32004,0.030080128
32104,0.033685993
32804,0.05052032
33004,0.02207042
33104,0.015982341
33504,0.035038535
33704,0.0645366
33804,0.06128841
33904,0.00018471428
34004,0.0073705455
34204,0.0001527979
34304,0.028305443
34404,0.00039378516
34504,0.0012602136
34604,0.069309704
34804,4.8387585e-05
35004,0.0599759
35204,0.011459484
35304,0.0087416675
35504,0.059178565
35604,0.04129094
35704,0.021965664
35904,0.11507594
36004,0.33514342
36104,0.17190222
36604,0.00096202514
37204,0.012123617
37404,0.019520078
37504,0.02648398
37604,0.0071394076
37704,0.05770777
38104,0.12673104
38204,0.045180716
38304,0.035304423
38404,0.044962462
38604,0.057639644
38804,0.013301635
39104,0.1057346
39204,0.0009193802
39304,0.00468014
39404,0.03659085
39604,0.04343519
39704,0.0021672521
39904,0.050695576
40004,0.0072588692
40204,0.041145515
40504,0.07875749
40604,0.03664602
41804,0.004415821
42004,0.07134734
42704,0.018364718
42904,0.13563906
43604,0.07290276
44204,0.021497333
44504,0.03305397
44704,0.06097765
44904,0.035454735
45204,0.005443292
45304,0.12436603
45504,0.05387211
45604,0.056979727
46104,0.009453346
46304,0.060114183
46504,0.0020584643
46904,0.038073722
47004,0.013156506
47104,0.0055233655
47204,0.0819255
47304,0.09295668
47604,0.07370938
47704,0.046963304
47804,0.026149923
47904,0.13362393
48204,0.34469905
48604,0.054794323
48704,0.00066561153
49104,0.031209396
49204,0.05476944
49604,0.17377765
49704,0.0016224891
49904,0.045010485
50104,0.065987706
50304,0.0027215735
50404,0.0055806534
50604,0.0014026292
50804,0.0004267528
50904,0.008650643
51004,0.034427125
51204,0.00023544428
51604,0.004591632
51804,0.03805761
52004,0.073254935
52104,0.04055638
52504,0.0349239
52604,0.10987267
52704,0.00505924
53204,0.011625915
53304,0.016846856
53404,0.0040283427
53604,0.010093834
53904,0.0031597037
54104,0.02500557
54204,0.09193706
54304,0.067815974
54404,0.05632125
54604,0.002291416
55004,0.078189835
55204,0.008537794
55404,0.0007029328
55504,0.010733641
55604,0.14203914
56204,0.06709989
56504,0.11098894
56704,0.047729626
56804,0.29115504
57004,0.015536535
57104,0.03449202
57204,0.058947142
57304,0.037544623
57504,0.030603154
57904,0.06671329
58004,0.30810592
58204,0.04974323
58304,0.09244888
58504,0.017565068
58904,0.10169652
59104,0.11526183
59204,0.023954146
59504,0.053898428
59604,0.012151447
59804,0.032100108
59904,0.014710826
60404,0.002671561
60504,0.0352349
60804,0.05801834
61104,0.032515414
61304,0.09483022
61404,0.018198619
61704,0.016769465
62104,0.009920457
62404,0.02690014
62704,0.05700528
62804,0.033840824
63504,0.1741445
63604,0.12410963
63704,0.043232962
63804,0.05183673
63904,0.07086339
64304,0.07146743
64404,0.058714982
5,0.03612404
105,0.053710617
405,0.0003932925
605,0.024561167
705,0.07023482
1005,0.03673102
1205,0.0016177284
1705,0.18521772
2205,0.07455988
2705,0.00039838048
2805,0.0030057495
2905,0.04525467
3005,0.00815683
3105,0.025903849
3205,0.016766833
3305,0.07732803
3405,0.020173896
3705,0.021570355
4005,0.00030391366
4105,0.0036753924
4205,0.028670939
4405,0.0060598254
4705,0.00011055825
4805,0.07546726
4905,0.004168153
5105,0.0010035479
5205,0.06447339
5705,0.04656716
5905,0.07805099
6205,0.045974746
6305,0.032793015
6505,0.062360317
6605,0.07988943
6805,0.05526141
6905,0.0011181551
7005,0.0011399745
7205,0.00031826
7405,0.046999324
7505,0.0194094
7705,0.042800415
7905,0.010112005
8105,0.031527262
8205,0.042521324
8305,0.033658892
8405,0.07426564
8505,0.056029167
8605,0.080622874
8705,0.037233833
8905,0.04400555
9005,0.0133138755
9205,0.066146195
9505,0.0058439947
9805,0.07286394
9905,0.033406604
10105,0.04037672
10405,0.06560387
10505,0.061059676
10605,0.083398014
10705,0.044894196
10905,0.03849127
11205,0.03419872
11305,0.0014728708
11705,0.00053478836
11905,0.07101637
12105,0.0013115999
12405,0.017034883
12705,0.038076892
12905,0.009540947
13005,0.01631875
13405,0.071125284
13505,0.035992276
13605,0.06382021
13705,0.08730929
13905,0.025281014
14305,0.074397475
14405,0.00018554175
15405,0.0028599831
15605,0.06380335
15705,0.023455368
15805,0.04509964
15905,0.035712503
16105,0.011455596
16205,0.04812418
16305,0.017464956
16405,0.08037803
16505,0.00040127063
16605,0.003558756
17005,0.063095145
17105,0.06276752
17205,0.04187728
17305,0.009184586
17405,0.021166943
17605,0.0030383554
17705,0.01818329
17905,0.16095063
18005,0.18627042
18105,0.00029715922
18205,0.0001957156
18405,0.00087579194
18505,0.055627424
18705,0.00033472912
18805,0.05449571
19105,0.0022895795
19505,0.06624634
19605,0.001428317
19705,0.05542282
19805,0.0029941322
20705,0.08404243
20805,0.0019194675
20905,0.02711719
21105,0.041553225
21205,0.014526903
21405,0.020347409
21805,0.050568223
22005,0.10356267
22305,0.0077832444
22405,0.040593047
22505,0.062345758
22605,0.037516315
22905,9.043043e-05
23005,6.698451e-05
23205,0.05542776
23305,0.01695837
23605,0.09283471
23705,0.007661845
23805,0.011640643
23905,0.030939931
24105,0.04845598
24205,0.05670247
24405,0.0008716505
24505,0.0031785886
24605,0.0008008581
24705,0.019594572
25305,0.004645189
25405,0.020152934
25805,0.0011063406
26005,0.0036814257
26105,0.008797449
26205,0.05639104
26305,0.066184305
26405,0.039486837
26605,0.05331509
26705,0.042763602
26805,0.0044119656
26905,0.019478902
27005,0.09861508
27305,0.013500915
27405,0.004728276
27505,0.0010298433
27905,0.004545876
28005,0.021989467
28105,0.015041378
28305,0.029871164
28405,0.055031426
29005,0.01052206
29105,0.05838526
29305,0.048146456
29605,0.018730942
29705,0.054321464
29805,0.030710176
29905,0.11041265
30005,0.06849225
30105,0.0020646672
30305,0.046487246
30405,0.06727235
30705,0.0013299487
30805,0.013997883
31105,0.0016703287
31205,0.07735154
31605,0.05615944
31705,0.001975508
31805,0.010616429
31905,0.041273013
32005,0.054708015
32105,0.09817937
32805,0.029831715
33005,0.043140937
33105,0.025767393
33505,0.021015583
33705,0.13125362
33805,0.18938377
33905,0.00016691985
34005,0.019138647
34205,7.567933e-05
34305,0.056396477
34405,0.00081466977
34505,0.0016253627
34605,0.039572425
34805,5.0496063e-05
35005,0.060491655
35205,0.007204538
35305,0.0051108142
35505,0.06193033
35605,0.013027742
35705,0.03917088
35905,0.007409265
36005,0.012746521
36105,0.04656134
36605,0.0014897294
37205,0.0143093895
37405,0.02857709
37505,0.02694103
37605,0.0036397036
37705,0.025395706
38105,0.04462241
38205,0.07359424
38305,0.07711074
38405,0.04651709
38605,0.03659144
38805,0.060245585
39105,0.024791913
39205,0.00013770924
39305,0.002181855
39405,0.003580325
39605,0.0108715845
39705,0.012924806
39905,0.0386824
40005,0.008136369
40205,0.037199374
40505,0.028137568
40605,0.050466523
41805,0.0008885333
42005,0.062976904
42705,0.022111984
42905,0.06568269
43605,0.01146748
44205,0.01787232
44505,0.010222396
44705,0.037554525
44905,0.09902767
45205,0.0070471168
45305,0.039815042
45505,0.026145065
45605,0.042690948
46105,0.10841705
46305,0.048765983
46505,0.00048789062
46905,0.07029474
47005,0.0027129473
47105,9.102491e-05
47205,0.011447993
47305,0.052095212
47605,0.13776578
47705,0.07514623
47805,0.029503457
47905,0.053143054
48205,0.017142372
48605,0.014582418
48705,0.0013521101
49105,0.006693225
49205,0.039582018
49605,0.027592974
49705,0.0013258316
49905,0.02994107
50105,0.23003028
50305,0.0020373857
50405,0.0034831401
50605,0.00091795455
50805,0.00032276462
50905,0.007281689
51005,0.057588343
51205,0.00013972486
51605,0.00361557
51805,0.025834156
52005,0.024347097
52105,0.020180542
52505,0.0071422597
52605,0.004436244
52705,0.03265084
53205,0.033117346
53305,0.017610967
53405,0.017134668
53605,0.044938646
53905,0.006661588
54105,0.007984725
54205,0.07671803
54305,0.08909155
54405,0.052255094
54605,0.025852272
55005,0.052960742
55205,0.005145198
55405,0.0002907867
55505,0.008723031
55605,0.031167582
56205,0.022998432
56505,0.05785922
56705,0.093536206
56805,0.010266412
57005,0.009262123
57105,0.03624749
57205,0.039291274
57305,0.017430259
57505,0.097577184
57905,0.019383889
58005,0.052488685
58205,0.0047474164
58305,0.045856126
58505,0.0074206623
58905,0.039345097
59105,0.011170701
59205,0.0028145134
59505,0.0032575806
59605,0.009949634
59805,0.029374577
59905,0.018457238
60405,0.00024366236
60505,0.02463033
60805,0.042005002
61105,0.0076234248
61305,0.0036585128
61405,0.0022660107
61705,0.050656278
62105,0.0059708715
62405,0.038256098
62705,0.059659325
62805,0.044182915
63505,0.0043840054
63605,0.038964514
63705,0.050966926
63805,0.06215539
63905,0.033163816
64305,0.030871864
64405,0.033633646
6,0.011254767
106,0.011831254
406,0.00040257306
606,0.05579901
706,0.032477662
1006,0.013164205
1206,0.0006666556
1706,0.02733378
2206,0.009548234
2706,9.794151e-05
2806,0.0046123224
2906,0.08361419
3006,0.021195626
3106,0.006866842
3206,0.33202723
3306,0.24063133
3406,0.0094606
3706,0.0056517455
4006,0.0013560859
4106,0.0031420481
4206,0.2159827
4406,0.0017172976
4706,0.00044944932
4806,0.012142957
4906,0.010533761
5106,0.004675839
5206,0.06435498
5706,0.21747944
5906,0.025807751
6206,0.040834103
6306,0.015938463
6506,0.032393523
6606,0.030396845
6806,0.02615969
6906,0.000703227
7006,0.00043718715
7206,0.0013499688
7406,0.011787682
7506,0.01654443
7706,0.018213358
7906,0.021190194
8106,0.028526478
8206,0.020579142
8306,0.021739038
8406,0.017994177
8506,0.0065596313
8606,0.02014948
8706,0.015838534
8906,0.00946009
9006,0.009221909
9206,0.02915191
9506,0.006548088
9806,0.078827016
9906,0.025604805
10106,0.029228596
10406,0.025407815
10506,0.01852652
10606,0.06011484
10706,0.009135438
10906,0.04862983
11206,0.027640257
11306,0.0010287068
11706,0.001786469
11906,0.024954386
12106,0.01202324
12406,0.10714007
12706,0.027084814
12906,0.0022940687
13006,0.04724802
13406,0.031577583
13506,0.005204515
13606,0.0224986
13706,0.07361445
13906,0.059258483
14306,0.03269188
14406,0.00091262424
15406,0.014273777
15606,0.027779453
15706,0.18125483
15806,0.017042328
15906,0.007916409
16106,0.022528503
16206,0.012346623
16306,0.017775027
16406,0.010051169
16506,0.00043340868
16606,0.0018814735
17006,0.010079427
17106,0.00944585
17206,0.009780919
17306,0.0034760565
17406,0.01596292
17606,0.0050930455
17706,0.0034857225
17906,0.013116254
18006,0.011282915
18106,0.00020970985
18206,0.00014187134
18406,0.0022502914
18506,0.033934418
18706,0.0002546888
18806,0.066348664
19106,0.01797523
19506,0.018486323
19606,0.0007269669
19706,0.013769464
19806,0.0016692164
20706,0.19988783
20806,0.0013774539
20906,0.0274435
21106,0.014320981
21206,0.022461161
21406,0.012128744
21806,0.028063131
22006,0.021164514
22306,0.0048723873
22406,0.026104199
22506,0.011718606
22606,0.045794126
22906,0.0006270911
23006,3.8776423e-05
23206,0.01253706
23306,0.014689353
23606,0.07152376
23706,0.015338219
23806,0.0039379643
23906,0.028863745
24106,0.01968868
24206,0.014082839
24406,0.0010801804
24506,0.0070441426
24606,0.00021378823
24706,0.018780291
25306,0.01251618
25406,0.03256422
25806,0.002754664
26006,0.007506978
26106,0.0015489626
26206,0.049710874
26306,0.033868287
26406,0.16132611
26606,0.017469794
26706,0.021090928
26806,0.0050265426
26906,0.004232024
27006,0.037654743
27306,0.014752695
27406,0.0022638438
27506,0.0014866554
27906,0.0015432397
28006,0.009763766
28106,0.017380934
28306,0.033689037
28406,0.016739022
29006,0.024864528
29106,0.02252841
29306,0.036906544
29606,0.017246967
29706,0.010398577
29806,0.010255335
29906,0.019525928
30006,0.03544327
30106,0.008327221
30306,0.04590157
30406,0.12908915
30706,0.011184535
30806,0.009012787
31106,0.0059620542
31206,0.10357855
31606,0.028742693
31706,0.0041360487
31806,0.023802742
31906,0.018913794
32006,0.022393735
32106,0.010348167
32806,0.016204394
33006,0.008557553
33106,0.0132565005
33506,0.018126631
33706,0.01918672
33806,0.009401558
33906,7.6518394e-05
34006,0.0134165855
34206,0.000112982445
34306,0.009885144
34406,0.0005567961
34506,0.0014018051
34606,0.043848053
34806,6.40562e-05
35006,0.036415473
35206,0.0026707074
35306,0.021694932
35506,0.037516084
35606,0.008524553
35706,0.012412199
35906,0.009670334
36006,0.012012382
36106,0.0069208876
36606,0.00056922
37206,0.012102986
37406,0.07588285
37506,0.036400717
37606,0.0012778804
37706,0.012655739
38106,0.019321468
38206,0.01981583
38306,0.045825295
38406,0.06451579
38606,0.0027730912
38806,0.014020082
39106,0.016252764
39206,0.00069778104
39306,0.00486548
39406,0.009277747
39606,0.052526794
39706,0.0016447718
39906,0.010606748
40006,0.040555384
40206,0.008125253
40506,0.043483257
40606,0.026945
41806,0.0046077734
42006,0.025865048
42706,0.08255706
42906,0.031779252
43606,0.025676876
44206,0.010647784
44506,0.017183896
44706,0.012988371
44906,0.008148122
45206,0.6486143
45306,0.055189565
45506,0.07343482
45606,0.049264137
46106,0.005755263
46306,0.019398721
46506,0.0039111455
46906,0.0072200946
47006,0.0007437315
47106,0.00013465727
47206,0.010968681
47306,0.016850147
47606,0.04933403
47706,0.021829179
47806,0.0424911
47906,0.024215974
48206,0.014673643
48606,0.0049965624
48706,0.00072136335
49106,0.026331486
49206,0.13685364
49606,0.011304285
49706,0.00076828
49906,0.012212299
50106,0.013000467
50306,0.0016302622
50406,0.0025036514
50606,0.012908416
50806,0.0017867483
50906,0.0076246588
51006,0.11173329
51206,0.00015458849
51606,0.007890186
51806,0.043067977
52006,0.009654626
52106,0.017919656
52506,0.055232376
52606,0.08784586
52706,0.007862847
53206,0.034786988
53306,0.040549435
53406,0.02128012
53606,0.01777274
53906,0.0018272492
54106,0.0054679094
54206,0.032414056
54306,0.2195049
54406,0.02326229
54606,0.0010524738
55006,0.0047221896
55206,0.00350124
55406,0.00024926753
55506,0.050942384
55606,0.02177474
56206,0.010033817
56506,0.017837204
56706,0.06618462
56806,0.01736407
57006,0.0041955085
57106,0.01644592
57206,0.034606162
57306,0.010034726
57506,0.034459803
57906,0.012050615
58006,0.0214239
58206,0.0035148826
58306,0.031255044
58506,0.0026922498
58906,0.06503731
59106,0.0024460643
59206,0.010789406
59506,0.0007940301
59606,0.00877113
59806,0.011505257
59906,0.014171656
60406,0.00021323991
60506,0.018150186
60806,0.042503916
61106,0.00963756
61306,0.001914103
61406,0.0053966567
61706,0.009547798
62106,0.023490736
62406,0.01966729
62706,0.027362013
62806,0.019850094
63506,0.0025639196
63606,0.04122052
63706,0.02502805
63806,0.01900797
63906,0.006112499
64306,0.035281617
64406,0.026850687
7,0.05172889
107,0.02488916
407,0.00041088284
607,0.021262264
707,0.06105999
1007,0.028289406
1207,0.00046426425
1707,0.01592961
2207,0.17047016
2707,0.00012136727
2807,0.006732987
2907,0.09188141
3007,0.009902633
3107,0.026320284
3207,0.045192458
3307,0.0083233705
3407,0.026271652
3707,0.004785013
4007,0.0011221106
4107,0.000935295
4207,0.062753476
4407,0.0035006686
4707,0.00043299075
4807,0.052514434
4907,0.005984293
5107,0.0012221787
5207,0.058303487
5707,0.0945722
5907,0.09209596
6207,0.16254376
6307,0.21731086
6507,0.032574747
6607,0.05447812
6807,0.033068378
6907,0.014681116
7007,0.000245614
7207,0.0010260947
7407,0.0033574407
7507,0.0069390037
7707,0.10502551
7907,0.012968713
8107,0.044765983
8207,0.040778816
8307,0.089761965
8407,0.099133946
8507,0.037325375
8607,0.06438626
8707,0.011530384
8907,0.035425678
9007,0.01827723
9207,0.06826354
9507,0.0066350917
9807,0.04932892
9907,0.09280201
10107,0.07948771
10407,0.25746757
10507,0.16267392
10607,0.15492122
10707,0.07784142
10907,0.03557283
11207,0.031667173
11307,0.0044860304
11707,0.008787955
11907,0.093189284
12107,0.08684537
12407,0.1017471
12707,0.028722217
12907,0.00475065
13007,0.009613411
13407,0.10336418
13507,0.0040314994
13607,0.15988594
13707,0.10245312
13907,0.07468968
14307,0.04743515
14407,0.0037398115
15407,0.005393179
15607,0.050284155
15707,0.08649411
15807,0.0662101
15907,0.029768735
16107,0.019195668
16207,0.02781304
16307,0.0082130125
16407,0.054501478
16507,0.00015920443
16607,0.0006709941
17007,0.15002878
17107,0.08196197
17207,0.030515412
17307,0.010012355
17407,0.014935723
17607,0.006620499
17707,0.006867216
17907,0.076363556
18007,0.05277651
18107,0.00060168514
18207,0.0002438702
18407,0.0034810146
18507,0.16460074
18707,0.00032351667
18807,0.1447681
19107,0.004907139
19507,0.022407576
19607,0.0007788795
19707,0.022151396
19807,0.0011766951
20707,0.0543763
20807,0.0021023715
20907,0.024658715
21107,0.035713278
21207,0.16471015
21407,0.021826888
21807,0.036440574
22007,0.029384466
22307,0.19188274
22407,0.03665343
22507,0.058930136
22607,0.04961925
22907,0.056726545
23007,9.033793e-05
23207,0.04240729
23307,0.14177048
23607,0.05543977
23707,0.04445829
23807,0.0048927316
23907,0.06130382
24107,0.066894986
24207,0.07589149
24407,0.000944653
24507,0.0033306826
24607,0.0001298473
24707,0.04880539
25307,0.0065820212
25407,0.041022766
25807,0.0056566168
26007,0.002448235
26107,0.0049006757
26207,0.2098567
26307,0.11798358
26407,0.06992085
26607,0.02730969
26707,0.023124376
26807,0.019003266
26907,0.011890596
27007,0.03921797
27307,0.050648376
27407,0.003010531
27507,0.00312585
27907,0.0012757732
28007,0.01574208
28107,0.013527214
28307,0.040665347
28407,0.042388357
29007,0.0050159288
29107,0.052883737
29307,0.074328326
29607,0.22574477
29707,0.01890786
29807,0.019964978
29907,0.06753955
30007,0.07177296
30107,0.011893299
30307,0.09315506
30407,0.122691005
30707,0.014395562
30807,0.009458037
31107,0.007687928
31207,0.22189398
31607,0.054904096
31707,0.006438474
31807,0.035063684
31907,0.14639455
32007,0.062494513
32107,0.07775165
32807,0.025882602
33007,0.051907305
33107,0.0058779013
33507,0.023750972
33707,0.06991333
33807,0.032698903
33907,0.00023733146
34007,0.0037764695
34207,0.00034672904
34307,0.057289723
34407,0.00035084068
34507,0.00051178195
34607,0.053946264
34807,0.00015676217
35007,0.04653572
35207,0.012143886
35307,0.0066345045
35507,0.030388435
35607,0.016746905
35707,0.007120789
35907,0.019967858
36007,0.017134814
36107,0.063261434
36607,0.00039734738
37207,0.044372264
37407,0.027777726
37507,0.03690641
37607,0.0019776472
37707,0.013530458
38107,0.034591798
38207,0.03778138
38307,0.11345548
38407,0.03455685
38607,0.007659665
38807,0.015724255
39107,0.024311224
39207,0.01693331
39307,0.0115691265
39407,0.01863065
39607,0.03700788
39707,0.008347795
39907,0.07731117
40007,0.20102619
40207,0.01042881
40507,0.13903128
40607,0.041622933
41807,0.0017816543
42007,0.07317044
42707,0.03598709
42907,0.18115985
43607,0.011857428
44207,0.014047221
44507,0.042353693
44707,0.014855773
44907,0.024303606
45207,0.025109129
45307,0.03458378
45507,0.023263453
45607,0.09842515
46107,0.0070588663
46307,0.04721682
46507,0.007005226
46907,0.1450551
47007,0.0016506773
47107,0.0005968538
47207,0.017823685
47307,0.046680566
47607,0.11003492
47707,0.03921473
47807,0.11737742
47907,0.09335089
48207,0.03815115
48607,0.007042762
48707,0.00019956545
49107,0.008637787
49207,0.08110104
49607,0.15973617
49707,0.0015785738
49907,0.019699644
50107,0.018095646
50307,0.0034946194
50407,0.0043490035
50607,0.012017575
50807,0.0011309858
50907,0.002232942
51007,0.029184533
51207,0.0001564998
51607,0.04321836
51807,0.08747967
52007,0.1451446
52107,0.0063464614
52507,0.48101324
52607,0.08817434
52707,0.00075518846
53207,0.06817083
53307,0.04259989
53407,0.005390431
53607,0.056227896
53907,0.0011837668
54107,0.019973285
54207,0.05243801
54307,0.054021142
54407,0.05742751
54607,0.0019072783
55007,0.01653306
55207,0.0068693487
55407,0.0003269577
55507,0.01549104
55607,0.013761857
56207,0.012727052
56507,0.048447262
56707,0.07002515
56807,0.02132006
57007,0.008651124
57107,0.01740994
57207,0.19902822
57307,0.06703354
57507,0.051959686
57907,0.044927664
58007,0.04998175
58207,0.009066232
58307,0.09446892
58507,0.008146752
58907,0.05458191
59107,0.004122307
59207,0.052815657
59507,0.0020022525
59607,0.013108551
59807,0.0041198
59907,0.005244779
60407,0.0007336777
60507,0.011869397
60807,0.036014445
61107,0.025692942
61307,0.004467701
61407,0.0063437633
61707,0.007943814
62107,0.007458531
62407,0.098174155
62707,0.19364308
62807,0.10231121
63507,0.0046122614
63607,0.07018189
63707,0.075034365
63807,0.048584886
63907,0.008529633
64307,0.043247547
64407,0.13133729
8,0.03331243
108,0.06887125
408,0.00090189505
608,0.019199861
708,0.048403528
1008,0.021370303
1208,0.005149602
1708,0.0067673433
2208,0.040110208
2708,0.0024402076
2808,0.02360816
2908,0.03775674
3008,0.0022010037
3108,0.025700144
3208,0.006486195
3308,0.0012669839
3408,0.02265203
3708,0.0064228056
4008,0.00022512586
4108,0.000498551
4208,0.008086477
4408,0.055055395
4708,0.00011728439
4808,0.022086136
4908,0.0017637761
5108,0.00035215617
5208,0.016148426
5708,0.010414457
5908,0.12751485
6208,0.024517445
6308,0.025130464
6508,0.09148116
6608,0.043864287
6808,0.065108016
6908,0.015129749
7008,0.0057047666
7208,0.00022108808
7408,0.011040077
7508,0.0024368959
7708,0.049261615
7908,0.033629384
8108,0.018570598
8208,0.008963608
8308,0.021516075
8408,0.109503224
8508,0.16708988
8608,0.034741983
8708,0.0760635
8908,0.49556246
9008,0.19055639
9208,0.0281643
9508,0.0026706276
9808,0.024783427
9908,0.06759923
10108,0.06078351
10408,0.067265645
10508,0.024173763
10608,0.046455186
10708,0.01050601
10908,0.015387465
11208,0.07083565
11308,0.0113238385
11708,0.00052698323
11908,0.03368036
12108,0.0024421883
12408,0.028845077
12708,0.054067746
12908,0.002383795
13008,0.008374744
13408,0.031091338
13508,0.041866984
13608,0.11885086
13708,0.0248685
13908,0.021353126
14308,0.011641236
14408,0.19738065
15408,0.0064655473
15608,0.027361479
15708,0.026720533
15808,0.07196826
15908,0.06597256
16108,0.00924214
16208,0.031984735
16308,0.0092085255
16408,0.042304777
16508,0.00041745984
16608,0.006056795
17008,0.015570352
17108,0.03449025
17208,0.017523477
17308,0.018667825
17408,0.008942289
17608,0.004250795
17708,0.07470866
17908,0.01484538
18008,0.019158598
18108,0.00031097265
18208,0.00080883433
18408,0.0008013426
18508,0.021164117
18708,0.0015921224
18808,0.04233398
19108,0.011873047
19508,0.052037705
19608,0.00083284
19708,0.06261716
19808,0.0009566695
20708,0.015621428
20808,0.0010603298
20908,0.01956724
21108,0.03684699
21208,0.007370453
21408,0.0087656155
21808,0.016526502
22008,0.035609942
22308,0.0071509383
22408,0.109533474
22508,0.029660191
22608,0.056820676
22908,0.0002354601
23008,0.00019851606
23208,0.010132295
23308,0.0123988595
23608,0.012939651
23708,0.0054080053
23808,0.015193731
23908,0.030648649
24108,0.021547083
24208,0.014357646
24408,0.0015776629
24508,0.0040805046
24608,0.00509692
24708,0.06965843
25308,0.0019651446
25408,0.007059761
25808,0.21577024
26008,0.03212195
26108,0.0492563
26208,0.029259445
26308,0.02934093
26408,0.030234152
26608,0.093102016
26708,0.013647431
26808,0.0275658
26908,0.3298089
27008,0.027975198
27308,0.04942222
27408,0.5784794
27508,0.0010515557
27908,0.04123492
28008,0.006712186
28108,0.09298267
28308,0.016180402
28408,0.018674932
29008,0.13584287
29108,0.04165885
29308,0.044672552
29608,0.023242984
29708,0.02505661
29808,0.036569487
29908,0.051013116
30008,0.013949331
30108,0.12206088
30308,0.017790768
30408,0.0108376285
30708,0.038063627
30808,0.030448224
31108,0.053572975
31208,0.030601064
31608,0.06229687
31708,0.12573655
31808,0.016337803
31908,0.018808182
32008,0.030258628
32108,0.042437237
32808,0.058833685
33008,0.024620451
33108,0.008831537
33508,0.010709512
33708,0.02173342
33808,0.027762886
33908,0.0053066984
34008,0.005856258
34208,5.1454164e-05
34308,0.05102062
34408,0.0007816945
34508,0.00231249
34608,0.058110036
34808,8.50055e-05
35008,0.024857624
35208,0.013093483
35308,0.0054818904
35508,0.034859326
35608,0.021165472
35708,0.017947543
35908,0.013453434
36008,0.068614475
36108,0.11578722
36608,0.0005280293
37208,0.024679355
37408,0.011740474
37508,0.025979178
37608,0.009748181
37708,0.09931014
38108,0.05191042
38208,0.083291784
38308,0.014040525
38408,0.011237475
38608,0.2546532
38808,0.03376089
39108,0.04279304
39208,0.00024711498
39308,0.0017691507
39408,0.006628506
39608,0.006291164
39708,0.014733716
39908,0.12665895
40008,0.36099535
40208,0.10029805
40508,0.045190427
40608,0.053412702
41808,0.009816506
42008,0.11442845
42708,0.03633143
42908,0.089037694
43608,0.018491406
44208,0.0075750933
44508,0.005971935
44708,0.056058712
44908,0.020907246
45208,0.003677507
45308,0.013298395
45508,0.029223882
45608,0.016208362
46108,0.025525993
46308,0.052887063
46508,0.22683449
46908,0.08034176
47008,0.06459784
47108,0.400861
47208,0.03362138
47308,0.024143709
47608,0.018154195
47708,0.028611023
47808,0.008295934
47908,0.044239007
48208,0.0677633
48608,0.033757254
48708,0.0013556019
49108,0.01088961
49208,0.031073242
49608,0.019624503
49708,0.0045554414
49908,0.06349862
50108,0.00813983
50308,0.0022063768
50408,0.004826423
50608,0.0005001119
50808,0.00031505935
50908,0.024614254
51008,0.015789367
51208,0.00060568587
51608,0.0014530567
51808,0.012383761
52008,0.009520377
52108,0.013932065
52508,0.013774792
52608,0.015444085
52708,0.0019640157
53208,0.02116211
53308,0.012230089
53408,0.0013937993
53608,0.013267094
53908,0.002945586
54108,0.5145483
54208,0.057761382
54308,0.027794022
54408,0.05355567
54608,0.010746289
55008,0.14413702
55208,0.032860536
55408,0.00049225305
55508,0.030223036
55608,0.01083075
56208,0.024872368
56508,0.044812314
56708,0.020509304
56808,0.07513713
57008,0.30991003
57108,0.091256365
57208,0.03895689
57308,0.016269915
57508,0.014870147
57908,0.070004396
58008,0.025703987
58208,0.40631926
58308,0.08293045
58508,0.047887832
58908,0.013831715
59108,0.22508493
59208,0.21403491
59508,0.44344625
59608,0.0057073855
59808,0.03990504
59908,0.008102587
60408,0.47759083
60508,0.009401642
60808,0.054047976
61108,0.47876132
61308,0.5279729
61408,0.083805166
61708,0.02766988
62108,0.023022715
62408,0.021868376
62708,0.012306443
62808,0.041618973
63508,0.08708624
63608,0.07544757
63708,0.03218224
63808,0.028339028
63908,0.12859909
64308,0.009160798
64408,0.018704597
9,0.04168257
109,0.04318005
409,0.0012622129
609,0.109848574
709,0.082298085
1009,0.024852848
1209,0.0050238394
1709,0.01940409
2209,0.047017626
2709,0.00065008376
2809,0.014318666
2909,0.09566888
3009,0.18494134
3109,0.017500747
3209,0.009752917
3309,0.05222169
3409,0.032062214
3709,0.039667375
4009,0.001086399
4109,0.0044023353
4209,0.05179162
4409,0.016548827
4709,0.000338285
4809,0.057670627
4909,0.21929456
5109,0.0010931524
5209,0.13231067
5709,0.026003957
5909,0.094277576
6209,0.02346392
6309,0.057947155
6509,0.076791994
6609,0.04432412
6809,0.07007873
6909,0.0012794001
7009,0.0011871349
7209,0.00032951988
7409,0.007333654
7509,0.15418862
7709,0.023828732
7909,0.0134140765
8109,0.22422923
8209,0.12564869
8309,0.02870611
8409,0.028308503
8509,0.1321859
8609,0.0534982
8709,0.033178415
8909,0.054082394
9009,0.053786457
9209,0.054380782
9509,0.02214839
9809,0.15126309
9909,0.1400724
10109,0.049351767
10409,0.041852575
10509,0.085290164
10609,0.045368556
10709,0.0035882299
10909,0.13669029
11209,0.04834586
11309,0.005426213
11709,0.0014513243
11909,0.061212495
12109,0.0023349484
12409,0.053237464
12709,0.09908489
12909,0.8860084
13009,0.12291651
13409,0.047427192
13509,0.117920645
13609,0.017588116
13709,0.023561945
13909,0.034051184
14309,0.02661763
14409,0.0007971217
15409,0.13241322
15609,0.07581827
15709,0.03642474
15809,0.025256466
15909,0.039500553
16109,0.023964778
16209,0.08368133
16309,0.007291681
16409,0.02472999
16509,0.00082079537
16609,0.010078075
17009,0.07430523
17109,0.047500543
17209,0.12810484
17309,0.009143698
17409,0.030262252
17609,0.03848695
17709,0.4544718
17909,0.032986887
18009,0.026897315
18109,0.00045921796
18209,0.000107889995
18409,0.00070187845
18509,0.045601763
18709,0.00023159622
18809,0.034396097
19109,0.038360152
19509,0.12070967
19609,0.0058848304
19709,0.107360914
19809,0.00399249
20709,0.030240303
20809,0.16880131
20909,0.047127668
21109,0.06508506
21209,0.013425512
21409,0.45184848
21809,0.052581627
22009,0.084821545
22309,0.00232164
22409,0.055364165
22509,0.024756458
22609,0.09478091
22909,0.00082885835
23009,0.00013273385
23209,0.0029346137
23309,0.037268713
23609,0.02320007
23709,0.054383688
23809,0.16370717
23909,0.08712498
24109,0.052352052
24209,0.040989473
24409,0.00031708338
24509,0.0017733063
24609,0.00030359073
24709,0.2959309
25309,0.020157048
25409,0.019800251
25809,0.02158731
26009,0.044092014
26109,0.67467827
26209,0.042141136
26309,0.09848966
26409,0.045811474
26609,0.08654825
26709,0.23750104
26809,0.009884115
26909,0.029777179
27009,0.026637359
27309,0.04603186
27409,0.009127285
27509,0.007964888
27909,0.006276974
28009,0.032475628
28109,0.07931654
28309,0.09055175
28409,0.12100836
29009,0.023803484
29109,0.07637583
29309,0.03492048
29609,0.10472318
29709,0.050064877
29809,0.18970878
29909,0.022049902
30009,0.08594015
30109,0.014386532
30309,0.016376374
30409,0.037646953
30709,0.012453094
30809,0.08300208
31109,0.009813884
31209,0.05839984
31609,0.033909943
31709,0.010616849
31809,0.07839587
31909,0.03073061
32009,0.025647573
32109,0.020669954
32809,0.17621128
33009,0.08325803
33109,0.03363456
33509,0.16923802
33709,0.03540287
33809,0.051071458
33909,6.964003e-05
34009,0.02643556
34209,6.7311106e-05
34309,0.22529748
34409,0.0007141029
34509,0.0012155348
34609,0.021148277
34809,3.365836e-05
35009,0.11880694
35209,0.0067511927
35309,0.0071054753
35509,0.08184262
35609,0.17160463
35709,0.047310423
35909,0.06539525
36009,0.03887945
36109,0.04185261
36609,0.13011172
37209,0.025151547
37409,0.16058984
37509,0.18953972
37609,0.89706236
37709,0.45432925
38109,0.047924634
38209,0.07342161
38309,0.035166062
38409,0.14482577
38609,0.16176085
38809,0.112619765
39109,0.03705453
39209,0.0009106805
39309,0.013399014
39409,0.01893726
39609,0.009888401
39709,0.03848794
39909,0.029291378
40009,0.010228166
40209,0.22435325
40509,0.015905838
40609,0.21765816
41809,0.0064221974
42009,0.13014989
42709,0.020516476
42909,0.032400988
43609,0.016222507
44209,0.04618793
44509,0.031255458
44709,0.050837494
44909,0.08955522
45209,0.015368029
45309,0.06461064
45509,0.1149299
45609,0.032059506
46109,0.05092733
46309,0.04936577
46509,0.0010619512
46909,0.04718292
47009,0.0034044278
47109,0.00021353463
47209,0.015634552
47309,0.05664316
47609,0.04711385
47709,0.092912264
47809,0.11182088
47909,0.033231616
48209,0.018519158
48609,0.026023466
48709,0.003437604
49109,0.03597049
49209,0.02243906
49609,0.029920487
49709,0.0033720348
49909,0.025238339
50109,0.020496871
50309,0.001549142
50409,0.0030677966
50609,0.00091597205
50809,0.00013890117
50909,0.004046703
51009,0.016537538
51209,3.9271228e-05
51609,0.015273464
51809,0.041271627
52009,0.036574688
52109,0.024641844
52509,0.01501678
52609,0.15135032
52709,0.12858173
53209,0.036897324
53309,0.18298629
53409,0.027474422
53609,0.029283285
53909,0.841587
54109,0.011775185
54209,0.066962436
54309,0.08004266
54409,0.10305863
54609,0.003976539
55009,0.054782253
55209,0.7305563
55409,0.00046170075
55509,0.0122906575
55609,0.012118816
56209,0.08748046
56509,0.093760766
56709,0.021559682
56809,0.008010544
57009,0.084868416
57109,0.1179946
57209,0.036817346
57309,0.010111544
57509,0.08825669
57909,0.030503951
58009,0.04843088
58209,0.13627517
58309,0.025413552
58509,0.66173434
58909,0.048955284
59109,0.055872027
59209,0.0076447953
59509,0.034614533
59609,0.174062
59809,0.064973995
59909,0.12371324
60409,0.0005538985
60509,0.028902646
60809,0.22401045
61109,0.0054494212
61309,0.0055755368
61409,0.010919406
61709,0.08744486
62109,0.02095412
62409,0.037725344
62709,0.045943234
62809,0.026239658
63509,0.017659279
63609,0.027921885
63709,0.041816834
63809,0.033156622
63909,0.040934257
64309,0.059198536
64409,0.01762535
10,0.31409812
110,0.12359593
410,0.045295067
610,0.35564965
710,0.08164541
1010,0.38242984
1210,0.39333695
1710,0.018108398
2210,0.115567975
2710,0.0050630867
2810,0.8744524
2910,0.1786253
3010,0.56448853
3110,0.031673852
3210,0.08482959
3310,0.02941542
3410,0.36291635
3710,0.040770803
4010,0.024809403
4110,0.0006582719
4210,0.07581659
4410,0.13922405
4710,0.0035171814
4810,0.03284576
4910,0.6441675
5110,0.0030168288
5210,0.10605598
5710,0.045343533
5910,0.13081682
6210,0.050638366
6310,0.044008974
6510,0.055187274
6610,0.060699925
6810,0.093756616
6910,0.008763699
7010,0.009093953
7210,0.0022354438
7410,0.06593126
7510,0.18626136
7710,0.12169052
7910,0.028364755
8110,0.17307496
8210,0.101958565
8310,0.11855554
8410,0.043889705
8510,0.12115892
8610,0.042283688
8710,0.12581678
8910,0.048511542
9010,0.3046375
9210,0.06253533
9510,0.7623838
9810,0.057448316
9910,0.07684131
10110,0.17753917
10410,0.046335455
10510,0.049695637
10610,0.10232458
10710,0.0026689072
10910,0.059615962
11210,0.15095098
11310,0.038465597
11710,0.004625529
11910,0.042307027
12110,0.8675589
12410,0.50053495
12710,0.21005318
12910,0.024601458
13010,0.46479747
13410,0.0461494
13510,0.0699754
13610,0.08296803
13710,0.026128136
13910,0.061616257
14310,0.02542529
14410,0.62149066
15410,0.741167
15610,0.03033425
15710,0.37216648
15810,0.113338314
15910,0.09645917
16110,0.24480495
16210,0.10961016
16310,0.09070989
16410,0.092402786
16510,0.10716055
16610,0.59544545
17010,0.02816657
17110,0.16148514
17210,0.086795084
17310,0.5624707
17410,0.0937164
17610,0.8120429
17710,0.12960592
17910,0.0100867925
18010,0.015695132
18110,0.01564149
18210,0.003548526
18410,0.042350132
18510,0.12207715
18710,0.0023014713
18810,0.099407464
19110,0.7669245
19510,0.15865776
19610,0.031546067
19710,0.12712376
19810,0.006692919
20710,0.06562872
20810,0.74397135
20910,0.10622415
21110,0.060768988
21210,0.06262914
21410,0.013532244
21810,0.05756136
22010,0.055218887
22310,0.0035665983
22410,0.16001745
22510,0.01582008
22610,0.13137014
22910,0.0014050883
23010,0.001454704
23210,0.011212599
23310,0.12211255
23610,0.028723726
23710,0.5162639
23810,0.27549025
23910,0.31170318
24110,0.1391327
24210,0.12828545
24410,0.0066098496
24510,0.023365092
24610,0.005222395
24710,0.294805
25310,0.20797741
25410,0.15695788
25810,0.5449605
26010,0.18871076
26110,0.09847561
26210,0.09481724
26310,0.03542587
26410,0.35828447
26610,0.044565924
26710,0.33827424
26810,0.019920643
26910,0.10362333
27010,0.060766865
27310,0.54469186
27410,0.02467659
27510,0.009541442
27910,0.2535286
28010,0.11726362
28110,0.5628642
28310,0.10770544
28410,0.038680706
29010,0.4966516
29110,0.08384425
29310,0.040906344
29610,0.083861075
29710,0.5372757
29810,0.24896745
29910,0.017728038
30010,0.040579174
30110,0.7246651
30310,0.020650273
30410,0.042141806
30710,0.8700844
30810,0.46720937
31110,0.8512521
31210,0.10407448
31610,0.101793684
31710,0.58336014
31810,0.50490487
31910,0.04428638
32010,0.08669303
32110,0.033434685
32810,0.3787998
33010,0.12624606
33110,0.1551337
33510,0.3954015
33710,0.023023734
33810,0.029458456
33910,0.003982824
34010,0.033955783
34210,0.005351801
34310,0.118258424
34410,0.013951859
34510,0.009661647
34610,0.1658048
34810,0.0069084014
35010,0.10404398
35210,0.0068219197
35310,0.10686613
35510,0.1245504
35610,0.5273954
35710,0.06619801
35910,0.57824194
36010,0.34579712
36110,0.078598276
36610,0.6047314
37210,0.010798549
37410,0.1764536
37510,0.18384437
37610,0.018460844
37710,0.04936438
38110,0.044698946
38210,0.08520359
38310,0.033238135
38410,0.059657566
38610,0.069797404
38810,0.04302223
39110,0.04138694
39210,0.0018918788
39310,0.018136783
39410,0.040137567
39610,0.15642013
39710,0.0020147227
39910,0.103038274
40010,0.1366331
40210,0.1589644
40510,0.113553636
40610,0.087471776
41810,0.84066707
42010,0.0731486
42710,0.080233835
42910,0.06513615
43610,0.73816305
44210,0.3220839
44510,0.5951428
44710,0.08780421
44910,0.019254064
45210,0.10499959
45310,0.07248173
45510,0.35965586
45610,0.03426448
46110,0.048056353
46310,0.044148527
46510,0.6361252
46910,0.036935043
47010,0.028193414
47110,0.37491873
47210,0.3244987
47310,0.078362554
47610,0.06176884
47710,0.038406752
47810,0.05255664
47910,0.10723355
48210,0.256584
48610,0.35548192
48710,0.13828239
49110,0.7402241
49210,0.0474478
49610,0.30105668
49710,0.040487114
49910,0.47436926
50110,0.011583942
50310,0.027962862
50410,0.016241282
50610,0.009341075
50810,0.0015326116
50910,0.10136545
51010,0.08585713
51210,0.0015631686
51610,0.012802073
51810,0.19592668
52010,0.15290013
52110,0.029340794
52510,0.15335041
52610,0.40654674
52710,0.029261675
53210,0.07134013
53310,0.3224351
53410,0.011584502
53610,0.031061856
53910,0.0143497195
54110,0.23293608
54210,0.18086076
54310,0.09521087
54410,0.17661603
54610,0.0026552642
55010,0.03647503
55210,0.034462135
55410,0.0019295888
55510,0.34884322
55610,0.104220256
56210,0.10306553
56510,0.12907527
56710,0.046634246
56810,0.21333447
57010,0.3303326
57110,0.12218761
57210,0.091375865
57310,0.06378287
57510,0.04833589
57910,0.15117128
58010,0.15659344
58210,0.2638313
58310,0.07326128
58510,0.17429623
58910,0.10786969
59110,0.2765656
59210,0.48948088
59510,0.1903894
59610,0.6010391
59810,0.26612788
59910,0.106204145
60410,0.088317454
60510,0.29566073
60810,0.09414379
61110,0.0857898
61310,0.22419906
61410,0.7618588
61710,0.028377049
62110,0.82303864
62410,0.027927913
62710,0.02894274
62810,0.082940705
63510,0.5779872
63610,0.10809926
63710,0.04349229
63810,0.027096068
63910,0.11912917
64310,0.1309102
64410,0.14454074
11,0.026619257
111,0.09979028
411,0.33927718
611,0.014600733
711,0.050141025
1011,0.04355442
1211,0.009712941
1711,0.09576753
2211,0.046198517
2711,0.0008052704
2811,0.00547116
2911,0.050814517
3011,0.0036697865
3111,0.066517584
3211,0.035331383
3311,0.026453445
3411,0.027814632
3711,0.041311257
4011,0.00027819304
4111,0.0006642391
4211,0.038817186
4411,0.004422239
4711,0.00020111424
4811,0.041530035
4911,0.004500566
5111,0.00038634488
5211,0.0188772
5711,0.049900368
5911,0.022910029
6211,0.03172625
6311,0.023760201
6511,0.09844512
6611,0.039369486
6811,0.075486585
6911,0.0023492384
7011,0.0014516215
7211,0.0023023577
7411,0.009362589
7511,0.056475073
7711,0.0377897
7911,0.013473778
8111,0.014601753
8211,0.04990042
8311,0.018920185
8411,0.047263745
8511,0.044360105
8611,0.05506272
8711,0.06751934
8911,0.021702822
9011,0.012716122
9211,0.02043238
9511,0.012003644
9811,0.05377748
9911,0.031727117
10111,0.018898116
10411,0.02525019
10511,0.028323796
10611,0.0165977
10711,0.015223793
10911,0.018817702
11211,0.030620063
11311,0.0021051483
11711,0.004798919
11911,0.043325182
12111,0.0011098739
12411,0.006699367
12711,0.04776167
12911,0.002300171
13011,0.030235171
13411,0.033175435
13511,0.055100832
13611,0.025080016
13711,0.04687334
13911,0.08446763
14311,0.04208967
14411,0.00086413935
15411,0.002837494
15611,0.058612995
15711,0.013894022
15811,0.026703099
15911,0.032692738
16111,0.0433046
16211,0.018120637
16311,0.31359562
16411,0.057094924
16511,0.6816675
16611,0.011941642
17011,0.021374237
17111,0.111365624
17211,0.27039889
17311,0.014990708
17411,0.5400665
17611,0.0032000814
17711,0.03368417
17911,0.11000537
18011,0.08552963
18111,0.0013945256
18211,0.00046652457
18411,0.001914979
18511,0.10140719
18711,0.0016354269
18811,0.06829224
19111,0.007794101
19511,0.089402415
19611,0.005233046
19711,0.041717112
19811,0.00715101
20711,0.04236307
20811,0.0017314273
20911,0.04961004
21111,0.06413082
21211,0.088020846
21411,0.0054153134
21811,0.04766237
22011,0.07494199
22311,0.056779113
22411,0.026166748
22511,0.057285935
22611,0.07126562
22911,0.0019994343
23011,0.0007586739
23211,0.011994013
23311,0.048178177
23611,0.03265439
23711,0.016289584
23811,0.024382226
23911,0.023588946
24111,0.048279222
24211,0.027375888
24411,0.0012403217
24511,0.008185056
24611,0.00074256596
24711,0.011483502
25311,0.3244393
25411,0.010683267
25811,0.0010566757
26011,0.0127839325
26111,0.006708613
26211,0.046241313
26311,0.026057929
26411,0.02198851
26611,0.0702985
26711,0.014535818
26811,0.022486227
26911,0.026268031
27011,0.030735765
27311,0.010712807
27411,0.3167267
27511,0.011606458
27911,0.005290155
28011,0.03398132
28111,0.013264157
28311,0.029398631
28411,0.05738416
29011,0.011215378
29111,0.052010577
29311,0.0568948
29611,0.036473144
29711,0.016439717
29811,0.021682218
29911,0.103558816
30011,0.029668432
30111,0.0036935576
30311,0.06290795
30411,0.025208531
30711,0.0010941278
30811,0.028196013
31111,0.0059091616
31211,0.01446491
31611,0.04254939
31711,0.002094457
31811,0.0031692316
31911,0.024023626
32011,0.044019386
32111,0.072779335
32811,0.02300398
33011,0.14862348
33111,0.5360252
33511,0.014575163
33711,0.07089503
33811,0.08623078
33911,0.0008190536
34011,0.054066498
34211,0.00010984921
34311,0.06544711
34411,0.0021736566
34511,0.0042786538
34611,0.032390688
34811,0.00026660267
35011,0.04473086
35211,0.010368352
35311,0.0048583304
35511,0.063719526
35611,0.011816426
35711,0.075966276
35911,0.010615681
36011,0.004445177
36111,0.026114188
36611,0.002415077
37211,0.015832072
37411,0.028367912
37511,0.04913385
37611,0.0012130593
37711,0.015006619
38111,0.04005502
38211,0.030157082
38311,0.026540268
38411,0.027148128
38611,0.06690984
38811,0.038888816
39111,0.024321103
39211,0.0016812738
39311,0.022736594
39411,0.0060713403
39611,0.031505246
39711,0.020822164
39911,0.047524747
40011,0.01449664
40211,0.121492766
40511,0.027747236
40611,0.08972113
41811,0.009427446
42011,0.05011013
42711,0.09529948
42911,0.023770686
43611,0.018531384
44211,0.023009676
44511,0.012339259
44711,0.08741116
44911,0.041761708
45211,0.006316636
45311,0.032941964
45511,0.021820398
45611,0.020739838
46111,0.04263365
46311,0.0699255
46511,0.005763691
46911,0.0647532
47011,0.002365326
47111,0.00025994636
47211,0.019956212
47311,0.04832093
47611,0.035584856
47711,0.07557745
47811,0.021863606
47911,0.031521585
48211,0.013276629
48611,0.026979802
48711,0.64146817
49111,0.006828876
49211,0.09358423
49611,0.032298457
49711,0.038837783
49911,0.009675
50111,0.09674971
50311,0.0050741294
50411,0.0116151795
50611,0.0032503712
50811,0.0019047854
50911,0.0108979205
51011,0.048303246
51211,0.0002271073
51611,0.020990442
51811,0.019550923
52011,0.01906973
52111,0.03317194
52511,0.020058734
52611,0.0023995296
52711,0.059762653
53211,0.050000217
53311,0.033674568
53411,0.006426043
53611,0.15040164
53911,0.00852432
54111,0.016045397
54211,0.02350011
54311,0.030671623
54411,0.036606286
54611,0.009718788
55011,0.06510357
55211,0.004416819
55411,0.0006594909
55511,0.13683249
55611,0.020545918
56211,0.021905884
56511,0.025801443
56711,0.0954461
56811,0.0050338875
57011,0.016481612
57111,0.042898964
57211,0.048793644
57311,0.02687228
57511,0.15053448
57911,0.022391772
58011,0.018581536
58211,0.004910737
58311,0.029029515
58511,0.008973648
58911,0.029069984
59111,0.01306183
59211,0.0017093247
59511,0.005846765
59611,0.0025230856
59811,0.049459882
59911,0.03268993
60411,0.0002443698
60511,0.03345335
60811,0.042189803
61111,0.007095097
61311,0.021577746
61411,0.004531656
61711,0.06950737
62111,0.027884735
62411,0.04006061
62711,0.02120122
62811,0.038651988
63511,0.016173
63611,0.045690443
63711,0.072098
63811,0.06446695
63911,0.045331184
64311,0.0296752
64411,0.023814552
12,0.02041862
112,0.03574996
412,0.005366328
612,0.015405763
712,0.036003858
1012,0.019408898
1212,0.00069566886
1712,0.09983775
2212,0.023317747
2712,0.0004667015
2812,0.0013848505
2912,0.016238725
3012,0.0032764287
3112,0.06940147
3212,0.021431345
3312,0.060430184
3412,0.00954988
3712,0.026388481
4012,0.00024025141
4112,0.30164564
4212,0.017013064
4412,0.0036807824
4712,0.00018839263
4812,0.05370126
4912,0.0019118477
5112,0.0024232036
5212,0.013452864
5712,0.022159219
5912,0.023763109
6212,0.020346232
6312,0.026899595
6512,0.03411274
6612,0.029139005
6812,0.034110095
6912,0.075742446
7012,0.0006733654
7212,0.003111441
7412,0.039869152
7512,0.06362659
7712,0.019457916
7912,0.0072755036
8112,0.014284385
8212,0.0394547
8312,0.024705185
8412,0.016729092
8512,0.014814295
8612,0.028079681
8712,0.021196542
8912,0.0074813175
9012,0.0034932955
9212,0.042576246
9512,0.007288199
9812,0.04685945
9912,0.014632994
10112,0.012750221
10412,0.022462053
10512,0.027426247
10612,0.007314328
10712,0.012542262
10912,0.011178318
11212,0.019106202
11312,0.0019683295
11712,0.02299231
11912,0.042025957
12112,0.00034378222
12412,0.0022360682
12712,0.02936673
12912,0.0018140059
13012,0.012085121
13412,0.044963177
13512,0.048132982
13612,0.009199151
13712,0.021421636
13912,0.03459818
14312,0.024701048
14412,0.00018930538
15412,0.00089648925
15612,0.028989868
15712,0.003261911
15812,0.022440815
15912,0.027842384
16112,0.022127531
16212,0.030414995
16312,0.022949077
16412,0.052671216
16512,0.0020430111
16612,0.0010557391
17012,0.045792423
17112,0.030720279
17212,0.07489743
17312,0.00820013
17412,0.043172304
17612,0.0017727574
17712,0.006825768
17912,0.07267788
18012,0.0943824
18112,0.00090043264
18212,0.00018317437
18412,0.0008214235
18512,0.0394835
18712,0.0013947792
18812,0.020471413
19112,0.0010106975
19512,0.044279337
19612,0.0020611188
19712,0.023790523
19812,0.0075738286
20712,0.039756287
20812,0.0010305237
20912,0.024104524
21112,0.044904474
21212,0.038049217
21412,0.002224075
21812,0.031425547
22012,0.04474859
22312,0.018943403
22412,0.027845686
22512,0.044129495
22612,0.022493148
22912,0.2509473
23012,0.0002654202
23212,0.037442937
23312,0.05277086
23612,0.047195517
23712,0.005896925
23812,0.006130186
23912,0.0126756895
24112,0.022735098
24212,0.052953012
24412,0.002192803
24512,0.0047063576
24612,0.00090614107
24712,0.007864094
25312,0.05507662
25412,0.01664275
25812,0.0009127184
26012,0.0038047542
26112,0.002938349
26212,0.026778718
26312,0.031685714
26412,0.0011635277
26612,0.026389206
26712,0.007967037
26812,0.011639078
26912,0.009347661
27012,0.08115198
27312,0.008181067
27412,0.0032962537
27512,0.017795252
27912,0.0025193705
28012,0.026886627
28112,0.0041031213
28312,0.021967947
28412,0.048414055
29012,0.006234265
29112,0.028951298
29312,0.029661749
29612,0.020653544
29712,0.011316327
29812,0.012578281
29912,0.051123623
30012,0.022024956
30112,0.0014654372
30312,0.05169049
30412,0.025529442
30712,0.00023640272
30812,0.013305371
31112,0.00078362285
31212,0.008114996
31612,0.02002667
31712,0.0024649687
31812,0.0012340595
31912,0.024127588
32012,0.02737692
32112,0.042539954
32812,0.01415437
33012,0.033245947
33112,0.03634546
33512,0.012526606
33712,0.062468123
33812,0.100262724
33912,0.00010587975
34012,0.011749961
34212,0.00016383038
34312,0.04863333
34412,0.0004948465
34512,0.0019907553
34612,0.02096079
34812,5.823002e-05
35012,0.039026912
35212,0.034113333
35312,0.004635356
35512,0.02331677
35612,0.0063306433
35712,0.032858595
35912,0.008150522
36012,0.0055742175
36112,0.040455356
36612,0.00205585
37212,0.046074137
37412,0.014487868
37512,0.014208601
37612,0.0005350421
37712,0.0066537224
38112,0.051410947
38212,0.016289638
38312,0.014950437
38412,0.016509634
38612,0.023521772
38812,0.025310406
39112,0.03826312
39212,0.0982806
39312,0.0153011475
39412,0.019252427
39612,0.017020555
39712,0.009389421
39912,0.022611257
40012,0.0007291044
40212,0.02088663
40512,0.02641172
40612,0.018402856
41812,0.0013313404
42012,0.028139465
42712,0.019497752
42912,0.010403323
43612,0.0025279226
44212,0.0074529103
44512,0.0063159517
44712,0.040955015
44912,0.06888698
45212,0.0011452117
45312,0.02095225
45512,0.008072182
45612,0.023621708
46112,0.08490137
46312,0.048562225
46512,0.00030603565
46912,0.01944737
47012,0.0018344742
47112,8.316431e-05
47212,0.020802379
47312,0.04566898
47612,0.07014241
47712,0.05537634
47812,0.015021973
47912,0.033812482
48212,0.0211643
48612,0.017074728
48712,0.00443561
49112,0.005650377
49212,0.038995266
49612,0.017519418
49712,0.0035816715
49912,0.012646421
50112,0.12806289
50312,0.004841544
50412,0.0050963988
50612,0.004423758
50812,0.0020990972
50912,0.0051615494
51012,0.03226969
51212,0.00024216982
51612,0.04311784
51812,0.012980985
52012,0.02408174
52112,0.024246242
52512,0.003948173
52612,0.003392948
52712,0.029872563
53212,0.0074600386
53312,0.010517223
53412,0.060598183
53612,0.049570598
53912,0.0030963826
54112,0.003908473
54212,0.03692458
54312,0.015136147
54412,0.019177202
54612,0.015032694
55012,0.049697146
55212,0.0029952002
55412,0.0013276049
55512,0.012456057
55612,0.030293632
56212,0.026103856
56512,0.04286534
56712,0.030369874
56812,0.0061214245
57012,0.0054830695
57112,0.010268163
57212,0.015827259
57312,0.015064577
57512,0.049079046
57912,0.023416892
58012,0.035959587
58212,0.00070598576
58312,0.022452066
58512,0.0017593333
58912,0.026690014
59112,0.009978229
59212,0.0005476355
59512,0.0027519462
59612,0.0011052961
59812,0.02263821
59912,0.009749335
60412,3.108104e-05
60512,0.020249125
60812,0.01799911
61112,0.0026312342
61312,0.008132157
61412,0.0012946473
61712,0.031741485
62112,0.0022193175
62412,0.028162742
62712,0.028602958
62812,0.026664324
63512,0.005513499
63612,0.04205303
63712,0.046300087
63812,0.063393384
63912,0.020071201
64312,0.03286544
64412,0.025219174
13,0.02014395
113,0.04686848
413,0.00073836785
613,0.013985291
713,0.024537787
1013,0.015286292
1213,0.0010296906
1713,0.08483411
2213,0.01160489
2713,0.00015956652
2813,0.0017091442
2913,0.02483055
3013,0.009808409
3113,0.026001614
3213,0.0071790433
3313,0.023585448
3413,0.008676373
3713,0.066829525
4013,0.0001533469
4113,0.0007010757
4213,0.017293815
4413,0.0027794035
4713,6.588212e-05
4813,0.054996643
4913,0.0071302773
5113,0.0016086041
5213,0.023345347
5713,0.016664274
5913,0.0074651316
6213,0.011748631
6313,0.012968671
6513,0.02657221
6613,0.03164299
6813,0.028671524
6913,0.0002296493
7013,0.00055793935
7213,0.00025738354
7413,0.028378446
7513,0.084734544
7713,0.009766164
7913,0.0049429513
8113,0.008976087
8213,0.019801889
8313,0.008939897
8413,0.018918466
8513,0.013075277
8613,0.015003583
8713,0.03625806
8913,0.0043857465
9013,0.013642511
9213,0.009000696
9513,0.007864993
9813,0.035677906
9913,0.060491458
10113,0.016636252
10413,0.010676213
10513,0.017722001
10613,0.04491738
10713,0.016590273
10913,0.02180129
11213,0.011911725
11313,0.00042203304
11713,0.0005978879
11913,0.03587946
12113,0.00021944959
12413,0.0030329113
12713,0.018739823
12913,0.003565829
13013,0.0311655
13413,0.021588448
13513,0.055634
13613,0.011506447
13713,0.020743204
13913,0.019642878
14313,0.08449511
14413,0.000410963
15413,0.008085037
15613,0.027472613
15713,0.010500904
15813,0.008370408
15913,0.009962167
16113,0.014934675
16213,0.0117469225
16313,0.011363082
16413,0.0432194
16513,0.0010457693
16613,0.001486633
17013,0.016975004
17113,0.014758402
17213,0.02654624
17313,0.003047479
17413,0.014339046
17613,0.0020966202
17713,0.03641756
17913,0.060587917
18013,0.055607736
18113,0.00014303287
18213,4.853934e-05
18413,0.00031071663
18513,0.01762818
18713,0.00014567235
18813,0.023908786
19113,0.022713454
19513,0.02197385
19613,0.0018974729
19713,0.038823467
19813,0.003608989
20713,0.011785309
20813,0.0062596705
20913,0.08750369
21113,0.04086003
21213,0.008366063
21413,0.0081170965
21813,0.041426294
22013,0.042878807
22313,0.018029489
22413,0.022104139
22513,0.067631066
22613,0.033194676
22913,4.188351e-05
23013,3.557846e-05
23213,0.08994549
23313,0.039578542
23613,0.017799292
23713,0.004744892
23813,0.013019444
23913,0.019676128
24113,0.017034682
24213,0.008583045
24413,0.00032365753
24513,0.0018601867
24613,0.00028336793
24713,0.0061150263
25313,0.011084701
25413,0.004549633
25813,0.0007655085
26013,0.16240217
26113,0.0054435153
26213,0.01592419
26313,0.016166434
26413,0.010293078
26613,0.076022156
26713,0.01345578
26813,0.0026550663
26913,0.0062575433
27013,0.015326717
27313,0.011243555
27413,0.0031435245
27513,0.0019375548
27913,0.0012109741
28013,0.011076233
28113,0.003303034
28313,0.022664571
28413,0.032408696
29013,0.004982035
29113,0.018032681
29313,0.047042158
29613,0.044103287
29713,0.007945661
29813,0.02888037
29913,0.04324941
30013,0.05905105
30113,0.0020273626
30313,0.025482262
30413,0.036992244
30713,0.00064339716
30813,0.010742671
31113,0.0019185629
31213,0.010288326
31613,0.012969785
31713,0.0024559896
31813,0.002326741
31913,0.015365687
32013,0.03933352
32113,0.05301168
32813,0.009987753
33013,0.014611242
33113,0.021952294
33513,0.012394803
33713,0.06277078
33813,0.056071177
33913,3.4350138e-05
34013,0.008828887
34213,1.9633031e-05
34313,0.019178338
34413,0.0007174939
34513,0.0015821345
34613,0.01400345
34813,1.2776478e-05
35013,0.02810317
35213,0.0045109317
35313,0.0018209029
35513,0.054726344
35613,0.01041567
35713,0.188049
35913,0.007921718
36013,0.007822842
36113,0.019523447
36613,0.014361492
37213,0.074541904
37413,0.029209293
37513,0.029676225
37613,0.0038101538
37713,0.008901389
38113,0.041331984
38213,0.049553096
38313,0.032789566
38413,0.026081122
38613,0.01801267
38813,0.11974401
39113,0.009436784
39213,7.583278e-05
39313,0.0019631311
39413,0.0020726875
39613,0.006886717
39713,0.2217324
39913,0.0069474466
40013,0.0019841257
40213,0.024996031
40513,0.00823933
40613,0.019424459
41813,0.007069957
42013,0.035162024
42713,0.019444663
42913,0.025166167
43613,0.0013955616
44213,0.012148269
44513,0.0038137513
44713,0.025997004
44913,0.061972596
45213,0.009297405
45313,0.027005197
45513,0.014209608
45613,0.030319305
46113,0.1484125
46313,0.04366305
46513,0.000809068
46913,0.009355793
47013,0.0009653226
47113,0.00011644972
47213,0.004478065
47313,0.027183441
47613,0.01643234
47713,0.03963708
47813,0.013629991
47913,0.009802322
48213,0.0062570632
48613,0.008344
48713,0.0026249562
49113,0.0051775766
49213,0.020215416
49613,0.0057735015
49713,0.0016769844
49913,0.007760333
50113,0.04980847
50313,0.0008247982
50413,0.0012486036
50613,0.00046594176
50813,0.00017512699
50913,0.013985235
51013,0.03349832
51213,2.1194048e-05
51613,0.0056188605
51813,0.010347415
52013,0.008395067
52113,0.014792877
52513,0.0023919581
52613,0.0033717507
52713,0.30587673
53213,0.059977602
53313,0.0138643235
53413,0.012253194
53613,0.03684129
53913,0.013596872
54113,0.003628922
54213,0.021893619
54313,0.010871163
54413,0.022597658
54613,0.11597952
55013,0.027596952
55213,0.0030660424
55413,0.00015705057
55513,0.009439242
55613,0.060249444
56213,0.017288554
56513,0.015644725
56713,0.033596147
56813,0.0016831149
57013,0.006904346
57113,0.019035092
57213,0.0070978017
57313,0.003029623
57513,0.05756063
57913,0.070824616
58013,0.013890806
58213,0.0022801075
58313,0.011449402
58513,0.0035490973
58913,0.040204976
59113,0.014011112
59213,0.00079952815
59513,0.0012926934
59613,0.0050499355
59813,0.015928721
59913,0.032177195
60413,9.021757e-05
60513,0.010742517
60813,0.029259061
61113,0.0014321982
61313,0.0022068
61413,0.002462596
61713,0.17071494
62113,0.0039048796
62413,0.07023615
62713,0.019993959
62813,0.027187003
63513,0.0026774646
63613,0.019605186
63713,0.025743105
63813,0.037225097
63913,0.013802597
64313,0.029457679
64413,0.014279461
14,0.030937022
114,0.048712045
414,0.000795522
614,0.011181075
714,0.015002122
1014,0.021994371
1214,0.0063254926
1714,0.062813155
2214,0.020297525
2714,0.0004801771
2814,0.017172337
2914,0.05475145
3014,0.0019728972
3114,0.018160198
3214,0.009815448
3314,0.007900554
3414,0.010280536
3714,0.026725437
4014,7.9679165e-05
4114,0.0016258432
4214,0.0076540024
4414,0.007928468
4714,3.0061405e-05
4814,0.047894597
4914,0.0017035117
5114,0.00013152359
5214,0.010780298
5714,0.0118274735
5914,0.018391624
6214,0.009188593
6314,0.0054903803
6514,0.023573227
6614,0.026794288
6814,0.043036398
6914,0.0010546886
7014,0.001282132
7214,0.0005014368
7414,0.028344218
7514,0.020592341
7714,0.026540188
7914,0.0074396003
8114,0.0047909482
8214,0.013499851
8314,0.0066129537
8414,0.021895371
8514,0.017837526
8614,0.013010469
8714,0.13556436
8914,0.015827214
9014,0.16878588
9214,0.00618249
9514,0.014524365
9814,0.04316512
9914,0.14521633
10114,0.042755164
10414,0.016874446
10514,0.014745648
10614,0.08934246
10714,0.0072228373
10914,0.007606524
11214,0.015590288
11314,0.0016109423
11714,0.0010406404
11914,0.021523312
12114,0.007048823
12414,0.011454297
12714,0.024491165
12914,0.0035356039
13014,0.004372103
13414,0.011205917
13514,0.03164674
13614,0.070787124
13714,0.026345922
13914,0.0072926623
14314,0.041529268
14414,0.1669566
15414,0.008265012
15614,0.012272261
15714,0.06006424
15814,0.015437163
15914,0.010239105
16114,0.009981449
16214,0.007142335
16314,0.008947273
16414,0.0700821
16514,0.001974496
16614,0.0062156077
17014,0.009934181
17114,0.015325674
17214,0.023130659
17314,0.015377796
17414,0.01596352
17614,0.0019556948
17714,0.04851791
17914,0.050680924
18014,0.07990819
18114,0.00020051726
18214,0.00022043628
18414,0.0009928298
18514,0.040708628
18714,0.0005739802
18814,0.09495591
19114,0.041102365
19514,0.017896544
19614,0.0010424001
19714,0.03876272
19814,0.0018087354
20714,0.006178309
20814,0.0008086283
20914,0.04707801
21114,0.026892794
21214,0.006109643
21414,0.016536418
21814,0.023548478
22014,0.049973674
22314,0.010467898
22414,0.0361349
22514,0.03725396
22614,0.019571414
22914,0.00034801467
23014,6.350935e-05
23214,0.09701646
23314,0.043039218
23614,0.014482499
23714,0.0027421522
23814,0.008419143
23914,0.045250997
24114,0.031833153
24214,0.009348139
24414,0.001186407
24514,0.0050849244
24614,0.000678295
24714,0.009941621
25314,0.011415984
25414,0.0028738624
25814,0.04726314
26014,0.41256878
26114,0.0048361775
26214,0.03771548
26314,0.01263261
26414,0.011190278
26614,0.039305463
26714,0.005119295
26814,0.0073405835
26914,0.024345715
27014,0.01732157
27314,0.061678734
27414,0.0050072456
27514,0.00187966
27914,0.014117978
28014,0.011841364
28114,0.022725258
28314,0.0094028665
28414,0.0167922
29014,0.05849995
29114,0.016797667
29314,0.024544355
29614,0.045945026
29714,0.019384025
29814,0.03752285
29914,0.06110049
30014,0.038358394
30114,0.04361313
30314,0.011774163
30414,0.04017521
30714,0.0104637295
30814,0.036087144
31114,0.025101952
31214,0.021010343
31614,0.015337881
31714,0.13341771
31814,0.0075763757
31914,0.008669886
32014,0.10541123
32114,0.22185767
32814,0.015533279
33014,0.016401265
33114,0.015211268
33514,0.006048789
33714,0.078470215
33814,0.051306978
33914,0.00057532813
34014,0.006483282
34214,7.907043e-05
34314,0.042153716
34414,0.00081340474
34514,0.0054211086
34614,0.08930745
34814,0.000109015644
35014,0.028967083
35214,0.0034424544
35314,0.0024915817
35514,0.04880046
35614,0.020797513
35714,0.23592253
35914,0.0062363115
36014,0.0865333
36114,0.027635898
36614,0.0008029896
37214,0.12207355
37414,0.010112537
37514,0.014087505
37614,0.009892523
37714,0.008482764
38114,0.02500137
38214,0.112624586
38314,0.010486244
38414,0.017787656
38614,0.018206064
38814,0.23067288
39114,0.009250214
39214,0.0005617117
39314,0.002665763
39414,0.006922324
39614,0.0049355193
39714,0.5330817
39914,0.018358883
40014,0.05350896
40214,0.028668491
40514,0.012368746
40614,0.018874478
41814,0.07064013
42014,0.10329043
42714,0.019477623
42914,0.0523705
43614,0.0031174743
44214,0.013279428
44514,0.010987749
44714,0.020763306
44914,0.050160047
45214,0.012859954
45314,0.0045507387
45514,0.014493965
45614,0.013008647
46114,0.30341038
46314,0.022224396
46514,0.107538424
46914,0.016834615
47014,0.0034405675
47114,0.2155548
47214,0.04837896
47314,0.015476683
47614,0.0323344
47714,0.023322169
47814,0.0053109187
47914,0.012402876
48214,0.01685383
48614,0.05428336
48714,0.0025904584
49114,0.007822852
49214,0.02444932
49614,0.006957514
49714,0.0038248515
49914,0.08686172
50114,0.03147384
50314,0.0027042725
50414,0.0027477255
50614,0.004759813
50814,0.0008801039
50914,0.30484405
51014,0.139287
51214,0.00017484091
51614,0.005317142
51814,0.010394984
52014,0.009482433
52114,0.007453374
52514,0.008939968
52614,0.02934328
52714,0.21107996
53214,0.019724624
53314,0.006061598
53414,0.0020346777
53614,0.035831064
53914,0.006995016
54114,0.100981496
54214,0.062478837
54314,0.01427161
54414,0.038536992
54614,0.76554865
55014,0.022914665
55214,0.012017689
55414,0.000331592
55514,0.11195403
55614,0.063076384
56214,0.013892168
56514,0.011303157
56714,0.039333295
56814,0.015852598
57014,0.1038306
57114,0.0649605
57214,0.009997212
57314,0.005845942
57514,0.067708194
57914,0.12994362
58014,0.01958275
58214,0.022635467
58314,0.03454503
58514,0.0030011367
58914,0.014479196
59114,0.1590157
59214,0.063667394
59514,0.009101069
59614,0.0023013423
59814,0.054574944
59914,0.02934788
60414,0.027925156
60514,0.02274664
60814,0.009667639
61114,0.01300322
61314,0.079792015
61414,0.05980868
61714,0.15905753
62114,0.014208428
62414,0.033208434
62714,0.011271777
62814,0.08322881
63514,0.013022736
63614,0.029852955
63714,0.01626199
63814,0.026369838
63914,0.019207632
64314,0.009968027
64414,0.014947929
15,0.10547994
115,0.080229945
415,0.0009833658
615,0.02385181
715,0.067100145
1015,0.10501541
1215,0.0032657406
1715,0.09612989
2215,0.027556853
2715,0.00033775406
2815,0.009389883
2915,0.030793665
3015,0.0108629335
3115,0.03954852
3215,0.008721805
3315,0.0051306635
3415,0.016498683
3715,0.050790384
4015,1.6303959e-05
4115,0.00012171099
4215,0.050626647
4415,0.015202539
4715,4.59243e-06
4815,0.030757153
4915,0.03735739
5115,0.00017467703
5215,0.046929035
5715,0.012080358
5915,0.026714588
6215,0.009327883
6315,0.04257833
6515,0.039118696
6615,0.033884156
6815,0.023895651
6915,0.008785213
7015,0.0009623012
7215,0.0011426768
7415,0.2180579
7515,0.018454956
7715,0.029151682
7915,0.018018752
8115,0.0132686505
8215,0.05496741
8315,0.11340047
8415,0.065843605
8515,0.045700658
8615,0.033568315
8715,0.041582506
8915,0.028507642
9015,0.016709203
9215,0.043749727
9515,0.0105094435
9815,0.029723564
9915,0.028539855
10115,0.039844956
10415,0.021519803
10515,0.032780454
10615,0.025165938
10715,0.21466549
10915,0.012484171
11215,0.036118586
11315,0.0021874094
11715,0.0012190371
11915,0.059280884
12115,0.00033349908
12415,0.006413715
12715,0.07153819
12915,0.004116675
13015,0.031397328
13415,0.057017695
13515,0.055269137
13615,0.007626044
13715,0.013623499
13915,0.24758108
14315,0.038882576
14415,0.00026724968
15415,0.01217223
15615,0.024227556
15715,0.008166578
15815,0.03424837
15915,0.025363037
16115,0.27994788
16215,0.14154205
16315,0.23569654
16415,0.04724223
16515,0.0018105885
16615,0.020700358
17015,0.029408488
17115,0.0895659
17215,0.020383691
17315,0.018127155
17415,0.017615834
17615,0.0150517095
17715,0.03248926
17915,0.051880386
18015,0.08150005
18115,0.00039703515
18215,9.6588454e-05
18415,0.0005875523
18515,0.01652672
18715,0.0005779118
18815,0.018505372
19115,0.011315125
19515,0.04496662
19615,0.0022672114
19715,0.087197945
19815,0.008766386
20715,0.055411406
20815,0.0016948185
20915,0.06450204
21115,0.04161412
21215,0.014434171
21415,0.00285384
21815,0.02324003
22015,0.0428721
22315,0.34738228
22415,0.028262677
22515,0.051424243
22615,0.048257105
22915,0.00014469083
23015,4.4469853e-05
23215,0.15185171
23315,0.10229464
23615,0.019898318
23715,0.024757238
23815,0.016511729
23915,0.03473568
24115,0.021700047
24215,0.029448811
24415,0.001180322
24515,0.0047904137
24615,0.0016895444
24715,0.025385715
25315,0.009013822
25415,0.22101519
25815,0.010689153
26015,0.008566434
26115,0.03086506
26215,0.01385084
26315,0.01434453
26415,0.01835904
26615,0.07183555
26715,0.03776764
26815,0.0037377717
26915,0.02610843
27015,0.051567547
27315,0.034181315
27415,0.0027152204
27515,0.0028238816
27915,0.009853172
28015,0.02461047
28115,0.0321383
28315,0.02204455
28415,0.047045358
29015,0.047981862
29115,0.018371867
29315,0.03255898
29615,0.06970113
29715,0.003098402
29815,0.109475024
29915,0.04433802
30015,0.049757205
30115,0.0045433054
30315,0.021126274
30415,0.010099739
30715,0.0021227056
30815,0.03948844
31115,0.00397031
31215,0.017003866
31615,0.02560493
31715,0.0060973424
31815,0.022370754
31915,0.008224354
32015,0.017632011
32115,0.028300842
32815,0.03476551
33015,0.018965565
33115,0.027223943
33515,0.034542106
33715,0.08145305
33815,0.06198942
33915,9.377725e-05
34015,0.014524549
34215,4.6782177e-05
34315,0.019024212
34415,0.00044966937
34515,0.0010280252
34615,0.021310974
34815,2.1901244e-05
35015,0.0368148
35215,0.005308986
35315,0.0007490494
35515,0.058500044
35615,0.041461445
35715,0.02360902
35915,0.033985324
36015,0.011621537
36115,0.056493748
36615,0.00017998742
37215,0.010074199
37415,0.024665669
37515,0.0445095
37615,0.0026285762
37715,0.026383014
38115,0.047726553
38215,0.04253578
38315,0.05769442
38415,0.05406869
38615,0.03771129
38815,0.021062225
39115,0.029958993
39215,0.0002080514
39315,0.0068730577
39415,0.017145356
39615,0.47740033
39715,0.008535935
39915,0.01562785
40015,0.004034348
40215,0.047710586
40515,0.011944202
40615,0.04008274
41815,0.0035886199
42015,0.022032
42715,0.011837781
42915,0.080577746
43615,0.05103937
44215,0.010646656
44515,0.048966978
44715,0.045601495
44915,0.039574992
45215,0.03595531
45315,0.27808174
45515,0.10039241
45615,0.015462035
46115,0.009232778
46315,0.045796726
46515,0.0005731513
46915,0.027021058
47015,0.0069604586
47115,0.00019326362
47215,0.015047643
47315,0.0757423
47615,0.01780666
47715,0.05595647
47815,0.008748262
47915,0.03527083
48215,0.026780859
48615,0.02781287
48715,0.0016057969
49115,0.026783107
49215,0.018275607
49615,0.031280626
49715,0.0021323005
49915,0.0192119
50115,0.11179461
50315,0.0019078837
50415,0.0055009355
50615,0.0007394876
50815,0.00032322083
50915,0.0042611547
51015,0.02112358
51215,8.8484725e-05
51615,0.008572046
51815,0.009346229
52015,0.015394657
52115,0.031143585
52515,0.04478364
52615,0.012532287
52715,0.012885204
53215,0.0449677
53315,0.018374637
53415,0.0013497364
53615,0.022796331
53915,0.0037295313
54115,0.0036225356
54215,0.030566772
54315,0.024265032
54415,0.046928417
54615,0.0030074485
55015,0.05310936
55215,0.0041614966
55415,0.0004301598
55515,0.0073427404
55615,0.26344118
56215,0.03913833
56515,0.028434267
56715,0.04681277
56815,0.054834083
57015,0.0090462025
57115,0.053059023
57215,0.011361297
57315,0.01062913
57515,0.019992337
57915,0.031607002
58015,0.07379663
58215,0.016485633
58315,0.051602587
58515,0.027998893
58915,0.17772007
59115,0.031038081
59215,0.0029030584
59515,0.018937359
59615,0.0013562023
59815,0.043284573
59915,0.029081777
60415,0.00025105
60515,0.04164574
60815,0.047337137
61115,0.009598215
61315,0.0072983657
61415,0.005198972
61715,0.046704415
62115,0.0048715314
62415,0.036559723
62715,0.015531971
62815,0.014277545
63515,0.06430221
63615,0.018729007
63715,0.021717338
63815,0.025947707
63915,0.03984523
64315,0.19568177
64415,0.0130310105
16,0.027371211
116,0.034174748
416,0.00010639278
616,0.04861502
716,0.0489719
1016,0.021576408
1216,0.0009113349
1716,0.0236748
2216,0.0142675275
2716,0.00022246243
2816,0.00472516
2916,0.053105906
3016,0.043631412
3116,0.030913746
3216,0.029554434
3316,0.013925219
3416,0.013102415
3716,0.04881588
4016,0.00026300232
4116,0.0014132854
4216,0.060181063
4416,0.0051355627
4716,7.7571356e-05
4816,0.048844244
4916,0.023447683
5116,0.0018837783
5216,0.053613197
5716,0.037985537
5916,0.020706162
6216,0.022096403
6316,0.033874754
6516,0.03747983
6616,0.038566336
6816,0.035606466
6916,0.0007889608
7016,0.0007320055
7216,0.00065118563
7416,0.023960946
7516,0.07573989
7716,0.019889364
7916,0.008738359
8116,0.028641019
8216,0.03766586
8316,0.025453167
8416,0.025815455
8516,0.016832018
8616,0.02410369
8716,0.025845833
8916,0.009144631
9016,0.017152764
9216,0.020103982
9516,0.019966546
9816,0.041104574
9916,0.060026977
10116,0.036807623
10416,0.022697955
10516,0.03331252
10616,0.052267093
10716,0.007482673
10916,0.03344065
11216,0.02865131
11316,0.0008290795
11716,0.0021306318
11916,0.06027044
12116,0.0013404785
12416,0.018711343
12716,0.040972542
12916,0.0057211653
13016,0.0359748
13416,0.041306537
13516,0.040626712
13616,0.0152357835
13716,0.025320308
13916,0.044923738
14316,0.07088638
14416,0.0004368677
15416,0.030845342
15616,0.03561198
15716,0.037458505
15816,0.017530149
15916,0.01441004
16116,0.036706742
16216,0.027300771
16316,0.014436856
16416,0.03383622
16516,0.0002723534
16616,0.0017383683
17016,0.028908022
17116,0.019135036
17216,0.019095164
17316,0.005754431
17416,0.012445319
17616,0.0056029754
17716,0.030021675
17916,0.025408193
18016,0.020235665
18116,0.00022880382
18216,9.9639765e-05
18416,0.0008786669
18516,0.02407331
18716,0.00022779765
18816,0.034232475
19116,0.05310507
19516,0.027594969
19616,0.0028219966
19716,0.04616974
19816,0.0048404294
20716,0.031166894
20816,0.0078361975
20916,0.10977321
21116,0.050504267
21216,0.022320984
21416,0.0057349885
21816,0.049911544
22016,0.04434261
22316,0.013386417
22416,0.040041767
22516,0.050659705
22616,0.065778315
22916,0.0001405093
23016,6.347956e-05
23216,0.041511178
23316,0.0783478
23616,0.02054933
23716,0.016109496
23816,0.017854935
23916,0.046566267
24116,0.03051345
24216,0.016234372
24416,0.0008223051
24516,0.0032980742
24616,0.00040432854
24716,0.022933066
25316,0.008101083
25416,0.019517664
25816,0.0029226842
26016,0.07251531
26116,0.00938924
26216,0.030656956
26316,0.030132528
26416,0.018674705
26616,0.060090203
26716,0.026715264
26816,0.004352963
26916,0.0088770855
27016,0.025301628
27316,0.033135716
27416,0.0011054733
27516,0.0040318174
27916,0.001545171
28016,0.017572299
28116,0.009614257
28316,0.044988487
28416,0.047474403
29016,0.010989399
29116,0.024737192
29316,0.055199083
29616,0.09231042
29716,0.0048878817
29816,0.0533309
29916,0.034400046
30016,0.071089365
30116,0.004649202
30316,0.038179845
30416,0.05422402
30716,0.0024830864
30816,0.023628063
31116,0.0037512516
31216,0.031660717
31616,0.026481042
31716,0.005556132
31816,0.00923367
31916,0.026948646
32016,0.039677642
32116,0.023509538
32816,0.024505937
33016,0.019850878
33116,0.009786973
33516,0.03875358
33716,0.033541597
33816,0.021188838
33916,4.0093633e-05
34016,0.007331326
34216,9.298337e-05
34316,0.017654069
34416,0.00092207623
34516,0.0022121107
34616,0.023213288
34816,2.9614132e-05
35016,0.049113538
35216,0.0074328016
35316,0.0038044911
35516,0.065638706
35616,0.029587742
35716,0.05806024
35916,0.02291884
36016,0.014248252
36116,0.037502453
36616,0.00199972
37216,0.042565025
37416,0.07147203
37516,0.06568057
37616,0.0037137496
37716,0.017027713
38116,0.062234458
38216,0.040315572
38316,0.041407026
38416,0.054452807
38616,0.015009071
38816,0.055381134
39116,0.01855862
39216,0.00028126838
39316,0.004586277
39416,0.009699268
39616,0.028538503
39716,0.018407444
39916,0.015444219
40016,0.0036031827
40216,0.02256225
40516,0.02526306
40616,0.030759525
41816,0.009428399
42016,0.030306341
42716,0.035802428
42916,0.03671355
43616,0.0035751273
44216,0.020505086
44516,0.017105594
44716,0.030818153
44916,0.033272292
45216,0.032131955
45316,0.054938708
45516,0.05204213
45616,0.051567994
46116,0.024753612
46316,0.06672548
46516,0.00087129243
46916,0.01656322
47016,0.0014166264
47116,0.00011070217
47216,0.009926426
47316,0.040703792
47616,0.02253286
47716,0.04169449
47816,0.031417966
47916,0.022830566
48216,0.019310227
48616,0.0122225825
48716,0.00042816182
49116,0.022020912
49216,0.04314864
49616,0.011133567
49716,0.0009940651
49916,0.016436718
50116,0.013662789
50316,0.0015990626
50416,0.0024231821
50616,0.002760212
50816,0.0004615777
50916,0.012742776
51016,0.03368226
51216,5.0558105e-05
51616,0.016229657
51816,0.033594083
52016,0.016972886
52116,0.019294735
52516,0.015432692
52616,0.03552164
52716,0.037756175
53216,0.05895512
53316,0.03862712
53416,0.005790287
53616,0.03854275
53916,0.011620231
54116,0.0058377148
54216,0.040005278
54316,0.030727748
54416,0.039519913
54616,0.010830559
55016,0.024938216
55216,0.007075542
55416,0.00036959103
55516,0.015368589
55616,0.048034582
56216,0.03197994
56516,0.034177627
56716,0.035762534
56816,0.0062129684
57016,0.007904066
57116,0.023190584
57216,0.022391178
57316,0.0090015195
57516,0.030435173
57916,0.08237206
58016,0.029515555
58216,0.0039410233
58316,0.021979569
58516,0.0068947524
58916,0.08926782
59116,0.016497089
59216,0.002051038
59516,0.0017394992
59616,0.0062106326
59816,0.019748919
59916,0.04946656
60416,7.021381e-05
60516,0.02086705
60816,0.06280276
61116,0.0036366358
61316,0.0023284203
61416,0.0065097404
61716,0.0683789
62116,0.0062462674
62416,0.06833979
62716,0.03212844
62816,0.029474113
63516,0.00461289
63616,0.040873345
63716,0.034130443
63816,0.039542254
63916,0.014363686
64316,0.086200826
64416,0.03111835
17,0.02908704
117,0.048413627
417,0.00016428348
617,0.010003462
717,0.027820406
1017,0.024401428
1217,0.00023263863
1717,0.11104826
2217,0.03834103
2717,0.00028802647
2817,0.00074016076
2917,0.010636456
3017,0.0030985416
3117,0.029132063
3217,0.013852083
3317,0.018317575
3417,0.007537636
3717,0.01946702
4017,6.598224e-05
4117,0.04289942
4217,0.033004943
4417,0.0047695823
4717,3.33896e-05
4817,0.040400878
4917,0.0007136498
5117,0.005272222
5217,0.036335345
5717,0.020458428
5917,0.008548986
6217,0.020739948
6317,0.026915722
6517,0.019641181
6617,0.040767647
6817,0.019774288
6917,0.0030226572
7017,0.0011946157
7217,0.002351661
7417,0.098112345
7517,0.006123057
7717,0.020429248
7917,0.024125729
8117,0.006696866
8217,0.025004996
8317,0.024226395
8417,0.0634414
8517,0.02094379
8617,0.037309762
8717,0.027424674
8917,0.008211324
9017,0.013030003
9217,0.032375075
9517,0.0016764936
9817,0.018629558
9917,0.024455074
10117,0.01987205
10417,0.014311695
10517,0.026250534
10617,0.016348124
10717,0.4288308
10917,0.04661523
11217,0.019404046
11317,0.0007918612
11717,0.0026979868
11917,0.030523289
12117,0.0001863905
12417,0.0027110127
12717,0.013428647
12917,0.0017765327
13017,0.0062134876
13417,0.029785197
13517,0.021238988
13617,0.014018685
13717,0.039067693
13917,0.054922737
14317,0.057879865
14417,0.00012836643
15417,0.00050494267
15617,0.037097123
15717,0.005381871
15817,0.018236173
15917,0.0155601725
16117,0.010385594
16217,0.014613051
16317,0.024946764
16417,0.062579796
16517,7.688703e-05
16617,0.00046708976
17017,0.039691485
17117,0.049461927
17217,0.027739616
17317,0.0044615683
17417,0.01073391
17617,0.0005706734
17717,0.006739596
17917,0.089543305
18017,0.075665005
18117,0.00017990096
18217,0.00016077631
18417,0.0006170184
18517,0.022845447
18717,0.00062881416
18817,0.01929529
19117,0.0009855242
19517,0.012845764
19617,0.0011576785
19717,0.022187402
19817,0.01624117
20717,0.024271287
20817,0.00014509074
20917,0.035409063
21117,0.029928522
21217,0.0119592175
21417,0.006188665
21817,0.053290308
22017,0.026949959
22317,0.19885051
22417,0.016092066
22517,0.12943603
22617,0.016546179
22917,0.00083248335
23017,6.788212e-05
23217,0.23873879
23317,0.039070386
23617,0.047598187
23717,0.0025460143
23817,0.0033801582
23917,0.011456257
24117,0.017022891
24217,0.018255161
24417,0.0022486863
24517,0.007254009
24617,0.0013838965
24717,0.0060182093
25317,0.0029157726
25417,0.009679079
25817,0.00074615626
26017,0.0023096476
26117,0.0032886397
26217,0.017394861
26317,0.020623537
26417,0.014975597
26617,0.05115125
26717,0.011021654
26817,0.0067047193
26917,0.006786212
27017,0.026148291
27317,0.005038398
27417,0.0009921261
27517,0.0029396475
27917,0.0014489462
28017,0.016977483
28117,0.0030958592
28317,0.023658538
28417,0.02966607
29017,0.0054452065
29117,0.017004624
29317,0.050652023
29617,0.015862277
29717,0.0022484963
29817,0.0110584255
29917,0.036836065
30017,0.0382952
30117,0.000888519
30317,0.03531075
30417,0.022568632
30717,0.00031157196
30817,0.0061636176
31117,0.00045214762
31217,0.011990294
31617,0.024664974
31717,0.0012927194
31817,0.0022127798
31917,0.01834818
32017,0.021758907
32117,0.062679455
32817,0.005904165
33017,0.022283753
33117,0.0093375305
33517,0.008083471
33717,0.08190327
33817,0.071032695
33917,9.085667e-05
34017,0.021476632
34217,9.214106e-05
34317,0.018054979
34417,0.0011923487
34517,0.0019479071
34617,0.01608705
34817,2.5461042e-05
35017,0.017619519
35217,0.01920681
35317,0.0018383882
35517,0.020037929
35617,0.003996967
35717,0.022126175
35917,0.002667545
36017,0.005435661
36117,0.021523405
36617,4.8896098e-05
37217,0.16112757
37417,0.015836533
37517,0.015613631
37617,0.0007079431
37717,0.0091687795
38117,0.03219325
38217,0.027800782
38317,0.103264414
38417,0.029019222
38617,0.011647442
38817,0.014178244
39117,0.02299621
39217,0.0009058714
39317,0.0033891683
39417,0.009236228
39617,0.018905805
39717,0.0769735
39917,0.010007423
40017,0.0057865963
40217,0.0102781225
40517,0.016620936
40617,0.020021085
41817,0.00037772642
42017,0.016264904
42717,0.024748549
42917,0.027680064
43617,0.0014529554
44217,0.006827262
44517,0.005688665
44717,0.020630213
44917,0.036838535
45217,0.022400988
45317,0.03335209
45517,0.010400894
45617,0.04041015
46117,0.0080047725
46317,0.036370646
46517,0.00016342227
46917,0.026562423
47017,0.003756037
47117,6.752409e-05
47217,0.010056547
47317,0.02948234
47617,0.018696902
47717,0.036390413
47817,0.014747994
47917,0.019811038
48217,0.008324748
48617,0.007903912
48717,0.00016688347
49117,0.0021364102
49217,0.017926296
49617,0.009898907
49717,0.0007561057
49917,0.008041287
50117,0.10894712
50317,0.0020394686
50417,0.004097437
50617,0.002401556
50817,0.001623132
50917,0.008142445
51017,0.031620998
51217,0.00018946214
51617,0.020029573
51817,0.013335985
52017,0.010501589
52117,0.02858685
52517,0.007677302
52617,0.0038594562
52717,0.012663637
53217,0.170691
53317,0.0067670625
53417,0.04839498
53617,0.020057404
53917,0.002247392
54117,0.0023597423
54217,0.018013366
54317,0.011278478
54417,0.01753863
54617,0.0073675015
55017,0.019448934
55217,0.00268715
55417,0.0010123916
55517,0.0053080143
55617,0.050125554
56217,0.018988242
56517,0.022344861
56717,0.055226058
56817,0.010024183
57017,0.0035899007
57117,0.01533982
57217,0.012135457
57317,0.0106547205
57517,0.025395405
57917,0.038496964
58017,0.016142448
58217,0.0016167196
58317,0.024735142
58517,0.0021044167
58917,0.02055997
59117,0.00698379
59217,0.0019421272
59517,0.0012273497
59617,0.0007019702
59817,0.007740115
59917,0.008940778
60417,0.0001904979
60517,0.011050239
60817,0.02053959
61117,0.00437951
61317,0.0013011444
61417,0.000746586
61717,0.02344069
62117,0.00070623826
62417,0.09858161
62717,0.035278715
62817,0.020718396
63517,0.0011075409
63617,0.021275342
63717,0.03493116
63817,0.040396787
63917,0.016407788
64317,0.030135762
64417,0.018375698
18,0.027661584
118,0.035719182
418,6.1628874e-05
618,0.13317683
718,0.03919355
1018,0.013477998
1218,0.0032782552
1718,0.02031831
2218,0.021215212
2718,0.00061327504
2818,0.002607526
2918,0.036241148
3018,0.07094907
3118,0.026040897
3218,0.06688934
3318,0.28689626
3418,0.015506138
3718,0.011530308
4018,0.967563
4118,0.011737618
4218,0.027448202
4418,0.0022262207
4718,0.99345654
4818,0.048558347
4918,0.010713316
5118,0.97032803
5218,0.056543585
5718,0.08777817
5918,0.04555697
6218,0.2527612
6318,0.11266189
6518,0.054369412
6618,0.08568233
6818,0.08202635
6918,0.00039949428
7018,0.0011631737
7218,0.00025498
7418,0.006889176
7518,0.13643886
7718,0.03232913
7918,0.022814926
8118,0.20592283
8218,0.034758933
8318,0.028121447
8418,0.024255875
8518,0.019290533
8618,0.04258372
8718,0.010095105
8918,0.01320417
9018,0.0043826085
9218,0.05938919
9518,0.008026314
9818,0.07704168
9918,0.027383592
10118,0.02532987
10418,0.055349022
10518,0.06797507
10618,0.024680788
10718,0.0029087805
10918,0.2633693
11218,0.08497806
11318,0.0018591003
11718,0.0006900798
11918,0.051275205
12118,0.003691083
12418,0.037134778
12718,0.024554601
12918,0.0038189855
13018,0.11232358
13418,0.08362942
13518,0.01706542
13618,0.04066987
13718,0.05646614
13918,0.011716955
14318,0.027232116
14418,0.00024212216
15418,0.0020872804
15618,0.11966855
15718,0.017043008
15818,0.03286903
15918,0.034995
16118,0.004621224
16218,0.0138195865
16318,0.00543346
16418,0.051121313
16518,8.316801e-05
16618,0.0026052657
17018,0.09829482
17118,0.020121476
17218,0.07163785
17318,0.013704342
17418,0.023113264
17618,0.019095065
17718,0.0089574205
17918,0.046808336
18018,0.032169543
18118,0.00021280276
18218,0.00015054543
18418,0.00036761022
18518,0.053572778
18718,0.0003160351
18818,0.036778167
19118,0.0019655877
19518,0.052595954
19618,0.0007820466
19718,0.024845665
19818,0.002305048
20718,0.02960324
20818,0.043416847
20918,0.037207745
21118,0.05838841
21218,0.060078945
21418,0.009988304
21818,0.10490988
22018,0.03586643
22318,0.0007855853
22418,0.09976561
22518,0.029937081
22618,0.064798616
22918,0.0002824713
23018,8.307912e-05
23218,0.007885758
23318,0.018930051
23618,0.13748576
23718,0.0062014614
23818,0.007440404
23918,0.030369246
24118,0.046199244
24218,0.10479264
24418,0.00035611598
24518,0.0013793919
24618,0.0005014436
24718,0.027264848
25318,0.0041090837
25418,0.0077621606
25818,0.0005302836
26018,0.004695223
26118,0.004362423
26218,0.07685923
26318,0.18247898
26418,0.0073535107
26618,0.032974083
26718,0.044534333
26818,0.024478465
26918,0.015358209
27018,0.059362993
27318,0.006829465
27418,0.0018321377
27518,0.0014911225
27918,0.005980635
28018,0.05732776
28118,0.006800464
28318,0.2907039
28418,0.037333623
29018,0.0049175518
29118,0.18262489
29318,0.12291258
29618,0.011543661
29718,0.114202164
29818,0.008937843
29918,0.030421462
30018,0.024886506
30118,0.0017753431
30318,0.15231457
30418,0.106266774
30718,0.0009485228
30818,0.009427725
31118,0.0015794617
31218,0.030554406
31618,0.03618456
31718,0.001091308
31818,0.009265529
31918,0.32227466
32018,0.040094674
32118,0.038064446
32818,0.031686693
33018,0.07975333
33118,0.019445723
33518,0.06892779
33718,0.0319634
33818,0.04577492
33918,8.9491834e-05
34018,0.006188598
34218,4.767231e-05
34318,0.06986489
34418,0.00029905242
34518,0.0006563055
34618,0.026137011
34818,1.4180885e-05
35018,0.051178847
35218,0.0195326
35318,0.79567003
35518,0.035175156
35618,0.010834101
35718,0.022252202
35918,0.017114818
36018,0.0076108873
36118,0.028234595
36618,0.23398335
37218,0.17895333
37418,0.14340098
37518,0.023534918
37618,0.0027649375
37718,0.021502908
38118,0.054490022
38218,0.017751051
38318,0.046141498
38418,0.03142705
38618,0.011262382
38818,0.024196383
39118,0.01543133
39218,0.00025959368
39318,0.0023662702
39418,0.0036469945
39618,0.0067918627
39718,0.0055717817
39918,0.056010548
40018,0.002071916
40218,0.017672878
40518,0.09045368
40618,0.028016403
41818,0.001269491
42018,0.05481153
42718,0.047345456
42918,0.013456881
43618,0.0037110655
44218,0.07078549
44518,0.008462629
44718,0.04360878
44918,0.032983437
45218,0.0022624691
45318,0.018612884
45518,0.012536246
45618,0.27477643
46118,0.03429314
46318,0.05565714
46518,0.00011128425
46918,0.03044334
47018,0.0038240415
47118,2.7891565e-05
47218,0.06916648
47318,0.06046041
47618,0.07155403
47718,0.038229574
47818,0.27434826
47918,0.039629765
48218,0.036959134
48618,0.014072326
48718,0.0006188717
49118,0.030630587
49218,0.059268195
49618,0.055159274
49718,0.0009089455
49918,0.017455239
50118,0.01818625
50318,0.0012183266
50418,0.0062781004
50618,0.0006560331
50818,0.00025272695
50918,0.0020074728
51018,0.022115292
51218,6.661887e-05
51618,0.005658932
51818,0.16384
52018,0.02834676
52118,0.01165719
52518,0.0062983353
52618,0.005021599
52718,0.031384677
53218,0.018501563
53318,0.034583084
53418,0.7460104
53618,0.041399874
53918,0.00795367
54118,0.0098215295
54218,0.037721194
54318,0.04406921
54418,0.03342368
54618,0.0025847678
55018,0.017104212
55218,0.008162058
55418,0.00046812696
55518,0.022198485
55618,0.010076641
56218,0.015744193
56518,0.12466219
56718,0.028842807
56818,0.004297495
57018,0.008529942
57118,0.013966225
57218,0.11132485
57318,0.048050746
57518,0.08513074
57918,0.041807234
58018,0.02270438
58218,0.0034375545
58318,0.037360314
58518,0.0024484885
58918,0.028260795
59118,0.0032404144
59218,0.0038918392
59518,0.0018518232
59618,0.12018925
59818,0.012286495
59918,0.010459859
60418,0.00024632693
60518,0.019775584
60818,0.06650833
61118,0.010820438
61318,0.002462912
61418,0.0012067485
61718,0.0146082
62118,0.009438974
62418,0.110069804
62718,0.1606897
62818,0.06781154
63518,0.0013696994
63618,0.10468555
63718,0.12991336
63818,0.097006716
63918,0.00947676
64318,0.03638341
64418,0.17104912
