Id,Probability
0,0.47661617
100,0.38670385
400,0.36691734
600,0.44706538
700,0.49030027
1000,0.52045774
1200,0.45762938
1700,0.42115062
2200,0.4804762
2700,0.39948326
2800,0.42144868
2900,0.40941265
3000,0.46757153
3100,0.48503104
3200,0.48191354
3300,0.41797867
3400,0.4803122
3700,0.39942178
4000,0.4635523
4100,0.3533617
4200,0.39718583
4400,0.43156987
4700,0.49968666
4800,0.48062623
4900,0.39686632
5100,0.44833487
5200,0.48736507
5700,0.47399843
5900,0.45537513
6200,0.4701752
6300,0.48442227
6500,0.4208373
6600,0.44787055
6800,0.39960086
6900,0.38739884
7000,0.46457484
7200,0.452865
7400,0.3487288
7500,0.41777465
7700,0.48046166
7900,0.43808794
8100,0.46535686
8200,0.5135389
8300,0.47962508
8400,0.38667154
8500,0.4504975
8600,0.48407674
8700,0.43575692
8900,0.4738952
9000,0.43301716
9200,0.4572351
9500,0.3097747
9800,0.3957708
9900,0.39485022
10100,0.41346335
10400,0.51017725
10500,0.47474062
10600,0.233884
10700,0.30470815
10900,0.45995462
11200,0.4660982
11300,0.43568313
11700,0.44020587
11900,0.50583756
12100,0.42675608
12400,0.44254816
12700,0.5002459
12900,0.46785972
13000,0.38695621
13400,0.47784865
13500,0.42622784
13600,0.4443047
13700,0.46360007
13900,0.37862885
14300,0.4766856
14400,0.44042668
15400,0.44054684
15600,0.5018258
15700,0.47489142
15800,0.45228902
15900,0.45751172
16100,0.47636795
16200,0.48522678
16300,0.4544234
16400,0.40650052
16500,0.32306218
16600,0.40285054
17000,0.49709797
17100,0.41774666
17200,0.47518727
17300,0.49318153
17400,0.34334636
17600,0.41469178
17700,0.47935686
17900,0.44547018
18000,0.45266634
18100,0.417628
18200,0.42792302
18400,0.3865568
18500,0.43586332
18700,0.40673244
18800,0.4151683
19100,0.4268505
19500,0.4271529
19600,0.4328479
19700,0.4115553
19800,0.4250521
20700,0.40298256
20800,0.44789913
20900,0.4198096
21100,0.4418898
21200,0.42152658
21400,0.4697729
21800,0.44231695
22000,0.43227074
22300,0.32540858
22400,0.44253135
22500,0.48551288
22600,0.4487588
22900,0.44377166
23000,0.43539843
23200,0.31548157
23300,0.37267745
23600,0.48016152
23700,0.39812705
23800,0.42335558
23900,0.47472346
24100,0.47359046
24200,0.46664226
24400,0.41089693
24500,0.43169978
24600,0.40269208
24700,0.47994438
25300,0.33333975
25400,0.4257124
25800,0.35684574
26000,0.4266286
26100,0.44618696
26200,0.4403305
26300,0.47177193
26400,0.39844194
26600,0.43723717
26700,0.43584156
26800,0.41689926
26900,0.43225825
27000,0.4877685
27300,0.38608828
27400,0.37265432
27500,0.40098533
27900,0.44034225
28000,0.4301762
28100,0.47395584
28300,0.4858471
28400,0.4865965
29000,0.48156312
29100,0.4641345
29300,0.5026076
29600,0.3357019
29700,0.4292626
29800,0.5064362
29900,0.40081617
30000,0.50464386
30100,0.39846796
30300,0.4604732
30400,0.47481936
30700,0.46922538
30800,0.39595214
31100,0.44780508
31200,0.51206076
31600,0.45719063
31700,0.35863656
31800,0.46461374
31900,0.49201536
32000,0.44045892
32100,0.51898247
32800,0.52510417
33000,0.44305784
33100,0.4561875
33500,0.43735436
33700,0.40106663
33800,0.40127948
33900,0.3916934
34000,0.42975718
34200,0.38983586
34300,0.45333064
34400,0.39522582
34500,0.38368705
34600,0.33573925
34800,0.44479957
35000,0.45149407
35200,0.4802933
35300,0.49208933
35500,0.41396406
35600,0.44424263
35700,0.34802705
35900,0.41409096
36000,0.41259715
36100,0.45161843
36600,0.41537866
37200,0.38708052
37400,0.43362108
37500,0.4799697
37600,0.4111138
37700,0.46210504
38100,0.440296
38200,0.441158
38300,0.43471465
38400,0.452349
38600,0.45079148
38800,0.4275265
39100,0.4198245
39200,0.45986557
39300,0.4355781
39400,0.40506166
39600,0.4111328
39700,0.23413546
39900,0.44284943
40000,0.36816657
40200,0.43894565
40500,0.47798923
40600,0.38998052
41800,0.43026498
42000,0.3570244
42700,0.44073597
42900,0.23301886
43600,0.3990486
44200,0.44421133
44500,0.39797443
44700,0.43363455
44900,0.44843704
45200,0.41067067
45300,0.4200154
45500,0.46216443
45600,0.4802809
46100,0.34751955
46300,0.48567805
46500,0.46175748
46900,0.48892933
47000,0.4316849
47100,0.48258862
47200,0.47030598
47300,0.48013628
47600,0.45147488
47700,0.44971794
47800,0.48422313
47900,0.46812046
48200,0.4635657
48600,0.45161897
48700,0.25334284
49100,0.45957223
49200,0.45795205
49600,0.40397552
49700,0.49629924
49900,0.4490216
50100,0.4427014
50300,0.33976597
50400,0.482217
50600,0.44616514
50800,0.36641106
50900,0.37899312
51000,0.385973
51200,0.48272228
51600,0.4293241
51800,0.47078484
52000,0.44476542
52100,0.4529139
52500,0.42026895
52600,0.36566886
52700,0.23823108
53200,0.33468354
53300,0.40652993
53400,0.39895877
53600,0.41273722
53900,0.38395968
54100,0.5028138
54200,0.44292998
54300,0.41616535
54400,0.44685405
54600,0.10823278
55000,0.4733627
55200,0.39765704
55400,0.45121962
55500,0.32674918
55600,0.30753124
56200,0.42338914
56500,0.48675424
56700,0.48961207
56800,0.36051467
57000,0.4550606
57100,0.41922307
57200,0.4884583
57300,0.44246757
57500,0.36699
57900,0.4647534
58000,0.454087
58200,0.45040002
58300,0.45258492
58500,0.4405257
58900,0.28060532
59100,0.44543573
59200,0.4464717
59500,0.43207476
59600,0.43572807
59800,0.40998828
59900,0.47570252
60400,0.37540495
60500,0.4085767
60800,0.489769
61100,0.37721625
61300,0.4673922
61400,0.46412295
61700,0.404972
62100,0.3883475
62400,0.47228247
62700,0.46197587
62800,0.48199838
63500,0.41314673
63600,0.46397498
63700,0.4962556
63800,0.44959277
63900,0.50891745
64300,0.44274923
64400,0.44510257
1,0.42047393
101,0.41615224
401,0.5162288
601,0.4801938
701,0.4764188
1001,0.47173113
1201,0.48516777
1701,0.4272176
2201,0.43597788
2701,0.42034826
2801,0.46393996
2901,0.37622964
3001,0.4759205
3101,0.50337386
3201,0.518518
3301,0.4693623
3401,0.49612916
3701,0.4754487
4001,0.49581096
4101,0.47110096
4201,0.5053642
4401,0.5466044
4701,0.52273655
4801,0.44625506
4901,0.4929397
5101,0.45610118
5201,0.44868147
5701,0.45597798
5901,0.47627574
6201,0.49859565
6301,0.4751289
6501,0.4547582
6601,0.47413588
6801,0.47563595
6901,0.5615347
7001,0.5218141
7201,0.5185715
7401,0.43216062
7501,0.49113065
7701,0.5033286
7901,0.50777435
8101,0.47775748
8201,0.49339825
8301,0.55390257
8401,0.46421453
8501,0.50489855
8601,0.53297067
8701,0.51091063
8901,0.47353116
9001,0.5432784
9201,0.5110134
9501,0.43564588
9801,0.4745105
9901,0.46838543
10101,0.48228973
10401,0.51353383
10501,0.44959158
10601,0.47868794
10701,0.39435357
10901,0.4667444
11201,0.5330384
11301,0.51026356
11701,0.61361986
11901,0.52001274
12101,0.45117792
12401,0.43760908
12701,0.49135375
12901,0.4952083
13001,0.48354238
13401,0.47306567
13501,0.4577165
13601,0.4541021
13701,0.453084
13901,0.483024
14301,0.45014194
14401,0.5357271
15401,0.4530816
15601,0.47707972
15701,0.5091994
15801,0.5460387
15901,0.53241587
16101,0.49010733
16201,0.49588817
16301,0.49708903
16401,0.39985523
16501,0.34195316
16601,0.5301049
17001,0.46427956
17101,0.4529773
17201,0.39469254
17301,0.49767005
17401,0.3597053
17601,0.5654112
17701,0.45583293
17901,0.37374553
18001,0.4013122
18101,0.48223254
18201,0.4818417
18401,0.51632404
18501,0.60085994
18701,0.53679544
18801,0.437986
19101,0.5052446
19501,0.4674346
19601,0.48661405
19701,0.48753762
19801,0.58102274
20701,0.43002793
20801,0.52033025
20901,0.41903943
21101,0.48538247
21201,0.43443322
21401,0.5107977
21801,0.5129644
22001,0.4077772
22301,0.56003493
22401,0.47888336
22501,0.46063423
22601,0.46146253
22901,0.5405392
23001,0.41375795
23201,0.45924598
23301,0.5586496
23601,0.53221196
23701,0.45049396
23801,0.41924396
23901,0.47443452
24101,0.53220695
24201,0.49279606
24401,0.5476166
24501,0.5368789
24601,0.50281703
24701,0.51905406
25301,0.46701434
25401,0.55195045
25801,0.49761158
26001,0.49761385
26101,0.4739133
26201,0.48673522
26301,0.4848568
26401,0.41000387
26601,0.41865563
26701,0.50131017
26801,0.55288976
26901,0.47715953
27001,0.5477321
27301,0.43484384
27401,0.49101222
27501,0.60712945
27901,0.4706182
28001,0.47009268
28101,0.55334663
28301,0.40648437
28401,0.49339175
29001,0.46697345
29101,0.47791255
29301,0.4829166
29601,0.49489516
29701,0.43850476
29801,0.4933235
29901,0.4212534
30001,0.49735463
30101,0.51066834
30301,0.4777518
30401,0.47240987
30701,0.49451122
30801,0.46453363
31101,0.5400069
31201,0.49861738
31601,0.5700974
31701,0.45620954
31801,0.50156987
31901,0.5408834
32001,0.42934567
32101,0.34941334
32801,0.49095467
33001,0.42225215
33101,0.43195513
33501,0.48254836
33701,0.40658364
33801,0.37710062
33901,0.44587263
34001,0.43669447
34201,0.49963695
34301,0.46404886
34401,0.518079
34501,0.48520336
34601,0.48169452
34801,0.39175192
35001,0.47593653
35201,0.4723684
35301,0.50732595
35501,0.4622115
35601,0.48296845
35701,0.48556545
35901,0.5472346
36001,0.53942543
36101,0.4604726
36601,0.43986186
37201,0.50127697
37401,0.42636722
37501,0.5139644
37601,0.4533862
37701,0.47064313
38101,0.47210985
38201,0.44308436
38301,0.46563995
38401,0.48255283
38601,0.4248731
38801,0.43815547
39101,0.53277785
39201,0.60946006
39301,0.53166497
39401,0.4919511
39601,0.48508218
39701,0.39178744
39901,0.48199686
40001,0.44125938
40201,0.43628785
40501,0.56674457
40601,0.47404608
41801,0.51946765
42001,0.3928605
42701,0.5040473
42901,0.4576089
43601,0.45989305
44201,0.50366056
44501,0.49311817
44701,0.46329632
44901,0.4809423
45201,0.5250771
45301,0.4660436
45501,0.47830775
45601,0.4931121
46101,0.46520048
46301,0.4670216
46501,0.4903045
46901,0.4367989
47001,0.55173707
47101,0.466874
47201,0.4861489
47301,0.46580988
47601,0.42783108
47701,0.48238623
47801,0.47614697
47901,0.55472696
48201,0.5289561
48601,0.539405
48701,0.36579785
49101,0.49037126
49201,0.46371585
49601,0.47757402
49701,0.5354661
49901,0.45441926
50101,0.3667168
50301,0.5058218
50401,0.5092131
50601,0.5272619
50801,0.47181815
50901,0.4681784
51001,0.5534882
51201,0.46395817
51601,0.55262834
51801,0.55150187
52001,0.48008737
52101,0.44330606
52501,0.48680305
52601,0.42521572
52701,0.15643367
53201,0.407817
53301,0.53017634
53401,0.5864209
53601,0.47333544
53901,0.40490976
54101,0.50799656
54201,0.49970654
54301,0.4893847
54401,0.48646072
54601,0.34383017
55001,0.49628398
55201,0.5243418
55401,0.5183597
55501,0.46077448
55601,0.33274695
56201,0.48636645
56501,0.47910094
56701,0.47837895
56801,0.43190742
57001,0.39840993
57101,0.5684568
57201,0.5175603
57301,0.50769037
57501,0.41986734
57901,0.50124353
58001,0.5644589
58201,0.5184272
58301,0.56841743
58501,0.44350755
58901,0.5341531
59101,0.5134185
59201,0.55079347
59501,0.5303016
59601,0.449243
59801,0.5450361
59901,0.49839962
60401,0.45813146
60501,0.5268805
60801,0.46914402
61101,0.5511673
61301,0.52814436
61401,0.4386744
61701,0.4663261
62101,0.5023534
62401,0.49006936
62701,0.48752376
62801,0.5115474
63501,0.507117
63601,0.47615632
63701,0.49876368
63801,0.4645438
63901,0.5326667
64301,0.5032201
64401,0.47451523
2,0.48879516
102,0.39186364
402,0.41191742
602,0.4981766
702,0.48801714
1002,0.469444
1202,0.44357768
1702,0.38045475
2202,0.35524097
2702,0.33623162
2802,0.418191
2902,0.35070455
3002,0.56291854
3102,0.45861244
3202,0.533566
3302,0.34369615
3402,0.40020612
3702,0.40252727
4002,0.53271955
4102,0.15187845
4202,0.48663706
4402,0.43043256
4702,0.50597
4802,0.45038632
4902,0.5516809
5102,0.48133117
5202,0.49805677
5702,0.46798825
5902,0.37955835
6202,0.5179752
6302,0.4785116
6502,0.47783402
6602,0.48605126
6802,0.45571303
6902,0.3949389
7002,0.43775913
7202,0.3572151
7402,0.53684616
7502,0.36972103
7702,0.46825752
7902,0.45085186
8102,0.48327628
8202,0.46727666
8302,0.5204984
8402,0.47132096
8502,0.44537398
8602,0.44765955
8702,0.36410332
8902,0.47869682
9002,0.42244098
9202,0.52713925
9502,0.42164758
9802,0.37120214
9902,0.3743244
10102,0.40354958
10402,0.50287473
10502,0.50725454
10602,0.44045052
10702,0.56511956
10902,0.45841
11202,0.46430233
11302,0.42180565
11702,0.4642911
11902,0.4834562
12102,0.4445657
12402,0.43898645
12702,0.47083563
12902,0.43486187
13002,0.5455758
13402,0.52885294
13502,0.39408645
13602,0.46591553
13702,0.46374756
13902,0.49046528
14302,0.47990233
14402,0.41103947
15402,0.4484814
15602,0.5050608
15702,0.4713554
15802,0.42957515
15902,0.4863084
16102,0.5020733
16202,0.4893154
16302,0.49066052
16402,0.49510825
16502,0.38128302
16602,0.51853997
17002,0.5038638
17102,0.34533563
17202,0.4447721
17302,0.4602431
17402,0.40330887
17602,0.42440218
17702,0.43485272
17902,0.40106082
18002,0.37945586
18102,0.35359758
18202,0.35356984
18402,0.42603663
18502,0.45317698
18702,0.29219356
18802,0.36016348
19102,0.38041928
19502,0.36485687
19602,0.48954496
19702,0.3947733
19802,0.39582038
20702,0.42045587
20802,0.46483254
20902,0.55717856
21102,0.5347777
21202,0.46497202
21402,0.3974222
21802,0.54085416
22002,0.42983195
22302,0.5827629
22402,0.527101
22502,0.48328587
22602,0.53420186
22902,0.36874345
23002,0.33667907
23202,0.47863826
23302,0.474367
23602,0.4376243
23702,0.44750598
23802,0.3176544
23902,0.46209875
24102,0.49636036
24202,0.46008837
24402,0.44487005
24502,0.46267775
24602,0.33881593
24702,0.438192
25302,0.47192225
25402,0.39063087
25802,0.44439837
26002,0.41615576
26102,0.47653088
26202,0.43416896
26302,0.5032885
26402,0.6255596
26602,0.5255745
26702,0.4738917
26802,0.4150128
26902,0.49818915
27002,0.49767867
27302,0.44247815
27402,0.41714227
27502,0.45441526
27902,0.3948579
28002,0.3916349
28102,0.45080638
28302,0.48664534
28402,0.48276997
29002,0.52591014
29102,0.5287765
29302,0.48753956
29602,0.48552355
29702,0.50603276
29802,0.4921366
29902,0.4903492
30002,0.44655997
30102,0.40134737
30302,0.46083242
30402,0.4860644
30702,0.4536364
30802,0.41620728
31102,0.4423984
31202,0.4668736
31602,0.47661117
31702,0.42223343
31802,0.47408143
31902,0.508049
32002,0.47314867
32102,0.39002007
32802,0.46753356
33002,0.40893185
33102,0.36089537
33502,0.4890323
33702,0.3893304
33802,0.352001
33902,0.30202267
34002,0.33979774
34202,0.40036353
34302,0.33749545
34402,0.45430985
34502,0.37464443
34602,0.46964625
34802,0.2671238
35002,0.4921583
35202,0.47523797
35302,0.4845692
35502,0.3904771
35602,0.4198144
35702,0.3201203
35902,0.40432218
36002,0.4229282
36102,0.5014353
36602,0.46821126
37202,0.32077745
37402,0.5642491
37502,0.48000118
37602,0.30820036
37702,0.4974031
38102,0.47077337
38202,0.4864189
38302,0.5383089
38402,0.50148195
38602,0.4579665
38802,0.4372175
39102,0.48113146
39202,0.42929205
39302,0.4539955
39402,0.4034457
39602,0.47533813
39702,0.19073348
39902,0.44186604
40002,0.45479646
40202,0.35520503
40502,0.52504146
40602,0.3752845
41802,0.4306542
42002,0.36415038
42702,0.48405227
42902,0.5755085
43602,0.47466782
44202,0.48077562
44502,0.4366934
44702,0.52253956
44902,0.39861915
45202,0.41600198
45302,0.49158657
45502,0.48539189
45602,0.5098356
46102,0.38257313
46302,0.54115385
46502,0.3718093
46902,0.35245392
47002,0.44668385
47102,0.4057325
47202,0.46790543
47302,0.49062505
47602,0.42356935
47702,0.5043708
47802,0.46063697
47902,0.49328345
48202,0.48575082
48602,0.44216266
48702,0.24404286
49102,0.47725987
49202,0.473155
49602,0.45880795
49702,0.35211062
49902,0.46256015
50102,0.33138356
50302,0.36353365
50402,0.32804257
50602,0.33145282
50802,0.36984065
50902,0.37616166
51002,0.4607199
51202,0.29654658
51602,0.468613
51802,0.4701597
52002,0.36065662
52102,0.46007755
52502,0.44974068
52602,0.324203
52702,0.05962078
53202,0.46327505
53302,0.5183412
53402,0.53565997
53602,0.39574397
53902,0.34254986
54102,0.47502998
54202,0.5194029
54302,0.48289788
54402,0.49869204
54602,0.36391383
55002,0.47696036
55202,0.38611767
55402,0.47451296
55502,0.32294494
55602,0.47328433
56202,0.44756487
56502,0.462084
56702,0.42598057
56802,0.34622973
57002,0.32579213
57102,0.39571354
57202,0.48450655
57302,0.49067286
57502,0.26991472
57902,0.49154234
58002,0.4917037
58202,0.44624373
58302,0.4516522
58502,0.40909296
58902,0.49675623
59102,0.45162597
59202,0.45540074
59502,0.44877338
59602,0.46224463
59802,0.43439618
59902,0.405401
60402,0.26605216
60502,0.4310863
60802,0.4746147
61102,0.41333544
61302,0.5008024
61402,0.37601072
61702,0.4339332
62102,0.5095943
62402,0.4792083
62702,0.5019127
62802,0.49423438
63502,0.45436496
63602,0.49580956
63702,0.47653222
63802,0.48004472
63902,0.40391502
64302,0.49994275
64402,0.4901559
3,0.4668546
103,0.541874
403,0.50569344
603,0.4823689
703,0.48923934
1003,0.49350053
1203,0.50190467
1703,0.5011971
2203,0.49239433
2703,0.2151838
2803,0.53322035
2903,0.5689636
3003,0.5207451
3103,0.52829844
3203,0.5213682
3303,0.5611052
3403,0.52780336
3703,0.39361277
4003,0.5061863
4103,0.35016146
4203,0.42678842
4403,0.53438294
4703,0.46661103
4803,0.5371255
4903,0.4037701
5103,0.45671618
5203,0.43517205
5703,0.5305211
5903,0.52453214
6203,0.48397255
6303,0.48810038
6503,0.5207115
6603,0.4990981
6803,0.52064806
6903,0.3536436
7003,0.46693885
7203,0.36570987
7403,0.515666
7503,0.5924141
7703,0.5256251
7903,0.36333743
8103,0.49384627
8203,0.47596848
8303,0.5341281
8403,0.5453899
8503,0.52043235
8603,0.4827301
8703,0.5811253
8903,0.49325204
9003,0.5190371
9203,0.48646456
9503,0.5132966
9803,0.56767726
9903,0.5680046
10103,0.4808969
10403,0.5347261
10503,0.49990904
10603,0.5167434
10703,0.57307607
10903,0.4001753
11203,0.4731297
11303,0.3938045
11703,0.38702205
11903,0.548241
12103,0.51375586
12403,0.55148304
12703,0.46872005
12903,0.5224654
13003,0.46956998
13403,0.53890604
13503,0.55480176
13603,0.4835697
13703,0.54566216
13903,0.48106784
14303,0.5603097
14403,0.5114353
15403,0.5169979
15603,0.5022093
15703,0.52200997
15803,0.5108265
15903,0.52255243
16103,0.46324956
16203,0.5258295
16303,0.47569114
16403,0.5453831
16503,0.5209854
16603,0.5131982
17003,0.5289483
17103,0.5025663
17203,0.4871641
17303,0.51143277
17403,0.6199145
17603,0.44394732
17703,0.5272504
17903,0.4905372
18003,0.4631432
18103,0.3546509
18203,0.28291976
18403,0.46919763
18503,0.45850354
18703,0.28761762
18803,0.5377693
19103,0.529299
19503,0.5335609
19603,0.4225603
19703,0.5581161
19803,0.3069405
20703,0.5554316
20803,0.49895513
20903,0.53669095
21103,0.4921254
21203,0.5665958
21403,0.45757407
21803,0.5164337
22003,0.5209447
22303,0.52547747
22403,0.52391106
22503,0.5099483
22603,0.49507135
22903,0.31926036
23003,0.45095268
23203,0.54317456
23303,0.5519602
23603,0.42221606
23703,0.38384143
23803,0.46198264
23903,0.48965037
24103,0.5030424
24203,0.42429677
24403,0.44707692
24503,0.42429823
24603,0.456629
24703,0.44613466
25303,0.5573813
25403,0.5014405
25803,0.4901113
26003,0.5217141
26103,0.513449
26203,0.527181
26303,0.5529832
26403,0.5427628
26603,0.5117469
26703,0.43945867
26803,0.3737431
26903,0.5039941
27003,0.47565985
27303,0.56517315
27403,0.5686628
27503,0.45814362
27903,0.31189275
28003,0.28689942
28103,0.43564582
28303,0.45396736
28403,0.524683
29003,0.5234762
29103,0.5125433
29303,0.45368275
29603,0.46700665
29703,0.48348558
29803,0.5283577
29903,0.49977297
30003,0.4984665
30103,0.534751
30303,0.52039874
30403,0.5405974
30703,0.46530125
30803,0.5248799
31103,0.4162092
31203,0.51621294
31603,0.4974145
31703,0.5504387
31803,0.42400402
31903,0.5172154
32003,0.5014304
32103,0.45315716
32803,0.50599515
33003,0.48162037
33103,0.45294732
33503,0.45608497
33703,0.52713436
33803,0.52624315
33903,0.28628176
34003,0.469694
34203,0.3724257
34303,0.44064063
34403,0.48172852
34503,0.38195318
34603,0.46502644
34803,0.31438327
35003,0.5020888
35203,0.55774784
35303,0.40799788
35503,0.53854537
35603,0.50351965
35703,0.5770249
35903,0.5633068
36003,0.4680069
36103,0.5852363
36603,0.49081615
37203,0.5442024
37403,0.47049582
37503,0.4936251
37603,0.5037788
37703,0.4918408
38103,0.5257032
38203,0.49873906
38303,0.52162004
38403,0.531489
38603,0.55595416
38803,0.5055914
39103,0.49106655
39203,0.36030895
39303,0.331089
39403,0.35426036
39603,0.52569956
39703,0.675551
39903,0.53550255
40003,0.40953535
40203,0.5072924
40503,0.4988866
40603,0.57471055
41803,0.48718905
42003,0.5866791
42703,0.4887242
42903,0.5466751
43603,0.528077
44203,0.44441813
44503,0.35575846
44703,0.49495196
44903,0.46528867
45203,0.31699276
45303,0.5150522
45503,0.5227122
45603,0.5284114
46103,0.48135507
46303,0.5846587
46503,0.41419783
46903,0.48663616
47003,0.36056894
47103,0.4327335
47203,0.47261655
47303,0.55972016
47603,0.48465443
47703,0.5381784
47803,0.49984315
47903,0.48035464
48203,0.4791844
48603,0.48889807
48703,0.60449797
49103,0.54421186
49203,0.55198956
49603,0.5369811
49703,0.2103681
49903,0.53928345
50103,0.5010033
50303,0.45978057
50403,0.27776587
50603,0.33378765
50803,0.3425847
50903,0.41338205
51003,0.4932902
51203,0.34875217
51603,0.5011894
51803,0.43596512
52003,0.3976117
52103,0.40804502
52503,0.5079676
52603,0.5100242
52703,0.27166
53203,0.5090923
53303,0.45860782
53403,0.49898896
53603,0.5691215
53903,0.4740654
54103,0.4287657
54203,0.53287727
54303,0.49268648
54403,0.49116495
54603,0.5545394
55003,0.5220887
55203,0.37749526
55403,0.36064547
55503,0.5647009
55603,0.52277225
56203,0.43245006
56503,0.5001588
56703,0.52209693
56803,0.49829447
57003,0.5158371
57103,0.52507806
57203,0.4943518
57303,0.562383
57503,0.62341124
57903,0.49849784
58003,0.51995194
58203,0.43975297
58303,0.43619612
58503,0.5108311
58903,0.605927
59103,0.46473932
59203,0.44862738
59503,0.39555374
59603,0.4425958
59803,0.5551223
59903,0.5413819
60403,0.50102305
60503,0.35398442
60803,0.509688
61103,0.5891229
61303,0.44832757
61403,0.46517205
61703,0.51792556
62103,0.5777139
62403,0.5126889
62703,0.5348962
62803,0.556606
63503,0.54763144
63603,0.51088464
63703,0.5036477
63803,0.48835698
63903,0.52414036
64303,0.597264
64403,0.52423304
4,0.48490986
104,0.5843748
404,0.38703895
604,0.51009476
704,0.49000743
1004,0.4940049
1204,0.4040772
1704,0.53090256
2204,0.35709456
2704,0.26598236
2804,0.4915649
2904,0.40533128
3004,0.46816477
3104,0.48973215
3204,0.48392373
3304,0.4568471
3404,0.4408052
3704,0.41312438
4004,0.47144946
4104,0.32438862
4204,0.40740493
4404,0.44199875
4704,0.42382514
4804,0.52530646
4904,0.4273648
5104,0.41016114
5204,0.46955526
5704,0.48806304
5904,0.4984131
6204,0.4636747
6304,0.5326229
6504,0.5146883
6604,0.48620385
6804,0.5245584
6904,0.3555712
7004,0.43917388
7204,0.42718956
7404,0.45055473
7504,0.43443832
7704,0.45090872
7904,0.37210158
8104,0.4878533
8204,0.5410235
8304,0.49559194
8404,0.49544424
8504,0.48393622
8604,0.49798337
8704,0.39579025
8904,0.47265768
9004,0.3825328
9204,0.4865441
9504,0.44968104
9804,0.5011325
9904,0.48246586
10104,0.4766697
10404,0.502633
10504,0.4828593
10604,0.42564258
10704,0.44729462
10904,0.4729514
11204,0.47898677
11304,0.40390944
11704,0.37854126
11904,0.50765806
12104,0.397679
12404,0.50706136
12704,0.4498527
12904,0.490827
13004,0.40062973
13404,0.480754
13504,0.454286
13604,0.50115156
13704,0.5254382
13904,0.43534657
14304,0.5198736
14404,0.41462618
15404,0.48869577
15604,0.48513496
15704,0.487963
15804,0.48274457
15904,0.48147443
16104,0.45964164
16204,0.5123145
16304,0.48830795
16404,0.5809379
16504,0.34369496
16604,0.50229144
17004,0.47438025
17104,0.52394736
17204,0.50334585
17304,0.5199123
17404,0.4638781
17604,0.41357127
17704,0.53014827
17904,0.4803642
18004,0.5589883
18104,0.3104462
18204,0.2206609
18404,0.35884157
18504,0.4871602
18704,0.21838963
18804,0.41146877
19104,0.5051596
19504,0.45451084
19604,0.3601295
19704,0.4607821
19804,0.30482408
20704,0.4656816
20804,0.44290385
20904,0.47283518
21104,0.45487747
21204,0.46434933
21404,0.46607223
21804,0.45498598
22004,0.48955783
22304,0.3562071
22404,0.46373948
22504,0.5034789
22604,0.43791366
22904,0.30978382
23004,0.37838113
23204,0.39717874
23304,0.4488162
23604,0.4523764
23704,0.3662801
23804,0.37819442
23904,0.49368832
24104,0.5271082
24204,0.45022765
24404,0.36980757
24504,0.36364666
24604,0.35049775
24704,0.48060018
25304,0.30080017
25404,0.3353774
25804,0.319625
26004,0.47938943
26104,0.47168592
26204,0.4597605
26304,0.5149219
26404,0.3729089
26604,0.486923
26704,0.47269022
26804,0.2944757
26904,0.4814926
27004,0.46759164
27304,0.49750084
27404,0.41487965
27504,0.3876789
27904,0.39768413
28004,0.3212857
28104,0.4929824
28304,0.44885394
28404,0.48108312
29004,0.46243754
29104,0.4659037
29304,0.5284106
29604,0.45967802
29704,0.48264927
29804,0.49276674
29904,0.49276
30004,0.49627316
30104,0.46286604
30304,0.5448338
30404,0.5004936
30704,0.47106054
30804,0.4691818
31104,0.47815135
31204,0.51411664
31604,0.5278245
31704,0.4454674
31804,0.4980076
31904,0.47101104
32004,0.48726693
32104,0.5444387
32804,0.49835017
33004,0.54705006
33104,0.5608187
33504,0.48151734
33704,0.46785882
33804,0.50960636
33904,0.25618538
34004,0.37858975
34204,0.32593998
34304,0.33329472
34404,0.2960404
34504,0.30489716
34604,0.43082768
34804,0.28373796
35004,0.5153171
35204,0.4665106
35304,0.51386434
35504,0.45733902
35604,0.469456
35704,0.47291982
35904,0.4569563
36004,0.445356
36104,0.5282702
36604,0.47451046
37204,0.37912285
37404,0.3820054
37504,0.48135662
37604,0.4223719
37704,0.49055132
38104,0.517836
38204,0.51796895
38304,0.47791424
38404,0.49743918
38604,0.4843771
38804,0.48517516
39104,0.45976505
39204,0.37837654
39304,0.29213816
39404,0.3719022
39604,0.43593583
39704,0.38755727
39904,0.5350911
40004,0.33208346
40204,0.43832347
40504,0.4936968
40604,0.43161055
41804,0.4544582
42004,0.43369532
42704,0.5012609
42904,0.44988078
43604,0.46833134
44204,0.52157116
44504,0.3630539
44704,0.4695783
44904,0.5072634
45204,0.39186963
45304,0.44155186
45504,0.48808002
45604,0.49834573
46104,0.48270312
46304,0.49639297
46504,0.41681364
46904,0.3793176
47004,0.34893155
47104,0.4960509
47204,0.471448
47304,0.50773025
47604,0.44028848
47704,0.5179
47804,0.5105272
47904,0.547524
48204,0.48179448
48604,0.541161
48704,0.2435062
49104,0.49969423
49204,0.48571616
49604,0.46528864
49704,0.2830134
49904,0.51419985
50104,0.47953472
50304,0.3751025
50404,0.33574474
50604,0.34519866
50804,0.33410478
50904,0.3026954
51004,0.47240427
51204,0.28036857
51604,0.45744762
51804,0.48828992
52004,0.36724755
52104,0.49085367
52504,0.45626113
52604,0.34257492
52704,0.25790384
53204,0.3863182
53304,0.34214818
53404,0.4733114
53604,0.45381415
53904,0.3892354
54104,0.4957881
54204,0.513951
54304,0.5204661
54404,0.4922775
54604,0.3468827
55004,0.4857587
55204,0.37594432
55404,0.38961104
55504,0.35272375
55604,0.42652896
56204,0.4593944
56504,0.47745442
56704,0.46142408
56804,0.4390514
57004,0.41810447
57104,0.45574877
57204,0.503947
57304,0.50518525
57504,0.46880752
57904,0.46225497
58004,0.48036194
58204,0.45464668
58304,0.4551254
58504,0.44210002
58904,0.40599525
59104,0.48973414
59204,0.47333017
59504,0.29603747
59604,0.48338047
59804,0.43322822
59904,0.4349136
60404,0.4282811
60504,0.38434914
60804,0.5263843
61104,0.43947095
61304,0.481196
61404,0.5001948
61704,0.50208664
62104,0.5100174
62404,0.5211568
62704,0.47393048
62804,0.4907316
63504,0.5050711
63604,0.4712423
63704,0.49160945
63804,0.4866469
63904,0.4594986
64304,0.5284328
64404,0.49693188
5,0.57441604
105,0.513609
405,0.40453216
605,0.45888913
705,0.4749585
1005,0.5202987
1205,0.46638125
1705,0.48481503
2205,0.5042194
2705,0.33460864
2805,0.48856872
2905,0.45337808
3005,0.5073117
3105,0.4966555
3205,0.49104118
3305,0.441693
3405,0.52396065
3705,0.41757685
4005,0.52714306
4105,0.048744515
4205,0.42880717
4405,0.41551688
4705,0.44519988
4805,0.50146633
4905,0.51076907
5105,0.43193865
5205,0.4841278
5705,0.5035009
5905,0.44293088
6205,0.5294487
6305,0.48379806
6505,0.4756353
6605,0.45523492
6805,0.47999287
6905,0.33037946
7005,0.43013057
7205,0.36247587
7405,0.35492554
7505,0.4119433
7705,0.5439615
7905,0.4127339
8105,0.47043732
8205,0.49929276
8305,0.5095252
8405,0.4965094
8505,0.5426209
8605,0.5217973
8705,0.4779202
8905,0.5218882
9005,0.42620972
9205,0.4889072
9505,0.34659272
9805,0.45421222
9905,0.4576146
10105,0.36695507
10405,0.5144346
10505,0.47137877
10605,0.39740774
10705,0.45401683
10905,0.45422682
11205,0.504307
11305,0.3990603
11705,0.39086044
11905,0.491361
12105,0.454443
12405,0.4578728
12705,0.44907257
12905,0.48117146
13005,0.45018804
13405,0.47844857
13505,0.499689
13605,0.49388754
13705,0.5178868
13905,0.46463788
14305,0.47753692
14405,0.4541461
15405,0.48772028
15605,0.49831378
15705,0.47382128
15805,0.5059688
15905,0.52766216
16105,0.52184737
16205,0.50129163
16305,0.508731
16405,0.5538263
16505,0.37887344
16605,0.45767936
17005,0.5053735
17105,0.5625027
17205,0.58827096
17305,0.51764596
17405,0.45017284
17605,0.43914086
17705,0.51161724
17905,0.5674464
18005,0.5454365
18105,0.35361326
18205,0.33050203
18405,0.44060802
18505,0.5302405
18705,0.3197125
18805,0.42989078
19105,0.45716134
19505,0.42243943
19605,0.4708088
19705,0.47307938
19805,0.40249625
20705,0.47321454
20805,0.3724503
20905,0.48606896
21105,0.4801721
21205,0.5233639
21405,0.4319033
21805,0.5222768
22005,0.47867066
22305,0.49173898
22405,0.48855868
22505,0.5295818
22605,0.46422145
22905,0.31832957
23005,0.40286094
23205,0.38247645
23305,0.38826096
23605,0.52202094
23705,0.3766104
23805,0.39740402
23905,0.516728
24105,0.477234
24205,0.4893417
24405,0.4361331
24505,0.41379404
24605,0.3658231
24705,0.44563225
25305,0.35160857
25405,0.3102216
25805,0.3823898
26005,0.48308372
26105,0.474378
26205,0.46786752
26305,0.47513986
26405,0.5602739
26605,0.47068486
26705,0.4821392
26805,0.37031403
26905,0.48830816
27005,0.51885533
27305,0.44161287
27405,0.4302393
27505,0.39461166
27905,0.4430583
28005,0.38455197
28105,0.4565985
28305,0.5076668
28405,0.46040592
29005,0.5007845
29105,0.54393476
29305,0.4971047
29605,0.37232944
29705,0.50985014
29805,0.49317476
29905,0.47436443
30005,0.49619782
30105,0.45595372
30305,0.45382982
30405,0.48175728
30705,0.45756972
30805,0.43372175
31105,0.4345223
31205,0.51094985
31605,0.4996435
31705,0.48011157
31805,0.48686332
31905,0.47158858
32005,0.47470793
32105,0.6092149
32805,0.4851038
33005,0.5500165
33105,0.5408149
33505,0.5012115
33705,0.58228517
33805,0.56922716
33905,0.24803717
34005,0.5302764
34205,0.34626624
34305,0.42503056
34405,0.36047325
34505,0.36809298
34605,0.4273319
34805,0.31588063
35005,0.4781031
35205,0.468796
35305,0.43142942
35505,0.49212793
35605,0.5205468
35705,0.4584798
35905,0.40685946
36005,0.37192336
36105,0.48447162
36605,0.41756645
37205,0.3956574
37405,0.47383773
37505,0.4821133
37605,0.39209396
37705,0.47913656
38105,0.45749488
38205,0.47357428
38305,0.49775404
38405,0.44389838
38605,0.49286556
38805,0.45147726
39105,0.4319865
39205,0.33609155
39305,0.3800914
39405,0.37409925
39605,0.4581743
39705,0.3599983
39905,0.49111345
40005,0.43934298
40205,0.5049156
40505,0.47032216
40605,0.46730775
41805,0.46898147
42005,0.43513137
42705,0.43867177
42905,0.37268242
43605,0.42034203
44205,0.48243776
44505,0.42312387
44705,0.51444554
44905,0.45730618
45205,0.3870438
45305,0.43107998
45505,0.50537604
45605,0.4943906
46105,0.41504154
46305,0.5009912
46505,0.35773763
46905,0.5567782
47005,0.46533588
47105,0.43152812
47205,0.45809433
47305,0.47931963
47605,0.4509369
47705,0.44368285
47805,0.46188563
47905,0.5349438
48205,0.4580442
48605,0.49628252
48705,0.33435714
49105,0.49062264
49205,0.5073043
49605,0.38971773
49705,0.37122834
49905,0.50984305
50105,0.51170635
50305,0.3384485
50405,0.38183084
50605,0.36546868
50805,0.3516201
50905,0.39914083
51005,0.41677728
51205,0.3777531
51605,0.4725715
51805,0.5241727
52005,0.32794186
52105,0.46212408
52505,0.40880078
52605,0.32926568
52705,0.18838803
53205,0.42789257
53305,0.38869542
53405,0.30734777
53605,0.43037772
53905,0.3756245
54105,0.46522367
54205,0.47230908
54305,0.48090386
54405,0.46474454
54605,0.36127323
55005,0.46222663
55205,0.36362708
55405,0.3991421
55505,0.34343973
55605,0.38644582
56205,0.45804548
56505,0.4846294
56705,0.4973032
56805,0.3583019
57005,0.4865632
57105,0.48536924
57205,0.51426274
57305,0.4703556
57505,0.44096214
57905,0.4937007
58005,0.52480006
58205,0.46863845
58305,0.42019826
58505,0.5330618
58905,0.36229116
59105,0.44134504
59205,0.44963872
59505,0.31432292
59605,0.4814089
59805,0.4305338
59905,0.47570166
60405,0.32330832
60505,0.38241935
60805,0.47108382
61105,0.44016382
61305,0.4612105
61405,0.42151436
61705,0.4491007
62105,0.47621778
62405,0.48115927
62705,0.4767843
62805,0.4844013
63505,0.49485356
63605,0.49952555
63705,0.49686906
63805,0.45242298
63905,0.5063417
64305,0.48314562
64405,0.5072489
6,0.52220774
106,0.49897486
406,0.5634199
606,0.48874798
706,0.5262495
1006,0.49247852
1206,0.48256212
1706,0.41994497
2206,0.41750208
2706,0.51228607
2806,0.4706925
2906,0.46472105
3006,0.55086374
3106,0.48423833
3206,0.48103383
3306,0.41096076
3406,0.46177277
3706,0.4836142
4006,0.5244238
4106,0.42478305
4206,0.48629934
4406,0.48902556
4706,0.5362063
4806,0.45674106
4906,0.62438804
5106,0.5433976
5206,0.51510525
5706,0.52281415
5906,0.47547898
6206,0.5339475
6306,0.5232283
6506,0.49832234
6606,0.5448183
6806,0.45626882
6906,0.45068583
7006,0.47087893
7206,0.45797193
7406,0.4826679
7506,0.42646283
7706,0.4625941
7906,0.42769915
8106,0.4954011
8206,0.49770948
8306,0.4599735
8406,0.4854244
8506,0.46024168
8606,0.47998175
8706,0.4583898
8906,0.46618426
9006,0.47666737
9206,0.48552755
9506,0.48585764
9806,0.41801214
9906,0.448231
10106,0.44539335
10406,0.49227136
10506,0.48381275
10606,0.51724666
10706,0.5819725
10906,0.550906
11206,0.46205577
11306,0.4567936
11706,0.47028396
11906,0.49810022
12106,0.52451694
12406,0.4556371
12706,0.5341647
12906,0.47768423
13006,0.55191743
13406,0.49809918
13506,0.47854632
13606,0.5499932
13706,0.46878612
13906,0.5596178
14306,0.49743938
14406,0.47878066
15406,0.5219878
15606,0.5033858
15706,0.48183066
15806,0.49043775
15906,0.5011138
16106,0.4343525
16206,0.5290663
16306,0.5272636
16406,0.56095076
16506,0.35519233
16606,0.51519585
17006,0.47099224
17106,0.41217813
17206,0.5019274
17306,0.47083712
17406,0.4427489
17606,0.4201986
17706,0.4807463
17906,0.45852843
18006,0.45001623
18106,0.461175
18206,0.52373946
18406,0.55676985
18506,0.49720195
18706,0.46079388
18806,0.41980335
19106,0.4927988
19506,0.47307193
19606,0.47087812
19706,0.46066362
19806,0.52128017
20706,0.4708551
20806,0.55650556
20906,0.5460744
21106,0.49891168
21206,0.49913138
21406,0.47193745
21806,0.53192586
22006,0.4818444
22306,0.66406256
22406,0.536706
22506,0.4755458
22606,0.5615379
22906,0.46113914
23006,0.47676328
23206,0.4542873
23306,0.4923116
23606,0.44246933
23706,0.41329753
23806,0.38319454
23906,0.46532646
24106,0.4615382
24206,0.43264964
24406,0.4666279
24506,0.4818986
24606,0.4119993
24706,0.52591276
25306,0.45243514
25406,0.48468107
25806,0.4776826
26006,0.51544935
26106,0.45080405
26206,0.5347452
26306,0.49104977
26406,0.6816512
26606,0.5420667
26706,0.5388611
26806,0.53345174
26906,0.4256564
27006,0.4920164
27306,0.45322275
27406,0.4841634
27506,0.4702701
27906,0.3876372
28006,0.43978006
28106,0.50717896
28306,0.5188744
28406,0.48599854
29006,0.5002221
29106,0.48312518
29306,0.55689704
29606,0.459942
29706,0.58104575
29806,0.5015435
29906,0.5281081
30006,0.44732308
30106,0.47967917
30306,0.54235613
30406,0.53674024
30706,0.48568597
30806,0.45641702
31106,0.49285856
31206,0.48442754
31606,0.46412098
31706,0.4481745
31806,0.4530952
31906,0.46753278
32006,0.5136079
32106,0.4761832
32806,0.48253942
33006,0.451238
33106,0.46348664
33506,0.52464265
33706,0.40477523
33806,0.43577695
33906,0.39712888
34006,0.46280003
34206,0.42836255
34306,0.48434594
34406,0.5304847
34506,0.43824485
34606,0.43555883
34806,0.48528874
35006,0.45481408
35206,0.4365701
35306,0.52447295
35506,0.47364616
35606,0.48763177
35706,0.46812838
35906,0.45292813
36006,0.49473307
36106,0.4852542
36606,0.55139136
37206,0.41915348
37406,0.53419775
37506,0.5002551
37606,0.4734074
37706,0.5101124
38106,0.52633685
38206,0.5617991
38306,0.55728155
38406,0.50498676
38606,0.48033035
38806,0.48918945
39106,0.4997266
39206,0.47049534
39306,0.4993131
39406,0.45024908
39606,0.5344939
39706,0.3066164
39906,0.46224132
40006,0.49371704
40206,0.48852506
40506,0.48170242
40606,0.47091874
41806,0.4755423
42006,0.41166496
42706,0.4515905
42906,0.49593207
43606,0.517114
44206,0.5101477
44506,0.41442457
44706,0.5354733
44906,0.44831392
45206,0.60868394
45306,0.5630179
45506,0.5188506
45606,0.4809655
46106,0.5100907
46306,0.5002464
46506,0.4990772
46906,0.4415694
47006,0.47130284
47106,0.53841627
47206,0.5028932
47306,0.50838
47606,0.45281273
47706,0.51943797
47806,0.53626776
47906,0.48258704
48206,0.5042035
48606,0.5003498
48706,0.37991422
49106,0.50041157
49206,0.5149935
49606,0.4373836
49706,0.5470506
49906,0.49300426
50106,0.4465893
50306,0.46282557
50406,0.43789518
50606,0.45964032
50806,0.4232675
50906,0.4943486
51006,0.4291317
51206,0.5339943
51606,0.4817061
51806,0.45181826
52006,0.5542407
52106,0.5258026
52506,0.45104194
52606,0.42403415
52706,0.74618167
53206,0.42018583
53306,0.53974336
53406,0.5406963
53606,0.41329852
53906,0.5692908
54106,0.5443476
54206,0.4957104
54306,0.51877123
54406,0.53541416
54606,0.4705615
55006,0.47853577
55206,0.5242058
55406,0.4859346
55506,0.3605428
55606,0.44008142
56206,0.44857734
56506,0.48704672
56706,0.4515195
56806,0.46977088
57006,0.49477172
57106,0.4750593
57206,0.44038934
57306,0.42205396
57506,0.3946556
57906,0.5011269
58006,0.47675183
58206,0.50871605
58306,0.48417425
58506,0.48426974
58906,0.46636236
59106,0.49609026
59206,0.4723663
59506,0.5517509
59606,0.4894291
59806,0.4626102
59906,0.47124964
60406,0.44142258
60506,0.44040924
60806,0.5266254
61106,0.48250973
61306,0.4890676
61406,0.51122826
61706,0.4070351
62106,0.4766723
62406,0.5226735
62706,0.4991322
62806,0.4861058
63506,0.46170452
63606,0.5054396
63706,0.4956696
63806,0.52515197
63906,0.47149935
64306,0.5002463
64406,0.5223443
7,0.53256774
107,0.68187547
407,0.5763905
607,0.48074317
707,0.5125129
1007,0.5183742
1207,0.52681136
1707,0.62473196
2207,0.4694606
2707,0.47964957
2807,0.5643422
2907,0.55638236
3007,0.5401691
3107,0.5122364
3207,0.5153539
3307,0.59484744
3407,0.45361474
3707,0.49982646
4007,0.5167407
4107,0.6867022
4207,0.47410813
4407,0.52747667
4707,0.5183843
4807,0.5470631
4907,0.57415456
5107,0.5044618
5207,0.47881997
5707,0.5336494
5907,0.5386693
6207,0.5204623
6307,0.51101154
6507,0.5343751
6607,0.4944225
6807,0.4844923
6907,0.52061594
7007,0.5124889
7207,0.500223
7407,0.72229564
7507,0.5855417
7707,0.5102495
7907,0.47451913
8107,0.50035787
8207,0.48860732
8307,0.47683117
8407,0.5561219
8507,0.5637159
8607,0.48746133
8707,0.48394454
8907,0.5542069
9007,0.47122288
9207,0.51442593
9507,0.5912162
9807,0.48815465
9907,0.44307092
10107,0.52964824
10407,0.51465386
10507,0.50763124
10607,0.86237645
10707,0.72796226
10907,0.49593884
11207,0.50751495
11307,0.4999785
11707,0.50517935
11907,0.55876935
12107,0.49688536
12407,0.54728526
12707,0.49359766
12907,0.48981538
13007,0.56508684
13407,0.4984663
13507,0.5695189
13607,0.59440213
13707,0.50675386
13907,0.61314714
14307,0.53700566
14407,0.44915226
15407,0.50634253
15607,0.52041477
15707,0.48476058
15807,0.49326968
15907,0.51821303
16107,0.44643685
16207,0.5053366
16307,0.4962146
16407,0.5910055
16507,0.5741301
16607,0.54720706
17007,0.5203508
17107,0.59900856
17207,0.58824015
17307,0.50389
17407,0.6197377
17607,0.4794084
17707,0.5199363
17907,0.58599377
18007,0.65469044
18107,0.4786363
18207,0.48996195
18407,0.56215775
18507,0.5045701
18707,0.44608536
18807,0.4634618
19107,0.56210464
19507,0.53800404
19607,0.49878746
19707,0.5103395
19807,0.49647856
20707,0.55599296
20807,0.53007644
20907,0.50728035
21107,0.49572933
21207,0.52400196
21407,0.47500172
21807,0.51642644
22007,0.6072793
22307,0.7320018
22407,0.521226
22507,0.49153706
22607,0.495283
22907,0.51770854
23007,0.49822992
23207,0.7071734
23307,0.66865665
23607,0.46235928
23707,0.4758962
23807,0.4702632
23907,0.5659486
24107,0.4910708
24207,0.45435616
24407,0.4435008
24507,0.44909436
24607,0.50496113
24707,0.522729
25307,0.5600409
25407,0.5444125
25807,0.4728092
26007,0.54780513
26107,0.4835568
26207,0.5868212
26307,0.5090879
26407,0.5717749
26607,0.52112955
26707,0.4585574
26807,0.48018843
26907,0.4817731
27007,0.48948428
27307,0.55514985
27407,0.55326784
27507,0.51439553
27907,0.4927073
28007,0.45891723
28107,0.48452204
28307,0.4879277
28407,0.49339518
29007,0.5093341
29107,0.53306353
29307,0.49948022
29607,0.687505
29707,0.5309822
29807,0.51503897
29907,0.56017876
30007,0.46767524
30107,0.48665324
30307,0.4930289
30407,0.5329774
30707,0.47382307
30807,0.57275414
31107,0.50895184
31207,0.5061605
31607,0.48198986
31707,0.513051
31807,0.48424405
31907,0.4806697
32007,0.5571102
32107,0.63282365
32807,0.496792
33007,0.638202
33107,0.6008259
33507,0.5070193
33707,0.5672815
33807,0.64693666
33907,0.49726695
34007,0.47970366
34207,0.4383024
34307,0.55675215
34407,0.47561625
34507,0.52244014
34607,0.4530283
34807,0.5285368
35007,0.50160265
35207,0.4630333
35307,0.5464975
35507,0.5346819
35607,0.5764897
35707,0.4762625
35907,0.4772873
36007,0.504671
36107,0.5138579
36607,0.5024414
37207,0.62979645
37407,0.4960214
37507,0.48988593
37607,0.5964005
37707,0.4952651
38107,0.51747686
38207,0.5344667
38307,0.5123411
38407,0.48939696
38607,0.5588301
38807,0.58688915
39107,0.49533796
39207,0.52839917
39307,0.51833
39407,0.4598013
39607,0.5826508
39707,0.84302026
39907,0.5048709
40007,0.43443987
40207,0.6068261
40507,0.5055866
40607,0.5339298
41807,0.45469174
42007,0.5307962
42707,0.4983468
42907,0.82066405
43607,0.5198011
44207,0.47401977
44507,0.4375194
44707,0.48616168
44907,0.4646862
45207,0.6271591
45307,0.6395741
45507,0.48307222
45607,0.49453807
46107,0.5965041
46307,0.49072063
46507,0.4678433
46907,0.5593232
47007,0.5032731
47107,0.50617546
47207,0.49021158
47307,0.49919873
47607,0.5194823
47707,0.5314035
47807,0.51416034
47907,0.51389885
48207,0.51261115
48607,0.52360153
48707,0.664151
49107,0.5221465
49207,0.5001904
49607,0.5549733
49707,0.5252522
49907,0.53743875
50107,0.575511
50307,0.51921463
50407,0.4792127
50607,0.4893127
50807,0.47377473
50907,0.5389946
51007,0.468165
51207,0.5834281
51607,0.5339651
51807,0.43892118
52007,0.6197807
52107,0.47367132
52507,0.5127416
52607,0.50131005
52707,0.5926223
53207,0.6101299
53307,0.5218483
53407,0.6952901
53607,0.5963619
53907,0.54417753
54107,0.53986126
54207,0.50128245
54307,0.5204271
54407,0.46804133
54607,0.9225425
55007,0.53981674
55207,0.5067786
55407,0.49209946
55507,0.58301425
55607,0.710259
56207,0.4608383
56507,0.45680758
56707,0.48210955
56807,0.53704935
57007,0.5561064
57107,0.53764254
57207,0.46411008
57307,0.4699152
57507,0.55803674
57907,0.47616073
58007,0.4548464
58207,0.49886754
58307,0.5030738
58507,0.5125515
58907,0.7245067
59107,0.5040213
59207,0.4871304
59507,0.52002066
59607,0.48338804
59807,0.53563625
59907,0.48349646
60407,0.54993254
60507,0.4703734
60807,0.4945171
61107,0.56355864
61307,0.50203717
61407,0.5404922
61707,0.6099012
62107,0.5636626
62407,0.4851744
62707,0.49897695
62807,0.53163874
63507,0.45935926
63607,0.50163954
63707,0.49981558
63807,0.4853569
63907,0.5071255
64307,0.51260465
64407,0.52665704
8,0.60209024
108,0.6042306
408,0.43885317
608,0.48822138
708,0.48484534
1008,0.62286836
1208,0.552991
1708,0.5890214
2208,0.6185301
2708,0.65453404
2808,0.5041139
2908,0.5836877
3008,0.4719873
3108,0.46438083
3208,0.44949183
3308,0.60889685
3408,0.58460915
3708,0.4780695
4008,0.43801308
4108,0.68885493
4208,0.47446752
4408,0.48819193
4708,0.3928945
4808,0.5033639
4908,0.47217688
5108,0.45039147
5208,0.4632196
5708,0.4837829
5908,0.49948105
6208,0.4316037
6308,0.47228485
6508,0.4854848
6608,0.46361136
6808,0.4420845
6908,0.4735123
7008,0.5020248
7208,0.45092177
7408,0.35125703
7508,0.5548374
7708,0.54435223
7908,0.4487655
8108,0.48356926
8208,0.4904009
8308,0.49678224
8408,0.5156519
8508,0.57848537
8608,0.55360687
8708,0.59051055
8908,0.5290599
9008,0.557345
9208,0.51745516
9508,0.4753787
9808,0.5270398
9908,0.48161706
10108,0.44616708
10408,0.4811904
10508,0.50016904
10608,0.493202
10708,0.28586894
10908,0.44321796
11208,0.5115557
11308,0.52337635
11708,0.46749562
11908,0.4862554
12108,0.47932124
12408,0.49625853
12708,0.48845312
12908,0.47513965
13008,0.43758228
13408,0.5038121
13508,0.5715971
13608,0.4992048
13708,0.4744623
13908,0.3935193
14308,0.45904034
14408,0.47925192
15408,0.4993176
15608,0.4845573
15708,0.4777207
15808,0.53752816
15908,0.5329338
16108,0.46586064
16208,0.47917312
16308,0.53771853
16408,0.6145007
16508,0.5316838
16608,0.48021907
17008,0.50383854
17108,0.7046279
17208,0.61295897
17308,0.5336905
17408,0.56359625
17608,0.46936637
17708,0.5222726
17908,0.633184
18008,0.6799481
18108,0.5257652
18208,0.6477321
18408,0.6071629
18508,0.6780185
18708,0.57564574
18808,0.5291412
19108,0.5555524
19508,0.5902829
19608,0.5150533
19708,0.5546577
19808,0.48301017
20708,0.50369555
20808,0.44433606
20908,0.47083664
21108,0.44785005
21208,0.47409704
21408,0.45675257
21808,0.42051315
22008,0.5039846
22308,0.42992046
22408,0.4496503
22508,0.45194697
22608,0.4407303
22908,0.49050516
23008,0.46522325
23208,0.36284253
23308,0.32426092
23608,0.53158873
23708,0.5118484
23808,0.5345951
23908,0.5278341
24108,0.49442226
24208,0.49480924
24408,0.51457727
24508,0.50185
24608,0.49528092
24708,0.56791395
25308,0.5195138
25408,0.43719137
25808,0.4895308
26008,0.5279238
26108,0.4715346
26208,0.5054835
26308,0.48827514
26408,0.37920514
26608,0.5092412
26708,0.411259
26808,0.51152587
26908,0.4709108
27008,0.5289362
27308,0.44722238
27408,0.49301365
27508,0.42147067
27908,0.5819877
28008,0.4810216
28108,0.49498558
28308,0.49523944
28408,0.48788708
29008,0.45985287
29108,0.44606128
29308,0.46862343
29608,0.35682553
29708,0.42543337
29808,0.4736401
29908,0.46161655
30008,0.48922226
30108,0.4824651
30308,0.47079492
30408,0.49666703
30708,0.455367
30808,0.50175625
31108,0.4676325
31208,0.4860216
31608,0.50572944
31708,0.46721688
31808,0.5049218
31908,0.46385705
32008,0.49006727
32108,0.63664365
32808,0.4978334
33008,0.6113773
33108,0.66625273
33508,0.47521168
33708,0.62679446
33808,0.69297296
33908,0.5375553
34008,0.63257915
34208,0.5803789
34308,0.684825
34408,0.6042408
34508,0.5645255
34608,0.5327568
34808,0.6026886
35008,0.47870442
35208,0.46208256
35308,0.47107828
35508,0.54572797
35608,0.5681805
35708,0.5135424
35908,0.47260973
36008,0.46816292
36108,0.4724291
36608,0.47843045
37208,0.6432142
37408,0.48391017
37508,0.46193555
37608,0.603735
37708,0.4919667
38108,0.49199998
38208,0.42664754
38308,0.4595874
38408,0.47360936
38608,0.5128548
38808,0.5011525
39108,0.460755
39208,0.46727562
39308,0.49913442
39408,0.47587696
39608,0.4203908
39708,0.6926402
39908,0.5165296
40008,0.50623155
40208,0.621633
40508,0.471372
40608,0.5861127
41808,0.4687982
42008,0.5315723
42708,0.4437184
42908,0.39998975
43608,0.43847793
44208,0.4489002
44508,0.4850824
44708,0.4811883
44908,0.4462958
45208,0.4622484
45308,0.42910692
45508,0.46271703
45608,0.4745908
46108,0.47163466
46308,0.4897561
46508,0.467209
46908,0.6297199
47008,0.5648146
47108,0.5141621
47208,0.45722306
47308,0.49056932
47608,0.4955603
47708,0.5275699
47808,0.49591187
47908,0.5090414
48208,0.45196307
48608,0.536502
48708,0.6393169
49108,0.50602293
49208,0.47659215
49608,0.42326188
49708,0.5859329
49908,0.4760714
50108,0.63344866
50308,0.5786277
50408,0.49572027
50608,0.55517673
50808,0.56641877
50908,0.6037254
51008,0.5216089
51208,0.6715861
51608,0.45253196
51808,0.49726966
52008,0.5317824
52108,0.49517336
52508,0.45318174
52608,0.4927163
52708,0.5956763
53208,0.39422464
53308,0.39289826
53408,0.3170358
53608,0.49938893
53908,0.56420994
54108,0.5122655
54208,0.48013252
54308,0.48051012
54408,0.4615345
54608,0.65671045
55008,0.50265944
55208,0.55089855
55408,0.54565257
55508,0.54919094
55608,0.43318075
56208,0.47220942
56508,0.50847965
56708,0.5299702
56808,0.48595962
57008,0.6060511
57108,0.5950417
57208,0.49329275
57308,0.4455608
57508,0.63659453
57908,0.48738036
58008,0.52337384
58208,0.51791257
58308,0.48974654
58508,0.54111975
58908,0.46478665
59108,0.49211794
59208,0.49194226
59508,0.56920314
59608,0.48779657
59808,0.4857861
59908,0.46972123
60408,0.56518406
60508,0.45008516
60808,0.4544541
61108,0.5463077
61308,0.48413253
61408,0.49160114
61708,0.509856
62108,0.45248044
62408,0.45795816
62708,0.4723332
62808,0.47475708
63508,0.46257767
63608,0.47800088
63708,0.43965524
63808,0.46226537
63908,0.5517745
64308,0.49980956
64408,0.47548124
9,0.46682554
109,0.44921967
409,0.22073469
609,0.38840127
709,0.4627944
1009,0.46451724
1209,0.37003946
1709,0.4205255
2209,0.40609697
2709,0.27173328
2809,0.45101407
2909,0.3623288
3009,0.39757928
3109,0.46234554
3209,0.44329917
3309,0.33430004
3409,0.43484315
3709,0.41420028
4009,0.39273426
4109,0.069948874
4209,0.36524403
4409,0.3636837
4709,0.31009117
4809,0.46128848
4909,0.2584091
5109,0.38190117
5209,0.42750987
5709,0.45938486
5909,0.5030593
6209,0.35870078
6309,0.43376166
6509,0.47586054
6609,0.40172783
6809,0.4284197
6909,0.29470485
7009,0.45539862
7209,0.30088788
7409,0.22210157
7509,0.35956416
7709,0.45370516
7909,0.3609918
8109,0.42135686
8209,0.49064627
8309,0.43748462
8409,0.47227708
8509,0.44155362
8609,0.4648546
8709,0.44479272
8909,0.45162457
9009,0.42103007
9209,0.45352465
9509,0.3324497
9809,0.48915288
9909,0.48524377
10109,0.4270684
10409,0.45421612
10509,0.45207494
10609,0.090117395
10709,0.14151493
10909,0.3387257
11209,0.4597468
11309,0.34537375
11709,0.30248055
11909,0.45383415
12109,0.3296185
12409,0.46604383
12709,0.39194044
12909,0.46435222
13009,0.23518796
13409,0.444272
13509,0.42864054
13609,0.41750422
13709,0.44953394
13909,0.22588432
14309,0.42216823
14409,0.3821198
15409,0.47836506
15609,0.40628254
15709,0.49508315
15809,0.4762462
15909,0.45297953
16109,0.42955008
16209,0.46993178
16309,0.4714781
16409,0.48028874
16509,0.21444173
16609,0.46280643
17009,0.4094245
17109,0.45836547
17209,0.44196975
17309,0.43880984
17409,0.36751285
17609,0.33457124
17709,0.50991625
17909,0.43436524
18009,0.42250827
18109,0.23756848
18209,0.27905247
18409,0.32960618
18509,0.47900033
18709,0.18884642
18809,0.40579414
19109,0.5236777
19509,0.4092113
19609,0.34976643
19709,0.43614143
19809,0.27249363
20709,0.39563328
20809,0.35577565
20909,0.42895228
21109,0.34248772
21209,0.42636088
21409,0.43236002
21809,0.35137418
22009,0.3844954
22309,0.16737562
22409,0.3993755
22509,0.4362467
22609,0.39445895
22909,0.21615191
23009,0.33297017
23209,0.19124961
23309,0.23772795
23609,0.40734386
23709,0.3065302
23809,0.34269115
23909,0.4644633
24109,0.49626666
24209,0.38274658
24409,0.3543839
24509,0.3452957
24609,0.27774575
24709,0.46150026
25309,0.207621
25409,0.27849323
25809,0.33863473
26009,0.46266162
26109,0.45390156
26209,0.38257256
26309,0.46690598
26409,0.24457106
26609,0.4629376
26709,0.37121537
26809,0.21718186
26909,0.45290673
27009,0.45952326
27309,0.43191233
27409,0.32780075
27509,0.2805372
27909,0.33429614
28009,0.27948654
28109,0.43547884
28309,0.3699153
28409,0.45394903
29009,0.4257966
29109,0.33029604
29309,0.41516963
29609,0.20903152
29709,0.37195826
29809,0.4707935
29909,0.40458062
30009,0.4784363
30109,0.43948698
30309,0.48914644
30409,0.4394241
30709,0.44091138
30809,0.40419093
31109,0.4129074
31209,0.4859108
31609,0.46408063
31709,0.3894357
31809,0.41811064
31909,0.40585443
32009,0.4503194
32109,0.40996248
32809,0.49451908
33009,0.3897137
33109,0.4136239
33509,0.44103768
33709,0.4263482
33809,0.38549674
33909,0.26507923
34009,0.42304078
34209,0.3104335
34309,0.39236823
34409,0.272615
34509,0.33731866
34609,0.43560204
34809,0.31196696
35009,0.47449443
35209,0.43504077
35309,0.31640622
35509,0.4064482
35609,0.4453
35709,0.42297545
35909,0.391764
36009,0.40878385
36109,0.45165074
36609,0.39658374
37209,0.30117175
37409,0.37206465
37509,0.43997693
37609,0.40349403
37709,0.44192085
38109,0.4618839
38209,0.4359257
38309,0.37189853
38409,0.4412549
38609,0.42027545
38809,0.46005282
39109,0.41724107
39209,0.2752479
39309,0.17130351
39409,0.34874678
39609,0.33524385
39709,0.15965392
39909,0.4698649
40009,0.34004074
40209,0.37830195
40509,0.4670762
40609,0.3980267
41809,0.40974632
42009,0.36046347
42709,0.36385944
42909,0.16920814
43609,0.39735842
44209,0.4449872
44509,0.32764098
44709,0.370423
44909,0.46785617
45209,0.23284315
45309,0.30964032
45509,0.448859
45609,0.44447675
46109,0.3346476
46309,0.4296641
46509,0.39706418
46909,0.41979846
47009,0.31849977
47109,0.43590233
47209,0.42881823
47309,0.43676543
47609,0.44248936
47709,0.46896014
47809,0.49159807
47909,0.47150415
48209,0.46030015
48609,0.49007058
48709,0.11509372
49109,0.4679289
49209,0.44714355
49609,0.36817566
49709,0.21364246
49909,0.46901602
50109,0.41083723
50309,0.39491403
50409,0.23886296
50609,0.312135
50809,0.29963472
50909,0.36165503
51009,0.43020362
51209,0.28681368
51609,0.3409318
51809,0.46518406
52009,0.2779313
52109,0.46963358
52509,0.37409762
52609,0.24975786
52709,0.14025076
53209,0.21377645
53309,0.24248213
53409,0.17130753
53609,0.40505502
53909,0.3384529
54109,0.4540988
54209,0.41848984
54309,0.480917
54409,0.49977642
54609,0.048661154
55009,0.47074732
55209,0.3904361
55409,0.34222132
55509,0.19329189
55609,0.22011434
56209,0.38759634
56509,0.45150065
56709,0.4644599
56809,0.31588164
57009,0.40286195
57109,0.43178904
57209,0.48066297
57309,0.43816984
57509,0.4125276
57909,0.42996463
58009,0.47066346
58209,0.4540336
58309,0.3948349
58509,0.43954054
58909,0.17915228
59109,0.45732328
59209,0.4185897
59509,0.31286478
59609,0.4452782
59809,0.37397808
59909,0.440377
60409,0.4460313
60509,0.33978194
60809,0.47591656
61109,0.40827492
61309,0.42386565
61409,0.46619502
61709,0.38879874
62109,0.40787235
62409,0.3975974
62709,0.44191676
62809,0.43834063
63509,0.44980687
63609,0.43253836
63709,0.4147189
63809,0.44850254
63909,0.4467068
64309,0.49276012
64409,0.4634981
10,0.5764399
110,0.52292645
410,0.4210351
610,0.52045757
710,0.4845411
1010,0.5215054
1210,0.50298196
1710,0.5412473
2210,0.5429478
2710,0.3690682
2810,0.5135072
2910,0.5275092
3010,0.51247865
3110,0.4419362
3210,0.49891004
3310,0.46178067
3410,0.51993114
3710,0.46283245
4010,0.47367606
4110,0.2137496
4210,0.46038696
4410,0.45128912
4710,0.42625642
4810,0.47431794
4910,0.37810236
5110,0.49018478
5210,0.48584682
5710,0.48108387
5910,0.4788689
6210,0.45676616
6310,0.43963024
6510,0.4713796
6610,0.46244058
6810,0.4158185
6910,0.4386993
7010,0.4302686
7210,0.4419493
7410,0.4261829
7510,0.49078727
7710,0.520568
7910,0.50209045
8110,0.52120006
8210,0.45792323
8310,0.46798706
8410,0.48808032
8510,0.5172568
8610,0.47412667
8710,0.57389015
8910,0.53616726
9010,0.43607792
9210,0.48855492
9510,0.4600426
9810,0.5439908
9910,0.51517946
10110,0.47774282
10410,0.47500768
10510,0.48160893
10610,0.31884572
10710,0.3159085
10910,0.48891863
11210,0.48979527
11310,0.48644525
11710,0.50239635
11910,0.44703478
12110,0.52862084
12410,0.48954126
12710,0.5147409
12910,0.45981756
13010,0.41484147
13410,0.4976325
13510,0.49658892
13610,0.46450487
13710,0.44743964
13910,0.3971636
14310,0.4661229
14410,0.5270545
15410,0.45338044
15610,0.52135897
15710,0.4826756
15810,0.46859157
15910,0.46697572
16110,0.528814
16210,0.48567578
16310,0.4755459
16410,0.54561925
16510,0.5063309
16610,0.49037313
17010,0.51761234
17110,0.5656009
17210,0.5623149
17310,0.4923131
17410,0.5026312
17610,0.5513785
17710,0.5006092
17910,0.5646399
18010,0.5340514
18110,0.5498323
18210,0.40268087
18410,0.46845886
18510,0.43883297
18710,0.5063069
18810,0.51339304
19110,0.47473472
19510,0.48800394
19610,0.42986152
19710,0.54379576
19810,0.41862404
20710,0.488645
20810,0.48282233
20910,0.47712734
21110,0.4974354
21210,0.46978495
21410,0.47141483
21810,0.48920798
22010,0.45955476
22310,0.42362592
22410,0.4783098
22510,0.47583413
22610,0.47292122
22910,0.51489455
23010,0.45645666
23210,0.47400004
23310,0.40244925
23610,0.5361034
23710,0.53195816
23810,0.44821447
23910,0.5111256
24110,0.4718381
24210,0.53647536
24410,0.46493992
24510,0.43539372
24610,0.45814058
24710,0.5002441
25310,0.48179153
25410,0.47397345
25810,0.46761093
26010,0.4957215
26110,0.4722591
26210,0.48975858
26310,0.46866366
26410,0.358833
26610,0.4779804
26710,0.5358771
26810,0.49870092
26910,0.43946925
27010,0.453361
27310,0.4474639
27410,0.47573346
27510,0.5031699
27910,0.5216589
28010,0.5181198
28110,0.4876553
28310,0.5184598
28410,0.47500625
29010,0.52047104
29110,0.48372573
29310,0.4234605
29610,0.39851004
29710,0.41001466
29810,0.5111827
29910,0.41651362
30010,0.5165878
30110,0.5085386
30310,0.4599563
30410,0.4815091
30710,0.526181
30810,0.4810841
31110,0.5039493
31210,0.47793406
31610,0.48278642
31710,0.5125442
31810,0.49609518
31910,0.46414945
32010,0.46283835
32110,0.5566251
32810,0.48353377
33010,0.5133546
33110,0.49643198
33510,0.5061771
33710,0.6179405
33810,0.55075747
33910,0.4276068
34010,0.5542661
34210,0.42151138
34310,0.51451474
34410,0.48424304
34510,0.4570992
34610,0.41610512
34810,0.4968158
35010,0.4584368
35210,0.48874176
35310,0.48849288
35510,0.53474563
35610,0.53030694
35710,0.5723537
35910,0.49356472
36010,0.4771008
36110,0.44382477
36610,0.44689724
37210,0.45878288
37410,0.4664875
37510,0.45565397
37610,0.4705372
37710,0.4614544
38110,0.4323355
38210,0.41533574
38310,0.44407368
38410,0.5148944
38610,0.49481314
38810,0.44215336
39110,0.476203
39210,0.49513957
39310,0.487962
39410,0.47440284
39610,0.44647148
39710,0.47381335
39910,0.47797054
40010,0.44297656
40210,0.53676814
40510,0.4820253
40610,0.5375256
41810,0.51436883
42010,0.54781383
42710,0.523226
42910,0.3581123
43610,0.43916172
44210,0.49760273
44510,0.45009524
44710,0.4961335
44910,0.43303853
45210,0.4258618
45310,0.4301856
45510,0.49545532
45610,0.4818595
46110,0.42042756
46310,0.5019636
46510,0.49366045
46910,0.56607807
47010,0.46357453
47110,0.47752684
47210,0.48078933
47310,0.4983419
47610,0.51672184
47710,0.4606641
47810,0.4685526
47910,0.4683558
48210,0.5045729
48610,0.4846806
48710,0.54678
49110,0.45511383
49210,0.49681777
49610,0.4611901
49710,0.5531458
49910,0.48168713
50110,0.56709504
50310,0.4711441
50410,0.5843176
50610,0.47578746
50810,0.4896817
50910,0.4701919
51010,0.44968006
51210,0.48797613
51610,0.4332947
51810,0.488826
52010,0.50121033
52110,0.49757093
52510,0.49776474
52610,0.47199535
52710,0.21412799
53210,0.43063483
53310,0.4540469
53410,0.34895873
53610,0.4786752
53910,0.41723788
54110,0.48605415
54210,0.5079747
54310,0.41822213
54410,0.45469522
54610,0.26735225
55010,0.4468232
55210,0.39443105
55410,0.53003705
55510,0.4275137
55610,0.52972424
56210,0.48757863
56510,0.5265764
56710,0.48976263
56810,0.45777497
57010,0.5359574
57110,0.50487214
57210,0.45610344
57310,0.49414307
57510,0.53330857
57910,0.4671593
58010,0.4471761
58210,0.4683125
58310,0.4280167
58510,0.5068114
58910,0.41758627
59110,0.47592717
59210,0.4695616
59510,0.41636887
59610,0.47428235
59810,0.4508101
59910,0.5119207
60410,0.5258679
60510,0.43855166
60810,0.46222284
61110,0.4663116
61310,0.47091427
61410,0.45843804
61710,0.39316827
62110,0.4696838
62410,0.45291722
62710,0.48170823
62810,0.45073926
63510,0.44153896
63610,0.47781506
63710,0.45447758
63810,0.44807112
63910,0.4914314
64310,0.4567561
64410,0.47902298
11,0.41653368
111,0.46481824
411,0.5029985
611,0.44519866
711,0.4554802
1011,0.40510938
1211,0.48609918
1711,0.38676432
2211,0.3896615
2711,0.38047776
2811,0.44256136
2911,0.39278746
3011,0.47123232
3111,0.51198035
3211,0.4922034
3311,0.4746916
3411,0.4335905
3711,0.47346187
4011,0.51698077
4111,0.49177355
4211,0.5604841
4411,0.4625085
4711,0.5331208
4811,0.50069875
4911,0.5212862
5111,0.5389603
5211,0.45085233
5711,0.48794577
5911,0.49799937
6211,0.554502
6311,0.51138484
6511,0.45654127
6611,0.4685883
6811,0.5361059
6911,0.46729833
7011,0.4896359
7211,0.42379686
7411,0.533789
7511,0.49235877
7711,0.43577132
7911,0.5250545
8111,0.46420875
8211,0.47044381
8311,0.51598054
8411,0.43162304
8511,0.40772417
8611,0.4453808
8711,0.42859638
8911,0.45524624
9011,0.4731895
9211,0.47556332
9511,0.47197083
9811,0.39285582
9911,0.419705
10111,0.4382983
10411,0.45578462
10511,0.45997933
10611,0.64806205
10711,0.6483779
10911,0.5452833
11211,0.47099933
11311,0.43854848
11711,0.50670177
11911,0.53127414
12111,0.44759408
12411,0.46991435
12711,0.5059662
12911,0.50529635
13011,0.52379555
13411,0.42848378
13511,0.46462947
13611,0.49039045
13711,0.5249527
13911,0.58372045
14311,0.43121076
14411,0.43410033
15411,0.4433404
15611,0.5113282
15711,0.46125227
15811,0.4499465
15911,0.4367361
16111,0.46959406
16211,0.4733543
16311,0.46025002
16411,0.41197935
16511,0.5395399
16611,0.45946303
17011,0.420873
17111,0.34664288
17211,0.3575666
17311,0.45293584
17411,0.42465732
17611,0.48449445
17711,0.47676712
17911,0.424987
18011,0.4107658
18111,0.45578942
18211,0.4351443
18411,0.43611822
18511,0.40330288
18711,0.42719415
18811,0.4041935
19111,0.49931878
19511,0.42891163
19611,0.53228563
19711,0.44831276
19811,0.5152994
20711,0.4737241
20811,0.45159224
20911,0.45093817
21111,0.49337924
21211,0.46782446
21411,0.502831
21811,0.5119405
22011,0.4876834
22311,0.58251786
22411,0.4813838
22511,0.51524234
22611,0.5231714
22911,0.48239803
23011,0.5848274
23211,0.5813773
23311,0.5700206
23611,0.47820312
23711,0.4735631
23811,0.5571233
23911,0.44465554
24111,0.44643056
24211,0.5200856
24411,0.47601798
24511,0.51439834
24611,0.5813875
24711,0.40176633
25311,0.5626464
25411,0.50592065
25811,0.47927633
26011,0.39348805
26111,0.46209893
26211,0.47847727
26311,0.47591153
26411,0.57690865
26611,0.43814778
26711,0.5454572
26811,0.49204427
26911,0.48685658
27011,0.48671257
27311,0.525396
27411,0.5269522
27511,0.49787617
27911,0.4102865
28011,0.49162364
28111,0.4645022
28311,0.50335944
28411,0.49226096
29011,0.46719158
29111,0.52332497
29311,0.51267457
29611,0.5816739
29711,0.53459704
29811,0.4681955
29911,0.5265188
30011,0.49547076
30111,0.44783062
30311,0.49877197
30411,0.4851739
30711,0.51463246
30811,0.48389018
31111,0.5057344
31211,0.47017953
31611,0.48327315
31711,0.44915727
31811,0.50619006
31911,0.5219108
32011,0.4517985
32111,0.42488053
32811,0.4699569
33011,0.46514687
33111,0.43673432
33511,0.52078193
33711,0.38701916
33811,0.4233354
33911,0.3928311
34011,0.40950915
34211,0.4052618
34311,0.39543498
34411,0.39103904
34511,0.38769165
34611,0.44956377
34811,0.46568236
35011,0.49550915
35211,0.5045885
35311,0.5011804
35511,0.42909852
35611,0.41925314
35711,0.42298466
35911,0.4366511
36011,0.49847075
36111,0.4685231
36611,0.40415844
37211,0.51987594
37411,0.5137451
37511,0.48861828
37611,0.49015194
37711,0.4733248
38111,0.49173856
38211,0.5109324
38311,0.48914638
38411,0.4457978
38611,0.4896625
38811,0.50648093
39111,0.48178038
39211,0.4721713
39311,0.5096674
39411,0.43146715
39611,0.535514
39711,0.7083809
39911,0.4717658
40011,0.48671043
40211,0.41645274
40511,0.48374826
40611,0.38672516
41811,0.457338
42011,0.43403026
42711,0.47009334
42911,0.6174439
43611,0.48532358
44211,0.49490416
44511,0.49296817
44711,0.48675704
44911,0.5453585
45211,0.5447695
45311,0.5224221
45511,0.48024923
45611,0.47777358
46111,0.48874292
46311,0.45303285
46511,0.437085
46911,0.39119703
47011,0.4826581
47111,0.5079853
47211,0.50903803
47311,0.4596518
47611,0.4646951
47711,0.43667388
47811,0.47697127
47911,0.44499773
48211,0.47197202
48611,0.4559794
48711,0.5062547
49111,0.44809866
49211,0.46917707
49611,0.49445534
49711,0.43678448
49911,0.47067505
50111,0.40064928
50311,0.3870119
50411,0.4260913
50611,0.41898105
50811,0.37950638
50911,0.4723608
51011,0.4387959
51211,0.4709714
51611,0.5069269
51811,0.5059251
52011,0.53329086
52111,0.45496774
52511,0.47758
52611,0.49410304
52711,0.51169294
53211,0.60361576
53311,0.4994976
53411,0.49244016
53611,0.49764925
53911,0.417017
54111,0.4778492
54211,0.4688363
54311,0.4859042
54411,0.48710522
54611,0.6149888
55011,0.500062
55211,0.44129348
55411,0.47395405
55511,0.561389
55611,0.5083978
56211,0.45234624
56511,0.4599174
56711,0.4540594
56811,0.48187146
57011,0.39467862
57111,0.41981244
57211,0.50192356
57311,0.4411081
57511,0.34190258
57911,0.46553066
58011,0.44882604
58211,0.49449277
58311,0.5475037
58511,0.44024792
58911,0.5779351
59111,0.45222774
59211,0.4698042
59511,0.4524803
59611,0.4351834
59811,0.48193708
59911,0.45473954
60411,0.37041414
60511,0.51225275
60811,0.46356177
61111,0.45903105
61311,0.4986915
61411,0.4748743
61711,0.54721457
62111,0.49021795
62411,0.49980882
62711,0.5129294
62811,0.5216805
63511,0.47364226
63611,0.49872464
63711,0.54076046
63811,0.48871776
63911,0.42272577
64311,0.456642
64411,0.5041152
12,0.42254335
112,0.35842326
412,0.46950617
612,0.56706697
712,0.542089
1012,0.4164965
1212,0.46738973
1712,0.37079817
2212,0.4187628
2712,0.42839015
2812,0.4736289
2912,0.46457916
3012,0.5478735
3112,0.51245266
3212,0.50434446
3312,0.38321847
3412,0.49404737
3712,0.41370383
4012,0.52089447
4112,0.09444659
4212,0.4420776
4412,0.48951602
4712,0.5325283
4812,0.47961977
4912,0.44455865
5112,0.45362058
5212,0.5192633
5712,0.51067
5912,0.45126033
6212,0.5168495
6312,0.49196422
6512,0.5150576
6612,0.55850136
6812,0.4845111
6912,0.40783593
7012,0.4412266
7212,0.4164754
7412,0.32442948
7512,0.3620659
7712,0.48793703
7912,0.44780567
8112,0.5031271
8212,0.4741701
8312,0.50804347
8412,0.4613734
8512,0.44126436
8612,0.44223773
8712,0.54136217
8912,0.46339223
9012,0.45761654
9212,0.4828558
9512,0.37354365
9812,0.4330818
9912,0.47416878
10112,0.40158015
10412,0.5445125
10512,0.49131647
10612,0.1791369
10712,0.40376943
10912,0.49332696
11212,0.48190603
11312,0.46738097
11712,0.45418835
11912,0.526224
12112,0.47921625
12412,0.45188707
12712,0.5482177
12912,0.4960838
13012,0.44914657
13412,0.5962975
13512,0.49009725
13612,0.45623845
13712,0.48066577
13912,0.4447382
14312,0.53563285
14412,0.5418238
15412,0.50202245
15612,0.51914144
15712,0.5036596
15812,0.44487765
15912,0.4645179
16112,0.4869731
16212,0.5376529
16312,0.38670307
16412,0.4132999
16512,0.29367524
16612,0.42776114
17012,0.5829153
17112,0.43988317
17212,0.4291051
17312,0.4127435
17412,0.36608145
17612,0.43283316
17712,0.46859244
17912,0.37379327
18012,0.34284046
18112,0.44310907
18212,0.42258033
18412,0.4454312
18512,0.35779175
18712,0.45299894
18812,0.4455173
19112,0.43474558
19512,0.45035294
19612,0.44175914
19712,0.42832336
19812,0.3971064
20712,0.44377846
20812,0.48551452
20912,0.4977584
21112,0.54910713
21212,0.45532292
21412,0.4864779
21812,0.5506508
22012,0.4005152
22312,0.43547168
22412,0.562023
22512,0.5282792
22612,0.5321619
22912,0.42856175
23012,0.3756195
23212,0.30652738
23312,0.44868094
23612,0.46866342
23712,0.43213516
23812,0.36801925
23912,0.44501925
24112,0.45655093
24212,0.4605309
24412,0.49441007
24512,0.45147946
24612,0.4045923
24712,0.44751868
25312,0.35620877
25412,0.48783347
25812,0.48812625
26012,0.49734825
26112,0.47993794
26212,0.4447179
26312,0.50361586
26412,0.52001864
26612,0.5264845
26712,0.50464207
26812,0.45913896
26912,0.43880188
27012,0.459723
27312,0.40642768
27412,0.43501619
27512,0.46662188
27912,0.40432054
28012,0.4054084
28112,0.49966562
28312,0.52874094
28412,0.54855525
29012,0.5654082
29112,0.561212
29312,0.5089746
29612,0.2927398
29712,0.5179945
29812,0.55985755
29912,0.4719347
30012,0.5302592
30112,0.50964624
30312,0.4861316
30412,0.5495614
30712,0.49506164
30812,0.4264167
31112,0.46132421
31212,0.49987143
31612,0.47538364
31712,0.49975482
31812,0.45739096
31912,0.52362126
32012,0.48524597
32112,0.38509214
32812,0.525964
33012,0.40089017
33112,0.37087715
33512,0.4748214
33712,0.3978963
33812,0.3317769
33912,0.4149011
34012,0.45685324
34212,0.48509732
34312,0.436135
34412,0.524447
34512,0.4034866
34612,0.42667598
34812,0.45300332
35012,0.43618774
35212,0.49396914
35312,0.48915872
35512,0.48166242
35612,0.49005383
35712,0.44892284
35912,0.4678643
36012,0.45555693
36112,0.4998616
36612,0.4926315
37212,0.30552807
37412,0.4803425
37512,0.45843348
37612,0.43516144
37712,0.51477355
38112,0.51339287
38212,0.5392007
38312,0.5489123
38412,0.5441454
38612,0.4894412
38812,0.43468916
39112,0.49306232
39212,0.4322666
39312,0.41768396
39412,0.4489317
39612,0.47636497
39712,0.071601294
39912,0.45243976
40012,0.47371352
40212,0.43893412
40512,0.46989995
40612,0.48320976
41812,0.49712482
42012,0.39971292
42712,0.5213335
42912,0.18000183
43612,0.4602244
44212,0.47197738
44512,0.44909507
44712,0.5508583
44912,0.486984
45212,0.35384282
45312,0.42269605
45512,0.52236646
45612,0.52223307
46112,0.373537
46312,0.58620745
46512,0.4821559
46912,0.47842747
47012,0.40706486
47112,0.4265581
47212,0.48713902
47312,0.5392576
47612,0.44069445
47712,0.50747347
47812,0.51153874
47912,0.45176336
48212,0.47741213
48612,0.37418514
48712,0.28587052
49112,0.48762938
49212,0.51338154
49612,0.37873593
49712,0.43251553
49912,0.5097791
50112,0.37145805
50312,0.42457342
50412,0.42677793
50612,0.42752582
50812,0.41838074
50912,0.39607444
51012,0.4561986
51212,0.45062718
51612,0.4656656
51812,0.49073347
52012,0.37364873
52112,0.45228425
52512,0.4541647
52612,0.39790815
52712,0.34395242
53212,0.33386618
53312,0.47400245
53412,0.35712302
53612,0.37109002
53912,0.4859172
54112,0.48759782
54212,0.54743373
54312,0.5041243
54412,0.5329457
54612,0.0788083
55012,0.47485518
55212,0.40650654
55412,0.42603344
55512,0.3039571
55612,0.27768904
56212,0.48863783
56512,0.529855
56712,0.4935618
56812,0.39408293
57012,0.48099884
57112,0.47344157
57212,0.4816535
57312,0.46891233
57512,0.42772034
57912,0.52152205
58012,0.4492019
58212,0.4756925
58312,0.4282312
58512,0.4656797
58912,0.22758073
59112,0.50145966
59212,0.4769486
59512,0.47444808
59612,0.47591642
59812,0.43615475
59912,0.494322
60412,0.449466
60512,0.43017885
60812,0.5299548
61112,0.43862107
61312,0.49055228
61412,0.41855744
61712,0.33906642
62112,0.48397246
62412,0.5675409
62712,0.5211149
62812,0.5086612
63512,0.50036836
63612,0.5355269
63712,0.54245275
63812,0.5107052
63912,0.48778683
64312,0.51560605
64412,0.5304664
13,0.5409717
113,0.5214058
413,0.44323006
613,0.6160716
713,0.5460432
1013,0.5458371
1213,0.4087172
1713,0.5497743
2213,0.45262247
2713,0.34713858
2813,0.5348504
2913,0.4446319
3013,0.5680263
3113,0.44381505
3213,0.48197266
3313,0.4694774
3413,0.43238547
3713,0.40869388
4013,0.5305901
4113,0.23286758
4213,0.4841772
4413,0.4190572
4713,0.50153875
4813,0.51879907
4913,0.50351644
5113,0.48963293
5213,0.552173
5713,0.51444393
5913,0.48056036
6213,0.5018133
6313,0.5778642
6513,0.5633209
6613,0.55610454
6813,0.5466584
6913,0.3658519
7013,0.4009136
7213,0.43586302
7413,0.5995875
7513,0.36718366
7713,0.50089526
7913,0.3922417
8113,0.58156836
8213,0.5413268
8313,0.53334886
8413,0.54429793
8513,0.4752985
8613,0.4878079
8713,0.40266758
8913,0.5434372
9013,0.43986604
9213,0.49974984
9513,0.5192966
9813,0.5045495
9913,0.50540197
10113,0.41915622
10413,0.49090356
10513,0.54264534
10613,0.43799153
10713,0.6362051
10913,0.5711207
11213,0.51418585
11313,0.47394782
11713,0.44304526
11913,0.48345008
12113,0.46668646
12413,0.49918786
12713,0.5218607
12913,0.46771073
13013,0.4619007
13413,0.5385112
13513,0.47353953
13613,0.54334676
13713,0.49124992
13913,0.51247156
14313,0.51124334
14413,0.44690606
15413,0.5330786
15613,0.52671266
15713,0.47345513
15813,0.5285083
15913,0.48078856
16113,0.4552091
16213,0.5344298
16313,0.47314858
16413,0.6591766
16513,0.40942305
16613,0.5292501
17013,0.5409791
17113,0.4861933
17213,0.5558586
17313,0.5323518
17413,0.5768311
17613,0.4048531
17713,0.5128813
17913,0.571812
18013,0.5910781
18113,0.354178
18213,0.39009747
18413,0.4220745
18513,0.49234855
18713,0.35230953
18813,0.38817343
19113,0.43776459
19513,0.47859028
19613,0.3837804
19713,0.4350442
19813,0.3904361
20713,0.53737396
20813,0.48629612
20913,0.59394497
21113,0.5801699
21213,0.5113707
21413,0.49063337
21813,0.57969016
22013,0.5209395
22313,0.46507397
22413,0.5508439
22513,0.5298823
22613,0.5519297
22913,0.38707235
23013,0.42307642
23213,0.43327457
23313,0.5050838
23613,0.49949813
23713,0.493105
23813,0.3983991
23913,0.49739528
24113,0.52608997
24213,0.49311677
24413,0.3922149
24513,0.45502594
24613,0.35745555
24713,0.49173576
25313,0.32809934
25413,0.33770826
25813,0.42506477
26013,0.5161901
26113,0.46865886
26213,0.43043536
26313,0.5070379
26413,0.5755253
26613,0.6155259
26713,0.5483774
26813,0.3576399
26913,0.48190093
27013,0.4953062
27313,0.5247819
27413,0.47687864
27513,0.4043179
27913,0.4797895
28013,0.42110592
28113,0.48660454
28313,0.5402806
28413,0.4903326
29013,0.5844993
29113,0.5532394
29313,0.5991998
29613,0.49669936
29713,0.5618759
29813,0.5130247
29913,0.56733906
30013,0.49716818
30113,0.5099966
30313,0.5566763
30413,0.52020466
30713,0.4878695
30813,0.46608114
31113,0.5069529
31213,0.4997128
31613,0.51966876
31713,0.5505519
31813,0.5007125
31913,0.48266762
32013,0.5534615
32113,0.57620245
32813,0.4519907
33013,0.5270863
33113,0.57674056
33513,0.53586733
33713,0.5464703
33813,0.57122165
33913,0.3027541
34013,0.45459285
34213,0.4467263
34313,0.4144386
34413,0.3373174
34513,0.36761528
34613,0.47939694
34813,0.31866556
35013,0.57740474
35213,0.4456626
35313,0.58970845
35513,0.4665835
35613,0.48652828
35713,0.4613763
35913,0.4575988
36013,0.46569923
36113,0.5314471
36613,0.56168705
37213,0.34895805
37413,0.5286563
37513,0.5192092
37613,0.40218735
37713,0.55140907
38113,0.552447
38213,0.56201124
38313,0.6069167
38413,0.5485578
38613,0.49916357
38813,0.5161534
39113,0.46294248
39213,0.3700244
39313,0.41857135
39413,0.39920965
39613,0.49982873
39713,0.17063819
39913,0.48506832
40013,0.44989556
40213,0.5108637
40513,0.49369502
40613,0.46975103
41813,0.46045336
42013,0.4270981
42713,0.5537528
42913,0.4918971
43613,0.5329242
44213,0.5616023
44513,0.41938767
44713,0.59912753
44913,0.49535203
45213,0.46193844
45313,0.53645307
45513,0.5269819
45613,0.55138016
46113,0.53530645
46313,0.5675456
46513,0.4802044
46913,0.43072832
47013,0.3696873
47113,0.52076924
47213,0.5552666
47313,0.5345128
47613,0.5071298
47713,0.5395792
47813,0.5307323
47913,0.5232874
48213,0.48793402
48613,0.53917694
48713,0.32081428
49113,0.548636
49213,0.51739144
49613,0.41572973
49713,0.4036862
49913,0.5479341
50113,0.51398116
50313,0.42236188
50413,0.35207668
50613,0.38391146
50813,0.37049058
50913,0.44724646
51013,0.50508547
51213,0.30931798
51613,0.5055731
51813,0.47671902
52013,0.31061026
52113,0.55222994
52513,0.4857942
52613,0.43456474
52713,0.8165904
53213,0.5502429
53313,0.48673803
53413,0.5112881
53613,0.38479415
53913,0.5413292
54113,0.5547585
54213,0.5767941
54313,0.5679851
54413,0.5728816
54613,0.41504046
55013,0.47266626
55213,0.41388422
55413,0.44229257
55513,0.277762
55613,0.5747174
56213,0.5137748
56513,0.52509475
56713,0.47400042
56813,0.4319048
57013,0.5166594
57113,0.4643832
57213,0.49614257
57313,0.43503603
57513,0.44746074
57913,0.53383845
58013,0.47477147
58213,0.48292318
58313,0.4301121
58513,0.5186712
58913,0.4055205
59113,0.51083696
59213,0.4819247
59513,0.41693193
59613,0.51547885
59813,0.4491863
59913,0.4550851
60413,0.3750108
60513,0.42979312
60813,0.5443025
61113,0.46874577
61313,0.51806045
61413,0.50904965
61713,0.44880626
62113,0.54075474
62413,0.59279865
62713,0.5140823
62813,0.47396824
63513,0.5099138
63613,0.5428308
63713,0.5205435
63813,0.570892
63913,0.45419377
64313,0.5520441
64413,0.5341324
14,0.4505523
114,0.4003673
414,0.4654674
614,0.47443643
714,0.5474797
1014,0.42354935
1214,0.44999087
1714,0.4958334
2214,0.37284973
2714,0.40706256
2814,0.437751
2914,0.42939985
3014,0.5292126
3114,0.44826508
3214,0.46933132
3314,0.42762095
3414,0.44142503
3714,0.49820963
4014,0.54751974
4114,0.65795165
4214,0.5015528
4414,0.48893794
4714,0.49936056
4814,0.4564328
4914,0.5465057
5114,0.5523654
5214,0.50280035
5714,0.47284588
5914,0.44632104
6214,0.526147
6314,0.5524608
6514,0.49247354
6614,0.54122484
6814,0.53901803
6914,0.47109666
7014,0.4647443
7214,0.47166845
7414,0.58484334
7514,0.4369901
7714,0.46548495
7914,0.49934566
8114,0.50131685
8214,0.5005678
8314,0.44866076
8414,0.4969284
8514,0.3870171
8614,0.46523765
8714,0.43179044
8914,0.48140875
9014,0.44636786
9214,0.45213407
9514,0.5290841
9814,0.4573421
9914,0.4238233
10114,0.52508295
10414,0.43544972
10514,0.5315405
10614,0.53644824
10714,0.6575614
10914,0.5381121
11214,0.460109
11314,0.48193356
11714,0.48242167
11914,0.50323945
12114,0.46572933
12414,0.4790294
12714,0.5452899
12914,0.48277283
13014,0.5607013
13414,0.4957962
13514,0.40752208
13614,0.47150087
13714,0.46957588
13914,0.545197
14314,0.4505271
14414,0.41935226
15414,0.43954167
15614,0.5415663
15714,0.45907626
15814,0.44409657
15914,0.46494582
16114,0.4700841
16214,0.4717836
16314,0.4778914
16414,0.45390257
16514,0.5146221
16614,0.49271402
17014,0.49615753
17114,0.39879724
17214,0.4100433
17314,0.4748266
17414,0.549622
17614,0.469328
17714,0.44626218
17914,0.4523517
18014,0.4213467
18114,0.46514168
18214,0.4020198
18414,0.41759193
18514,0.37710005
18714,0.41880324
18814,0.4525446
19114,0.46047306
19514,0.43849394
19614,0.45784503
19714,0.4518983
19814,0.42531744
20714,0.47789878
20814,0.541404
20914,0.5108401
21114,0.4934803
21214,0.45377445
21414,0.5046195
21814,0.52947694
22014,0.47024524
22314,0.53826547
22414,0.54103667
22514,0.5641196
22614,0.5450101
22914,0.46728027
23014,0.4318904
23214,0.5752637
23314,0.547974
23614,0.44460198
23714,0.5241492
23814,0.38039213
23914,0.4854673
24114,0.4633524
24214,0.49455053
24414,0.43649572
24514,0.47553712
24614,0.45971394
24714,0.4890556
25314,0.5254352
25414,0.50665057
25814,0.45534799
26014,0.47074693
26114,0.47911435
26214,0.44816422
26314,0.45827112
26414,0.5680752
26614,0.51834667
26714,0.50892574
26814,0.49006155
26914,0.4606516
27014,0.46690267
27314,0.475623
27414,0.48057804
27514,0.5089881
27914,0.44224137
28014,0.4722622
28114,0.4658886
28314,0.55675656
28414,0.50032794
29014,0.47353178
29114,0.49704197
29314,0.5685212
29614,0.5904833
29714,0.59660697
29814,0.50664043
29914,0.50563544
30014,0.5109556
30114,0.49743935
30314,0.44923902
30414,0.47825956
30714,0.51780075
30814,0.5284867
31114,0.50624746
31214,0.46569324
31614,0.47898725
31714,0.5145765
31814,0.47008166
31914,0.5007193
32014,0.49410766
32114,0.41421184
32814,0.45757315
33014,0.46053305
33114,0.4406542
33514,0.52154446
33714,0.45557222
33814,0.42905188
33914,0.46387288
34014,0.4074334
34214,0.42405674
34314,0.3594532
34414,0.41423234
34514,0.4630551
34614,0.4543819
34814,0.4062954
35014,0.46222132
35214,0.4723266
35314,0.54307026
35514,0.4645639
35614,0.42957354
35714,0.42864367
35914,0.4637707
36014,0.48253092
36114,0.45392317
36614,0.5124651
37214,0.40822682
37414,0.5250132
37514,0.47095174
37614,0.45587048
37714,0.5007737
38114,0.50403607
38214,0.5157838
38314,0.55216616
38414,0.5085796
38614,0.46651462
38814,0.4923272
39114,0.49416026
39214,0.5062772
39314,0.50620973
39414,0.48174766
39614,0.4982962
39714,0.50680053
39914,0.49558702
40014,0.4540064
40214,0.3899467
40514,0.47977254
40614,0.4347119
41814,0.46888408
42014,0.49529088
42714,0.449125
42914,0.674589
43614,0.47319224
44214,0.4900351
44514,0.45443982
44714,0.48866215
44914,0.50991523
45214,0.60107553
45314,0.50430673
45514,0.48554137
45614,0.48817047
46114,0.4939256
46314,0.5248867
46514,0.46413243
46914,0.38322085
47014,0.4937641
47114,0.49419704
47214,0.49225858
47314,0.5057478
47614,0.5119602
47714,0.5039811
47814,0.4883971
47914,0.48842224
48214,0.4880247
48614,0.44019172
48714,0.3840818
49114,0.45763993
49214,0.453504
49614,0.5609943
49714,0.43942326
49914,0.47936207
50114,0.42877066
50314,0.4748143
50414,0.5480126
50614,0.475476
50814,0.47610286
50914,0.45843202
51014,0.48239842
51214,0.4028598
51614,0.49370044
51814,0.47491
52014,0.54259396
52114,0.50488406
52514,0.5220241
52614,0.42540967
52714,0.55037934
53214,0.52712506
53314,0.5288088
53414,0.609242
53614,0.47683144
53914,0.42455277
54114,0.5460302
54214,0.5031568
54314,0.47147638
54414,0.48651898
54614,0.4748663
55014,0.49761075
55214,0.44283804
55414,0.48302624
55514,0.5040832
55614,0.54145586
56214,0.4975232
56514,0.47400796
56714,0.48042223
56814,0.5020707
57014,0.36966717
57114,0.4125767
57214,0.45082137
57314,0.5044286
57514,0.38487083
57914,0.4560114
58014,0.45797816
58214,0.4560593
58314,0.50305045
58514,0.41951844
58914,0.55544597
59114,0.4910716
59214,0.5019318
59514,0.4413466
59614,0.47687343
59814,0.49793404
59914,0.44850639
60414,0.49803978
60514,0.4683689
60814,0.5172841
61114,0.4399002
61314,0.52944875
61414,0.4759925
61714,0.4951962
62114,0.50952876
62414,0.54720277
62714,0.50643814
62814,0.46109235
63514,0.4606603
63614,0.49782264
63714,0.53285813
63814,0.51702213
63914,0.42732087
64314,0.46328232
64414,0.48602635
15,0.49664366
115,0.49967593
415,0.37344587
615,0.36923963
715,0.45684326
1015,0.49455795
1215,0.4337043
1715,0.5794658
2215,0.46649697
2715,0.22686934
2815,0.4854983
2915,0.48179534
3015,0.37681842
3115,0.4440541
3215,0.4123096
3315,0.4677734
3415,0.48899975
3715,0.40856668
4015,0.37784278
4115,0.087170385
4215,0.36782297
4415,0.48715925
4715,0.34014976
4815,0.45719427
4915,0.2106793
5115,0.36865845
5215,0.37904072
5715,0.44193345
5915,0.46849698
6215,0.34265643
6315,0.39227328
6515,0.42015055
6615,0.3968017
6815,0.42976546
6915,0.34960914
7015,0.44139022
7215,0.41217405
7415,0.29847053
7515,0.43066674
7715,0.4827961
7915,0.36180046
8115,0.41567123
8215,0.4811022
8315,0.44522387
8415,0.47074026
8515,0.47980157
8615,0.49216908
8715,0.47438163
8915,0.5065759
9015,0.4260997
9215,0.4273698
9515,0.40623587
9815,0.4984903
9915,0.5200155
10115,0.4610392
10415,0.46845284
10515,0.43189183
10615,0.24796404
10715,0.15765885
10915,0.31937152
11215,0.4631474
11315,0.3657934
11715,0.362506
11915,0.44348627
12115,0.47164536
12415,0.4830432
12715,0.38307098
12915,0.48793802
13015,0.23032868
13415,0.39532033
13515,0.45255798
13615,0.43978792
13715,0.44894966
13915,0.23627467
14315,0.43680215
14415,0.5016111
15415,0.46387902
15615,0.43174428
15715,0.43942076
15815,0.49469113
15915,0.48057356
16115,0.428911
16215,0.43558776
16315,0.45153257
16415,0.47130612
16515,0.41432336
16615,0.3793169
17015,0.41754454
17115,0.44340548
17215,0.5456743
17315,0.48155984
17415,0.48715144
17615,0.38319817
17715,0.46141827
17915,0.5833476
18015,0.5418528
18115,0.2983086
18215,0.30791485
18415,0.43773964
18515,0.48661983
18715,0.29639462
18815,0.4922145
19115,0.5120767
19515,0.4645947
19615,0.40073082
19715,0.48903874
19815,0.36488158
20715,0.49158382
20815,0.41036308
20915,0.40601638
21115,0.35346192
21215,0.44971427
21415,0.47302508
21815,0.35892224
22015,0.42344683
22315,0.18675181
22415,0.41452524
22515,0.40836096
22615,0.34574437
22915,0.3361298
23015,0.40346637
23215,0.3773866
23315,0.29928458
23615,0.44403327
23715,0.30286
23815,0.3937768
23915,0.5203624
24115,0.45063633
24215,0.3867601
24415,0.37946787
24515,0.34383407
24615,0.38929373
24715,0.47117674
25315,0.39408293
25415,0.41561198
25815,0.42113656
26015,0.49520904
26115,0.4749444
26215,0.46048313
26315,0.45617217
26415,0.24213916
26615,0.39849818
26715,0.35638285
26815,0.32681128
26915,0.43133268
27015,0.4656012
27315,0.41142756
27415,0.46696126
27515,0.3676864
27915,0.34302366
28015,0.29251972
28115,0.4439362
28315,0.3052592
28415,0.41167143
29015,0.41163817
29115,0.37242424
29315,0.3620166
29615,0.29942542
29715,0.37129092
29815,0.43072933
29915,0.43862432
30015,0.4185706
30115,0.4872962
30315,0.48876014
30415,0.47415605
30715,0.4535013
30815,0.489552
31115,0.44720823
31215,0.46912837
31615,0.4497329
31715,0.50705105
31815,0.41420293
31915,0.40058306
32015,0.42237404
32115,0.5450361
32815,0.43184936
33015,0.5165237
33115,0.5434117
33515,0.4173477
33715,0.5586393
33815,0.5712557
33915,0.27488846
34015,0.49250108
34215,0.3356423
34315,0.43920073
34415,0.35767296
34515,0.43321192
34615,0.40579233
34815,0.36975443
35015,0.46310374
35215,0.4472818
35315,0.33862168
35515,0.50195694
35615,0.5039721
35715,0.5403997
35915,0.5054032
36015,0.3970551
36115,0.49682108
36615,0.37307286
37215,0.4604335
37415,0.31414947
37515,0.4369143
37615,0.45777664
37715,0.42020768
38115,0.44334206
38215,0.41305047
38315,0.3578988
38415,0.41970733
38615,0.43374828
38815,0.43320447
39115,0.44929382
39215,0.37154046
39315,0.25191662
39415,0.35636082
39615,0.3444092
39715,0.42109013
39915,0.51912445
40015,0.35898507
40215,0.49444494
40515,0.4442438
40615,0.52146333
41815,0.4695779
42015,0.51109165
42715,0.374113
42915,0.3061563
43615,0.41450986
44215,0.42486444
44515,0.3508548
44715,0.35648727
44915,0.4155311
45215,0.31692562
45315,0.32714254
45515,0.4436705
45615,0.4288414
46115,0.44677982
46315,0.39337265
46515,0.44019866
46915,0.504503
47015,0.32721436
47115,0.47070977
47215,0.45762345
47315,0.40300065
47615,0.45382077
47715,0.39598188
47815,0.42698216
47915,0.4579857
48215,0.4183522
48615,0.53697836
48715,0.43601614
49115,0.48345956
49215,0.44580308
49615,0.47034153
49715,0.2863666
49915,0.44038463
50115,0.5819913
50315,0.42347133
50415,0.28769732
50615,0.3809082
50815,0.2721036
50915,0.4325332
51015,0.42211127
51215,0.43924868
51615,0.42325807
51815,0.44280323
52015,0.42043957
52115,0.41969916
52515,0.4595963
52615,0.40361524
52715,0.12538254
53215,0.3577397
53315,0.25823265
53415,0.31111887
53615,0.44298977
53915,0.3540214
54115,0.46523905
54215,0.4053591
54315,0.43393868
54415,0.4249051
54615,0.21187665
55015,0.46592167
55215,0.42081875
55415,0.34804422
55515,0.43009165
55615,0.34240752
56215,0.39789665
56515,0.43982196
56715,0.4925873
56815,0.46641755
57015,0.52977836
57115,0.50570655
57215,0.46746194
57315,0.5134602
57515,0.5493754
57915,0.4123388
58015,0.5181848
58215,0.441756
58315,0.44083324
58515,0.5064876
58915,0.36081794
59115,0.42953634
59215,0.4719591
59515,0.29874745
59615,0.42882204
59815,0.46929437
59915,0.46808735
60415,0.4943835
60515,0.33132654
60815,0.44081828
61115,0.44856033
61315,0.43636447
61415,0.49802926
61715,0.43424737
62115,0.43418518
62415,0.36227012
62715,0.42670396
62815,0.43187955
63515,0.47646764
63615,0.43945435
63715,0.42086178
63815,0.4294382
63915,0.49493337
64315,0.4521587
64415,0.43127415
16,0.5158718
116,0.43734834
416,0.20968089
616,0.40167722
716,0.48219413
1016,0.391091
1216,0.41953242
1716,0.34612185
2216,0.24368016
2716,0.14852339
2816,0.417753
2916,0.3405526
3016,0.46017924
3116,0.5084655
3216,0.48376936
3316,0.276053
3416,0.42211866
3716,0.2969136
4016,0.48489046
4116,0.002288702
4216,0.35905823
4416,0.39804873
4716,0.36277643
4816,0.5117566
4916,0.27527562
5116,0.41350156
5216,0.43405074
5716,0.51772827
5916,0.46625376
6216,0.4434795
6316,0.4348302
6516,0.47843316
6616,0.47490555
6816,0.523832
6916,0.27961656
7016,0.41271454
7216,0.25216976
7416,0.2045529
7516,0.40309727
7716,0.4009296
7916,0.3466781
8116,0.45231736
8216,0.4621985
8316,0.46368188
8416,0.39721695
8516,0.40564728
8616,0.45225784
8716,0.45785064
8916,0.44402826
9016,0.4017546
9216,0.4280194
9516,0.24113697
9816,0.38288084
9916,0.36461502
10116,0.3184023
10416,0.5023167
10516,0.4982003
10616,0.08147426
10716,0.28350735
10916,0.32270628
11216,0.44386667
11316,0.28126395
11716,0.2661397
11916,0.45606735
12116,0.3032053
12416,0.5140999
12716,0.42393196
12916,0.48165944
13016,0.264461
13416,0.4836608
13516,0.42303607
13616,0.4999174
13716,0.5204787
13916,0.28740162
14316,0.46597522
14416,0.36475936
15416,0.47279528
15616,0.46717694
15716,0.4693309
15816,0.36684108
15916,0.40729263
16116,0.45907435
16216,0.5070611
16316,0.45418432
16416,0.40950632
16516,0.28095117
16616,0.44407308
17016,0.48429212
17116,0.3354229
17216,0.39458433
17316,0.4552657
17416,0.24784967
17616,0.33105546
17716,0.46714345
17916,0.37639526
18016,0.36801475
18116,0.19215539
18216,0.17136155
18416,0.30550262
18516,0.2767333
18716,0.16187505
18816,0.29607138
19116,0.41968754
19516,0.35761306
19616,0.34480113
19716,0.38654518
19816,0.21964352
20716,0.44140783
20816,0.34534565
20916,0.47580045
21116,0.40550542
21216,0.4666962
21416,0.39575407
21816,0.45142436
22016,0.42508116
22316,0.22152501
22416,0.51244926
22516,0.50306857
22616,0.48560652
22916,0.17691942
23016,0.3160975
23216,0.24944471
23316,0.32488546
23616,0.37923163
23716,0.23786953
23816,0.31146723
23916,0.44280827
24116,0.39475858
24216,0.38736597
24416,0.39682478
24516,0.34698123
24616,0.24792805
24716,0.40912646
25316,0.23165621
25416,0.29111972
25816,0.353314
26016,0.40998143
26116,0.45815018
26216,0.42786467
26316,0.510497
26416,0.3026196
26616,0.48249304
26716,0.38740557
26816,0.20621878
26916,0.50323004
27016,0.4627217
27316,0.47241455
27416,0.37054178
27516,0.28895292
27916,0.19382176
28016,0.2058363
28116,0.39421904
28316,0.4034675
28416,0.49384505
29016,0.4880941
29116,0.46373475
29316,0.4389504
29616,0.19710645
29716,0.40751258
29816,0.5271893
29916,0.45340374
30016,0.4884387
30116,0.42813134
30316,0.4884733
30416,0.51600915
30716,0.4294385
30816,0.43120944
31116,0.3409547
31216,0.49027914
31616,0.42845514
31716,0.36809337
31816,0.42175597
31916,0.46587867
32016,0.45990083
32116,0.39878973
32816,0.49887443
33016,0.40323094
33116,0.3542098
33516,0.43743888
33716,0.3295146
33816,0.3266017
33916,0.10902964
34016,0.2636988
34216,0.23789926
34316,0.21437582
34416,0.30010772
34516,0.16859967
34616,0.36277688
34816,0.14336896
35016,0.4688777
35216,0.5033915
35316,0.30217883
35516,0.33979198
35616,0.40455332
35716,0.30110708
35916,0.3431328
36016,0.32636538
36116,0.5106918
36616,0.36228532
37216,0.2751568
37416,0.4427172
37516,0.45803592
37616,0.31633484
37716,0.4736467
38116,0.4921522
38216,0.49769622
38316,0.46442917
38416,0.50035936
38616,0.47692314
38816,0.3931533
39116,0.4411705
39216,0.24505962
39316,0.15831672
39416,0.23000546
39616,0.3582583
39716,0.20266923
39916,0.46939844
40016,0.342997
40216,0.36621785
40516,0.45415744
40616,0.35828623
41816,0.39420423
42016,0.24075039
42716,0.3364387
42916,0.14428824
43616,0.44006145
44216,0.43080616
44516,0.3053021
44716,0.43021476
44916,0.42871988
45216,0.17477798
45316,0.32978538
45516,0.49334475
45616,0.45358425
46116,0.3215479
46316,0.50787115
46516,0.31430376
46916,0.36013293
47016,0.3130089
47116,0.3438924
47216,0.4771981
47316,0.5078064
47616,0.38798827
47716,0.5054227
47816,0.49894917
47916,0.42700824
48216,0.43717223
48616,0.42067844
48716,0.08194697
49116,0.4896818
49216,0.48438716
49616,0.28449306
49716,0.14498493
49916,0.494774
50116,0.34828466
50316,0.25040838
50416,0.14666499
50616,0.17100814
50816,0.16008072
50916,0.2500684
51016,0.37350076
51216,0.2024792
51616,0.35139248
51816,0.42880392
52016,0.17246196
52116,0.42550993
52516,0.39992723
52616,0.1853037
52716,0.010049454
53216,0.32657424
53316,0.21515532
53416,0.2510665
53616,0.45359892
53916,0.22245212
54116,0.41382226
54216,0.474643
54316,0.4192299
54416,0.50228834
54616,0.047567315
55016,0.48107037
55216,0.25355104
55416,0.29393134
55516,0.14015436
55616,0.18099461
56216,0.384888
56516,0.44769415
56716,0.4278547
56816,0.25032204
57016,0.34031218
57116,0.4216138
57216,0.4457934
57316,0.44272786
57516,0.3089764
57916,0.46726
58016,0.4090486
58216,0.4052242
58316,0.3864706
58516,0.45090055
58916,0.21092407
59116,0.4044932
59216,0.38821563
59516,0.28127983
59616,0.45740277
59816,0.3279521
59916,0.43586636
60416,0.25365376
60516,0.32184693
60816,0.54867756
61116,0.34996223
61316,0.39379808
61416,0.40512806
61716,0.3819523
62116,0.46509522
62416,0.44451818
62716,0.51854837
62816,0.5059786
63516,0.4800238
63616,0.4463466
63716,0.4940207
63816,0.48913774
63916,0.42305604
64316,0.49718672
64416,0.50117266
17,0.48853105
117,0.44082823
417,0.47610322
617,0.519185
717,0.45627072
1017,0.46058378
1217,0.45899987
1717,0.42984572
2217,0.54950434
2717,0.4321705
2817,0.5119011
2917,0.42925224
3017,0.48107916
3117,0.4890088
3217,0.51302695
3317,0.456712
3417,0.48067227
3717,0.5238176
4017,0.4770811
4117,0.27644688
4217,0.49700254
4417,0.4614068
4717,0.53601444
4817,0.4997245
4917,0.52249706
5117,0.5304164
5217,0.48812413
5717,0.47797054
5917,0.46973273
6217,0.52140325
6317,0.50233907
6517,0.47906128
6617,0.521118
6817,0.47989073
6917,0.5113947
7017,0.52543193
7217,0.5395708
7417,0.4391132
7517,0.4809352
7717,0.492429
7917,0.4957858
8117,0.47496316
8217,0.46271676
8317,0.47361147
8417,0.47688067
8517,0.4793387
8617,0.4895487
8717,0.44349337
8917,0.45662758
9017,0.47355804
9217,0.45540008
9517,0.42898184
9817,0.5081595
9917,0.503314
10117,0.5118445
10417,0.5147666
10517,0.45371127
10617,0.45543614
10717,0.4537644
10917,0.5364926
11217,0.4899389
11317,0.45626155
11717,0.48252887
11917,0.5289229
12117,0.52390295
12417,0.45667994
12717,0.513176
12917,0.49255198
13017,0.53354025
13417,0.50374234
13517,0.47427016
13617,0.47348616
13717,0.4824732
13917,0.51884174
14317,0.44146118
14417,0.5062907
15417,0.47814128
15617,0.49052694
15717,0.5414853
15817,0.5165506
15917,0.45829564
16117,0.51691025
16217,0.49321866
16317,0.49954778
16417,0.39024282
16517,0.41102993
16617,0.44307938
17017,0.46285716
17117,0.4675733
17217,0.4821585
17317,0.49811393
17417,0.39809224
17617,0.5092733
17717,0.47756973
17917,0.43347704
18017,0.44034365
18117,0.44272658
18217,0.50531584
18417,0.47318688
18517,0.50122833
18717,0.52109164
18817,0.5180804
19117,0.46805736
19517,0.46731004
19617,0.5433962
19717,0.5011201
19817,0.5842034
20717,0.45467797
20817,0.45453322
20917,0.4387464
21117,0.50499284
21217,0.48339212
21417,0.51442736
21817,0.5082138
22017,0.48230755
22317,0.5386037
22417,0.48252845
22517,0.4866746
22617,0.50002027
22917,0.439368
23017,0.54896617
23217,0.48456204
23317,0.48818177
23617,0.51886415
23717,0.42901978
23817,0.5264769
23917,0.4815401
24117,0.48347953
24217,0.52140236
24417,0.52254885
24517,0.5327024
24617,0.5159969
24717,0.4184141
25317,0.42529157
25417,0.49924898
25817,0.4753617
26017,0.48368844
26117,0.49429393
26217,0.49656263
26317,0.45129386
26417,0.4920079
26617,0.47395715
26717,0.54457325
26817,0.45026264
26917,0.50354445
27017,0.52096874
27317,0.49462858
27417,0.47959068
27517,0.47160867
27917,0.45019034
28017,0.51513195
28117,0.5507526
28317,0.5011765
28417,0.48673233
29017,0.47256038
29117,0.5272698
29317,0.4955869
29617,0.51449585
29717,0.49422354
29817,0.5040461
29917,0.46502566
30017,0.52584195
30117,0.4825117
30317,0.50245523
30417,0.48118848
30717,0.49514887
30817,0.46949014
31117,0.46377373
31217,0.49843273
31617,0.48999125
31717,0.45395565
31817,0.5435912
31917,0.5257954
32017,0.4605436
32117,0.50884557
32817,0.4742088
33017,0.46897754
33117,0.43349746
33517,0.49072972
33717,0.47599742
33817,0.44060463
33917,0.49775988
34017,0.523817
34217,0.47926903
34317,0.45659578
34417,0.43876263
34517,0.514884
34617,0.49791655
34817,0.45088345
35017,0.49821228
35217,0.4904503
35317,0.51226133
35517,0.49651045
35617,0.4648127
35717,0.51456946
35917,0.51072806
36017,0.4880724
36117,0.45343873
36617,0.4631335
37217,0.50427747
37417,0.48363048
37517,0.4929952
37617,0.406254
37717,0.49514073
38117,0.4761587
38217,0.48592156
38317,0.49416548
38417,0.50862426
38617,0.44319108
38817,0.46786165
39117,0.482328
39217,0.44007063
39317,0.4216393
39417,0.49972904
39617,0.5043882
39717,0.39806888
39917,0.49374357
40017,0.57372355
40217,0.47276598
40517,0.49573654
40617,0.46731296
41817,0.5008341
42017,0.4663018
42717,0.51610917
42917,0.4575833
43617,0.47282192
44217,0.47586757
44517,0.5191242
44717,0.5238862
44917,0.5040459
45217,0.5170247
45317,0.48810852
45517,0.490262
45617,0.5298816
46117,0.4942837
46317,0.49427828
46517,0.49155912
46917,0.48714116
47017,0.469634
47117,0.5138213
47217,0.4477155
47317,0.49564382
47617,0.5044656
47717,0.46778047
47817,0.49355435
47917,0.46437964
48217,0.49070492
48617,0.48209846
48717,0.4456573
49117,0.47615862
49217,0.49707687
49617,0.48915598
49717,0.4621616
49917,0.48522356
50117,0.45798126
50317,0.4534876
50417,0.51113135
50617,0.4825129
50817,0.4575415
50917,0.50957215
51017,0.47783986
51217,0.44818193
51617,0.4931876
51817,0.5100225
52017,0.46927723
52117,0.47616056
52517,0.48040158
52617,0.46225265
52717,0.2682471
53217,0.45130956
53317,0.5039814
53417,0.46844026
53617,0.47378826
53917,0.43293387
54117,0.47502366
54217,0.5057236
54317,0.4846672
54417,0.45624724
54617,0.35534555
55017,0.46383318
55217,0.5008215
55417,0.42292157
55517,0.46683612
55617,0.4117603
56217,0.46120068
56517,0.5126237
56717,0.45794237
56817,0.44417104
57017,0.44156194
57117,0.49133542
57217,0.4815277
57317,0.49905297
57517,0.46100834
57917,0.49874544
58017,0.5359145
58217,0.48290202
58317,0.5069107
58517,0.4940614
58917,0.4963271
59117,0.491471
59217,0.49873298
59517,0.4141812
59617,0.45653424
59817,0.48511854
59917,0.51830685
60417,0.41579357
60517,0.53265905
60817,0.4886875
61117,0.5187569
61317,0.5207779
61417,0.4600904
61717,0.5030761
62117,0.46849263
62417,0.54231334
62717,0.49236333
62817,0.51718926
63517,0.49566534
63617,0.47343192
63717,0.5010064
63817,0.45726982
63917,0.526946
64317,0.4943125
64417,0.4890963
18,0.3276725
118,0.3262085
418,0.38938466
618,0.46927756
718,0.502887
1018,0.33649322
1218,0.4203277
1718,0.37497178
2218,0.32798636
2718,0.43148524
2818,0.3782921
2918,0.3678063
3018,0.47351897
3118,0.45655146
3218,0.4672463
3318,0.3865617
3418,0.3741549
3718,0.41024902
4018,0.45963532
4118,0.17958808
4218,0.42547184
4418,0.46264422
4718,0.3453588
4818,0.4327714
4918,0.34802103
5118,0.4735317
5218,0.53503984
5718,0.46921077
5918,0.45592222
6218,0.43905118
6318,0.42806885
6518,0.46277815
6618,0.4969651
6818,0.45951122
6918,0.44396368
7018,0.45935172
7218,0.41925827
7418,0.44876665
7518,0.30581567
7718,0.4142343
7918,0.45838743
8118,0.47949532
8218,0.47328088
8318,0.49191505
8418,0.40961736
8518,0.33741978
8618,0.4062248
8718,0.37779552
8918,0.44688982
9018,0.42216355
9218,0.45577535
9518,0.3964983
9818,0.33879784
9918,0.35997418
10118,0.43939057
10418,0.42946318
10518,0.48673612
10618,0.3074539
10718,0.39612633
10918,0.4531923
11218,0.47745642
11318,0.42817166
11718,0.41709813
11918,0.4583418
12118,0.36455008
12418,0.47207692
12718,0.44788888
12918,0.46240416
13018,0.31089318
13418,0.48019558
13518,0.3969081
13618,0.44845846
13718,0.45166838
13918,0.38414374
14318,0.46144602
14418,0.38020024
15418,0.48390898
15618,0.45935264
15718,0.46197787
15818,0.40190107
15918,0.4606823
16118,0.4466595
16218,0.4857371
16318,0.3907184
16418,0.29654744
16518,0.37140715
16618,0.47905028
17018,0.47782943
17118,0.25977883
17218,0.2893435
17318,0.4183153
17418,0.36178052
17618,0.3962855
17718,0.40695408
17918,0.28861266
18018,0.26985323
18118,0.3727313
18218,0.40662786
18418,0.37484235
18518,0.38019755
18718,0.33058485
18818,0.35128182
19118,0.40089536
19518,0.35746545
19618,0.40994275
19718,0.3639937
19818,0.37059477
20718,0.4342573
20818,0.47115713
20918,0.49057785
21118,0.4396371
21218,0.41674396
21418,0.4553971
21818,0.46318367
22018,0.41806433
22318,0.2993725
22418,0.51040936
22518,0.43864366
22618,0.50885916
22918,0.30795652
23018,0.4056887
23218,0.39608973
23318,0.44421962
23618,0.41905382
23718,0.41285107
23818,0.3683126
23918,0.40625426
24118,0.46359465
24218,0.37129807
24418,0.43845385
24518,0.3941333
24618,0.41894785
24718,0.437776
25318,0.4323393
25418,0.42506066
25818,0.45534912
26018,0.42564493
26118,0.46291056
26218,0.42099443
26318,0.48965886
26418,0.39530787
26618,0.5100596
26718,0.40417743
26818,0.35243762
26918,0.45750335
27018,0.44438022
27318,0.44906902
27418,0.42582428
27518,0.42897078
27918,0.35598904
28018,0.36565042
28118,0.4827549
28318,0.393657
28418,0.47211453
29018,0.47799572
29118,0.43723857
29318,0.46456558
29618,0.3912797
29718,0.4751834
29818,0.49981886
29918,0.5138046
30018,0.44211614
30118,0.40731043
30318,0.49051407
30418,0.47401688
30718,0.42380917
30818,0.4288737
31118,0.435699
31218,0.45917252
31618,0.47317395
31718,0.40299836
31818,0.4189532
31918,0.42460245
32018,0.50827485
32118,0.2465947
32818,0.45917252
33018,0.32792026
33118,0.35658538
33518,0.46556845
33718,0.28033185
33818,0.23386703
33918,0.45130935
34018,0.28017086
34218,0.47032306
34318,0.37341142
34418,0.4355766
34518,0.39364052
34618,0.38511443
34818,0.3771375
35018,0.4840501
35218,0.42883214
35318,0.3608419
35518,0.32254615
35618,0.3974582
35718,0.26747867
35918,0.41562232
36018,0.48137155
36118,0.49441707
36618,0.5278731
37218,0.2983484
37418,0.42387688
37518,0.46321946
37618,0.39730796
37718,0.4829542
38118,0.50918126
38218,0.5153657
38318,0.47286543
38418,0.5048152
38618,0.44236585
38818,0.4697329
39118,0.45067433
39218,0.35158414
39318,0.26844493
39418,0.43812844
39618,0.38637885
39718,0.06887243
39918,0.40752292
40018,0.3997432
40218,0.32491532
40518,0.49315637
40618,0.34900954
41818,0.41548628
42018,0.3160629
42718,0.4316383
42918,0.34459898
43618,0.48102844
44218,0.44944882
44518,0.43515694
44718,0.43432626
44918,0.4463829
45218,0.36234066
45318,0.42254576
45518,0.48895574
45618,0.4568244
46118,0.45738602
46318,0.46269563
46518,0.473033
46918,0.3182237
47018,0.36106214
47118,0.39126801
47218,0.4945225
47318,0.47575974
47618,0.43338478
47718,0.48154992
47818,0.49789155
47918,0.42975387
48218,0.427362
48618,0.44790378
48718,0.21470101
49118,0.45416015
49218,0.45832634
49618,0.44187686
49718,0.24656059
49918,0.43657395
50118,0.28849542
50318,0.43615237
50418,0.3245554
50618,0.38612136
50818,0.38125953
50918,0.33358485
51018,0.478648
51218,0.3495521
51618,0.4756156
51818,0.4442717
52018,0.40646312
52118,0.47187123
52518,0.45948046
52618,0.36880106
52718,0.15154909
53218,0.39658517
53318,0.3770749
53418,0.57062685
53618,0.3887298
53918,0.41809225
54118,0.520288
54218,0.46604034
54318,0.45883012
54418,0.4894931
54618,0.18307668
55018,0.52349967
55218,0.4630439
55418,0.36073714
55518,0.26929763
55618,0.39481106
56218,0.42740822
56518,0.46101838
56718,0.45335487
56818,0.38498357
57018,0.33132616
57118,0.39863476
57218,0.43951088
57318,0.42972422
57518,0.26375556
57918,0.45539564
58018,0.43994477
58218,0.44896007
58318,0.4716945
58518,0.38932207
58918,0.2813128
59118,0.47960877
59218,0.47922513
59518,0.43124804
59618,0.47167864
59818,0.43618885
59918,0.4019886
60418,0.4019005
60518,0.4472779
60818,0.4988467
61118,0.3332024
61318,0.45594206
61418,0.43746108
61718,0.40639243
62118,0.46627674
62418,0.44762456
62718,0.45263624
62818,0.44458
63518,0.45692027
63618,0.5176013
63718,0.41529143
63818,0.49163294
63918,0.40509537
64318,0.43060583
64418,0.47792536
