Id,Probability
0,0.04070889
100,0.04434035
400,0.08621081
600,0.17306873
700,0.06609658
1000,0.13377802
1200,0.17690803
1700,0.03485619
2200,0.09638999
2700,0.023298154
2800,0.2466574
2900,0.18735594
3000,0.14601658
3100,0.23155345
3200,0.23510519
3300,0.20178409
3400,0.20947814
3700,0.13974024
4000,0.18481158
4100,0.020928368
4200,0.23989896
4400,0.25438786
4700,0.1908763
4800,0.1446176
4900,0.30948073
5100,0.2600957
5200,0.1400425
5700,0.19928421
5900,0.10084158
6200,0.1498875
6300,0.06930227
6500,0.096412666
6600,0.07666693
6800,0.17272505
6900,0.16856395
7000,0.22112505
7200,0.10363994
7400,0.2285443
7500,0.1634308
7700,0.22930494
7900,0.11476656
8100,0.22811864
8200,0.23498623
8300,0.19816428
8400,0.20947762
8500,0.18000023
8600,0.21309783
8700,0.14791344
8900,0.2815316
9000,0.20022379
9200,0.21280389
9500,0.20674247
9800,0.21168958
9900,0.19352132
10100,0.16329059
10400,0.13750523
10500,0.09336503
10600,0.20057267
10700,0.07866832
10900,0.08849695
11200,0.22947402
11300,0.2623401
11700,0.3175983
11900,0.071072474
12100,0.19727364
12400,0.19152462
12700,0.1550334
12900,0.20829241
13000,0.27055025
13400,0.08898573
13500,0.13294435
13600,0.110727556
13700,0.14261784
13900,0.34662172
14300,0.066489555
14400,0.26228538
15400,0.21429251
15600,0.08678984
15700,0.21759716
15800,0.21854703
15900,0.15613422
16100,0.18668559
16200,0.16361481
16300,0.25734356
16400,0.024623599
16500,0.07342933
16600,0.2503724
17000,0.112515844
17100,0.019013986
17200,0.03820006
17300,0.16292422
17400,0.10767961
17600,0.18344165
17700,0.12530667
17900,0.025248043
18000,0.018515738
18100,0.072139986
18200,0.045399968
18400,0.09380714
18500,0.054390658
18700,0.021663409
18800,0.23323719
19100,0.15952049
19500,0.22719112
19600,0.1764639
19700,0.21465433
19800,0.05948051
20700,0.20186545
20800,0.25015056
20900,0.24059357
21100,0.19166815
21200,0.24235608
21400,0.2541963
21800,0.14373654
22000,0.12771527
22300,0.14731884
22400,0.1538732
22500,0.04650272
22600,0.09135583
22900,0.07838838
23000,0.09068033
23200,0.17274255
23300,0.17093976
23600,0.1715416
23700,0.25993758
23800,0.12976502
23900,0.24934618
24100,0.21984817
24200,0.21346393
24400,0.15732689
24500,0.19983518
24600,0.08100498
24700,0.1892957
25300,0.1411626
25400,0.2135981
25800,0.21873228
26000,0.19648707
26100,0.26240987
26200,0.16590965
26300,0.10622317
26400,0.16097434
26600,0.05473867
26700,0.2006349
26800,0.315345
26900,0.18719225
27000,0.2731347
27300,0.2037897
27400,0.23607388
27500,0.21732733
27900,0.19737093
28000,0.07031147
28100,0.24192138
28300,0.086970925
28400,0.10956569
29000,0.23717797
29100,0.107065074
29300,0.039231576
29600,0.1344323
29700,0.21081983
29800,0.13147245
29900,0.041583806
30000,0.12988381
30100,0.24058855
30300,0.15099168
30400,0.1429681
30700,0.25561565
30800,0.25547555
31100,0.2864698
31200,0.15784521
31600,0.21140921
31700,0.22907636
31800,0.25414395
31900,0.12230511
32000,0.09536846
32100,0.009621281
32800,0.17969371
33000,0.0676058
33100,0.068689056
33500,0.20782009
33700,0.040477775
33800,0.019762427
33900,0.064331606
34000,0.048261296
34200,0.16684958
34300,0.041551106
34400,0.034143064
34500,0.16338378
34600,0.16977608
34800,0.088162675
35000,0.24959153
35200,0.23960146
35300,0.13157134
35500,0.20189801
35600,0.21809916
35700,0.1749711
35900,0.21858576
36000,0.22365622
36100,0.13336185
36600,0.21017796
37200,0.036956996
37400,0.27323088
37500,0.23676597
37600,0.24215546
37700,0.2011371
38100,0.11053651
38200,0.12934089
38300,0.043082964
38400,0.1521005
38600,0.114829145
38800,0.06229524
39100,0.21787168
39200,0.13166882
39300,0.3001719
39400,0.297929
39600,0.3320269
39700,4.3758526e-05
39900,0.2532214
40000,0.26060468
40200,0.17221196
40500,0.21161608
40600,0.14800248
41800,0.25381953
42000,0.111104116
42700,0.26111993
42900,0.2255107
43600,0.22408944
44200,0.21982814
44500,0.16258542
44700,0.18108876
44900,0.07028051
45200,0.25050905
45300,0.22865082
45500,0.18470271
45600,0.14301157
46100,0.12981805
46300,0.09162791
46500,0.24746382
46900,0.09438719
47000,0.082588226
47100,0.25107506
47200,0.23441304
47300,0.08458895
47600,0.22729959
47700,0.10617723
47800,0.07154318
47900,0.16945836
48200,0.2477067
48600,0.29124582
48700,0.067481756
49100,0.13214932
49200,0.19828679
49600,0.17732182
49700,0.27926242
49900,0.1401217
50100,0.01702372
50300,0.10947571
50400,0.023300128
50600,0.19180565
50800,0.056321237
50900,0.1624683
51000,0.15663818
51200,0.17424
51600,0.19013152
51800,0.20032148
52000,0.13050309
52100,0.23164609
52500,0.20481452
52600,0.26255965
52700,0.024238192
53200,0.25703898
53300,0.32010457
53400,0.13766225
53600,0.20519699
53900,0.2569247
54100,0.12538019
54200,0.18091123
54300,0.14663947
54400,0.1115322
54600,0.03770448
55000,0.10976955
55200,0.24332313
55400,0.2348973
55500,0.13641337
55600,0.08265146
56200,0.19851084
56500,0.23303038
56700,0.26295614
56800,0.24754415
57000,0.12155725
57100,0.21436584
57200,0.24317904
57300,0.17112298
57500,0.09562176
57900,0.2264561
58000,0.2090933
58200,0.20067179
58300,0.10398889
58500,0.22333649
58900,0.12347939
59100,0.22372758
59200,0.24621676
59500,0.16868047
59600,0.2561764
59800,0.19310178
59900,0.22280796
60400,0.2893458
60500,0.13439032
60800,0.088634215
61100,0.14236493
61300,0.23166709
61400,0.25760448
61700,0.044290308
62100,0.18532017
62400,0.058826867
62700,0.14078563
62800,0.18967171
63500,0.22375993
63600,0.19942911
63700,0.123365104
63800,0.10589331
63900,0.17793179
64300,0.110656746
64400,0.15984622
1,0.054888576
101,0.15291849
401,0.78843063
601,0.053918548
701,0.029329853
1001,0.20559423
1201,0.45072496
1701,0.20737857
2201,0.44819373
2701,0.8677974
2801,0.16328394
2901,0.19428615
3001,0.08401115
3101,0.1554504
3201,0.18880302
3301,0.2054114
3401,0.34365198
3701,0.5041897
4001,0.06331385
4101,0.98908675
4201,0.23782022
4401,0.21679197
4701,0.06960771
4801,0.060867812
4901,0.13167499
5101,0.18722242
5201,0.04065701
5701,0.114988975
5901,0.045512788
6201,0.06222168
6301,0.026567973
6501,0.036100853
6601,0.027935842
6801,0.088706635
6901,0.6700268
7001,0.4700829
7201,0.61839414
7401,0.35899526
7501,0.44975007
7701,0.35723996
7901,0.64826715
8101,0.110914
8201,0.29629618
8301,0.21942742
8401,0.14306112
8501,0.21829583
8601,0.29233453
8701,0.29639322
8901,0.19209425
9001,0.33367166
9201,0.3165075
9501,0.31182978
9801,0.2099455
9901,0.1554904
10101,0.29353356
10401,0.039778896
10501,0.03658121
10601,0.41233796
10701,0.028958946
10901,0.026196241
11201,0.29267734
11301,0.45869908
11701,0.36534733
11901,0.031299207
12101,0.19474931
12401,0.10707233
12701,0.04285222
12901,0.15840349
13001,0.101629645
13401,0.033529606
13501,0.10332936
13601,0.044914696
13701,0.06759728
13901,0.13613027
14301,0.03753569
14401,0.3217948
15401,0.17572723
15601,0.03304698
15701,0.12863475
15801,0.1969987
15901,0.45698324
16101,0.21834788
16201,0.090105906
16301,0.18122976
16401,0.0610505
16501,0.76960444
16601,0.23121361
17001,0.04811389
17101,0.24044889
17201,0.14739607
17301,0.42724422
17401,0.38459843
17601,0.2344195
17701,0.09991869
17901,0.19872104
18001,0.13305786
18101,0.7715954
18201,0.78636813
18401,0.6334939
18501,0.5303049
18701,0.86859137
18801,0.26334557
19101,0.14987458
19501,0.21047513
19601,0.47848824
19701,0.28540394
19801,0.7425039
20701,0.12065914
20801,0.21849082
20901,0.15488398
21101,0.07343116
21201,0.21128361
21401,0.18769346
21801,0.043031264
22001,0.07178608
22301,0.099053465
22401,0.053032957
22501,0.029037384
22601,0.03223525
22901,0.79413944
23001,0.6209463
23201,0.43854865
23301,0.5097928
23601,0.41635984
23701,0.26053604
23801,0.54968673
23901,0.10638712
24101,0.12524937
24201,0.18234633
24401,0.5090247
24501,0.29601902
24601,0.709426
24701,0.3351173
25301,0.50636464
25401,0.27048048
25801,0.343095
26001,0.18951482
26101,0.18311451
26201,0.090274714
26301,0.032663472
26401,0.06552566
26601,0.021719946
26701,0.07405308
26801,0.51049894
26901,0.3584925
27001,0.27050698
27301,0.14101748
27401,0.19107252
27501,0.32839304
27901,0.5446272
28001,0.71591455
28101,0.19727607
28301,0.023261642
28401,0.058018822
29001,0.09343864
29101,0.02960487
29301,0.023556363
29601,0.3677121
29701,0.12561792
29801,0.061213825
29901,0.021990923
30001,0.054224096
30101,0.22592178
30301,0.066116
30401,0.05562214
30701,0.20549393
30801,0.18146792
31101,0.27164388
31201,0.084924825
31601,0.19798274
31701,0.2414892
31801,0.17038104
31901,0.07304323
32001,0.057134118
32101,0.08420703
32801,0.06075275
33001,0.1915682
33101,0.1829812
33501,0.08545327
33701,0.26537585
33801,0.17535251
33901,0.7676716
34001,0.6223507
34201,0.63214004
34301,0.38983944
34401,0.7300246
34501,0.61090326
34601,0.49745014
34801,0.74056005
35001,0.26143783
35201,0.33123094
35301,0.043029558
35501,0.20781305
35601,0.15807353
35701,0.23115315
35901,0.26661643
36001,0.20044233
36101,0.07394773
36601,0.20368728
37201,0.4366599
37401,0.116450846
37501,0.23094857
37601,0.3340139
37701,0.1131804
38101,0.054927684
38201,0.072882704
38301,0.021795485
38401,0.06974142
38601,0.081192456
38801,0.07468003
39101,0.29385835
39201,0.7499285
39301,0.56341237
39401,0.3603024
39601,0.15765484
39701,0.9072411
39901,0.20804366
40001,0.22277294
40201,0.25941595
40501,0.27621675
40601,0.25876886
41801,0.25008178
42001,0.33804774
42701,0.12904075
42901,0.32108718
43601,0.22202507
44201,0.12294885
44501,0.4941168
44701,0.07387643
44901,0.039798215
45201,0.27937958
45301,0.123256125
45501,0.099318296
45601,0.063192345
46101,0.08054499
46301,0.043509908
46501,0.2667191
46901,0.29711136
47001,0.69044065
47101,0.25872996
47201,0.1295941
47301,0.037470646
47601,0.17601174
47701,0.046073228
47801,0.04311276
47901,0.35774076
48201,0.17511924
48601,0.17070322
48701,0.77317506
49101,0.0703549
49201,0.1463163
49601,0.34969172
49701,0.58140135
49901,0.06058399
50101,0.17485228
50301,0.6567508
50401,0.8477315
50601,0.62766474
50801,0.7833786
50901,0.5072759
51001,0.49153003
51201,0.7427983
51601,0.41332173
51801,0.1613509
52001,0.44216222
52101,0.19346814
52501,0.25123048
52601,0.3052744
52701,0.41331393
53201,0.20375986
53301,0.22671539
53401,0.5254978
53601,0.11764729
53901,0.23905803
54101,0.039687272
54201,0.053932182
54301,0.076952815
54401,0.050049126
54601,0.57898927
55001,0.07871663
55201,0.5996103
55401,0.51497006
55501,0.4937525
55601,0.5587942
56201,0.36967158
56501,0.10486194
56701,0.20572293
56801,0.2709676
57001,0.42853636
57101,0.23153198
57201,0.18243234
57301,0.39524767
57501,0.29476085
57901,0.14469393
58001,0.18401027
58201,0.2628354
58301,0.65178305
58501,0.13325268
58901,0.52569425
59101,0.18622406
59201,0.28065535
59501,0.5914087
59601,0.21156873
59801,0.27411202
59901,0.20801665
60401,0.4781655
60501,0.54997194
60801,0.040503595
61101,0.5524182
61301,0.122906834
61401,0.24089228
61701,0.044174407
62101,0.14482176
62401,0.024668178
62701,0.08342488
62801,0.088351436
63501,0.20327206
63601,0.09614772
63701,0.056073815
63801,0.058580168
63901,0.27871677
64301,0.04898097
64401,0.12975363
2,0.031229371
102,0.07895115
402,0.30536428
602,0.12036486
702,0.06696083
1002,0.07855707
1202,0.3612733
1702,0.031189926
2202,0.13026443
2702,0.3755879
2802,0.25178447
2902,0.2156815
3002,0.09734218
3102,0.20991936
3202,0.24473
3302,0.23069826
3402,0.19091907
3702,0.29125616
4002,0.12618794
4102,0.7077636
4202,0.29244038
4402,0.28859916
4702,0.20764825
4802,0.13819727
4902,0.23844056
5102,0.17642917
5202,0.15402494
5702,0.19330446
5902,0.18737394
6202,0.12907073
6302,0.08432024
6502,0.1215385
6602,0.11269395
6802,0.17788272
6902,0.38602027
7002,0.4298501
7202,0.28824854
7402,0.23534021
7502,0.2255162
7702,0.23000968
7902,0.37476262
8102,0.14645845
8202,0.23766023
8302,0.18697418
8402,0.19850226
8502,0.14449869
8602,0.13868126
8702,0.1249046
8902,0.18963605
9002,0.24431846
9202,0.2228364
9502,0.28031084
9802,0.17735133
9902,0.18553342
10102,0.2552565
10402,0.15038487
10502,0.094695784
10602,0.3133857
10702,0.06265158
10902,0.10352476
11202,0.23779038
11302,0.48777443
11702,0.40210983
11902,0.07834118
12102,0.21916649
12402,0.24683487
12702,0.17233908
12902,0.23334543
13002,0.31942323
13402,0.0976808
13502,0.21775202
13602,0.10866667
13702,0.12145751
13902,0.30807224
14302,0.07702843
14402,0.36048758
15402,0.23265958
15602,0.11589182
15702,0.23747599
15802,0.20206462
15902,0.15803544
16102,0.24458757
16202,0.13601333
16302,0.17296998
16402,0.032112494
16502,0.0755468
16602,0.26638076
17002,0.10116567
17102,0.04391252
17202,0.05600499
17302,0.24208827
17402,0.13812742
17602,0.23385486
17702,0.1699331
17902,0.027353408
18002,0.014682503
18102,0.38099617
18202,0.32230482
18402,0.22959721
18502,0.12587078
18702,0.20255524
18802,0.24100205
19102,0.25281793
19502,0.17528304
19602,0.35803592
19702,0.22636048
19802,0.25867274
20702,0.19296816
20802,0.32836884
20902,0.18650253
21102,0.12623917
21202,0.3112402
21402,0.296896
21802,0.14447354
22002,0.18039043
22302,0.15425256
22402,0.1286639
22502,0.058638163
22602,0.12182478
22902,0.3336319
23002,0.28868946
23202,0.19957648
23302,0.2279467
23602,0.17463516
23702,0.32969218
23802,0.30969375
23902,0.15323278
24102,0.17000686
24202,0.20518237
24402,0.29119363
24502,0.28219968
24602,0.26822296
24702,0.1673811
25302,0.23901905
25402,0.3143421
25802,0.40998408
26002,0.23093872
26102,0.2577084
26202,0.17345412
26302,0.115086384
26402,0.24004291
26602,0.07535986
26702,0.18003255
26802,0.52668726
26902,0.3069388
27002,0.28612763
27302,0.22244133
27402,0.29972348
27502,0.33493975
27902,0.5073136
28002,0.24969989
28102,0.28324902
28302,0.088763
28402,0.12106455
29002,0.20936275
29102,0.1653206
29302,0.07099381
29602,0.24263065
29702,0.23381016
29802,0.13949995
29902,0.057740282
30002,0.14138651
30102,0.29451787
30302,0.12638418
30402,0.13175678
30702,0.26260442
30802,0.30848953
31102,0.38001147
31202,0.14653558
31602,0.22010295
31702,0.28884917
31802,0.26196623
31902,0.101214975
32002,0.13279584
32102,0.028037794
32802,0.1336982
33002,0.06254484
33102,0.07268223
33502,0.12365668
33702,0.04543564
33802,0.018834254
33902,0.5110699
34002,0.106166035
34202,0.45310938
34302,0.07032458
34402,0.12903301
34502,0.3799728
34602,0.34383932
34802,0.36225373
35002,0.25258493
35202,0.3093537
35302,0.17288992
35502,0.17063485
35602,0.2097639
35702,0.17584814
35902,0.31199867
36002,0.24906868
36102,0.12088958
36602,0.26968738
37202,0.1690382
37402,0.19917668
37502,0.28655595
37602,0.38081175
37702,0.15574746
38102,0.10608156
38202,0.11454061
38302,0.06770342
38402,0.10506123
38602,0.174598
38802,0.12027651
39102,0.2503352
39202,0.39080253
39302,0.50891566
39402,0.4145064
39602,0.21471444
39702,0.004091556
39902,0.21550612
40002,0.29649076
40202,0.18069308
40502,0.2613006
40602,0.119427025
41802,0.35572848
42002,0.20180292
42702,0.20987965
42902,0.27952263
43602,0.30356896
44202,0.18912119
44502,0.38230532
44702,0.13185072
44902,0.11366529
45202,0.3489277
45302,0.23576508
45502,0.1683391
45602,0.121607326
46102,0.22997071
46302,0.10903167
46502,0.3451774
46902,0.08594804
47002,0.30007517
47102,0.33596486
47202,0.20659311
47302,0.08584491
47602,0.2626567
47702,0.10616786
47802,0.07529682
47902,0.1755612
48202,0.2517634
48602,0.23302075
48702,0.08586308
49102,0.16081381
49202,0.1687792
49602,0.26844317
49702,0.54087675
49902,0.12512279
50102,0.01925902
50302,0.3577377
50402,0.14540736
50602,0.5269248
50802,0.34815633
50902,0.34017497
51002,0.2131476
51202,0.6358899
51602,0.30329332
51802,0.18823269
52002,0.23132522
52102,0.23093253
52502,0.26496452
52602,0.36698726
52702,0.471907
53202,0.3229881
53302,0.37793592
53402,0.24980862
53602,0.2609544
53902,0.3687946
54102,0.12543659
54202,0.15780391
54302,0.17569631
54402,0.11576509
54602,0.18519957
55002,0.12159751
55202,0.6021981
55402,0.46270576
55502,0.25174537
55602,0.10640668
56202,0.32568595
56502,0.12942643
56702,0.16974376
56802,0.2837691
57002,0.18388903
57102,0.15638924
57202,0.21790428
57302,0.28184518
57502,0.08823373
57902,0.21256511
58002,0.19380096
58202,0.29056394
58302,0.20556846
58502,0.25398123
58902,0.23361038
59102,0.23918337
59202,0.335879
59502,0.54996747
59602,0.29981473
59802,0.27235332
59902,0.28887266
60402,0.5494218
60502,0.3181783
60802,0.08641952
61102,0.43467987
61302,0.2239145
61402,0.35632032
61702,0.09773416
62102,0.20148058
62402,0.07792555
62702,0.107771024
62802,0.15961201
63502,0.29083386
63602,0.12832873
63702,0.10567256
63802,0.09515545
63902,0.16035746
64302,0.11310913
64402,0.13198893
3,0.15308325
103,0.10882951
403,0.03501743
603,0.107089065
703,0.04207183
1003,0.15916374
1203,0.12027884
1703,0.105496444
2203,0.10537452
2703,0.008652305
2803,0.25547075
2903,0.28096533
3003,0.1312694
3103,0.2276261
3203,0.23782764
3303,0.24167491
3403,0.17099018
3703,0.09442447
4003,0.10989453
4103,0.0040074755
4203,0.23570973
4403,0.23429583
4703,0.13660969
4803,0.11448143
4903,0.18760231
5103,0.14603218
5203,0.09551079
5703,0.22381759
5903,0.105009176
6203,0.100217655
6303,0.032482896
6503,0.08323984
6603,0.050822176
6803,0.17068647
6903,0.111056335
7003,0.13474837
7203,0.118426025
7403,0.15493566
7503,0.1168456
7703,0.18213475
7903,0.080997825
8103,0.2087006
8203,0.1772253
8303,0.175011
8403,0.26354265
8503,0.30749813
8603,0.17040817
8703,0.31966686
8903,0.26877955
9003,0.15003346
9203,0.15187918
9503,0.20598361
9803,0.34472778
9903,0.2813028
10103,0.19131689
10403,0.10643096
10503,0.06177763
10603,0.24943808
10703,0.06521145
10903,0.061183542
11203,0.18490995
11303,0.14789753
11703,0.23105077
11903,0.060423736
12103,0.29989246
12403,0.23236708
12703,0.10404283
12903,0.24884734
13003,0.21655181
13403,0.061640948
13503,0.16283013
13603,0.09151108
13703,0.113596454
13903,0.21958245
14303,0.066228874
14403,0.20801495
15403,0.22124086
15603,0.06007212
15703,0.24696434
15803,0.22621553
15903,0.12510605
16103,0.22341296
16203,0.18436214
16303,0.23171824
16403,0.09426252
16503,0.019301884
16603,0.19402122
17003,0.05581228
17103,0.11018707
17203,0.14015447
17303,0.09710144
17403,0.118846014
17603,0.21031459
17703,0.17286104
17903,0.11178664
18003,0.0755867
18103,0.0325492
18203,0.019944686
18403,0.06519089
18503,0.06956836
18703,0.008902013
18803,0.29470378
19103,0.20722695
19503,0.3125684
19603,0.11384787
19703,0.21319136
19803,0.033799928
20703,0.24491102
20803,0.23871535
20903,0.16052401
21103,0.10389468
21203,0.24445315
21403,0.25077966
21803,0.08963833
22003,0.14969467
22303,0.16384678
22403,0.10662694
22503,0.037314784
22603,0.057911392
22903,0.022014217
23003,0.09216779
23203,0.13504417
23303,0.089393474
23603,0.12540436
23703,0.20966965
23803,0.14535908
23903,0.19255248
24103,0.20716509
24203,0.19474582
24403,0.105390295
24503,0.17471509
24603,0.082357675
24703,0.11693983
25303,0.103386074
25403,0.23505613
25803,0.20747611
26003,0.24524973
26103,0.23091495
26203,0.23067857
26303,0.06449566
26403,0.12485336
26603,0.035055384
26703,0.1956186
26803,0.19460928
26903,0.16247399
27003,0.20216379
27303,0.23571034
27403,0.2378621
27503,0.24211328
27903,0.116854236
28003,0.043237716
28103,0.23522736
28303,0.042875607
28403,0.10908186
29003,0.17597492
29103,0.06506341
29303,0.029323677
29603,0.2206437
29703,0.22122504
29803,0.11662659
29903,0.03506925
30003,0.0884239
30103,0.23340306
30303,0.11985898
30403,0.12852
30703,0.2341598
30803,0.24285844
31103,0.23063694
31203,0.19783458
31603,0.21389902
31703,0.25557783
31803,0.25282237
31903,0.12977159
32003,0.13554749
32103,0.050914545
32803,0.14059195
33003,0.1492083
33103,0.12829432
33503,0.15513411
33703,0.14761098
33803,0.071332015
33903,0.03152314
34003,0.0413285
34203,0.0839392
34303,0.10978703
34403,0.017237687
34503,0.096525654
34603,0.14867564
34803,0.0524124
35003,0.20217617
35203,0.20318772
35303,0.14440924
35503,0.27231348
35603,0.27560613
35703,0.3131371
35903,0.2193372
36003,0.25163606
36103,0.16337669
36603,0.2232275
37203,0.22495472
37403,0.1758899
37503,0.25535256
37603,0.23276724
37703,0.21196261
38103,0.09965413
38203,0.1262315
38303,0.023311574
38403,0.13277912
38603,0.14957312
38803,0.09705557
39103,0.18845971
39203,0.060920898
39303,0.18793482
39403,0.20098719
39603,0.15920863
39703,0.0029080003
39903,0.26434025
40003,0.22166117
40203,0.2785162
40503,0.1944254
40603,0.30839837
41803,0.24233481
42003,0.2400889
42703,0.23453444
42903,0.28543168
43603,0.23237102
44203,0.22881094
44503,0.10342969
44703,0.11259208
44903,0.08037607
45203,0.21430264
45303,0.16802914
45503,0.18688844
45603,0.09888574
46103,0.12187243
46303,0.09208371
46503,0.22675276
46903,0.22748993
47003,0.04621009
47103,0.23237981
47203,0.23006633
47303,0.052957118
47603,0.25984213
47703,0.0766673
47803,0.06866638
47903,0.16375396
48203,0.24926709
48603,0.25526172
48703,0.022438489
49103,0.1643203
49203,0.23287106
49603,0.15026768
49703,0.12930772
49903,0.1541394
50103,0.08592284
50303,0.06836335
50403,0.010219333
50603,0.107949
50803,0.02837745
50903,0.14053851
51003,0.13299201
51203,0.08023075
51603,0.2566579
51803,0.2135641
52003,0.12566833
52103,0.23770617
52503,0.22204378
52603,0.23378943
52703,0.045644727
53203,0.2545636
53303,0.2900183
53403,0.09518288
53603,0.19852263
53903,0.23786528
54103,0.089619726
54203,0.11175379
54303,0.19399726
54403,0.10878998
54603,0.18699522
55003,0.15159838
55203,0.11899071
55403,0.12465878
55503,0.23951504
55603,0.061506
56203,0.16827084
56503,0.17033869
56703,0.24690013
56803,0.17523189
57003,0.28962103
57103,0.26032245
57203,0.1933105
57303,0.14854872
57503,0.24314563
57903,0.22659646
58003,0.268895
58203,0.21248358
58303,0.070033304
58503,0.2725114
58903,0.106669255
59103,0.25466827
59203,0.23518676
59503,0.09116655
59603,0.23030029
59803,0.21813111
59903,0.2426031
60403,0.17898664
60503,0.09096935
60803,0.08140328
61103,0.13383639
61303,0.22338971
61403,0.23739116
61703,0.067414045
62103,0.25950903
62403,0.0392076
62703,0.12795456
62803,0.15838344
63503,0.22933435
63603,0.1784967
63703,0.08257407
63803,0.10254094
63903,0.19434878
64303,0.08797982
64403,0.22489008
4,0.029784799
104,0.04502309
404,0.10134019
604,0.24265285
704,0.057499647
1004,0.033615768
1204,0.226357
1704,0.03125601
2204,0.071500316
2704,0.03519848
2804,0.36439526
2904,0.33314756
3004,0.2237625
3104,0.31420997
3204,0.40295923
3304,0.36002874
3404,0.17943542
3704,0.19254784
4004,0.1854479
4104,0.03922889
4204,0.26204577
4404,0.4059585
4704,0.31598186
4804,0.13831821
4904,0.4225913
5104,0.18561094
5204,0.14345911
5704,0.25015968
5904,0.16257907
6204,0.1307252
6304,0.0694553
6504,0.08934543
6604,0.07820558
6804,0.22221005
6904,0.33901507
7004,0.27822134
7204,0.18631993
7404,0.16342819
7504,0.12005534
7704,0.16101627
7904,0.1681792
8104,0.28142053
8204,0.21561588
8304,0.24575783
8404,0.26545998
8504,0.15335017
8604,0.16152813
8704,0.14244385
8904,0.19983302
9004,0.25237003
9204,0.20489147
9504,0.41749448
9804,0.23949778
9904,0.26913622
10104,0.33595937
10404,0.16264969
10504,0.106703565
10604,0.29794827
10704,0.030212946
10904,0.12821311
11204,0.23544419
11304,0.35928252
11704,0.41605303
11904,0.064922996
12104,0.35831288
12404,0.35111353
12704,0.21593422
12904,0.41474923
13004,0.36085412
13404,0.099038914
13504,0.23760463
13604,0.08677645
13704,0.16988643
13904,0.3152507
14304,0.060542133
14404,0.5064918
15404,0.434764
15604,0.09006017
15704,0.38196704
15804,0.2688319
15904,0.11005236
16104,0.35363427
16204,0.23456433
16304,0.18216355
16404,0.017264592
16504,0.02139752
16604,0.290927
17004,0.11189469
17104,0.019844241
17204,0.0410801
17304,0.09095637
17404,0.07776766
17604,0.36024457
17704,0.19622368
17904,0.025227241
18004,0.012229133
18104,0.0989435
18204,0.05279319
18404,0.09930639
18504,0.03292137
18704,0.031572882
18804,0.25804564
19104,0.3157395
19504,0.20759939
19604,0.24254082
19704,0.24900089
19804,0.09350409
20704,0.31235683
20804,0.45273718
20904,0.21581435
21104,0.20690322
21204,0.35920477
21404,0.41563082
21804,0.15531868
22004,0.18751162
22304,0.09335046
22404,0.16094123
22504,0.03957426
22604,0.08834793
22904,0.18446311
23004,0.24225704
23204,0.13558063
23304,0.0815644
23604,0.17386265
23704,0.36783174
23804,0.25545236
23904,0.22906311
24104,0.2451351
24204,0.41041008
24404,0.24829316
24504,0.30505064
24604,0.13089402
24704,0.15938596
25304,0.18414822
25404,0.32441637
25804,0.34949273
26004,0.43991423
26104,0.30701336
26204,0.24328186
26304,0.10640038
26404,0.17887335
26604,0.049891334
26704,0.28821677
26804,0.39115453
26904,0.29808187
27004,0.22706309
27304,0.37784386
27404,0.42013872
27504,0.28163227
27904,0.2801855
28004,0.111764364
28104,0.4829214
28304,0.07397663
28404,0.1261865
29004,0.34409598
29104,0.1192421
29304,0.028868746
29604,0.23141502
29704,0.38776886
29804,0.15962929
29904,0.02571174
30004,0.12024506
30104,0.50481534
30304,0.14432229
30404,0.18281798
30704,0.5003811
30804,0.4379655
31104,0.5019649
31204,0.26649076
31604,0.27842584
31704,0.5045941
31804,0.45188594
31904,0.17175072
32004,0.14308703
32104,0.025521498
32804,0.20791037
33004,0.036309436
33104,0.030022042
33504,0.30642524
33704,0.044668723
33804,0.01335832
33904,0.1250092
34004,0.03622716
34204,0.1865533
34304,0.038513515
34404,0.019766364
34504,0.19947897
34604,0.23658964
34804,0.11393618
35004,0.26306024
35204,0.2823158
35304,0.25548786
35504,0.262639
35604,0.29197064
35704,0.24585102
35904,0.401647
36004,0.41355923
36104,0.2003372
36604,0.4662521
37204,0.1193203
37404,0.29856703
37504,0.32297525
37604,0.42431447
37704,0.30817962
38104,0.10620118
38204,0.13924961
38304,0.02244822
38404,0.18311818
38604,0.15691088
38804,0.11017628
39104,0.25626546
39204,0.2397806
39304,0.35909364
39404,0.42284372
39604,0.23425223
39704,0.00019933438
39904,0.28136706
40004,0.37625784
40204,0.26495928
40504,0.24662736
40604,0.15968652
41804,0.47442967
42004,0.17912026
42704,0.36527044
42904,0.3999932
43604,0.45273048
44204,0.35000566
44504,0.21305513
44704,0.22905903
44904,0.07543248
45204,0.30918494
45304,0.20010115
45504,0.29688856
45604,0.16556603
46104,0.19410051
46304,0.11431971
46504,0.49878597
46904,0.09313109
47004,0.097750396
47104,0.4724944
47204,0.40204987
47304,0.07900864
47604,0.39743513
47704,0.10490326
47804,0.06478364
47904,0.15623237
48204,0.40734702
48604,0.26985806
48704,0.021853741
49104,0.2368056
49204,0.31700295
49604,0.21718933
49704,0.37814483
49904,0.19054607
50104,0.015817879
50304,0.14255802
50404,0.022932632
50604,0.25744984
50804,0.09142705
50904,0.20813698
51004,0.1658398
51204,0.17576835
51604,0.30552548
51804,0.2657471
52004,0.18960439
52104,0.33657065
52504,0.30282432
52604,0.5147953
52704,0.066683516
53204,0.34455848
53304,0.44062838
53404,0.13694385
53604,0.24029887
53904,0.4499094
54104,0.13997975
54204,0.21072182
54304,0.25777218
54404,0.12155428
54604,0.114138514
55004,0.1340666
55204,0.27437255
55404,0.2898524
55504,0.27360222
55604,0.07302564
56204,0.2823637
56504,0.2799715
56704,0.17198549
56804,0.33440086
57004,0.23148562
57104,0.29116726
57204,0.24217246
57304,0.22484651
57504,0.102955505
57904,0.38087264
58004,0.3037616
58204,0.3340967
58304,0.097858764
58504,0.31580287
58904,0.16447254
59104,0.44882643
59204,0.48979068
59504,0.22116517
59604,0.51564705
59804,0.3510779
59904,0.39127213
60404,0.3626682
60504,0.17144191
60804,0.079556026
61104,0.25679213
61304,0.42680568
61404,0.48400426
61704,0.062372334
62104,0.347202
62404,0.0400204
62704,0.15840596
62804,0.21904372
63504,0.46295074
63604,0.25694993
63704,0.11215303
63804,0.112178236
63904,0.22409841
64304,0.10315072
64404,0.25433755
5,0.039459266
105,0.05620223
405,0.10112119
605,0.17438784
705,0.09879494
1005,0.07755739
1205,0.16793466
1705,0.051836073
2205,0.086164266
2705,0.09986581
2805,0.1894741
2905,0.2780692
3005,0.16722219
3105,0.17060834
3205,0.1736902
3305,0.24823943
3405,0.12406125
3705,0.1318351
4005,0.18016481
4105,0.18205725
4205,0.17862916
4405,0.23218462
4705,0.2754653
4805,0.17733361
4905,0.33906865
5105,0.20835666
5205,0.19681354
5705,0.20474824
5905,0.22310108
6205,0.17094482
6305,0.105871454
6505,0.1407733
6605,0.12035683
6805,0.18917058
6905,0.19717544
7005,0.27925918
7205,0.107041836
7405,0.1681403
7505,0.15211213
7705,0.15914035
7905,0.16428047
8105,0.17251027
8205,0.15578309
8305,0.11308026
8405,0.18396273
8505,0.1655928
8605,0.10381815
8705,0.17953123
8905,0.20143463
9005,0.17466645
9205,0.15679422
9505,0.18707237
9805,0.28295833
9905,0.21773571
10105,0.16065298
10405,0.16511697
10505,0.12212381
10605,0.28826845
10705,0.1843556
10905,0.15158999
11205,0.17740998
11305,0.3108352
11705,0.2645655
11905,0.10869716
12105,0.2275492
12405,0.23246914
12705,0.219608
12905,0.1968073
13005,0.3372755
13405,0.12144803
13505,0.25790974
13605,0.1389573
13705,0.13475972
13905,0.34875
14305,0.0920191
14405,0.28531414
15405,0.20878759
15605,0.12457218
15705,0.1892535
15805,0.1529674
15905,0.09432275
16105,0.1758797
16205,0.17977373
16305,0.1750726
16405,0.029040113
16505,0.05521586
16605,0.17579025
17005,0.10712637
17105,0.032051235
17205,0.060943466
17305,0.10532637
17405,0.113975935
17605,0.15979536
17705,0.21567218
17905,0.05184401
18005,0.030167963
18105,0.105453394
18205,0.09369606
18405,0.09081121
18505,0.047224436
18705,0.042559758
18805,0.24670482
19105,0.23001628
19505,0.25728667
19605,0.15836559
19705,0.20357952
19805,0.07533296
20705,0.17149228
20805,0.25908664
20905,0.1745937
21105,0.16427335
21205,0.22012153
21405,0.3203469
21805,0.17215064
22005,0.1917137
22305,0.23760508
22405,0.16357987
22505,0.076011054
22605,0.13598531
22905,0.0886245
23005,0.14512697
23205,0.14257686
23305,0.122230135
23605,0.12514931
23705,0.18944068
23805,0.21262643
23905,0.12770912
24105,0.14023337
24205,0.18718281
24405,0.17129262
24505,0.20739114
24605,0.17932247
24705,0.112606175
25305,0.13489148
25405,0.20407571
25805,0.37713796
26005,0.18723
26105,0.24485508
26205,0.18180063
26305,0.13965568
26405,0.25496444
26605,0.09845782
26705,0.2413411
26805,0.26305354
26905,0.18064596
27005,0.21871763
27305,0.19508484
27405,0.19970703
27505,0.20117655
27905,0.29813474
28005,0.09618272
28105,0.25642958
28305,0.13431539
28405,0.13430434
29005,0.24641065
29105,0.16320029
29305,0.07263219
29605,0.15711541
29705,0.24845134
29805,0.1565238
29905,0.080811754
30005,0.15743113
30105,0.24964061
30305,0.14557965
30405,0.15154535
30705,0.24804203
30805,0.24852051
31105,0.31863663
31205,0.16405202
31605,0.18878652
31705,0.22429742
31805,0.24779537
31905,0.1477396
32005,0.15640451
32105,0.025633153
32805,0.18366006
33005,0.066921376
33105,0.07506062
33505,0.16768377
33705,0.0841993
33805,0.03458012
33905,0.22098549
34005,0.038608354
34205,0.23952764
34305,0.083893724
34405,0.03410248
34505,0.22882405
34605,0.2149176
34805,0.14432433
35005,0.15525925
35205,0.18534686
35305,0.25634626
35505,0.17712179
35605,0.17728259
35705,0.21065183
35905,0.21409339
36005,0.1930159
36105,0.16083808
36605,0.23991437
37205,0.17939942
37405,0.24066162
37505,0.1886219
37605,0.37614897
37705,0.17272076
38105,0.11928987
38205,0.13634557
38305,0.072197884
38405,0.16049072
38605,0.2021738
38805,0.1661484
39105,0.19723569
39205,0.14830555
39305,0.20423147
39405,0.30189243
39605,0.26930612
39705,0.0033733356
39905,0.19275422
40005,0.21501271
40205,0.29252425
40505,0.14893731
40605,0.18675208
41805,0.25146547
42005,0.28139806
42705,0.22341724
42905,0.2519491
43605,0.2027585
44205,0.2025892
44505,0.15518606
44705,0.17974922
44905,0.12072567
45205,0.21307081
45305,0.27764818
45505,0.15973267
45605,0.14736241
46105,0.21032926
46305,0.1496546
46505,0.27007353
46905,0.12860006
47005,0.11404826
47105,0.31307566
47205,0.20812006
47305,0.110715896
47605,0.2220692
47705,0.12992412
47805,0.09325409
47905,0.08538759
48205,0.19519545
48605,0.22105215
48705,0.041928895
49105,0.18754886
49205,0.1404912
49605,0.11764098
49705,0.20749341
49905,0.15715319
50105,0.03497767
50305,0.1532772
50405,0.04057366
50605,0.3372304
50805,0.12198282
50905,0.19358765
51005,0.1451692
51205,0.43367815
51605,0.19230634
51805,0.16362786
52005,0.120999515
52105,0.18135136
52505,0.17253439
52605,0.33344638
52705,0.20499954
53205,0.2580001
53305,0.27855885
53405,0.15647143
53605,0.23567797
53905,0.32930502
54105,0.16562474
54205,0.1947773
54305,0.21156737
54405,0.13957539
54605,0.18858613
55005,0.13336577
55205,0.43492955
55405,0.2231975
55505,0.29539776
55605,0.09196795
56205,0.1835185
56505,0.14180252
56705,0.15449242
56805,0.21459389
57005,0.24678686
57105,0.17674033
57205,0.14168417
57305,0.14202002
57505,0.18674123
57905,0.16553695
58005,0.20710467
58205,0.2759254
58305,0.102897376
58505,0.22860098
58905,0.16523069
59105,0.23603845
59205,0.24462022
59505,0.34118995
59605,0.28126895
59805,0.19401136
59905,0.21667176
60405,0.41953114
60505,0.120189846
60805,0.11126839
61105,0.21033491
61305,0.25584143
61405,0.29472902
61705,0.123603985
62105,0.18090923
62405,0.11237238
62705,0.13021299
62805,0.18355842
63505,0.23883191
63605,0.121750645
63705,0.12897937
63805,0.11593087
63905,0.11020255
64305,0.14214781
64405,0.13223125
6,0.051633757
106,0.062055536
406,0.14327186
606,0.33680922
706,0.11437408
1006,0.056272194
1206,0.19755657
1706,0.127724
2206,0.18743505
2706,0.04288926
2806,0.33448258
2906,0.27776453
3006,0.29748186
3106,0.38478518
3206,0.39409247
3306,0.30629224
3406,0.14908521
3706,0.17211542
4006,0.27503294
4106,0.056355514
4206,0.29557773
4406,0.3805969
4706,0.41836962
4806,0.15244915
4906,0.391327
5106,0.23973581
5206,0.28248456
5706,0.42883402
5906,0.2330397
6206,0.3214085
6306,0.14903311
6506,0.20799299
6606,0.21648136
6806,0.44007024
6906,0.2967133
7006,0.19305216
7206,0.19608694
7406,0.2267286
7506,0.17651899
7706,0.17388643
7906,0.10760307
8106,0.32786062
8206,0.2069432
8306,0.2636119
8406,0.2586521
8506,0.22905734
8606,0.16781074
8706,0.27516693
8906,0.22732715
9006,0.20938526
9206,0.16673297
9506,0.37539762
9806,0.42089352
9906,0.48485103
10106,0.2994604
10406,0.22886479
10506,0.15587108
10606,0.3819044
10706,0.1046953
10906,0.28320122
11206,0.20752458
11306,0.2550571
11706,0.46832916
11906,0.10768816
12106,0.3695037
12406,0.3715565
12706,0.32028684
12906,0.47447443
13006,0.4727384
13406,0.15477458
13506,0.24765798
13606,0.17723942
13706,0.29577598
13906,0.4290748
14306,0.16194804
14406,0.49250677
15406,0.45965764
15606,0.17334707
15706,0.41215548
15806,0.28069463
15906,0.12789468
16106,0.35233384
16206,0.36594978
16306,0.1829587
16406,0.027416758
16506,0.057324912
16606,0.2878986
17006,0.13925718
17106,0.042192936
17206,0.054613434
17306,0.09463956
17406,0.12988096
17606,0.34826177
17706,0.17048502
17906,0.11463296
18006,0.063017584
18106,0.067300595
18206,0.07355345
18406,0.124574885
18506,0.12070214
18706,0.028896412
18806,0.3100205
19106,0.30361578
19506,0.24714546
19606,0.19026504
19706,0.24630105
19806,0.06567109
20706,0.29945147
20806,0.4476841
20906,0.24726164
21106,0.33905625
21206,0.41540435
21406,0.5860987
21806,0.24381502
22006,0.27357367
22306,0.21273562
22406,0.317492
22506,0.098985165
22606,0.23514055
22906,0.12044312
23006,0.19964916
23206,0.21702206
23306,0.1459065
23606,0.1885606
23706,0.34233087
23806,0.2152403
23906,0.18077399
24106,0.28369376
24206,0.35121498
24406,0.19034316
24506,0.26420873
24606,0.111649364
24706,0.14438449
25306,0.22012122
25406,0.35329235
25806,0.42663544
26006,0.43067718
26106,0.309919
26206,0.2934346
26306,0.15291663
26406,0.4510964
26606,0.13495906
26706,0.41173366
26806,0.2675197
26906,0.23888321
27006,0.21467908
27306,0.38965803
27406,0.40850246
27506,0.34554455
27906,0.19115476
28006,0.085308425
28106,0.49616793
28306,0.159565
28406,0.2739471
29006,0.4177329
29106,0.23601118
29306,0.07418526
29606,0.3068421
29706,0.5116196
29806,0.31691334
29906,0.07062413
30006,0.29878518
30106,0.49289644
30306,0.20198208
30406,0.27007654
30706,0.47275686
30806,0.40884447
31106,0.4998253
31206,0.36241657
31606,0.31752315
31706,0.4745611
31806,0.4668576
31906,0.23993778
32006,0.17795461
32106,0.0667605
32806,0.29374793
33006,0.062291704
33106,0.053572495
33506,0.3455372
33706,0.17927687
33806,0.044016067
33906,0.09041523
34006,0.08091282
34206,0.17994155
34306,0.15228371
34406,0.045039598
34506,0.20268649
34606,0.22110234
34806,0.12746091
35006,0.25125957
35206,0.2564541
35306,0.49138722
35506,0.2633717
35606,0.2879386
35706,0.36248493
35906,0.39754108
36006,0.43149924
36106,0.2724638
36606,0.46859178
37206,0.13111138
37406,0.3333567
37506,0.36001244
37606,0.43587783
37706,0.3710145
38106,0.18336365
38206,0.26690784
38306,0.096291564
38406,0.3212116
38606,0.18916917
38806,0.16480437
39106,0.24342632
39206,0.20344077
39306,0.2484112
39406,0.37783885
39606,0.26343235
39706,0.0016162243
39906,0.2454217
40006,0.35943264
40206,0.26176628
40506,0.2411063
40606,0.32100388
41806,0.4758285
42006,0.4389051
42706,0.43535954
42906,0.32760936
43606,0.49839324
44206,0.39520267
44506,0.16988245
44706,0.31092703
44906,0.18747057
45206,0.33858165
45306,0.30949053
45506,0.37773833
45606,0.24271706
46106,0.38713685
46306,0.23286177
46506,0.49819997
46906,0.17170566
47006,0.065680504
47106,0.48004636
47206,0.4121478
47306,0.14111488
47606,0.41721806
47706,0.15234636
47806,0.11509879
47906,0.17875889
48206,0.41414627
48606,0.2617183
48706,0.051782805
49106,0.3016941
49206,0.35501152
49606,0.21073988
49706,0.2027535
49906,0.23925994
50106,0.058577366
50306,0.14543244
50406,0.042178586
50606,0.26448578
50806,0.08704515
50906,0.19674455
51006,0.23098943
51206,0.23207827
51606,0.4100526
51806,0.3190257
52006,0.15440066
52106,0.33651948
52506,0.31586787
52606,0.48172122
52706,0.62527955
53206,0.42228627
53306,0.5087191
53406,0.16955867
53606,0.3504687
53906,0.57207716
54106,0.26805764
54206,0.35007483
54306,0.3641997
54406,0.23885606
54606,0.11472574
55006,0.18833084
55206,0.27340394
55406,0.19029078
55506,0.25395128
55606,0.13372596
56206,0.23907529
56506,0.3115973
56706,0.20443529
56806,0.31484902
57006,0.33457363
57106,0.3150554
57206,0.22779994
57306,0.25063527
57506,0.27230978
57906,0.36958462
58006,0.41691142
58206,0.35821912
58306,0.08480346
58506,0.30789673
58906,0.15701124
59106,0.49283567
59206,0.47144568
59506,0.17315225
59606,0.4845721
59806,0.3390834
59906,0.40350413
60406,0.32506174
60506,0.13163958
60806,0.17656289
61106,0.17244922
61306,0.46780917
61406,0.4887919
61706,0.10410266
62106,0.486008
62406,0.12041341
62706,0.30519015
62806,0.31080687
63506,0.46795306
63606,0.3040535
63706,0.16923134
63806,0.1954851
63906,0.23417579
64306,0.15371075
64406,0.32539982
7,0.021994384
107,0.02384051
407,0.5229864
607,0.16587238
707,0.077366985
1007,0.035971396
1207,0.20611218
1707,0.02280349
2207,0.18366633
2707,0.041279346
2807,0.29620752
2907,0.17674309
3007,0.122925356
3107,0.30805114
3207,0.3285155
3307,0.27933508
3407,0.1983336
3707,0.14815953
4007,0.19102412
4107,0.12427143
4207,0.30001828
4407,0.3129404
4707,0.21755612
4807,0.18024689
4907,0.21211147
5107,0.19218802
5207,0.18329525
5707,0.27981916
5907,0.120836526
6207,0.15206148
6307,0.061935
6507,0.1338885
6607,0.095117815
6807,0.2917749
6907,0.6854209
7007,0.19906609
7207,0.34433773
7407,0.1973667
7507,0.11490888
7707,0.22985981
7907,0.13001809
8107,0.18233952
8207,0.1987355
8307,0.19679183
8407,0.25947335
8507,0.1290593
8607,0.16680218
8707,0.118431605
8907,0.19946209
9007,0.18408434
9207,0.14991741
9507,0.3170524
9807,0.20907082
9907,0.22568773
10107,0.2641378
10407,0.19944116
10507,0.11233803
10607,0.33535245
10707,0.053884447
10907,0.13111259
11207,0.18505737
11307,0.35604364
11707,0.51126766
11907,0.09783688
12107,0.2771808
12407,0.23137057
12707,0.17002642
12907,0.33400276
13007,0.27323422
13407,0.10799082
13507,0.1310005
13607,0.15391222
13707,0.24240805
13907,0.28941497
14307,0.10116729
14407,0.44262722
15407,0.3112343
15607,0.10081268
15707,0.3398723
15807,0.24747682
15907,0.16298151
16107,0.2848716
16207,0.23667571
16307,0.10356512
16407,0.010723319
16507,0.08744208
16607,0.2718199
17007,0.1281327
17107,0.016868241
17207,0.019214505
17307,0.15645021
17407,0.114385575
17607,0.2945966
17707,0.119618945
17907,0.012550929
18007,0.007998418
18107,0.12377985
18207,0.07746408
18407,0.17702298
18507,0.08698236
18707,0.025689138
18807,0.2526697
19107,0.17625466
19507,0.15502682
19607,0.251717
19707,0.19645017
19807,0.075931095
20707,0.34577218
20807,0.30862686
20907,0.21640803
21107,0.1723725
21207,0.32926145
21407,0.30960983
21807,0.18486159
22007,0.18895358
22307,0.103652805
22407,0.15559544
22507,0.061816942
22607,0.10725927
22907,0.8255671
23007,0.22558096
23207,0.20231038
23307,0.21900193
23607,0.1123657
23707,0.3124492
23807,0.16630667
23907,0.26667243
24107,0.23445848
24207,0.23048495
24407,0.14314857
24507,0.223674
24607,0.10571396
24707,0.11266787
25307,0.22248721
25407,0.26487586
25807,0.263289
26007,0.3258444
26107,0.2325081
26207,0.34242377
26307,0.13385399
26407,0.1514461
26607,0.06459834
26707,0.23702645
26807,0.4208805
26907,0.23011655
27007,0.22066723
27307,0.28453478
27407,0.32925075
27507,0.31619018
27907,0.24382243
28007,0.07927546
28107,0.339926
28307,0.08070847
28407,0.14759308
29007,0.22081317
29107,0.12814485
29307,0.057478733
29607,0.37096363
29707,0.262469
29807,0.15233016
29907,0.06386127
30007,0.1582117
30107,0.3440717
30307,0.16360928
30407,0.20818987
30707,0.3557515
30807,0.3125413
31107,0.34354496
31207,0.29406226
31607,0.25212324
31707,0.37333092
31807,0.33727592
31907,0.14970772
32007,0.16467595
32107,0.013185381
32807,0.20478728
33007,0.039015405
33107,0.03299614
33507,0.19921482
33707,0.02924634
33807,0.0092426175
33907,0.13967218
34007,0.09118876
34207,0.27233267
34307,0.04332819
34407,0.035902243
34507,0.24767381
34607,0.20797917
34807,0.20021224
35007,0.27982444
35207,0.25474188
35307,0.18410401
35507,0.17587698
35607,0.23913479
35707,0.19565868
35907,0.33312985
36007,0.37401068
36107,0.19672003
36607,0.28810087
37207,0.026604107
37407,0.25315753
37507,0.3163107
37607,0.29592794
37707,0.24206352
38107,0.11951174
38207,0.18067507
38307,0.049466725
38407,0.16300774
38607,0.12211348
38807,0.08402113
39107,0.21155834
39207,0.7365762
39307,0.5877857
39407,0.36302495
39607,0.25076097
39707,3.3411445e-05
39907,0.24270451
40007,0.31619737
40207,0.143403
40507,0.26212955
40607,0.17875826
41807,0.3607218
42007,0.1871683
42707,0.31534702
42907,0.28782
43607,0.41260126
44207,0.25624704
44507,0.18860017
44707,0.16657165
44907,0.10682301
45207,0.25853774
45307,0.19223459
45507,0.27520832
45607,0.1620886
46107,0.2407514
46307,0.11942429
46507,0.37651637
46907,0.1197926
47007,0.077657714
47107,0.2845588
47207,0.2985162
47307,0.080816716
47607,0.3057061
47707,0.098800726
47807,0.084382355
47907,0.20055494
48207,0.3438932
48607,0.21206851
48707,0.07608756
49107,0.21354812
49207,0.2667882
49607,0.29448
49707,0.44907922
49907,0.19838722
50107,0.009676548
50307,0.1812847
50407,0.030759497
50607,0.2981854
50807,0.08061745
50907,0.25597337
51007,0.18106858
51207,0.30105087
51607,0.5048733
51807,0.19729382
52007,0.20352845
52107,0.28168663
52507,0.31021082
52607,0.33532804
52707,0.07867705
53207,0.28544348
53307,0.4133644
53407,0.21171321
53607,0.16905487
53907,0.3424526
54107,0.14054854
54207,0.18501537
54307,0.22105952
54407,0.1603059
54607,0.052601837
55007,0.16029212
55207,0.29408747
55407,0.29482877
55507,0.18244728
55607,0.076066844
56207,0.22124465
56507,0.21859114
56707,0.18706462
56807,0.25913364
57007,0.18001248
57107,0.20088649
57207,0.24272959
57307,0.31647682
57507,0.10333841
57907,0.34151658
58007,0.2641697
58207,0.2143477
58307,0.08527966
58507,0.20436127
58907,0.13490258
59107,0.3251878
59207,0.40053663
59507,0.21638063
59607,0.33672312
59807,0.29362127
59907,0.29495764
60407,0.33549067
60507,0.15474643
60807,0.12481707
61107,0.16701049
61307,0.26768237
61407,0.33238262
61707,0.06622563
62107,0.35773072
62407,0.06434477
62707,0.18786143
62807,0.20094627
63507,0.30842668
63607,0.30158037
63707,0.13080972
63807,0.122213535
63907,0.20813605
64307,0.12170236
64407,0.2802426
8,0.037925437
108,0.04618993
408,0.1083108
608,0.3063632
708,0.08793299
1008,0.15333948
1208,0.4488
1708,0.049627226
2208,0.32823342
2708,0.4565245
2808,0.39987487
2908,0.31796902
3008,0.2955936
3108,0.32197526
3208,0.41949072
3308,0.38582265
3408,0.4205025
3708,0.41161326
4008,0.26041314
4108,0.066370495
4208,0.39898044
4408,0.47018698
4708,0.4007672
4808,0.19977203
4908,0.4642669
5108,0.4244817
5208,0.1784598
5708,0.3076241
5908,0.21610369
6208,0.16932614
6308,0.10531077
6508,0.13885553
6608,0.10753281
6808,0.3038122
6908,0.35340285
7008,0.5382981
7208,0.31812078
7408,0.32769746
7508,0.3964241
7708,0.39589673
7908,0.4675468
8108,0.45669612
8208,0.4589035
8308,0.36034805
8408,0.37284675
8508,0.33596346
8608,0.33341187
8708,0.37757397
8908,0.39725706
9008,0.47507036
9208,0.5119437
9508,0.37898508
9808,0.28002974
9908,0.35840967
10108,0.43222716
10408,0.20237172
10508,0.141299
10608,0.39855286
10708,0.06851384
10908,0.15177026
11208,0.49013394
11308,0.53244895
11708,0.39944476
11908,0.10428021
12108,0.42891312
12408,0.4147407
12708,0.26914743
12908,0.425331
13008,0.4919106
13408,0.14119081
13508,0.29045874
13608,0.15371972
13708,0.19704187
13908,0.41685417
14308,0.08566896
14408,0.47201097
15408,0.449535
15608,0.123895526
15708,0.45389506
15808,0.42198122
15908,0.37038398
16108,0.40743658
16208,0.3057763
16308,0.2916794
16408,0.021508457
16508,0.0707434
16608,0.40112138
17008,0.15449603
17108,0.052574065
17208,0.058833815
17308,0.2896523
17408,0.21434121
17608,0.41414514
17708,0.22315826
17908,0.056204554
18008,0.024044681
18108,0.33398905
18208,0.38770238
18408,0.31154382
18508,0.25445497
18708,0.24374272
18808,0.3994137
19108,0.36685193
19508,0.3406504
19608,0.43366927
19708,0.41718215
19808,0.36061773
20708,0.3596043
20808,0.4926721
20908,0.38905907
21108,0.25565124
21208,0.35159272
21408,0.4519986
21808,0.22812408
22008,0.26070693
22308,0.24921185
22408,0.21321404
22508,0.058173105
22608,0.12941253
22908,0.23742497
23008,0.38858646
23208,0.31538108
23308,0.2610396
23608,0.33590102
23708,0.4116843
23808,0.43075907
23908,0.32644835
24108,0.36359063
24208,0.43762928
24408,0.45162725
24508,0.46208954
24608,0.41497862
24708,0.42402714
25308,0.28629825
25408,0.3909555
25808,0.5257472
26008,0.4225872
26108,0.52733386
26208,0.3598871
26308,0.1322612
26408,0.30393964
26608,0.0853388
26708,0.36557263
26808,0.44441956
26908,0.4499087
27008,0.53489935
27308,0.38569745
27408,0.43136743
27508,0.36778474
27908,0.5688926
28008,0.32112765
28108,0.4736741
28308,0.13650365
28408,0.13473529
29008,0.45421717
29108,0.1701721
29308,0.06124102
29608,0.32268348
29708,0.42228344
29808,0.1958384
29908,0.05658068
30008,0.14258286
30108,0.47443932
30308,0.19131702
30408,0.22828156
30708,0.49813667
30808,0.48472485
31108,0.51921546
31208,0.3380076
31608,0.43626556
31708,0.47366023
31808,0.50238734
31908,0.21062545
32008,0.21032864
32108,0.012217532
32808,0.25771955
33008,0.11078485
33108,0.098825775
33508,0.37727937
33708,0.10189429
33808,0.03828872
33908,0.6153054
34008,0.24606317
34208,0.5116521
34308,0.27406868
34408,0.20583755
34508,0.44215688
34608,0.46980754
34808,0.3812413
35008,0.39293668
35208,0.4078296
35308,0.30128294
35508,0.35770375
35608,0.43921682
35708,0.34119532
35908,0.43101525
36008,0.43538687
36108,0.2215301
36608,0.4549473
37208,0.15124968
37408,0.3763735
37508,0.3829451
37608,0.457636
37708,0.34191725
38108,0.13793087
38208,0.18057667
38308,0.046061803
38408,0.2113447
38608,0.21619532
38808,0.22047998
39108,0.45731863
39208,0.29261002
39308,0.32607478
39408,0.49399012
39608,0.42192712
39708,0.0005567486
39908,0.4307179
40008,0.43633854
40208,0.2993826
40508,0.39812303
40608,0.24942529
41808,0.48570603
42008,0.157709
42708,0.39764374
42908,0.3747714
43608,0.41541615
44208,0.4532351
44508,0.4652834
44708,0.27123576
44908,0.11713018
45208,0.45425946
45308,0.31123683
45508,0.32069376
45608,0.19772771
46108,0.32700965
46308,0.14271376
46508,0.45531297
46908,0.2560809
47008,0.40220004
47108,0.51116735
47208,0.44864637
47308,0.119423024
47608,0.4738278
47708,0.15237331
47808,0.10090537
47908,0.32351813
48208,0.44173497
48608,0.39116088
48708,0.09774487
49108,0.27967015
49208,0.31375375
49608,0.3066219
49708,0.48494798
49908,0.20825806
50108,0.03251478
50308,0.44075912
50408,0.12946811
50608,0.50169456
50808,0.3324952
50908,0.4687187
51008,0.38902283
51208,0.49474254
51608,0.3537181
51808,0.43732598
52008,0.34098002
52108,0.4347715
52508,0.3813208
52608,0.4598369
52708,0.033220723
53208,0.37674364
53308,0.42970455
53408,0.2788559
53608,0.31180656
53908,0.4612401
54108,0.19974044
54208,0.2789353
54308,0.28735337
54408,0.15452366
54608,0.17794015
55008,0.1785759
55208,0.5230962
55408,0.48393768
55508,0.26959303
55608,0.25372508
56208,0.44261393
56508,0.37227148
56708,0.36736417
56808,0.48934475
57008,0.32832763
57108,0.37806866
57208,0.41110814
57308,0.31495234
57508,0.17758435
57908,0.37473512
58008,0.43771943
58208,0.50313133
58308,0.33273017
58508,0.4208908
58908,0.3656365
59108,0.46575254
59208,0.48606727
59508,0.6342546
59608,0.5140976
59808,0.41166508
59908,0.39735335
60408,0.561221
60508,0.43612355
60808,0.11811895
61108,0.51177335
61308,0.49762753
61408,0.49976078
61708,0.15469511
62108,0.31707752
62408,0.07033352
62708,0.19111133
62808,0.27829096
63508,0.47449344
63608,0.24248914
63708,0.15472783
63808,0.14422406
63908,0.29628164
64308,0.13032399
64408,0.25601518
9,0.114172965
109,0.081782825
409,0.11946471
609,0.37635008
709,0.29185334
1009,0.13838103
1209,0.2183591
1709,0.12071129
2209,0.20606416
2709,0.10138455
2809,0.36128166
2909,0.34484765
3009,0.37642354
3109,0.33015934
3209,0.3219301
3309,0.37322828
3409,0.18911335
3709,0.20138544
4009,0.31486732
4109,0.07396792
4209,0.24505953
4409,0.41081896
4709,0.39313185
4809,0.29561412
4909,0.41601193
5109,0.26702607
5209,0.3265664
5709,0.37504354
5909,0.301167
6209,0.27923933
6309,0.32254165
6509,0.28577718
6609,0.26115316
6809,0.34990072
6909,0.35277545
7009,0.3290203
7209,0.16342361
7409,0.20853783
7509,0.15064003
7709,0.24310197
7909,0.17861487
8109,0.31562313
8209,0.2359948
8309,0.22932377
8409,0.34351468
8509,0.32785848
8609,0.18166032
8709,0.30106857
8909,0.32817683
9009,0.2679178
9209,0.22864068
9509,0.33117104
9809,0.3613928
9909,0.37593618
10109,0.3045463
10409,0.31449687
10509,0.3251437
10609,0.32221633
10709,0.21235365
10909,0.36966583
11209,0.25638932
11309,0.46582282
11709,0.43492034
11909,0.28901777
12109,0.41570595
12409,0.40008023
12709,0.3885044
12909,0.3948032
13009,0.444306
13409,0.33481157
13509,0.26757348
13609,0.2466903
13709,0.26633993
13909,0.38519284
14309,0.26751357
14409,0.5042715
15409,0.38702106
15609,0.31078136
15709,0.39834788
15809,0.30485508
15909,0.151934
16109,0.31027183
16209,0.34907782
16309,0.255246
16409,0.05720956
16509,0.027910005
16609,0.24188551
17009,0.30233663
17109,0.08697693
17209,0.131486
17309,0.13840893
17409,0.11294821
17609,0.31044698
17709,0.27817306
17909,0.11681112
18009,0.078276
18109,0.12478419
18209,0.14655963
18409,0.18977779
18509,0.14020312
18709,0.04579755
18809,0.35983098
19109,0.33829603
19509,0.29348218
19609,0.2493976
19709,0.28800476
19809,0.09396187
20709,0.3713247
20809,0.41108584
20909,0.27052718
21109,0.34343717
21209,0.33354646
21409,0.41950667
21809,0.31347618
22009,0.28276587
22309,0.35398212
22409,0.33297202
22509,0.2204277
22609,0.26885933
22909,0.15470545
23009,0.22761635
23209,0.17547753
23309,0.1610611
23609,0.23310208
23709,0.30051538
23809,0.28906327
23909,0.2781509
24109,0.30735952
24209,0.32223427
24409,0.27088445
24509,0.29989108
24609,0.19834481
24709,0.18613409
25309,0.18010546
25409,0.28578675
25809,0.5130993
26009,0.3913265
26109,0.34153026
26209,0.36127415
26309,0.29338247
26409,0.3609948
26609,0.2737709
26709,0.39384234
26809,0.4550446
26909,0.27626887
27009,0.29943055
27309,0.35524145
27409,0.38691717
27509,0.3034438
27909,0.37159207
28009,0.13474533
28109,0.43971905
28309,0.3429962
28409,0.31840247
29009,0.40021893
29109,0.31559512
29309,0.20434256
29609,0.21816897
29709,0.4163613
29809,0.33850446
29909,0.14444382
30009,0.27614376
30109,0.4449723
30309,0.27579066
30409,0.33763364
30709,0.44152957
30809,0.4344282
31109,0.48388767
31209,0.3706414
31609,0.28140756
31709,0.4425473
31809,0.42389888
31909,0.35103056
32009,0.29342097
32109,0.052477174
32809,0.33679968
33009,0.11690781
33109,0.10186116
33509,0.35201928
33709,0.16807699
33809,0.0747402
33909,0.25303137
34009,0.08930239
34209,0.35272622
34309,0.18491064
34409,0.054329015
34509,0.35042915
34609,0.3528175
34809,0.24411401
35009,0.23916183
35209,0.2492147
35309,0.4539428
35509,0.29700786
35609,0.33597535
35709,0.32536903
35909,0.36204204
36009,0.3907107
36109,0.36761203
36609,0.41660753
37209,0.14692064
37409,0.3656259
37509,0.30335766
37609,0.4765448
37709,0.3659131
38109,0.28364694
38209,0.2701982
38309,0.1767044
38409,0.3372262
38609,0.29556215
38809,0.20846099
39109,0.29285735
39209,0.23318236
39309,0.30817068
39409,0.4364774
39609,0.28843796
39709,0.0032134661
39909,0.31293914
40009,0.3298587
40209,0.2993805
40509,0.23899056
40609,0.3032496
41809,0.4270724
42009,0.32669193
42709,0.35249338
42909,0.3222609
43609,0.4190503
44209,0.37333873
44509,0.20465891
44709,0.34999233
44909,0.28377774
45209,0.2704805
45309,0.34106493
45509,0.32746267
45609,0.30790716
46109,0.32131964
46309,0.31215283
46509,0.44905722
46909,0.22629781
47009,0.121587284
47109,0.46150705
47209,0.37230137
47309,0.29237404
47609,0.41411597
47709,0.31529295
47809,0.2969687
47909,0.17346886
48209,0.36495918
48609,0.3111311
48709,0.03493829
49109,0.3604351
49209,0.33230376
49609,0.1744637
49709,0.39260337
49909,0.31688622
50109,0.07651229
50309,0.27641222
50409,0.04816004
50609,0.4578837
50809,0.15486413
50909,0.32638827
51009,0.2983821
51209,0.50614476
51609,0.32169485
51809,0.2875186
52009,0.2118368
52109,0.30962333
52509,0.2725903
52609,0.49506465
52709,0.25855216
53209,0.3222087
53309,0.4301762
53409,0.20310532
53609,0.2974291
53909,0.44933498
54109,0.3584819
54209,0.36135998
54309,0.39272794
54409,0.32459155
54609,0.11189265
55009,0.29918125
55209,0.5262947
55409,0.2992376
55509,0.27729914
55609,0.10626544
56209,0.2641527
56509,0.28857595
56709,0.25282082
56809,0.33819196
57009,0.34655276
57109,0.3214609
57209,0.2515269
57309,0.21331024
57509,0.2287527
57909,0.34606338
58009,0.3739737
58209,0.38486975
58309,0.11564791
58509,0.39502755
58909,0.15873845
59109,0.40816113
59209,0.4530268
59509,0.4001482
59609,0.46324554
59809,0.32735047
59909,0.35064486
60409,0.5856898
60509,0.16010109
60809,0.2597217
61109,0.2241975
61309,0.414426
61409,0.4816253
61709,0.15223172
62109,0.38494176
62409,0.27762103
62709,0.2976469
62809,0.34349978
63509,0.40354654
63609,0.2829515
63709,0.2779941
63809,0.30104873
63909,0.22849302
64309,0.30161056
64409,0.34261692
10,0.057024788
110,0.090493806
410,0.5207219
610,0.33975163
710,0.11386045
1010,0.16592339
1210,0.48415977
1710,0.053335704
2210,0.4993829
2710,0.10573315
2810,0.50773823
2910,0.4092258
3010,0.4217431
3110,0.47005567
3210,0.54269207
3310,0.500185
3410,0.4523611
3710,0.42148376
4010,0.29429162
4110,0.046356257
4210,0.34038356
4410,0.48659247
4710,0.43952125
4810,0.22339192
4910,0.5264555
5110,0.20305023
5210,0.2194965
5710,0.41476372
5910,0.29710233
6210,0.20583008
6310,0.11990707
6510,0.19022748
6610,0.15243517
6810,0.36052492
6910,0.40279835
7010,0.3770101
7210,0.3054994
7410,0.3244589
7510,0.28983206
7710,0.4268151
7910,0.19281644
8110,0.40595144
8210,0.31063896
8310,0.31788367
8410,0.41406256
8510,0.38188335
8610,0.3294193
8710,0.3203516
8910,0.38737443
9010,0.32925367
9210,0.23022123
9510,0.60244364
9810,0.37520996
9910,0.43024084
10110,0.51661175
10410,0.23452668
10510,0.17452477
10610,0.3596654
10710,0.029065091
10910,0.2102032
11210,0.3041604
11310,0.5102627
11710,0.4719609
11910,0.10631335
12110,0.54006565
12410,0.5006828
12710,0.3183859
12910,0.56191283
13010,0.47493494
13410,0.1899779
13510,0.3790666
13610,0.12088201
13710,0.21241769
13910,0.41065702
14310,0.15736988
14410,0.58316934
15410,0.5854224
15610,0.16675703
15710,0.5049869
15810,0.45672548
15910,0.38139778
16110,0.49586058
16210,0.4060689
16310,0.32857937
16410,0.033379205
16510,0.6402887
16610,0.45347226
17010,0.16423024
17110,0.17473562
17210,0.0782834
17310,0.4437545
17410,0.6407895
17610,0.5414245
17710,0.3467014
17910,0.046233647
18010,0.018421415
18110,0.25217864
18210,0.2319414
18410,0.5129664
18510,0.38953924
18710,0.10301204
18810,0.4777633
19110,0.5633482
19510,0.4642303
19610,0.5662092
19710,0.50998724
19810,0.21599784
20710,0.43612522
20810,0.5716191
20910,0.3434425
21110,0.30967396
21210,0.48429808
21410,0.50943804
21810,0.23078486
22010,0.25874504
22310,0.118625484
22410,0.28406012
22510,0.09981595
22610,0.16116641
22910,0.21358201
23010,0.5383364
23210,0.29945233
23310,0.25992107
23610,0.22198719
23710,0.4920998
23810,0.56184083
23910,0.33354563
24110,0.46485963
24210,0.52053845
24410,0.33697194
24510,0.43338433
24610,0.31186104
24710,0.2304522
25310,0.7257743
25410,0.4773818
25810,0.5504
26010,0.58653307
26110,0.46517336
26210,0.34247977
26310,0.1569951
26410,0.3224134
26610,0.11187889
26710,0.46303365
26810,0.40232834
26910,0.4420185
27010,0.3524695
27310,0.50825816
27410,0.5259324
27510,0.43404454
27910,0.39451787
28010,0.17034821
28110,0.6011013
28310,0.12270412
28410,0.24508104
29010,0.5025716
29110,0.20901445
29310,0.080319166
29610,0.33804932
29710,0.563658
29810,0.29437315
29910,0.053376216
30010,0.20445475
30110,0.6096505
30310,0.19493745
30410,0.2632853
30710,0.60897493
30810,0.5009278
31110,0.5879605
31210,0.41382197
31610,0.48526084
31710,0.61099946
31810,0.5858003
31910,0.32817948
32010,0.22594576
32110,0.026124485
32810,0.2891582
33010,0.13896862
33110,0.18124202
33510,0.4390822
33710,0.10979828
33810,0.028533781
33910,0.37168133
34010,0.42166895
34210,0.49018294
34310,0.1686424
34410,0.19743374
34510,0.4514409
34610,0.3398174
34810,0.5954647
35010,0.38704333
35210,0.34897774
35310,0.42537826
35510,0.47765398
35610,0.47831783
35710,0.5303365
35910,0.53763646
36010,0.56389606
36110,0.3321494
36610,0.63234556
37210,0.21178575
37410,0.44675812
37510,0.4383792
37610,0.5597376
37710,0.45463923
38110,0.1895577
38210,0.19903973
38310,0.06488152
38410,0.33075646
38610,0.33595845
38810,0.25176778
39110,0.38515908
39210,0.3073503
39310,0.2496418
39410,0.54330504
39610,0.29743436
39710,0.0037960857
39910,0.48742932
40010,0.48632675
40210,0.45545936
40510,0.41550517
40610,0.4571721
41810,0.59941393
42010,0.39405915
42710,0.49134567
42910,0.48682898
43610,0.6498549
44210,0.5140457
44510,0.35621238
44710,0.34472913
44910,0.16570388
45210,0.38697955
45310,0.2912146
45510,0.42772973
45610,0.26687694
46110,0.3044141
46310,0.23599651
46510,0.6300111
46910,0.4451497
47010,0.1821823
47110,0.594957
47210,0.56399477
47310,0.13719797
47610,0.5067493
47710,0.17075792
47810,0.1321229
47910,0.4167628
48210,0.55333483
48610,0.4883803
48710,0.7036768
49110,0.3414101
49210,0.46983886
49610,0.609185
49710,0.3714787
49910,0.24966195
50110,0.039470155
50310,0.40369433
50410,0.09346704
50610,0.4320699
50810,0.17761749
50910,0.6233516
51010,0.37327814
51210,0.36808756
51610,0.38384145
51810,0.37559977
52010,0.65433025
52110,0.4588561
52510,0.44194317
52610,0.5944243
52710,0.04182916
53210,0.4651397
53310,0.5400207
53410,0.27157593
53610,0.40003866
53910,0.5506016
54110,0.28687102
54210,0.33312303
54310,0.37149638
54410,0.24044882
54610,0.16864814
55010,0.25688136
55210,0.40045264
55410,0.36177197
55510,0.47700265
55610,0.36387777
56210,0.3630961
56510,0.3830255
56710,0.3301004
56810,0.47249982
57010,0.45948598
57110,0.43366224
57210,0.40672237
57310,0.49551758
57510,0.2916182
57910,0.48598167
58010,0.48138762
58210,0.49381644
58310,0.1263723
58510,0.44401556
58910,0.25452834
59110,0.58348316
59210,0.5864154
59510,0.37123984
59610,0.6182854
59810,0.4923249
59910,0.5412494
60410,0.5494432
60510,0.3085145
60810,0.16537222
61110,0.30038783
61310,0.5632449
61410,0.5901997
61710,0.17743781
62110,0.58800304
62410,0.08782535
62710,0.27143854
62810,0.3365449
63510,0.60358095
63610,0.38907996
63710,0.20126711
63810,0.2100294
63910,0.5232239
64310,0.20493785
64410,0.46024206
11,0.13253255
111,0.24974515
411,0.57883716
611,0.14450164
711,0.10881476
1011,0.14732781
1211,0.24799646
1711,0.10365218
2211,0.092348665
2711,0.032706797
2811,0.19911274
2911,0.1902235
3011,0.14374156
3111,0.26377425
3211,0.2673803
3311,0.25306565
3411,0.1756727
3711,0.20330495
4011,0.17782663
4111,0.09818427
4211,0.235954
4411,0.23821561
4711,0.17651756
4811,0.18874536
4911,0.29514682
5111,0.18714549
5211,0.15990846
5711,0.26231056
5911,0.14502056
6211,0.18289533
6311,0.08218487
6511,0.14823273
6611,0.113162614
6811,0.19097586
6911,0.35112503
7011,0.20345327
7211,0.21736403
7411,0.369463
7511,0.36701664
7711,0.16308844
7911,0.13720632
8111,0.13769318
8211,0.17330089
8311,0.16282967
8411,0.22358252
8511,0.16606852
8611,0.13362761
8711,0.15160526
8911,0.14561939
9011,0.1673743
9211,0.14328137
9511,0.24201263
9811,0.17106599
9911,0.15552731
10111,0.21926866
10411,0.14415821
10511,0.12164631
10611,0.3004861
10711,0.15286349
10911,0.10344893
11211,0.17071335
11311,0.21609382
11711,0.30995914
11911,0.10975478
12111,0.2225429
12411,0.16710924
12711,0.1534439
12911,0.23733428
13011,0.25291923
13411,0.105467945
13511,0.17599328
13611,0.16592422
13711,0.19832107
13911,0.36800343
14311,0.109532624
14411,0.2311757
15411,0.23950356
15611,0.10547092
15711,0.22304264
15811,0.18539247
15911,0.13394563
16111,0.2537619
16211,0.20647633
16311,0.22979407
16411,0.15428022
16511,0.87249446
16611,0.24176937
17011,0.13040555
17111,0.15004058
17211,0.16716193
17311,0.23953865
17411,0.38705802
17611,0.24159874
17711,0.1815036
17911,0.07082205
18011,0.07209333
18111,0.14700007
18211,0.06322963
18411,0.11454261
18511,0.06445053
18711,0.061790235
18811,0.21297884
19111,0.23290022
19511,0.1970164
19611,0.20562838
19711,0.19009669
19811,0.13599999
20711,0.21808189
20811,0.26273656
20911,0.21564654
21111,0.15813546
21211,0.29976246
21411,0.23295845
21811,0.16308868
22011,0.17344452
22311,0.26272348
22411,0.14843413
22511,0.10159649
22611,0.13463025
22911,0.3897961
23011,0.2284993
23211,0.38146082
23311,0.46373427
23611,0.11493067
23711,0.23998632
23811,0.21247639
23911,0.16666059
24111,0.17292368
24211,0.19136736
24411,0.16533668
24511,0.20981333
24611,0.16131812
24711,0.10474231
25311,0.43093365
25411,0.23265018
25811,0.13459039
26011,0.23961827
26111,0.18865626
26211,0.2298582
26311,0.12617622
26411,0.2215222
26611,0.08605382
26711,0.19032179
26811,0.29632074
26911,0.21195382
27011,0.17696626
27311,0.20283853
27411,0.24520676
27511,0.25913993
27911,0.19095948
28011,0.10837794
28111,0.24202903
28311,0.10160436
28411,0.16233027
29011,0.15649834
29111,0.12213654
29311,0.09618029
29611,0.35051093
29711,0.1992378
29811,0.16866171
29911,0.1047198
30011,0.17071903
30111,0.23138411
30311,0.17775573
30411,0.16285855
30711,0.22337404
30811,0.22905539
31111,0.23292911
31211,0.18480873
31611,0.20451955
31711,0.22768717
31811,0.21839218
31911,0.15135665
32011,0.19478516
32111,0.12476642
32811,0.17095964
33011,0.1779061
33111,0.22006121
33511,0.15350676
33711,0.08299441
33811,0.080762886
33911,0.13776523
34011,0.11586524
34211,0.1505862
34311,0.05774675
34411,0.055398133
34511,0.15649943
34611,0.14808598
34811,0.16647218
35011,0.21803226
35211,0.20734891
35311,0.14319722
35511,0.19375384
35611,0.16157454
35711,0.18007898
35911,0.2591923
36011,0.23771545
36111,0.1711975
36611,0.24654073
37211,0.2915173
37411,0.253169
37511,0.25416854
37611,0.21829839
37711,0.21352617
38111,0.16176356
38211,0.20391744
38311,0.10009902
38411,0.17882806
38611,0.1727155
38811,0.15918928
39111,0.18996103
39211,0.37149575
39311,0.4044072
39411,0.28957844
39611,0.31787983
39711,0.49811888
39911,0.18708587
40011,0.24784186
40211,0.20551282
40511,0.20522197
40611,0.18954436
41811,0.24593295
42011,0.19094007
42711,0.24815772
42911,0.3076025
43611,0.26705617
44211,0.16284676
44511,0.21122512
44711,0.17657581
44911,0.11382889
45211,0.30383325
45311,0.24301425
45511,0.2113189
45611,0.16657609
46111,0.16494353
46311,0.13805285
46511,0.23153183
46911,0.16812022
47011,0.09764529
47111,0.21319151
47211,0.19303773
47311,0.113118425
47611,0.21749325
47711,0.12108756
47811,0.11207274
47911,0.14597593
48211,0.24399453
48611,0.20741242
48711,0.84463817
49111,0.1552366
49211,0.22880718
49611,0.31506157
49711,0.36981463
49911,0.15244518
50111,0.08803668
50311,0.1107993
50411,0.06328102
50611,0.17577961
50811,0.0789978
50911,0.15192573
51011,0.11170575
51211,0.16226456
51611,0.3167412
51811,0.16662027
52011,0.18657522
52111,0.23228528
52511,0.2387833
52611,0.24815424
52711,0.07549606
53211,0.32694316
53311,0.3470132
53411,0.3915154
53611,0.2546941
53911,0.23593837
54111,0.12097127
54211,0.17275614
54311,0.20098744
54411,0.1389774
54611,0.31667352
55011,0.1590689
55211,0.18546993
55411,0.2297977
55511,0.25228143
55611,0.36002123
56211,0.20209715
56511,0.15945636
56711,0.15727797
56811,0.21825224
57011,0.16932538
57111,0.19129567
57211,0.18811648
57311,0.257118
57511,0.17139897
57911,0.23439385
58011,0.18147251
58211,0.18384479
58311,0.116130784
58511,0.16676152
58911,0.23626703
59111,0.22611386
59211,0.2340641
59511,0.15645477
59611,0.23321502
59811,0.23537236
59911,0.27699137
60411,0.21063963
60511,0.16218726
60811,0.13450149
61111,0.17308295
61311,0.17395899
61411,0.23793012
61711,0.15619615
62111,0.22838837
62411,0.11193701
62711,0.20271228
62811,0.1914229
63511,0.23880981
63611,0.20416129
63711,0.18105301
63811,0.12912904
63911,0.17212433
64311,0.13664807
64411,0.22291653
12,0.049127165
112,0.075579725
412,0.68798363
612,0.15890862
712,0.10021393
1012,0.09667532
1212,0.17503762
1712,0.032523923
2212,0.14993796
2712,0.022403322
2812,0.21647881
2912,0.24482305
3012,0.22001025
3112,0.26257876
3212,0.25447124
3312,0.26823425
3412,0.1971504
3712,0.14162624
4012,0.1437024
4112,0.2615347
4212,0.23814331
4412,0.23616537
4712,0.18385811
4812,0.10037708
4912,0.2099897
5112,0.1646835
5212,0.14123224
5712,0.21964096
5912,0.09312863
6212,0.13189135
6312,0.084028706
6512,0.11151652
6612,0.09490309
6812,0.1813162
6912,0.5223733
7012,0.1371812
7212,0.32231855
7412,0.21269783
7512,0.17296533
7712,0.22940786
7912,0.118206196
8112,0.17750171
8212,0.19237585
8312,0.19536951
8412,0.1903147
8512,0.18991645
8612,0.1762299
8712,0.1276737
8912,0.23813348
9012,0.15539025
9212,0.13918184
9512,0.2441235
9812,0.1949556
9912,0.19610427
10112,0.21561788
10412,0.093122594
10512,0.109849885
10612,0.3233773
10712,0.100109935
10912,0.124569975
11212,0.18653566
11312,0.16185755
11712,0.31687695
11912,0.08082974
12112,0.25532895
12412,0.1794047
12712,0.17138745
12912,0.23775516
13012,0.25932267
13412,0.13095744
13512,0.1245572
13612,0.09636066
13712,0.104659125
13912,0.27670598
14312,0.09853039
14412,0.24695088
15412,0.22492537
15612,0.11108954
15712,0.21316789
15812,0.24694878
15912,0.16906472
16112,0.2395398
16212,0.16512598
16312,0.1565333
16412,0.036780022
16512,0.112230726
16612,0.20364054
17012,0.12983803
17112,0.060737107
17212,0.067379065
17312,0.1511575
17412,0.15351601
17612,0.24055958
17712,0.112434044
17912,0.023049762
18012,0.016282845
18112,0.10751993
18212,0.049157683
18412,0.12373033
18512,0.08535326
18712,0.032662302
18812,0.24986765
19112,0.16943473
19512,0.19872023
19612,0.17641456
19712,0.21189182
19812,0.07853017
20712,0.17456368
20812,0.19762047
20912,0.18866502
21112,0.14388554
21212,0.22896777
21412,0.21871293
21812,0.13572592
22012,0.103560045
22312,0.16890879
22412,0.12677875
22512,0.09483247
22612,0.09936138
22912,0.8251283
23012,0.2258106
23212,0.19163388
23312,0.14003995
23612,0.1464427
23712,0.19146872
23812,0.15964197
23912,0.15680936
24112,0.22009793
24212,0.20330752
24412,0.13267297
24512,0.15726444
24612,0.10291764
24712,0.14987312
25312,0.24116264
25412,0.20548767
25812,0.12252286
26012,0.22914775
26112,0.17494738
26212,0.15077455
26312,0.076949105
26412,0.21628387
26612,0.07765258
26712,0.20898317
26812,0.21975224
26912,0.20025577
27012,0.16651413
27312,0.1978395
27412,0.21897744
27512,0.23671995
27912,0.10196562
28012,0.08200887
28112,0.21601696
28312,0.10877288
28412,0.15449174
29012,0.19815075
29112,0.12198362
29312,0.08970329
29612,0.32203108
29712,0.25046355
29812,0.13740842
29912,0.059635054
30012,0.13601936
30112,0.21425001
30312,0.10026143
30412,0.110974826
30712,0.25275493
30812,0.20848985
31112,0.1931317
31212,0.14714105
31612,0.22094822
31712,0.24142553
31812,0.22709823
31912,0.18127872
32012,0.095310844
32112,0.022907915
32812,0.11001265
33012,0.07638246
33112,0.09375154
33512,0.17424834
33712,0.0502993
33812,0.02257842
33912,0.075062096
34012,0.0841837
34212,0.1157685
34312,0.062414736
34412,0.042991176
34512,0.1315101
34612,0.13410501
34812,0.12743478
35012,0.23040524
35212,0.2482644
35312,0.17915659
35512,0.22379245
35612,0.21281956
35712,0.2276044
35912,0.23517603
36012,0.2585352
36112,0.13108674
36612,0.20249104
37212,0.11536013
37412,0.22753452
37512,0.24619205
37612,0.19059166
37712,0.20284148
38112,0.12116892
38212,0.112042345
38312,0.08035923
38412,0.14533438
38612,0.10448303
38812,0.10538295
39112,0.17786767
39212,0.64667
39312,0.52216256
39412,0.18557854
39612,0.16351369
39712,0.0027217073
39912,0.2419264
40012,0.21089317
40212,0.22076668
40512,0.22999524
40612,0.18948282
41812,0.20674133
42012,0.22917041
42712,0.2541717
42912,0.28639638
43612,0.24956447
44212,0.20407608
44512,0.15246908
44712,0.15711789
44912,0.099758185
45212,0.20328775
45312,0.22525418
45512,0.18943027
45612,0.15064205
46112,0.20180449
46312,0.12884566
46512,0.22003013
46912,0.14324762
47012,0.08464267
47112,0.17524666
47212,0.22904898
47312,0.09883959
47612,0.21719086
47712,0.11515211
47812,0.092700064
47912,0.22020552
48212,0.24855559
48612,0.26849186
48712,0.14152418
49112,0.11956537
49212,0.22255826
49612,0.22654484
49712,0.25439954
49912,0.09099807
50112,0.023516811
50312,0.102602154
50412,0.038551502
50612,0.12717901
50812,0.06842592
50912,0.1324742
51012,0.15069157
51212,0.10065051
51612,0.46138346
51812,0.19274476
52012,0.19331679
52112,0.2363895
52512,0.2507291
52612,0.21398263
52712,0.09575046
53212,0.24073677
53312,0.28471124
53412,0.17316341
53612,0.18742214
53912,0.19535905
54112,0.12751193
54212,0.15290226
54312,0.1519273
54412,0.13696095
54612,0.23948148
55012,0.12308399
55212,0.12591778
55412,0.15677708
55512,0.22325426
55612,0.12364988
56212,0.17856893
56512,0.20196357
56712,0.19330126
56812,0.19356543
57012,0.21565211
57112,0.23272999
57212,0.21156752
57312,0.24461201
57512,0.13047662
57912,0.23618665
58012,0.21475504
58212,0.14502963
58312,0.10282147
58512,0.1946095
58912,0.15756407
59112,0.23167063
59212,0.2450215
59512,0.08118187
59612,0.20219521
59812,0.24751155
59912,0.22126429
60412,0.1350431
60512,0.15368125
60812,0.100597784
61112,0.13632557
61312,0.21554832
61412,0.18353254
61712,0.075604156
62112,0.29102087
62412,0.12390295
62712,0.13877238
62812,0.15829618
63512,0.20626724
63612,0.20528157
63712,0.1431614
63812,0.10492316
63912,0.25516543
64312,0.0955591
64412,0.23939191
13,0.026064752
113,0.045379225
413,0.07002522
613,0.13156337
713,0.039908193
1013,0.02308582
1213,0.17271283
1713,0.055259462
2213,0.07824298
2713,0.03560629
2813,0.2511608
2913,0.29266432
3013,0.1168959
3113,0.15702777
3213,0.19928575
3313,0.28876415
3413,0.13201885
3713,0.16961075
4013,0.1302224
4113,0.014583737
4213,0.18401769
4413,0.24094065
4713,0.23207584
4813,0.104411714
4913,0.2535343
5113,0.22534125
5213,0.10608176
5713,0.14454408
5913,0.12419669
6213,0.11818352
6313,0.044634167
6513,0.06942539
6613,0.06368449
6813,0.14687511
6913,0.15141256
7013,0.24169508
7213,0.12618206
7413,0.17983565
7513,0.1397522
7713,0.11820495
7913,0.15588275
8113,0.17036021
8213,0.18098618
8313,0.14104141
8413,0.200089
8513,0.12815548
8613,0.07006305
8713,0.1448479
8913,0.15774006
9013,0.15434751
9213,0.15564586
9513,0.24759212
9813,0.22860102
9913,0.21727586
10113,0.215347
10413,0.08463124
10513,0.053877518
10613,0.29192013
10713,0.03494786
10913,0.109907195
11213,0.18110405
11313,0.23186456
11713,0.22020645
11913,0.044991706
12113,0.26931244
12413,0.23341966
12713,0.12400415
12913,0.19949223
13013,0.2397341
13413,0.058656074
13513,0.22536649
13613,0.06533782
13713,0.09389639
13913,0.2059921
14313,0.055467725
14413,0.25306448
15413,0.22544396
15613,0.068066254
15713,0.17890245
15813,0.17000824
15913,0.085060574
16113,0.20426823
16213,0.115157194
16313,0.13656366
16413,0.015533386
16513,0.047315434
16613,0.16531578
17013,0.05461914
17113,0.017849306
17213,0.03851386
17313,0.058136113
17413,0.08723891
17613,0.2167872
17713,0.1846437
17913,0.04105507
18013,0.026810905
18113,0.06855827
18213,0.053508233
18413,0.083304755
18513,0.024164898
18713,0.024459252
18813,0.20918019
19113,0.25196344
19513,0.19766381
19613,0.17792758
19713,0.2013428
19813,0.091737926
20713,0.183126
20813,0.27606615
20913,0.22543883
21113,0.15431501
21213,0.1892796
21413,0.25903958
21813,0.1021105
22013,0.16887641
22313,0.11449041
22413,0.11168105
22513,0.03075609
22613,0.07106256
22913,0.05064882
23013,0.14613704
23213,0.16695671
23313,0.115371786
23613,0.110396735
23713,0.20787281
23813,0.19036867
23913,0.14641567
24113,0.14906225
24213,0.18158937
24413,0.20268404
24513,0.18978913
24613,0.122819796
24713,0.112739466
25313,0.1447515
25413,0.21423301
25813,0.29876766
26013,0.25133166
26113,0.21798399
26213,0.138065
26313,0.060332723
26413,0.15104793
26613,0.04683227
26713,0.17192903
26813,0.24213392
26913,0.21955669
27013,0.19522786
27313,0.23406062
27413,0.2239825
27513,0.1964511
27913,0.21874942
28013,0.08682002
28113,0.2468193
28313,0.054374006
28413,0.07624645
29013,0.19871725
29113,0.078661926
29313,0.023991216
29613,0.13327706
29713,0.21992934
29813,0.10162329
29913,0.03325705
30013,0.09436064
30113,0.26037598
30313,0.11068383
30413,0.10218703
30713,0.2542104
30813,0.24580519
31113,0.30607238
31213,0.13631234
31613,0.17567739
31713,0.25706854
31813,0.24195644
31913,0.09352292
32013,0.10710217
32113,0.05077541
32813,0.1104421
33013,0.03858526
33113,0.034099586
33513,0.16255294
33713,0.069825456
33813,0.027386894
33913,0.1244905
34013,0.025769725
34213,0.17861243
34313,0.048772965
34413,0.019265052
34513,0.18336973
34613,0.1870202
34813,0.11034303
35013,0.20544504
35213,0.2179945
35313,0.17760998
35513,0.23448652
35613,0.2194678
35713,0.25194147
35913,0.23079824
36013,0.20329483
36113,0.11684353
36613,0.27151233
37213,0.16605012
37413,0.20311314
37513,0.19280946
37613,0.31216767
37713,0.15832408
38113,0.06665723
38213,0.090248086
38313,0.023470923
38413,0.10076244
38613,0.1706644
38813,0.18666402
39113,0.17810713
39213,0.10672655
39313,0.16680266
39413,0.277365
39613,0.23465395
39713,0.0009154781
39913,0.2126618
40013,0.19951417
40213,0.24756476
40513,0.1688799
40613,0.17408568
41813,0.25622576
42013,0.2855472
42713,0.18783845
42913,0.27182862
43613,0.2220755
44213,0.22601886
44513,0.17080176
44713,0.13860929
44913,0.051949766
45213,0.24444893
45313,0.18834192
45513,0.14798614
45613,0.09306383
46113,0.17042911
46313,0.07866461
46513,0.23557962
46913,0.08821485
47013,0.09333832
47113,0.29729414
47213,0.20216818
47313,0.058598507
47613,0.25959206
47713,0.057082742
47813,0.04693846
47913,0.090343855
48213,0.19896208
48613,0.17526826
48713,0.05353049
49113,0.16685632
49213,0.16577457
49613,0.14527957
49713,0.19770792
49913,0.12537655
50113,0.028313568
50313,0.13476753
50413,0.017477626
50613,0.24286751
50813,0.06954349
50913,0.15950285
51013,0.11510896
51213,0.2353938
51613,0.15041478
51813,0.18067594
52013,0.15124106
52113,0.21368231
52513,0.17456755
52613,0.27404997
52713,0.14686806
53213,0.24227747
53313,0.24028133
53413,0.101056606
53613,0.20567235
53913,0.26782995
54113,0.093546584
54213,0.12187582
54313,0.14889613
54413,0.0874347
54613,0.20241967
55013,0.11186016
55213,0.29371858
55413,0.1852453
55513,0.24894279
55613,0.09179527
56213,0.20283426
56513,0.15826188
56713,0.12805068
56813,0.21703964
57013,0.22950742
57113,0.15116452
57213,0.14722121
57313,0.13479418
57513,0.1771029
57913,0.1737456
58013,0.21685337
58213,0.22545056
58313,0.10697998
58513,0.22983295
58913,0.15038604
59113,0.23686
59213,0.25117916
59513,0.2226068
59613,0.27305484
59813,0.22787724
59913,0.22920996
60413,0.3174166
60513,0.15742296
60813,0.06537582
61113,0.25340676
61313,0.22239695
61413,0.27782515
61713,0.10209604
62113,0.16955604
62413,0.03449279
62713,0.09036897
62813,0.10716509
63513,0.25336933
63613,0.1115317
63713,0.066415586
63813,0.073944286
63913,0.11561061
64313,0.08019161
64413,0.11601711
14,0.39935133
114,0.43190137
414,0.19806166
614,0.15153687
714,0.059702422
1014,0.2418001
1214,0.15518554
1714,0.79829407
2214,0.3670291
2714,0.044620108
2814,0.2736419
2914,0.36317155
3014,0.14395632
3114,0.22023992
3214,0.251897
3314,0.32284382
3414,0.1935638
3714,0.16429433
4014,0.15812711
4114,0.028177287
4214,0.20237745
4414,0.25659433
4714,0.266053
4814,0.1457777
4914,0.2432771
5114,0.17509729
5214,0.113047846
5714,0.22775815
5914,0.16117373
6214,0.13152908
6314,0.05379019
6514,0.11832623
6614,0.08600858
6814,0.1843555
6914,0.19053671
7014,0.14826457
7214,0.16187374
7414,0.18180847
7514,0.17743099
7714,0.20262316
7914,0.14781788
8114,0.23455648
8214,0.1719024
8314,0.193552
8414,0.2512718
8514,0.47278547
8614,0.21930934
8714,0.58179224
8914,0.28630608
9014,0.19173932
9214,0.18710832
9514,0.2784685
9814,0.58670425
9914,0.4503715
10114,0.22552693
10414,0.13980319
10514,0.08540194
10614,0.34755495
10714,0.095476426
10914,0.13432443
11214,0.21065262
11314,0.163101
11714,0.25109208
11914,0.07828713
12114,0.35601464
12414,0.25865546
12714,0.15178381
12914,0.2690005
13014,0.27701885
13414,0.076044254
13514,0.23904806
13614,0.12123041
13714,0.16850026
13914,0.20835726
14314,0.08408957
14414,0.26959708
15414,0.2761988
15614,0.08376262
15714,0.24025424
15814,0.24451312
15914,0.192259
16114,0.24413386
16214,0.2007166
16314,0.3295993
16414,0.3439186
16514,0.16016756
16614,0.21797393
17014,0.078016534
17114,0.42449388
17214,0.49531564
17314,0.14564891
17414,0.37515587
17614,0.25016558
17714,0.23012441
17914,0.80005324
18014,0.77455676
18114,0.091396086
18214,0.072091214
18414,0.16280198
18514,0.26048154
18714,0.04910998
18814,0.3496253
19114,0.27088013
19514,0.41534874
19614,0.16807994
19714,0.29043376
19814,0.0874469
20714,0.22862883
20814,0.2726798
20914,0.18612045
21114,0.16874589
21214,0.25241944
21414,0.31166458
21814,0.12200188
22014,0.22700691
22314,0.15125455
22414,0.14637467
22514,0.052023098
22614,0.09131618
22914,0.10077415
23014,0.20114332
23214,0.20623337
23314,0.160806
23614,0.2261176
23714,0.23941533
23814,0.302457
23914,0.18114941
24114,0.2116771
24214,0.24674594
24414,0.19991152
24514,0.20865993
24614,0.2282711
24714,0.1670014
25314,0.25511715
25414,0.2415182
25814,0.34090823
26014,0.3048352
26114,0.22734334
26214,0.22074308
26314,0.08553547
26414,0.17419733
26614,0.060651023
26714,0.22337459
26814,0.24356225
26914,0.17914777
27014,0.18558279
27314,0.27414212
27414,0.24347594
27514,0.2208387
27914,0.17286886
28014,0.14440317
28114,0.26959178
28314,0.08443739
28414,0.11993211
29014,0.22984338
29114,0.10557706
29314,0.04456892
29614,0.2371021
29714,0.2578539
29814,0.14978458
29914,0.08208408
30014,0.12160707
30114,0.28309235
30314,0.13804084
30414,0.15708013
30714,0.2550581
30814,0.25404924
31114,0.29266247
31214,0.20497668
31614,0.24068028
31714,0.2711124
31814,0.28062943
31914,0.13423084
32014,0.17494684
32114,0.6295174
32814,0.17651905
33014,0.4325296
33114,0.37530452
33514,0.18325305
33714,0.79026425
33814,0.75512254
33914,0.07920496
34014,0.1855102
34214,0.1477611
34314,0.59820765
34414,0.07540313
34514,0.18121341
34614,0.21392281
34814,0.14735197
35014,0.19958134
35214,0.1878001
35314,0.27052507
35514,0.3453021
35614,0.2851126
35714,0.46222818
35914,0.23533228
36014,0.25813812
36114,0.16806272
36614,0.2839708
37214,0.6690363
37414,0.20111932
37514,0.23375088
37614,0.35565364
37714,0.22292623
38114,0.101825
38214,0.13269898
38314,0.044551272
38414,0.15800479
38614,0.18533139
38814,0.25463164
39114,0.2117138
39214,0.14209624
39314,0.24075335
39414,0.25085852
39614,0.18250345
39714,0.9454336
39914,0.26432097
40014,0.2381824
40214,0.4896748
40514,0.17818506
40614,0.6418668
41814,0.24708457
42014,0.73381764
42714,0.25603878
42914,0.32959247
43614,0.25286666
44214,0.26936808
44514,0.13712631
44714,0.1625803
44914,0.0910128
45214,0.24308763
45314,0.16793187
45514,0.207887
45614,0.1206327
46114,0.22578542
46314,0.124363855
46514,0.27082607
46914,0.554967
47014,0.09463076
47114,0.31346163
47214,0.2516725
47314,0.064337716
47614,0.28803885
47714,0.077023365
47814,0.072520904
47914,0.19005875
48214,0.2551444
48614,0.24198051
48714,0.19123133
49114,0.21142672
49214,0.2335074
49614,0.18415901
49714,0.22190158
49914,0.1914397
50114,0.7839553
50314,0.14705959
50414,0.06457089
50614,0.19046016
50814,0.09666576
50914,0.23838413
51014,0.28315768
51214,0.16346063
51614,0.23623262
51814,0.26639855
52014,0.22841543
52114,0.25265327
52514,0.21494077
52614,0.31132528
52714,0.5974921
53214,0.28783825
53314,0.31614017
53414,0.15101604
53614,0.20210077
53914,0.30883858
54114,0.12556565
54214,0.15382208
54314,0.21842799
54414,0.12978192
54614,0.6655017
55014,0.1542462
55214,0.1822331
55414,0.14203842
55514,0.5989915
55614,0.19824389
56214,0.18756637
56514,0.18890317
56714,0.25551218
56814,0.21192303
57014,0.68024075
57114,0.3769494
57214,0.19060007
57314,0.16412117
57514,0.75755686
57914,0.23866534
58014,0.38787216
58214,0.2840139
58314,0.13922739
58514,0.27089277
58914,0.15659583
59114,0.29223242
59214,0.25336614
59514,0.13946596
59614,0.2719265
59814,0.24513474
59914,0.2682757
60414,0.25900638
60514,0.13195215
60814,0.10596267
61114,0.18558185
61314,0.25553784
61414,0.2944233
61714,0.23258024
62114,0.25913018
62414,0.06174617
62714,0.13083434
62814,0.17213786
63514,0.26243812
63614,0.17100182
63714,0.09086059
63814,0.11132662
63914,0.2530945
64314,0.10489516
64414,0.19430597
15,0.10064487
115,0.11760191
415,0.0698825
615,0.12635337
715,0.09610544
1015,0.12195834
1215,0.30064452
1715,0.054120637
2215,0.09836315
2715,0.04229965
2815,0.32025123
2915,0.26282206
3015,0.16862884
3115,0.2574492
3215,0.31944987
3315,0.2528351
3415,0.30302727
3715,0.21765287
4015,0.1347773
4115,0.008367224
4215,0.32013822
4415,0.28389987
4715,0.15055859
4815,0.18828118
4915,0.21817039
5115,0.32654092
5215,0.09177891
5715,0.22096615
5915,0.17222556
6215,0.085198134
6315,0.073347114
6515,0.115578465
6615,0.0608118
6815,0.18832234
6915,0.26208493
7015,0.2776094
7215,0.2197115
7415,0.24772127
7515,0.25645807
7715,0.27107626
7915,0.26059246
8115,0.26496345
8215,0.3424763
8315,0.31480068
8415,0.28511775
8515,0.2620892
8615,0.23264238
8715,0.20237984
8915,0.26642764
9015,0.29664344
9215,0.34978387
9515,0.31434074
9815,0.17276789
9915,0.19257723
10115,0.2920679
10415,0.1196244
10515,0.12541598
10615,0.3536877
10715,0.075837374
10915,0.060885448
11215,0.34810144
11315,0.27331108
11715,0.3582595
11915,0.11320535
12115,0.23665777
12415,0.22579747
12715,0.105943695
12915,0.31417307
13015,0.23654546
13415,0.109996304
13515,0.17919314
13615,0.128606
13715,0.119964175
13915,0.23082572
14315,0.0946629
14415,0.3250551
15415,0.34015226
15615,0.07282116
15715,0.28782904
15815,0.2822915
15915,0.1953789
16115,0.29667583
16215,0.19153877
16315,0.28318128
16415,0.088512555
16515,0.021845149
16615,0.3267683
17015,0.121558115
17115,0.06616045
17215,0.10882219
17315,0.16823788
17415,0.13415422
17615,0.31509852
17715,0.2293843
17915,0.04285815
18015,0.03931575
18115,0.10588851
18215,0.062109575
18415,0.11278577
18515,0.053617008
18715,0.03978744
18815,0.29464185
19115,0.26085526
19515,0.24523959
19615,0.25187886
19715,0.30663246
19815,0.108722396
20715,0.2322236
20815,0.30280152
20915,0.28754163
21115,0.122643255
21215,0.28170222
21415,0.2573705
21815,0.088505805
22015,0.20107882
22315,0.31342453
22415,0.108223855
22515,0.05524907
22615,0.08057006
22915,0.15559399
23015,0.18463095
23215,0.21243463
23315,0.19847243
23615,0.22423854
23715,0.32333753
23815,0.20534308
23915,0.25081918
24115,0.28356084
24215,0.30315062
24415,0.24771924
24515,0.30346873
24615,0.15012
24715,0.27539825
25315,0.17184716
25415,0.30782142
25815,0.20370726
26015,0.32328656
26115,0.280898
26215,0.19304666
26315,0.115228646
26415,0.1807615
26615,0.05848939
26715,0.17325442
26815,0.31387258
26915,0.26650357
27015,0.3340242
27315,0.28109124
27415,0.29160196
27515,0.31022468
27915,0.28930783
28015,0.14598472
28115,0.32445216
28315,0.061739262
28415,0.12955862
29015,0.22338597
29115,0.08490695
29315,0.040868945
29615,0.23166503
29715,0.2495966
29815,0.13691778
29915,0.09428283
30015,0.09049295
30115,0.3358007
30315,0.17630361
30415,0.15159976
30715,0.3375903
30815,0.29236335
31115,0.2819079
31215,0.20922305
31615,0.31396246
31715,0.35055038
31815,0.33442995
31915,0.15509233
32015,0.17658325
32115,0.05738031
32815,0.16450964
33015,0.14353362
33115,0.10073555
33515,0.22195973
33715,0.057564918
33815,0.042704202
33915,0.118013926
34015,0.068060175
34215,0.17076841
34315,0.064070255
34415,0.037733313
34515,0.18941739
34615,0.25466803
34815,0.10050598
35015,0.3345388
35215,0.26690292
35315,0.09817108
35515,0.2996581
35615,0.30959865
35715,0.21013941
35915,0.294579
36015,0.3414831
36115,0.2049192
36615,0.31656843
37215,0.15973347
37415,0.2140085
37515,0.28877383
37615,0.2450806
37715,0.24489908
38115,0.13247035
38215,0.12442752
38315,0.026860284
38415,0.14206402
38615,0.2082923
38815,0.19672406
39115,0.30077913
39215,0.20916396
39315,0.2748972
39415,0.29001045
39615,0.294964
39715,0.0030732683
39915,0.3197934
40015,0.30330923
40215,0.24893905
40515,0.30739397
40615,0.18681258
41815,0.32385775
42015,0.14330329
42715,0.30204818
42915,0.33245128
43615,0.3397322
44215,0.27768016
44515,0.25634333
44715,0.13700709
44915,0.098397255
45215,0.37425107
45315,0.24262658
45515,0.24447109
45615,0.106079504
46115,0.1975679
46315,0.10529112
46515,0.32543528
46915,0.1507447
47015,0.14333344
47115,0.24831371
47215,0.32730275
47315,0.08236977
47615,0.2985223
47715,0.12791039
47815,0.1127485
47915,0.25540113
48215,0.3341609
48615,0.30539262
48715,0.028616427
49115,0.21601103
49215,0.2561391
49615,0.2536703
49715,0.29848716
49915,0.16782047
50115,0.038382772
50315,0.1535854
50415,0.031053966
50615,0.2065138
50815,0.10025576
50915,0.18758063
51015,0.18233955
51215,0.16570452
51615,0.29914623
51815,0.27091816
52015,0.21565856
52115,0.313613
52515,0.26883185
52615,0.29646975
52715,0.036980864
53215,0.3489632
53315,0.33970997
53415,0.1611617
53615,0.24964017
53915,0.27877748
54115,0.11527213
54215,0.12609076
54315,0.22408426
54415,0.11247633
54615,0.13462955
55015,0.19883835
55215,0.23740071
55415,0.28447005
55515,0.18745114
55615,0.12881029
56215,0.31455275
56515,0.26996216
56715,0.24637526
56815,0.26889238
57015,0.17233975
57115,0.2876379
57215,0.31393716
57315,0.21353386
57515,0.12094775
57915,0.29200232
58015,0.24962363
58215,0.23808976
58315,0.16598472
58515,0.2347396
58915,0.21524791
59115,0.32972342
59215,0.34956425
59515,0.23039858
59615,0.32529706
59815,0.27870622
59915,0.29845566
60415,0.24834415
60515,0.22293906
60815,0.12915069
61115,0.30444357
61315,0.26974112
61415,0.29997665
61715,0.16366905
62115,0.31076214
62415,0.037944987
62715,0.12605436
62815,0.1654208
63515,0.31952944
63615,0.2002018
63715,0.10683713
63815,0.12232606
63915,0.2692627
64315,0.16141285
64415,0.21506567
16,0.026873445
116,0.038211025
416,0.13831657
616,0.16634612
716,0.09081303
1016,0.044815697
1216,0.23012517
1716,0.020781683
2216,0.06612279
2716,0.039689697
2816,0.20890155
2916,0.21779364
3016,0.14670746
3116,0.18367155
3216,0.23641782
3316,0.2778845
3416,0.15527062
3716,0.20862713
4016,0.16936783
4116,0.017457934
4216,0.25720802
4416,0.23967159
4716,0.29182458
4816,0.11930814
4916,0.39839458
5116,0.29501984
5216,0.13051602
5716,0.17870435
5916,0.18028922
6216,0.1300254
6316,0.120285355
6516,0.10100297
6616,0.10252815
6816,0.1496457
6916,0.20033503
7016,0.29247147
7216,0.1877061
7416,0.21764408
7516,0.16479683
7716,0.15133613
7916,0.20781411
8116,0.21344902
8216,0.26937124
8316,0.18633306
8416,0.19897676
8516,0.13702382
8616,0.11213841
8716,0.1356048
8916,0.17320228
9016,0.24576606
9216,0.24917704
9516,0.21688782
9816,0.18275416
9916,0.1902817
10116,0.2550297
10416,0.15196644
10516,0.12133218
10616,0.23146303
10716,0.051381834
10916,0.15376388
11216,0.2639073
11316,0.2103009
11716,0.28988975
11916,0.0798618
12116,0.22990392
12416,0.20126648
12716,0.19185048
12916,0.20071246
13016,0.25514176
13416,0.10992637
13516,0.21469231
13616,0.09713569
13716,0.13421047
13916,0.32676673
14316,0.07798055
14416,0.2375396
15416,0.22847724
15616,0.116077125
15716,0.19799398
15816,0.19186719
15916,0.11945589
16116,0.2511765
16216,0.15729849
16316,0.16421041
16416,0.014775734
16516,0.039138258
16616,0.21663931
17016,0.11452926
17116,0.024079517
17216,0.033704653
17316,0.08166041
17416,0.08630436
17616,0.2715729
17716,0.19579841
17916,0.015471672
18016,0.009349326
18116,0.09931808
18216,0.059512526
18416,0.074324556
18516,0.030058907
18716,0.047008183
18816,0.19599603
19116,0.22662888
19516,0.19036172
19616,0.18461245
19716,0.19209275
19816,0.1180148
20716,0.19009814
20816,0.23308173
20916,0.25531211
21116,0.18252201
21216,0.23922578
21416,0.2108055
21816,0.15176056
22016,0.15777567
22316,0.126667
22416,0.14523774
22516,0.06242302
22616,0.11202266
22916,0.11292839
23016,0.1645679
23216,0.20161837
23316,0.24624881
23616,0.20226009
23716,0.30319998
23816,0.19873331
23916,0.16316994
24116,0.15825513
24216,0.24959992
24416,0.28363568
24516,0.27558362
24616,0.17137435
24716,0.16346438
25316,0.14716458
25416,0.26936027
25816,0.22023086
26016,0.21289493
26116,0.24450414
26216,0.18748808
26316,0.11601093
26416,0.19722578
26616,0.09241813
26716,0.17900756
26816,0.27874446
26916,0.26357085
27016,0.26164103
27316,0.1975147
27416,0.22091328
27516,0.34135824
27916,0.2552547
28016,0.16039658
28116,0.22615914
28316,0.12526584
28416,0.105677225
29016,0.21953388
29116,0.13102727
29316,0.059156485
29616,0.18727559
29716,0.17865501
29816,0.13672344
29916,0.04898284
30016,0.12780514
30116,0.23826684
30316,0.10622928
30416,0.13912454
30716,0.23411915
30816,0.21487258
31116,0.2476784
31216,0.15179242
31616,0.22431803
31716,0.23689044
31816,0.22544512
31916,0.12115832
32016,0.11527959
32116,0.015765926
32816,0.17348087
33016,0.032835472
33116,0.039055146
33516,0.18795426
33716,0.030311715
33816,0.010677854
33916,0.1132284
34016,0.038600437
34216,0.14904015
34316,0.031704273
34416,0.02765277
34516,0.17918506
34616,0.23126677
34816,0.08382433
35016,0.21113771
35216,0.24662201
35316,0.24680762
35516,0.19412024
35616,0.18373051
35716,0.21732333
35916,0.26222187
36016,0.23561002
36116,0.13544533
36616,0.23697628
37216,0.119890384
37416,0.23672274
37516,0.25092718
37616,0.25312936
37716,0.16690902
38116,0.09878927
38216,0.113204926
38316,0.053168982
38416,0.15020007
38616,0.16511248
38816,0.14728987
39116,0.26452
39216,0.14137056
39316,0.27603778
39416,0.297982
39616,0.33333838
39716,0.00033016756
39916,0.18486066
40016,0.25613722
40216,0.19485395
40516,0.22252941
40616,0.12808485
41816,0.23438835
42016,0.21565692
42716,0.21980265
42916,0.26020607
43616,0.2273883
44216,0.1944169
44516,0.255142
44716,0.1883758
44916,0.09017988
45216,0.3648992
45316,0.2403755
45516,0.15492615
45616,0.13808617
46116,0.19230667
46316,0.11909624
46516,0.22542767
46916,0.08263231
47016,0.12368704
47116,0.2467905
47216,0.20760064
47316,0.10215886
47616,0.22312221
47716,0.100156486
47816,0.07343375
47916,0.12345384
48216,0.22646068
48616,0.1846942
48716,0.041336287
49116,0.15593582
49216,0.17028421
49616,0.1678562
49716,0.25184783
49916,0.14730711
50116,0.012256754
50316,0.119091526
50416,0.048190728
50616,0.23259813
50816,0.11114884
50916,0.13393727
51016,0.12900715
51216,0.18436846
51616,0.26044223
51816,0.21172449
52016,0.14095034
52116,0.2534797
52516,0.2509598
52616,0.25768
52716,0.07361972
53216,0.24802372
53316,0.27939332
53416,0.1612421
53616,0.20105794
53916,0.22712548
54116,0.15271796
54216,0.16192792
54316,0.16047199
54416,0.11519139
54616,0.101604216
55016,0.11009989
55216,0.27883857
55416,0.25891128
55516,0.17549808
55616,0.09105551
56216,0.3015535
56516,0.17868814
56716,0.14761937
56816,0.27907842
57016,0.17283274
57116,0.1726821
57216,0.16943248
57316,0.21613184
57516,0.09506883
57916,0.19751462
58016,0.20353366
58216,0.26306933
58316,0.14884311
58516,0.18592057
58916,0.1674041
59116,0.20651911
59216,0.25282452
59516,0.21196403
59616,0.23251864
59816,0.24562384
59916,0.24673463
60416,0.24569169
60516,0.20009963
60816,0.088446155
61116,0.24321464
61316,0.21109365
61416,0.23162942
61716,0.10925551
62116,0.16931833
62416,0.07399852
62716,0.12427192
62816,0.17140384
63516,0.23501123
63616,0.13702422
63716,0.1082029
63816,0.10328795
63916,0.12050442
64316,0.100505225
64416,0.13282782
17,0.012361968
117,0.02427579
417,0.17027476
617,0.13539508
717,0.10572365
1017,0.0677252
1217,0.23375715
1717,0.013941064
2217,0.086084366
2717,0.09722886
2817,0.18523511
2917,0.15771283
3017,0.1698809
3117,0.20901515
3217,0.18135026
3317,0.17156601
3417,0.17311053
3717,0.22838472
4017,0.17360543
4117,0.10562967
4217,0.26065072
4417,0.18313311
4717,0.14667888
4817,0.16583133
4917,0.20269303
5117,0.3335158
5217,0.12864964
5717,0.21659257
5917,0.15554768
6217,0.14859457
6317,0.07746187
6517,0.11262547
6617,0.07976004
6817,0.15630597
6917,0.15841791
7017,0.20901017
7217,0.2790475
7417,0.24218436
7517,0.22678638
7717,0.17789556
7917,0.35131758
8117,0.17928123
8217,0.21924649
8317,0.20741528
8417,0.18888952
8517,0.14039938
8617,0.17398816
8717,0.1925705
8917,0.17120896
9017,0.221555
9217,0.2475374
9517,0.20269957
9817,0.19082488
9917,0.19087192
10117,0.18799445
10417,0.1539224
10517,0.12893213
10617,0.3127622
10717,0.09503352
10917,0.09061084
11217,0.23974653
11317,0.14791727
11717,0.23248526
11917,0.1080001
12117,0.1800997
12417,0.1694345
12717,0.1345451
12917,0.19385628
13017,0.19623959
13417,0.12095647
13517,0.16114134
13617,0.1423237
13717,0.16261534
13917,0.3129347
14317,0.087505005
14417,0.2139471
15417,0.18127866
15617,0.10340232
15717,0.21218857
15817,0.1680181
15917,0.18934226
16117,0.17966358
16217,0.18044071
16317,0.175661
16417,0.00774594
16517,0.041328423
16617,0.2027218
17017,0.15957993
17117,0.024888802
17217,0.016592678
17317,0.1771449
17417,0.12151655
17617,0.17869224
17717,0.12740679
17917,0.01083088
18017,0.0041167797
18117,0.23763625
18217,0.098286755
18417,0.12480356
18517,0.068826444
18717,0.21880378
18817,0.18361995
19117,0.15260778
19517,0.16109788
19617,0.19971919
19717,0.18717998
19817,0.27174294
20717,0.18871853
20817,0.17581779
20917,0.2305388
21117,0.13468003
21217,0.20954989
21417,0.19216281
21817,0.1563973
22017,0.17403841
22317,0.38068277
22417,0.14295897
22517,0.075569235
22617,0.08952706
22917,0.12845813
23017,0.23656479
23217,0.27510494
23317,0.30349126
23617,0.28632602
23717,0.23931019
23817,0.25027388
23917,0.1937677
24117,0.18684302
24217,0.18833129
24417,0.26464275
24517,0.19934016
24617,0.28871414
24717,0.24629618
25317,0.1661169
25417,0.24492286
25817,0.15286934
26017,0.17372736
26117,0.17372176
26217,0.22332321
26317,0.13366683
26417,0.20987374
26617,0.07032303
26717,0.16747954
26817,0.22777624
26917,0.19810033
27017,0.20166072
27317,0.18428738
27417,0.17099243
27517,0.2661204
27917,0.23008181
28017,0.33711725
28117,0.19354632
28317,0.09542443
28417,0.13049279
29017,0.16738725
29117,0.122600295
29317,0.07923315
29617,0.27586788
29717,0.17578954
29817,0.13923995
29917,0.08133532
30017,0.13689606
30117,0.19157638
30317,0.14979497
30417,0.16505282
30717,0.18924892
30817,0.17605385
31117,0.18848406
31217,0.17963012
31617,0.18784511
31717,0.19526276
31817,0.19101106
31917,0.16039523
32017,0.13657102
32117,0.0069195474
32817,0.186913
33017,0.033755817
33117,0.03477215
33517,0.160151
33717,0.029290747
33817,0.006083323
33917,0.1373651
34017,0.11430635
34217,0.13509984
34317,0.032009996
34417,0.11738175
34517,0.15498778
34617,0.2186272
34817,0.11533051
35017,0.20678893
35217,0.2738419
35317,0.1305755
35517,0.18620542
35617,0.16503893
35717,0.18449718
35917,0.1905088
36017,0.17900428
36117,0.17133884
36617,0.16518322
37217,0.1423513
37417,0.2016396
37517,0.22103815
37617,0.19854268
37717,0.17979513
38117,0.12523793
38217,0.14748874
38317,0.06517651
38417,0.16703594
38617,0.14348648
38817,0.11256772
39117,0.2076336
39217,0.13389266
39317,0.25099257
39417,0.20611812
39617,0.28490928
39717,0.004752966
39917,0.16417336
40017,0.19102807
40217,0.17979768
40517,0.20210926
40617,0.1757295
41817,0.18127343
42017,0.17768544
42717,0.1947243
42917,0.20417598
43617,0.17857626
44217,0.16135414
44517,0.28088507
44717,0.14407425
44917,0.11989185
45217,0.34288648
45317,0.34578013
45517,0.16450433
45617,0.15855168
46117,0.1764216
46317,0.12170415
46517,0.20814054
46917,0.116877355
47017,0.27767682
47117,0.18317474
47217,0.18368354
47317,0.096725404
47617,0.20326187
47717,0.14083275
47817,0.102788694
47917,0.18089285
48217,0.18193051
48617,0.1703622
48717,0.046439677
49117,0.16330865
49217,0.18083751
49617,0.173835
49717,0.22424756
49917,0.15021837
50117,0.007210143
50317,0.1443632
50417,0.17665476
50617,0.16927117
50817,0.21630323
50917,0.15026474
51017,0.20818204
51217,0.13126929
51617,0.26907617
51817,0.183365
52017,0.1750169
52117,0.1891162
52517,0.20278199
52617,0.2158252
52717,0.030244343
53217,0.24347748
53317,0.22885425
53417,0.22500129
53617,0.20929751
53917,0.20422423
54117,0.13617353
54217,0.14294383
54317,0.17226173
54417,0.13363765
54617,0.17136757
55017,0.14824708
55217,0.15442497
55417,0.26559985
55517,0.2172633
55617,0.15780333
56217,0.24948291
56517,0.18269934
56717,0.16588724
56817,0.17973204
57017,0.17791402
57117,0.19109018
57217,0.16972896
57317,0.19248132
57517,0.09826779
57917,0.17444038
58017,0.17929794
58217,0.17933229
58317,0.33146992
58517,0.16576627
58917,0.28750038
59117,0.17865242
59217,0.20474654
59517,0.16083847
59617,0.17498392
59817,0.19748835
59917,0.18471377
60417,0.157021
60517,0.27319402
60817,0.10475166
61117,0.33524314
61317,0.17835104
61417,0.18359001
61717,0.11547929
62117,0.17508286
62417,0.08342608
62717,0.1678089
62817,0.1979629
63517,0.18191427
63617,0.16319111
63717,0.14309546
63817,0.12247919
63917,0.14955749
64317,0.12702921
64417,0.1658811
18,0.064892106
118,0.12548167
418,0.21942635
618,0.21613573
718,0.11284153
1018,0.067848705
1218,0.21684262
1718,0.033085022
2218,0.078468464
2718,0.014852719
2818,0.33390155
2918,0.34322402
3018,0.20637935
3118,0.26608506
3218,0.31927297
3318,0.41066545
3418,0.22803532
3718,0.18399364
4018,0.22323695
4118,0.0050657224
4218,0.29666215
4418,0.32094443
4718,0.42856416
4818,0.20012401
4918,0.46813005
5118,0.30040216
5218,0.19609128
5718,0.20604853
5918,0.30796856
6218,0.16079536
6318,0.1481406
6518,0.14602198
6618,0.13779913
6818,0.2303409
6918,0.25133738
7018,0.21902981
7218,0.17581907
7418,0.27194083
7518,0.23009686
7718,0.21670693
7918,0.14309268
8118,0.24859251
8218,0.23752917
8318,0.24302706
8418,0.25779906
8518,0.16720381
8618,0.17387776
8718,0.12346474
8918,0.1947239
9018,0.1927751
9218,0.21619532
9518,0.2907362
9818,0.17598666
9918,0.20081726
10118,0.25686795
10418,0.20211542
10518,0.13702628
10618,0.38663885
10718,0.1530107
10918,0.21494922
11218,0.23420556
11318,0.22051091
11718,0.33103055
11918,0.11329115
12118,0.29804578
12418,0.3551957
12718,0.23783796
12918,0.29900774
13018,0.4263392
13418,0.1397376
13518,0.33692297
13618,0.13398956
13718,0.14269993
13918,0.3614262
14318,0.10972105
14418,0.28884014
15418,0.31767255
15618,0.14759868
15718,0.28258306
15818,0.22272795
15918,0.17055987
16118,0.2918842
16218,0.19452253
16318,0.23330052
16418,0.046093892
16518,0.07736835
16618,0.26518765
17018,0.15028027
17118,0.054326057
17218,0.06753347
17318,0.15544194
17418,0.18435284
17618,0.29568583
17718,0.29918545
17918,0.022496741
18018,0.016769672
18118,0.061608788
18218,0.03648104
18418,0.08814087
18518,0.04500788
18718,0.025240716
18818,0.2413839
19118,0.34777978
19518,0.20334326
19618,0.19999723
19718,0.26269445
19818,0.081427954
20718,0.26325625
20818,0.33338466
20918,0.28812608
21118,0.2443379
21218,0.32818443
21418,0.3057227
21818,0.19442762
22018,0.3015906
22318,0.36799937
22418,0.17773922
22518,0.08548332
22618,0.14369927
22918,0.23231639
23018,0.15196736
23218,0.23591816
23318,0.20511569
23618,0.14891367
23718,0.31176567
23818,0.20189707
23918,0.1990911
24118,0.22838804
24218,0.26533416
24418,0.17581183
24518,0.2359696
24618,0.12264139
24718,0.17247131
25318,0.16345221
25418,0.28149816
25818,0.22198151
26018,0.3163078
26118,0.2708018
26218,0.19858466
26318,0.15373173
26418,0.3066464
26618,0.12676607
26718,0.26426464
26818,0.24637148
26918,0.24421732
27018,0.25541043
27318,0.32982227
27418,0.34022036
27518,0.284866
27918,0.20546873
28018,0.09427221
28118,0.3181703
28318,0.18781498
28418,0.12887675
29018,0.3304471
29118,0.18048711
29318,0.07852527
29618,0.25157407
29718,0.29836005
29818,0.17505513
29918,0.09810788
30018,0.1395082
30118,0.3143559
30318,0.18968424
30418,0.1728246
30718,0.29453042
30818,0.34047318
31118,0.3066285
31218,0.23821338
31618,0.24980716
31718,0.30872074
31818,0.31839353
31918,0.16414613
32018,0.22354521
32118,0.06162778
32818,0.20205231
33018,0.054915752
33118,0.06728151
33518,0.26367867
33718,0.041295145
33818,0.023650452
33918,0.05966824
34018,0.07568785
34218,0.12411894
34318,0.03924849
34418,0.04407411
34518,0.12854189
34618,0.15456945
34818,0.07242117
35018,0.29002023
35218,0.25017217
35318,0.32540774
35518,0.25033197
35618,0.26052928
35718,0.23294131
35918,0.32116434
36018,0.3078784
36118,0.18779954
36618,0.32337025
37218,0.22427523
37418,0.29677567
37518,0.29217708
37618,0.319912
37718,0.25057387
38118,0.13087565
38218,0.1291238
38318,0.076707296
38418,0.1729761
38618,0.27333003
38818,0.33720317
39118,0.21895021
39218,0.23866917
39318,0.27822742
39418,0.31674206
39618,0.34892216
39718,0.002344981
39918,0.26478285
40018,0.30328074
40218,0.30689085
40518,0.2419988
40618,0.16472515
41818,0.31793085
42018,0.25425574
42718,0.31763214
42918,0.34189528
43618,0.3236074
44218,0.3024302
44518,0.198747
44718,0.23380083
44918,0.10650986
45218,0.3292414
45318,0.27648616
45518,0.2625608
45618,0.16435163
46118,0.3633959
46318,0.14968741
46518,0.2905181
46918,0.12511788
47018,0.08897609
47118,0.2809681
47218,0.32137147
47318,0.14459701
47618,0.33301023
47718,0.13284037
47818,0.111761786
47918,0.18625058
48218,0.31401038
48618,0.25613227
48718,0.07566996
49118,0.28819528
49218,0.26133546
49618,0.21056195
49718,0.25058582
49918,0.20542577
50118,0.024534723
50318,0.09245358
50418,0.03143654
50618,0.16772743
50818,0.051772412
50918,0.15050985
51018,0.117563024
51218,0.12210697
51618,0.2985442
51818,0.24015798
52018,0.17030549
52118,0.29146886
52518,0.26250747
52618,0.3104094
52718,0.118240595
53218,0.38591716
53318,0.36806235
53418,0.1784286
53618,0.28424352
53918,0.3021824
54118,0.18931973
54218,0.19655202
54318,0.25417832
54418,0.1463636
54618,0.26381063
55018,0.15939297
55218,0.22324601
55418,0.19833492
55518,0.29312196
55618,0.16849178
56218,0.2254103
56518,0.26533762
56718,0.17538108
56818,0.29088268
57018,0.23174268
57118,0.23253918
57218,0.21809538
57318,0.21944797
57518,0.14921488
57918,0.29739803
58018,0.231142
58218,0.22455546
58318,0.13015322
58518,0.2795861
58918,0.19211657
59118,0.28779805
59218,0.32087493
59518,0.15206026
59618,0.31316185
59818,0.3001907
59918,0.34305525
60418,0.24252467
60518,0.16307232
60818,0.12769318
61118,0.22756128
61318,0.31025946
61418,0.30981886
61718,0.32139218
62118,0.2671883
62418,0.11133103
62718,0.14009716
62818,0.20269768
63518,0.32276767
63618,0.20773333
63718,0.14357768
63818,0.1292775
63918,0.22854555
64318,0.14951251
64418,0.19762318
