Id,Probability
0,0.047689445
100,0.048772547
400,4.000418e-05
600,0.028997216
700,0.037032455
1000,0.07982966
1200,0.021421261
1700,0.066499345
2200,0.0786768
2700,0.00016571056
2800,0.007505644
2900,0.050144944
3000,0.0107901525
3100,0.02615542
3200,0.024801739
3300,0.030003263
3400,0.024400635
3700,0.0029972102
4000,0.035595626
4100,1.5290072e-13
4200,0.044119127
4400,0.007928964
4700,0.017091168
4800,0.039945938
4900,0.044300284
5100,0.023241654
5200,0.034774933
5700,0.018011184
5900,0.040019345
6200,0.019260071
6300,0.038695104
6500,0.027886264
6600,0.042328753
6800,0.009477435
6900,0.0011459884
7000,0.006419828
7200,0.00015495441
7400,0.037120167
7500,0.024802117
7700,0.039441857
7900,0.013842392
8100,0.037039235
8200,0.03640857
8300,0.033893704
8400,0.0645621
8500,0.066201515
8600,0.057089884
8700,0.046332933
8900,0.047708403
9000,0.02372899
9200,0.031894807
9500,0.0045374087
9800,0.054962404
9900,0.031229544
10100,0.012983589
10400,0.043187674
10500,0.04576919
10600,0.026663726
10700,0.060854547
10900,0.05105603
11200,0.030014921
11300,0.0035448608
11700,0.007220146
11900,0.04599516
12100,0.033938963
12400,0.017187918
12700,0.01820144
12900,0.02452081
13000,0.036301352
13400,0.04342992
13500,0.03367417
13600,0.037962183
13700,0.027683083
13900,0.04788589
14300,0.034018032
14400,0.0011936013
15400,0.0023973659
15600,0.03638899
15700,0.014864347
15800,0.046975598
15900,0.04160521
16100,0.017853172
16200,0.014824361
16300,0.074955456
16400,0.053860903
16500,0.0002659784
16600,0.017451858
17000,0.046577774
17100,0.04732525
17200,0.056870956
17300,0.05281741
17400,0.041088123
17600,0.0155152455
17700,0.040965643
17900,0.053806104
18000,0.042000044
18100,0.00021583622
18200,1.4797485e-05
18400,0.0015985558
18500,0.05019664
18700,2.3525258e-06
18800,0.06299108
19100,0.02330823
19500,0.05509052
19600,0.00048417586
19700,0.03241446
19800,0.00031403027
20700,0.026901193
20800,0.011811094
20900,0.029913861
21100,0.022141922
21200,0.016650494
21400,0.014756855
21800,0.027984902
22000,0.048447516
22300,0.047309317
22400,0.019751845
22500,0.03477135
22600,0.023021389
22900,0.00018020024
23000,2.7673334e-05
23200,0.048421472
23300,0.036597617
23600,0.04388188
23700,0.029129708
23800,0.014755815
23900,0.048647124
24100,0.04319554
24200,0.030783433
24400,0.0019332523
24500,0.032007944
24600,0.00057850947
24700,0.033048775
25300,0.0035108686
25400,0.027919276
25800,0.0047251466
26000,0.0010606283
26100,0.015787942
26200,0.037766438
26300,0.04889882
26400,0.018942647
26600,0.04264599
26700,0.024791338
26800,0.003560596
26900,0.013153021
27000,0.046621848
27300,0.017897762
27400,0.011943755
27500,0.009032837
27900,0.008773707
28000,0.02733369
28100,0.0038202635
28300,0.047696438
28400,0.023264892
29000,0.014260162
29100,0.034017216
29300,0.038039617
29600,0.045727365
29700,0.0035826978
29800,0.012908473
29900,0.03804325
30000,0.019573225
30100,0.0019861562
30300,0.033981904
30400,0.032648068
30700,0.003672517
30800,0.01950904
31100,0.004732424
31200,0.014631401
31600,0.03992899
31700,0.0015084898
31800,0.012187213
31900,0.019952558
32000,0.02469075
32100,0.038571134
32800,0.03233295
33000,0.05616261
33100,0.071672
33500,0.026205117
33700,0.05399115
33800,0.04554414
33900,8.603906e-06
34000,0.0058103413
34200,0.0001744821
34300,0.042896543
34400,0.00035272806
34500,0.0015612681
34600,0.03518489
34800,2.8656482e-06
35000,0.02325827
35200,0.020303955
35300,0.021808572
35500,0.036772992
35600,0.030547114
35700,0.010088963
35900,0.0050182166
36000,0.011076612
36100,0.02734244
36600,0.0019091856
37200,0.017212855
37400,0.04242817
37500,0.027568549
37600,0.01341383
37700,0.03221039
38100,0.035155356
38200,0.041232392
38300,0.041616753
38400,0.017231317
38600,0.04244993
38800,0.02610625
39100,0.031292055
39200,0.0002763089
39300,0.0057248697
39400,0.010489678
39600,0.04498439
39700,0.00041610817
39900,0.055608165
40000,0.032244075
40200,0.056155052
40500,0.022870041
40600,0.04785097
41800,0.001814579
42000,0.058693584
42700,0.017784424
42900,0.021165
43600,0.0068724523
44200,0.016048823
44500,0.024449065
44700,0.019648876
44900,0.019315163
45200,0.0329354
45300,0.05166303
45500,0.0367273
45600,0.03315503
46100,0.016462551
46300,0.0318705
46500,0.0010633767
46900,0.069790274
47000,0.011236613
47100,0.002017695
47200,0.0124697825
47300,0.034651857
47600,0.023661274
47700,0.03858339
47800,0.042851627
47900,0.042905856
48200,0.012578565
48600,0.054027658
48700,0.0003489578
49100,0.014066029
49200,0.021342292
49600,0.036401514
49700,0.0067842016
49900,0.030251883
50100,0.054936606
50300,0.0008025722
50400,0.0004937087
50600,0.0024731392
50800,0.00065543863
50900,0.004075416
51000,0.04119808
51200,0.00012780116
51600,0.005300346
51800,0.031229118
52000,0.0003505963
52100,0.022330314
52500,0.028321857
52600,0.0052602426
52700,0.008186287
53200,0.045326453
53300,0.022042537
53400,0.011099632
53600,0.040843908
53900,0.01979043
54100,0.025255261
54200,0.024635654
54300,0.019700253
54400,0.022378203
54600,0.006094359
55000,0.033388574
55200,0.0020292914
55400,0.0032641722
55500,0.024833221
55600,0.027188681
56200,0.030649647
56500,0.04207208
56700,0.062401485
56800,0.013548902
57000,0.026111675
57100,0.060189635
57200,0.05509852
57300,0.0069085765
57500,0.071500085
57900,0.01613134
58000,0.030345662
58200,0.017420597
58300,0.028169744
58500,0.031357106
58900,0.028316446
59100,0.002901504
59200,0.0052393214
59500,0.001061553
59600,0.0048286645
59800,0.011274821
59900,0.010947755
60400,0.006524409
60500,0.01645013
60800,0.027314112
61100,0.009822828
61300,0.0071665277
61400,0.004569312
61700,0.03401556
62100,0.0008232136
62400,0.025866114
62700,0.02688172
62800,0.04046046
63500,0.004703602
63600,0.022478826
63700,0.03274435
63800,0.032617114
63900,0.046012197
64300,0.030950954
64400,0.017839832
1,0.046362873
101,0.019040944
401,0.76093054
601,0.024511768
701,0.085991174
1001,0.03669659
1201,0.090558216
1701,0.06416364
2201,0.059838153
2701,0.9901601
2801,0.003336023
2901,0.028409027
3001,0.012790731
3101,0.09410321
3201,0.038846027
3301,0.02897583
3401,0.043505628
3701,0.60021293
4001,0.052462436
4101,0.99999994
4201,0.061314788
4401,0.0141817
4701,0.01914859
4801,0.062292412
4901,0.0061295005
5101,0.122094326
5201,0.041176382
5701,0.039112348
5901,0.03775338
6201,0.06092742
6301,0.11657163
6501,0.026175931
6601,0.041039962
6801,0.04134017
6901,0.48756766
7001,0.37859944
7201,0.9723414
7401,0.01408974
7501,0.065011874
7701,0.17289239
7901,0.324207
8101,0.049296547
8201,0.08346643
8301,0.056055687
8401,0.016881445
8501,0.034549404
8601,0.05262497
8701,0.08652036
8901,0.0348196
9001,0.07942
9201,0.10353229
9501,0.0062463377
9801,0.057629514
9901,0.03619552
10101,0.01717499
10401,0.060352203
10501,0.05003967
10601,0.016975667
10701,0.03251762
10901,0.033579674
11201,0.123516135
11301,0.15943725
11701,0.49978256
11901,0.08395379
12101,0.006329914
12401,0.014676701
12701,0.020420525
12901,0.026180249
13001,0.0052509434
13401,0.048989534
13501,0.028241176
13601,0.0597187
13701,0.101021215
13901,0.026051117
14301,0.062329646
14401,0.00047013912
15401,0.0011246767
15601,0.057894737
15701,0.011324706
15801,0.072320506
15901,0.1671262
16101,0.02247352
16201,0.019728092
16301,0.041319456
16401,0.033225745
16501,0.48101944
16601,0.037916303
17001,0.082376346
17101,0.07289792
17201,0.041446228
17301,0.06654675
17401,0.05644708
17601,0.007948556
17701,0.029031148
17901,0.123898074
18001,0.045844004
18101,0.98748547
18201,0.9981196
18401,0.8758666
18501,0.115004465
18701,0.99984837
18801,0.023311486
19101,0.008684541
19501,0.03535791
19601,0.82974297
19701,0.020161817
19801,0.947254
20701,0.052276775
20801,0.0038907703
20901,0.02926529
21101,0.05321661
21201,0.026223581
21401,0.015415854
21801,0.0659265
22001,0.04657313
22301,0.051408168
22401,0.05009789
22501,0.08910704
22601,0.030218543
22901,0.36306515
23001,0.99557287
23201,0.05668218
23301,0.18246605
23601,0.10675522
23701,0.04541514
23801,0.32161686
23901,0.035844494
24101,0.047524586
24201,0.054848168
24401,0.8856204
24501,0.085822426
24601,0.96485585
24701,0.07984277
25301,0.034414046
25401,0.03971789
25801,0.0051157135
26001,0.00082267704
26101,0.027027996
26201,0.023058595
26301,0.09723697
26401,0.0036463737
26601,0.05087809
26701,0.018906964
26801,0.08811116
26901,0.063009374
27001,0.06710518
27301,0.011997641
27401,0.053853333
27501,0.40355664
27901,0.048574388
28001,0.22405578
28101,0.0069040367
28301,0.053107966
28401,0.12360393
29001,0.0036644768
29101,0.02177718
29301,0.09998216
29601,0.019265803
29701,0.0027622888
29801,0.03417068
29901,0.09640976
30001,0.05347428
30101,0.0011472736
30301,0.1958652
30401,0.044102944
30701,0.0008668839
30801,0.01487635
31101,0.0016671515
31201,0.013717292
31601,0.071046345
31701,0.0012784885
31801,0.004859149
31901,0.03144152
32001,0.029873172
32101,0.01215997
32801,0.05440549
33001,0.041161776
33101,0.0580566
33501,0.03239902
33701,0.06671918
33801,0.051947877
33901,0.9984415
34001,0.82901657
34201,0.9877692
34301,0.16014755
34401,0.98495156
34501,0.88411134
34601,0.09323767
34801,0.9992548
35001,0.031863183
35201,0.2397588
35301,0.016816884
35501,0.023770824
35601,0.026033739
35701,0.009881473
35901,0.016048245
36001,0.01065969
36101,0.06132878
36601,0.0010712624
37201,0.1700279
37401,0.011083416
37501,0.02256961
37601,0.02110037
37701,0.040685274
38101,0.12276057
38201,0.05436162
38301,0.051654667
38401,0.039769344
38601,0.080833234
38801,0.035194147
39101,0.19202536
39201,0.5876693
39301,0.26066718
39401,0.06257571
39601,0.049426068
39701,0.6172087
39901,0.01883935
40001,0.043433983
40201,0.032259252
40501,0.13275532
40601,0.041269343
41801,0.0014808348
42001,0.016509386
42701,0.031002453
42901,0.057261806
43601,0.0058069304
44201,0.023128616
44501,0.06045027
44701,0.03268139
44901,0.09434062
45201,0.05120443
45301,0.020793023
45501,0.021833178
45601,0.055977203
46101,0.0062070317
46301,0.048549265
46501,0.0012437861
46901,0.052180227
47001,0.47450474
47101,0.0017630213
47201,0.008922118
47301,0.0576778
47601,0.014305943
47701,0.14116712
47801,0.083532915
47901,0.13304658
48201,0.00948141
48601,0.022530777
48701,0.29736695
49101,0.0057358956
49201,0.05237003
49601,0.024379723
49701,0.46787518
49901,0.04537511
50101,0.09869127
50301,0.9272312
50401,0.97915
50601,0.8128589
50801,0.9752703
50901,0.37788904
51001,0.12411484
51201,0.9666923
51601,0.17472547
51801,0.06521284
52001,0.18905972
52101,0.07984277
52501,0.034027793
52601,0.00891221
52701,0.4064881
53201,0.014515712
53301,0.01653894
53401,0.07883063
53601,0.061898474
53901,0.04894617
54101,0.019818809
54201,0.020608652
54301,0.020189615
54401,0.03399679
54601,0.0419356
55001,0.113124214
55201,0.11500134
55401,0.777607
55501,0.048421692
55601,0.023497028
56201,0.03861088
56501,0.0413485
56701,0.035609424
56801,0.058593392
57001,0.07041318
57101,0.031964194
57201,0.062192917
57301,0.48367223
57501,0.040207937
57901,0.014864636
58001,0.02851112
58201,0.009060127
58301,0.34629193
58501,0.021031786
58901,0.14352113
59101,0.0058583883
59201,0.014314103
59501,0.041828334
59601,0.0009112902
59801,0.046996888
59901,0.019906659
60401,0.009692322
60501,0.08618899
60801,0.04618857
61101,0.074035235
61301,0.004669116
61401,0.007752337
61701,0.046140455
62101,0.0012164064
62401,0.03424143
62701,0.087162815
62801,0.16736498
63501,0.002429624
63601,0.054471523
63701,0.072424546
63801,0.066221714
63901,0.08341067
64301,0.045853354
64401,0.041300252
2,0.0439421
102,0.053701196
402,0.00011140604
602,0.047924425
702,0.105660856
1002,0.073180884
1202,0.06790048
1702,0.046539932
2202,0.035136208
2702,0.0045562913
2802,0.01127424
2902,0.05678884
3002,0.01731677
3102,0.11850919
3202,0.03917758
3302,0.01965527
3402,0.020307343
3702,0.010312899
4002,0.038112957
4102,3.3484053e-12
4202,0.045235205
4402,0.053139146
4702,0.027100606
4802,0.05024786
4902,0.015471929
5102,0.03301777
5202,0.0824594
5702,0.069262676
5902,0.039267603
6202,0.07989984
6302,0.09492979
6502,0.029413547
6602,0.04165236
6802,0.055457283
6902,0.016961496
7002,0.26593938
7202,0.00018520922
7402,0.017068645
7502,0.038849477
7702,0.052100863
7902,0.040669106
8102,0.07360938
8202,0.044071015
8302,0.04436851
8402,0.051347263
8502,0.05299539
8602,0.04773655
8702,0.04365515
8902,0.042583402
9002,0.03913607
9202,0.114707395
9502,0.013951034
9802,0.037217177
9902,0.035377316
10102,0.032675773
10402,0.10280757
10502,0.10958972
10602,0.01683933
10702,0.011144936
10902,0.06674437
11202,0.14711504
11302,0.122586004
11702,0.0521533
11902,0.06068409
12102,0.08363707
12402,0.038198307
12702,0.10180672
12902,0.06576282
13002,0.012521499
13402,0.058602754
13502,0.043411717
13602,0.062626675
13702,0.051484354
13902,0.021778837
14302,0.07143449
14402,0.0052453536
15402,0.0027177506
15602,0.114045165
15702,0.05003977
15802,0.084819004
15902,0.070739225
16102,0.022092266
16202,0.05966268
16302,0.07382534
16402,0.043530934
16502,0.0008273125
16602,0.08495471
17002,0.078644305
17102,0.07826517
17202,0.07470901
17302,0.09498525
17402,0.05841295
17602,0.024595972
17702,0.060126316
17902,0.045096785
18002,0.05487564
18102,0.0034945284
18202,0.0009332765
18402,0.01018522
18502,0.089470595
18702,3.987387e-05
18802,0.1239014
19102,0.019843569
19502,0.055007454
19602,0.0058120945
19702,0.034066997
19802,0.001059691
20702,0.036990743
20802,0.012681022
20902,0.042665336
21102,0.15673809
21202,0.047914717
21402,0.06625129
21802,0.17010243
22002,0.04402179
22302,0.020424647
22402,0.09835
22502,0.08679458
22602,0.064752474
22902,0.0015046583
23002,0.00084352144
23202,0.029637324
23302,0.060686085
23602,0.08192938
23702,0.03175406
23802,0.06553345
23902,0.044753816
24102,0.08192348
24202,0.07942135
24402,0.0049369354
24502,0.062016703
24602,0.0044794437
24702,0.027563624
25302,0.013043915
25402,0.023521041
25802,0.0071713775
26002,0.0020309894
26102,0.08463369
26202,0.04812317
26302,0.06416659
26402,0.009073877
26602,0.08891171
26702,0.07297853
26802,0.6049233
26902,0.12464368
27002,0.108779855
27302,0.026829617
27402,0.036784552
27502,0.104809254
27902,0.33128327
28002,0.049629953
28102,0.016826082
28302,0.09728562
28402,0.11993459
29002,0.018576384
29102,0.11766801
29302,0.09820023
29602,0.027047778
29702,0.015658028
29802,0.049644753
29902,0.06714703
30002,0.09243596
30102,0.0024970612
30302,0.050282083
30402,0.060712643
30702,0.008936847
30802,0.16562861
31102,0.010677089
31202,0.029881984
31602,0.07508392
31702,0.0036675048
31802,0.038480215
31902,0.07339284
32002,0.040804517
32102,0.05108053
32802,0.098627955
33002,0.10493515
33102,0.04193909
33502,0.04974488
33702,0.08167219
33802,0.05772885
33902,0.0009937785
34002,0.01026183
34202,0.0022666554
34302,0.07558104
34402,0.0020504056
34502,0.015304281
34602,0.1351854
34802,0.00012451211
35002,0.032739073
35202,0.042189177
35302,0.046483316
35502,0.044196006
35602,0.035714794
35702,0.012523125
35902,0.03115383
36002,0.050896443
36102,0.06231165
36602,0.0025672445
37202,0.026644228
37402,0.04771788
37502,0.04999804
37602,0.04446066
37702,0.052562717
38102,0.079295285
38202,0.04288894
38302,0.07078354
38402,0.07362081
38602,0.043814026
38802,0.036818057
39102,0.17452653
39202,0.0057415557
39302,0.39604825
39402,0.17048247
39602,0.05266793
39702,0.0022431486
39902,0.06633844
40002,0.03575085
40202,0.055290267
40502,0.066403456
40602,0.04201038
41802,0.015038742
42002,0.06819954
42702,0.05851109
42902,0.017571937
43602,0.0074083772
44202,0.06325382
44502,0.06764767
44702,0.1617062
44902,0.039122615
45202,0.015897928
45302,0.02300821
45502,0.065968804
45602,0.08211627
46102,0.016706912
46302,0.07859906
46502,0.0042324048
46902,0.06190185
47002,0.06399799
47102,0.0041357856
47202,0.07549853
47302,0.12907048
47602,0.054200146
47702,0.097052835
47802,0.09203133
47902,0.051476188
48202,0.045010287
48602,0.052441657
48702,0.0009942172
49102,0.01882346
49202,0.08597752
49602,0.04775781
49702,0.11675389
49902,0.044469137
50102,0.044675395
50302,0.012431044
50402,0.0058742077
50602,0.08255375
50802,0.0051176953
50902,0.020872477
51002,0.06196805
51202,0.020021593
51602,0.072622545
51802,0.05227468
52002,0.0008782655
52102,0.12087589
52502,0.06355086
52602,0.019668223
52702,0.0042547164
53202,0.022869032
53302,0.07311995
53402,0.061240368
53602,0.049267273
53902,0.050689306
54102,0.0379115
54202,0.07981185
54302,0.031476546
54402,0.05536005
54602,0.009481749
55002,0.048147727
55202,0.34688658
55402,0.08964168
55502,0.12052377
55602,0.018093254
56202,0.03183791
56502,0.0505627
56702,0.04124258
56802,0.031097442
57002,0.052302472
57102,0.046476804
57202,0.050511446
57302,0.07452448
57502,0.05479706
57902,0.049715936
58002,0.026852557
58202,0.03352042
58302,0.035120707
58502,0.055742107
58902,0.020773748
59102,0.016437983
59202,0.026285687
59502,0.02844932
59602,0.010237048
59802,0.0592851
59902,0.040988483
60402,0.15747157
60502,0.053029746
60802,0.05326347
61102,0.03514176
61302,0.020209137
61402,0.020390328
61702,0.041660234
62102,0.0047344333
62402,0.053611707
62702,0.0564438
62802,0.102173
63502,0.0035161187
63602,0.07534209
63702,0.06483281
63802,0.1016502
63902,0.044526506
64302,0.041551795
64402,0.049912404
3,0.041762974
103,0.046570227
403,9.345797e-05
603,0.019986242
703,0.025488652
1003,0.03493619
1203,0.015555908
1703,0.031109998
2203,0.03169319
2703,9.006924e-05
2803,0.009847113
2903,0.021997578
3003,0.010219141
3103,0.014136864
3203,0.018568998
3303,0.017992726
3403,0.02185536
3703,0.0035343936
4003,0.020403609
4103,1.1079183e-13
4203,0.023387445
4403,0.013199188
4703,0.010367956
4803,0.02316937
4903,0.024705075
5103,0.013552009
5203,0.024839904
5703,0.019546825
5903,0.025799306
6203,0.035210926
6303,0.025521595
6503,0.03547053
6603,0.033902477
6803,0.0152414385
6903,0.0005203435
7003,0.0054372954
7203,8.57878e-05
7403,0.03700821
7503,0.022144055
7703,0.016836053
7903,0.0075226054
8103,0.025500825
8203,0.02256042
8303,0.030073851
8403,0.05089424
8503,0.04183567
8603,0.02720673
8703,0.02784519
8903,0.029461829
9003,0.023873666
9203,0.026598213
9503,0.0059768492
9803,0.022975005
9903,0.021608096
10103,0.011599913
10403,0.026732868
10503,0.03447354
10603,0.035260767
10703,0.02201053
10903,0.032918476
11203,0.024160508
11303,0.0029444497
11703,0.005186766
11903,0.025275799
12103,0.030554948
12403,0.02752594
12703,0.022310995
12903,0.015437581
13003,0.019577945
13403,0.029334493
13503,0.022556696
13603,0.028460337
13703,0.023380145
13903,0.03231929
14303,0.025396088
14403,0.00060532277
15403,0.002156283
15603,0.030890778
15703,0.010061635
15803,0.023895312
15903,0.015336927
16103,0.016992643
16203,0.021544227
16303,0.040431418
16403,0.036996078
16503,0.00018462716
16603,0.018469179
17003,0.031535994
17103,0.03586999
17203,0.038639963
17303,0.021168606
17403,0.017934753
17603,0.025000952
17703,0.022940848
17903,0.024845602
18003,0.02831581
18103,0.0001247644
18203,1.3013495e-05
18403,0.0013687811
18503,0.025139414
18703,9.1368855e-07
18803,0.028847987
19103,0.022523945
19503,0.035114698
19603,0.00072340586
19703,0.028957255
19803,0.00029278404
20703,0.023333555
20803,0.011030894
20903,0.028935833
21103,0.021948984
21203,0.019899247
21403,0.008067788
21803,0.025102653
22003,0.024863606
22303,0.023121927
22403,0.029154498
22503,0.027035996
22603,0.02937725
22903,7.337439e-05
23003,2.3360713e-05
23203,0.031864107
23303,0.034018945
23603,0.028284628
23703,0.017470818
23803,0.008894216
23903,0.02392304
24103,0.023508742
24203,0.028845705
24403,0.0013588807
24503,0.021074716
24603,0.00032643904
24703,0.025012707
25303,0.006929928
25403,0.022766609
25803,0.0025188732
26003,0.0017100909
26103,0.014918339
26203,0.044504393
26303,0.025255745
26403,0.009466529
26603,0.02965047
26703,0.025946941
26803,0.0031666528
26903,0.01624231
27003,0.028713288
27303,0.02255003
27403,0.015421223
27503,0.010605848
27903,0.011860656
28003,0.013457348
28103,0.0028381192
28303,0.03481625
28403,0.025016708
29003,0.013547215
29103,0.024898091
29303,0.033748955
29603,0.042001534
29703,0.0077890125
29803,0.019312965
29903,0.026018592
30003,0.029431224
30103,0.0010702948
30303,0.015938723
30403,0.024649037
30703,0.00204698
30803,0.021561584
31103,0.0037525955
31203,0.013974791
31603,0.028653223
31703,0.0016705432
31803,0.0068244943
31903,0.025923498
32003,0.02619515
32103,0.04923732
32803,0.025322266
33003,0.044217903
33103,0.02641552
33503,0.024357177
33703,0.027697174
33803,0.028848842
33903,3.5489725e-06
34003,0.0040483573
34203,0.00015650784
34303,0.024634477
34403,0.00020256452
34503,0.0015688533
34603,0.02325247
34803,3.0963247e-06
35003,0.022190653
35203,0.014011088
35303,0.016588153
35503,0.024787417
35603,0.021296306
35703,0.013164806
35903,0.0054530827
36003,0.011860783
36103,0.024679761
36603,0.0029908805
37203,0.0118328845
37403,0.031523768
37503,0.020679094
37603,0.009460316
37703,0.024755659
38103,0.022458887
38203,0.036568888
38303,0.0385467
38403,0.023050593
38603,0.019454047
38803,0.016481386
39103,0.020668024
39203,0.00011877791
39303,0.0027243525
39403,0.008885245
39603,0.033875346
39703,0.0016499294
39903,0.032957602
40003,0.020187061
40203,0.025432792
40503,0.020777265
40603,0.027379308
41803,0.0024614753
42003,0.031452812
42703,0.015678633
42903,0.019421568
43603,0.010358352
44203,0.028230121
44503,0.02121684
44703,0.02598551
44903,0.016904678
45203,0.017221766
45303,0.033233453
45503,0.027935082
45603,0.035556223
46103,0.027394198
46303,0.033745944
46503,0.0011817656
46903,0.02869686
47003,0.006934965
47103,0.0014399737
47203,0.0131767085
47303,0.041081138
47603,0.017968614
47703,0.020036167
47803,0.03846458
47903,0.023981713
48203,0.013223307
48603,0.024932962
48703,0.00032681256
49103,0.015763162
49203,0.020468192
49603,0.03468497
49703,0.0036095195
49903,0.022052024
50103,0.02475951
50303,0.0009207232
50403,0.00023635317
50603,0.0017269378
50803,0.00033529245
50903,0.005248171
51003,0.02786827
51203,0.000112707356
51603,0.0037502858
51803,0.021927139
52003,0.0006345104
52103,0.018193506
52503,0.020688845
52603,0.005177624
52703,0.0051066168
53203,0.033972856
53303,0.022232072
53403,0.036602706
53603,0.024159104
53903,0.028594099
54103,0.01560417
54203,0.022039928
54303,0.02519684
54403,0.029949676
54603,0.0042599356
55003,0.022453597
55203,0.0020318767
55403,0.0015215682
55503,0.01516078
55603,0.023956807
56203,0.022247862
56503,0.027791377
56703,0.025951661
56803,0.013775254
57003,0.013240851
57103,0.036273234
57203,0.022111159
57303,0.00617903
57503,0.035075344
57903,0.014983799
58003,0.024322957
58203,0.012713522
58303,0.015609084
58503,0.018771581
58903,0.02423686
59103,0.0028421564
59203,0.0026132232
59503,0.0010756669
59603,0.0030604778
59803,0.015988836
59903,0.015437942
60403,0.009795417
60503,0.02327225
60803,0.025254682
61103,0.0049630064
61303,0.0055623143
61403,0.0044366196
61703,0.02084057
62103,0.0014901505
62403,0.025870135
62703,0.0180989
62803,0.020122444
63503,0.0043717697
63603,0.028172975
63703,0.024405668
63803,0.027116958
63903,0.027414434
64303,0.027135525
64403,0.02547853
4,0.025762556
104,0.028336255
404,5.1119205e-05
604,0.07041723
704,0.027359726
1004,0.019234726
1204,0.024160989
1704,0.023543961
2204,0.032170963
2704,0.00025478992
2804,0.021576177
2904,0.026373887
3004,0.03518312
3104,0.060083672
3204,0.09308077
3304,0.02993888
3404,0.026221242
3704,0.02166387
4004,0.082711324
4104,5.2590114e-14
4204,0.08825549
4404,0.07909443
4704,0.07378217
4804,0.036168788
4904,0.06289207
5104,0.050503045
5204,0.057002295
5704,0.058586475
5904,0.03929279
6204,0.06780252
6304,0.01712706
6504,0.044566248
6604,0.05313736
6804,0.046717107
6904,0.0030956771
7004,0.024752136
7204,0.00036097367
7404,0.07055712
7504,0.033147193
7704,0.047252882
7904,0.054674096
8104,0.07691659
8204,0.07490526
8304,0.09324311
8404,0.046464283
8504,0.03478435
8604,0.048407804
8704,0.03630225
8904,0.035605792
9004,0.05994273
9204,0.05267196
9504,0.00905975
9804,0.028322903
9904,0.025160547
10104,0.04365565
10404,0.0669617
10504,0.028309109
10604,0.06777755
10704,0.043428376
10904,0.06166881
11204,0.05190277
11304,0.023456406
11704,0.028759519
11904,0.026680179
12104,0.032705136
12404,0.07660363
12704,0.05602295
12904,0.031217285
13004,0.06341679
13404,0.03143823
13504,0.03456971
13604,0.05781382
13704,0.036883242
13904,0.09956044
14304,0.032348655
14404,0.009549265
15404,0.015419764
15604,0.037322313
15704,0.05281569
15804,0.05825393
15904,0.063419186
16104,0.13008468
16204,0.069265194
16304,0.038594317
16404,0.026986117
16504,0.00014516526
16604,0.027361264
17004,0.028315239
17104,0.018928058
17204,0.020460455
17304,0.027961755
17404,0.018868204
17604,0.11493059
17704,0.027023757
17904,0.019100849
18004,0.015869157
18104,0.0010259888
18204,3.475684e-05
18404,0.0059072385
18504,0.034115624
18704,5.3437925e-06
18804,0.030648062
19104,0.0363204
19504,0.028086392
19604,0.0015741767
19704,0.03006865
19804,0.0024422149
20704,0.048218228
20804,0.04358809
20904,0.098013856
21104,0.06523765
21204,0.049015548
21404,0.061059564
21804,0.042885505
22004,0.041640095
22304,0.0237154
22404,0.06516114
22504,0.018106125
22604,0.060064048
22904,0.00027806213
23004,4.5465116e-05
23204,0.06883265
23304,0.059886925
23604,0.07420793
23704,0.15866967
23804,0.02632142
23904,0.05158225
24104,0.040763687
24204,0.13085431
24404,0.0101307975
24504,0.10148139
24604,0.0016236687
24704,0.064592004
25304,0.003703212
25404,0.09688944
25804,0.019042445
26004,0.012050533
26104,0.05765267
26204,0.055361465
26304,0.033984307
26404,0.020101981
26604,0.01779292
26704,0.067935474
26804,0.02068948
26904,0.08816952
27004,0.0680694
27304,0.06661848
27404,0.05327715
27504,0.022225916
27904,0.11676522
28004,0.11973279
28104,0.04339379
28304,0.026795685
28404,0.024422692
29004,0.092334144
29104,0.04102912
29304,0.0216148
29604,0.07305501
29704,0.02027246
29804,0.037203874
29904,0.02158977
30004,0.042840324
30104,0.026936075
30304,0.026376067
30404,0.045809723
30704,0.019810861
30804,0.055816967
31104,0.053564504
31204,0.05562084
31604,0.09207869
31704,0.012521478
31804,0.113721736
31904,0.05743437
32004,0.04121685
32104,0.012170016
32804,0.038833883
33004,0.023314346
33104,0.01973817
33504,0.09116056
33704,0.020219464
33804,0.01609119
33904,1.27484245e-05
34004,0.0062247408
34204,0.0006224158
34304,0.023128139
34404,0.0009807247
34504,0.0045725955
34604,0.070401244
34804,7.956241e-06
35004,0.048873212
35204,0.045413423
35304,0.109789915
35504,0.028603043
35604,0.027852874
35704,0.012748058
35904,0.050101593
36004,0.14233471
36104,0.087112844
36604,0.013140136
37204,0.011573772
37404,0.07284432
37504,0.06957743
37604,0.03873387
37704,0.08911023
38104,0.03992505
38204,0.038640756
38304,0.040585887
38404,0.044369042
38604,0.03706291
38804,0.031394
39104,0.053554643
39204,0.00041307023
39304,0.015456367
39404,0.15461625
39604,0.07287082
39704,6.166562e-05
39904,0.03902842
40004,0.105044566
40204,0.027174395
40504,0.06635038
40604,0.025944918
41804,0.014564314
42004,0.018813396
42704,0.07053998
42904,0.021494895
43604,0.035689637
44204,0.076506004
44504,0.13815004
44704,0.06150494
44904,0.013387856
45204,0.069538936
45304,0.053273972
45504,0.08248772
45604,0.059773978
46104,0.065472856
46304,0.038254313
46504,0.012866571
46904,0.032393213
47004,0.08866759
47104,0.02496261
47204,0.12587076
47304,0.024279242
47604,0.05615184
47704,0.016646104
47804,0.019429617
47904,0.06395477
48204,0.10978715
48604,0.033182528
48704,0.00022489965
49104,0.03908727
49204,0.061005503
49604,0.038585767
49704,0.030558331
49904,0.06271778
50104,0.020060532
50304,0.003162253
50404,0.0015282594
50604,0.0052623795
50804,0.0015349777
50904,0.018374855
51004,0.050079715
51204,0.00015998853
51604,0.009090262
51804,0.115027875
52004,0.0015010871
52104,0.07349557
52504,0.11772883
52604,0.077681504
52704,0.0018023914
53204,0.053338632
53304,0.12024227
53404,0.028126732
53604,0.033244535
53904,0.05655875
54104,0.041939452
54204,0.044927295
54304,0.065862566
54404,0.05711818
54604,0.00243924
55004,0.036668662
55204,0.006357962
55404,0.012122511
55504,0.010697593
55604,0.04701749
56204,0.12613605
56504,0.07709759
56704,0.04258953
56804,0.027072709
57004,0.024144055
57104,0.033948123
57204,0.06270257
57304,0.009874182
57504,0.02278776
57904,0.10189879
58004,0.07019336
58204,0.060984857
58304,0.057342805
58504,0.031697903
58904,0.041092012
59104,0.023532376
59204,0.041826665
59504,0.009523044
59604,0.024124254
59804,0.06822356
59904,0.098427065
60404,0.033731785
60504,0.07330971
60804,0.046679765
61104,0.041291952
61304,0.050540462
61404,0.075959265
61704,0.028662127
62104,0.00530715
62404,0.04908326
62704,0.041238517
62804,0.029614538
63504,0.047544375
63604,0.08321305
63704,0.038506504
63804,0.032704562
63904,0.05142959
64304,0.036499333
64404,0.042076066
5,0.028076805
105,0.025939664
405,7.770197e-05
605,0.033837233
705,0.025135325
1005,0.03844251
1205,0.015757542
1705,0.044059534
2205,0.046682958
2705,0.0007053013
2805,0.0053123394
2905,0.045166586
3005,0.015977204
3105,0.011967754
3205,0.013857712
3305,0.017458526
3405,0.020184446
3705,0.009133094
4005,0.020365631
4105,1.0352141e-12
4205,0.03162978
4405,0.02534065
4705,0.011525201
4805,0.026805943
4905,0.020691767
5105,0.017033583
5205,0.0429118
5705,0.020470466
5905,0.029272022
6205,0.02558349
6305,0.02565767
6505,0.087526836
6605,0.03849193
6805,0.02125019
6905,0.0003929276
7005,0.06671786
7205,0.00020379818
7405,0.0349566
7505,0.042675875
7705,0.033537697
7905,0.008618654
8105,0.059839606
8205,0.03545327
8305,0.034599807
8405,0.057913996
8505,0.04918089
8605,0.052207675
8705,0.03718884
8905,0.049461063
9005,0.041197624
9205,0.055549722
9505,0.00427672
9805,0.046124633
9905,0.045657776
10105,0.013701913
10405,0.028702056
10505,0.040337842
10605,0.04867445
10705,0.04302253
10905,0.030838722
11205,0.03472092
11305,0.006581249
11705,0.012390088
11905,0.02762529
12105,0.035740107
12405,0.033443693
12705,0.036028516
12905,0.07413686
13005,0.019694043
13405,0.030454213
13505,0.039335515
13605,0.028074006
13705,0.019528592
13905,0.037631243
14305,0.034038052
14405,0.0007984487
15405,0.001883364
15605,0.03191357
15705,0.028091133
15805,0.07516332
15905,0.032086
16105,0.016265754
16205,0.022163551
16305,0.04390304
16405,0.019811714
16505,0.00027227224
16605,0.018402642
17005,0.03778105
17105,0.050617326
17205,0.038597386
17305,0.036565706
17405,0.02160657
17605,0.012192256
17705,0.03749148
17905,0.038334224
18005,0.032427963
18105,0.00072717713
18205,0.00022599296
18405,0.008732852
18505,0.063562825
18705,1.7840439e-05
18805,0.07939349
19105,0.012423851
19505,0.046026453
19605,0.0033063332
19705,0.026353132
19805,0.001400846
20705,0.020415913
20805,0.0139006805
20905,0.023560839
21105,0.026038745
21205,0.019020015
21405,0.05092884
21805,0.024172677
22005,0.030501517
22305,0.03662741
22405,0.04724822
22505,0.037435424
22605,0.03502756
22905,3.4409044e-05
23005,6.360525e-05
23205,0.036856864
23305,0.036266964
23605,0.04933778
23705,0.01207181
23805,0.024196327
23905,0.050553486
24105,0.036704693
24205,0.027295358
24405,0.006333621
24505,0.06640171
24605,0.002079222
24705,0.0397633
25305,0.0033844062
25405,0.021361597
25805,0.0021165432
26005,0.0013163058
26105,0.07129619
26205,0.035797317
26305,0.03310734
26405,0.02726448
26605,0.03550113
26705,0.041871484
26805,0.005814531
26905,0.026057014
27005,0.054114845
27305,0.016567774
27405,0.010120065
27505,0.024572993
27905,0.024968313
28005,0.030503957
28105,0.004845387
28305,0.029532148
28405,0.052177884
29005,0.019861959
29105,0.036366034
29305,0.028448157
29605,0.051601026
29705,0.03658974
29805,0.040757444
29905,0.021368476
30005,0.04929182
30105,0.0008680896
30305,0.018004136
30405,0.025675934
30705,0.0021744992
30805,0.06914718
31105,0.0016236819
31205,0.020347508
31605,0.03684909
31705,0.0014588806
31805,0.011425142
31905,0.02618674
32005,0.038674437
32105,0.018184029
32805,0.041946482
33005,0.04013013
33105,0.030809203
33505,0.024032632
33705,0.048770905
33805,0.026372675
33905,2.9984367e-05
34005,0.018291116
34205,0.0009807681
34305,0.04928901
34405,0.0013419588
34505,0.01568869
34605,0.09170495
34805,5.6291872e-05
35005,0.016701803
35205,0.015568715
35305,0.022313554
35505,0.041001156
35605,0.025781572
35705,0.010539831
35905,0.0045899968
36005,0.015904263
36105,0.019754587
36605,0.0046201367
37205,0.026549017
37405,0.03710432
37505,0.043781284
37605,0.04027958
37705,0.022390435
38105,0.02855406
38205,0.030934868
38305,0.037216377
38405,0.048583657
38605,0.03651921
38805,0.03824056
39105,0.07668062
39205,7.167834e-05
39305,0.0046808403
39405,0.019646073
39605,0.036517914
39705,0.008375902
39905,0.046118375
40005,0.027951524
40205,0.04273838
40505,0.024689311
40605,0.051573552
41805,0.0022394808
42005,0.051580507
42705,0.016048554
42905,0.03230734
43605,0.013065537
44205,0.024101105
44505,0.020516146
44705,0.03189998
44905,0.047789283
45205,0.023622196
45305,0.040054638
45505,0.033855278
45605,0.043430172
46105,0.0498702
46305,0.03192876
46505,0.0007713981
46905,0.0418405
47005,0.02341953
47105,0.00064598786
47205,0.018442761
47305,0.039906997
47605,0.028802037
47705,0.020805739
47805,0.029569073
47905,0.034428496
48205,0.016160259
48605,0.0440087
48705,0.00032071586
49105,0.01436673
49205,0.018529141
49605,0.029788367
49705,0.009124752
49905,0.023683067
50105,0.035422135
50305,0.0047422126
50405,0.0011876744
50605,0.023140542
50805,0.0021495135
50905,0.02364559
51005,0.07399026
51205,0.0057536913
51605,0.003676716
51805,0.039101977
52005,0.0007875514
52105,0.03274344
52505,0.02133938
52605,0.0053718216
52705,0.011276394
53205,0.036127344
53305,0.023716472
53405,0.016107285
53605,0.024125557
53905,0.07039334
54105,0.03287137
54205,0.056036223
54305,0.049684227
54405,0.03739872
54605,0.0064001344
55005,0.02598689
55205,0.079505004
55405,0.009586322
55505,0.047069106
55605,0.021377612
56205,0.029597748
56505,0.03817929
56705,0.05048621
56805,0.019281121
57005,0.026714804
57105,0.041268855
57205,0.042478047
57305,0.0076638013
57505,0.03748253
57905,0.0170861
58005,0.030407207
58205,0.015289479
58305,0.04600339
58505,0.06145335
58905,0.04093785
59105,0.00679629
59205,0.0029322081
59505,0.001837941
59605,0.00393732
59805,0.02406198
59905,0.018490471
60405,0.035258014
60505,0.03165371
60805,0.03087018
61105,0.005513605
61305,0.00854406
61405,0.0074258377
61705,0.02987172
62105,0.0042579514
62405,0.032421146
62705,0.024474276
62805,0.018599877
63505,0.005106861
63605,0.01848737
63705,0.028203014
63805,0.03370625
63905,0.039437417
64305,0.033003185
64405,0.01687509
6,0.011551736
106,0.018546253
406,0.00040545297
606,0.089051135
706,0.07429816
1006,0.033535324
1206,0.03454476
1706,0.04312325
2206,0.08987676
2706,0.00030618766
2806,0.024180412
2906,0.106395006
3006,0.024550885
3106,0.034231745
3206,0.053775735
3306,0.09020454
3406,0.062145505
3706,0.015138924
4006,0.046680316
4106,7.220756e-14
4206,0.15192997
4406,0.02688076
4706,0.021927224
4806,0.061065912
4906,0.0910822
5106,0.021133073
5206,0.12585367
5706,0.10026805
5906,0.05582831
6206,0.098521866
6306,0.040211312
6506,0.11083991
6606,0.08421335
6806,0.112314284
6906,0.0010591557
7006,0.01359778
7206,0.0018430578
7406,0.05809814
7506,0.057130046
7706,0.071307026
7906,0.02281054
8106,0.08707938
8206,0.074414946
8306,0.092912994
8406,0.104025
8506,0.08446703
8606,0.08818825
8706,0.12041028
8906,0.08800206
9006,0.065948315
9206,0.07330965
9506,0.010893473
9806,0.11663157
9906,0.15265375
10106,0.05134835
10406,0.07951019
10506,0.075385645
10606,0.097023614
10706,0.065703854
10906,0.09132094
11206,0.06822837
11306,0.006484901
11706,0.045706134
11906,0.06279764
12106,0.07587261
12406,0.048796702
12706,0.08123198
12906,0.10373648
13006,0.06104234
13406,0.054911245
13506,0.047966357
13606,0.05069014
13706,0.09884802
13906,0.08714756
14306,0.08552395
14406,0.006059145
15406,0.018528761
15606,0.066439375
15706,0.09200779
15806,0.07884351
15906,0.04010311
16106,0.06260527
16206,0.07454716
16306,0.042829994
16406,0.017994938
16506,0.0007210383
16606,0.067015685
17006,0.0813514
17106,0.022321604
17206,0.016967466
17306,0.05217986
17406,0.054864828
17606,0.07257983
17706,0.070483096
17906,0.021112962
18006,0.01619321
18106,0.0005066126
18206,2.9533578e-05
18406,0.0062679467
18506,0.04885908
18706,5.5451987e-06
18806,0.09702454
19106,0.054983284
19506,0.099360116
19606,0.0020489942
19706,0.052042067
19806,0.0017883941
20706,0.07908396
20806,0.03339832
20906,0.075040236
21106,0.101253174
21206,0.09217982
21406,0.09325641
21806,0.07957715
22006,0.06374371
22306,0.052875496
22406,0.08342236
22506,0.057882242
22606,0.11539385
22906,0.000165394
23006,6.336984e-05
23206,0.064879745
23306,0.07660173
23606,0.09781855
23706,0.05496033
23806,0.08587913
23906,0.09378664
24106,0.0863595
24206,0.056218565
24406,0.015521465
24506,0.09779376
24606,0.0019097433
24706,0.08227793
25306,0.018916154
25406,0.108455524
25806,0.047935784
26006,0.008503594
26106,0.045794807
26206,0.08754815
26306,0.07251757
26406,0.17139916
26606,0.058251396
26706,0.09684951
26806,0.010372153
26906,0.04936875
27006,0.06648959
27306,0.049697056
27406,0.0452375
27506,0.03965211
27906,0.019833056
28006,0.06953807
28106,0.026307896
28306,0.05729978
28406,0.051527016
29006,0.08749837
29106,0.09757838
29306,0.056121614
29606,0.10181041
29706,0.033673126
29806,0.09211613
29906,0.044105068
30006,0.09237943
30106,0.008410564
30306,0.048813958
30406,0.12918405
30706,0.022419356
30806,0.04327369
31106,0.019355694
31206,0.0889914
31606,0.073681526
31706,0.010020306
31806,0.040606644
31906,0.04146732
32006,0.08085336
32106,0.013829273
32806,0.08393952
33006,0.020104125
33106,0.026725758
33506,0.06518225
33706,0.032656614
33806,0.011833858
33906,9.459578e-06
34006,0.011210289
34206,0.00073218165
34306,0.037605595
34406,0.00059907464
34506,0.012115745
34606,0.08133627
34806,1.4505104e-05
35006,0.06805005
35206,0.034338914
35306,0.076744735
35506,0.12192285
35606,0.09384554
35706,0.05067106
35906,0.012833032
36006,0.055717785
36106,0.049904652
36606,0.01554874
37206,0.02041025
37406,0.109195836
37506,0.11291468
37606,0.079047956
37706,0.106814556
38106,0.060945235
38206,0.084944546
38306,0.095346585
38406,0.11636005
38606,0.05157836
38806,0.044846848
39106,0.054415375
39206,0.0004109902
39306,0.011413397
39406,0.032521017
39606,0.09035046
39706,1.4074047e-05
39906,0.09190026
40006,0.08397544
40206,0.10813692
40506,0.07504888
40606,0.12040128
41806,0.013315723
42006,0.14359713
42706,0.15150908
42906,0.11039694
43606,0.072370954
44206,0.047802553
44506,0.04557395
44706,0.048584316
44906,0.035858255
45206,0.19123213
45306,0.13075005
45506,0.113714814
45606,0.082940474
46106,0.10541687
46306,0.074230336
46506,0.009179451
46906,0.084731504
47006,0.017885447
47106,0.011607833
47206,0.031786952
47306,0.06176777
47606,0.06556226
47706,0.04508173
47806,0.048941463
47906,0.076411754
48206,0.050546993
48606,0.0658709
48706,0.001170919
49106,0.041192774
49206,0.08133559
49606,0.088202715
49706,0.034723684
49906,0.05714586
50106,0.019335318
50306,0.0016537195
50406,0.0010884767
50606,0.0058042672
50806,0.002053888
50906,0.031882532
51006,0.11015639
51206,0.00035347
51606,0.01585785
51806,0.07688299
52006,0.004268785
52106,0.09053471
52506,0.0824055
52606,0.03278067
52706,0.038505435
53206,0.12528124
53306,0.0799097
53406,0.038081605
53606,0.057203524
53906,0.08697422
54106,0.06900264
54206,0.095646225
54306,0.10956218
54406,0.07477909
54606,0.014213599
55006,0.039882895
55206,0.0026475661
55406,0.0055634445
55506,0.07191756
55606,0.04446977
56206,0.07361547
56506,0.09570554
56706,0.09342538
56806,0.07997248
57006,0.1291609
57106,0.11777186
57206,0.11095318
57306,0.016761953
57506,0.07498851
57906,0.06650564
58006,0.08534808
58206,0.07248911
58306,0.0669406
58506,0.11114422
58906,0.055270173
59106,0.010697992
59206,0.024800157
59506,0.002576696
59606,0.017072177
59806,0.03944975
59906,0.061076358
60406,0.029354488
60506,0.0626545
60806,0.12767698
61106,0.017670382
61306,0.029813241
61406,0.019536942
61706,0.042035036
62106,0.034088064
62406,0.13991337
62706,0.11782409
62806,0.036227703
63506,0.03137872
63606,0.12525852
63706,0.07959689
63806,0.077547245
63906,0.102638476
64306,0.062149804
64406,0.069956645
7,0.11123668
107,0.10225317
407,0.003209369
607,0.040031146
707,0.05215534
1007,0.103719994
1207,0.017280964
1707,0.10112656
2207,0.07987573
2707,8.392367e-05
2807,0.021891167
2907,0.070996
3007,0.021089055
3107,0.06636754
3207,0.054941595
3307,0.08590019
3407,0.056787238
3707,0.0095317345
4007,0.034658305
4107,1.02416214e-10
4207,0.11218572
4407,0.08132796
4707,0.04795561
4807,0.067881994
4907,0.047684945
5107,0.0289033
5207,0.08547957
5707,0.18594497
5907,0.07691438
6207,0.12179266
6307,0.026856793
6507,0.034755375
6607,0.044819675
6807,0.2168282
6907,0.30856296
7007,0.014204843
7207,0.009379245
7407,0.030439187
7507,0.047319513
7707,0.043240007
7907,0.016981717
8107,0.04089799
8207,0.04722045
8307,0.05438373
8407,0.069742404
8507,0.08966377
8607,0.0724365
8707,0.047229804
8907,0.06879891
9007,0.04486722
9207,0.029556746
9507,0.021159744
9807,0.05727898
9907,0.03137651
10107,0.10542724
10407,0.10442662
10507,0.04918328
10607,0.09440138
10707,0.081294365
10907,0.063253395
11207,0.039254352
11307,0.042287722
11707,0.09918112
11907,0.0706196
12107,0.08174526
12407,0.06158119
12707,0.09237865
12907,0.07417117
13007,0.05074203
13407,0.03637527
13507,0.061992478
13607,0.11628505
13707,0.13409969
13907,0.0831723
14307,0.06399618
14407,0.020578831
15407,0.015247599
15607,0.041829463
15707,0.19597505
15807,0.07124482
15907,0.032398578
16107,0.09621064
16207,0.05332423
16307,0.06563213
16407,0.09947071
16507,0.00044130697
16607,0.044321332
17007,0.052824713
17107,0.0936627
17207,0.1678343
17307,0.05878293
17407,0.04595734
17607,0.055068742
17707,0.04282903
17907,0.078451715
18007,0.15146978
18107,0.0012578178
18207,4.037054e-05
18407,0.0042644865
18507,0.07142009
18707,4.592556e-06
18807,0.089548014
19107,0.01880517
19507,0.053369585
19607,0.0013221436
19707,0.042846087
19807,0.0016406392
20707,0.13824485
20807,0.01811347
20907,0.040832795
21107,0.053156044
21207,0.15202558
21407,0.15016979
21807,0.092633344
22007,0.070092835
22307,0.061432756
22407,0.057525266
22507,0.04716639
22607,0.06818349
22907,0.384854
23007,0.00039702666
23207,0.06184746
23307,0.04837394
23607,0.045833986
23707,0.21898785
23807,0.028287448
23907,0.07503663
24107,0.07378299
24207,0.05657634
24407,0.003136629
24507,0.07123442
24607,0.0008096007
24707,0.06564458
25307,0.016907666
25407,0.12792175
25807,0.006857309
26007,0.006243589
26107,0.037018858
26207,0.15125889
26307,0.070382304
26407,0.028164072
26607,0.026600717
26707,0.05113761
26807,0.108145684
26907,0.038359843
27007,0.10242462
27307,0.054953814
27407,0.060983963
27507,0.043011464
27907,0.09494443
28007,0.052304577
28107,0.027824955
28307,0.040427618
28407,0.07274377
29007,0.029142732
29107,0.056642048
29307,0.043051932
29607,0.12622036
29707,0.010490613
29807,0.06692408
29907,0.06776596
30007,0.12581822
30107,0.018575087
30307,0.07579706
30407,0.08256273
30707,0.01396471
30807,0.17860147
31107,0.012981793
31207,0.10289953
31607,0.11341124
31707,0.0127078295
31807,0.2274109
31907,0.15237875
32007,0.11424522
32107,0.08997668
32807,0.037034776
33007,0.115866154
33107,0.081860535
33507,0.054100584
33707,0.114896774
33807,0.13744526
33907,2.5725254e-05
34007,0.004403457
34207,0.0005208353
34307,0.07087166
34407,0.00031111995
34507,0.004105851
34607,0.057905585
34807,8.648699e-06
35007,0.049735937
35207,0.06468303
35307,0.054307096
35507,0.042021405
35607,0.034856454
35707,0.018358119
35907,0.06701796
36007,0.08525941
36107,0.07083578
36607,0.0039214366
37207,0.02126559
37407,0.042359367
37507,0.10038947
37607,0.03627237
37707,0.08493836
38107,0.057339292
38207,0.07710387
38307,0.074340425
38407,0.09894887
38607,0.048491698
38807,0.05625661
39107,0.03489757
39207,0.2115251
39307,0.16838904
39407,0.20124975
39607,0.05444608
39707,0.003106314
39907,0.045540202
40007,0.1628077
40207,0.061125223
40507,0.07859463
40607,0.050390415
41807,0.027848473
42007,0.056660935
42707,0.15244174
42907,0.036110736
43607,0.042029057
44207,0.08133288
44507,0.13412961
44707,0.04930837
44907,0.027224462
45207,0.049035426
45307,0.04102945
45507,0.09806408
45607,0.09225501
46107,0.057415057
46307,0.037985522
46507,0.0078872
46907,0.08899935
47007,0.01780447
47107,0.0061732517
47207,0.13196653
47307,0.049525402
47607,0.18230993
47707,0.03709278
47807,0.04130926
47907,0.091111705
48207,0.14183213
48607,0.040424388
48707,0.00071134523
49107,0.028377715
49207,0.122961104
49607,0.09874771
49707,0.06982573
49907,0.12949833
50107,0.100850165
50307,0.0013315689
50407,0.0011831241
50607,0.009231986
50807,0.0015216647
50907,0.011075322
51007,0.033839677
51207,0.0002370587
51607,0.43987495
51807,0.061627075
52007,0.0039805984
52107,0.054682136
52507,0.24495079
52607,0.1253422
52707,0.007798005
53207,0.06025363
53307,0.10716823
53407,0.056105535
53607,0.06750743
53907,0.04066852
54107,0.036747742
54207,0.054004792
54307,0.083273076
54407,0.10882758
54607,0.020403251
55007,0.062389072
55207,0.016426684
55407,0.030005563
55507,0.051437363
55607,0.030823682
56207,0.07808344
56507,0.06394654
56707,0.07571197
56807,0.10491486
57007,0.04710075
57107,0.07893767
57207,0.090848446
57307,0.14499563
57507,0.06276071
57907,0.22713998
58007,0.064750634
58207,0.027433937
58307,0.028311184
58507,0.039483182
58907,0.039650407
59107,0.014768642
59207,0.3315633
59507,0.0012605166
59607,0.022302087
59807,0.033825066
59907,0.04504615
60407,0.040140327
60507,0.035172474
60807,0.07004246
61107,0.011473824
61307,0.010166014
61407,0.052108005
61707,0.07068496
62107,0.018182555
62407,0.056492116
62707,0.12286829
62807,0.031916734
63507,0.026474271
63607,0.16636696
63707,0.062131148
63807,0.04834177
63907,0.05182895
64307,0.052162852
64407,0.11098575
8,0.01619937
108,0.0373465
408,2.4808005e-05
608,0.030404447
708,0.07954681
1008,0.039110173
1208,0.06832679
1708,0.03944028
2208,0.043469407
2708,0.0012155169
2808,0.026002454
2908,0.04255532
3008,0.026064489
3108,0.19172974
3208,0.056323417
3308,0.02356809
3408,0.031911545
3708,0.018506369
4008,0.06331908
4108,5.100284e-13
4208,0.029775081
4408,0.02352627
4708,0.02560166
4808,0.055900265
4908,0.0465838
5108,0.13106069
5208,0.025753913
5708,0.023376603
5908,0.099519104
6208,0.042614244
6308,0.14736427
6508,0.050557382
6608,0.069994785
6808,0.015718536
6908,0.0020188573
7008,0.046586648
7208,5.7004436e-05
7408,0.049219444
7508,0.04941822
7708,0.087212645
7908,0.27120522
8108,0.064928755
8208,0.04866379
8308,0.072047405
8408,0.06963002
8508,0.06571835
8608,0.08544587
8708,0.09475713
8908,0.11615237
9008,0.097461164
9208,0.116668075
9508,0.013331798
9808,0.05799757
9908,0.041752707
10108,0.026149381
10408,0.08430261
10508,0.1011501
10608,0.113039404
10708,0.087710686
10908,0.06662336
11208,0.07887471
11308,0.10511508
11708,0.007071773
11908,0.08055087
12108,0.036613774
12408,0.10671877
12708,0.023844587
12908,0.014667417
13008,0.043433953
13408,0.09926072
13508,0.087289214
13608,0.08432121
13708,0.022908637
13908,0.03731355
14308,0.044103503
14408,0.012789673
15408,0.00947962
15608,0.08923149
15708,0.01229393
15808,0.07303081
15908,0.21557797
16108,0.037744828
16208,0.050992683
16308,0.056743346
16408,0.027654806
16508,0.00042238733
16608,0.03532515
17008,0.0538013
17108,0.021784607
17208,0.022080164
17308,0.08337036
17408,0.030844549
17608,0.04683538
17708,0.036238607
17908,0.02435624
18008,0.022436948
18108,0.0005605546
18208,0.00016002865
18408,0.011220173
18508,0.086471565
18708,8.836409e-06
18808,0.048882198
19108,0.0416019
19508,0.06788053
19608,0.0031675876
19708,0.03896113
19808,0.0018754198
20708,0.036884874
20808,0.036300134
20908,0.08812624
21108,0.0458343
21208,0.018350687
21408,0.029141152
21808,0.03774932
22008,0.074466206
22308,0.08080224
22408,0.058476474
22508,0.08732988
22608,0.030143917
22908,2.3363797e-05
23008,0.00010695197
23208,0.06034207
23308,0.048358895
23608,0.07130495
23708,0.06481555
23808,0.07246854
23908,0.05308794
24108,0.03750369
24208,0.10592506
24408,0.0096047865
24508,0.064464524
24608,0.0061837453
24708,0.06814497
25308,0.0067161815
25408,0.04463241
25808,0.09424806
26008,0.010784997
26108,0.08373264
26208,0.040636852
26308,0.0566802
26408,0.016132712
26608,0.1241632
26708,0.051258884
26808,0.024319177
26908,0.120407924
27008,0.06219361
27308,0.07991339
27408,0.10196694
27508,0.020778922
27908,0.0718881
28008,0.050542388
28108,0.1767838
28308,0.059424948
28408,0.06346176
29008,0.071270846
29108,0.033331987
29308,0.04769035
29608,0.050626975
29708,0.021045772
29808,0.020296654
29908,0.061507832
30008,0.0182964
30108,0.024628328
30308,0.049465768
30408,0.048128836
30708,0.0725782
30808,0.024553858
31108,0.21434835
31208,0.020236365
31608,0.050989415
31708,0.009495734
31808,0.026255775
31908,0.035303533
32008,0.02793491
32108,0.019978177
32808,0.11982294
33008,0.03476671
33108,0.02881256
33508,0.071381465
33708,0.054549325
33808,0.016694877
33908,0.00017837563
34008,0.0081151165
34208,0.0012749779
34308,0.03710678
34408,0.0014726719
34508,0.004612
34608,0.052311964
34808,2.510956e-05
35008,0.04995054
35208,0.07921826
35308,0.029135104
35508,0.046233255
35608,0.054040633
35708,0.018954389
35908,0.030236363
36008,0.08202769
36108,0.12088939
36608,0.0090709925
37208,0.008658655
37408,0.0318057
37508,0.024097743
37608,0.044183798
37708,0.07275241
38108,0.07565555
38208,0.048457388
38308,0.048769902
38408,0.025299795
38608,0.10249683
38808,0.051682968
39108,0.039078653
39208,0.00017272444
39308,0.008403124
39408,0.06216819
39608,0.06696596
39708,4.379383e-05
39908,0.07955357
40008,0.06377194
40208,0.042399045
40508,0.05542165
40608,0.052022032
41808,0.019980434
42008,0.07316518
42708,0.025046393
42908,0.094074324
43608,0.024552088
44208,0.051316638
44508,0.04172857
44708,0.073878355
44908,0.033142667
45208,0.06816292
45308,0.07698042
45508,0.042025514
45608,0.043041494
46108,0.026214607
46308,0.07221316
46508,0.06195193
46908,0.051568862
47008,0.062122475
47108,0.20906897
47208,0.059559923
47308,0.046764735
47608,0.035148166
47708,0.086573325
47808,0.08766439
47908,0.050415445
48208,0.026316209
48608,0.0928742
48708,0.0006676768
49108,0.044959016
49208,0.029833823
49608,0.037924428
49708,0.03933692
49908,0.05800303
50108,0.024215868
50308,0.017835116
50408,0.0009467498
50608,0.004184881
50808,0.0021485153
50908,0.024493948
51008,0.037792537
51208,0.000879744
51608,0.0035021272
51808,0.066655494
52008,0.0025446254
52108,0.044544227
52508,0.0351401
52608,0.028300088
52708,0.00069916266
53208,0.04692104
53308,0.02665545
53408,0.04889957
53608,0.053036038
53908,0.074096866
54108,0.15984432
54208,0.04293958
54308,0.044885494
54408,0.041469563
54608,0.01022822
55008,0.08930909
55208,0.00651742
55408,0.01002703
55508,0.053785797
55608,0.025755724
56208,0.058584474
56508,0.04112428
56708,0.09190229
56808,0.018119501
57008,0.07593012
57108,0.07172408
57208,0.051338024
57308,0.007250826
57508,0.039014954
57908,0.021638388
58008,0.06072214
58208,0.12546594
58308,0.056662194
58508,0.048840757
58908,0.0723824
59108,0.10655275
59208,0.027580008
59508,0.8134333
59608,0.024363693
59808,0.054317307
59908,0.07164738
60408,0.1152712
60508,0.066814505
60808,0.051636774
61108,0.6055964
61308,0.28837544
61408,0.10488396
61708,0.065665655
62108,0.002426695
62408,0.03364478
62708,0.026718065
62808,0.11768771
63508,0.028886804
63608,0.035955466
63708,0.04820145
63808,0.052982222
63908,0.08208365
64308,0.05426303
64408,0.028949749
9,0.0237296
109,0.02536333
409,1.34634865e-05
609,0.14473715
709,0.023408648
1009,0.029456178
1209,0.019574186
1709,0.025721733
2209,0.038488768
2709,0.0006866115
2809,0.013814588
2909,0.056959704
3009,0.06141278
3109,0.009150986
3209,0.04411942
3309,0.039506003
3409,0.0164969
3709,0.002992211
4009,0.100883365
4109,2.9947588e-13
4209,0.042765997
4409,0.050625134
4709,0.051647082
4809,0.043496296
4909,0.07723008
5109,0.029335862
5209,0.063368835
5709,0.027408598
5909,0.060554802
6209,0.021783473
6309,0.085387856
6509,0.044807788
6609,0.04307264
6809,0.011194663
6909,0.00019793738
7009,0.103611656
7209,4.981764e-05
7409,0.02273821
7509,0.027508458
7709,0.020737166
7909,0.00920352
8109,0.09130757
8209,0.08236992
8309,0.03746345
8409,0.038410764
8509,0.032757144
8609,0.030248633
8709,0.022108829
8909,0.03167946
9009,0.09259093
9209,0.065202646
9509,0.008454619
9809,0.030623937
9909,0.082066596
10109,0.021809477
10409,0.015892096
10509,0.08707452
10609,0.015584427
10709,0.089861944
10909,0.11523909
11209,0.024072606
11309,0.015126526
11709,0.005556132
11909,0.03395724
12109,0.065813534
12409,0.028183121
12709,0.10505082
12909,0.22454485
13009,0.10765213
13409,0.07243172
13509,0.076766014
13609,0.021669589
13709,0.007901465
13909,0.039257128
14309,0.055975653
14409,0.0117300805
15409,0.010423997
15609,0.08269888
15709,0.05311106
15809,0.05134284
15909,0.0208705
16109,0.026590725
16209,0.04845852
16309,0.014467425
16409,0.016306613
16509,0.00026110755
16609,0.01618415
17009,0.15016545
17109,0.03039768
17209,0.021467242
17309,0.01677551
17409,0.018268539
17609,0.022943573
17709,0.08396622
17909,0.014902351
18009,0.013836726
18109,0.00024275776
18209,7.944531e-05
18409,0.004601768
18509,0.029794184
18709,6.3705347e-06
18809,0.057629503
19109,0.03726635
19509,0.034641653
19609,0.0009839421
19709,0.0413681
19809,0.0002881723
20709,0.024861744
20809,0.037573725
20909,0.029985657
21109,0.073528655
21209,0.017194003
21409,0.21217218
21809,0.040839758
22009,0.05093713
22309,0.063857466
22409,0.06293812
22509,0.06843905
22609,0.03945741
22909,1.8050252e-05
23009,2.9401976e-05
23209,0.037256397
23309,0.025497243
23609,0.04726956
23709,0.020253712
23809,0.016823528
23909,0.037545912
24109,0.02920516
24209,0.0393202
24409,0.003259252
24509,0.09647594
24609,0.00061637803
24709,0.04265774
25309,0.0035163471
25409,0.013641448
25809,0.041370027
26009,0.0046834755
26109,0.25330853
26209,0.028119799
26309,0.03451794
26409,0.034684457
26609,0.12957296
26709,0.075068474
26809,0.006450709
26909,0.027503083
27009,0.027732981
27309,0.027561035
27409,0.006692375
27509,0.012110415
27909,0.067327805
28009,0.03823613
28109,0.01178463
28309,0.17860617
28409,0.06271139
29009,0.050496034
29109,0.109274544
29309,0.040568847
29609,0.026345914
29709,0.024258133
29809,0.059943765
29909,0.035672795
30009,0.057515025
30109,0.009345187
30309,0.029075379
30409,0.047058024
30709,0.025078932
30809,0.077724524
31109,0.020575272
31209,0.04798972
31609,0.03705861
31709,0.005536035
31809,0.08440342
31909,0.0883464
32009,0.024447223
32109,0.016430955
32809,0.06369971
33009,0.01697349
33109,0.023664705
33509,0.066752255
33709,0.01641654
33809,0.012463579
33909,6.2246863e-06
34009,0.005212289
34209,0.00045231325
34309,0.022640979
34409,0.00030934243
34509,0.010994499
34609,0.074385025
34809,1.8021981e-05
35009,0.038979936
35209,0.017880768
35309,0.089805804
35509,0.062036604
35609,0.04245413
35709,0.026587155
35909,0.009495193
36009,0.063655905
36109,0.014344409
36609,0.007574264
37209,0.0358664
37409,0.08764579
37509,0.06659178
37609,0.22749685
37709,0.055832136
38109,0.04772438
38209,0.028789405
38309,0.033886388
38409,0.11390324
38609,0.04450779
38809,0.0633966
39109,0.11983721
39209,3.8365517e-05
39309,0.008384813
39409,0.04335887
39609,0.035962515
39709,0.0015418273
39909,0.053618714
40009,0.025725385
40209,0.065807566
40509,0.019212782
40609,0.04476838
41809,0.010428085
42009,0.06947543
42709,0.023323217
42909,0.0072900853
43609,0.007320001
44209,0.034943312
44509,0.021664068
44709,0.09209189
44909,0.17232874
45209,0.015186288
45309,0.07797152
45509,0.037194923
45609,0.096975036
46109,0.036763296
46309,0.09606665
46509,0.00597365
46909,0.033260047
47009,0.029097099
47109,0.011677044
47209,0.08109418
47309,0.08423245
47609,0.028529564
47709,0.024748707
47809,0.059095748
47909,0.024377361
48209,0.05621352
48609,0.029843995
48709,0.00036927234
49109,0.049559698
49209,0.01902391
49609,0.024581617
49709,0.0078582205
49909,0.026916558
50109,0.01091579
50309,0.0024380584
50409,0.0005355711
50609,0.028176878
50809,0.0010336712
50909,0.018525219
51009,0.052947577
51209,0.003533448
51609,0.0016284712
51809,0.04174539
52009,0.0003045827
52109,0.09224881
52509,0.018505722
52609,0.018954473
52709,0.04664566
53209,0.036736578
53309,0.06274753
53409,0.020573592
53609,0.042163298
53909,0.10896625
54109,0.08699619
54209,0.12975839
54309,0.035775404
54409,0.035755932
54609,0.004089109
55009,0.028871167
55209,0.40335274
55409,0.015363632
55509,0.027464025
55609,0.026633643
56209,0.07885273
56509,0.050302908
56709,0.028768726
56809,0.027769435
57009,0.04095274
57109,0.02620121
57209,0.02554713
57309,0.004285143
57509,0.028740037
57909,0.03106943
58009,0.043895498
58209,0.13279986
58309,0.021806464
58509,0.18383734
58909,0.02228073
59109,0.032841142
59209,0.009581549
59509,0.012019449
59609,0.033382937
59809,0.027739463
59909,0.041635748
60409,0.07129734
60509,0.030062353
60809,0.023069138
61109,0.0056248344
61309,0.014773389
61409,0.024904072
61709,0.039499056
62109,0.0038787115
62409,0.07193791
62709,0.041005068
62809,0.024060741
63509,0.009632241
63609,0.0141040385
63709,0.020212503
63809,0.050837353
63909,0.03488251
64309,0.033973813
64409,0.010470392
10,0.046733107
110,0.048556857
410,0.034207407
610,0.16324481
710,0.05543425
1010,0.117231764
1210,0.376716
1710,0.04009571
2210,0.11359039
2710,0.00024353649
2810,0.75871044
2910,0.09687856
3010,0.537205
3110,0.07359518
3210,0.13337244
3310,0.14767717
3410,0.48271522
3710,0.2670033
4010,0.07977657
4110,1.149848e-14
4210,0.04892675
4410,0.49618998
4710,0.025188632
4810,0.07622665
4910,0.22719339
5110,0.028276205
5210,0.06225726
5710,0.16780989
5910,0.052053444
6210,0.053985484
6310,0.020961937
6510,0.13655743
6610,0.04929976
6810,0.23837814
6910,0.0013053922
7010,0.019393137
7210,0.008159075
7410,0.3263321
7510,0.11940919
7710,0.13950267
7910,0.051883254
8110,0.105100185
8210,0.14155355
8310,0.119307086
8410,0.05633683
8510,0.07366
8610,0.098088264
8710,0.073932156
8910,0.118848145
9010,0.19042109
9210,0.06827204
9510,0.83702815
9810,0.03751673
9910,0.1693537
10110,0.54511297
10410,0.03038662
10510,0.030415377
10610,0.13521436
10710,0.048942275
10910,0.02647214
11210,0.049630295
11310,0.45264092
11710,0.12529239
11910,0.031384885
12110,0.24538483
12410,0.2979616
12710,0.098418504
12910,0.118000224
13010,0.11305278
13410,0.051299933
13510,0.068126805
13610,0.06550116
13710,0.025375634
13910,0.026183568
14310,0.09961353
14410,0.90943456
15410,0.8851787
15610,0.032794815
15710,0.32404143
15810,0.08341411
15910,0.065554395
16110,0.30856183
16210,0.3329319
16310,0.07182211
16410,0.024536949
16510,0.034461383
16610,0.30733597
17010,0.032660987
17110,0.05133858
17210,0.028148433
17310,0.15766326
17410,0.08037013
17610,0.3146845
17710,0.1522719
17910,0.017068146
18010,0.009694947
18110,0.0016726851
18210,0.00010689771
18410,0.049260568
18510,0.09632457
18710,1.274866e-05
18810,0.06115465
19110,0.4247248
19510,0.14059412
19610,0.1423388
19710,0.37890685
19810,0.03586836
20710,0.12165529
20810,0.5973391
20910,0.17114225
21110,0.045041114
21210,0.30163863
21410,0.113903135
21810,0.02517063
22010,0.04849823
22310,0.04154651
22410,0.1290781
22510,0.031491794
22610,0.125996
22910,9.766421e-05
23010,0.0012686775
23210,0.07612038
23310,0.045818996
23610,0.045915317
23710,0.10121209
23810,0.07801241
23910,0.1680743
24110,0.16178837
24210,0.06138642
24410,0.025176862
24510,0.07283889
24610,0.0018135122
24710,0.1661646
25310,0.6100088
25410,0.23144813
25810,0.64703655
26010,0.9259435
26110,0.14019328
26210,0.087696575
26310,0.037393745
26410,0.53937835
26610,0.023715772
26710,0.09585623
26810,0.008294351
26910,0.21496505
27010,0.055526555
27310,0.36949983
27410,0.31393164
27510,0.063401215
27910,0.044077702
28010,0.051966626
28110,0.6017276
28310,0.021410216
28410,0.068322785
29010,0.4174654
29110,0.05980786
29310,0.014225126
29610,0.10245266
29710,0.7489821
29810,0.32409188
29910,0.018485695
30010,0.09756008
30110,0.8758453
30310,0.036058724
30410,0.08549447
30710,0.77126855
30810,0.16411193
31110,0.5452033
31210,0.414154
31610,0.06557248
31710,0.91448396
31810,0.26175112
31910,0.062953964
32010,0.16268279
32110,0.0055334033
32810,0.06516311
33010,0.032779664
33110,0.084833145
33510,0.17060113
33710,0.023411302
33810,0.008471414
33910,0.00014263942
34010,0.026660783
34210,0.002607151
34310,0.033051707
34410,0.0028116906
34510,0.018917073
34610,0.04284996
34810,0.00040737528
35010,0.31053126
35210,0.08339707
35310,0.11496394
35510,0.17805758
35610,0.29601604
35710,0.66708916
35910,0.6888953
36010,0.25210217
36110,0.08375876
36610,0.8913258
37210,0.010561658
37410,0.10624974
37510,0.1874351
37610,0.16380355
37710,0.058789536
38110,0.0700238
38210,0.03941947
38310,0.022038851
38410,0.12788624
38610,0.070754774
38810,0.11375121
39110,0.023062037
39210,0.00068579713
39310,0.0051025716
39410,0.078313105
39610,0.050120063
39710,0.00016305571
39910,0.15378888
40010,0.20969248
40210,0.08597782
40510,0.10114277
40610,0.16000606
41810,0.8539734
42010,0.052817687
42710,0.13001923
42910,0.15212502
43610,0.6781406
44210,0.27223518
44510,0.12527834
44710,0.07577837
44910,0.1570835
45210,0.09249061
45310,0.055825945
45510,0.09263565
45610,0.036703203
46110,0.25712445
46310,0.05696706
46510,0.8687951
46910,0.030956836
47010,0.047259204
47110,0.6512926
47210,0.23566031
47310,0.03413458
47610,0.23254605
47710,0.035045307
47810,0.028564889
47910,0.088678226
48210,0.27543035
48610,0.20263521
48710,0.03448559
49110,0.53657204
49210,0.1263919
49610,0.15259245
49710,0.058691874
49910,0.16611686
50110,0.013790254
50310,0.015114368
50410,0.0011128758
50610,0.005284767
50810,0.0021014009
50910,0.36570385
51010,0.09421409
51210,0.00057149044
51610,0.026143752
51810,0.13866629
52010,0.7878031
52110,0.062262695
52510,0.07195785
52610,0.6019332
52710,0.0025179759
53210,0.1552561
53310,0.08559263
53410,0.030842481
53610,0.051768053
53910,0.10409969
54110,0.21106572
54210,0.13516292
54310,0.22104986
54410,0.11381726
54610,0.0041569653
55010,0.105090015
55210,0.003373952
55410,0.0118543655
55510,0.03780642
55610,0.3394015
56210,0.12150495
56510,0.1057241
56710,0.111091055
56810,0.4857908
57010,0.10359234
57110,0.06846406
57210,0.084041536
57310,0.049474463
57510,0.03559224
57910,0.1698574
58010,0.28425208
58210,0.32757983
58310,0.03932136
58510,0.152418
58910,0.21756956
59110,0.71222746
59210,0.44534105
59510,0.067299075
59610,0.78910404
59810,0.4654789
59910,0.40669364
60410,0.37444386
60510,0.26302856
60810,0.15328865
61110,0.06930485
61310,0.46357685
61410,0.6218334
61710,0.049535874
62110,0.9032934
62410,0.06215963
62710,0.07256669
62810,0.03588963
63510,0.77008855
63610,0.045352254
63710,0.05225409
63810,0.07243391
63910,0.10340425
64310,0.16185296
64410,0.27572194
11,0.0725974
111,0.09810218
411,0.19607748
611,0.044272877
711,0.08719085
1011,0.10579845
1211,0.10033859
1711,0.096616745
2211,0.046398927
2711,0.00040187393
2811,0.013152958
2911,0.09273166
3011,0.007723367
3111,0.07994677
3211,0.13676837
3311,0.08682652
3411,0.026289761
3711,0.00485687
4011,0.0312982
4111,6.219106e-13
4211,0.07283576
4411,0.023114247
4711,0.023816343
4811,0.06881213
4911,0.025022818
5111,0.058869727
5211,0.093823135
5711,0.07859798
5911,0.046714827
6211,0.07647679
6311,0.07954867
6511,0.08118866
6611,0.06700987
6811,0.05769653
6911,0.0033327318
7011,0.011932796
7211,0.0008775651
7411,0.094649784
7511,0.049127
7711,0.041148685
7911,0.010711097
8111,0.05134625
8211,0.053988386
8311,0.058577813
8411,0.06689727
8511,0.06753442
8611,0.053461917
8711,0.024507174
8911,0.055008557
9011,0.032895178
9211,0.060322523
9511,0.0038698805
9811,0.06200126
9911,0.023355074
10111,0.018462252
10411,0.061561774
10511,0.051992998
10611,0.030563114
10711,0.035599906
10911,0.04302343
11211,0.07491319
11311,0.0045742844
11711,0.021865254
11911,0.09648528
12111,0.035127394
12411,0.032269496
12711,0.042824406
12911,0.027077608
13011,0.039629545
13411,0.07666461
13511,0.037030984
13611,0.06400538
13711,0.099294096
13911,0.07092065
14311,0.07731398
14411,0.00051360414
15411,0.0017069076
15611,0.08455141
15711,0.01990086
15811,0.05194202
15911,0.047393933
16111,0.041510656
16211,0.034121756
16311,0.15988785
16411,0.099201426
16511,0.47761884
16611,0.16878566
17011,0.04522779
17111,0.061019816
17211,0.09885973
17311,0.11573969
17411,0.32076207
17611,0.03051985
17711,0.04073603
17911,0.10370978
18011,0.07504885
18111,0.0007435723
18211,0.00010231436
18411,0.0053266496
18511,0.070122965
18711,2.5249452e-05
18811,0.053334996
19111,0.028709993
19511,0.06653762
19611,0.0023434595
19711,0.024657438
19811,0.00077564333
20711,0.101685576
20811,0.01743141
20911,0.06930911
21111,0.060809914
21211,0.08290242
21411,0.01068264
21811,0.08008739
22011,0.038585667
22311,0.05901047
22411,0.047178138
22511,0.0466355
22611,0.09145651
22911,0.0010698858
23011,0.0009849312
23211,0.07462303
23311,0.10388324
23611,0.062434126
23711,0.023495143
23811,0.013717699
23911,0.04158347
24111,0.041302823
24211,0.06458221
24411,0.0029866793
24511,0.055629663
24611,0.0010254432
24711,0.033114918
25311,0.23160961
25411,0.050575133
25811,0.0027867707
26011,0.0015770812
26111,0.018370396
26211,0.07465727
26311,0.060002085
26411,0.022638941
26611,0.0673291
26711,0.05275653
26811,0.011492832
26911,0.049313568
27011,0.07055172
27311,0.015020478
27411,0.1489482
27511,0.03794188
27911,0.016629795
28011,0.029723274
28111,0.0053362907
28311,0.05210855
28411,0.06275282
29011,0.018212061
29111,0.07177949
29311,0.10794722
29611,0.10569542
29711,0.006229754
29811,0.047334608
29911,0.066242345
30011,0.063116126
30111,0.0005907523
30311,0.09680087
30411,0.05840872
30711,0.0010908203
30811,0.021376597
31111,0.0026221857
31211,0.022127545
31611,0.07384892
31711,0.0010379299
31811,0.005256802
31911,0.026487356
32011,0.111255586
32111,0.08628686
32811,0.060881756
33011,0.12312094
33111,0.18565989
33511,0.04453667
33711,0.10813565
33811,0.077051155
33911,5.620954e-05
34011,0.012048094
34211,0.00030536298
34311,0.0655201
34411,0.0009596055
34511,0.0051169656
34611,0.06252438
34811,2.5953608e-05
35011,0.05084324
35211,0.06961588
35311,0.03307136
35511,0.048959818
35611,0.018697048
35711,0.006800679
35911,0.008804174
36011,0.010327487
36111,0.09225073
36611,0.0041931705
37211,0.015000056
37411,0.06688595
37511,0.08180299
37611,0.005955217
37711,0.05043791
38111,0.07916107
38211,0.07548122
38311,0.07122249
38411,0.04123486
38611,0.057539314
38811,0.029728508
39111,0.048780315
39211,0.0005690649
39311,0.02465516
39411,0.013589049
39611,0.092553124
39711,0.016452488
39911,0.04574452
40011,0.038642164
40211,0.06387663
40511,0.10787396
40611,0.041467067
41811,0.0022677274
42011,0.036966126
42711,0.037594456
42911,0.023064299
43611,0.024954787
44211,0.037538406
44511,0.06771304
44711,0.045138672
44911,0.022008289
45211,0.03919891
45311,0.042118732
45511,0.086652145
45611,0.047408096
46111,0.022069398
46311,0.08001269
46511,0.0008791996
46911,0.092759356
47011,0.03753372
47111,0.00096908066
47211,0.011344196
47311,0.0730633
47611,0.018598175
47711,0.15020098
47811,0.07647925
47911,0.054933466
48211,0.01173078
48611,0.07102045
48711,0.6570526
49111,0.011914796
49211,0.12294931
49611,0.1401097
49711,0.02691575
49911,0.04685036
50111,0.09999365
50311,0.0038035528
50411,0.0025159218
50611,0.0056001768
50811,0.0014871471
50911,0.010084345
51011,0.033567306
51211,0.00036979592
51611,0.017611029
51811,0.032300036
52011,0.0012935996
52111,0.07634512
52511,0.06574473
52611,0.0019478163
52711,0.0012286846
53211,0.0514285
53311,0.034184866
53411,0.1280731
53611,0.08860442
53911,0.04222107
54111,0.021473872
54211,0.03958035
54311,0.049105108
54411,0.06799219
54611,0.0040453416
55011,0.08905352
55211,0.0040916963
55411,0.010538399
55511,0.024719536
55611,0.10024996
56211,0.040522993
56511,0.046544064
56711,0.050106797
56811,0.017599849
57011,0.0149103915
57111,0.04376543
57211,0.052727643
57311,0.10491908
57511,0.08777672
57911,0.032685217
58011,0.02550122
58211,0.015378478
58311,0.03282304
58511,0.022551287
58911,0.064074695
59111,0.0020660355
59211,0.0026796048
59511,0.0009565802
59611,0.0021965173
59811,0.00999882
59911,0.032130208
60411,0.00791686
60511,0.057937548
60811,0.066771
61111,0.015134198
61311,0.0105882
61411,0.002461284
61711,0.048221737
62111,0.003652894
62411,0.045936022
62711,0.1001125
62811,0.089650065
63511,0.0054706438
63611,0.066322036
63711,0.11181926
63811,0.083680965
63911,0.053068373
64311,0.05369427
64411,0.057814665
12,0.14927359
112,0.083247624
412,0.0042847837
612,0.044227548
712,0.07763033
1012,0.11249222
1212,0.01659987
1712,0.15252751
2212,0.09063305
2712,6.133257e-05
2812,0.007995449
2912,0.039708786
3012,0.072499126
3112,0.063997984
3212,0.04847474
3312,0.10887945
3412,0.03168424
3712,0.0025178723
4012,0.05712709
4112,2.1638568e-08
4212,0.04095864
4412,0.01147283
4712,0.041069474
4812,0.11032646
4912,0.04870848
5112,0.09201944
5212,0.06683248
5712,0.056047834
5912,0.092726886
6212,0.09994962
6312,0.07768475
6512,0.07154747
6612,0.09107516
6812,0.05268032
6912,0.17085402
7012,0.0043037226
7212,0.0053172833
7412,0.017351165
7512,0.07857768
7712,0.036068648
7912,0.016804526
8112,0.033323955
8212,0.035504058
8312,0.036814027
8412,0.056410987
8512,0.06830528
8612,0.04504691
8712,0.043405686
8912,0.049488418
9012,0.028706154
9212,0.025475804
9512,0.013808251
9812,0.06449188
9912,0.039225023
10112,0.017989319
10412,0.07934143
10512,0.086734675
10612,0.028056089
10712,0.06029881
10912,0.060329556
11212,0.045433186
11312,0.024391519
11712,0.04159049
11912,0.09196532
12112,0.04777927
12412,0.031347416
12712,0.10408324
12912,0.05850316
13012,0.06554838
13412,0.11463949
13512,0.081650645
13612,0.06916191
13712,0.13280232
13912,0.10391062
14312,0.084064074
14412,0.0032907708
15412,0.0044913893
15612,0.09388702
15712,0.030730732
15812,0.05005534
15912,0.042451996
16112,0.028645853
16212,0.03974727
16312,0.047984153
16412,0.16202119
16512,0.0006029631
16612,0.03668897
17012,0.05500342
17112,0.1471869
17212,0.19042934
17312,0.05077719
17412,0.04532055
17612,0.03978402
17712,0.06151101
17912,0.15091807
18012,0.20189121
18112,0.00040334938
18212,2.3809127e-05
18412,0.0018816935
18512,0.045064934
18712,2.354676e-06
18812,0.042198174
19112,0.031172024
19512,0.031147962
19612,0.00064126827
19712,0.038028874
19812,0.00030428093
20712,0.071053244
20812,0.03335627
20912,0.037585862
21112,0.05340664
21212,0.03476007
21412,0.035544816
21812,0.08040624
22012,0.08174119
22312,0.072599225
22412,0.065003425
22512,0.111970715
22612,0.0788223
22912,0.24826616
23012,0.0004053085
23212,0.033651803
23312,0.028443722
23612,0.032830663
23712,0.051773794
23812,0.014493474
23912,0.048303533
24112,0.098577745
24212,0.047349073
24412,0.0017970587
24512,0.016806964
24612,0.0011217367
24712,0.0381619
25312,0.0069669806
25412,0.040425736
25812,0.0033295122
26012,0.0020471383
26112,0.02134715
26212,0.08179506
26312,0.08002334
26412,0.016010817
26612,0.059448432
26712,0.117251545
26812,0.05877539
26912,0.02029617
27012,0.062048994
27312,0.02912269
27412,0.037698716
27512,0.098110445
27912,0.026263703
28012,0.023015378
28112,0.0138405785
28312,0.07907008
28412,0.10855814
29012,0.019977044
29112,0.09356535
29312,0.12589364
29612,0.049035955
29712,0.020498352
29812,0.050541032
29912,0.113197595
30012,0.102219984
30112,0.0030063286
30312,0.06739237
30412,0.073597535
30712,0.004613543
30812,0.028161634
31112,0.0063100765
31212,0.027214916
31612,0.049991436
31712,0.003565345
31812,0.032028466
31912,0.15516455
32012,0.05320078
32112,0.1616709
32812,0.062252562
33012,0.10019458
33112,0.15681462
33512,0.06307344
33712,0.09801556
33812,0.20471755
33912,5.5147953e-05
34012,0.008902145
34212,0.00042615322
34312,0.09256195
34412,0.00038284433
34512,0.0022568812
34612,0.02526828
34812,7.673921e-06
35012,0.057107553
35212,0.08270022
35312,0.07986331
35512,0.027939616
35612,0.043729313
35712,0.017585425
35912,0.015602041
36012,0.02580209
36112,0.062503815
36612,0.004275196
37212,0.0713892
37412,0.07143507
37512,0.029826814
37612,0.019328644
37712,0.057724793
38112,0.061150506
38212,0.08994639
38312,0.13793838
38412,0.056064848
38612,0.049037725
38812,0.06524723
39112,0.024074696
39212,0.19155854
39312,0.062066797
39412,0.031090334
39612,0.04629411
39712,0.02304153
39912,0.042695694
40012,0.026480533
40212,0.044170413
40512,0.04657082
40612,0.034577753
41812,0.004589368
42012,0.065939665
42712,0.074567094
42912,0.029043665
43612,0.009710552
44212,0.07390528
44512,0.05034198
44712,0.07878629
44912,0.11950147
45212,0.024522414
45312,0.05336447
45512,0.05191
45612,0.06861063
46112,0.047266528
46312,0.10606602
46512,0.0018263502
46912,0.093476936
47012,0.0055035637
47112,0.0020699664
47212,0.040029015
47312,0.118838236
47612,0.08003952
47712,0.08541095
47812,0.10552118
47912,0.06705058
48212,0.044195365
48612,0.03140674
48712,0.0006983214
49112,0.021200929
49212,0.067162685
49612,0.048746493
49712,0.04674662
49912,0.061616126
50112,0.15172751
50312,0.00082941545
50412,0.00050454837
50612,0.0027643736
50812,0.0008763606
50912,0.006815184
51012,0.03435793
51212,0.00018612505
51612,0.20519885
51812,0.027298743
52012,0.0008906467
52112,0.03342498
52512,0.040124692
52612,0.00976421
52712,0.18099733
53212,0.046974678
53312,0.06353231
53412,0.06318329
53612,0.095513664
53912,0.039057057
54112,0.053890202
54212,0.06724949
54312,0.056986637
54412,0.11057028
54612,0.04121505
55012,0.07097952
55212,0.0030103514
55412,0.0067392127
55512,0.03198235
55612,0.019406961
56212,0.03550943
56512,0.05836113
56712,0.05077767
56812,0.017087594
57012,0.02476293
57112,0.062134296
57212,0.064054295
57312,0.047361087
57512,0.07981912
57912,0.0593304
58012,0.037210263
58212,0.022137413
58312,0.019749794
58512,0.03309046
58912,0.035694897
59112,0.011644293
59212,0.02194106
59512,0.0010764797
59612,0.011204092
59812,0.02244735
59912,0.015010357
60412,0.009334239
60512,0.02169841
60812,0.05930347
61112,0.00776711
61312,0.0077588586
61412,0.005150943
61712,0.06357267
62112,0.0028096905
62412,0.09999461
62712,0.07422334
62812,0.065164715
63512,0.009317858
63612,0.07446189
63712,0.12215622
63812,0.09313555
63912,0.042796154
64312,0.110878624
64412,0.10089939
13,0.020620193
113,0.02947822
413,0.00011476139
613,0.026106114
713,0.032061026
1013,0.014985429
1213,0.01657989
1713,0.01816807
2213,0.026244074
2713,0.00011740882
2813,0.014792182
2913,0.026261164
3013,0.017119668
3113,0.0146126365
3213,0.022822598
3313,0.026378093
3413,0.025946705
3713,0.0051556923
4013,0.03346049
4113,2.803053e-13
4213,0.021773562
4413,0.0147098
4713,0.014860818
4813,0.031522717
4913,0.029836839
5113,0.03927461
5213,0.02349351
5713,0.019184759
5913,0.046461754
6213,0.02593059
6313,0.027063388
6513,0.030951785
6613,0.04517913
6813,0.0154929925
6913,0.00047502728
7013,0.0052062534
7213,9.834822e-05
7413,0.03581118
7513,0.026040709
7713,0.01751662
7913,0.015120483
8113,0.024368042
8213,0.027948856
8313,0.028878216
8413,0.03334486
8513,0.025847498
8613,0.026126139
8713,0.024615832
8913,0.028263815
9013,0.023021465
9213,0.025619943
9513,0.0060715675
9813,0.023424884
9913,0.035757978
10113,0.017557258
10413,0.024004646
10513,0.028477328
10613,0.036492135
10713,0.027701957
10913,0.036466617
11213,0.025427187
11313,0.0025474774
11713,0.007343238
11913,0.038014557
12113,0.03049016
12413,0.030485203
12713,0.023241563
12913,0.015162481
13013,0.033528287
13413,0.034248807
13513,0.03986465
13613,0.03896207
13713,0.018841518
13913,0.033101577
14313,0.03630877
14413,0.0016027065
15413,0.0049824696
15613,0.02663798
15713,0.018625496
15813,0.020220492
15913,0.012838279
16113,0.022372685
16213,0.017121913
16313,0.027657796
16413,0.016215336
16513,0.00048445605
16613,0.016427346
17013,0.029330457
17113,0.014553887
17213,0.01325122
17313,0.015036215
17413,0.018741757
17613,0.03086171
17713,0.030752607
17913,0.01114801
18013,0.009596388
18113,0.00013423014
18213,1.26730365e-05
18413,0.0018996041
18513,0.017768271
18713,1.3307892e-06
18813,0.021662395
19113,0.04147256
19513,0.02866488
19613,0.00066057016
19713,0.033220608
19813,0.00060952053
20713,0.020517126
20813,0.014397883
20913,0.035610083
21113,0.02390224
21213,0.0236688
21413,0.013012016
21813,0.023649322
22013,0.033983752
22313,0.03841462
22413,0.024878409
22513,0.03801389
22613,0.027854308
22913,7.519813e-05
23013,1.7110175e-05
23213,0.062004786
23313,0.033754915
23613,0.0221044
23713,0.019827818
23813,0.015589833
23913,0.03188707
24113,0.02395194
24213,0.020010892
24413,0.0019374448
24513,0.026964929
24613,0.0005183137
24713,0.029651223
25313,0.0052911085
25413,0.02266449
25813,0.012812713
26013,0.003436446
26113,0.016725201
26213,0.025127335
26313,0.038680967
26413,0.011519435
26613,0.035923958
26713,0.024688981
26813,0.002530234
26913,0.011471279
27013,0.017734857
27313,0.027433364
27413,0.011170985
27513,0.0107210735
27913,0.010796252
28013,0.019362232
28113,0.0037510511
28313,0.03204149
28413,0.02116288
29013,0.019082533
29113,0.028347308
29313,0.03408174
29613,0.028704982
29713,0.0060963687
29813,0.019446347
29913,0.04405082
30013,0.024486039
30113,0.002897606
30313,0.036318973
30413,0.033039313
30713,0.005212581
30813,0.018917479
31113,0.0064693326
31213,0.024482759
31613,0.021678567
31713,0.002929614
31813,0.015659586
31913,0.024152085
32013,0.027135642
32113,0.013563812
32813,0.031322792
33013,0.015210548
33113,0.014701647
33513,0.023565046
33713,0.016306955
33813,0.0105803
33913,3.4868274e-06
34013,0.0032770855
34213,0.00014399023
34313,0.015194904
34413,0.0002491484
34513,0.001932368
34613,0.018462755
34813,3.278202e-06
35013,0.028184967
35213,0.015078351
35313,0.023683479
35513,0.040255144
35613,0.030490454
35713,0.027612695
35913,0.006498965
36013,0.013022165
36113,0.026054136
36613,0.0056759943
37213,0.021158755
37413,0.0333303
37513,0.027147299
37613,0.02673742
37713,0.030860284
38113,0.032025177
38213,0.044600897
38313,0.030908132
38413,0.021927511
38613,0.043846257
38813,0.03329233
39113,0.014155005
39213,0.00013568783
39313,0.002339397
39413,0.010339958
39613,0.038648613
39713,0.0010947946
39913,0.027520658
40013,0.020844555
40213,0.03326287
40513,0.023263173
40613,0.03307717
41813,0.003216696
42013,0.023077928
42713,0.024977028
42913,0.021914164
43613,0.01023375
44213,0.021341126
44513,0.020748476
44713,0.020950977
44913,0.020880299
45213,0.043372832
45313,0.040501416
45513,0.02735234
45613,0.02948899
46113,0.056347318
46313,0.027566694
46513,0.0014106791
46913,0.022496322
47013,0.010164448
47113,0.0029441626
47213,0.01587931
47313,0.031591598
47613,0.02525527
47713,0.027377417
47813,0.03911516
47913,0.022838397
48213,0.027324138
48613,0.030080467
48713,0.00052233617
49113,0.026457984
49213,0.018545149
49613,0.031979077
49713,0.0055834707
49913,0.02657812
50113,0.011258412
50313,0.0008646034
50413,0.00029770553
50613,0.0015662848
50813,0.00035965836
50913,0.010512009
51013,0.022852784
51213,0.0001269971
51613,0.003118612
51813,0.03321041
52013,0.0010729008
52113,0.025133083
52513,0.018453456
52613,0.007725662
52713,0.007501314
53213,0.046290267
53313,0.02854707
53413,0.024356138
53613,0.04780184
53913,0.038100813
54113,0.029435014
54213,0.027019229
54313,0.02298392
54413,0.028412107
54613,0.006294024
55013,0.030031715
55213,0.0015006615
55413,0.0020954402
55513,0.018344117
55613,0.05150504
56213,0.02829091
56513,0.031788148
56713,0.02630217
56813,0.01840099
57013,0.026482498
57113,0.028135978
57213,0.029404603
57313,0.007901743
57513,0.024338452
57913,0.02307738
58013,0.034013145
58213,0.01665634
58313,0.022253111
58513,0.029158559
58913,0.020481007
59113,0.0035697857
59213,0.0050665173
59513,0.0013352376
59613,0.006694165
59813,0.015369703
59913,0.012614482
60413,0.009550615
60513,0.021687506
60813,0.03235431
61113,0.0115964655
61313,0.0079046935
61413,0.0057522086
61713,0.035103958
62113,0.0026609988
62413,0.029798368
62713,0.024019547
62813,0.02607294
63513,0.007913889
63613,0.01937406
63713,0.030993914
63813,0.030126153
63913,0.029889783
64313,0.034003474
64413,0.025025623
14,0.20847203
114,0.22229068
414,0.000104147315
614,0.05313293
714,0.069297716
1014,0.052421078
1214,0.028797554
1714,0.107018776
2214,0.044927914
2714,0.00017250673
2814,0.020535246
2914,0.12023755
3014,0.024650265
3114,0.039239544
3214,0.038424447
3314,0.04548567
3414,0.013192783
3714,0.004018989
4014,0.03402996
4114,3.181335e-11
4214,0.050844956
4414,0.0220353
4714,0.01589486
4814,0.07374971
4914,0.046747945
5114,0.025066383
5214,0.055502307
5714,0.042236373
5914,0.04460526
6214,0.040578198
6314,0.025819227
6514,0.035561148
6614,0.055308346
6814,0.03254626
6914,0.00034003783
7014,0.00944311
7214,0.00019598985
7414,0.026753174
7514,0.099712186
7714,0.048508693
7914,0.029242018
8114,0.03363577
8214,0.035426594
8314,0.03910434
8414,0.06405723
8514,0.06536358
8614,0.046289545
8714,0.13318475
8914,0.041223116
9014,0.035274807
9214,0.026624124
9514,0.013488029
9814,0.1800033
9914,0.114612736
10114,0.01832236
10414,0.055797346
10514,0.039041538
10614,0.09904569
10714,0.040654924
10914,0.03731725
11214,0.044765808
11314,0.0074688136
11714,0.0068909074
11914,0.053632833
12114,0.06465129
12414,0.050380494
12714,0.06308052
12914,0.04546736
13014,0.023637382
13414,0.0426214
13514,0.084937654
13614,0.06303711
13714,0.105273455
13914,0.025322102
14314,0.063733034
14414,0.009699704
15414,0.011425899
15614,0.03639701
15714,0.034255907
15814,0.02839887
15914,0.03607427
16114,0.029391903
16214,0.06695963
16314,0.06436301
16414,0.23493989
16514,0.00062894245
16614,0.02760341
17014,0.036615953
17114,0.14435798
17214,0.08602122
17314,0.027681565
17414,0.050058745
17614,0.04524385
17714,0.13171536
17914,0.2045872
18014,0.20883311
18114,0.00016586183
18214,1.5891364e-05
18414,0.001678031
18514,0.036769196
18714,2.534599e-06
18814,0.06828973
19114,0.07448607
19514,0.07157329
19614,0.0010499621
19714,0.033341497
19814,0.0005970665
20714,0.059053496
20814,0.017207459
20914,0.03912929
21114,0.0620691
21214,0.02980277
21414,0.06006536
21814,0.047309868
22014,0.1366744
22314,0.04152396
22414,0.03703546
22514,0.041380163
22614,0.05336985
22914,3.3228447e-05
23014,2.7781034e-05
23214,0.041697368
23314,0.029161738
23614,0.03588416
23714,0.025814617
23814,0.15597017
23914,0.031627834
24114,0.039515417
24214,0.028086847
24414,0.010138274
24514,0.029304152
24614,0.006985018
24714,0.03861665
25314,0.01503576
25414,0.029828299
25814,0.08448413
26014,0.008707244
26114,0.030541979
26214,0.060126174
26314,0.05743003
26414,0.021852428
26614,0.036253233
26714,0.03549487
26814,0.009120568
26914,0.04850812
27014,0.02895608
27314,0.05649806
27414,0.03490665
27514,0.014687401
27914,0.019327383
28014,0.03308296
28114,0.032232095
28314,0.03621469
28414,0.035579138
29014,0.05281077
29114,0.056279037
29314,0.057191383
29614,0.036262486
29714,0.010124898
29814,0.05483405
29914,0.08352673
30014,0.037786845
30114,0.012507128
30314,0.0507235
30414,0.05880962
30714,0.031778023
30814,0.026407622
31114,0.07012856
31214,0.034073032
31614,0.028312132
31714,0.008763349
31814,0.050256547
31914,0.050245658
32014,0.090523675
32114,0.35086116
32814,0.034950618
33014,0.123908
33114,0.061163776
33514,0.04146155
33714,0.13944341
33814,0.233873
33914,4.6367604e-06
34014,0.01927567
34214,0.0005746518
34314,0.15050626
34414,0.00090123044
34514,0.0057312874
34614,0.031814914
34814,1.4925865e-05
35014,0.038446758
35214,0.019647643
35314,0.06059918
35514,0.07975964
35614,0.08284888
35714,0.035521705
35914,0.013043617
36014,0.08930469
36114,0.054044623
36614,0.0060514067
37214,0.306299
37414,0.035910767
37514,0.039261576
37614,0.18308605
37714,0.06432687
38114,0.0480633
38214,0.10690815
38314,0.070181035
38414,0.060872648
38614,0.07444573
38814,0.21145649
39114,0.023756908
39214,9.551913e-05
39314,0.0048331167
39414,0.029475734
39614,0.030997379
39714,0.31636673
39914,0.041009095
40014,0.019090282
40214,0.12134807
40514,0.02690794
40614,0.07853874
41814,0.01618539
42014,0.12020525
42714,0.06544294
42914,0.22755517
43614,0.018999394
44214,0.037005156
44514,0.025268652
44714,0.052176863
44914,0.034346763
45214,0.07998572
45314,0.036029592
45514,0.052372
45614,0.035964794
46114,0.0848446
46314,0.04557897
46514,0.016175188
46914,0.10230568
47014,0.010049488
47114,0.060083527
47214,0.041655265
47314,0.037259042
47614,0.035630323
47714,0.046445683
47814,0.038077477
47914,0.038895003
48214,0.03406864
48614,0.05586874
48714,0.0012916336
49114,0.039264414
49214,0.054887835
49614,0.041377235
49714,0.012974213
49914,0.058186043
50114,0.21704543
50314,0.0011119773
50414,0.0005425705
50614,0.0030342627
50814,0.0004735652
50914,0.025748346
51014,0.068309315
51214,0.00041733176
51614,0.004051649
51814,0.032806255
52014,0.0009662367
52114,0.037356343
52514,0.041951578
52614,0.027560202
52714,0.20460509
53214,0.05245939
53314,0.061215684
53414,0.022847952
53614,0.059604283
53914,0.027020093
54114,0.049092125
54214,0.04397589
54314,0.051976874
54414,0.059311524
54614,0.7847789
55014,0.044836212
55214,0.0020178303
55414,0.0017511648
55514,0.3375274
55614,0.03412877
56214,0.028995465
56514,0.050748643
56714,0.050120052
56814,0.02214117
57014,0.23942782
57114,0.093765825
57214,0.03885526
57314,0.0041234684
57514,0.20762336
57914,0.055655707
58014,0.03149856
58214,0.05087754
58314,0.057079036
58514,0.036660362
58914,0.04012491
59114,0.025957014
59214,0.019647444
59514,0.006908122
59614,0.02153504
59814,0.033099327
59914,0.045341395
60414,0.052578066
60514,0.023882743
60814,0.059726056
61114,0.01734193
61314,0.03648057
61414,0.01947457
61714,0.22613545
62114,0.005825246
62414,0.071422085
62714,0.058183115
62814,0.041536782
63514,0.0152878165
63614,0.069283955
63714,0.052201662
63814,0.060973745
63914,0.04373336
64314,0.05098522
64414,0.034307048
15,0.031867735
115,0.021493968
415,7.991986e-05
615,0.03675957
715,0.04621791
1015,0.03114966
1215,0.022596234
1715,0.031450856
2215,0.04860489
2715,0.00015810614
2815,0.010981687
2915,0.020145299
3015,0.02163348
3115,0.03266508
3215,0.03364844
3315,0.017238762
3415,0.037804976
3715,0.0055024032
4015,0.040226847
4115,7.150356e-13
4215,0.043935854
4415,0.023446443
4715,0.016068567
4815,0.03946183
4915,0.044200376
5115,0.060604174
5215,0.039536115
5715,0.026498979
5915,0.0525278
6215,0.03320507
6315,0.037062958
6515,0.058848463
6615,0.06475524
6815,0.018696556
6915,0.0008369339
7015,0.009631906
7215,0.00021355563
7415,0.0358348
7515,0.049004965
7715,0.05159066
7915,0.03664032
8115,0.05040108
8215,0.050544955
8315,0.05779798
8415,0.028955271
8515,0.0465417
8615,0.063133396
8715,0.05897969
8915,0.06554371
9015,0.04239212
9215,0.045750845
9515,0.008719426
9815,0.029300908
9915,0.04201104
10115,0.019764885
10415,0.048691172
10515,0.04811979
10615,0.044903852
10715,0.10983399
10915,0.059040945
11215,0.050002094
11315,0.0048496444
11715,0.007226635
11915,0.050961528
12115,0.018388774
12415,0.041047167
12715,0.02993955
12915,0.03804417
13015,0.044556063
13415,0.054328043
13515,0.049474016
13615,0.041227173
13715,0.026148124
13915,0.11663724
14315,0.04327489
14415,0.0014535778
15415,0.0046677277
15615,0.03214094
15715,0.022163643
15815,0.04809586
15915,0.030077353
16115,0.040425178
16215,0.024702648
16315,0.031414133
16415,0.019376379
16515,0.00018534447
16615,0.021176139
17015,0.055993017
17115,0.027418088
17215,0.028424539
17315,0.03612858
17415,0.0175243
17615,0.032054912
17715,0.028715933
17915,0.01901575
18015,0.024221355
18115,0.00023591441
18215,1.539523e-05
18415,0.0025210609
18515,0.046426196
18715,2.4980418e-06
18815,0.027667252
19115,0.031674102
19515,0.038290214
19615,0.0013115619
19715,0.0475494
19815,0.00078451924
20715,0.03187372
20815,0.020001722
20915,0.039936483
21115,0.03528141
21215,0.025312478
21415,0.01940047
21815,0.036998246
22015,0.03379807
22315,0.10795504
22415,0.040652055
22515,0.037202053
22615,0.035346214
22915,0.00013597767
23015,2.537603e-05
23215,0.070174344
23315,0.028685864
23615,0.059060838
23715,0.042623192
23815,0.022125656
23915,0.052152187
24115,0.05197874
24215,0.040383507
24415,0.0062277787
24515,0.04236539
24615,0.0014179458
24715,0.048972763
25315,0.0038952697
25415,0.050667472
25815,0.005719309
26015,0.0025682366
26115,0.02747412
26215,0.025475297
26315,0.041989125
26415,0.024456913
26615,0.04286587
26715,0.03807619
26815,0.0057097757
26915,0.030293854
27015,0.055075224
27315,0.042708308
27415,0.014354154
27515,0.016873037
27915,0.015000567
28015,0.04508402
28115,0.005961783
28315,0.0378364
28415,0.024863577
29015,0.026835715
29115,0.02975399
29315,0.041213244
29615,0.035961073
29715,0.010837461
29815,0.024897156
29915,0.031787787
30015,0.029230177
30115,0.0033173522
30315,0.033738025
30415,0.04699022
30715,0.004276146
30815,0.023704533
31115,0.007466967
31215,0.030439645
31615,0.04338234
31715,0.0029571028
31815,0.02597651
31915,0.032039847
32015,0.02883816
32115,0.010957178
32815,0.047880944
33015,0.023706038
33115,0.020206608
33515,0.03604802
33715,0.027237698
33815,0.018336369
33915,5.110082e-06
34015,0.011807645
34215,0.00032333448
34315,0.03310648
34415,0.0006360122
34515,0.0037811561
34615,0.044715412
34815,7.5473567e-06
35015,0.038301077
35215,0.03435649
35315,0.03371639
35515,0.03712672
35615,0.051511683
35715,0.024953028
35915,0.0100901285
36015,0.030134253
36115,0.060304534
36615,0.004368944
37215,0.009491324
37415,0.05200627
37515,0.040317144
37615,0.01977337
37715,0.056397106
38115,0.044810656
38215,0.055029806
38315,0.04232259
38415,0.033862125
38615,0.053651836
38815,0.0342031
39115,0.027047062
39215,0.00019787626
39315,0.0046029035
39415,0.020081071
39615,0.07003811
39715,0.00035517057
39915,0.05047368
40015,0.039139815
40215,0.02912401
40515,0.035821278
40615,0.044964176
41815,0.0034080078
42015,0.018871048
42715,0.026977422
42915,0.04421641
43615,0.013079962
44215,0.03621851
44515,0.04275657
44715,0.041064046
44915,0.03392971
45215,0.07139751
45315,0.10646679
45515,0.03715349
45615,0.050248884
46115,0.032821704
46315,0.039563075
46515,0.0016784556
46915,0.033673476
47015,0.019396303
47115,0.003095986
47215,0.023417424
47315,0.041284386
47615,0.026284289
47715,0.032284137
47815,0.049536355
47915,0.050245516
48215,0.028676596
48615,0.039495133
48715,0.00023527509
49115,0.027257856
49215,0.03189173
49615,0.02587514
49715,0.013187111
49915,0.039673474
50115,0.021223038
50315,0.001148671
50415,0.0005701173
50615,0.002259126
50815,0.0006659502
50915,0.015645605
51015,0.05573613
51215,0.00014565344
51615,0.0040526367
51815,0.05162272
52015,0.00096150313
52115,0.03877704
52515,0.040693596
52615,0.009829789
52715,0.004953299
53215,0.054486897
53315,0.038506947
53415,0.020322524
53615,0.050318033
53915,0.058051597
54115,0.042654477
54215,0.03523407
54315,0.05320385
54415,0.040484115
54615,0.0037536053
55015,0.045034442
55215,0.0017878384
55415,0.0026306557
55515,0.017188055
55615,0.02884082
56215,0.06644731
56515,0.054111067
56715,0.056238662
56815,0.01951642
57015,0.029994223
57115,0.05608135
57215,0.055254392
57315,0.005746396
57515,0.025674935
57915,0.029522683
58015,0.047780555
58215,0.02187677
58315,0.044641104
58515,0.05251099
58915,0.034530237
59115,0.005463687
59215,0.0074587064
59515,0.001675888
59615,0.009386736
59815,0.025325134
59915,0.024352118
60415,0.011316918
60515,0.038895685
60815,0.0472736
61115,0.019426547
61315,0.009034225
61415,0.0073156133
61715,0.033572722
62115,0.00239506
62415,0.05084163
62715,0.030077238
62815,0.04963469
63515,0.011552331
63615,0.02365699
63715,0.04067074
63815,0.042134766
63915,0.050406057
64315,0.056856405
64415,0.023450151
16,0.005417945
116,0.009822439
416,5.5053875e-05
616,0.033127144
716,0.027244959
1016,0.0066315457
1216,0.020943599
1716,0.008343904
2216,0.016685853
2716,9.1274116e-05
2816,0.008857699
2916,0.036403045
3016,0.012363099
3116,0.022459863
3216,0.041977625
3316,0.030030428
3416,0.017731477
3716,0.004134695
4016,0.030271428
4116,3.42221e-13
4216,0.039127197
4416,0.012372
4716,0.023213068
4816,0.030484991
4916,0.03337519
5116,0.026652787
5216,0.027503751
5716,0.017519582
5916,0.019265838
6216,0.02673237
6316,0.027795263
6516,0.022079667
6616,0.030013068
6816,0.012921389
6916,0.00041994557
7016,0.0040445044
7216,9.268577e-05
7416,0.027920935
7516,0.040762376
7716,0.017681418
7916,0.0115745235
8116,0.031956617
8216,0.030271884
8316,0.038613547
8416,0.033387095
8516,0.014679299
8616,0.025196722
8716,0.020362757
8916,0.018199483
9016,0.01857618
9216,0.021630758
9516,0.007372636
9816,0.025994288
9916,0.025456259
10116,0.011855363
10416,0.029635463
10516,0.028835043
10616,0.040469266
10716,0.03355088
10916,0.034696076
11216,0.024300154
11316,0.0037549683
11716,0.0059847403
11916,0.024594631
12116,0.027150637
12416,0.019208968
12716,0.036974475
12916,0.015324173
13016,0.031563196
13416,0.028826032
13516,0.03959032
13616,0.019256089
13716,0.021569652
13916,0.031051263
14316,0.023023052
14416,0.0006050354
15416,0.0015183614
15616,0.033662878
15716,0.009269963
15816,0.024438456
15916,0.020406425
16116,0.01803346
16216,0.017175015
16316,0.016666913
16416,0.007153784
16516,0.00043456335
16616,0.025341742
17016,0.028056143
17116,0.0065022996
17216,0.0037741165
17316,0.013184475
17416,0.024893967
17616,0.024756916
17716,0.022930928
17916,0.006206551
18016,0.0032297466
18116,0.0001891512
18216,1.5126223e-05
18416,0.0016229011
18516,0.014396645
18716,2.2374563e-06
18816,0.031425364
19116,0.022221358
19516,0.028238595
19616,0.0006574949
19716,0.024564778
19816,0.00047709886
20716,0.03090975
20816,0.015485797
20916,0.028686428
21116,0.043348398
21216,0.013995472
21416,0.015031936
21816,0.035713006
22016,0.025971523
22316,0.032574963
22416,0.024798386
22516,0.021659717
22616,0.028996788
22916,2.823062e-05
23016,3.420947e-05
23216,0.02106706
23316,0.025679586
23616,0.03184749
23716,0.01752877
23816,0.012940468
23916,0.030678634
24116,0.030585635
24216,0.03788797
24416,0.0019342372
24516,0.021444676
24616,0.00066995923
24716,0.027278135
25316,0.0065698302
25416,0.01488331
25816,0.0036510527
26016,0.0011972974
26116,0.015417498
26216,0.030395966
26316,0.01848951
26416,0.013339357
26616,0.02069333
26716,0.03566388
26816,0.0054087127
26916,0.024527336
27016,0.026257437
27316,0.027471747
27416,0.010749744
27516,0.017322054
27916,0.017807312
28016,0.028224654
28116,0.0031974583
28316,0.027669039
28416,0.0145953735
29016,0.011084264
29116,0.030591862
29316,0.020711662
29616,0.029919129
29716,0.0042316397
29816,0.015329345
29916,0.012426212
30016,0.019178541
30116,0.00091174786
30316,0.017418725
30416,0.027534666
30716,0.0021332777
30816,0.018789321
31116,0.0053655882
31216,0.012009164
31616,0.032102443
31716,0.0010661983
31816,0.013608161
31916,0.028687006
32016,0.029337753
32116,0.0035878376
32816,0.022491772
33016,0.0064044422
33116,0.007560658
33516,0.035982024
33716,0.0070635285
33816,0.0036026482
33916,5.784565e-06
34016,0.0037279744
34216,0.00015413653
34316,0.008425668
34416,0.0002241614
34516,0.0023438463
34616,0.022800505
34816,4.2249676e-06
35016,0.023244191
35216,0.016936025
35316,0.040317696
35516,0.037428588
35616,0.028665334
35716,0.013888369
35916,0.0049658935
36016,0.015124366
36116,0.025819149
36616,0.0024393937
37216,0.014845425
37416,0.048036776
37516,0.022341479
37616,0.00896166
37716,0.038464226
38116,0.024013804
38216,0.014595459
38316,0.02310165
38416,0.021811692
38616,0.02897434
38816,0.03785478
39116,0.015328239
39216,0.00010189528
39316,0.0036084168
39416,0.014627176
39616,0.03863494
39716,0.0006041044
39916,0.040229812
40016,0.0137577765
40216,0.030531948
40516,0.028208222
40616,0.029222809
41816,0.002305795
42016,0.024886545
42716,0.029344797
42916,0.054776568
43616,0.0041477294
44216,0.017667891
44516,0.029813662
44716,0.038153466
44916,0.016211193
45216,0.025684366
45316,0.02627877
45516,0.03556364
45616,0.031352624
46116,0.018800775
46316,0.03010013
46516,0.00068157003
46916,0.019480208
47016,0.012298737
47116,0.0018475617
47216,0.022685796
47316,0.023150714
47616,0.019353654
47716,0.025021259
47816,0.020789267
47916,0.022786943
48216,0.021093447
48616,0.023023752
48716,0.0008867993
49116,0.017694019
49216,0.029231671
49616,0.030619306
49716,0.0115383575
49916,0.022573575
50116,0.005590971
50316,0.00081884104
50416,0.000458602
50616,0.0011888255
50816,0.00050179125
50916,0.007666261
51016,0.028664635
51216,8.095122e-05
51616,0.002503852
51816,0.03386261
52016,0.0006380867
52116,0.040104892
52516,0.020980328
52616,0.0030482328
52716,0.0047590123
53216,0.029919514
53316,0.041553084
53416,0.023786291
53616,0.022552105
53916,0.027541582
54116,0.018619044
54216,0.03104205
54316,0.02075651
54416,0.028839594
54616,0.014667207
55016,0.020508567
55216,0.0010082625
55416,0.0027459944
55516,0.025840636
55616,0.025081413
56216,0.031448055
56516,0.038127173
56716,0.024804588
56816,0.009725925
57016,0.019009288
57116,0.027639322
57216,0.026224881
57316,0.006470043
57516,0.015507309
57916,0.020309575
58016,0.025424434
58216,0.014093178
58316,0.021609524
58516,0.017204462
58916,0.026155777
59116,0.0031978271
59216,0.002649211
59516,0.0011208782
59616,0.0035543274
59816,0.0103892945
59916,0.0137840025
60416,0.012065434
60516,0.028522074
60816,0.025077296
61116,0.009644295
61316,0.004831284
61416,0.0029007
61716,0.03381884
62116,0.00084129855
62416,0.03454425
62716,0.020376349
62816,0.024507917
63516,0.0026910214
63616,0.032974035
63716,0.03619708
63816,0.03240658
63916,0.029286716
64316,0.030056318
64416,0.020495517
17,0.0583564
117,0.06737144
417,7.1332026e-05
617,0.025912752
717,0.052881755
1017,0.058086384
1217,0.02478112
1717,0.050017778
2217,0.05753922
2717,0.00036646565
2817,0.008436152
2917,0.03971198
3017,0.017533239
3117,0.027472274
3217,0.04241142
3317,0.054182265
3417,0.024375167
3717,0.009275066
4017,0.04723333
4117,2.5855271e-09
4217,0.023145944
4417,0.007335615
4717,0.027647857
4817,0.07081377
4917,0.036667857
5117,0.121405676
5217,0.024107119
5717,0.016017158
5917,0.0969869
6217,0.030532744
6317,0.06690287
6517,0.04745282
6617,0.069557056
6817,0.013878626
6917,0.00060852594
7017,0.0043402785
7217,0.00033360242
7417,0.044380426
7517,0.05033677
7717,0.043864742
7917,0.043050613
8117,0.027521407
8217,0.033371173
8317,0.037646696
8417,0.06505117
8517,0.066636376
8617,0.056275945
8717,0.039865937
8917,0.05830564
9017,0.031228287
9217,0.030886844
9517,0.003686661
9817,0.051797524
9917,0.027171934
10117,0.006918955
10417,0.031205136
10517,0.043157827
10617,0.024312515
10717,0.057512663
10917,0.056763828
11217,0.038776018
11317,0.0029213894
11717,0.013952029
11917,0.07069205
12117,0.021785846
12417,0.026020974
12717,0.024502907
12917,0.009810765
13017,0.035038568
13417,0.058891956
13517,0.06570547
13617,0.07484547
13717,0.024607617
13917,0.04754666
14317,0.04026617
14417,0.00049238757
15417,0.0016697746
15617,0.039211307
15717,0.0072459
15817,0.031291317
15917,0.024750162
16117,0.026946884
16217,0.011717051
16317,0.069164306
16417,0.048599016
16517,0.0007532849
16617,0.014522155
17017,0.05404576
17117,0.06181784
17217,0.04123957
17317,0.05669396
17417,0.059209332
17617,0.030105326
17717,0.05999545
17917,0.036951873
18017,0.03845532
18117,0.0006289545
18217,3.679862e-05
18417,0.0036430976
18517,0.04219052
18717,7.57326e-06
18817,0.034364827
19117,0.040335886
19517,0.06120384
19617,0.0012292564
19717,0.04592429
19817,0.0018580304
20717,0.041634314
20817,0.013706467
20917,0.04319263
21117,0.02841378
21217,0.01627592
21417,0.01166285
21817,0.041285716
22017,0.07287797
22317,0.107052274
22417,0.027795676
22517,0.09333221
22617,0.026990486
22917,6.0059443e-05
23017,5.16291e-05
23217,0.0981737
23317,0.053056773
23617,0.028899176
23717,0.030956259
23817,0.01127325
23917,0.049650367
24117,0.031541985
24217,0.032196376
24417,0.005201331
24517,0.018449226
24617,0.0022797748
24717,0.05603483
25317,0.0060296976
25417,0.018585775
25817,0.0018433832
26017,0.0010092626
26117,0.010828381
26217,0.032336958
26317,0.10015005
26417,0.006111112
26617,0.09408346
26717,0.03847105
26817,0.0033764888
26917,0.012126732
27017,0.022557462
27317,0.01968425
27417,0.015502582
27517,0.035432175
27917,0.007987963
28017,0.0446333
28117,0.0039398293
28317,0.06182322
28417,0.030754631
29017,0.009638146
29117,0.024088968
29317,0.07261333
29617,0.027896786
29717,0.003588436
29817,0.019231085
29917,0.13358638
30017,0.02647841
30117,0.00082127337
30317,0.08751669
30417,0.04142873
30717,0.0010872834
30817,0.009294282
31117,0.0020254045
31217,0.01155363
31617,0.03081534
31717,0.0010283403
31817,0.0054840315
31917,0.032822378
32017,0.02901554
32117,0.0393287
32817,0.044847712
33017,0.06754183
33117,0.046807367
33517,0.03623457
33717,0.05494115
33817,0.032698065
33917,1.2178235e-05
34017,0.0080105355
34217,0.0003119799
34317,0.047074206
34417,0.00096588465
34517,0.003112299
34617,0.017592434
34817,9.468746e-06
35017,0.039512917
35217,0.084831
35317,0.028567892
35517,0.048411977
35617,0.030681204
35717,0.011703241
35917,0.0070587047
36017,0.005070516
36117,0.031123973
36617,0.00157709
37217,0.06927859
37417,0.031145906
37517,0.01650434
37617,0.0050088903
37717,0.03027784
38117,0.044135164
38217,0.069376566
38317,0.044200238
38417,0.02071775
38617,0.09410052
38817,0.04958138
39117,0.008136749
39217,0.00015408355
39317,0.0027230927
39417,0.012090425
39617,0.05340028
39717,0.0013218143
39917,0.03822541
40017,0.01737964
40217,0.03784585
40517,0.03698875
40617,0.055154264
41817,0.0012419487
42017,0.04482389
42717,0.025578244
42917,0.018272595
43617,0.008620135
44217,0.01672203
44517,0.030502733
44717,0.024815913
44917,0.07384283
45217,0.076618485
45317,0.07092065
45517,0.023974814
45617,0.03898054
46117,0.011837912
46317,0.043526314
46517,0.00050651364
46917,0.038525954
47017,0.027851552
47117,0.00087623653
47217,0.009740309
47317,0.046002056
47617,0.019931082
47717,0.057005603
47817,0.07830302
47917,0.04082663
48217,0.014795792
48617,0.06931339
48717,0.0016952234
49117,0.014268385
49217,0.017855858
49617,0.0422473
49717,0.032169543
49917,0.049885463
50117,0.039852228
50317,0.0026324717
50417,0.0009332641
50617,0.0011804648
50817,0.0012067059
50917,0.015753051
51017,0.02751034
51217,0.00012491997
51617,0.0031934418
51817,0.029416276
52017,0.0015114254
52117,0.030802773
52517,0.014167088
52617,0.0019244123
52717,0.0076863538
53217,0.059646215
53317,0.022240067
53417,0.094799325
53617,0.088374674
53917,0.04391103
54117,0.027953919
54217,0.030300783
54317,0.0195976
54417,0.034107782
54617,0.0044881203
55017,0.06989301
55217,0.00046226557
55417,0.0037475186
55517,0.018731138
55617,0.07682572
56217,0.03316389
56517,0.044028975
56717,0.063863456
56817,0.007054476
57017,0.017163122
57117,0.05520207
57217,0.04230306
57317,0.0072784238
57517,0.042689186
57917,0.01552188
58017,0.02659179
58217,0.006825894
58317,0.033577032
58517,0.02107697
58917,0.037319537
59117,0.002672876
59217,0.0029535096
59517,0.002626248
59617,0.0018751945
59817,0.009108409
59917,0.009322411
60417,0.004413923
60517,0.0334543
60817,0.03551482
61117,0.023953743
61317,0.005122163
61417,0.0023676697
61717,0.06774916
62117,0.0013333244
62417,0.0528812
62717,0.030983612
62817,0.06249249
63517,0.004861661
63617,0.017821237
63717,0.05500735
63817,0.039585214
63917,0.049917802
64317,0.057106867
64417,0.023351718
18,0.010347412
118,0.013766529
418,4.7760754e-05
618,0.043318234
718,0.015964027
1018,0.013061284
1218,0.017566115
1718,0.010432304
2218,0.019466696
2718,0.00016302077
2818,0.011798012
2918,0.022134949
3018,0.05387838
3118,0.019574588
3218,0.06460684
3318,0.100098334
3418,0.016443776
3718,0.0035114049
4018,0.15138343
4118,4.9498085e-13
4218,0.027852768
4418,0.014079548
4718,0.5060932
4818,0.031626977
4918,0.07147564
5118,0.077955775
5218,0.023323601
5718,0.014099252
5918,0.04443623
6218,0.039212484
6318,0.018837836
6518,0.023812668
6618,0.035149075
6818,0.012169882
6918,0.00030422164
7018,0.005837418
7218,5.0532035e-05
7418,0.019670919
7518,0.07902229
7718,0.019559277
7918,0.015238369
8118,0.035930887
8218,0.04185639
8318,0.034218077
8418,0.02568778
8518,0.019278435
8618,0.024788287
8718,0.018795196
8918,0.020846212
9018,0.029317942
9218,0.025725644
9518,0.008067554
9818,0.015705561
9918,0.019977923
10118,0.0074903658
10418,0.0265008
10518,0.021912916
10618,0.02870263
10718,0.0483552
10918,0.03264729
11218,0.02489177
11318,0.009286592
11718,0.0068467627
11918,0.02412924
12118,0.026290441
12418,0.018362751
12718,0.019637568
12918,0.018234517
13018,0.19381279
13418,0.03325164
13518,0.0578164
13618,0.016381979
13718,0.022349142
13918,0.033208974
14318,0.023238359
14418,0.0038878024
15418,0.004979662
15618,0.032061856
15718,0.013181027
15818,0.026253836
15918,0.021190204
16118,0.03519789
16218,0.021012075
16318,0.018337885
16418,0.012117376
16518,0.0002693929
16618,0.014716414
17018,0.019692881
17118,0.013734245
17218,0.010778679
17318,0.015940936
17418,0.018826108
17618,0.054377764
17718,0.020274669
17918,0.0064897374
18018,0.0057598646
18118,0.00018477303
18218,2.0327401e-05
18418,0.0021528844
18518,0.016902158
18718,3.5307341e-06
18818,0.01772483
19118,0.02944195
19518,0.023814179
19618,0.00060167373
19718,0.026566604
19818,0.0003693542
20718,0.034405656
20818,0.048785742
20918,0.049067963
21118,0.028633248
21218,0.013169848
21418,0.01947708
21818,0.022405365
22018,0.032581657
22318,0.037748
22418,0.03145459
22518,0.024245922
22618,0.035527617
22918,3.682037e-05
23018,1.1676998e-05
23218,0.025867222
23318,0.04276073
23618,0.034399975
23718,0.03323969
23818,0.011100298
23918,0.031281285
24118,0.020285271
24218,0.05802825
24418,0.0027642797
24518,0.017422618
24618,0.00070578506
24718,0.033456564
25318,0.0035501537
25418,0.014094722
25818,0.007235334
26018,0.0043068994
26118,0.02793027
26218,0.030214315
26318,0.029093381
26418,0.005816335
26618,0.015718166
26718,0.034995466
26818,0.019738294
26918,0.021583294
27018,0.02904651
27318,0.037974656
27418,0.016456427
27518,0.015154174
27918,0.045890372
28018,0.049572892
28118,0.008684346
28318,0.026833666
28418,0.014545932
29018,0.024241753
29118,0.03320345
29318,0.018655987
29618,0.020369396
29718,0.013289154
29818,0.011015645
29918,0.017067958
30018,0.018887797
30118,0.0046384223
30318,0.030431855
30418,0.034164824
30718,0.00698993
30818,0.018543333
31118,0.011129888
31218,0.015654454
31618,0.03551539
31718,0.0043029324
31818,0.02380405
31918,0.035619654
32018,0.019074434
32118,0.0065921308
32818,0.03424275
33018,0.009501531
33118,0.0125581175
33518,0.043181527
33718,0.007855475
33818,0.005698357
33918,4.8770326e-06
34018,0.003695982
34218,0.00020294687
34318,0.010657073
34418,0.0002971985
34518,0.002172829
34618,0.01906581
34818,3.844856e-06
35018,0.031485442
35218,0.020071225
35318,0.101423696
35518,0.030715331
35618,0.024936832
35718,0.011328571
35918,0.013093615
36018,0.029718934
36118,0.025636032
36618,0.01767879
37218,0.1319345
37418,0.041290652
37518,0.017195579
37618,0.012895516
37718,0.03066938
38118,0.026802827
38218,0.020719483
38318,0.025339397
38418,0.014485502
38618,0.020441614
38818,0.02446741
39118,0.018683083
39218,6.3569954e-05
39318,0.008176329
39418,0.024399823
39618,0.04124578
39718,0.005938922
39918,0.030809166
40018,0.014080279
40218,0.03734335
40518,0.031099338
40618,0.019381313
41818,0.0036396568
42018,0.02426398
42718,0.023613209
42918,0.011937396
43618,0.006639722
44218,0.04070254
44518,0.032050427
44718,0.025845602
44918,0.022781603
45218,0.0126917325
45318,0.01973573
45518,0.032579225
45618,0.036021292
46118,0.060963724
46318,0.02717547
46518,0.001695513
46918,0.020962514
47018,0.034272205
47118,0.0033285397
47218,0.04080017
47318,0.025718292
47618,0.035721846
47718,0.0134208035
47818,0.020723362
47918,0.021635273
48218,0.061535027
48618,0.017018229
48718,0.00063050364
49118,0.033437807
49218,0.01823675
49618,0.025398536
49718,0.0057426356
49918,0.028407214
50118,0.005655994
50318,0.0011277166
50418,0.0008402229
50618,0.0017081293
50818,0.00050636876
50918,0.0059887087
51018,0.020832134
51218,0.00010497769
51618,0.004097042
51818,0.049132127
52018,0.00055218855
52118,0.02630163
52518,0.01926707
52618,0.008817507
52718,0.05498808
53218,0.028195856
53318,0.07025422
53418,0.1961212
53618,0.04201371
53918,0.0343191
54118,0.01982414
54218,0.020026587
54318,0.01873337
54418,0.019431397
54618,0.017055571
55018,0.024351094
55218,0.0019907362
55418,0.0031941473
55518,0.016549494
55618,0.035746176
56218,0.045900706
56518,0.042435806
56718,0.018606134
56818,0.008537675
57018,0.01858585
57118,0.020056022
57218,0.033352952
57318,0.004609413
57518,0.0136237275
57918,0.033005703
58018,0.022378651
58218,0.017396774
58318,0.026687758
58518,0.031969585
58918,0.035587743
59118,0.009971805
59218,0.0055267303
59518,0.003935641
59618,0.010230104
59818,0.027620371
59918,0.017147398
60418,0.009843263
60518,0.032284684
60818,0.01869464
61118,0.014696908
61318,0.014883432
61418,0.0107769715
61718,0.023214255
62118,0.0007827203
62418,0.029340178
62718,0.026742099
62818,0.016822493
63518,0.008771945
63618,0.026902692
63718,0.027440866
63818,0.021797724
63918,0.033833105
64318,0.027022272
64418,0.02508931
