Id,Probability
0,0.005125765
100,0.008770525
400,0.0028076125
600,0.0113664735
700,0.008292471
1000,0.0036249526
1200,0.0070711216
1700,0.008689261
2200,0.0044220393
2700,0.002355834
2800,0.008792408
2900,0.014299262
3000,0.00665514
3100,0.0057444065
3200,0.008836567
3300,0.0583112
3400,0.0014410637
3700,0.0011476567
4000,0.008617814
4100,0.005977842
4200,0.015895186
4400,0.0060824603
4700,0.049868617
4800,0.006477656
4900,0.009331223
5100,0.004905997
5200,0.016844442
5700,0.009867286
5900,0.012763379
6200,0.0076658954
6300,0.009100648
6500,0.0161061
6600,0.019163525
6800,0.011166481
6900,0.022761455
7000,0.016640894
7200,0.006004325
7400,0.0030516982
7500,0.004650737
7700,0.002751667
7900,0.0077332137
8100,0.014275813
8200,0.010515561
8300,0.005149802
8400,0.012365018
8500,0.0036446361
8600,0.0063131624
8700,0.0071596974
8900,0.0075306552
9000,0.004658491
9200,0.006096066
9500,0.028227309
9800,0.008936766
9900,0.007047584
10100,0.014845123
10400,0.02537642
10500,0.013143877
10600,0.016927397
10700,0.00664642
10900,0.02615115
11200,0.0048435787
11300,0.009094586
11700,0.0068848906
11900,0.017551275
12100,0.02776468
12400,0.012171807
12700,0.007430965
12900,0.02171517
13000,0.01691997
13400,0.020805689
13500,0.005799787
13600,0.0120748505
13700,0.011700548
13900,0.012704165
14300,0.0047172406
14400,0.015295176
15400,0.010220797
15600,0.0153046595
15700,0.014368464
15800,0.007906207
15900,0.0027318418
16100,0.012623272
16200,0.014605689
16300,0.008235538
16400,0.0065069855
16500,0.0004181461
16600,0.007252974
17000,0.015597727
17100,0.0047260066
17200,0.010380786
17300,0.004221789
17400,0.004882323
17600,0.020394951
17700,0.0047239303
17900,0.009299617
18000,0.014004443
18100,0.0031918865
18200,0.0016089125
18400,0.0011944112
18500,0.004468299
18700,0.0017484919
18800,0.015441369
19100,0.010702758
19500,0.005445071
19600,0.0022579862
19700,0.001269738
19800,0.00071223953
20700,0.0046621943
20800,0.011510816
20900,0.0049397866
21100,0.0070545278
21200,0.011042863
21400,0.037198704
21800,0.012206728
22000,0.0065522953
22300,0.0037563525
22400,0.010036693
22500,0.0041902713
22600,0.011340858
22900,0.0073249876
23000,0.0036651988
23200,0.002307739
23300,0.013588264
23600,0.0051020156
23700,0.009858626
23800,0.018728329
23900,0.009230296
24100,0.00991768
24200,0.02099726
24400,0.0028875917
24500,0.0074612084
24600,0.0019352334
24700,0.003612608
25300,0.014747878
25400,0.03187881
25800,0.00629521
26000,0.0138882985
26100,0.015775437
26200,0.004562268
26300,0.005771508
26400,0.006397166
26600,0.0072756764
26700,0.02532457
26800,0.009903073
26900,0.0071644173
27000,0.010475923
27300,0.015028873
27400,0.010064465
27500,0.0032756326
27900,0.013801904
28000,0.008651914
28100,0.007558518
28300,0.007423766
28400,0.012701224
29000,0.009692379
29100,0.028095525
29300,0.0139636
29600,0.013221788
29700,0.025533464
29800,0.0072772526
29900,0.0054561864
30000,0.010385518
30100,0.01303286
30300,0.0036564367
30400,0.007609934
30700,0.008606065
30800,0.03522908
31100,0.01016554
31200,0.018963935
31600,0.016956752
31700,0.01668496
31800,0.019043334
31900,0.015759492
32000,0.0075874673
32100,0.01271727
32800,0.00465333
33000,0.006244697
33100,0.00568299
33500,0.005062488
33700,0.007199786
33800,0.0061470023
33900,0.0010445918
34000,0.001455035
34200,0.0058353916
34300,0.005097229
34400,0.0013441208
34500,0.0024930795
34600,0.009189248
34800,0.0007933898
35000,0.004374413
35200,0.0045256363
35300,0.04804077
35500,0.0023615293
35600,0.0043108664
35700,0.002013001
35900,0.020687403
36000,0.043555755
36100,0.0056387736
36600,0.014265993
37200,0.0029312305
37400,0.013999781
37500,0.004773862
37600,0.014622897
37700,0.010387636
38100,0.0056072543
38200,0.0072087417
38300,0.011236429
38400,0.0073122466
38600,0.004016873
38800,0.0024096738
39100,0.006640202
39200,0.012486694
39300,0.023309518
39400,0.018577177
39600,0.013634103
39700,0.0021340342
39900,0.010422909
40000,0.018822653
40200,0.0063587152
40500,0.009121294
40600,0.006330098
41800,0.016374722
42000,0.013010369
42700,0.013710379
42900,0.006213833
43600,0.013297615
44200,0.0058429316
44500,0.009615516
44700,0.005768062
44900,0.0070043965
45200,0.0048604785
45300,0.015163834
45500,0.0068214107
45600,0.014606292
46100,0.036462653
46300,0.0070118103
46500,0.006273365
46900,0.006280527
47000,0.0038873635
47100,0.0051484685
47200,0.016561275
47300,0.008349485
47600,0.031673715
47700,0.005845663
47800,0.010480778
47900,0.011075698
48200,0.01751191
48600,0.010206566
48700,0.0008461164
49100,0.0080261575
49200,0.010665946
49600,0.015791483
49700,0.010737581
49900,0.0070270384
50100,0.0102874255
50300,0.0033327986
50400,0.002503832
50600,0.012235647
50800,0.003796244
50900,0.0023806093
51000,0.0052794404
51200,0.0027737636
51600,0.011782237
51800,0.005420892
52000,0.0006595916
52100,0.0058528455
52500,0.016990205
52600,0.011544035
52700,0.06062778
53200,0.016393848
53300,0.015925504
53400,0.038949873
53600,0.0090076225
53900,0.08423104
54100,0.012451287
54200,0.021137312
54300,0.01255526
54400,0.013210246
54600,0.004239653
55000,0.0038149396
55200,0.036831
55400,0.009002703
55500,0.022979561
55600,0.001926784
56200,0.029215071
56500,0.008064563
56700,0.0057784347
56800,0.024025097
57000,0.0063463813
57100,0.006455384
57200,0.012455943
57300,0.0059106145
57500,0.00632034
57900,0.027435971
58000,0.0030763873
58200,0.009624204
58300,0.0049733273
58500,0.009680844
58900,0.0015352265
59100,0.0060492563
59200,0.0133740585
59500,0.004047823
59600,0.01706991
59800,0.003135266
59900,0.008750087
60400,0.011932447
60500,0.0033774143
60800,0.009518681
61100,0.009088874
61300,0.009550238
61400,0.009095222
61700,0.0072412263
62100,0.0066895806
62400,0.0113350535
62700,0.006175494
62800,0.0069197593
63500,0.0100021735
63600,0.0065607564
63700,0.007794536
63800,0.0066920975
63900,0.0027065673
64300,0.0042319936
64400,0.008271424
1,0.009165374
101,0.012290332
401,0.9090218
601,0.0029644542
701,0.015802233
1001,0.012612727
1201,0.031011749
1701,0.011378053
2201,0.018632697
2701,0.82731116
2801,0.009259874
2901,0.006615726
3001,0.004169046
3101,0.055564914
3201,0.008882498
3301,0.007891039
3401,0.05408724
3701,0.14272337
4001,0.004287972
4101,0.9951994
4201,0.013623512
4401,0.02203562
4701,0.0032767924
4801,0.024797041
4901,0.0071918783
5101,0.05255616
5201,0.005709571
5701,0.014108915
5901,0.0055679595
6201,0.037725184
6301,0.019327141
6501,0.00578373
6601,0.0048041614
6801,0.008855849
6901,0.42627776
7001,0.11480765
7201,0.35118958
7401,0.13679187
7501,0.047400173
7701,0.098800436
7901,0.07823587
8101,0.0029379164
8201,0.032448854
8301,0.010700537
8401,0.0058751362
8501,0.018922577
8601,0.017547831
8701,0.052351195
8901,0.013996859
9001,0.01708631
9201,0.04251213
9501,0.01494684
9801,0.0077058775
9901,0.005355621
10101,0.0128902085
10401,0.0102843335
10501,0.020213868
10601,0.010511945
10701,0.037283797
10901,0.004297157
11201,0.014440079
11301,0.087020755
11701,0.08514211
11901,0.0076330886
12101,0.008793969
12401,0.005251888
12701,0.006833649
12901,0.006366629
13001,0.006536286
13401,0.003506153
13501,0.03262395
13601,0.008629551
13701,0.027996883
13901,0.016661126
14301,0.023109391
14401,0.015357567
15401,0.012892332
15601,0.017524779
15701,0.009346788
15801,0.036830235
15901,0.2717995
16101,0.011158329
16201,0.0050332323
16301,0.03121163
16401,0.018976223
16501,0.8939141
16601,0.015440926
17001,0.015689012
17101,0.023849966
17201,0.008261751
17301,0.035760716
17401,0.02392039
17601,0.0104522575
17701,0.008399576
17901,0.02466536
18001,0.0156170605
18101,0.70542806
18201,0.90421575
18401,0.8117444
18501,0.016337216
18701,0.92112446
18801,0.010871666
19101,0.0054185414
19501,0.0148314405
19601,0.2858479
19701,0.054949246
19801,0.6578919
20701,0.040246535
20801,0.0053217793
20901,0.008477483
21101,0.021529993
21201,0.017732209
21401,0.008550563
21801,0.022884598
22001,0.01116814
22301,0.0509758
22401,0.005209668
22501,0.038567223
22601,0.012869475
22901,0.93792313
23001,0.5669714
23201,0.1803373
23301,0.016233167
23601,0.040995307
23701,0.019688578
23801,0.024196811
23901,0.008239769
24101,0.0056390376
24201,0.011813502
24401,0.32121146
24501,0.03183524
24601,0.6821889
24701,0.010959533
25301,0.028361887
25401,0.009310489
25801,0.026919207
26001,0.009801126
26101,0.017856954
26201,0.036292613
26301,0.06127506
26401,0.022671044
26601,0.008394793
26701,0.0051796185
26801,0.17339197
26901,0.020015024
27001,0.019399269
27301,0.00874025
27401,0.012072695
27501,0.2381556
27901,0.08026595
28001,0.02318447
28101,0.007872389
28301,0.011346206
28401,0.009313485
29001,0.011519332
29101,0.0074669486
29301,0.011196601
29601,0.012876953
29701,0.016406655
29801,0.009195858
29901,0.01799327
30001,0.01159889
30101,0.013068379
30301,0.07516218
30401,0.02214137
30701,0.018888641
30801,0.052183684
31101,0.012851157
31201,0.004501599
31601,0.025590593
31701,0.014082509
31801,0.013666922
31901,0.012265363
32001,0.0060200277
32101,0.009586426
32801,0.01171146
33001,0.014437203
33101,0.01204018
33501,0.0043265936
33701,0.02711039
33801,0.01882227
33901,0.9147322
34001,0.34076327
34201,0.57718235
34301,0.012733791
34401,0.7823509
34501,0.32752788
34601,0.007935918
34801,0.97753245
35001,0.015186524
35201,0.15946497
35301,0.0028114433
35501,0.018828694
35601,0.008998514
35701,0.043325577
35901,0.01035615
36001,0.010431038
36101,0.04862077
36601,0.008778099
37201,0.10199677
37401,0.005258454
37501,0.014482527
37601,0.026553387
37701,0.012610137
38101,0.022417912
38201,0.014349292
38301,0.0051394077
38401,0.00739899
38601,0.014310539
38801,0.0120658055
39101,0.19268964
39201,0.7111539
39301,0.51068765
39401,0.018208675
39601,0.007205565
39701,0.86253864
39901,0.0122735575
40001,0.019488284
40201,0.009758292
40501,0.028218428
40601,0.008886997
41801,0.015248527
42001,0.007419859
42701,0.011238438
42901,0.07325905
43601,0.013816172
44201,0.005832684
44501,0.01731178
44701,0.027496217
44901,0.025946353
45201,0.06284403
45301,0.008044866
45501,0.011628009
45601,0.0114578735
46101,0.012625257
46301,0.013549658
46501,0.014846609
46901,0.03765481
47001,0.030611638
47101,0.020576809
47201,0.0073664677
47301,0.007297195
47601,0.0067641335
47701,0.032210194
47801,0.005749586
47901,0.022182493
48201,0.006804226
48601,0.00902546
48701,0.7505658
49101,0.0066794115
49201,0.011499775
49601,0.017269455
49701,0.035910223
49901,0.01144378
50101,0.01675353
50301,0.2900626
50401,0.7979733
50601,0.22670868
50801,0.66292846
50901,0.06157783
51001,0.01475654
51201,0.91207355
51601,0.16422737
51801,0.007349904
52001,0.34837013
52101,0.0298747
52501,0.013802061
52601,0.023419993
52701,0.025076298
53201,0.019240888
53301,0.009187128
53401,0.012681516
53601,0.036577247
53901,0.005498544
54101,0.004403241
54201,0.0045359284
54301,0.0054618507
54401,0.0056300773
54601,0.36084992
55001,0.027053399
55201,0.13947605
55401,0.35258922
55501,0.050070457
55601,0.23394819
56201,0.005896209
56501,0.0042505306
56701,0.031467717
56801,0.019423563
57001,0.04526121
57101,0.020174332
57201,0.009612394
57301,0.24675964
57501,0.014056442
57901,0.0068910127
58001,0.009607755
58201,0.009433723
58301,0.25834203
58501,0.00606747
58901,0.19940071
59101,0.00797411
59201,0.028568922
59501,0.040658522
59601,0.010945581
59801,0.06600996
59901,0.011728541
60401,0.086340144
60501,0.021342574
60801,0.004692449
61101,0.08565921
61301,0.013336644
61401,0.021651117
61701,0.009332676
62101,0.016648185
62401,0.0030524544
62701,0.012513138
62801,0.024640854
63501,0.014198492
63601,0.026778039
63701,0.022360958
63801,0.010572935
63901,0.073214576
64301,0.020180082
64401,0.0108699165
2,0.01641995
102,0.032689076
402,0.03913342
602,0.019350078
702,0.065996274
1002,0.013157689
1202,0.18325233
1702,0.019812785
2202,0.02037915
2702,0.17960756
2802,0.049790464
2902,0.05494995
3002,0.0069278018
3102,0.12552078
3202,0.027327426
3302,0.015960619
3402,0.011469914
3702,0.014276128
4002,0.0115228295
4102,0.5703725
4202,0.02387144
4402,0.06622708
4702,0.014034308
4802,0.031958975
4902,0.025649946
5102,0.0026208698
5202,0.037895687
5702,0.022949846
5902,0.020153344
6202,0.027839808
6302,0.031882234
6502,0.050642516
6602,0.019089522
6802,0.03752635
6902,0.538589
7002,0.32605645
7202,0.021252785
7402,0.0032000516
7502,0.017468115
7702,0.02139387
7902,0.08682069
8102,0.017433546
8202,0.019874426
8302,0.018913973
8402,0.029968206
8502,0.02728047
8602,0.01757231
8702,0.020532992
8902,0.04938313
9002,0.02633955
9202,0.021438165
9502,0.07993975
9802,0.024253255
9902,0.018036049
10102,0.049641024
10402,0.05371882
10502,0.088084266
10602,0.037623417
10702,0.0069340807
10902,0.04259732
11202,0.05512427
11302,0.28543115
11702,0.04645837
11902,0.036030125
12102,0.06514976
12402,0.054542374
12702,0.059593197
12902,0.057766527
13002,0.030953487
13402,0.02630012
13502,0.034218736
13602,0.03383172
13702,0.023467489
13902,0.046013042
14302,0.011875792
14402,0.08150541
15402,0.03656753
15602,0.066038944
15702,0.046214357
15802,0.05413493
15902,0.027372355
16102,0.02676897
16202,0.03764653
16302,0.038707774
16402,0.022099268
16502,0.011131144
16602,0.07238455
17002,0.04132288
17102,0.01966082
17202,0.024152044
17302,0.09009446
17402,0.02332094
17602,0.03672245
17702,0.02999558
17902,0.024709234
18002,0.03774562
18102,0.08564455
18202,0.07637596
18402,0.020270828
18502,0.023727484
18702,0.02063197
18802,0.09401161
19102,0.033610452
19502,0.031636816
19602,0.042079903
19702,0.00997002
19802,0.0037213252
20702,0.014775853
20802,0.035189684
20902,0.03503
21102,0.064916454
21202,0.04985733
21402,0.0708827
21802,0.04000639
22002,0.026604401
22302,0.0120000765
22402,0.028878896
22502,0.016457343
22602,0.045781914
22902,0.16590722
23002,0.14600565
23202,0.004127789
23302,0.018572278
23602,0.018486554
23702,0.05312065
23802,0.20945872
23902,0.0347769
24102,0.024445012
24202,0.0640036
24402,0.006207746
24502,0.050422605
24602,0.026513796
24702,0.016070645
25302,0.08119875
25402,0.03655687
25802,0.07250683
26002,0.03881183
26102,0.1360731
26202,0.016688172
26302,0.031741753
26402,0.058842592
26602,0.015828319
26702,0.051128007
26802,0.66612864
26902,0.16280977
27002,0.05419353
27302,0.07192873
27402,0.08068557
27502,0.03582731
27902,0.61650807
28002,0.032851964
28102,0.061547015
28302,0.03173757
28402,0.04750664
29002,0.05288718
29102,0.074254155
29302,0.031698085
29602,0.02502359
29702,0.05432803
29802,0.053059354
29902,0.014803813
30002,0.03852673
30102,0.05238072
30302,0.020692104
30402,0.01367705
30702,0.10210644
30802,0.35515139
31102,0.113973476
31202,0.028067604
31602,0.090440355
31702,0.04008522
31802,0.07725315
31902,0.047750294
32002,0.032357845
32102,0.04082229
32802,0.022001479
33002,0.030059928
33102,0.009791635
33502,0.019096492
33702,0.027452815
33802,0.027210487
33902,0.53774357
34002,0.009036518
34202,0.08828132
34302,0.02968131
34402,0.008985083
34502,0.04250064
34602,0.050697006
34802,0.0508967
35002,0.018267132
35202,0.022200003
35302,0.02651741
35502,0.015217806
35602,0.02070688
35702,0.010435871
35902,0.06958494
36002,0.08494841
36102,0.07165567
36602,0.03336989
37202,0.0047983807
37402,0.026873372
37502,0.027127182
37602,0.115646705
37702,0.039319307
38102,0.017943555
38202,0.010609837
38302,0.012611569
38402,0.042453412
38602,0.043338194
38802,0.020419119
39102,0.03628382
39202,0.13966145
39302,0.4387361
39402,0.109896995
39602,0.021441456
39702,0.008010002
39902,0.112005584
40002,0.13844769
40202,0.0348565
40502,0.04047756
40602,0.025846241
41802,0.13570927
42002,0.06381806
42702,0.06148962
42902,0.012224351
43602,0.047622155
44202,0.037101515
44502,0.0720767
44702,0.07473729
44902,0.029346788
45202,0.016227655
45302,0.013635006
45502,0.055427983
45602,0.02059249
46102,0.050402932
46302,0.02939501
46502,0.11157773
46902,0.041558754
47002,0.024405703
47102,0.1726788
47202,0.07559859
47302,0.033569846
47602,0.0484724
47702,0.028102806
47802,0.029757949
47902,0.052989986
48202,0.054553267
48602,0.1052819
48702,0.01239543
49102,0.03326785
49202,0.06295345
49602,0.032175556
49702,0.20589578
49902,0.04747823
50102,0.017340975
50302,0.23772044
50402,0.027581459
50602,0.09989729
50802,0.03182974
50902,0.032237053
51002,0.022370787
51202,0.100786105
51602,0.034195073
51802,0.0276286
52002,0.009164537
52102,0.03041783
52502,0.06507829
52602,0.07987984
52702,0.074207574
53202,0.07690312
53302,0.06620952
53402,0.029512648
53602,0.055277776
53902,0.07599457
54102,0.04166761
54202,0.04076071
54302,0.0323532
54402,0.032728415
54602,0.013900888
55002,0.038153943
55202,0.56761235
55402,0.099922724
55502,0.2560988
55602,0.003955458
56202,0.033498507
56502,0.009182547
56702,0.023182692
56802,0.118178345
57002,0.03451385
57102,0.051429626
57202,0.030334719
57302,0.03705742
57502,0.01826136
57902,0.032569665
58002,0.012692793
58202,0.10221687
58302,0.03245025
58502,0.030982798
58902,0.010020085
59102,0.040631905
59202,0.17190805
59502,0.0879813
59602,0.08494111
59802,0.051245186
59902,0.038902443
60402,0.55620575
60502,0.029759081
60802,0.018203449
61102,0.2787649
61302,0.106170245
61402,0.091544256
61702,0.020075107
62102,0.051431198
62402,0.016388914
62702,0.0123750735
62802,0.06499006
63502,0.054883268
63602,0.025397131
63702,0.01924301
63802,0.025508348
63902,0.018099893
64302,0.024588691
64402,0.041766036
3,0.00861905
103,0.012929031
403,0.0016018717
603,0.0052838707
703,0.0049629603
1003,0.0045495736
1203,0.014564055
1703,0.005683254
2203,0.0029706263
2703,0.001004257
2803,0.014909439
2903,0.022282898
3003,0.0039701513
3103,0.007259022
3203,0.007267336
3303,0.024996355
3403,0.0018422483
3703,0.0012323819
4003,0.003873615
4103,8.049924e-05
4203,0.0087620355
4403,0.013960803
4703,0.0048980233
4803,0.0061801085
4903,0.013521413
5103,0.008134807
5203,0.006027811
5703,0.006903673
5903,0.0103096645
6203,0.00490238
6303,0.005333636
6503,0.008606976
6603,0.0062623783
6803,0.0076756007
6903,0.01620903
7003,0.011310759
7203,0.0065202387
7403,0.006621764
7503,0.005371302
7703,0.0030717955
7903,0.014126337
8103,0.0042746295
8203,0.0064628473
8303,0.005680517
8403,0.023848109
8503,0.007012398
8603,0.009819303
8703,0.0155616375
8903,0.015029503
9003,0.01286658
9203,0.0076365876
9503,0.07087827
9803,0.011071762
9903,0.01018471
10103,0.015317577
10403,0.0074998615
10503,0.006067217
10603,0.04579884
10703,0.009282132
10903,0.005765323
11203,0.009030819
11303,0.009625457
11703,0.0063338173
11903,0.006151797
12103,0.037673686
12403,0.015052298
12703,0.004717431
12903,0.0058867047
13003,0.01033987
13403,0.0064926706
13503,0.0110074105
13603,0.008291447
13703,0.01004604
13903,0.008555287
14303,0.0042437566
14403,0.044949684
15403,0.024301626
15603,0.0061837384
15703,0.010962789
15803,0.005612481
15903,0.002415837
16103,0.02083393
16203,0.008027786
16303,0.013549454
16403,0.007968827
16503,0.000520017
16603,0.0141090695
17003,0.0049385917
17103,0.0055306964
17203,0.005734893
17303,0.0057602576
17403,0.0057319007
17603,0.041640315
17703,0.0076552103
17903,0.0067189923
18003,0.010358185
18103,0.0015552508
18203,0.00048751442
18403,0.0004684544
18503,0.0040866123
18703,0.000657631
18803,0.0131725
19103,0.0373916
19503,0.0076894984
19603,0.0015730903
19703,0.002199049
19803,0.0005796566
20703,0.004249892
20803,0.011824089
20903,0.009628636
21103,0.0075879125
21203,0.008352829
21403,0.014483276
21803,0.004697176
22003,0.0074146823
22303,0.007716502
22403,0.0047561317
22503,0.0028727376
22603,0.009138285
22903,0.0010387988
23003,0.002153311
23203,0.004554727
23303,0.008959786
23603,0.0068761474
23703,0.012210914
23803,0.025329418
23903,0.0045117345
24103,0.004161284
24203,0.010678174
24403,0.0055535464
24503,0.012142402
24603,0.001471251
24703,0.005870804
25303,0.036412925
25403,0.04244967
25803,0.052256104
26003,0.053725693
26103,0.014906154
26203,0.003616056
26303,0.0042034388
26403,0.016181495
26603,0.0038244182
26703,0.009179007
26803,0.0149794035
26903,0.01346374
27003,0.0073136557
27303,0.018424517
27403,0.03083311
27503,0.0037893923
27903,0.022325253
28003,0.007433061
28103,0.011140785
28303,0.0033283853
28403,0.005018625
29003,0.023528378
29103,0.0064239544
29303,0.004743752
29603,0.014955071
29703,0.019379718
29803,0.00877286
29903,0.0043165796
30003,0.006334005
30103,0.046041284
30303,0.0043337974
30403,0.0041629653
30703,0.020427357
30803,0.029429326
31103,0.046586733
31203,0.0067229294
31603,0.013996615
31703,0.03942271
31803,0.024437375
31903,0.0088569205
32003,0.009506011
32103,0.015394918
32803,0.0025597978
33003,0.0061753974
33103,0.004246593
33503,0.004177364
33703,0.0066806553
33803,0.0055370545
33903,0.0007438629
34003,0.0011958361
34203,0.0029644896
34303,0.004810804
34403,0.0007163255
34503,0.0020581915
34603,0.0059015243
34803,0.00023521026
35003,0.0035174235
35203,0.0053699636
35303,0.004290867
35503,0.003802644
35603,0.0066809137
35703,0.00398006
35903,0.024951257
36003,0.042263094
36103,0.0072600464
36603,0.017801901
37203,0.0071705603
37403,0.005533209
37503,0.004655269
37603,0.023989812
37703,0.0077953697
38103,0.0049830656
38203,0.007176594
38303,0.003879087
38403,0.006123292
38603,0.011763025
38803,0.0051308405
39103,0.0047738464
39203,0.0034735943
39303,0.0075760423
39403,0.0277994
39603,0.010655966
39703,0.0008121561
39903,0.015099288
40003,0.028324287
40203,0.013491238
40503,0.008650479
40603,0.010831946
41803,0.038855936
42003,0.014531147
42703,0.009360395
42903,0.023505166
43603,0.029505942
44203,0.0064280084
44503,0.0081645865
44703,0.006531427
44903,0.0045763934
45203,0.012986388
45303,0.009210902
45503,0.009798775
45603,0.0058256323
46103,0.07534268
46303,0.0059809615
46503,0.027238917
46903,0.007904796
47003,0.015069139
47103,0.040894613
47203,0.019562608
47303,0.0035688127
47603,0.013535408
47703,0.004411075
47803,0.004342879
47903,0.012778884
48203,0.011881128
48603,0.016375208
48703,0.0010827564
49103,0.010503863
49203,0.0082478
49603,0.026702771
49703,0.019318648
49903,0.010920615
50103,0.0055725425
50303,0.0033924405
50403,0.00087768474
50603,0.0069521563
50803,0.0017210355
50903,0.0061350064
51003,0.0073398906
51203,0.00081384956
51603,0.0077344244
51803,0.0051734494
52003,0.00065372576
52103,0.0059613427
52503,0.015691744
52603,0.031691935
52703,0.0025575876
53203,0.032394126
53303,0.011522557
53403,0.0152296005
53603,0.0047211824
53903,0.009907174
54103,0.012940105
54203,0.0069060824
54303,0.010253705
54403,0.009264485
54603,0.00926403
55003,0.005154201
55203,0.015947012
55403,0.0047475444
55503,0.064536646
55603,0.0044731335
56203,0.022743693
56503,0.0038966762
56703,0.006039525
56803,0.043725763
57003,0.02898866
57103,0.01803284
57203,0.007458984
57303,0.002880679
57503,0.00475084
57903,0.029409606
58003,0.0031609638
58203,0.022076478
58303,0.0033541447
58503,0.008780276
58903,0.0025592903
59103,0.016702574
59203,0.028255448
59503,0.026067747
59603,0.023098515
59803,0.006113269
59903,0.007853301
60403,0.045317724
60503,0.0040867417
60803,0.004892428
61103,0.03662914
61303,0.03439483
61403,0.02631066
61703,0.010435729
62103,0.011329705
62403,0.0028918635
62703,0.0036133532
62803,0.0076323464
63503,0.035852533
63603,0.0054655997
63703,0.005200304
63803,0.0032807398
63903,0.0042013503
64303,0.0043100333
64403,0.006645088
4,0.04418902
104,0.015563813
404,3.951397e-05
604,0.047139708
704,0.018955998
1004,0.012372339
1204,0.03078663
1704,0.0136542525
2204,0.031001061
2704,0.0040048803
2804,0.30320892
2904,0.04302129
3004,0.048078224
3104,0.028301975
3204,0.03358198
3304,0.024795577
3404,0.04669817
3704,0.011497179
4004,0.021902282
4104,6.8269044e-05
4204,0.041025773
4404,0.23371008
4704,0.02379941
4804,0.019203639
4904,0.18176006
5104,0.0056424593
5204,0.04571101
5704,0.033098336
5904,0.04126468
6204,0.01667502
6304,0.018005658
6504,0.03334545
6604,0.024234192
6804,0.04459324
6904,0.05900023
7004,0.049364567
7204,0.014525775
7404,0.055756047
7504,0.0052977568
7704,0.022784837
7904,0.06277196
8104,0.032668814
8204,0.013318585
8304,0.064886555
8404,0.063022465
8504,0.0165629
8604,0.029541628
8704,0.03903453
8904,0.09152625
9004,0.0643215
9204,0.0222627
9504,0.36096492
9804,0.036212396
9904,0.061171215
10104,0.22830716
10404,0.029749118
10504,0.0215696
10604,0.13084136
10704,0.02839315
10904,0.040203538
11204,0.032905295
11304,0.31320274
11704,0.04144291
11904,0.016162599
12104,0.25922486
12404,0.13357736
12704,0.04796105
12904,0.06355997
13004,0.14761078
13404,0.034533467
13504,0.017692026
13604,0.028154233
13704,0.019066973
13904,0.031039279
14304,0.01143918
14404,0.57513505
15404,0.5257958
15604,0.016811043
15704,0.22793975
15804,0.045066677
15904,0.014596852
16104,0.09694984
16204,0.050699405
16304,0.01409746
16404,0.0135130845
16504,2.1234866e-05
16604,0.037631366
17004,0.020394031
17104,0.011069507
17204,0.008416039
17304,0.021539291
17404,0.013338508
17604,0.21701075
17704,0.036777988
17904,0.010683822
18004,0.012822668
18104,0.0058500795
18204,0.0027358395
18404,0.0054306686
18504,0.0180451
18704,0.0013959926
18804,0.076683775
19104,0.119432494
19504,0.020058297
19604,0.015736219
19704,0.032278955
19804,0.005021918
20704,0.0106845135
20804,0.20102958
20904,0.04716186
21104,0.025572235
21204,0.040787145
21404,0.09396275
21804,0.010894013
22004,0.017396724
22304,0.01905721
22404,0.034988265
22504,0.009048311
22604,0.026009638
22904,0.00074530434
23004,0.0087503055
23204,0.014665591
23304,0.037898205
23604,0.025056448
23704,0.16345108
23804,0.12958312
23904,0.036039256
24104,0.033350274
24204,0.056827955
24404,0.018642912
24504,0.07965937
24604,0.005007865
24704,0.039499894
25304,0.093737215
25404,0.13757572
25804,0.51434463
26004,0.42248622
26104,0.09538527
26204,0.010646309
26304,0.011809997
26404,0.28172663
26604,0.014706951
26704,0.05525513
26804,0.06928865
26904,0.08164028
27004,0.026869843
27304,0.29349396
27404,0.0970233
27504,0.009762297
27904,0.24264444
28004,0.039479837
28104,0.3282061
28304,0.014523065
28404,0.026221642
29004,0.35025346
29104,0.024219265
29304,0.012122725
29604,0.05641265
29704,0.36559412
29804,0.07476144
29904,0.0071690045
30004,0.04033416
30104,0.55892867
30304,0.011958311
30404,0.015588476
30704,0.61211216
30804,0.1114534
31104,0.5487701
31204,0.0643282
31604,0.07842697
31704,0.5460787
31804,0.5106653
31904,0.043137994
32004,0.0381306
32104,0.025599377
32804,0.012807923
33004,0.009881389
33104,0.012616985
33504,0.060559135
33704,0.011240386
33804,0.012327334
33904,0.0026563643
34004,0.005216734
34204,0.012108264
34304,0.014506123
34404,0.0025333778
34504,0.014279935
34604,0.06671697
34804,0.0013767171
35004,0.025076719
35204,0.010536211
35304,0.031844176
35504,0.042377796
35604,0.09893438
35704,0.054762207
35904,0.38730657
36004,0.26721603
36104,0.052755143
36604,0.2897628
37204,0.006142705
37404,0.032873616
37504,0.038809303
37604,0.17515092
37704,0.06549575
38104,0.01737113
38204,0.011418698
38304,0.017952187
38404,0.06336202
38604,0.04003513
38804,0.019400818
39104,0.0151538905
39204,0.006718298
39304,0.022633271
39404,0.3074191
39604,0.05652648
39704,0.000569419
39904,0.064901285
40004,0.120082736
40204,0.026770528
40504,0.04614213
40604,0.037160907
41804,0.43647522
42004,0.08147124
42704,0.062607124
42904,0.08649979
43604,0.5087874
44204,0.05453801
44504,0.07467593
44704,0.02089979
44904,0.015707575
45204,0.045488074
45304,0.030928183
45504,0.06794815
45604,0.025916163
46104,0.20113215
46304,0.027429303
46504,0.5818338
46904,0.016452761
47004,0.055087667
47104,0.4426943
47204,0.18837516
47304,0.018354757
47604,0.11436764
47704,0.010922324
47804,0.024611196
47904,0.08261783
48204,0.2419509
48604,0.12989789
48704,5.7089354e-05
49104,0.16869386
49204,0.037754025
49604,0.03309407
49704,0.090577215
49904,0.08573726
50104,0.0085235145
50304,0.01803033
50404,0.0035198908
50604,0.043162968
50804,0.0048201834
50904,0.09555705
51004,0.040643577
51204,0.002821736
51604,0.010949241
51804,0.05278141
52004,0.014590249
52104,0.020150539
52504,0.0905948
52604,0.6352909
52704,0.00092977734
53204,0.1653935
53304,0.104448505
53404,0.046998613
53604,0.008144469
53904,0.03839133
54104,0.11374665
54204,0.07513495
54304,0.07228713
54404,0.048922688
54604,0.006820228
55004,0.020136831
55204,0.18646288
55404,0.016497016
55504,0.12795448
55604,0.023076968
56204,0.08221848
56504,0.02580843
56704,0.012392901
56804,0.42240345
57004,0.08703027
57104,0.038061067
57204,0.033366844
57304,0.010904192
57504,0.017100312
57904,0.08582973
58004,0.07305205
58204,0.37423483
58304,0.006374363
58504,0.096942715
58904,0.005020401
59104,0.19792496
59204,0.5922585
59504,0.08767753
59604,0.53782034
59804,0.030118883
59904,0.037973836
60404,0.35625383
60504,0.034986783
60804,0.023546988
61104,0.107501864
61304,0.45597667
61404,0.5493263
61704,0.018556545
62104,0.3728887
62404,0.014023893
62704,0.01282963
62804,0.023533892
63504,0.55893105
63604,0.01765731
63704,0.009253765
63804,0.013719732
63904,0.02067144
64304,0.022971362
64404,0.049536232
5,0.01904407
105,0.020457037
405,0.0026872589
605,0.011522949
705,0.018792257
1005,0.010118483
1205,0.02366269
1705,0.018150903
2205,0.008567028
2705,0.012682246
2805,0.025164679
2905,0.033691756
3005,0.009490243
3105,0.018995302
3205,0.013680563
3305,0.02311702
3405,0.0058682607
3705,0.00454247
4005,0.009705772
4105,0.020829529
4205,0.011248853
4405,0.0325372
4705,0.015644887
4805,0.012528621
4905,0.030892001
5105,0.006015641
5205,0.01598351
5705,0.011419042
5905,0.017132042
6205,0.009599538
6305,0.013687642
6505,0.03342778
6605,0.012350852
6805,0.01696902
6905,0.052830204
7005,0.089367405
7205,0.0075828624
7405,0.014469962
7505,0.0091702035
7705,0.006677688
7905,0.02218929
8105,0.01119583
8205,0.011772226
8305,0.010838442
8405,0.019860713
8505,0.011449122
8605,0.01130286
8705,0.015935237
8905,0.019927686
9005,0.017071318
9205,0.011878619
9505,0.059322424
9805,0.017554121
9905,0.017446456
10105,0.021700028
10405,0.02704494
10505,0.020901477
10605,0.031429496
10705,0.0140609285
10905,0.020976737
11205,0.014172412
11305,0.025800897
11705,0.012380751
11905,0.018233432
12105,0.040058628
12405,0.029531473
12705,0.014956736
12905,0.028964248
13005,0.037874185
13405,0.016852489
13505,0.018616637
13605,0.014889813
13705,0.010984076
13905,0.020274313
14305,0.0075741904
14405,0.049544834
15405,0.035643265
15605,0.018008327
15705,0.020199254
15805,0.012017217
15905,0.006665685
16105,0.027982473
16205,0.01775812
16305,0.024146073
16405,0.015716301
16505,0.0013941822
16605,0.024176715
17005,0.016187087
17105,0.011941681
17205,0.014840995
17305,0.015383936
17405,0.01173056
17605,0.03611856
17705,0.01786619
17905,0.016966322
18005,0.021360295
18105,0.007811367
18205,0.00492785
18405,0.0027821371
18505,0.009218865
18705,0.004060269
18805,0.027210098
19105,0.04889001
19505,0.014698399
19605,0.0062011513
19705,0.006727361
19805,0.002567589
20705,0.009369074
20805,0.032725386
20905,0.016002743
21105,0.015434047
21205,0.016117357
21405,0.056521636
21805,0.015569674
22005,0.018535936
22305,0.014818404
22405,0.011824998
22505,0.010996793
22605,0.01668784
22905,0.0049360855
23005,0.008985298
23205,0.0067559956
23305,0.014957411
23605,0.008778571
23705,0.017568873
23805,0.03800792
23905,0.014351263
24105,0.010016543
24205,0.015439267
24405,0.008240051
24505,0.017737536
24605,0.0077673313
24705,0.009098334
25305,0.04112098
25405,0.03609888
25805,0.067700975
26005,0.05638033
26105,0.061929025
26205,0.010334791
26305,0.011076278
26405,0.058591727
26605,0.011227975
26705,0.025442617
26805,0.040367078
26905,0.028443849
27005,0.0128735835
27305,0.026272533
27405,0.034423675
27505,0.010079765
27905,0.06888038
28005,0.011863472
28105,0.026467713
28305,0.010553583
28405,0.018084487
29005,0.046222143
29105,0.022000056
29305,0.014233174
29605,0.014411281
29705,0.04887392
29805,0.022501368
29905,0.009875116
30005,0.017260715
30105,0.041689925
30305,0.0086229
30405,0.011973536
30705,0.031366467
30805,0.13334286
31105,0.049786277
31205,0.014623089
31605,0.019885028
31705,0.03713876
31805,0.031931452
31905,0.017291933
32005,0.018473508
32105,0.021168696
32805,0.012086448
33005,0.013441325
33105,0.011050083
33505,0.00977972
33705,0.015981086
33805,0.018573962
33905,0.007337584
34005,0.0046834727
34205,0.009456453
34305,0.012849191
34405,0.0036324058
34505,0.008667786
34605,0.013545916
34805,0.0028588963
35005,0.008584725
35205,0.008061239
35305,0.023829497
35505,0.009602321
35605,0.015291457
35705,0.012954347
35905,0.03407765
36005,0.04327381
36105,0.012660871
36605,0.04146873
37205,0.0075956876
37405,0.016814545
37505,0.015211561
37605,0.1522665
37705,0.014960592
38105,0.010399559
38205,0.010137321
38305,0.008786674
38405,0.012521437
38605,0.023446172
38805,0.016974883
39105,0.015114556
39205,0.011634269
39305,0.024413276
39405,0.04228527
39605,0.020586858
39705,0.017446544
39905,0.022096165
40005,0.03337147
40205,0.018807149
40505,0.014353643
40605,0.015640708
41805,0.056952957
42005,0.029731007
42705,0.016572392
42905,0.02442129
43605,0.038333416
44205,0.012134019
44505,0.014658895
44705,0.014653463
44905,0.023936559
45205,0.018601654
45305,0.017103072
45505,0.022173895
45605,0.010252751
46105,0.084741004
46305,0.013123862
46505,0.03659552
46905,0.0114112655
47005,0.016041491
47105,0.054482725
47205,0.027536973
47305,0.012470511
47605,0.03112924
47705,0.014229125
47805,0.015739575
47905,0.014357346
48205,0.022120299
48605,0.030193241
48705,0.0024045992
49105,0.021839198
49205,0.017270904
49605,0.02564562
49705,0.032313123
49905,0.01813476
50105,0.015896916
50305,0.014158157
50405,0.0043926286
50605,0.020713363
50805,0.0058665974
50905,0.0128667625
51005,0.0128818825
51205,0.01591828
51605,0.010884199
51805,0.00905856
52005,0.003460702
52105,0.012015395
52505,0.01963496
52605,0.05068831
52705,0.15581295
53205,0.06931426
53305,0.021439092
53405,0.026674699
53605,0.016121736
53905,0.059043232
54105,0.024682062
54205,0.01716266
54305,0.016015127
54405,0.014765986
54605,0.020639164
55005,0.012980083
55205,0.14745711
55405,0.016625235
55505,0.061199218
55605,0.008863538
56205,0.027349228
56505,0.0073268185
56705,0.011542017
56805,0.057234548
57005,0.020635761
57105,0.017855415
57205,0.012153109
57305,0.007266382
57505,0.015743047
57905,0.021724608
58005,0.008779334
58205,0.036156684
58305,0.007949895
58505,0.03347705
58905,0.0061047566
59105,0.029462885
59205,0.04141308
59505,0.03921564
59605,0.045808345
59805,0.02015169
59905,0.016413813
60405,0.12412543
60505,0.010014261
60805,0.011433018
61105,0.0631085
61305,0.043294024
61405,0.054645643
61705,0.012995199
62105,0.045614652
62405,0.012319611
62705,0.007487275
62805,0.016727392
63505,0.04292019
63605,0.010596971
63705,0.011108765
63805,0.013509595
63905,0.0066325
64305,0.010539044
64405,0.0120455185
6,0.020326056
106,0.019395366
406,0.0024189546
606,0.05806309
706,0.009845393
1006,0.009837228
1206,0.033851586
1706,0.013498485
2206,0.01281819
2706,0.0016772609
2806,0.10813081
2906,0.03903278
3006,0.015025747
3106,0.008153268
3206,0.09328726
3306,0.013950212
3406,0.014960572
3706,0.0090945205
4006,0.033423897
4106,5.326852e-05
4206,0.08193348
4406,0.050548013
4706,0.033719875
4806,0.007957782
4906,0.25199
5106,0.0041086357
5206,0.09828691
5706,0.058650117
5906,0.016791243
6206,0.028557338
6306,0.0063756276
6506,0.14762571
6606,0.029456211
6806,0.14341106
6906,0.016063297
7006,0.018927079
7206,0.012433803
7406,0.041331362
7506,0.007713578
7706,0.0072459965
7906,0.017064607
8106,0.01686493
8206,0.0063228407
8306,0.026716115
8406,0.024975276
8506,0.0055527273
8606,0.008827283
8706,0.04280797
8906,0.013002018
9006,0.015827013
9206,0.006892364
9506,0.14350219
9806,0.02145898
9906,0.033139303
10106,0.12310825
10406,0.018868322
10506,0.0054680347
10606,0.09922387
10706,0.070702516
10906,0.03418423
11206,0.011657338
11306,0.10236902
11706,0.01680252
11906,0.013834941
12106,0.100472376
12406,0.07876216
12706,0.051060297
12906,0.10225571
13006,0.33257028
13406,0.0363258
13506,0.00716219
13606,0.01944788
13706,0.03229178
13906,0.06047212
14306,0.022221461
14406,0.25362048
15406,0.46195683
15606,0.008951846
15706,0.26643452
15806,0.020783942
15906,0.0037939872
16106,0.1342049
16206,0.039083503
16306,0.050986525
16406,0.011155898
16506,0.0012777528
16606,0.08335396
17006,0.012136587
17106,0.0075261933
17206,0.011318295
17306,0.011345204
17406,0.01071281
17606,0.13628937
17706,0.018162215
17906,0.0128819235
18006,0.020520376
18106,0.0035985524
18206,0.0023886974
18406,0.0077015692
18506,0.011766325
18706,0.002368576
18806,0.053648807
19106,0.092256136
19506,0.012806671
19606,0.0046863616
19706,0.008793109
19806,0.004129142
20706,0.009099637
20806,0.1854242
20906,0.03813745
21106,0.016829506
21206,0.11851177
21406,0.057828598
21806,0.03613901
22006,0.011181671
22306,0.010133381
22406,0.08341734
22506,0.007997314
22606,0.102699764
22906,0.00061451585
23006,0.0032518914
23206,0.013904234
23306,0.03077955
23606,0.013030524
23706,0.087985575
23806,0.050522424
23906,0.0212968
24106,0.017088313
24206,0.035134327
24406,0.021625439
24506,0.031537868
24606,0.0027703894
24706,0.008493701
25306,0.13844706
25406,0.10429639
25806,0.46444947
26006,0.25151458
26106,0.041131034
26206,0.008052495
26306,0.005260941
26406,0.72968197
26606,0.02709219
26706,0.11389094
26806,0.030809304
26906,0.01977368
27006,0.011194131
27306,0.105698444
27406,0.03787149
27506,0.006124177
27906,0.104351915
28006,0.023974344
28106,0.15438329
28306,0.009748346
28406,0.014520567
29006,0.49948967
29106,0.06309638
29306,0.016313978
29606,0.03930737
29706,0.20161909
29806,0.24079148
29906,0.008944704
30006,0.2041669
30106,0.35498595
30306,0.014034651
30406,0.01730336
30706,0.33796796
30806,0.06525703
31106,0.33003867
31206,0.049926702
31606,0.03904034
31706,0.3101572
31806,0.20038393
31906,0.014650082
32006,0.03722716
32106,0.024674287
32806,0.01007237
33006,0.0084843505
33106,0.009627185
33506,0.031514693
33706,0.010645244
33806,0.010590069
33906,0.0011932052
34006,0.0040621376
34206,0.0107414005
34306,0.011998731
34406,0.003010993
34506,0.005571467
34606,0.06331816
34806,0.0022929104
35006,0.01131005
35206,0.003967202
35306,0.05614906
35506,0.016313769
35606,0.025418997
35706,0.017501855
35906,0.15489306
36006,0.10049436
36106,0.016496561
36606,0.18451667
37206,0.0040164446
37406,0.06488166
37506,0.05295577
37606,0.21757917
37706,0.041980565
38106,0.031302378
38206,0.031551678
38306,0.021685159
38406,0.08228143
38606,0.008930735
38806,0.011820841
39106,0.009183965
39206,0.0036179177
39306,0.015463233
39406,0.11862624
39606,0.04236175
39706,0.016018203
39906,0.025572624
40006,0.046992954
40206,0.011684932
40506,0.017344085
40606,0.017416546
41806,0.26712847
42006,0.048919775
42706,0.066146165
42906,0.07440217
43606,0.4358078
44206,0.06558598
44506,0.06976201
44706,0.012665842
44906,0.013060686
45206,0.25660595
45306,0.043713696
45506,0.17875652
45606,0.019010808
46106,0.2338869
46306,0.027094299
46506,0.36203262
46906,0.012336743
47006,0.013265339
47106,0.15126689
47206,0.098963015
47306,0.075551145
47606,0.0444369
47706,0.008808129
47806,0.021646868
47906,0.03549457
48206,0.13719682
48606,0.07206609
48706,0.0021533072
49106,0.16936536
49206,0.044832993
49606,0.04413644
49706,0.051973097
49906,0.023323907
50106,0.009044668
50306,0.0043517393
50406,0.006077897
50606,0.039737884
50806,0.0074988115
50906,0.0786387
51006,0.033306345
51206,0.002593168
51606,0.008293032
51806,0.021880299
52006,0.008080031
52106,0.017345607
52506,0.103848375
52606,0.53890246
52706,0.005267471
53206,0.3081728
53306,0.088235445
53406,0.013410065
53606,0.011777957
53906,0.04715379
54106,0.112151794
54206,0.072049215
54306,0.07320295
54406,0.051991202
54606,0.02010616
55006,0.0064116726
55206,0.10945173
55406,0.0062694354
55506,0.065653615
55606,0.02294175
56206,0.05155948
56506,0.00850955
56706,0.0093383575
56806,0.21456394
57006,0.073346086
57106,0.032298613
57206,0.023418242
57306,0.007886269
57506,0.011942469
57906,0.04818364
58006,0.02126494
58206,0.19409281
58306,0.0059041074
58506,0.0550837
58906,0.010660009
59106,0.039345395
59206,0.21766591
59506,0.011749053
59606,0.34380606
59806,0.01535064
59906,0.021559738
60406,0.23417403
60506,0.03930718
60806,0.04708571
61106,0.041023765
61306,0.28679034
61406,0.39948323
61706,0.009333194
62106,0.61723685
62406,0.0312393
62706,0.016478188
62806,0.007099155
63506,0.4822459
63606,0.03459166
63706,0.01114871
63806,0.015408081
63906,0.0067179333
64306,0.013633153
64406,0.05284664
7,0.012400193
107,0.01199073
407,0.11654502
607,0.03675654
707,0.012808863
1007,0.0084107
1207,0.040995076
1707,0.008899307
2207,0.11155704
2707,0.0062423893
2807,0.08109045
2907,0.027619068
3007,0.022062607
3107,0.018718561
3207,0.03337378
3307,0.09384931
3407,0.032694433
3707,0.008369568
4007,0.010327381
4107,0.703368
4207,0.089764304
4407,0.052545134
4707,0.026894083
4807,0.014448709
4907,0.043869447
5107,0.0058561857
5207,0.056576163
5707,0.058074832
5907,0.021981116
6207,0.016068175
6307,0.012294985
6507,0.022769079
6607,0.01990865
6807,0.050193634
6907,0.5118532
7007,0.024562897
7207,0.18551917
7407,0.010351651
7507,0.0036277769
7707,0.018906046
7907,0.027248569
8107,0.031603947
8207,0.048656266
8307,0.042887643
8407,0.03792546
8507,0.00969313
8607,0.03388213
8707,0.011570226
8907,0.033904746
9007,0.018648317
9207,0.016616326
9507,0.13973369
9807,0.013687817
9907,0.028493451
10107,0.27308947
10407,0.038653623
10507,0.034287274
10607,0.061416984
10707,0.01449338
10907,0.040045254
11207,0.011313036
11307,0.47676417
11707,0.03445322
11907,0.01936205
12107,0.15764004
12407,0.044966
12707,0.035938006
12907,0.074058995
13007,0.0314087
13407,0.053031843
13507,0.005849872
13607,0.02911588
13707,0.06709416
13907,0.03369636
14307,0.011591174
14407,0.20926726
15407,0.1695341
15607,0.018626692
15707,0.23222594
15807,0.08845968
15907,0.010670594
16107,0.055946644
16207,0.052509338
16307,0.0105126295
16407,0.0068830703
16507,0.0022336994
16607,0.04036538
17007,0.05500024
17107,0.010878368
17207,0.008354296
17307,0.014554184
17407,0.0088057695
17607,0.06921487
17707,0.012980131
17907,0.010999338
18007,0.01650665
18107,0.02580114
18207,0.021848196
18407,0.036114424
18507,0.032536
18707,0.00918322
18807,0.110565744
19107,0.030808542
19507,0.009958546
19607,0.016848404
19707,0.010903112
19807,0.006343991
20707,0.007450108
20807,0.029494394
20907,0.012940701
21107,0.011872973
21207,0.10177933
21407,0.052941166
21807,0.0142929945
22007,0.0052871383
22307,0.0049612555
22407,0.044448595
22507,0.003085608
22607,0.04115333
22907,0.9830918
23007,0.042665984
23207,0.00572927
23307,0.023791265
23607,0.018921597
23707,0.2312278
23807,0.108100414
23907,0.041618045
24107,0.07353093
24207,0.20378685
24407,0.007855089
24507,0.03328123
24607,0.003680752
24707,0.015467813
25307,0.10618066
25407,0.13351695
25807,0.11849837
26007,0.0670105
26107,0.05081666
26207,0.0068563395
26307,0.012011416
26407,0.07736515
26607,0.007387463
26707,0.0564172
26807,0.12441277
26907,0.03513201
27007,0.05457478
27307,0.13553073
27407,0.023891456
27507,0.0070964736
27907,0.2558606
28007,0.037158
28107,0.07755319
28307,0.0110838665
28407,0.0277765
29007,0.076798685
29107,0.06117914
29307,0.016829886
29607,0.09186384
29707,0.11638317
29807,0.064796604
29907,0.0045993025
30007,0.085396804
30107,0.19389917
30307,0.0060556857
30407,0.0114827845
30707,0.33947098
30807,0.05452056
31107,0.16536732
31207,0.11844766
31607,0.20223083
31707,0.20761329
31807,0.34870616
31907,0.08188189
32007,0.015319044
32107,0.018498875
32807,0.0034747813
33007,0.010194968
33107,0.0060727317
33507,0.034556873
33707,0.012606067
33807,0.0064901393
33907,0.017849825
34007,0.004038425
34207,0.09803871
34307,0.018044788
34407,0.0032835524
34507,0.007293631
34607,0.09451055
34807,0.022427168
35007,0.020646064
35207,0.018283589
35307,0.032493383
35507,0.014109183
35607,0.033967007
35707,0.0114972005
35907,0.117102146
36007,0.2709009
36107,0.041660447
36607,0.04168085
37207,0.0028706512
37407,0.020967105
37507,0.01811384
37607,0.044783812
37707,0.085357845
38107,0.010834323
38207,0.0083882455
38307,0.024014642
38407,0.07071491
38607,0.0067535774
38807,0.0039194804
39107,0.015268927
39207,0.8182387
39307,0.75515324
39407,0.1753146
39607,0.036831997
39707,0.00026107405
39907,0.07801579
40007,0.22393602
40207,0.014740562
40507,0.076092154
40607,0.01598753
41807,0.1943513
42007,0.048689436
42707,0.110994466
42907,0.015569666
43607,0.17025422
44207,0.057250336
44507,0.25448084
44707,0.010114848
44907,0.0069598146
45207,0.023185164
45307,0.019133702
45507,0.040789947
45607,0.058801647
46107,0.08250842
46307,0.016188096
46507,0.2513866
46907,0.042240154
47007,0.011603504
47107,0.112051316
47207,0.124203116
47307,0.017652506
47607,0.08637662
47707,0.006155539
47807,0.014521474
47907,0.22166677
48207,0.17324013
48607,0.06325587
48707,0.0023030788
49107,0.056012243
49207,0.047443707
49607,0.049486645
49707,0.08840584
49907,0.037542995
50107,0.0070883133
50307,0.024800187
50407,0.016443439
50607,0.10176019
50807,0.018474273
50907,0.03283424
51007,0.018713964
51207,0.006587232
51607,0.12490881
51807,0.061070807
52007,0.019679481
52107,0.012081911
52507,0.28633997
52607,0.3134412
52707,0.0028144058
53207,0.090143785
53307,0.1010972
53407,0.02023032
53607,0.012310596
53907,0.041702237
54107,0.0630492
54207,0.14986543
54307,0.078193344
54407,0.086165205
54607,0.0010300041
55007,0.008053067
55207,0.22273153
55407,0.06899421
55507,0.058993448
55607,0.0042024516
56207,0.06242508
56507,0.030020438
56707,0.008159032
56807,0.22394656
57007,0.03798221
57107,0.025580738
57207,0.14890882
57307,0.069727845
57507,0.014979554
57907,0.1557086
58007,0.03194258
58207,0.10907237
58307,0.010835381
58507,0.027854502
58907,0.0025048852
59107,0.029732002
59207,0.47246566
59507,0.017400276
59607,0.14661095
59807,0.0054106703
59907,0.029218927
60407,0.19577208
60507,0.024334276
60807,0.01945534
61107,0.04194351
61307,0.11398908
61407,0.187402
61707,0.007740719
62107,0.08705366
62407,0.0126716755
62707,0.015379718
62807,0.013473471
63507,0.18245125
63607,0.014861581
63707,0.011892909
63807,0.0054524923
63907,0.009630908
64307,0.0091436915
64407,0.060302548
8,0.01825335
108,0.018429343
408,0.006630621
608,0.011383435
708,0.016226912
1008,0.0065497714
1208,0.054535743
1708,0.0063206125
2208,0.0029075516
2708,0.15125905
2808,0.17899817
2908,0.023554834
3008,0.017933354
3108,0.05267817
3208,0.016057352
3308,0.010248658
3408,0.0089753
3708,0.0068201143
4008,0.008191866
4108,0.0040966244
4208,0.0066700475
4408,0.23777996
4708,0.008228551
4808,0.010010408
4908,0.051505852
5108,0.012888584
5208,0.0077371188
5708,0.008621579
5908,0.02258064
6208,0.007891532
6308,0.01332247
6508,0.009343664
6608,0.0059868125
6808,0.010106059
6908,0.2336595
7008,0.16526696
7208,0.008701501
7408,0.04771009
7508,0.005314264
7708,0.0154602565
7908,0.16564348
8108,0.008384767
8208,0.006759414
8308,0.023393663
8408,0.042588774
8508,0.032931186
8608,0.015799288
8708,0.06374149
8908,0.12119066
9008,0.07393633
9208,0.026121393
9508,0.19668375
9808,0.012572142
9908,0.022129359
10108,0.055898454
10408,0.011063714
10508,0.022612063
10608,0.074236594
10708,0.016161498
10908,0.010157338
11208,0.056940813
11308,0.16355757
11708,0.019578971
11908,0.00608583
12108,0.08649759
12408,0.069082655
12708,0.014729419
12908,0.005465301
13008,0.03184957
13408,0.007087266
13508,0.03993721
13608,0.012437816
13708,0.0062014363
13908,0.010148918
14308,0.0052386275
14408,0.34373093
15408,0.083745286
15608,0.014707884
15708,0.023814052
15808,0.011965058
15908,0.034469374
16108,0.03800507
16208,0.013060262
16308,0.025625434
16408,0.01271691
16508,0.0030266503
16608,0.024479223
17008,0.0063143354
17108,0.0069426256
17208,0.008231921
17308,0.035326883
17408,0.006429264
17608,0.11930858
17708,0.02043166
17908,0.0061881207
18008,0.010912578
18108,0.04003023
18208,0.04197072
18408,0.011155141
18508,0.006202069
18708,0.01723831
18808,0.02562665
19108,0.11321237
19508,0.013342535
19608,0.046293736
19708,0.0067451117
19808,0.0073975893
20708,0.005180395
20808,0.0592425
20908,0.031079758
21108,0.023099368
21208,0.011019787
21408,0.03101577
21808,0.0045450553
22008,0.015274778
22308,0.036281053
22408,0.008427004
22508,0.006661043
22608,0.013758545
22908,0.0013354324
23008,0.103594735
23208,0.03015589
23308,0.009229638
23608,0.009792745
23708,0.04502557
23808,0.10819471
23908,0.008533018
24108,0.00787364
24208,0.012622143
24408,0.038108896
24508,0.05300746
24608,0.055006206
24708,0.02018936
25308,0.06630892
25408,0.052758537
25808,0.49334356
26008,0.18175064
26108,0.09737493
26208,0.004905964
26308,0.008431744
26408,0.05838739
26608,0.005771131
26708,0.014244912
26808,0.40702322
26908,0.20391494
27008,0.008154406
27308,0.08901748
27408,0.19986238
27508,0.019692438
27908,0.38648117
28008,0.014136276
28108,0.09625324
28308,0.0057147862
28408,0.010542082
29008,0.1006861
29108,0.0058075013
29308,0.004296555
29608,0.013626158
29708,0.0769329
29808,0.022170538
29908,0.0054151854
30008,0.0066308794
30108,0.25000846
30308,0.010388681
30408,0.005287918
30708,0.20448126
30808,0.20325571
31108,0.33427233
31208,0.010224812
31608,0.02046437
31708,0.19879475
31808,0.14494793
31908,0.012050824
32008,0.013989946
32108,0.027870106
32808,0.008060478
33008,0.008029727
33108,0.0050142594
33508,0.022991264
33708,0.0086170975
33808,0.012644464
33908,0.6691402
34008,0.0048522037
34208,0.017505301
34308,0.008792091
34408,0.00810308
34508,0.030668253
34608,0.01302609
34808,0.021837175
35008,0.0074553243
35208,0.012830353
35308,0.010113334
35508,0.010772587
35608,0.028414762
35708,0.0067368005
35908,0.14200518
36008,0.0767316
36108,0.060480867
36608,0.08743152
37208,0.028447434
37408,0.0069703124
37508,0.017442748
37608,0.10584184
37708,0.017781539
38108,0.007282599
38208,0.007848745
38308,0.004031963
38408,0.016955052
38608,0.09088289
38808,0.03003209
39108,0.012288208
39208,0.0052278885
39308,0.017170485
39408,0.20706221
39608,0.020213006
39708,0.0011097154
39908,0.04282271
40008,0.110078745
40208,0.0287434
40508,0.025605561
40608,0.020955196
41808,0.15774128
42008,0.02693035
42708,0.017607316
42908,0.09765799
43608,0.11697075
44208,0.016769914
44508,0.016682334
44708,0.024027525
44908,0.008598461
45208,0.04702124
45308,0.010614978
45508,0.029553318
45608,0.00599077
46108,0.06511158
46308,0.010149286
46508,0.31550574
46908,0.006963797
47008,0.16121341
47108,0.7831993
47208,0.079934716
47308,0.005667846
47608,0.030912269
47708,0.010239463
47808,0.0077259247
47908,0.016367942
48208,0.03871937
48608,0.05982883
48708,0.00369014
49108,0.048974004
49208,0.012612857
49608,0.021690952
49708,0.11300928
49908,0.04724294
50108,0.0041702045
50308,0.19679421
50408,0.008930324
50608,0.018824114
50808,0.009130162
50908,0.03982251
51008,0.012533264
51208,0.040155582
51608,0.0050989464
51808,0.020898867
52008,0.009073952
52108,0.015532905
52508,0.0248377
52608,0.17983659
52708,0.004601151
53208,0.08293404
53308,0.024078272
53408,0.019614462
53608,0.0048580766
53908,0.019137554
54108,0.048157953
54208,0.009603217
54308,0.016447645
54408,0.013242589
54608,0.033510733
55008,0.021756634
55208,0.21608515
55408,0.036379714
55508,0.36600173
55608,0.026184555
56208,0.02875769
56508,0.0065903813
56708,0.0069330693
56808,0.25131872
57008,0.14841679
57108,0.043292962
57208,0.008590944
57308,0.008158388
57508,0.002945183
57908,0.035958447
58008,0.011403376
58208,0.23480487
58308,0.009736238
58508,0.04599721
58908,0.0055599785
59108,0.27730927
59208,0.233061
59508,0.8196704
59608,0.08835118
59808,0.07185279
59908,0.01209231
60408,0.6982178
60508,0.014280698
60808,0.006521323
61108,0.6980942
61308,0.3039999
61408,0.23370148
61708,0.015112561
62108,0.047233105
62408,0.0038006648
62708,0.00411797
62808,0.02738442
63508,0.15596607
63608,0.008287951
63708,0.0050642006
63808,0.007498177
63908,0.015494807
64308,0.012661782
64408,0.01485609
9,0.043132737
109,0.016830927
409,0.0008655446
609,0.059788164
709,0.022950418
1009,0.026115274
1209,0.011795053
1709,0.035818703
2209,0.03599141
2709,0.00395736
2809,0.05164921
2909,0.078627475
3009,0.16720374
3109,0.0100679
3209,0.02683617
3309,0.06609621
3409,0.021447755
3709,0.0065963054
4009,0.0710538
4109,0.0030657793
4209,0.013713282
4409,0.06935325
4709,0.08174886
4809,0.009829094
4909,0.16265824
5109,0.015400601
5209,0.032224983
5709,0.011926763
5909,0.10873334
6209,0.0064522843
6309,0.016967263
6509,0.09710328
6609,0.027079405
6809,0.023445586
6909,0.014359777
7009,0.06193518
7209,0.0047818474
7409,0.036018655
7509,0.0076636802
7709,0.0070952307
7909,0.010545869
8109,0.08961045
8209,0.021786157
8309,0.031617396
8409,0.045533177
8509,0.018403785
8609,0.01918889
8709,0.008639168
8909,0.026649054
9009,0.03348448
9209,0.01708502
9509,0.10814787
9809,0.03559501
9909,0.1515627
10109,0.06064121
10409,0.05301067
10509,0.024206152
10609,0.030239204
10709,0.018720072
10909,0.071376204
11209,0.016021755
11309,0.045318488
11709,0.009665281
11909,0.042707074
12109,0.12950046
12409,0.108784825
12709,0.023164807
12909,0.23320238
13009,0.16484489
13409,0.09084218
13509,0.01749816
13609,0.026566733
13709,0.0073075746
13909,0.017313562
14309,0.010126157
14409,0.15498173
15409,0.2281819
15609,0.01698375
15709,0.09815576
15809,0.012141458
15909,0.0041997763
16109,0.062266186
16209,0.057227798
16309,0.009734564
16409,0.011684205
16509,0.00070134527
16609,0.026214376
17009,0.02991823
17109,0.015234593
17209,0.046011902
17309,0.009150183
17409,0.0107426485
17609,0.10923627
17709,0.0375398
17909,0.015319957
18009,0.025432391
18109,0.0028726747
18209,0.0022078324
18409,0.003071407
18509,0.015125315
18709,0.0010373044
18809,0.04087687
19109,0.14330712
19509,0.02047511
19609,0.0061819856
19709,0.02018159
19809,0.0052905343
20709,0.008387238
20809,0.1817287
20909,0.018813584
21109,0.010171596
21209,0.02563849
21409,0.44201088
21809,0.012422169
22009,0.042127013
22309,0.041396506
22409,0.02670761
22509,0.017156579
22609,0.01489585
22909,0.0006431018
23009,0.0058288467
23209,0.012183894
23309,0.014662051
23609,0.005709284
23709,0.028729793
23809,0.018705769
23909,0.05017447
24109,0.04328643
24209,0.018152718
24409,0.012772708
24509,0.011649555
24609,0.004027766
24709,0.032483112
25309,0.029141204
25409,0.061767913
25809,0.12420458
26009,0.18761306
26109,0.27110332
26209,0.012076762
26309,0.005737545
26409,0.10036754
26609,0.03516089
26709,0.06506231
26809,0.009630136
26909,0.02003206
27009,0.01325157
27309,0.048094526
27409,0.039926518
27509,0.010595212
27909,0.035465073
28009,0.011887537
28109,0.09389115
28309,0.017107215
28409,0.0388493
29009,0.121621914
29109,0.03460441
29309,0.013065445
29609,0.013839588
29709,0.2870353
29809,0.06976029
29909,0.009327601
30009,0.035064574
30109,0.14883266
30309,0.006263085
30409,0.023884922
30709,0.1250572
30809,0.1924107
31109,0.09570673
31209,0.09711977
31609,0.016230533
31709,0.19483702
31809,0.1394137
31909,0.021425694
32009,0.026739232
32109,0.017068166
32809,0.059492145
33009,0.015387504
33109,0.030207003
33509,0.050521005
33709,0.014416288
33809,0.029313099
33909,0.0015059212
34009,0.0043077264
34209,0.0041769347
34309,0.038804483
34409,0.002599319
34509,0.005582392
34609,0.03462369
34809,0.0016835197
35009,0.020131905
35209,0.004219371
35309,0.17994483
35509,0.0319025
35609,0.08625006
35709,0.045882042
35909,0.107314184
36009,0.076001
36109,0.009159578
36609,0.19109367
37209,0.024344018
37409,0.05328781
37509,0.062721066
37609,0.61786103
37709,0.022454247
38109,0.014722471
38209,0.022890622
38309,0.02570061
38409,0.030601947
38609,0.047228273
38809,0.1295653
39109,0.008101778
39209,0.0035731154
39309,0.00846581
39409,0.06734613
39609,0.062241767
39709,0.033023857
39909,0.018790573
40009,0.02512588
40209,0.035737727
40509,0.019478725
40609,0.028486408
41809,0.13648407
42009,0.073820435
42709,0.01284678
42909,0.017745927
43609,0.16166265
44209,0.03474628
44509,0.027304897
44709,0.008362931
44909,0.1273794
45209,0.023246033
45309,0.055812135
45509,0.03184172
45609,0.017209033
46109,0.17268974
46309,0.016929494
46509,0.0669143
46909,0.007253038
47009,0.029527187
47109,0.034740064
47209,0.060252417
47309,0.050826512
47609,0.14546773
47709,0.018509291
47809,0.085080944
47909,0.012864474
48209,0.0758095
48609,0.027070507
48709,0.0010340302
49109,0.08677355
49209,0.014870542
49609,0.029267538
49709,0.018229831
49909,0.018389398
50109,0.021170396
50309,0.0058750147
50409,0.0018348276
50609,0.017106077
50809,0.0020765385
50909,0.021877006
51009,0.017403798
51209,0.0055883047
51609,0.006420263
51809,0.02340431
52009,0.0069838474
52109,0.011384097
52509,0.021614162
52609,0.17781244
52709,0.8620053
53209,0.12036703
53309,0.020846207
53409,0.04349038
53609,0.0122628445
53909,0.5186937
54109,0.18511987
54209,0.049616013
54309,0.03053502
54409,0.039813694
54609,0.029425638
55009,0.013128633
55209,0.22958681
55409,0.007230998
55509,0.016129782
55609,0.013859091
56209,0.09034886
56509,0.052738193
56709,0.009354534
56809,0.09656423
57009,0.013142707
57109,0.009759823
57209,0.03354872
57309,0.005216449
57509,0.045459952
57909,0.06226501
58009,0.06380213
58209,0.111821756
58309,0.0026749219
58509,0.6038825
58909,0.008817492
59109,0.14786813
59209,0.11267606
59509,0.04627135
59609,0.32317507
59809,0.022335446
59909,0.021590939
60409,0.066119015
60509,0.020212384
60809,0.048130665
61109,0.020128809
61309,0.054466672
61409,0.19522628
61709,0.018794464
62109,0.13340893
62409,0.068080135
62709,0.014009737
62809,0.011749326
63509,0.14635247
63609,0.009666796
63709,0.010304821
63809,0.043248024
63909,0.006115311
64309,0.019015161
64409,0.020326974
10,0.24279132
110,0.020574028
410,0.26400054
610,0.06510089
710,0.012067289
1010,0.07335435
1210,0.22649035
1710,0.016537443
2210,0.20292178
2710,0.0031754284
2810,0.7965689
2910,0.04364045
3010,0.36132756
3110,0.01802349
3210,0.08782311
3310,0.030119378
3410,0.78338677
3710,0.22350565
4010,0.035874363
4110,0.00091389066
4210,0.024921678
4410,0.41435456
4710,0.022235831
4810,0.00739202
4910,0.6440495
5110,0.00487112
5210,0.04856527
5710,0.023996854
5910,0.016445607
6210,0.010925446
6310,0.00542289
6510,0.03933027
6610,0.0075137634
6810,0.070735015
6910,0.028165942
7010,0.014153511
7210,0.040860057
7410,0.31012383
7510,0.021519335
7710,0.06745139
7910,0.01803849
8110,0.022332935
8210,0.011519875
8310,0.12667115
8410,0.026275543
8510,0.00951286
8610,0.01288896
8710,0.01010995
8910,0.025408205
9010,0.030475862
9210,0.007080451
9510,0.5503964
9810,0.017056594
9910,0.07808428
10110,0.42074668
10410,0.0055623623
10510,0.0044464795
10610,0.038790498
10710,0.022714293
10910,0.012520394
11210,0.014865577
11310,0.56448627
11710,0.027754681
11910,0.0066851946
12110,0.5835553
12410,0.21450758
12710,0.07171213
12910,0.117017016
13010,0.35966638
13410,0.025570896
13510,0.004846315
13610,0.013152285
13710,0.0074620945
13910,0.037775993
14310,0.01976287
14410,0.81684387
15410,0.8805117
15610,0.0037201198
15710,0.49599805
15810,0.046107665
15910,0.021930182
16110,0.1487608
16210,0.04048116
16310,0.043187678
16410,0.029254144
16510,0.20483518
16610,0.3526497
17010,0.0072120973
17110,0.019683449
17210,0.015641915
17310,0.055914868
17410,0.064601265
17610,0.44612178
17710,0.1250706
17910,0.0062576737
18010,0.0067123035
18110,0.007932348
18210,0.012866301
18410,0.28301316
18510,0.02876366
18710,0.0021956943
18810,0.10518077
19110,0.36129323
19510,0.020160452
19610,0.1837958
19710,0.54391164
19810,0.19330575
20710,0.0070248432
20810,0.6219395
20910,0.10877336
21110,0.011328454
21210,0.095532365
21410,0.067304745
21810,0.0060254033
22010,0.01255474
22310,0.027732505
22410,0.06888485
22510,0.003898615
22610,0.060380295
22910,0.010979301
23010,0.07970479
23210,0.11010103
23310,0.022499328
23610,0.0072114035
23710,0.24111103
23810,0.051828753
23910,0.06826823
24110,0.05370469
24210,0.027807234
24410,0.011478286
24510,0.028189039
24610,0.0075243637
24710,0.029811561
25310,0.37986583
25410,0.077301174
25810,0.8324771
26010,0.8778497
26110,0.087036334
26210,0.009446199
26310,0.0018269871
26410,0.73771
26610,0.010591728
26710,0.05611204
26810,0.025064811
26910,0.092315465
27010,0.0074191997
27310,0.34908772
27410,0.118606076
27510,0.017468639
27910,0.15885136
28010,0.028565066
28110,0.55362815
28310,0.014391673
28410,0.012390065
29010,0.64367217
29110,0.027864533
29310,0.0052115074
29610,0.024005879
29710,0.71780205
29810,0.30082458
29910,0.0057309885
30010,0.08207864
30110,0.8551874
30310,0.0067213885
30410,0.0034086327
30710,0.89374304
30810,0.07681325
31110,0.84800315
31210,0.103282064
31610,0.028484637
31710,0.859336
31810,0.56086755
31910,0.021566737
32010,0.06463906
32110,0.022807648
32810,0.012830962
33010,0.011261205
33110,0.12866688
33510,0.26794484
33710,0.0048111486
33810,0.009317823
33910,0.060852278
34010,0.029605899
34210,0.012987642
34310,0.020168066
34410,0.0068562706
34510,0.039801013
34610,0.11089034
34810,0.23786382
35010,0.05638174
35210,0.004204591
35310,0.043191247
35510,0.3396916
35610,0.5531171
35710,0.7645864
35910,0.5955243
36010,0.0941784
36110,0.053470224
36610,0.87101454
37210,0.003455048
37410,0.054936673
37510,0.12145334
37610,0.40532017
37710,0.032126855
38110,0.01240421
38210,0.007815288
38310,0.011696494
38410,0.11770707
38610,0.041077454
38810,0.11352434
39110,0.0023135345
39210,0.035980217
39310,0.013927797
39410,0.28174114
39610,0.089045376
39710,0.00068142253
39910,0.025398498
40010,0.07117416
40210,0.016972048
40510,0.03943471
40610,0.022492308
41810,0.7115277
42010,0.110911794
42710,0.050750077
42910,0.035554554
43610,0.87272847
44210,0.32982495
44510,0.27390063
44710,0.008469685
44910,0.028213467
45210,0.07206094
45310,0.027155252
45510,0.18156114
45610,0.009332845
46110,0.24046259
46310,0.016033046
46510,0.86632925
46910,0.013284832
47010,0.03390811
47110,0.79965943
47210,0.19569755
47310,0.048690155
47610,0.0908731
47710,0.0052246484
47810,0.026593663
47910,0.041487545
48210,0.29196167
48610,0.2547926
48710,0.09595761
49110,0.61444074
49210,0.039290432
49610,0.082311206
49710,0.11494654
49910,0.088680096
50110,0.00813956
50310,0.028851986
50410,0.005556357
50610,0.016626608
50810,0.004392953
50910,0.51335704
51010,0.024661427
51210,0.0042830096
51610,0.008223664
51810,0.092406504
52010,0.8803572
52110,0.012593484
52510,0.08592659
52610,0.84671414
52710,0.002359093
53210,0.32601184
53310,0.087854065
53410,0.010117131
53610,0.0067750253
53910,0.04076152
54110,0.17816287
54210,0.055342253
54310,0.04193255
54410,0.050705075
54610,0.007410232
55010,0.029251026
55210,0.1060132
55410,0.005840774
55510,0.0756008
55610,0.49364448
56210,0.027468478
56510,0.022183893
56710,0.0068465206
56810,0.41688
57010,0.060226172
57110,0.01758806
57210,0.05371698
57310,0.016847236
57510,0.052295126
57910,0.049490694
58010,0.3769621
58210,0.61976653
58310,0.0016429294
58510,0.30232322
58910,0.019453585
59110,0.39502546
59210,0.6689765
59510,0.15422678
59610,0.7713713
59810,0.08650874
59910,0.04162346
60410,0.6673783
60510,0.17772615
60810,0.033405446
61110,0.0769729
61310,0.74340147
61410,0.8214492
61710,0.0074590202
62110,0.8711657
62410,0.019798478
62710,0.016737983
62810,0.005096635
63510,0.886532
63610,0.0163813
63710,0.0073817996
63810,0.011970419
63910,0.019041972
64310,0.029098257
64410,0.13160628
11,0.021638537
111,0.07071175
411,0.9901175
611,0.008885891
711,0.013452654
1011,0.03326392
1211,0.140969
1711,0.02759825
2211,0.010827069
2711,0.0024953468
2811,0.016885258
2911,0.024416436
3011,0.009052091
3111,0.015975397
3211,0.03133608
3311,0.05473692
3411,0.008563578
3711,0.019635824
4011,0.008039183
4111,0.0012942635
4211,0.018266102
4411,0.0059171356
4711,0.013187622
4811,0.011843751
4911,0.033834998
5111,0.011002137
5211,0.013254171
5711,0.012609395
5911,0.004673049
6211,0.010344955
6311,0.0054634768
6511,0.013636399
6611,0.008077208
6811,0.016873538
6911,0.027849577
7011,0.007214309
7211,0.016155401
7411,0.020740004
7511,0.14507
7711,0.0091245165
7911,0.01021058
8111,0.0049043647
8211,0.0143989865
8311,0.007365646
8411,0.009722286
8511,0.0108205555
8611,0.0073270816
8711,0.016346268
8911,0.0054884283
9011,0.0057331836
9211,0.007831953
9511,0.04144109
9811,0.01580784
9911,0.006043331
10111,0.011112973
10411,0.006134181
10511,0.005704808
10611,0.011222239
10711,0.014362667
10911,0.004445432
11211,0.009791173
11311,0.0049522948
11711,0.012453616
11911,0.010248115
12111,0.03125583
12411,0.012488257
12711,0.010004931
12911,0.013429
13011,0.045027807
13411,0.007805933
13511,0.011312717
13611,0.008259325
13711,0.02252957
13911,0.044793274
14311,0.01940426
14411,0.019556616
15411,0.029167963
15611,0.009287093
15711,0.020027595
15811,0.010791522
15911,0.0055208174
16111,0.02743645
16211,0.008418649
16311,0.18560487
16411,0.068676166
16511,0.98434824
16611,0.1172947
17011,0.008065444
17111,0.03516359
17211,0.070232876
17311,0.048594907
17411,0.0972098
17611,0.038475174
17711,0.01736005
17911,0.028079988
18011,0.038135238
18111,0.0072460966
18211,0.0042102253
18411,0.0048921998
18511,0.015006951
18711,0.003470951
18811,0.02401912
19111,0.027112218
19511,0.026264377
19611,0.0077697095
19711,0.01015519
19811,0.008443911
20711,0.012244403
20811,0.035879083
20911,0.028161613
21111,0.011514554
21211,0.0321063
21411,0.006859168
21811,0.019442903
22011,0.010030047
22311,0.015049689
22411,0.011265853
22511,0.005263449
22611,0.04520135
22911,0.08292868
23011,0.010036464
23211,0.028783135
23311,0.01764582
23611,0.008624527
23711,0.009810219
23811,0.025406547
23911,0.010752594
24111,0.007610506
24211,0.013502777
24411,0.006970936
24511,0.011608045
24611,0.0042907903
24711,0.004270932
25311,0.104310855
25411,0.017811928
25811,0.018264268
26011,0.043410238
26111,0.006449407
26211,0.012359754
26311,0.005729282
26411,0.08412664
26611,0.009994392
26711,0.015357415
26811,0.013700446
26911,0.011632674
27011,0.011634663
27311,0.012537632
27411,0.027169121
27511,0.02591457
27911,0.010700523
28011,0.013362934
28111,0.011643138
28311,0.011457124
28411,0.006241369
29011,0.033231944
29111,0.028299222
29311,0.01572901
29611,0.011929119
29711,0.02688838
29811,0.026853582
29911,0.02423524
30011,0.0145360045
30111,0.027078168
30311,0.010937626
30411,0.0049008075
30711,0.010357206
30811,0.017131593
31111,0.02659033
31211,0.011238178
31611,0.013326174
31711,0.027463622
31811,0.009571059
31911,0.010085419
32011,0.016037485
32111,0.06288281
32811,0.0055553885
33011,0.052901644
33111,0.12759443
33511,0.008556294
33711,0.017308827
33811,0.019810911
33911,0.006440623
34011,0.011677923
34211,0.006441219
34311,0.016511936
34411,0.005784333
34511,0.0063516935
34611,0.010660965
34811,0.004770742
35011,0.01023368
35211,0.011392974
35311,0.013820844
35511,0.013115078
35611,0.007866935
35711,0.014495063
35911,0.022966862
36011,0.01646303
36111,0.009485824
36611,0.05274572
37211,0.008294024
37411,0.018102117
37511,0.012503231
37611,0.009778933
37711,0.006486666
38111,0.009394809
38211,0.012483637
38311,0.00807097
38411,0.008222389
38611,0.009461963
38811,0.004866673
39111,0.005292929
39211,0.035145212
39311,0.028960986
39411,0.012872499
39611,0.019935409
39711,0.0018857906
39911,0.02243808
40011,0.016029006
40211,0.0166564
40511,0.009551267
40611,0.014295782
41811,0.030208843
42011,0.018275395
42711,0.01402022
42911,0.00857593
43611,0.045521405
44211,0.01857096
44511,0.016833158
44711,0.012443584
44911,0.003446182
45211,0.03639791
45311,0.017216036
45511,0.03228364
45611,0.006792545
46111,0.024249278
46311,0.008752722
46511,0.012982978
46911,0.036371496
47011,0.0075896005
47111,0.011187898
47211,0.013483787
47311,0.015784418
47611,0.012053152
47711,0.014065637
47811,0.005440853
47911,0.011100047
48211,0.010579082
48611,0.026991826
48711,0.9702414
49111,0.019771785
49211,0.022017857
49611,0.09736716
49711,0.048903316
49911,0.01107937
50111,0.04324442
50311,0.009027338
50411,0.0057053976
50611,0.006952242
50811,0.009897152
50911,0.007447186
51011,0.009170611
51211,0.0023641754
51611,0.024751242
51811,0.0062234956
52011,0.004993155
52111,0.015276932
52511,0.019575203
52611,0.020936739
52711,0.0019091007
53211,0.04487727
53311,0.019502122
53411,0.010351915
53611,0.056830846
53911,0.010863617
54111,0.008573401
54211,0.007979276
54311,0.007845938
54411,0.010275243
54611,0.0091362605
55011,0.014675661
55211,0.00818055
55411,0.007116621
55511,0.05503427
55611,0.09451594
56211,0.008870623
56511,0.003824287
56711,0.019526856
56811,0.015951727
57011,0.013785066
57111,0.021327078
57211,0.010563562
57311,0.016787939
57511,0.025982685
57911,0.012722731
58011,0.0057318383
58211,0.015402638
58311,0.017133484
58511,0.0049528615
58911,0.027213154
59111,0.0055944985
59211,0.009391175
59511,0.004200113
59611,0.021798845
59811,0.01007896
59911,0.016328381
60411,0.014208507
60511,0.017685162
60811,0.011704926
61111,0.0149646895
61311,0.029821692
61411,0.016708143
61711,0.010221748
62111,0.042459775
62411,0.008781613
62711,0.010456698
62811,0.007934552
63511,0.032545894
63611,0.01519432
63711,0.023281252
63811,0.00793063
63911,0.008075396
64311,0.010671214
64411,0.014890813
12,0.013493609
112,0.015785776
412,0.21994536
612,0.010301086
712,0.013802373
1012,0.013138477
1212,0.035536468
1712,0.013270308
2212,0.024934717
2712,0.0070925704
2812,0.024290934
2912,0.01976624
3012,0.039767183
3112,0.042838536
3212,0.007226608
3312,0.09982184
3412,0.0075815627
3712,0.0035749073
4012,0.005150472
4112,0.99364954
4212,0.010537288
4412,0.011458075
4712,0.01314966
4812,0.014962046
4912,0.008909717
5112,0.0070207003
5212,0.011761297
5712,0.0078118653
5912,0.009467045
6212,0.007369652
6312,0.011121606
6512,0.01029365
6612,0.011091064
6812,0.010536509
6912,0.43997857
7012,0.01734088
7212,0.055048484
7412,0.0013966841
7512,0.01693805
7712,0.012142482
7912,0.0091782315
8112,0.00954125
8212,0.01556073
8312,0.0071187164
8412,0.012491139
8512,0.011054107
8612,0.014103294
8712,0.009359939
8912,0.021947771
9012,0.008568348
9212,0.005670219
9512,0.045918785
9812,0.013890473
9912,0.008432832
10112,0.013538712
10412,0.016410882
10512,0.022510359
10612,0.009187012
10712,0.0022857846
10912,0.010242247
11212,0.009983917
11312,0.03573002
11712,0.016369453
11912,0.01299594
12112,0.061584797
12412,0.01950367
12712,0.022558788
12912,0.02652084
13012,0.0099024335
13412,0.013729646
13512,0.009001596
13612,0.012106605
13712,0.016551118
13912,0.013483179
14312,0.0066376915
14412,0.058383435
15412,0.020962328
15612,0.015144782
15712,0.025607212
15812,0.023110975
15912,0.010660156
16112,0.007824934
16212,0.014665653
16312,0.011962379
16412,0.013703048
16512,0.009732836
16612,0.018492648
17012,0.016515955
17112,0.014820762
17212,0.02272698
17312,0.02506133
17412,0.021034813
17612,0.02196419
17712,0.012493405
17912,0.012149924
18012,0.017627668
18112,0.010634428
18212,0.0051732264
18412,0.0043366854
18512,0.016491761
18712,0.005236826
18812,0.02681772
19112,0.014381714
19512,0.01363427
19612,0.010263606
19712,0.01011766
19812,0.0011844705
20712,0.0080219265
20812,0.021702314
20912,0.009202464
21112,0.013575431
21212,0.008415072
21412,0.030983126
21812,0.009505427
22012,0.008742657
22312,0.0030351223
22412,0.009304026
22512,0.009262438
22612,0.009701419
22912,0.97968495
23012,0.055232223
23212,0.0018744281
23312,0.0076049585
23612,0.009465698
23712,0.009948034
23812,0.024564687
23912,0.01643143
24112,0.022334412
24212,0.03324129
24412,0.0033783696
24512,0.011163801
24612,0.0035102635
24712,0.006518552
25312,0.016923096
25412,0.013555625
25812,0.016812567
26012,0.039767824
26112,0.015868625
26212,0.009147676
26312,0.012475362
26412,0.004055499
26612,0.0050051752
26712,0.014522172
26812,0.05918123
26912,0.019976072
27012,0.03314381
27312,0.030467238
27412,0.020066561
27512,0.008164258
27912,0.041987557
28012,0.007669092
28112,0.04610484
28312,0.01868019
28412,0.016023817
29012,0.012876583
29112,0.024875041
29312,0.015132626
29612,0.014051049
29712,0.12881514
29812,0.0077675357
29912,0.008622586
30012,0.010740504
30112,0.035843354
30312,0.006829957
30412,0.006880011
30712,0.023738304
30812,0.023297679
31112,0.025379363
31212,0.025458045
31612,0.04491679
31712,0.046758637
31812,0.02771791
31912,0.038633063
32012,0.013886136
32112,0.025184004
32812,0.0056154146
33012,0.020472754
33112,0.025368644
33512,0.011513979
33712,0.011530239
33812,0.011918606
33912,0.01751776
34012,0.0044081877
34212,0.027210377
34312,0.015405973
34412,0.0018601756
34512,0.011752514
34612,0.013815754
34812,0.015149955
35012,0.0104074385
35212,0.034808706
35312,0.025305942
35512,0.007343961
35612,0.015445045
35712,0.011897354
35912,0.034812734
36012,0.04038086
36112,0.013814047
36612,0.05090221
37212,0.0029923576
37412,0.011331388
37512,0.0033709542
37612,0.018932553
37712,0.014642278
38112,0.0056955013
38212,0.0035544643
38312,0.009126379
38412,0.008746982
38612,0.008467687
38812,0.006532033
39112,0.017392036
39212,0.9098417
39312,0.49209395
39412,0.018654088
39612,0.008907814
39712,0.0005746598
39912,0.031761084
40012,0.023635123
40212,0.014819912
40512,0.016117161
40612,0.014788041
41812,0.03791959
42012,0.026711363
42712,0.018066
42912,0.003874874
43612,0.026491955
44212,0.013652531
44512,0.01643909
44712,0.015077542
44912,0.02074327
45212,0.002317705
45312,0.0065845824
45512,0.0075994614
45612,0.015156977
46112,0.043029934
46312,0.009497485
46512,0.01836402
46912,0.025164703
47012,0.0041511455
47112,0.021843929
47212,0.015197989
47312,0.00665006
47612,0.04353876
47712,0.006576199
47812,0.00731619
47912,0.040679097
48212,0.020029154
48612,0.03009897
48712,0.008869022
49112,0.014016728
49212,0.018678533
49612,0.025159057
49712,0.028544057
49912,0.024968928
50112,0.01219192
50312,0.022429857
50412,0.004197407
50612,0.029956354
50812,0.007915596
50912,0.005833004
51012,0.009990076
51212,0.009455265
51612,0.05388415
51812,0.00910865
52012,0.0049554957
52112,0.006620391
52512,0.014512258
52612,0.022558708
52712,0.0048746425
53212,0.00849084
53312,0.017447116
53412,0.018527795
53612,0.017215852
53912,0.037892733
54112,0.014979972
54212,0.02098143
54312,0.014385146
54412,0.012505222
54612,0.007813944
55012,0.0128081655
55212,0.0319356
55412,0.029077623
55512,0.031598732
55612,0.0024330437
56212,0.010331495
56512,0.0095886495
56712,0.012729272
56812,0.022175677
57012,0.016282279
57112,0.015726855
57212,0.017268838
57312,0.019396676
57512,0.014621153
57912,0.021543067
58012,0.010309526
58212,0.017372204
58312,0.007691977
58512,0.008404992
58912,0.0020742684
59112,0.01932949
59212,0.05035427
59512,0.021420019
59612,0.044029802
59812,0.0065458273
59912,0.01887833
60412,0.023497472
60512,0.004292953
60812,0.00742341
61112,0.014366797
61312,0.028559284
61412,0.01712488
61712,0.009990132
62112,0.015121343
62412,0.012881191
62712,0.007102231
62812,0.017664172
63512,0.020938981
63612,0.0066298274
63712,0.009797406
63812,0.005991032
63912,0.01577009
64312,0.007325341
64412,0.0113688465
13,0.03397047
113,0.03451149
413,0.0012850801
613,0.021771375
713,0.0083798
1013,0.01848359
1213,0.010994761
1713,0.030594094
2213,0.009339787
2713,0.00084671605
2813,0.016076079
2913,0.040061757
3013,0.0075201057
3113,0.0060568424
3213,0.01695939
3313,0.026042819
3413,0.004629237
3713,0.0031626965
4013,0.014428345
4113,0.0015312312
4213,0.021339282
4413,0.008294789
4713,0.032317366
4813,0.008169758
4913,0.027746705
5113,0.013941289
5213,0.016579777
5713,0.015898434
5913,0.014278987
6213,0.011697295
6313,0.007866842
6513,0.019415265
6613,0.021509655
6813,0.017817602
6913,0.014260286
7013,0.010837967
7213,0.0068026367
7413,0.014983912
7513,0.011204058
7713,0.0048695197
7913,0.012270587
8113,0.017805796
8213,0.009850433
8313,0.013032837
8413,0.030133944
8513,0.010553399
8613,0.013559941
8713,0.02858091
8913,0.016555715
9013,0.014923907
9213,0.0096595595
9513,0.044610094
9813,0.030513277
9913,0.021446344
10113,0.017044479
10413,0.016310051
10513,0.0074009197
10613,0.041994475
10713,0.029005129
10913,0.01820159
11213,0.010631131
11313,0.008818105
11713,0.0076406365
11913,0.012549757
12113,0.040414795
12413,0.017628182
12713,0.009594633
12913,0.010998854
13013,0.032320566
13413,0.015346877
13513,0.01106242
13613,0.012605721
13713,0.013952239
13913,0.018465387
14313,0.010764053
14413,0.026733035
15413,0.02322754
15613,0.009551484
15713,0.015767718
15813,0.01005468
15913,0.0028116736
16113,0.028982941
16213,0.015264577
16313,0.030879913
16413,0.027821083
16513,0.0012965964
16613,0.015835095
17013,0.01053538
17113,0.017183045
17213,0.03245224
17313,0.0077075013
17413,0.013596691
17613,0.043950524
17713,0.017156564
17913,0.02698981
18013,0.04291277
18113,0.0015576108
18213,0.0006706718
18413,0.0012471866
18513,0.011213777
18713,0.0010783476
18813,0.02096218
19113,0.057260063
19513,0.015906647
19613,0.0020920404
19713,0.005485048
19813,0.0017302454
20713,0.007829145
20813,0.022030827
20913,0.02338833
21113,0.011302733
21213,0.013733773
21413,0.020285135
21813,0.016616115
22013,0.014354837
22313,0.0112342145
22413,0.015736062
22513,0.006576949
22613,0.018398834
22913,0.0019425063
23013,0.0016120882
23213,0.0076979036
23313,0.024821756
23613,0.010481485
23713,0.016212162
23813,0.021319157
23913,0.011626847
24113,0.0110655185
24213,0.017583288
24413,0.0067484477
24513,0.016210496
24613,0.0015527281
24713,0.0099749
25313,0.028724082
25413,0.0364866
25813,0.029193705
26013,0.041185293
26113,0.015329039
26213,0.0070422697
26313,0.0058324016
26413,0.026387023
26613,0.015541686
26713,0.017247286
26813,0.0072359713
26913,0.011688197
27013,0.010193063
27313,0.023837827
27413,0.016841117
27513,0.0035800424
27913,0.016267804
28013,0.01606402
28113,0.012131333
28313,0.0066839536
28413,0.010044484
29013,0.027737489
29113,0.011286172
29313,0.011748893
29613,0.02061832
29713,0.035313677
29813,0.014487979
29913,0.011839566
30013,0.012563823
30113,0.025615478
30313,0.0072737955
30413,0.012121852
30713,0.013912751
30813,0.023097504
31113,0.026776476
31213,0.013295501
31613,0.01860859
31713,0.025038714
31813,0.019483054
31913,0.011552232
32013,0.02620706
32113,0.07085021
32813,0.006008589
33013,0.01826248
33113,0.030532934
33513,0.010652076
33713,0.018070469
33813,0.02663063
33913,0.00031233724
34013,0.0027255288
34213,0.003128101
34313,0.02305924
34413,0.0013515416
34513,0.0022692992
34613,0.016034435
34813,0.00044850676
35013,0.0067530936
35213,0.004634188
35313,0.023734635
35513,0.008640319
35613,0.013294524
35713,0.015077131
35913,0.021598361
36013,0.048562977
36113,0.0065952656
36613,0.033866927
37213,0.008747093
37413,0.014285934
37513,0.008979721
37613,0.025205111
37713,0.013686973
38113,0.014991775
38213,0.030498685
38313,0.012386478
38413,0.013563693
38613,0.010073048
38813,0.008852272
39113,0.006432825
39213,0.00602381
39313,0.007926246
39413,0.021482734
39613,0.02411048
39713,0.012425086
39913,0.020549364
40013,0.02382096
40213,0.01927997
40513,0.0108791385
40613,0.023635184
41813,0.026573613
42013,0.028644087
42713,0.016811386
42913,0.0382359
43613,0.024130598
44213,0.0145626925
44513,0.011196892
44713,0.00862535
44913,0.008435612
45213,0.023387745
45313,0.016995408
45513,0.015208027
45613,0.012044599
46113,0.15757237
46313,0.015561242
46513,0.016945409
46913,0.012603442
47013,0.0111043295
47113,0.018717507
47213,0.022223117
47313,0.0113654025
47613,0.016897881
47713,0.008218027
47813,0.010335518
47913,0.017204324
48213,0.019260643
48613,0.025905978
48713,0.0021794988
49113,0.019260133
49213,0.016033474
49613,0.031437356
49713,0.014579331
49913,0.015057826
50113,0.03464802
50313,0.0021073304
50413,0.0014236476
50613,0.007914844
50813,0.0025458615
50913,0.008492745
51013,0.021011807
51213,0.0010440279
51613,0.0077465833
51813,0.0108395
52013,0.0017039308
52113,0.012599444
52513,0.018104121
52613,0.022101572
52713,0.40855592
53213,0.023299564
53313,0.020322384
53413,0.01911338
53613,0.010005471
53913,0.03306371
54113,0.015011575
54213,0.015966244
54313,0.020478819
54413,0.01801062
54613,0.06823395
55013,0.0059148576
55213,0.01837421
55413,0.005446921
55513,0.038611334
55613,0.0118729165
56213,0.0320493
56513,0.010176561
56713,0.010706581
56813,0.030727305
57013,0.025850153
57113,0.023979938
57213,0.013047085
57313,0.004431972
57513,0.025704157
57913,0.02717143
58013,0.00763251
58213,0.016447473
58313,0.0051094294
58513,0.008705709
58913,0.0048412513
59113,0.010090428
59213,0.019085964
59513,0.008232641
59613,0.019921005
59813,0.0047910744
59913,0.013169668
60413,0.026410514
60513,0.009207857
60813,0.013476976
61113,0.014655698
61313,0.024139779
61413,0.014701167
61713,0.015369468
62113,0.018607894
62413,0.012176522
62713,0.0112342145
62813,0.008110988
63513,0.025904574
63613,0.015337852
63713,0.010812616
63813,0.01002596
63913,0.005223347
64313,0.0092369225
64413,0.0117046
14,0.019133288
114,0.03304219
414,0.0006054672
614,0.015052813
714,0.0045354357
1014,0.008813752
1214,0.01306033
1714,0.014451337
2214,0.0047011515
2714,0.002511019
2814,0.045917958
2914,0.03274468
3014,0.00846252
3114,0.0074848454
3214,0.013425998
3314,0.01766641
3414,0.0045363577
3714,0.0033118653
4014,0.010045784
4114,0.005431822
4214,0.012575049
4414,0.02411809
4714,0.015205149
4814,0.0069583743
4914,0.022675015
5114,0.011229316
5214,0.012131706
5714,0.012615459
5914,0.01626032
6214,0.008145275
6314,0.005577996
6514,0.018497845
6614,0.015490668
6814,0.016221946
6914,0.013634475
7014,0.012737756
7214,0.008789495
7414,0.016405588
7514,0.005667636
7714,0.006517392
7914,0.0172733
8114,0.00925993
8214,0.004004398
8314,0.009991524
8414,0.030855851
8514,0.015491238
8614,0.01250627
8714,0.13441081
8914,0.027963502
9014,0.034139343
9214,0.006783173
9514,0.06440757
9814,0.022297958
9914,0.0240054
10114,0.020636778
10414,0.010250467
10514,0.0054428945
10614,0.07787893
10714,0.02838781
10914,0.012654935
11214,0.012056991
11314,0.018720726
11714,0.0060190675
11914,0.008620797
12114,0.060337696
12414,0.02315013
12714,0.009898087
12914,0.00833195
13014,0.021956654
13414,0.011353022
13514,0.021204578
13614,0.01116802
13714,0.012356125
13914,0.00790413
14314,0.009304587
14414,0.12700473
15414,0.04432231
15614,0.0075289514
15714,0.021787714
15814,0.007053353
15914,0.0058652624
16114,0.021818979
16214,0.010897775
16314,0.034151006
16414,0.023393251
16514,0.00047647455
16614,0.012619654
17014,0.0050563426
17114,0.011486957
17214,0.014696555
17314,0.007898573
17414,0.0074893427
17614,0.04477521
17714,0.016099121
17914,0.021394517
18014,0.0382709
18114,0.0024763884
18214,0.0015466331
18414,0.00348934
18514,0.009373265
18714,0.0034380513
18814,0.013125598
19114,0.056775894
19514,0.014639492
19614,0.0028927024
19714,0.007457544
19814,0.0016812829
20714,0.00620937
20814,0.021940678
20914,0.0145388935
21114,0.008867978
21214,0.0077133705
21414,0.021198727
21814,0.007601073
22014,0.01771215
22314,0.01005062
22414,0.01250053
22514,0.0082384525
22614,0.013660951
22914,0.0017042084
23014,0.003047772
23214,0.010182047
23314,0.010088618
23614,0.009509411
23714,0.014648974
23814,0.026774308
23914,0.0055016973
24114,0.00609849
24214,0.011770837
24414,0.05502197
24514,0.01955548
24614,0.00608544
24714,0.010597631
25314,0.02523166
25414,0.032307275
25814,0.26459774
26014,0.15114792
26114,0.014450718
26214,0.0047749975
26314,0.0059204716
26414,0.028619263
26614,0.009507345
26714,0.015704384
26814,0.017773127
26914,0.019917523
27014,0.007220558
27314,0.037428144
27414,0.030466931
27514,0.0030382157
27914,0.035584718
28014,0.0090720365
28114,0.02736766
28314,0.004035179
28414,0.0063462555
29014,0.05139265
29114,0.008103181
29314,0.0068131867
29614,0.018486489
29714,0.059843153
29814,0.0146735115
29914,0.010344648
30014,0.014397349
30114,0.101430036
30314,0.009213448
30414,0.011569953
30714,0.07000762
30814,0.023995033
31114,0.10618941
31214,0.010395438
31614,0.01382109
31714,0.103689246
31814,0.040087994
31914,0.008195458
32014,0.028175427
32114,0.080757864
32814,0.004159195
33014,0.013519792
33114,0.0076655652
33514,0.010635657
33714,0.0175699
33814,0.02230014
33914,0.0013985477
34014,0.0036157796
34214,0.007427266
34314,0.014325525
34414,0.0033851648
34514,0.0067896596
34614,0.010818166
34814,0.0025036521
35014,0.004869133
35214,0.0059218328
35314,0.0124673275
35514,0.0072202515
35614,0.015886335
35714,0.020721545
35914,0.03340522
36014,0.046237633
36114,0.010374087
36614,0.051784765
37214,0.025647786
37414,0.009091255
37514,0.0057365717
37614,0.058743827
37714,0.013143263
38114,0.010982522
38214,0.037870925
38314,0.008466159
38414,0.012456332
38614,0.015987912
38814,0.029743744
39114,0.008502484
39214,0.0044129095
39314,0.011182911
39414,0.029586729
39614,0.01124046
39714,0.25751334
39914,0.018568283
40014,0.020906845
40214,0.027495494
40514,0.008170283
40614,0.02476709
41814,0.05516078
42014,0.023451373
42714,0.014389842
42914,0.15244018
43614,0.050687164
44214,0.01319574
44514,0.007723553
44714,0.0074861627
44914,0.013947556
45214,0.052418023
45314,0.0124059105
45514,0.012371028
45614,0.008978622
46114,0.25784504
46314,0.010615782
46514,0.08723862
46914,0.011203355
47014,0.022831062
47114,0.28567946
47214,0.025335789
47314,0.00710655
47614,0.015820187
47714,0.006131946
47814,0.006561394
47914,0.017454185
48214,0.020234479
48614,0.03473877
48714,0.00084545196
49114,0.02186163
49214,0.00932053
49614,0.0106877
49714,0.015220893
49914,0.020189207
50114,0.016892577
50314,0.004204284
50414,0.0035134573
50614,0.013802391
50814,0.0060563073
50914,0.06504189
51014,0.023294482
51214,0.0053978874
51614,0.004809124
51814,0.009851209
52014,0.0036376829
52114,0.006690582
52514,0.01583277
52614,0.062143303
52714,0.16039476
53214,0.026810637
53314,0.015920477
53414,0.014611625
53614,0.0043665045
53914,0.019266723
54114,0.027639266
54214,0.013150583
54314,0.025719294
54414,0.015078235
54614,0.77167886
55014,0.0071166577
55214,0.014793481
55414,0.005083474
55514,0.1095713
55614,0.015073096
56214,0.02637903
56514,0.0065333545
56714,0.0077720582
56814,0.048675444
57014,0.30807748
57114,0.072680935
57214,0.007053202
57314,0.002575826
57514,0.009260416
57914,0.02847705
58014,0.00582648
58214,0.0380572
58314,0.0039692163
58514,0.010394991
58914,0.005278654
59114,0.033111148
59214,0.05344505
59514,0.048219707
59614,0.032884363
59814,0.015709277
59914,0.010224107
60414,0.15245466
60514,0.005557321
60814,0.010236728
61114,0.039936047
61314,0.090400934
61414,0.03424869
61714,0.023495829
62114,0.028415132
62414,0.008179757
62714,0.006808999
62814,0.010018549
63514,0.07003864
63614,0.0085129505
63714,0.005374299
63814,0.005521998
63914,0.011091508
64314,0.006065488
64414,0.008681812
15,0.043155648
115,0.03438315
415,0.0039422694
615,0.037901565
715,0.011112732
1015,0.015678992
1215,0.013839293
1715,0.021396914
2215,0.00644443
2715,0.0005947673
2815,0.076598644
2915,0.047780577
3015,0.03446101
3115,0.0061579924
3215,0.044205114
3315,0.0803603
3415,0.0048787515
3715,0.0021151884
4015,0.03562418
4115,3.487824e-05
4215,0.042969063
4415,0.027322877
4715,0.057463836
4815,0.010531913
4915,0.1821109
5115,0.03737051
5215,0.031415362
5715,0.0281136
5915,0.03262291
6215,0.009960202
6315,0.011476566
6515,0.024155004
6615,0.024433574
6815,0.02600197
6915,0.009914212
7015,0.011680317
7215,0.005698254
7415,0.070094965
7515,0.011296861
7715,0.0034386115
7915,0.014701893
8115,0.027092727
8215,0.0119200675
8315,0.02524308
8415,0.05385047
8515,0.008437191
8615,0.016961625
8715,0.021345664
8915,0.016032822
9015,0.022264801
9215,0.01665894
9515,0.17903657
9815,0.030013142
9915,0.052726924
10115,0.07443138
10415,0.018968128
10515,0.008072422
10615,0.102899894
10715,0.078546286
10915,0.028403541
11215,0.010303245
11315,0.015588995
11715,0.008232516
11915,0.019595703
12115,0.11333832
12415,0.04798938
12715,0.010202502
12915,0.023226023
13015,0.129734
13415,0.035958946
13515,0.014294256
13615,0.019023592
13715,0.018652042
13915,0.035857283
14315,0.014937485
14415,0.112760074
15415,0.14317715
15615,0.010814825
15715,0.0620369
15815,0.0074067325
15915,0.0015428712
16115,0.1413099
16215,0.032225203
16315,0.036289483
16415,0.022877997
16515,0.001086246
16615,0.02315204
17015,0.015129932
17115,0.009333634
17215,0.015908558
17315,0.007343421
17415,0.013227613
17615,0.19771089
17715,0.02236041
17915,0.013507244
18015,0.019118648
18115,0.0011615942
18215,0.0004836911
18415,0.0007710043
18515,0.0074362527
18715,0.00045829968
18815,0.031001339
19115,0.13804765
19515,0.013339228
19615,0.0018073632
19715,0.0038016003
19815,0.0013020129
20715,0.008899122
20815,0.105259895
20915,0.032832526
21115,0.00960982
21215,0.031068556
21415,0.049899627
21815,0.012380487
22015,0.019098733
22315,0.024435546
22415,0.024386123
22515,0.007348836
22615,0.026405312
22915,0.00054671883
23015,0.0011483702
23215,0.017320931
23315,0.04361101
23615,0.009829851
23715,0.037585244
23815,0.03120884
23915,0.014772633
24115,0.01141379
24215,0.020903725
24415,0.010189682
24515,0.021852402
24615,0.0007263303
24715,0.014707564
25315,0.09236878
25415,0.17944293
25815,0.08327932
26015,0.19738775
26115,0.029131128
26215,0.0072154026
26315,0.0061844764
26415,0.118761845
26615,0.020949027
26715,0.040618714
26815,0.0062609045
26915,0.01157502
27015,0.009791796
27315,0.0569277
27415,0.04731663
27515,0.0041407407
27915,0.015722936
28015,0.018673386
28115,0.03562785
28315,0.008794477
28415,0.014068282
29015,0.11600355
29115,0.019631984
29315,0.0122375265
29615,0.04185281
29715,0.065230496
29815,0.035019778
29915,0.014788568
30015,0.019951344
30115,0.16926669
30315,0.0067035626
30415,0.015115345
30715,0.06402259
30815,0.035981644
31115,0.10631011
31215,0.03850563
31615,0.016297407
31715,0.18083829
31815,0.09240262
31915,0.016347082
32015,0.03017969
32115,0.037179552
32815,0.010591577
33015,0.011283406
33115,0.022260189
33515,0.022222992
33715,0.011044067
33815,0.012374898
33915,0.0004491965
34015,0.0011202923
34215,0.0018960923
34315,0.009598649
34415,0.0004931016
34515,0.0014089281
34615,0.019894976
34815,0.00015738553
35015,0.010062693
35215,0.0044083046
35315,0.0367163
35515,0.01127656
35615,0.028394315
35715,0.013028452
35915,0.105909765
36015,0.10703418
36115,0.007371954
36615,0.09753913
37215,0.015713073
37415,0.039969772
37515,0.03074402
37615,0.039832477
37715,0.021831414
38115,0.015638968
38215,0.0349354
38315,0.023559645
38415,0.020711076
38615,0.017788894
38815,0.01409292
39115,0.0035178647
39215,0.0016230893
39315,0.00678656
39415,0.06354867
39615,0.0945374
39715,0.000431951
39915,0.01707391
40015,0.035279725
40215,0.023411412
40515,0.012635199
40615,0.023851883
41815,0.09737451
42015,0.03987792
42715,0.021528188
42915,0.058297083
43615,0.15622607
44215,0.020428121
44515,0.017951868
44715,0.0078061027
44915,0.0095440615
45215,0.12590016
45315,0.09596509
45515,0.040054567
45615,0.019686041
46115,0.12097103
46315,0.016230296
46515,0.07038664
46915,0.008880081
47015,0.025012298
47115,0.04723008
47215,0.0643436
47315,0.013626966
47615,0.052534092
47715,0.012199834
47815,0.018834831
47915,0.013490689
48215,0.069805734
48615,0.03108674
48715,0.001928249
49115,0.077560745
49215,0.016236046
49615,0.07840638
49715,0.022815125
49915,0.020470712
50115,0.01733605
50315,0.002398378
50415,0.0006244203
50615,0.005650327
50815,0.0013921929
50915,0.008501427
51015,0.016226992
51215,0.0004080041
51615,0.0072829877
51815,0.013125038
52015,0.0012305191
52115,0.015560974
52515,0.050496653
52615,0.09626174
52715,0.0010218073
53215,0.12089628
53315,0.049920574
53415,0.046949606
53615,0.01141964
53915,0.036726143
54115,0.043197
54215,0.03216832
54315,0.036236625
54415,0.03724672
54615,0.0071579767
55015,0.008233639
55215,0.023722257
55415,0.004242071
55515,0.04042626
55615,0.022144377
56215,0.10446256
56515,0.022357518
56715,0.008568619
56815,0.10903754
57015,0.023309574
57115,0.019237487
57215,0.017366735
57315,0.0032207505
57515,0.015641946
57915,0.08312458
58015,0.017129032
58215,0.058219183
58315,0.00369773
58515,0.054918427
58915,0.0045614084
59115,0.03793414
59215,0.055308945
59515,0.007710437
59615,0.07870192
59815,0.005792884
59915,0.019086441
60415,0.022736052
60515,0.011517155
60815,0.03139656
61115,0.017088713
61315,0.08424147
61415,0.075176455
61715,0.02178545
62115,0.043371893
62415,0.018675625
62715,0.01334201
62815,0.009383846
63515,0.15010801
63615,0.0150675485
63715,0.0148360105
63815,0.013438783
63915,0.0032986996
64315,0.01244528
64415,0.022225339
16,0.015437738
116,0.02640364
416,0.00058332353
616,0.019700704
716,0.010939023
1016,0.009871323
1216,0.0070009874
1716,0.020615162
2216,0.0092681805
2716,0.0021146382
2816,0.01587414
2916,0.041278373
3016,0.022704227
3116,0.009359934
3216,0.013596582
3316,0.06831665
3416,0.002321826
3716,0.0019021066
4016,0.014976215
4116,0.00018570831
4216,0.018605404
4416,0.020040521
4716,0.038471367
4816,0.019425532
4916,0.028098267
5116,0.02877542
5216,0.013737927
5716,0.013695029
5916,0.041640326
6216,0.009483598
6316,0.015000073
6516,0.015178739
6616,0.02370051
6816,0.011514023
6916,0.014417167
7016,0.022885142
7216,0.011944967
7416,0.015007564
7516,0.008471007
7716,0.007659674
7916,0.029164465
8116,0.024594024
8216,0.023239078
8316,0.013651902
8416,0.045953244
8516,0.023030903
8616,0.031809438
8716,0.05045357
8916,0.033662613
9016,0.033271957
9216,0.023789268
9516,0.06951975
9816,0.03490118
9916,0.029782161
10116,0.021391537
10416,0.02969779
10516,0.013163511
10616,0.06528266
10716,0.028781908
10916,0.022282714
11216,0.013835376
11316,0.010900257
11716,0.013597011
11916,0.019684423
12116,0.04777076
12416,0.027681682
12716,0.009472659
12916,0.01934309
13016,0.037791286
13416,0.02277145
13516,0.04718984
13616,0.01880456
13716,0.020851595
13916,0.015886199
14316,0.01153343
14416,0.04473854
15416,0.034687333
15616,0.0130730895
15716,0.017469278
15816,0.012392207
15916,0.0067206025
16116,0.034182336
16216,0.020127237
16316,0.01912294
16416,0.01642418
16516,0.00014564188
16616,0.008404888
17016,0.019386299
17116,0.014214272
17216,0.017310167
17316,0.007446875
17416,0.009141026
17616,0.05171921
17716,0.014230244
17916,0.024046402
18016,0.034785476
18116,0.0032481113
18216,0.0012442196
18416,0.0008961723
18516,0.0108212335
18716,0.0017212945
18816,0.024404373
19116,0.051863972
19516,0.019457221
19616,0.0024803078
19716,0.0027076295
19816,0.0018668028
20716,0.014658544
20816,0.033313565
20916,0.013633602
21116,0.010918349
21216,0.0093105445
21416,0.044869848
21816,0.009465792
22016,0.021763938
22316,0.020073015
22416,0.00987011
22516,0.01629484
22616,0.010449324
22916,0.00088154903
23016,0.0021061616
23216,0.010455004
23316,0.02795439
23616,0.019095216
23716,0.016474033
23816,0.027956715
23916,0.014397559
24116,0.0143622
24216,0.021391366
24416,0.020739097
24516,0.029468985
24616,0.00420215
24716,0.015533117
25316,0.023692526
25416,0.06292702
25816,0.025088556
26016,0.04039588
26116,0.030770836
26216,0.013986834
26316,0.015360638
26416,0.0174185
26616,0.011217769
26716,0.021088753
26816,0.0071558924
26916,0.013148422
27016,0.017403351
27316,0.030634094
27416,0.029037455
27516,0.0072184126
27916,0.015410257
28016,0.013944604
28116,0.019558791
28316,0.009463929
28416,0.016044572
29016,0.02464245
29116,0.013252407
29316,0.011821459
29616,0.033330694
29716,0.04748088
29816,0.01024612
29916,0.014437631
30016,0.008253972
30116,0.039700024
30316,0.012347264
30416,0.020435397
30716,0.020059729
30816,0.040017143
31116,0.02932821
31216,0.02487112
31616,0.026173852
31716,0.046112157
31816,0.047742143
31916,0.025790228
32016,0.017320689
32116,0.03686965
32816,0.0101615675
33016,0.015490066
33116,0.011453942
33516,0.010411603
33716,0.026757449
33816,0.024393769
33916,0.0003708615
34016,0.003596703
34216,0.0056116167
34316,0.017051456
34416,0.0026565245
34516,0.0036908991
34616,0.011324675
34816,0.0002599194
35016,0.0096176965
35216,0.015389462
35316,0.035220224
35516,0.0062001557
35616,0.013538056
35716,0.0040281177
35916,0.042052194
36016,0.089924924
36116,0.01009954
36616,0.03194698
37216,0.032058284
37416,0.01564704
37516,0.009948176
37616,0.033604153
37716,0.01860563
38116,0.013764201
38216,0.017316585
38316,0.015377042
38416,0.008653964
38616,0.023054644
38816,0.01177638
39116,0.017989287
39216,0.0040125283
39316,0.010381554
39416,0.038468048
39616,0.03015253
39716,0.0062456178
39916,0.026224254
40016,0.029774697
40216,0.036678143
40516,0.020113312
40616,0.032615643
41816,0.03775782
42016,0.035584897
42716,0.014446849
42916,0.050300084
43616,0.03639946
44216,0.007679787
44516,0.008697027
44716,0.009378843
44916,0.013987944
45216,0.022478452
45316,0.02573901
45516,0.010564643
45616,0.02051497
46116,0.06701499
46316,0.013819622
46516,0.016095042
46916,0.015942814
47016,0.026413156
47116,0.012411504
47216,0.029028546
47316,0.007148629
47616,0.056385554
47716,0.014505039
47816,0.013060934
47916,0.02599652
48216,0.028496906
48616,0.017706638
48716,0.00035253586
49116,0.017640645
49216,0.011719543
49616,0.033807397
49716,0.015342257
49916,0.02224419
50116,0.019684792
50316,0.004059174
50416,0.0022353986
50616,0.012518084
50816,0.003885073
50916,0.0049605733
51016,0.019942403
51216,0.0020183343
51616,0.017519968
51816,0.008484262
52016,0.00055626075
52116,0.013650939
52516,0.017704675
52616,0.041376285
52716,0.015656583
53216,0.03552702
53316,0.018834777
53416,0.06548095
53616,0.011516775
53916,0.047740705
54116,0.021608442
54216,0.01914283
54316,0.021519182
54416,0.016270705
54616,0.02400822
55016,0.010719307
55216,0.029899392
55416,0.012678891
55516,0.053915966
55616,0.0060342825
56216,0.049435154
56516,0.017922698
56716,0.016659304
56816,0.060795024
57016,0.03858793
57116,0.039772097
57216,0.01688651
57316,0.008692112
57516,0.014505899
57916,0.04869257
58016,0.008686731
58216,0.025243385
58316,0.010939389
58516,0.024589302
58916,0.004715579
59116,0.022665394
59216,0.031316828
59516,0.015825944
59616,0.04695393
59816,0.009320878
59916,0.01808838
60416,0.015180926
60516,0.0048463633
60816,0.013946467
61116,0.02741942
61316,0.020157883
61416,0.032468826
61716,0.028043447
62116,0.012131992
62416,0.011650675
62716,0.011077313
62816,0.016334463
63516,0.03120344
63616,0.010793854
63716,0.015418969
63816,0.010897026
63916,0.011159196
64316,0.009776451
64416,0.009591439
17,0.014719208
117,0.017693482
417,0.0039438326
617,0.015399762
717,0.011029461
1017,0.010646721
1217,0.004589884
1717,0.016424218
2217,0.0063344273
2717,0.0015946948
2817,0.009847841
2917,0.036506314
3017,0.019699534
3117,0.0054210285
3217,0.0163126
3317,0.09071214
3417,0.0038735175
3717,0.0023553174
4017,0.023279596
4117,0.0008166586
4217,0.013398431
4417,0.021000603
4717,0.016979393
4817,0.016642433
4917,0.02364471
5117,0.35440695
5217,0.0128720375
5717,0.013682473
5917,0.052874267
6217,0.0078961365
6317,0.018069584
6517,0.015534356
6617,0.01700222
6817,0.009316824
6917,0.009861963
7017,0.013015992
7217,0.018947978
7417,0.11683511
7517,0.011165565
7717,0.007297516
7917,0.02015951
8117,0.023143271
8217,0.024122044
8317,0.020661268
8417,0.04969486
8517,0.015158017
8617,0.034356568
8717,0.020808814
8917,0.021483619
9017,0.047205415
9217,0.037900466
9517,0.052073833
9817,0.029662471
9917,0.049128655
10117,0.020001372
10417,0.017974243
10517,0.011004888
10617,0.04163222
10717,0.0696469
10917,0.016391328
11217,0.010210257
11317,0.005519147
11717,0.008424363
11917,0.021638382
12117,0.028265523
12417,0.022718407
12717,0.0062037176
12917,0.021002965
13017,0.020096205
13417,0.024584511
13517,0.046648897
13617,0.018877365
13717,0.013602833
13917,0.0145980185
14317,0.019037468
14417,0.02810396
15417,0.03119656
15617,0.010407448
15717,0.019694082
15817,0.006266526
15917,0.00541767
16117,0.056862216
16217,0.020040594
16317,0.012602587
16417,0.011063734
16517,0.0012975486
16617,0.008215046
17017,0.013851371
17117,0.010431569
17217,0.014388238
17317,0.0042667734
17417,0.007650039
17617,0.051594
17717,0.017634645
17917,0.012182728
18017,0.014750698
18117,0.0021192487
18217,0.0012420361
18417,0.0025026938
18517,0.008105025
18717,0.0034679766
18817,0.011984671
19117,0.038980838
19517,0.013620194
19617,0.0024764684
19717,0.0056935246
19817,0.008587314
20717,0.01388421
20817,0.015778577
20917,0.013609373
21117,0.008550127
21217,0.008872128
21417,0.05566252
21817,0.008955207
22017,0.028993053
22317,0.07854541
22417,0.009074917
22517,0.031238548
22617,0.008457825
22917,0.002505066
23017,0.0019649924
23217,0.058389902
23317,0.02190766
23617,0.013652852
23717,0.014069743
23817,0.010550765
23917,0.012379947
24117,0.0125854565
24217,0.010821457
24417,0.13824081
24517,0.022794198
24617,0.005507369
24717,0.025803385
25317,0.020475298
25417,0.058814645
25817,0.019282077
26017,0.024468606
26117,0.032730035
26217,0.011345788
26317,0.011515428
26417,0.020769665
26617,0.027044602
26717,0.018157534
26817,0.003053245
26917,0.008041176
27017,0.010301966
27317,0.018281553
27417,0.028060941
27517,0.009291265
27917,0.0060608787
28017,0.012067129
28117,0.011966749
28317,0.009155761
28417,0.0145626115
29017,0.02300788
29117,0.008753119
29317,0.012523936
29617,0.024530187
29717,0.022673307
29817,0.014514064
29917,0.021364423
30017,0.009459929
30117,0.03230494
30317,0.013451241
30417,0.03183157
30717,0.012777729
30817,0.033131585
31117,0.01511893
31217,0.023529628
31617,0.010465167
31717,0.034912713
31817,0.027815245
31917,0.017032772
32017,0.014057402
32117,0.010095549
32817,0.021808458
33017,0.009113332
33117,0.008411452
33517,0.010407708
33717,0.012867343
33817,0.013606389
33917,0.00036893392
34017,0.0038653275
34217,0.0032768159
34317,0.01319895
34417,0.004658023
34517,0.0038718164
34617,0.0075669247
34817,0.00062666455
35017,0.010496779
35217,0.019172013
35317,0.013473358
35517,0.008092066
35617,0.010650333
35717,0.006650003
35917,0.024249157
36017,0.038110167
36117,0.007891744
36617,0.01138979
37217,0.31156662
37417,0.017857403
37517,0.021739716
37617,0.052741256
37717,0.015043562
38117,0.02000674
38217,0.046902467
38317,0.021294234
38417,0.010005782
38617,0.03342813
38817,0.023718003
39117,0.008039958
39217,0.0073501156
39317,0.004012149
39417,0.029631903
39617,0.042676292
39717,0.0075175446
39917,0.011170937
40017,0.015376644
40217,0.030697806
40517,0.01644261
40617,0.021641659
41817,0.025708945
42017,0.020764643
42717,0.009129942
42917,0.059196237
43617,0.02364758
44217,0.0068755033
44517,0.007859778
44717,0.0066365856
44917,0.029965129
45217,0.12342775
45317,0.06603142
45517,0.013013847
45617,0.01738494
46117,0.028315818
46317,0.01524323
46517,0.010366549
46917,0.007990032
47017,0.081246234
47117,0.007116566
47217,0.019928463
47317,0.009827553
47617,0.041220665
47717,0.023480635
47817,0.018400704
47917,0.012835112
48217,0.019955533
48617,0.010976801
48717,0.0027562424
49117,0.01420824
49217,0.008831098
49617,0.04322746
49717,0.01014275
49917,0.01779232
50117,0.013293381
50317,0.0019906291
50417,0.0016520192
50617,0.005247645
50817,0.0035741196
50917,0.009049935
51017,0.013592598
51217,0.001850574
51617,0.0089039765
51817,0.008112714
52017,0.0017847798
52117,0.016652238
52517,0.013913528
52617,0.026490416
52717,0.0018236355
53217,0.059878074
53317,0.013912999
53417,0.05122489
53617,0.008109108
53917,0.02481982
54117,0.023508852
54217,0.0136083355
54317,0.018036129
54417,0.020067878
54617,0.025906593
55017,0.012684466
55217,0.012967993
55417,0.0058988254
55517,0.020558942
55617,0.034429826
56217,0.04835922
56517,0.028791772
56717,0.010758209
56817,0.03759834
57017,0.025635745
57117,0.016029363
57217,0.016390858
57317,0.0041210456
57517,0.013667115
57917,0.052498046
58017,0.011371217
58217,0.013179023
58317,0.0043434575
58517,0.04660956
58917,0.010396325
59117,0.02139624
59217,0.018419802
59517,0.015237728
59617,0.025226422
59817,0.009914207
59917,0.01720486
60417,0.007392829
60517,0.0056992522
60817,0.021483254
61117,0.017397512
61317,0.012166059
61417,0.02325801
61717,0.031088866
62117,0.009167886
62417,0.014805251
62717,0.014700084
62817,0.016020793
63517,0.02272673
63617,0.01089295
63717,0.021186013
63817,0.018825928
63917,0.009209895
64317,0.013170511
64417,0.009412186
18,0.028262464
118,0.031331386
418,0.013817224
618,0.059083845
718,0.01814742
1018,0.019614235
1218,0.015146084
1718,0.034581296
2218,0.01715003
2718,0.002126084
2818,0.04494857
2918,0.040108632
3018,0.118685074
3118,0.008394074
3218,0.035688184
3318,0.3515903
3418,0.005935903
3718,0.003855697
4018,0.06767359
4118,0.0011960017
4218,0.031862397
4418,0.015645308
4718,0.3886663
4818,0.018305793
4918,0.06930148
5118,0.057548977
5218,0.03224717
5718,0.027704017
5918,0.064820945
6218,0.017845655
6318,0.027523974
6518,0.029349905
6618,0.073744975
6818,0.025383977
6918,0.015350524
7018,0.010153254
7218,0.0064534326
7418,0.008252659
7518,0.016695164
7718,0.0058992924
7918,0.016408658
8118,0.071122944
8218,0.0160662
8318,0.018276306
8418,0.045938745
8518,0.014600577
8618,0.018583247
8718,0.020937523
8918,0.022597382
9018,0.021450821
9218,0.016689282
9518,0.08736838
9818,0.03568398
9918,0.042122394
10118,0.03246421
10418,0.041353818
10518,0.02224598
10618,0.06058954
10718,0.02980457
10918,0.06301605
11218,0.017883033
11318,0.011116741
11718,0.009960332
11918,0.048943404
12118,0.114118226
12418,0.042280953
12718,0.020892378
12918,0.03424032
13018,0.112965204
13418,0.061573002
13518,0.024666935
13618,0.03458692
13718,0.02170624
13918,0.023589218
14318,0.018241465
14418,0.08616867
15418,0.057686947
15618,0.03348671
15718,0.030157572
15818,0.011034982
15918,0.004828246
16118,0.03795597
16218,0.03751096
16318,0.021658065
16418,0.025478497
16518,0.0020965848
16618,0.016144957
17018,0.029462634
17118,0.018653776
17218,0.03782317
17318,0.009779327
17418,0.015879253
17618,0.07991001
17718,0.021985544
17918,0.029516911
18018,0.040039863
18118,0.0035836145
18218,0.0018505479
18418,0.0018496423
18518,0.016855933
18718,0.0020556955
18818,0.02897098
19118,0.06758947
19518,0.021340113
19618,0.0037574254
19718,0.0058822003
19818,0.0020081098
20718,0.0158764
20818,0.101811655
20918,0.021471253
21118,0.015568476
21218,0.016605243
21418,0.0791277
21818,0.0192645
22018,0.032137953
22318,0.01823927
22418,0.029898562
22518,0.018143766
22618,0.028984612
22918,0.0059117014
23018,0.0032072538
23218,0.005998959
23318,0.034885
23618,0.0139472205
23718,0.017608711
23818,0.027473377
23918,0.02096643
24118,0.0234954
24218,0.034551058
24418,0.008528576
24518,0.01696841
24618,0.0028295408
24718,0.020292643
25318,0.028460052
25418,0.07267935
25818,0.05083189
26018,0.16548751
26118,0.021667361
26218,0.013629205
26318,0.013538852
26418,0.016940616
26618,0.026615845
26718,0.048850212
26818,0.015164467
26918,0.015275625
27018,0.020601342
27318,0.044707574
27418,0.040192127
27518,0.007475916
27918,0.01546815
28018,0.02089837
28118,0.02837507
28318,0.02461535
28418,0.028406525
29018,0.03660691
29118,0.04546366
29318,0.030125828
29618,0.03686295
29718,0.16039285
29818,0.013627295
29918,0.031645715
30018,0.014640283
30118,0.07741035
30318,0.010644175
30418,0.027015842
30718,0.039714675
30818,0.023662603
31118,0.051647943
31218,0.061422274
31618,0.02008768
31718,0.12884603
31818,0.061408874
31918,0.037689574
32018,0.040028255
32118,0.05363856
32818,0.019180508
33018,0.024554424
33118,0.039534263
33518,0.030617299
33718,0.021509323
33818,0.0273626
33918,0.0015214289
34018,0.0032548634
34218,0.0041063065
34318,0.022494907
34418,0.0023792146
34518,0.004227711
34618,0.0171274
34818,0.0009163189
35018,0.0164997
35218,0.009487865
35318,0.27027112
35518,0.011656898
35618,0.028972538
35718,0.015845109
35918,0.07295411
36018,0.09840435
36118,0.010347938
36618,0.2003514
37218,0.022912305
37418,0.042947847
37518,0.013009451
37618,0.032346282
37718,0.023770541
38118,0.018587481
38218,0.034443393
38318,0.048069645
38418,0.0150556555
38618,0.019751169
38818,0.022695906
39118,0.007244769
39218,0.009749495
39318,0.014872784
39418,0.031593405
39618,0.048371606
39718,0.0014698011
39918,0.024394732
40018,0.026550833
40218,0.032938633
40518,0.015268468
40618,0.025229217
41818,0.046729334
42018,0.03981959
42718,0.02515633
42918,0.01940767
43618,0.06665216
44218,0.02204906
44518,0.01362359
44718,0.013526083
44918,0.02200291
45218,0.012670136
45318,0.07254227
45518,0.013547101
45618,0.042964097
46118,0.14720076
46318,0.01895721
46518,0.02469664
46918,0.013725869
47018,0.019879622
47118,0.032058325
47218,0.04351138
47318,0.018314626
47618,0.10163911
47718,0.017353378
47818,0.028852543
47918,0.018031392
48218,0.043613117
48618,0.023673106
48718,0.0031837723
49118,0.039522823
49218,0.017101461
49618,0.044073343
49718,0.017027104
49918,0.022756051
50118,0.039873704
50318,0.004535524
50418,0.0031833362
50618,0.008318989
50818,0.004221321
50918,0.0071874755
51018,0.020310996
51218,0.0018307129
51618,0.0120837735
51818,0.016078046
52018,0.0019841986
52118,0.014980288
52518,0.027828861
52618,0.03735204
52718,0.3442839
53218,0.025896667
53318,0.034116082
53418,0.13040322
53618,0.015333847
53918,0.24897826
54118,0.04890525
54218,0.04702666
54318,0.040076997
54418,0.0354869
54618,0.013355682
55018,0.013701927
55218,0.016070796
55418,0.0067555886
55518,0.04369564
55618,0.0062918463
56218,0.067649834
56518,0.047329973
56718,0.012661819
56818,0.042606276
57018,0.021787487
57118,0.022635015
57218,0.024081293
57318,0.005767629
57518,0.031755194
57918,0.07909118
58018,0.016661048
58218,0.031402424
58318,0.007104834
58518,0.04179241
58918,0.008374442
59118,0.030169843
59218,0.032058213
59518,0.017576512
59618,0.064128645
59818,0.009208736
59918,0.021537673
60418,0.02148917
60518,0.008724185
60818,0.040025745
61118,0.022115137
61318,0.036527835
61418,0.023819298
61718,0.053914145
62118,0.021286799
62418,0.053698573
62718,0.023990579
62818,0.01772037
63518,0.05390493
63618,0.016327647
63718,0.021376211
63818,0.021929037
63918,0.007829351
64318,0.013106767
64418,0.020564334
