Id,Probability
0,0.073692456
100,0.037403226
400,0.0027724463
600,0.032030016
700,0.026547305
1000,0.01759607
1200,0.035028424
1700,0.07375876
2200,0.061064955
2700,0.0011711969
2800,0.110180624
2900,0.09385653
3000,0.036924683
3100,0.044823594
3200,0.07207163
3300,0.101742975
3400,0.027335092
3700,0.025637839
4000,0.04129297
4100,3.5826946e-05
4200,0.034245793
4400,0.14531273
4700,0.0343856
4800,0.029092925
4900,0.027864195
5100,0.024883373
5200,0.02504544
5700,0.022483291
5900,0.032806505
6200,0.020196386
6300,0.018858548
6500,0.023021802
6600,0.02488659
6800,0.03949369
6900,0.011344607
7000,0.044741247
7200,0.0035016611
7400,0.029585678
7500,0.03366299
7700,0.04559982
7900,0.030862074
8100,0.051740535
8200,0.030910203
8300,0.048345055
8400,0.04643587
8500,0.072187185
8600,0.0588956
8700,0.08689745
8900,0.07425047
9000,0.05049695
9200,0.029870836
9500,0.0728587
9800,0.13214721
9900,0.1403366
10100,0.046203762
10400,0.04225855
10500,0.020171313
10600,0.059107453
10700,0.013959701
10900,0.031258836
11200,0.030760631
11300,0.053322323
11700,0.025605481
11900,0.02295465
12100,0.089590915
12400,0.06177879
12700,0.030459195
12900,0.06088075
13000,0.03463678
13400,0.017632846
13500,0.042206045
13600,0.022190617
13700,0.02458465
13900,0.024830334
14300,0.02939686
14400,0.16780385
15400,0.118409954
15600,0.02303034
15700,0.08575472
15800,0.10161005
15900,0.018260473
16100,0.070857026
16200,0.024676694
16300,0.015971083
16400,0.024029106
16500,0.00017804634
16600,0.04885194
17000,0.022211453
17100,0.021460857
17200,0.027401628
17300,0.012202939
17400,0.03165984
17600,0.07479294
17700,0.04529905
17900,0.055569444
18000,0.043766025
18100,0.0050191605
18200,0.0024273654
18400,0.0070152334
18500,0.056679193
18700,0.00078572164
18800,0.083664544
19100,0.07290758
19500,0.07574153
19600,0.0068262825
19700,0.046201978
19800,0.0033388943
20700,0.051549815
20800,0.09036727
20900,0.048712768
21100,0.030581832
21200,0.052178316
21400,0.09509124
21800,0.029898847
22000,0.039199345
22300,0.023649536
22400,0.025864918
22500,0.017649647
22600,0.020194469
22900,0.0059858635
23000,0.0024959974
23200,0.026881868
23300,0.031213762
23600,0.044525374
23700,0.06271332
23800,0.07567315
23900,0.052044343
24100,0.042631365
24200,0.058041096
24400,0.013465715
24500,0.06892987
24600,0.005607831
24700,0.03051646
25300,0.092259794
25400,0.0575031
25800,0.14616203
26000,0.17934099
26100,0.07875656
26200,0.028292362
26300,0.024905156
26400,0.021680865
26600,0.014549158
26700,0.04571201
26800,0.06769399
26900,0.039969575
27000,0.0391246
27300,0.05518563
27400,0.05600321
27500,0.05541344
27900,0.075134136
28000,0.017838294
28100,0.1022079
28300,0.021533838
28400,0.013102253
29000,0.06178888
29100,0.024477502
29300,0.012354227
29600,0.041608453
29700,0.089106284
29800,0.037069768
29900,0.017481076
30000,0.026399625
30100,0.16624156
30300,0.021059783
30400,0.027826915
30700,0.11901712
30800,0.098722234
31100,0.116655886
31200,0.040750206
31600,0.061492607
31700,0.17046632
31800,0.06577443
31900,0.034297366
32000,0.02670863
32100,0.036224667
32800,0.05454439
33000,0.02223533
33100,0.013742579
33500,0.059954915
33700,0.07359635
33800,0.034581114
33900,0.001083038
34000,0.0071697314
34200,0.007210451
34300,0.07965044
34400,0.0018842663
34500,0.006315583
34600,0.06627085
34800,0.002136051
35000,0.03082494
35200,0.026811194
35300,0.051051024
35500,0.088412695
35600,0.07779309
35700,0.0757227
35900,0.093266524
36000,0.064578585
36100,0.027018443
36600,0.10937726
37200,0.017422847
37400,0.025483076
37500,0.056004576
37600,0.13792203
37700,0.03159457
38100,0.0151497815
38200,0.016235314
38300,0.012874475
38400,0.031235918
38600,0.039151765
38800,0.05275111
39100,0.039762836
39200,0.005918846
39300,0.08184589
39400,0.08867734
39600,0.044965267
39700,0.00040693316
39900,0.052566756
40000,0.040021252
40200,0.0625417
40500,0.072752416
40600,0.078527845
41800,0.11810396
42000,0.16191907
42700,0.048009455
42900,0.058445416
43600,0.12975173
44200,0.07768231
44500,0.038834978
44700,0.03608579
44900,0.02525534
45200,0.034538858
45300,0.019477714
45500,0.05569793
45600,0.0150441555
46100,0.069663584
46300,0.026019065
46500,0.13343829
46900,0.046221465
47000,0.019381318
47100,0.14654632
47200,0.07290936
47300,0.018441018
47600,0.07254945
47700,0.031474143
47800,0.016555395
47900,0.07122056
48200,0.076707184
48600,0.062370986
48700,0.0008841808
49100,0.06151578
49200,0.035788868
49600,0.05090194
49700,0.06731754
49900,0.021251049
50100,0.035982512
50300,0.008411456
50400,0.0008354894
50600,0.01767367
50800,0.010620143
50900,0.013844383
51000,0.054033607
51200,0.004273036
51600,0.065170296
51800,0.06132554
52000,0.015404869
52100,0.04205559
52500,0.03840966
52600,0.20261045
52700,0.038442526
53200,0.028867885
53300,0.04071656
53400,0.05482063
53600,0.039581347
53900,0.017963618
54100,0.034837686
54200,0.023307536
54300,0.024228128
54400,0.025575517
54600,0.016484473
55000,0.030653547
55200,0.118969426
55400,0.080946706
55500,0.13752542
55600,0.01964618
56200,0.059275873
56500,0.032315057
56700,0.04105656
56800,0.08575913
57000,0.12409186
57100,0.07236533
57200,0.044350125
57300,0.016488753
57500,0.15612246
57900,0.037870094
58000,0.09013033
58200,0.1268654
58300,0.010349388
58500,0.115509376
58900,0.045936033
59100,0.10579853
59200,0.12910357
59500,0.06722705
59600,0.09764875
59800,0.089585856
59900,0.06831708
60400,0.11572985
60500,0.03736861
60800,0.016285473
61100,0.03776186
61300,0.07625423
61400,0.16235726
61700,0.035489175
62100,0.099200055
62400,0.019669807
62700,0.016204717
62800,0.050795566
63500,0.11510815
63600,0.041264113
63700,0.027409408
63800,0.02260665
63900,0.052713282
64300,0.028481256
64400,0.04316308
1,0.01271572
101,0.015028476
401,0.7393952
601,0.013586275
701,0.021391708
1001,0.028831087
1201,0.10758263
1701,0.020896167
2201,0.27617112
2701,0.9815384
2801,0.038501486
2901,0.021476716
3001,0.017120032
3101,0.052433994
3201,0.033009984
3301,0.063266955
3401,0.18477322
3701,0.19828752
4001,0.018166292
4101,0.9990225
4201,0.022636041
4401,0.041593768
4701,0.017534887
4801,0.012497398
4901,0.027251486
5101,0.26073527
5201,0.013119985
5701,0.0097779045
5901,0.014536938
6201,0.012399428
6301,0.017197112
6501,0.009671746
6601,0.01397485
6801,0.015381842
6901,0.85798144
7001,0.14496608
7201,0.86276525
7401,0.06562912
7501,0.059868503
7701,0.08485192
7901,0.08745946
8101,0.018065533
8201,0.15021797
8301,0.017460192
8401,0.01154833
8501,0.037060954
8601,0.0243411
8701,0.028043032
8901,0.015915425
9001,0.014947683
9201,0.044371806
9501,0.045366276
9801,0.03375705
9901,0.034126278
10101,0.10488896
10401,0.016061863
10501,0.02700198
10601,0.017680798
10701,0.039631
10901,0.02588754
11201,0.014486618
11301,0.3078152
11701,0.46212524
11901,0.013299097
12101,0.035349067
12401,0.01618599
12701,0.021610208
12901,0.024925193
13001,0.033917937
13401,0.015829843
13501,0.0130629055
13601,0.010641374
13701,0.012194417
13901,0.02584207
14301,0.012559067
14401,0.15927666
15401,0.04975925
15601,0.022085235
15701,0.025865357
15801,0.02685887
15901,0.3225786
16101,0.031211542
16201,0.015863784
16301,0.0776084
16401,0.014628807
16501,0.89293844
16601,0.031125456
17001,0.0144758
17101,0.03682512
17201,0.009636654
17301,0.17079702
17401,0.098539285
17601,0.04184358
17701,0.011960709
17901,0.02395178
18001,0.014981703
18101,0.94797856
18201,0.9593414
18401,0.829979
18501,0.14700997
18701,0.97433007
18801,0.022917116
19101,0.027303966
19501,0.025935294
19601,0.8084493
19701,0.1053558
19801,0.86608875
20701,0.019120766
20801,0.041161172
20901,0.043974187
21101,0.022030655
21201,0.02202598
21401,0.043445557
21801,0.015456878
22001,0.009517301
22301,0.082438886
22401,0.0139361825
22501,0.016149562
22601,0.017161058
22901,0.84479755
23001,0.96995085
23201,0.18595825
23301,0.08463835
23601,0.032033667
23701,0.024600044
23801,0.056772396
23901,0.015500903
24101,0.015942732
24201,0.018737862
24401,0.44903585
24501,0.048195966
24601,0.8312969
24701,0.04979862
25301,0.1015064
25401,0.024566416
25801,0.13333279
26001,0.082012035
26101,0.044055548
26201,0.024714818
26301,0.018381575
26401,0.023563044
26601,0.016215205
26701,0.024294639
26801,0.45737687
26901,0.051847994
27001,0.023160346
27301,0.021457672
27401,0.025509931
27501,0.15623622
27901,0.06332348
28001,0.37075326
28101,0.050115902
28301,0.025503384
28401,0.017173784
29001,0.023156777
29101,0.01585245
29301,0.010737718
29601,0.04624251
29701,0.063384585
29801,0.018810395
29901,0.009158573
30001,0.015524026
30101,0.0909047
30301,0.011612964
30401,0.01171003
30701,0.077520624
30801,0.03151459
31101,0.0945801
31201,0.0142764645
31601,0.015593682
31701,0.07177873
31801,0.022841247
31901,0.021297624
32001,0.009829804
32101,0.011571241
32801,0.021080121
33001,0.026617635
33101,0.12196625
33501,0.017343314
33701,0.023736885
33801,0.034206588
33901,0.99522394
34001,0.66450846
34201,0.83485186
34301,0.05341784
34401,0.9282784
34501,0.77878356
34601,0.03325935
34801,0.9739941
35001,0.06772123
35201,0.08536358
35301,0.024056368
35501,0.04427606
35601,0.029793754
35701,0.12327795
35901,0.048001777
36001,0.023838557
36101,0.015869366
36601,0.089074366
37201,0.055454932
37401,0.017721988
37501,0.017645132
37601,0.1241778
37701,0.017299209
38101,0.011579237
38201,0.009265145
38301,0.009438608
38401,0.01877531
38601,0.016179942
38801,0.017646817
39101,0.20347065
39201,0.9144884
39301,0.32445985
39401,0.064602
39601,0.02985392
39701,0.4286927
39901,0.01325328
40001,0.01786867
40201,0.017079871
40501,0.045973565
40601,0.038082015
41801,0.07808524
42001,0.04479505
42701,0.019291004
42901,0.024362154
43601,0.04634066
44201,0.027435085
44501,0.0359881
44701,0.029102245
44901,0.014988804
45201,0.04712528
45301,0.01935274
45501,0.019591613
45601,0.010706612
46101,0.027864708
46301,0.018738361
46501,0.16949105
46901,0.015706664
47001,0.34591123
47101,0.10443629
47201,0.023480905
47301,0.015057302
47601,0.025347078
47701,0.021917606
47801,0.013693211
47901,0.018271733
48201,0.023151154
48601,0.02223214
48701,0.5279393
49101,0.018607534
49201,0.01553957
49601,0.04213699
49701,0.20062055
49901,0.013147865
50101,0.023875942
50301,0.77171105
50401,0.98392695
50601,0.69978136
50801,0.8057675
50901,0.7072887
51001,0.10837496
51201,0.8239622
51601,0.45725197
51801,0.019413687
52001,0.6568683
52101,0.03859533
52501,0.014736008
52601,0.1003882
52701,0.61336935
53201,0.012375451
53301,0.02590614
53401,0.06554651
53601,0.017418524
53901,0.032698978
54101,0.016727237
54201,0.012754052
54301,0.011121869
54401,0.015455823
54601,0.035734124
55001,0.017135529
55201,0.14169468
55401,0.3407215
55501,0.0807923
55601,0.1481722
56201,0.020502448
56501,0.013319362
56701,0.115456015
56801,0.070210785
57001,0.05534109
57101,0.015000784
57201,0.015343598
57301,0.68808335
57501,0.04994748
57901,0.014153453
58001,0.024433874
58201,0.08079318
58301,0.3125085
58501,0.024603778
58901,0.07332589
59101,0.055087972
59201,0.11942966
59501,0.14406076
59601,0.05386347
59801,0.05496116
59901,0.06966128
60401,0.11073286
60501,0.102884136
60801,0.00908028
61101,0.048629675
61301,0.051031113
61401,0.07007005
61701,0.010558629
62101,0.044733856
62401,0.014512195
62701,0.009379976
62801,0.018392611
63501,0.06372707
63601,0.016714865
63701,0.017672254
63801,0.013165126
63901,0.053043596
64301,0.016424626
64401,0.018586265
2,0.079164945
102,0.09909031
402,0.10716253
602,0.054579377
702,0.0867644
1002,0.06975641
1202,0.25243378
1702,0.11521103
2202,0.038355194
2702,0.15619913
2802,0.10768166
2902,0.10789154
3002,0.09514066
3102,0.17536442
3202,0.10402378
3302,0.087719135
3402,0.044506796
3702,0.056332782
4002,0.08814953
4102,0.8761403
4202,0.05692339
4402,0.14778307
4702,0.07308583
4802,0.056131303
4902,0.05116956
5102,0.059655447
5202,0.062844105
5702,0.042635154
5902,0.0416621
6202,0.056445345
6302,0.07085962
6502,0.030331513
6602,0.05801815
6802,0.062431034
6902,0.3335935
7002,0.18901806
7202,0.0062800697
7402,0.045624465
7502,0.06515082
7702,0.06700123
7902,0.15335806
8102,0.11501492
8202,0.08848109
8302,0.10944649
8402,0.0953806
8502,0.07989992
8602,0.07932806
8702,0.105037965
8902,0.1334025
9002,0.098987356
9202,0.088451706
9502,0.10795157
9802,0.1775426
9902,0.15219778
10102,0.051523965
10402,0.096993044
10502,0.11244385
10602,0.045909304
10702,0.029211726
10902,0.09583202
11202,0.08076563
11302,0.20528774
11702,0.061841182
11902,0.045987178
12102,0.11014532
12402,0.06795487
12702,0.098340124
12902,0.08597016
13002,0.086421944
13402,0.06819103
13502,0.0601164
13602,0.045548595
13702,0.059857626
13902,0.057019338
14302,0.046427853
14402,0.1149046
15402,0.11339859
15602,0.0897144
15702,0.08961619
15802,0.10955815
15902,0.07279882
16102,0.110819206
16202,0.07150277
16302,0.12880075
16402,0.086790495
16502,0.06304162
16602,0.23081481
17002,0.06318409
17102,0.06363887
17202,0.11692909
17302,0.21345946
17402,0.07558233
17602,0.10491631
17702,0.079381235
17902,0.10451906
18002,0.13217409
18102,0.026242236
18202,0.040102284
18402,0.013943168
18502,0.047087703
18702,0.016498478
18802,0.11185698
19102,0.10733869
19502,0.07772156
19602,0.03322359
19702,0.046469875
19802,0.016571475
20702,0.08061194
20802,0.16472065
20902,0.19033188
21102,0.09814439
21202,0.13156566
21402,0.12828438
21802,0.076759666
22002,0.060445238
22302,0.06808059
22402,0.05530629
22502,0.06258911
22602,0.058270622
22902,0.10870698
23002,0.016637798
23202,0.05677616
23302,0.042868473
23602,0.09002678
23702,0.11141831
23802,0.10996049
23902,0.11936049
24102,0.10198654
24202,0.1159285
24402,0.06287656
24502,0.08705973
24602,0.10368932
24702,0.06337871
25302,0.0948423
25402,0.12136057
25802,0.14108656
26002,0.14402781
26102,0.19085771
26202,0.05622921
26302,0.08839868
26402,0.031162191
26602,0.053757966
26702,0.1173702
26802,0.47898465
26902,0.22022465
27002,0.1134656
27302,0.0893326
27402,0.13363436
27502,0.15874879
27902,0.30744213
28002,0.048021086
28102,0.16674198
28302,0.09533938
28402,0.053627435
29002,0.109364256
29102,0.063925326
29302,0.040346194
29602,0.07883222
29702,0.1473261
29802,0.06734365
29902,0.034782637
30002,0.07353888
30102,0.13083643
30302,0.05523068
30402,0.076846115
30702,0.16225338
30802,0.19807774
31102,0.20103227
31202,0.071585305
31602,0.10743475
31702,0.123041086
31802,0.13699877
31902,0.10679361
32002,0.05049077
32102,0.106632754
32802,0.13548718
33002,0.06729044
33102,0.06606588
33502,0.13199855
33702,0.1060481
33802,0.06499381
33902,0.035377167
34002,0.013087975
34202,0.037180547
34302,0.07089547
34402,0.013852179
34502,0.018205574
34602,0.07571414
34802,0.01178793
35002,0.06621713
35202,0.060089126
35302,0.1131788
35502,0.077470824
35602,0.08511832
35702,0.05880546
35902,0.13427348
36002,0.12105591
36102,0.06671561
36602,0.16135108
37202,0.06024723
37402,0.07831693
37502,0.12482556
37602,0.10863282
37702,0.0789956
38102,0.039341353
38202,0.031968437
38302,0.04002457
38402,0.06970539
38602,0.06362678
38802,0.066937536
39102,0.12347265
39202,0.065409586
39302,0.26470864
39402,0.16135737
39602,0.09166088
39702,0.0076912483
39902,0.10012668
40002,0.07659995
40202,0.074592024
40502,0.1009569
40602,0.08823647
41802,0.17464526
42002,0.18974721
42702,0.098627694
42902,0.06401597
43602,0.112054445
44202,0.12142193
44502,0.08749275
44702,0.13323264
44902,0.04460963
45202,0.042073082
45302,0.03895156
45502,0.11103345
45602,0.04315651
46102,0.074831374
46302,0.0817457
46502,0.1438728
46902,0.071208104
47002,0.14802524
47102,0.1869808
47202,0.1619586
47302,0.04880487
47602,0.10586241
47702,0.08323904
47802,0.047219716
47902,0.08747312
48202,0.14209038
48602,0.15202676
48702,0.06955261
49102,0.09361726
49202,0.10294998
49602,0.058663856
49702,0.2523969
49902,0.067324735
50102,0.09188868
50302,0.05206854
50402,0.011563061
50602,0.11440369
50802,0.091588415
50902,0.017777575
51002,0.05572977
51202,0.036576383
51602,0.15907553
51802,0.08791786
52002,0.016752133
52102,0.08005031
52502,0.1130168
52602,0.14227295
52702,0.2182635
53202,0.03552044
53302,0.083902456
53402,0.07081785
53602,0.074488
53902,0.048597768
54102,0.071961544
54202,0.055728782
54302,0.03701253
54402,0.06372314
54602,0.09137441
55002,0.061285146
55202,0.32088867
55402,0.23292902
55502,0.2673196
55602,0.050219502
56202,0.099864274
56502,0.06695332
56702,0.055254463
56802,0.11520994
57002,0.09718095
57102,0.115161516
57202,0.08630612
57302,0.032795344
57502,0.14476395
57902,0.09277059
58002,0.098072
58202,0.28788257
58302,0.082673006
58502,0.17150785
58902,0.076033436
59102,0.18401
59202,0.14275111
59502,0.26450822
59602,0.14769135
59802,0.15088099
59902,0.14967327
60402,0.34766313
60502,0.06584361
60802,0.03489857
61102,0.15255007
61302,0.22255401
61402,0.14789659
61702,0.04130972
62102,0.10650526
62402,0.047720045
62702,0.03924034
62802,0.14287506
63502,0.14486079
63602,0.10352649
63702,0.08958479
63802,0.05535957
63902,0.0579027
64302,0.07001987
64402,0.088139415
3,0.05297722
103,0.03619884
403,0.0070676506
603,0.060567025
703,0.07636535
1003,0.01682773
1203,0.0258088
1703,0.053263716
2203,0.024345007
2703,0.00083842943
2803,0.076953866
2903,0.07764601
3003,0.07399826
3103,0.058560494
3203,0.07289974
3303,0.06359914
3403,0.017381404
3703,0.019402025
4003,0.088007845
4103,8.701746e-05
4203,0.081763096
4403,0.07798701
4703,0.06089857
4803,0.0839521
4903,0.03757766
5103,0.03963865
5203,0.052098792
5703,0.07512063
5903,0.09524974
6203,0.08120324
6303,0.047730118
6503,0.058217093
6603,0.07004594
6803,0.06724261
6903,0.0032107085
7003,0.043285392
7203,0.009136981
7403,0.06084967
7503,0.057072245
7703,0.038377132
7903,0.057469543
8103,0.1284493
8203,0.035502926
8303,0.10781547
8403,0.07176349
8503,0.05861646
8603,0.09061053
8703,0.05881398
8903,0.104690425
9003,0.100465186
9203,0.081415735
9503,0.08785414
9803,0.08285274
9903,0.07029025
10103,0.02764068
10403,0.13145988
10503,0.0657896
10603,0.14959042
10703,0.026259791
10903,0.038077995
11203,0.09323692
11303,0.04156184
11703,0.0315214
11903,0.08508697
12103,0.104357235
12403,0.093430564
12703,0.05463111
12903,0.091607705
13003,0.047639567
13403,0.060052343
13503,0.12621407
13603,0.08926828
13703,0.09720743
13903,0.06858161
14303,0.0723215
14403,0.04729365
15403,0.06983433
15603,0.051967632
15703,0.08630372
15803,0.07042582
15903,0.01569855
16103,0.06990132
16203,0.09545093
16303,0.0193975
16403,0.031252224
16503,0.0002562318
16603,0.048492946
17003,0.094004825
17103,0.014063138
17203,0.027456425
17303,0.008157458
17403,0.030512901
17603,0.06934886
17703,0.08815102
17903,0.030993337
18003,0.024451341
18103,0.0065095196
18203,0.0032942486
18403,0.0050683883
18503,0.024869673
18703,0.0014642947
18803,0.052102026
19103,0.07237765
19503,0.039563823
19603,0.0074322238
19703,0.022777706
19803,0.004922744
20703,0.0836726
20803,0.074685246
20903,0.05446275
21103,0.06321395
21203,0.068226516
21403,0.08482769
21803,0.078085326
22003,0.10290917
22303,0.044677336
22403,0.05421594
22503,0.08123591
22603,0.056659367
22903,0.004270436
23003,0.0048598913
23203,0.06421778
23303,0.054396126
23603,0.109109834
23703,0.08174397
23803,0.0594094
23903,0.08577011
24103,0.09010215
24203,0.119775966
24403,0.012830734
24503,0.065476045
24603,0.008216325
24703,0.08285164
25303,0.064102694
25403,0.0956859
25803,0.061723005
26003,0.06733396
26103,0.06965773
26203,0.07194833
26303,0.116057925
26403,0.04122251
26603,0.035557013
26703,0.06367617
26803,0.04056058
26903,0.060755685
27003,0.0967672
27303,0.08875043
27403,0.08775595
27503,0.060111262
27903,0.067572676
28003,0.024520755
28103,0.07041836
28303,0.045459602
28403,0.047118638
29003,0.060251363
29103,0.060458258
29303,0.059566464
29603,0.11301663
29703,0.080301456
29803,0.0743079
29903,0.089040376
30003,0.073849946
30103,0.060422014
30303,0.08354282
30403,0.09013147
30703,0.06624932
30803,0.10393937
31103,0.07380052
31203,0.09003415
31603,0.07720525
31703,0.06132654
31803,0.0791323
31903,0.089662686
32003,0.076933004
32103,0.03538699
32803,0.10002713
33003,0.022205854
33103,0.007984293
33503,0.09643354
33703,0.04120262
33803,0.023035053
33903,0.0015675589
34003,0.0055712876
34203,0.0064811474
34303,0.04819511
34403,0.0037080364
34503,0.0057793604
34603,0.060985334
34803,0.0029585084
35003,0.03120862
35203,0.058241427
35303,0.065719076
35503,0.054910425
35603,0.04918027
35703,0.030033892
35903,0.06953828
36003,0.09413691
36103,0.08637496
36603,0.06767551
37203,0.034827236
37403,0.061042093
37503,0.0821232
37603,0.0587433
37703,0.08180561
38103,0.07472017
38203,0.07393044
38303,0.062175438
38403,0.07767709
38603,0.10601411
38803,0.08461215
39103,0.03920438
39203,0.0050650607
39303,0.048830807
39403,0.058516413
39603,0.07195504
39703,0.0002585181
39903,0.076438904
40003,0.057597082
40203,0.056019735
40503,0.07160585
40603,0.052327447
41803,0.064431004
42003,0.065358736
42703,0.09346131
42903,0.10966454
43603,0.08636272
44203,0.08036392
44503,0.058039017
44703,0.08203805
44903,0.071615845
45203,0.049075317
45303,0.052987345
45503,0.084065065
45603,0.07814482
46103,0.10376227
46303,0.0755874
46503,0.05226683
46903,0.04776326
47003,0.028461276
47103,0.080324434
47203,0.081870414
47303,0.057864096
47603,0.09302618
47703,0.074628696
47803,0.074835956
47903,0.07485682
48203,0.08326903
48603,0.05562336
48703,0.002110841
49103,0.0816601
49203,0.07931104
49603,0.05332727
49703,0.07652538
49903,0.081760764
50103,0.020621639
50303,0.008308461
50403,0.0014138514
50603,0.01588989
50803,0.011026451
50903,0.007993768
51003,0.03909049
51203,0.004693731
51603,0.03976441
51803,0.08747408
52003,0.011249002
52103,0.07023248
52503,0.092562884
52603,0.06218749
52703,0.035115585
53203,0.0876618
53303,0.08136864
53403,0.07958844
53603,0.08144994
53903,0.038175073
54103,0.08248129
54203,0.062069755
54303,0.06343424
54403,0.076436356
54603,0.05206364
55003,0.10007218
55203,0.07474074
55403,0.043874264
55503,0.06869996
55603,0.038018394
56203,0.09941488
56503,0.11029156
56703,0.036814768
56803,0.04824492
57003,0.040045615
57103,0.0784479
57203,0.084117256
57303,0.021958407
57503,0.071844116
57903,0.08870575
58003,0.071549416
58203,0.10662392
58303,0.03032628
58503,0.09215156
58903,0.11594228
59103,0.07589887
59203,0.04943234
59503,0.06344337
59603,0.07160482
59803,0.06631172
59903,0.04825761
60403,0.10025755
60503,0.030709764
60803,0.06216399
61103,0.09648035
61303,0.06638151
61403,0.06259512
61703,0.12935321
62103,0.09476809
62403,0.052440844
62703,0.08431952
62803,0.099664144
63503,0.06588907
63603,0.10262404
63703,0.073376425
63803,0.08199668
63903,0.040831905
64303,0.08250394
64403,0.088585205
4,0.04975093
104,0.057324026
404,0.02646409
604,0.13310368
704,0.10263124
1004,0.038572773
1204,0.04784464
1704,0.040253345
2204,0.03067293
2704,0.00062575244
2804,0.1840515
2904,0.11858389
3004,0.12621857
3104,0.093245596
3204,0.11869891
3304,0.113042206
3404,0.027007071
3704,0.02796426
4004,0.12584394
4104,2.7580982e-06
4204,0.12627187
4404,0.23015313
4704,0.15420565
4804,0.128611
4904,0.21570595
5104,0.053006936
5204,0.10598279
5704,0.081248686
5904,0.10433622
6204,0.09079559
6304,0.10892037
6504,0.063284926
6604,0.06362769
6804,0.13591422
6904,0.015308915
7004,0.045994867
7204,0.0135143185
7404,0.10597134
7504,0.082377404
7704,0.03604128
7904,0.04085157
8104,0.09691645
8204,0.039579973
8304,0.098013535
8404,0.11971383
8504,0.06574543
8604,0.06471716
8704,0.055594273
8904,0.07622597
9004,0.08788161
9204,0.06252498
9504,0.16187724
9804,0.104153536
9904,0.13200063
10104,0.05932752
10404,0.093073525
10504,0.07460307
10604,0.0827513
10704,0.20232183
10904,0.08777441
11204,0.07585759
11304,0.034872785
11704,0.034766067
11904,0.09665082
12104,0.1641729
12404,0.110185266
12704,0.12203173
12904,0.1605446
13004,0.21394244
13404,0.098829284
13504,0.104243524
13604,0.08950025
13704,0.10366344
13904,0.14477707
14304,0.102472045
14404,0.1632977
15404,0.25137088
15604,0.08145331
15704,0.15942839
15804,0.10984574
15904,0.01887051
16104,0.13868171
16204,0.086700626
16304,0.06056314
16404,0.039587468
16504,0.008506519
16604,0.09926413
17004,0.10064501
17104,0.033536576
17204,0.035362154
17304,0.038610145
17404,0.051705
17604,0.1339342
17704,0.10789588
17904,0.021650575
18004,0.02044499
18104,0.008008039
18204,0.0016542763
18404,0.0041794428
18504,0.028184371
18704,0.0019137693
18804,0.124663584
19104,0.20435412
19504,0.062288966
19604,0.005919727
19704,0.060038902
19804,0.00622623
20704,0.14414003
20804,0.22170056
20904,0.07070438
21104,0.113435745
21204,0.12495812
21404,0.1934338
21804,0.11423322
22004,0.09634794
22304,0.20989257
22404,0.11456262
22504,0.10406033
22604,0.09326755
22904,0.015720885
23004,0.0047461027
23204,0.08758893
23304,0.09020493
23604,0.06756272
23704,0.13038588
23804,0.112668395
23904,0.12775016
24104,0.111214906
24204,0.11525129
24404,0.020402689
24504,0.08988626
24604,0.007878787
24704,0.06126456
25304,0.107788816
25404,0.1421262
25804,0.16368489
26004,0.23896603
26104,0.09801651
26204,0.115766846
26304,0.08861402
26404,0.12135674
26604,0.06564009
26704,0.13717256
26804,0.0409197
26904,0.05025159
27004,0.09227216
27304,0.13846295
27404,0.12157465
27504,0.08266758
27904,0.09932467
28004,0.031389434
28104,0.19082204
28304,0.10449674
28404,0.071065366
29004,0.15026857
29104,0.08186437
29304,0.06965135
29604,0.09898546
29704,0.21380718
29804,0.11603666
29904,0.081858784
30004,0.09720602
30104,0.22211125
30304,0.1085737
30404,0.11308878
30704,0.21310122
30804,0.18272565
31104,0.20664231
31204,0.13293321
31604,0.1110797
31704,0.23497689
31804,0.1178653
31904,0.113496475
32004,0.108725965
32104,0.043599725
32804,0.099555954
33004,0.04503048
33104,0.039543238
33504,0.11566766
33704,0.034890793
33804,0.02158049
33904,0.0007695671
34004,0.006421845
34204,0.0050365576
34304,0.020512845
34404,0.002747202
34504,0.005027106
34604,0.06957423
34804,0.0013131608
35004,0.040535066
35204,0.08040483
35304,0.17372474
35504,0.07827454
35604,0.07967937
35704,0.05954223
35904,0.15261608
36004,0.14108348
36104,0.117917866
36604,0.2006125
37204,0.0420411
37404,0.13340949
37504,0.12891176
37604,0.17195258
37704,0.10868924
38104,0.09366427
38204,0.072842866
38304,0.07321342
38404,0.11751938
38604,0.12118167
38804,0.17085981
39104,0.032669652
39204,0.013040437
39304,0.10173222
39404,0.122370124
39604,0.19949289
39704,0.00039620168
39904,0.09208778
40004,0.10964743
40204,0.09484302
40504,0.07495021
40604,0.06452126
41804,0.20828825
42004,0.09162336
42704,0.123317465
42904,0.08133823
43604,0.22136359
44204,0.14789759
44504,0.079039425
44704,0.12715898
44904,0.08626516
45204,0.13281469
45304,0.16890007
45504,0.13266991
45604,0.08344316
46104,0.15801765
46304,0.096569546
46504,0.14522043
46904,0.07128781
47004,0.019406801
47104,0.19939592
47204,0.12537587
47304,0.081585445
47604,0.17254613
47704,0.15022999
47804,0.084625416
47904,0.09759934
48204,0.15262175
48604,0.11305866
48704,0.023700424
49104,0.14881128
49204,0.11815896
49604,0.10771375
49704,0.10408931
49904,0.0973504
50104,0.029275095
50304,0.005804405
50404,0.0011893437
50604,0.019948587
50804,0.010105943
50904,0.009611005
51004,0.04801167
51204,0.0050377906
51604,0.078884155
51804,0.10426536
52004,0.014473315
52104,0.08299812
52504,0.11000324
52604,0.22782227
52704,0.04000766
53204,0.10535212
53304,0.13502629
53404,0.12083541
53604,0.14049149
53904,0.13463874
54104,0.07642327
54204,0.081100985
54304,0.098867595
54404,0.09038641
54604,0.022522844
55004,0.13438025
55204,0.13182935
55404,0.06495235
55504,0.097074635
55604,0.05821112
56204,0.110206306
56504,0.099729195
56704,0.04152443
56804,0.080792256
57004,0.06978769
57104,0.06752032
57204,0.13602935
57304,0.02328078
57504,0.065834835
57904,0.109125994
58004,0.12726432
58204,0.13254811
58304,0.016194412
58504,0.167794
58904,0.14699312
59104,0.21435235
59204,0.11196962
59504,0.069448784
59604,0.21445878
59804,0.13093674
59904,0.07967054
60404,0.12842001
60504,0.04640577
60804,0.0718792
61104,0.09338873
61304,0.1872231
61404,0.2313878
61704,0.080798104
62104,0.20647563
62404,0.110175915
62704,0.08734961
62804,0.121276945
63504,0.24947247
63604,0.11505373
63704,0.113258585
63804,0.09659871
63904,0.057162676
64304,0.113869935
64404,0.12747328
5,0.028889792
105,0.024150575
405,0.005129887
605,0.058150146
705,0.046363585
1005,0.014845374
1205,0.01386312
1705,0.042804565
2205,0.008828031
2705,0.0019010343
2805,0.048524406
2905,0.04763937
3005,0.056668535
3105,0.02811012
3205,0.051082756
3305,0.051505152
3405,0.0060627414
3705,0.008700418
4005,0.052524608
4105,0.095571056
4205,0.04086405
4405,0.1151664
4705,0.05551191
4805,0.030440655
4905,0.10013274
5105,0.028304832
5205,0.050240107
5705,0.044440176
5905,0.057023074
6205,0.043483015
6305,0.048241626
6505,0.06602948
6605,0.061616924
6805,0.07436205
6905,0.004796765
7005,0.025032924
7205,0.0026346315
7405,0.03021597
7505,0.02626476
7705,0.008475387
7905,0.012980661
8105,0.032175604
8205,0.013400549
8305,0.037545808
8405,0.04121598
8505,0.015960468
8605,0.029765842
8705,0.022887707
8905,0.03685579
9005,0.025840586
9205,0.02011767
9505,0.041188035
9805,0.045793656
9905,0.04604075
10105,0.013570884
10405,0.03769162
10505,0.02834572
10605,0.08644493
10705,0.046763517
10905,0.06555157
11205,0.023049155
11305,0.019262452
11705,0.010135509
11905,0.048014246
12105,0.050600734
12405,0.08299253
12705,0.065931626
12905,0.07476938
13005,0.09995098
13405,0.055314988
13505,0.051175993
13605,0.04150916
13705,0.035380993
13905,0.04205403
14305,0.06117969
14405,0.060710154
15405,0.112852655
15605,0.051200118
15705,0.06675139
15805,0.032666713
15905,0.005761538
16105,0.051286902
16205,0.047898863
16305,0.018724909
16405,0.023911878
16505,0.001341761
16605,0.035839126
17005,0.04437998
17105,0.013429031
17205,0.021191075
17305,0.012179666
17405,0.023603313
17605,0.051357117
17705,0.036119893
17905,0.045492593
18005,0.041605644
18105,0.0033698555
18205,0.0021160159
18405,0.0013539493
18505,0.008687975
18705,0.0027614273
18805,0.036492035
19105,0.05800543
19505,0.01667449
19605,0.0017185559
19705,0.012231966
19805,0.0033068082
20705,0.035593793
20805,0.099000536
20905,0.031756133
21105,0.054218907
21205,0.042577937
21405,0.12456114
21805,0.06648661
22005,0.05203663
22305,0.056075696
22405,0.07051028
22505,0.044803284
22605,0.05769287
22905,0.005082146
23005,0.0008754164
23205,0.03318652
23305,0.032207254
23605,0.03570068
23705,0.044883654
23805,0.03571343
23905,0.031235935
24105,0.028335702
24205,0.04807768
24405,0.010481198
24505,0.031957608
24605,0.0036520564
24705,0.021030847
25305,0.04093749
25405,0.050952263
25805,0.08188935
26005,0.107140705
26105,0.025891105
26205,0.03870556
26305,0.022844471
26405,0.1196238
26605,0.06870143
26705,0.08794049
26805,0.02637362
26905,0.015669173
27005,0.019253807
27305,0.04471705
27405,0.03869091
27505,0.033017322
27905,0.03924322
28005,0.014555168
28105,0.09820091
28305,0.07111388
28405,0.04254676
29005,0.12091197
29105,0.04706915
29305,0.050707817
29605,0.033499304
29705,0.09732481
29805,0.07862294
29905,0.05328762
30005,0.054564964
30105,0.08120885
30305,0.032826114
30405,0.035667736
30705,0.06434969
30805,0.06389273
31105,0.08368614
31205,0.04779608
31605,0.03894616
31705,0.091163345
31805,0.048120394
31905,0.050002005
32005,0.05153969
32105,0.029908864
32805,0.031426
33005,0.019666584
33105,0.012321113
33505,0.04784577
33705,0.03847482
33805,0.032156307
33905,0.00030234954
34005,0.002641018
34205,0.0030928934
34305,0.014289272
34405,0.001983602
34505,0.0015657875
34605,0.016568717
34805,0.0006923224
35005,0.013580162
35205,0.021684041
35305,0.09188074
35505,0.023624148
35605,0.019907856
35705,0.021447135
35905,0.053095266
36005,0.0531856
36105,0.034427207
36605,0.094953954
37205,0.03262785
37405,0.056253508
37505,0.048644487
37605,0.118268706
37705,0.049360473
38105,0.041898556
38205,0.0665757
38305,0.043056622
38405,0.06328448
38605,0.042055327
38805,0.077582344
39105,0.030282244
39205,0.0037892235
39305,0.042557526
39405,0.059372265
39605,0.062269107
39705,0.0511477
39905,0.023284078
40005,0.02151365
40205,0.029107794
40505,0.037275158
40605,0.026593247
41805,0.05392539
42005,0.05597309
42705,0.052417696
42905,0.08060115
43605,0.099828504
44205,0.05544464
44505,0.02698218
44705,0.058665544
44905,0.06749554
45205,0.042607863
45305,0.05880237
45505,0.06295881
45605,0.038809784
46105,0.06806021
46305,0.048465677
46505,0.05194586
46905,0.026127364
47005,0.018369628
47105,0.095476046
47205,0.0607603
47305,0.058222
47605,0.05997448
47705,0.050096985
47805,0.043600157
47905,0.026822722
48205,0.06913796
48605,0.0330574
48705,0.0060237586
49105,0.08019434
49205,0.044319663
49605,0.044835508
49705,0.04358718
49905,0.02399664
50105,0.040384598
50305,0.0020435767
50405,0.003385599
50605,0.027599571
50805,0.007732149
50905,0.0024530313
51005,0.012451195
51205,0.0049224887
51605,0.035608735
51805,0.034279104
52005,0.003368107
52105,0.041636847
52505,0.035560075
52605,0.11231833
52705,0.21096611
53205,0.056608293
53305,0.04958808
53405,0.07378616
53605,0.043137055
53905,0.08133515
54105,0.056707036
54205,0.056041818
54305,0.061375204
54405,0.04440833
54605,0.08638651
55005,0.047903046
55205,0.07093134
55405,0.03905669
55505,0.067474514
55605,0.024495767
56205,0.04262367
56505,0.034121264
56705,0.020137653
56805,0.030574193
57005,0.031999644
57105,0.026842088
57205,0.030891579
57305,0.0048104418
57505,0.048118915
57905,0.04348552
58005,0.03576583
58205,0.0601005
58305,0.011779129
58505,0.08419737
58905,0.032649018
59105,0.10202709
59205,0.04157099
59505,0.0358016
59605,0.07854719
59805,0.052358806
59905,0.03788646
60405,0.058293976
60505,0.015001657
60805,0.049254894
61105,0.030360835
61305,0.12124987
61405,0.085019454
61705,0.057617813
62105,0.09840072
62405,0.05569198
62705,0.044067003
62805,0.044078972
63505,0.09629791
63605,0.04514701
63705,0.043739017
63805,0.046867173
63905,0.012770436
64305,0.04164903
64405,0.042025544
6,0.08014243
106,0.047470465
406,0.016853532
606,0.20186092
706,0.09634373
1006,0.016059423
1206,0.08740194
1706,0.038914006
2206,0.07396274
2706,0.00860314
2806,0.22682258
2906,0.16828926
3006,0.13437141
3106,0.07318939
3206,0.15473877
3306,0.21784599
3406,0.0368888
3706,0.038154256
4006,0.1346668
4106,0.0001744641
4206,0.081055075
4406,0.3731428
4706,0.15119842
4806,0.08319536
4906,0.29422787
5106,0.04589648
5206,0.18995692
5706,0.15192366
5906,0.17154628
6206,0.13232522
6306,0.111783415
6506,0.22440983
6606,0.16521706
6806,0.22827287
6906,0.0046940343
7006,0.11766062
7206,0.006536284
7406,0.05959742
7506,0.062404647
7706,0.06229332
7906,0.04720469
8106,0.10219865
8206,0.03562769
8306,0.08740449
8406,0.08359307
8506,0.061444413
8606,0.055401865
8706,0.12133447
8906,0.08837905
9006,0.07303632
9206,0.042663988
9506,0.20231263
9806,0.14746377
9906,0.17576212
10106,0.07153719
10406,0.09712375
10506,0.06239722
10606,0.33204246
10706,0.14679801
10906,0.15681078
11206,0.052319128
11306,0.11073898
11706,0.035453
11906,0.10357435
12106,0.22599237
12406,0.27112395
12706,0.15962233
12906,0.26610994
13006,0.281092
13406,0.10335052
13506,0.14913656
13606,0.11703918
13706,0.10802893
13906,0.106036745
14306,0.20804267
14406,0.417502
15406,0.3751921
15606,0.12655415
15706,0.3173822
15806,0.112592265
15906,0.026546495
16106,0.1252297
16206,0.11952434
16306,0.023074282
16406,0.025808653
16506,0.003465173
16606,0.087656364
17006,0.08395101
17106,0.017974734
17206,0.019012759
17306,0.016856328
17406,0.06217003
17606,0.113104016
17706,0.07804596
17906,0.021014186
18006,0.017735317
18106,0.0052581276
18206,0.007500057
18406,0.010457537
18506,0.075742416
18706,0.0052069146
18806,0.09041168
19106,0.20612374
19506,0.09470721
19606,0.010388287
19706,0.060300026
19806,0.007694718
20706,0.11676472
20806,0.24969712
20906,0.10951682
21106,0.13747178
21206,0.13246283
21406,0.3771733
21806,0.14799938
22006,0.09450251
22306,0.121548206
22406,0.2196983
22506,0.10145077
22606,0.15124479
22906,0.0036315373
23006,0.003542705
23206,0.05438013
23306,0.044627585
23606,0.055598132
23706,0.11478554
23806,0.14517997
23906,0.06540143
24106,0.06597008
24206,0.110317215
24406,0.09118661
24506,0.102873795
24606,0.022588396
24706,0.042859852
25306,0.16933109
25406,0.13994086
25806,0.48806813
26006,0.38349965
26106,0.14938825
26206,0.042218164
26306,0.05688847
26406,0.33072862
26606,0.11620108
26706,0.22058165
26806,0.080773756
26906,0.09085381
27006,0.051342033
27306,0.22736426
27406,0.15938318
27506,0.06837865
27906,0.14380917
28006,0.039997835
28106,0.35441247
28306,0.16456966
28406,0.12490405
29006,0.3407282
29106,0.13537976
29306,0.10336273
29606,0.06475514
29706,0.35230488
29806,0.22473991
29906,0.10380168
30006,0.1654957
30106,0.4293897
30306,0.06651205
30406,0.10466328
30706,0.326773
30806,0.22530392
31106,0.32662013
31206,0.15785156
31606,0.0825866
31706,0.38068506
31806,0.21435046
31906,0.11229399
32006,0.120884754
32106,0.044907916
32806,0.11741339
33006,0.021869535
33106,0.02120006
33506,0.10674094
33706,0.03763676
33806,0.017705025
33906,0.002021713
34006,0.016758418
34206,0.020101706
34306,0.058179494
34406,0.007805228
34506,0.012899835
34606,0.080455706
34806,0.004676473
35006,0.058216058
35206,0.040944606
35306,0.24271134
35506,0.099252075
35606,0.11386575
35706,0.10831164
35906,0.20728296
36006,0.24244682
36106,0.09755256
36606,0.26117602
37206,0.05012843
37406,0.16347416
37506,0.14070123
37606,0.52994466
37706,0.16469707
38106,0.12295046
38206,0.15028162
38306,0.13257122
38406,0.181677
38606,0.12585501
38806,0.1946656
39106,0.04125603
39206,0.004938705
39306,0.032775514
39406,0.18380642
39606,0.120210424
39706,0.002410036
39906,0.085345134
40006,0.087572426
40206,0.08121698
40506,0.07092718
40606,0.11545135
41806,0.31878242
42006,0.15591657
42706,0.14538223
42906,0.25587553
43606,0.38069183
44206,0.15075661
44506,0.07278789
44706,0.13387957
44906,0.21579666
45206,0.11404894
45306,0.18078254
45506,0.1662643
45606,0.104622394
46106,0.3073464
46306,0.12245944
46506,0.35042503
46906,0.047234245
47006,0.03817567
47106,0.38831288
47206,0.17306954
47306,0.1442204
47606,0.26470062
47706,0.08480166
47806,0.07869499
47906,0.08475984
48206,0.18858667
48606,0.08333829
48706,0.010637336
49106,0.25609928
49206,0.12655231
49606,0.10169453
49706,0.069889635
49906,0.06167309
50106,0.018829806
50306,0.013425735
50406,0.0040130992
50606,0.086022705
50806,0.020181973
50906,0.025888491
51006,0.07987907
51206,0.02519716
51606,0.03345518
51806,0.090365
52006,0.016892577
52106,0.0909594
52506,0.10387508
52606,0.48829156
52706,0.32923618
53206,0.19653162
53306,0.123058796
53406,0.08714763
53606,0.13657698
53906,0.23931763
54106,0.19889063
54206,0.1827286
54306,0.19421723
54406,0.19103813
54606,0.13557002
55006,0.10903712
55206,0.33996573
55406,0.051183987
55506,0.26391295
55606,0.03399905
56206,0.09636721
56506,0.06416342
56706,0.045472458
56806,0.19497238
57006,0.18784127
57106,0.07775619
57206,0.08443602
57306,0.0160453
57506,0.09579408
57906,0.16419755
58006,0.10835777
58206,0.24456598
58306,0.021860639
58506,0.22013336
58906,0.15611431
59106,0.36783788
59206,0.27084365
59506,0.2692848
59606,0.36341178
59806,0.1858413
59906,0.13515443
60406,0.3444275
60506,0.06185436
60806,0.15874735
61106,0.26552236
61306,0.28011128
61406,0.47087303
61706,0.15206377
62106,0.36348668
62406,0.19234148
62706,0.083162285
62806,0.09551839
63506,0.35458955
63606,0.11570301
63706,0.09601999
63806,0.12686658
63906,0.065450534
64306,0.10233803
64406,0.15879785
7,0.04691245
107,0.07698814
407,0.058245156
607,0.1113165
707,0.17192414
1007,0.027179142
1207,0.08703679
1707,0.02015985
2207,0.13475043
2707,0.010801044
2807,0.25072876
2907,0.12160507
3007,0.17695399
3107,0.17502259
3207,0.15594046
3307,0.17290622
3407,0.047958393
3707,0.047420748
4007,0.12134049
4107,0.018330716
4207,0.12554891
4407,0.10536999
4707,0.11892568
4807,0.18557885
4907,0.084903374
5107,0.04903744
5207,0.16927585
5707,0.21463719
5907,0.1369804
6207,0.22599952
6307,0.16241145
6507,0.17837231
6607,0.16120431
6807,0.18727536
6907,0.90098935
7007,0.041456427
7207,0.06364769
7407,0.08226859
7507,0.08766026
7707,0.03904995
7907,0.06446877
8107,0.13945955
8207,0.053640332
8307,0.15173623
8407,0.13677265
8507,0.029859163
8607,0.0783243
8707,0.04428095
8907,0.101421095
9007,0.0890579
9207,0.084838316
9507,0.33138162
9807,0.045971647
9907,0.063227616
10107,0.14557365
10407,0.22311586
10507,0.16878697
10607,0.16665193
10707,0.061554126
10907,0.11902169
11207,0.08724824
11307,0.18725021
11707,0.20568028
11907,0.20251253
12107,0.29646248
12407,0.160816
12707,0.13536242
12907,0.23725519
13007,0.09288273
13407,0.15232377
13507,0.18965647
13607,0.24323095
13707,0.25842977
13907,0.16671887
14307,0.21609448
14407,0.18426497
15407,0.17516677
15607,0.14340296
15707,0.2085389
15807,0.079327576
15907,0.03389007
16107,0.124148935
16207,0.17458224
16307,0.04478485
16407,0.060403913
16507,0.011832382
16607,0.07979466
17007,0.22995952
17107,0.032886747
17207,0.043914367
17307,0.037136663
17407,0.09189853
17607,0.13179506
17707,0.12761983
17907,0.012920003
18007,0.016832361
18107,0.062740095
18207,0.019912062
18407,0.039988592
18507,0.036144655
18707,0.010210354
18807,0.06648617
19107,0.21345066
19507,0.05459215
19607,0.056108475
19707,0.08976322
19807,0.013344997
20707,0.17179123
20807,0.14496616
20907,0.06534055
21107,0.12671892
21207,0.22820342
21407,0.11604841
21807,0.17456447
22007,0.18491533
22307,0.070011005
22407,0.14409901
22507,0.19462024
22607,0.1566708
22907,0.94226444
23007,0.10442864
23207,0.058882236
23307,0.08731766
23607,0.17461433
23707,0.18494436
23807,0.20613094
23907,0.11770696
24107,0.14868006
24207,0.1854707
24407,0.019474143
24507,0.07775308
24607,0.026253074
24707,0.07632963
25307,0.28443992
25407,0.18782164
25807,0.07935212
26007,0.13935903
26107,0.08309717
26207,0.20348963
26307,0.13031794
26407,0.09149159
26607,0.09050624
26707,0.14627403
26807,0.26304162
26907,0.080917455
27007,0.11127532
27307,0.23508376
27407,0.22548594
27507,0.109570436
27907,0.10708268
28007,0.042687356
28107,0.113913566
28307,0.15141016
28407,0.15488717
29007,0.11082896
29107,0.15790176
29307,0.17075697
29607,0.27160972
29707,0.1792863
29807,0.19666097
29907,0.22700025
30007,0.18680891
30107,0.18206084
30307,0.15671326
30407,0.21392724
30707,0.15410037
30807,0.10437364
31107,0.12366371
31207,0.2040977
31607,0.12573725
31707,0.16080569
31807,0.1855616
31907,0.19532725
32007,0.24435762
32107,0.055393685
32807,0.12000429
33007,0.047861587
33107,0.031915374
33507,0.15861776
33707,0.023467856
33807,0.01663769
33907,0.01218048
34007,0.010839582
34207,0.029360462
34307,0.03168661
34407,0.007913174
34507,0.02691614
34607,0.052387457
34807,0.015348239
35007,0.04656635
35207,0.14820918
35307,0.11438102
35507,0.06283307
35607,0.05995446
35707,0.081509195
35907,0.20002879
36007,0.24380103
36107,0.25152227
36607,0.12863223
37207,0.04665054
37407,0.16031656
37507,0.15774773
37607,0.09096683
37707,0.14347433
38107,0.19351925
38207,0.19085573
38307,0.20907731
38407,0.16757502
38607,0.16537438
38807,0.15322419
39107,0.04144507
39207,0.874411
39307,0.54380107
39407,0.12543082
39607,0.11785448
39707,0.00054457504
39907,0.12732056
40007,0.1430018
40207,0.087409504
40507,0.10236488
40607,0.04713869
41807,0.18196191
42007,0.06903557
42707,0.16241682
42907,0.11815809
43607,0.23509604
44207,0.15085086
44507,0.15790895
44707,0.13398555
44907,0.16839078
45207,0.06931129
45307,0.12092508
45507,0.16182238
45607,0.28059924
46107,0.28975314
46307,0.19028166
46507,0.16907945
46907,0.091257654
47007,0.03505219
47107,0.10074437
47207,0.18493076
47307,0.15246432
47607,0.23441458
47707,0.1386994
47807,0.18790098
47907,0.09181824
48207,0.18371813
48607,0.07931988
48707,0.031581275
49107,0.19574955
49207,0.19934121
49607,0.19318673
49707,0.18943377
49907,0.22800808
50107,0.017484933
50307,0.06365199
50407,0.015594148
50607,0.0525354
50807,0.06492599
50907,0.063851625
51007,0.04996163
51207,0.010824337
51607,0.556975
51807,0.11333599
52007,0.080627955
52107,0.07779134
52507,0.23068483
52607,0.13000277
52707,0.20988704
53207,0.18352367
53307,0.16857144
53407,0.107359655
53607,0.21635813
53907,0.06642508
54107,0.15240937
54207,0.1343934
54307,0.22091156
54407,0.2390147
54607,0.042683158
55007,0.18854924
55207,0.142828
55407,0.17565228
55507,0.105883226
55607,0.040742528
56207,0.11975126
56507,0.1827925
56707,0.03670032
56807,0.08297013
57007,0.073261246
57107,0.059836257
57207,0.15877855
57307,0.127136
57507,0.041850604
57907,0.22632723
58007,0.10068105
58207,0.05899697
58307,0.024695842
58507,0.10339501
58907,0.108760096
59107,0.105073966
59207,0.22909962
59507,0.091665074
59607,0.15141165
59807,0.17480864
59907,0.09388768
60407,0.09106335
60507,0.07564841
60807,0.2074234
61107,0.0934954
61307,0.10283656
61407,0.1429224
61707,0.14585166
62107,0.24221817
62407,0.15820627
62707,0.24483787
62807,0.1595744
63507,0.16738974
63607,0.21894948
63707,0.19949298
63807,0.21057291
63907,0.04870856
64307,0.200064
64407,0.24169752
8,0.10292016
108,0.05642492
408,0.03003656
608,0.054634865
708,0.16834763
1008,0.02999435
1208,0.23827384
1708,0.055033974
2208,0.0476962
2708,0.25661203
2808,0.0766938
2908,0.092560515
3008,0.07578209
3108,0.13989039
3208,0.060990464
3308,0.05781638
3408,0.050936993
3708,0.0893867
4008,0.043872673
4108,0.0011899944
4208,0.03837956
4408,0.15510859
4708,0.047374487
4808,0.056199595
4908,0.059781693
5108,0.08846277
5208,0.08364812
5708,0.092713684
5908,0.10719438
6208,0.093979955
6308,0.105575435
6508,0.1002197
6608,0.16298284
6808,0.058295995
6908,0.15395957
7008,0.3251625
7208,0.017433947
7408,0.08062882
7508,0.07645077
7708,0.13260974
7908,0.31945994
8108,0.19207789
8208,0.17618412
8308,0.10336119
8408,0.06719971
8508,0.1314825
8608,0.14642887
8708,0.18787113
8908,0.21693556
9008,0.19170691
9208,0.20723082
9508,0.105364814
9808,0.18167529
9908,0.15101062
10108,0.061384887
10408,0.1918
10508,0.24691314
10608,0.16570376
10708,0.050133593
10908,0.14311491
11208,0.10723329
11308,0.27361327
11708,0.08229844
11908,0.085171565
12108,0.1094705
12408,0.13197866
12708,0.12979272
12908,0.08136937
13008,0.10596117
13408,0.1211074
13508,0.10992661
13608,0.08030557
13708,0.0744445
13908,0.051582195
14308,0.06963328
14408,0.093694076
15408,0.07975892
15608,0.16633934
15708,0.11905484
15808,0.17300096
15908,0.13529648
16108,0.07307725
16208,0.15998855
16308,0.055086866
16408,0.042594425
16508,0.008783647
16608,0.13124786
17008,0.10499591
17108,0.03105497
17208,0.04888272
17308,0.08654496
17408,0.039553773
17608,0.070994
17708,0.076497644
17908,0.037798937
18008,0.034740712
18108,0.04774708
18208,0.08384664
18408,0.021552175
18508,0.08057686
18708,0.033239666
18808,0.08334842
19108,0.077849254
19508,0.114698574
19608,0.05525417
19708,0.03406563
19808,0.044612102
20708,0.061190877
20808,0.099621646
20908,0.22346462
21108,0.15607676
21208,0.09089898
21408,0.14126907
21808,0.070122406
22008,0.06639429
22308,0.10741004
22408,0.081825875
22508,0.089617625
22608,0.09625162
22908,0.04200475
23008,0.05238979
23208,0.09524465
23308,0.045177378
23608,0.14585963
23708,0.0827016
23808,0.11567186
23908,0.12398398
24108,0.10482781
24208,0.12614296
24408,0.08564838
24508,0.13177161
24608,0.23794484
24708,0.13675289
25308,0.09624272
25408,0.07061768
25808,0.19501956
26008,0.0938172
26108,0.4059993
26208,0.041658826
26308,0.18664397
26408,0.09673173
26608,0.13981058
26708,0.1201839
26808,0.51195186
26908,0.39488563
27008,0.2606169
27308,0.13717304
27408,0.14568792
27508,0.11878282
27908,0.33788213
28008,0.10117829
28108,0.16818006
28308,0.13750382
28408,0.12160006
29008,0.12934034
29108,0.14169732
29308,0.09311391
29608,0.06682926
29708,0.15000845
29808,0.1022884
29908,0.06595882
30008,0.10797842
30108,0.10821143
30308,0.04504344
30408,0.07097211
30708,0.14387183
30808,0.2449857
31108,0.18099985
31208,0.077217914
31608,0.12464582
31708,0.08150236
31808,0.16365343
31908,0.14542587
32008,0.048373275
32108,0.051896594
32808,0.17385533
33008,0.03363417
33108,0.019134935
33508,0.1157014
33708,0.06113292
33808,0.031994965
33908,0.08601612
34008,0.013414608
34208,0.056615934
34308,0.09565723
34408,0.02623532
34508,0.03296041
34608,0.13774571
34808,0.021556832
35008,0.11310336
35208,0.099074885
35308,0.094607845
35508,0.088743046
35608,0.12767683
35708,0.050050914
35908,0.08600677
36008,0.12276219
36108,0.082601294
36608,0.088578515
37208,0.060773842
37408,0.08526648
37508,0.08950193
37608,0.13404669
37708,0.14178655
38108,0.0761954
38208,0.06329613
38308,0.084561415
38408,0.09898063
38608,0.10484275
38808,0.058370326
39108,0.13166507
39208,0.04133036
39308,0.147535
39408,0.12646998
39608,0.08326121
39708,9.120732e-05
39908,0.12225855
40008,0.08533496
40208,0.07476993
40508,0.13056424
40608,0.12014775
41808,0.14024554
42008,0.14930281
42708,0.060808357
42908,0.13950704
43608,0.082626805
44208,0.09840875
44508,0.092559166
44708,0.18097062
44908,0.08865028
45208,0.043725498
45308,0.061226018
45508,0.10924606
45608,0.060903475
46108,0.10373835
46308,0.13258757
46508,0.11268588
46908,0.0727617
47008,0.30479848
47108,0.20224681
47208,0.15872803
47308,0.11655613
47608,0.10308938
47708,0.07732078
47808,0.102656975
47908,0.15280388
48208,0.08403568
48608,0.12739645
48708,0.01901256
49108,0.094214015
49208,0.08563937
49608,0.03898121
49708,0.20290239
49908,0.07178872
50108,0.033366904
50308,0.09652346
50408,0.020929461
50608,0.105476744
50808,0.13270715
50908,0.01986928
51008,0.11171771
51208,0.03261644
51608,0.124125466
51808,0.114915885
52008,0.02037013
52108,0.07624933
52508,0.086261325
52608,0.10714605
52708,0.052281033
53208,0.08010209
53308,0.056485437
53408,0.061667394
53608,0.085419625
53908,0.11144705
54108,0.1810808
54208,0.13399479
54308,0.05846278
54408,0.109129064
54608,0.026190128
55008,0.08899423
55208,0.39452234
55408,0.23207241
55508,0.24134746
55608,0.07354688
56208,0.08363348
56508,0.055955987
56708,0.058806993
56808,0.11517179
57008,0.13784477
57108,0.19381699
57208,0.07781423
57308,0.0520778
57508,0.085446335
57908,0.11152901
58008,0.10741629
58208,0.51839435
58308,0.16220081
58508,0.17048506
58908,0.20040596
59108,0.16323008
59208,0.117845066
59508,0.3450857
59608,0.14122136
59808,0.1109294
59908,0.12213456
60408,0.4032502
60508,0.08879197
60808,0.07402439
61108,0.40343302
61308,0.19865952
61408,0.13345723
61708,0.11675511
62108,0.08528429
62408,0.07709371
62708,0.039555285
62808,0.12399214
63508,0.11512528
63608,0.08117108
63708,0.08842509
63808,0.08345792
63908,0.0949017
64308,0.09730007
64408,0.076501556
9,0.04040966
109,0.024432335
409,0.022246083
609,0.10016098
709,0.10933929
1009,0.0117666
1209,0.033512272
1709,0.061749645
2209,0.015487064
2709,0.0035254748
2809,0.03684681
2909,0.048764635
3009,0.07470345
3109,0.026341584
3209,0.04493808
3309,0.04656614
3409,0.009417455
3709,0.010622965
4009,0.051496554
4109,0.0014660057
4209,0.027516095
4409,0.17914176
4709,0.09261299
4809,0.021940162
4909,0.26307628
5109,0.031666584
5209,0.12443165
5709,0.07222101
5909,0.11347055
6209,0.07909865
6309,0.15345131
6509,0.14421786
6609,0.17121933
6809,0.068925135
6909,0.0019318977
7009,0.055584148
7209,0.0039620656
7409,0.04735
7509,0.023088222
7709,0.021035872
7909,0.018415906
8109,0.04776571
8209,0.016369285
8309,0.027449341
8409,0.015955498
8509,0.0301517
8609,0.023105584
8709,0.05521072
8909,0.031607915
9009,0.032465607
9209,0.02496833
9509,0.048575502
9809,0.08274532
9909,0.066461585
10109,0.012152072
10409,0.055448424
10509,0.10706912
10609,0.16901186
10709,0.21092583
10909,0.2240553
11209,0.016728114
11309,0.04340529
11709,0.017026631
11909,0.067124255
12109,0.03591844
12409,0.14825222
12709,0.16786245
12909,0.08433973
13009,0.32166135
13409,0.13840911
13509,0.05954689
13609,0.044445857
13709,0.032147083
13909,0.099401705
14309,0.063639656
14409,0.15817127
15409,0.13628569
15609,0.16304848
15709,0.09650992
15809,0.03250673
15909,0.013105835
16109,0.032654382
16209,0.12701382
16309,0.022484675
16409,0.02228925
16509,0.009387272
16609,0.032694478
17009,0.07879264
17109,0.019034592
17209,0.021028131
17309,0.026784787
17409,0.022594782
17609,0.035581455
17709,0.019728536
17909,0.0535882
18009,0.037253696
18109,0.003448982
18209,0.003859781
18409,0.0025589445
18509,0.027781203
18709,0.0037563094
18809,0.024445938
19109,0.04900886
19509,0.023297176
19609,0.0035030055
19709,0.010908069
19809,0.0032195307
20709,0.019063262
20809,0.09507335
20909,0.04135255
21109,0.15511641
21209,0.032517053
21409,0.22287029
21809,0.09608399
22009,0.024798483
22309,0.22640361
22409,0.13636467
22509,0.13452095
22609,0.14371097
22909,0.0010539374
23009,0.0016788251
23209,0.05217541
23309,0.034733713
23609,0.034071334
23709,0.027556682
23809,0.04463926
23909,0.017486677
24109,0.018914802
24209,0.0433491
24409,0.03691846
24509,0.028008752
24609,0.014114806
24709,0.021704944
25309,0.03720823
25409,0.040426318
25809,0.29220483
26009,0.15071918
26109,0.074731104
26209,0.01148851
26309,0.056078937
26409,0.3367655
26609,0.25248367
26709,0.16875614
26809,0.049628135
26909,0.03733417
27009,0.021122996
27309,0.0694943
27409,0.049115494
27509,0.04325975
27909,0.06820185
28009,0.02184905
28109,0.20413269
28309,0.24322852
28409,0.15214199
29009,0.18948944
29109,0.1462958
29309,0.13708462
29609,0.02816911
29709,0.19651656
29809,0.12515952
29909,0.059396613
30009,0.11802007
30109,0.17753054
30309,0.019039026
30409,0.031394023
30709,0.13950273
30809,0.12069923
31109,0.18977574
31209,0.039882276
31609,0.027308507
31709,0.13986157
31809,0.092047244
31909,0.104105175
32009,0.0244901
32109,0.03134143
32809,0.04321682
33009,0.018648935
33109,0.020953594
33509,0.04094885
33709,0.04816611
33809,0.04186661
33909,0.0005998754
34009,0.006555252
34209,0.008460333
34309,0.04083761
34409,0.0057492866
34509,0.003584665
34609,0.021368453
34809,0.0013549183
35009,0.018227031
35209,0.028711261
35309,0.18852618
35509,0.025760138
35609,0.027609717
35709,0.025147231
35909,0.051953167
36009,0.07815828
36109,0.034334015
36609,0.12671384
37209,0.09544957
37409,0.13733704
37509,0.03905059
37609,0.41754147
37709,0.11028449
38109,0.08479357
38209,0.09925848
38309,0.10878395
38409,0.12755738
38609,0.048738863
38809,0.07369574
39109,0.03844397
39209,0.0012938476
39309,0.032045525
39409,0.05080604
39609,0.06985694
39709,0.03340755
39909,0.016372785
40009,0.015521394
40209,0.023458073
40509,0.023372913
40609,0.046291977
41809,0.11621933
42009,0.084013134
42709,0.061212912
42909,0.15337758
43609,0.1181122
44209,0.041345075
44509,0.015036428
44709,0.14343396
44909,0.17924303
45209,0.079242304
45309,0.1875747
45509,0.05696457
45609,0.060465652
46109,0.08701987
46309,0.12483756
46509,0.14554738
46909,0.019138122
47009,0.024777368
47109,0.24051996
47209,0.07369789
47309,0.14180066
47609,0.062377196
47709,0.058206063
47809,0.080510505
47909,0.024560902
48209,0.05041234
48609,0.025669605
48709,0.016666314
49109,0.08103154
49209,0.04853632
49609,0.011885472
49709,0.06794731
49909,0.016244188
50109,0.044137795
50309,0.0052758725
50409,0.003864437
50609,0.076533966
50809,0.011894368
50909,0.005372489
51009,0.027666168
51209,0.016822997
51609,0.021426318
51809,0.022238242
52009,0.005239691
52109,0.035596967
52509,0.025793003
52609,0.27963546
52709,0.16239204
53209,0.08685977
53309,0.07157005
53409,0.07214842
53609,0.040799595
53909,0.3742927
54109,0.17175628
54209,0.17933631
54309,0.07850996
54409,0.09746157
54609,0.13143162
55009,0.061218496
55209,0.20067768
55409,0.027175246
55509,0.19766298
55609,0.026062118
56209,0.030800946
56509,0.020584475
56709,0.028685972
56809,0.053870995
57009,0.076018766
57109,0.033098444
57209,0.014001066
57309,0.008038209
57509,0.076129384
57909,0.053208776
58009,0.023172248
58209,0.18103102
58309,0.027564775
58509,0.09228111
58909,0.1413409
59109,0.21352652
59209,0.070672445
59509,0.13410245
59609,0.1720567
59809,0.045242775
59909,0.04121324
60409,0.23132731
60509,0.014848141
60809,0.08056508
61109,0.17455435
61309,0.19877577
61409,0.23617712
61709,0.08748227
62109,0.10167122
62409,0.1794595
62709,0.03596491
62809,0.037302647
63509,0.15090258
63609,0.031147966
63709,0.0636132
63809,0.06514098
63909,0.022000741
64309,0.05389106
64409,0.03467254
10,0.16318128
110,0.2272383
410,0.7562084
610,0.21813636
710,0.0984305
1010,0.3007879
1210,0.6545938
1710,0.07044891
2210,0.74396104
2710,0.027603973
2810,0.5937235
2910,0.36420736
3010,0.26464432
3110,0.4690718
3210,0.5843401
3310,0.67985445
3410,0.7745387
3710,0.5941346
4010,0.37879175
4110,1.7065371e-05
4210,0.29234233
4410,0.4065435
4710,0.25923622
4810,0.17270678
4910,0.18081589
5110,0.2536285
5210,0.15231133
5710,0.10449382
5910,0.08981543
6210,0.11147139
6310,0.07012714
6510,0.06623121
6610,0.06401118
6810,0.29377356
6910,0.04932131
7010,0.31928656
7210,0.5205965
7410,0.3479626
7510,0.40183482
7710,0.47134128
7910,0.2901337
8110,0.1390268
8210,0.32871124
8310,0.2702725
8410,0.21343578
8510,0.24925141
8610,0.15476039
8710,0.19872579
8910,0.122262724
9010,0.16776922
9210,0.098531775
9510,0.51156616
9810,0.20835988
9910,0.2909502
10110,0.7471972
10410,0.05112992
10510,0.049471848
10610,0.043111015
10710,0.058537498
10910,0.06186096
11210,0.19625863
11310,0.76164836
11710,0.7903485
11910,0.08984083
12110,0.4190414
12410,0.17365861
12710,0.15329745
12910,0.36580962
13010,0.16431169
13410,0.06478896
13510,0.10329907
13610,0.08981146
13710,0.13542013
13910,0.13298611
14310,0.16942562
14410,0.7756124
15410,0.6304553
15610,0.085584775
15710,0.3938655
15810,0.3029574
15910,0.23835489
16110,0.5890622
16210,0.095904715
16310,0.41009757
16410,0.14807488
16510,0.4961328
16610,0.45847428
17010,0.059618875
17110,0.29566655
17210,0.098826535
17310,0.37763864
17410,0.5744146
17610,0.6577625
17710,0.13348876
17910,0.05264702
18010,0.045311578
18110,0.21448275
18210,0.1590307
18410,0.842832
18510,0.4876577
18710,0.018670736
18810,0.34042475
19110,0.40059042
19510,0.39135692
19610,0.85405844
19710,0.7352275
19810,0.2562897
20710,0.41444334
20810,0.5889701
20910,0.5602381
21110,0.12771134
21210,0.36284623
21410,0.44180787
21810,0.15889564
22010,0.10139562
22310,0.08527616
22410,0.20514674
22510,0.082167685
22610,0.126962
22910,0.04400502
23010,0.73487085
23210,0.2905026
23310,0.36410326
23610,0.097957216
23710,0.49866354
23810,0.58945787
23910,0.21661586
24110,0.25039035
24210,0.23702453
24410,0.21526031
24510,0.43568742
24610,0.18970115
24710,0.13918598
25310,0.6970333
25410,0.4705469
25810,0.5907258
26010,0.7028201
26110,0.17541553
26210,0.23574439
26310,0.07025036
26410,0.09143613
26610,0.030549759
26710,0.22346474
26810,0.5501648
26910,0.3068092
27010,0.09518359
27310,0.22756562
27410,0.32757515
27510,0.67801696
27910,0.47390452
28010,0.3216541
28110,0.54676074
28310,0.06887296
28410,0.056448366
29010,0.32865086
29110,0.10486518
29310,0.043778677
29610,0.4386737
29710,0.5666589
29810,0.20654465
29910,0.048298582
30010,0.15772237
30110,0.6993097
30310,0.15279394
30410,0.17825957
30710,0.7034709
30810,0.28562933
31110,0.7379495
31210,0.24606098
31610,0.1822937
31710,0.68720835
31810,0.36470765
31910,0.16801772
32010,0.11620853
32110,0.094014615
32810,0.27181643
33010,0.21194606
33110,0.45013493
33510,0.26417944
33710,0.105858505
33810,0.06684267
33910,0.6021923
34010,0.38403985
34210,0.51364064
34310,0.16667774
34410,0.084578335
34510,0.71789396
34610,0.36147654
34810,0.8143997
35010,0.41588476
35210,0.13236825
35310,0.26542428
35510,0.44459754
35610,0.47680312
35710,0.7429896
35910,0.69140774
36010,0.38593638
36110,0.12883775
36610,0.78665096
37210,0.036142007
37410,0.17000847
37510,0.3087988
37610,0.4324849
37710,0.14850968
38110,0.087168545
38210,0.067184895
38310,0.060316358
38410,0.18785223
38610,0.15423013
38810,0.2844834
39110,0.151117
39210,0.22415826
39310,0.24035902
39410,0.6628064
39610,0.32326958
39710,0.00038013523
39910,0.20624161
40010,0.43446487
40210,0.27955097
40510,0.34611815
40610,0.3285755
41810,0.72435206
42010,0.29351443
42710,0.33355668
42910,0.055556107
43610,0.5441054
44210,0.5233017
44510,0.5348142
44710,0.19026932
44910,0.109087564
45210,0.2882427
45310,0.12565057
45510,0.32797134
45610,0.07410155
46110,0.25230727
46310,0.13992059
46510,0.8080698
46910,0.15870838
47010,0.10514679
47110,0.7085241
47210,0.324387
47310,0.112457186
47610,0.37712455
47710,0.19295555
47810,0.067911506
47910,0.26452935
48210,0.50544024
48610,0.3731646
48710,0.4169953
49110,0.3054364
49210,0.25321195
49610,0.54638636
49710,0.68096125
49910,0.14207624
50110,0.06498146
50310,0.71364504
50410,0.022642165
50610,0.16056313
50810,0.1943499
50910,0.92688215
51010,0.498814
51210,0.21381201
51610,0.3419387
51810,0.35434157
52010,0.89581156
52110,0.37026855
52510,0.30166355
52610,0.61888784
52710,0.14456177
53210,0.09633131
53310,0.3002368
53410,0.34168297
53610,0.22961625
53910,0.12840083
54110,0.12670405
54210,0.106450856
54310,0.13117339
54410,0.16349387
54610,0.0030564864
55010,0.14868633
55210,0.46246082
55410,0.42363712
55510,0.3398511
55610,0.3478715
56210,0.37542993
56510,0.22608818
56710,0.230035
56810,0.65939635
57010,0.3456459
57110,0.15593348
57210,0.28899482
57310,0.7389699
57510,0.25972366
57910,0.1977131
58010,0.4419322
58210,0.2977872
58310,0.058285806
58510,0.20160787
58910,0.16913411
59110,0.60226256
59210,0.73805016
59510,0.6690822
59610,0.60289556
59810,0.66771054
59910,0.7048631
60410,0.47643664
60510,0.6586895
60810,0.08517591
61110,0.19239594
61310,0.54975766
61410,0.5970616
61710,0.043486305
62110,0.57614166
62410,0.11369601
62710,0.08276419
62810,0.19667394
63510,0.64759827
63610,0.27192667
63710,0.16301537
63810,0.11618214
63910,0.47098583
64310,0.14486659
64410,0.3123136
11,0.099549316
111,0.2785889
411,0.8833972
611,0.029036297
711,0.06692194
1011,0.4252745
1211,0.21663263
1711,0.1082326
2211,0.04013199
2711,0.0016998156
2811,0.06462326
2911,0.057231486
3011,0.054235578
3111,0.06791438
3211,0.046229623
3311,0.099934675
3411,0.04444291
3711,0.028495643
4011,0.030300329
4111,0.00022726363
4211,0.030703286
4411,0.0726588
4711,0.030493947
4811,0.06463885
4911,0.03845075
5111,0.021937922
5211,0.03992186
5711,0.035614606
5911,0.048350357
6211,0.038994215
6311,0.047513373
6511,0.03638012
6611,0.042146105
6811,0.04419284
6911,0.0726189
7011,0.043136213
7211,0.009284833
7411,0.055870093
7511,0.18623848
7711,0.049682695
7911,0.02339429
8111,0.05305122
8211,0.03215185
8311,0.04248342
8411,0.060614955
8511,0.07983145
8611,0.04392057
8711,0.050953552
8911,0.051700886
9011,0.05803352
9211,0.04011339
9511,0.042979397
9811,0.06659881
9911,0.073745675
10111,0.034074277
10411,0.04664343
10511,0.06685766
10611,0.021515178
10711,0.015988996
10911,0.03726159
11211,0.039950866
11311,0.049603615
11711,0.035494797
11911,0.06758428
12111,0.048012797
12411,0.031987946
12711,0.054070164
12911,0.042630836
13011,0.053442284
13411,0.07424569
13511,0.053963687
13611,0.041471057
13711,0.039057627
13911,0.04657884
14311,0.037522253
14411,0.09042165
15411,0.0712433
15611,0.039104257
15711,0.040786456
15811,0.06807936
15911,0.030499896
16111,0.046234116
16211,0.051301066
16311,0.62512213
16411,0.33131462
16511,0.9846258
16611,0.11948595
17011,0.052307647
17111,0.42964578
17211,0.26304308
17311,0.75263596
17411,0.3649033
17611,0.05858667
17711,0.08890772
17911,0.12866738
18011,0.19048159
18111,0.015073597
18211,0.0042567938
18411,0.005979227
18511,0.04038994
18711,0.0025206998
18811,0.07754251
19111,0.06795574
19511,0.09263208
19611,0.01696594
19711,0.042632826
19811,0.004546927
20711,0.047958534
20811,0.08134225
20911,0.08554654
21111,0.040365428
21211,0.061590534
21411,0.06450672
21811,0.036024634
22011,0.041881062
22311,0.03458257
22411,0.044720232
22511,0.048820123
22611,0.057741396
22911,0.08737759
23011,0.021556774
23211,0.09280445
23311,0.06768048
23611,0.04455662
23711,0.04616478
23811,0.04527562
23911,0.06719168
24111,0.050621234
24211,0.044725403
24411,0.008709226
24511,0.035469305
24611,0.02514172
24711,0.032494772
25311,0.06883805
25411,0.037968073
25811,0.09047483
26011,0.10254798
26111,0.06644484
26211,0.070679
26311,0.06445895
26411,0.06085587
26611,0.042194005
26711,0.06254662
26811,0.05243302
26911,0.050703067
27011,0.057884794
27311,0.044943698
27411,0.044692136
27511,0.059795924
27911,0.07287376
28011,0.018985651
28111,0.07896117
28311,0.058240928
28411,0.04717592
29011,0.05851779
29111,0.044509575
29311,0.0429527
29611,0.03109074
29711,0.1104547
29811,0.062839486
29911,0.06683157
30011,0.047068242
30111,0.09205132
30311,0.04491765
30411,0.042337522
30711,0.10645794
30811,0.057308994
31111,0.14520879
31211,0.041426115
31611,0.04258929
31711,0.07898211
31811,0.041218974
31911,0.05248505
32011,0.05093005
32111,0.18915915
32811,0.067145444
33011,0.43074125
33111,0.7308441
33511,0.050771575
33711,0.13170753
33811,0.24705265
33911,0.010568912
34011,0.0067842593
34211,0.007240926
34311,0.0662163
34411,0.0037786919
34511,0.006624462
34611,0.04577179
34811,0.005276984
35011,0.030586971
35211,0.054505024
35311,0.04968374
35511,0.06115537
35611,0.06542834
35711,0.045866817
35911,0.061097883
36011,0.0375625
36111,0.05976833
36611,0.15756924
37211,0.051654734
37411,0.045941196
37511,0.039364193
37611,0.06492574
37711,0.040909644
38111,0.044636894
38211,0.03881437
38311,0.037896074
38411,0.045676444
38611,0.07401467
38811,0.035339568
39111,0.026009517
39211,0.03623827
39311,0.11035918
39411,0.049482286
39611,0.055649437
39711,0.014530989
39911,0.050265472
40011,0.044645496
40211,0.11742578
40511,0.03251851
40611,0.057917435
41811,0.104904346
42011,0.07797918
42711,0.039065868
42911,0.018847136
43611,0.074730664
44211,0.06475094
44511,0.041642837
44711,0.067176744
44911,0.044194657
45211,0.026476242
45311,0.030516634
45511,0.062006086
45611,0.031974956
46111,0.04585354
46311,0.058551367
46511,0.13082832
46911,0.15979497
47011,0.017487446
47111,0.1336387
47211,0.04532927
47311,0.065393895
47611,0.040343937
47711,0.09887042
47811,0.065781154
47911,0.049210712
48211,0.042715162
48611,0.12635297
48711,0.95892435
49111,0.041929528
49211,0.044777088
49611,0.1243113
49711,0.09938668
49911,0.046073973
50111,0.29562232
50311,0.015996458
50411,0.0018652725
50611,0.013748138
50811,0.011236375
50911,0.0134738395
51011,0.037627693
51211,0.00765354
51611,0.0631638
51811,0.04476856
52011,0.013578833
52111,0.027694099
52511,0.03403506
52611,0.09999679
52711,0.08264445
53211,0.03120643
53311,0.05234573
53411,0.051479235
53611,0.069019526
53911,0.062077593
54111,0.04361271
54211,0.038810138
54311,0.03745399
54411,0.046078768
54611,0.016063636
55011,0.07235451
55211,0.09668429
55411,0.032309428
55511,0.07557115
55611,0.1504208
56211,0.03155121
56511,0.036374435
56711,0.04357416
56811,0.05341879
57011,0.056796424
57111,0.065281816
57211,0.046189412
57311,0.03871972
57511,0.09610626
57911,0.035231363
58011,0.06338754
58211,0.088801496
58311,0.030527625
58511,0.07131668
58911,0.05247011
59111,0.093688175
59211,0.05286967
59511,0.080725476
59611,0.08578428
59811,0.059574913
59911,0.06506752
60411,0.09755554
60511,0.03194743
60811,0.04219542
61111,0.04024765
61311,0.10342778
61411,0.086091235
61711,0.032738384
62111,0.08541629
62411,0.039038807
62711,0.035375576
62811,0.061345257
63511,0.093793474
63611,0.041584544
63711,0.06036766
63811,0.04325934
63911,0.055570014
64311,0.07728066
64411,0.048306406
12,0.028270792
112,0.031961136
412,0.08983903
612,0.021288553
712,0.06922658
1012,0.020503504
1212,0.08049516
1712,0.02515178
2212,0.050143827
2712,0.007881537
2812,0.08578005
2912,0.04304732
3012,0.06051573
3112,0.14495745
3212,0.042946294
3312,0.053695593
3412,0.03408499
3712,0.025020182
4012,0.0258095
4112,0.0077649863
4212,0.036542505
4412,0.05234069
4712,0.02779737
4812,0.06459268
4912,0.015850428
5112,0.024725374
5212,0.049381565
5712,0.049741127
5912,0.049488153
6212,0.055330776
6312,0.04643252
6512,0.040103804
6612,0.04361733
6812,0.038957343
6912,0.97004116
7012,0.026072968
7212,0.07328178
7412,0.03016655
7512,0.067926385
7712,0.02761127
7912,0.03931969
8112,0.063661106
8212,0.03703331
8312,0.06034555
8412,0.05850491
8512,0.020025516
8612,0.044431064
8712,0.01995968
8912,0.061644293
9012,0.042106297
9212,0.027876938
9512,0.14038956
9812,0.029225254
9912,0.0343055
10112,0.055771213
10412,0.11509999
10512,0.07488341
10612,0.052645694
10712,0.011705709
10912,0.026133336
11212,0.03453911
11312,0.18001916
11712,0.18893218
11912,0.06427368
12112,0.11525066
12412,0.056651175
12712,0.04837883
12912,0.06373746
13012,0.024143064
13412,0.04700264
13512,0.070132494
13612,0.07350142
13712,0.09079837
13912,0.052847285
14312,0.039997708
14412,0.08088627
15412,0.051863477
15612,0.04176091
15712,0.0706325
15812,0.04475531
15912,0.028803317
16112,0.03989093
16212,0.06145647
16312,0.022190444
16412,0.029847095
16512,0.019476093
16612,0.04178609
17012,0.06829175
17112,0.023978764
17212,0.02537317
17312,0.027431246
17412,0.05054694
17612,0.05291831
17712,0.060453214
17912,0.016200993
18012,0.021857122
18112,0.1250452
18212,0.024871359
18412,0.028101068
18512,0.020157399
18712,0.010497376
18812,0.035401493
19112,0.06559054
19512,0.022170506
19612,0.0747572
19712,0.036558673
19812,0.008797558
20712,0.04883682
20812,0.054898895
20912,0.037860394
21112,0.039701693
21212,0.08819622
21412,0.055854786
21812,0.040139828
22012,0.06959736
22312,0.018775519
22412,0.031919867
22512,0.05229525
22612,0.046440218
22912,0.9838849
23012,0.28834942
23212,0.0406066
23312,0.061419193
23612,0.050071698
23712,0.0659666
23812,0.093754835
23912,0.06187517
24112,0.07071339
24212,0.07124207
24412,0.007853079
24512,0.03412694
24612,0.021830732
24712,0.027227955
25312,0.117891274
25412,0.056290958
25812,0.052518334
26012,0.058363058
26112,0.04302772
26212,0.12539527
26312,0.047088414
26412,0.017481124
26612,0.01735864
26712,0.056350328
26812,0.28941035
26912,0.060160324
27012,0.053712737
27312,0.09715127
27412,0.09898719
27512,0.11155685
27912,0.08805349
28012,0.032340426
28112,0.064782634
28312,0.04044287
28412,0.0663671
29012,0.03863868
29112,0.050642643
29312,0.033509865
29612,0.10965303
29712,0.11251343
29812,0.053423945
29912,0.064807914
30012,0.055321727
30112,0.080374315
30312,0.054983865
30412,0.06143694
30712,0.083992094
30812,0.0612907
31112,0.088909954
31212,0.053123638
31612,0.05667965
31712,0.062356327
31812,0.08487114
31912,0.08317502
32012,0.07352517
32112,0.03553703
32812,0.049093854
33012,0.033647463
33112,0.022317916
33512,0.05725032
33712,0.02085882
33812,0.020221962
33912,0.0816489
34012,0.006164614
34212,0.030385466
34312,0.013930948
34412,0.0059201205
34512,0.021158824
34612,0.024792574
34812,0.03365648
35012,0.02115689
35212,0.13296361
35312,0.04028754
35512,0.02816387
35612,0.031412423
35712,0.03179545
35912,0.071063384
36012,0.090421714
36112,0.099878594
36612,0.069036424
37212,0.024047347
37412,0.045144346
37512,0.045260016
37612,0.054119967
37712,0.050741855
38112,0.037336152
38212,0.03332574
38312,0.046625156
38412,0.040369935
38612,0.06491422
38812,0.049803536
39112,0.025204422
39212,0.95094746
39312,0.6550377
39412,0.05755153
39612,0.03595299
39712,0.0006026404
39912,0.06005282
40012,0.045029525
40212,0.04762709
40512,0.04963948
40612,0.025227467
41812,0.10052422
42012,0.04700082
42712,0.04605943
42912,0.038826883
43612,0.069308035
44212,0.04663826
44512,0.06321012
44712,0.06807265
44912,0.044290718
45212,0.015351785
45312,0.022796797
45512,0.047914833
45612,0.06473869
46112,0.11529321
46312,0.070921116
46512,0.09360722
46912,0.06249801
47012,0.017996682
47112,0.07889278
47212,0.08410517
47312,0.03281435
47612,0.07548348
47712,0.06875543
47812,0.052224964
47912,0.047256507
48212,0.049838193
48612,0.037238147
48712,0.036677606
49112,0.062305946
49212,0.060917135
49612,0.06410565
49712,0.2570288
49912,0.09934918
50112,0.021472596
50312,0.076818325
50412,0.016078023
50612,0.03191936
50812,0.06438802
50912,0.032210678
51012,0.026704
51212,0.009305325
51612,0.5998077
51812,0.045013238
52012,0.048226345
52112,0.029000424
52512,0.06983554
52612,0.062360443
52712,0.13424191
53212,0.04071751
53312,0.05630668
53412,0.057107486
53612,0.08810344
53912,0.028281007
54112,0.05338639
54212,0.040268987
54312,0.050853092
54412,0.07947042
54612,0.03142641
55012,0.07841077
55212,0.09212147
55412,0.16435766
55512,0.05948556
55612,0.03763073
56212,0.04030269
56512,0.05480099
56712,0.023811331
56812,0.043423787
57012,0.03846837
57112,0.033745512
57212,0.05562898
57312,0.17919847
57512,0.03560752
57912,0.07450491
58012,0.04825496
58212,0.05115773
58312,0.015029742
58512,0.049211856
58912,0.039168973
59112,0.06914532
59212,0.09624851
59512,0.0845962
59612,0.08382177
59812,0.08227046
59912,0.051660765
60412,0.077176996
60512,0.03535675
60812,0.036688503
61112,0.056484662
61312,0.06366772
61412,0.073800385
61712,0.05150896
62112,0.0811466
62412,0.033517495
62712,0.04348217
62812,0.06454605
63512,0.06571953
63612,0.07139729
63712,0.0604255
63812,0.045991268
63912,0.034165975
64312,0.06760263
64412,0.074935645
13,0.06881442
113,0.06435323
413,0.0074577704
613,0.040999938
713,0.037747573
1013,0.028282925
1213,0.027439129
1713,0.04727618
2213,0.049637888
2713,0.000113013164
2813,0.08444966
2913,0.06341782
3013,0.04535161
3113,0.027709225
3213,0.057680804
3313,0.062307898
3413,0.019095438
3713,0.013435837
4013,0.04379096
4113,3.908226e-06
4213,0.044560328
4413,0.07252749
4713,0.057100456
4813,0.02901881
4913,0.06883552
5113,0.013994583
5213,0.034439374
5713,0.03306193
5913,0.056632742
6213,0.030382473
6313,0.038698014
6513,0.048853662
6613,0.037800893
6813,0.04504483
6913,0.0022437896
7013,0.0135471085
7213,0.0035158575
7413,0.03209674
7513,0.03050784
7713,0.026026133
7913,0.018721836
8113,0.044568542
8213,0.011684828
8313,0.047952108
8413,0.04347489
8513,0.04397264
8613,0.048078995
8713,0.04496545
8913,0.052800402
9013,0.044547983
9213,0.025085771
9513,0.05441357
9813,0.068824835
9913,0.08836613
10113,0.03051743
10413,0.03953781
10513,0.019209972
10613,0.07857479
10713,0.048164923
10913,0.031938363
11213,0.035166536
11313,0.023452418
11713,0.021204565
11913,0.041576058
12113,0.08859164
12413,0.0709139
12713,0.036381524
12913,0.064115584
13013,0.076044895
13413,0.041202694
13513,0.043692444
13613,0.02996382
13713,0.02368801
13913,0.043800574
14313,0.04558065
14413,0.069483206
15413,0.1102531
15613,0.02920843
15713,0.07376381
15813,0.04725707
15913,0.0057848543
16113,0.055435147
16213,0.038600072
16313,0.04647296
16413,0.045008685
16513,0.0011834534
16613,0.04503409
17013,0.03787501
17113,0.037716597
17213,0.04747901
17313,0.01900632
17413,0.04524337
17613,0.06558907
17713,0.05960338
17913,0.026979376
18013,0.033537824
18113,0.0017851717
18213,0.000570496
18413,0.0028888618
18513,0.037758883
18713,0.00031155747
18813,0.05948719
19113,0.11074834
19513,0.059172418
19613,0.0028405783
19713,0.04117212
19813,0.0010190441
20713,0.042786196
20813,0.09974268
20913,0.03016915
21113,0.03546116
21213,0.040329386
21413,0.064999804
21813,0.045491837
22013,0.03731219
22313,0.053627554
22413,0.046057623
22513,0.032178003
22613,0.03348554
22913,0.00416867
23013,0.0018177602
23213,0.021707207
23313,0.032383107
23613,0.029505929
23713,0.059176534
23813,0.047364272
23913,0.052644916
24113,0.046857633
24213,0.0492384
24413,0.0058175097
24513,0.035501964
24613,0.0022472828
24713,0.026683459
25313,0.047920845
25413,0.061392568
25813,0.08250741
26013,0.10942101
26113,0.03606176
26213,0.021117244
26313,0.02360117
26413,0.091990404
26613,0.033922512
26713,0.043247994
26813,0.0153692
26913,0.026772492
27013,0.040071316
27313,0.04174641
27413,0.03910639
27513,0.02858644
27913,0.032654744
28013,0.010368121
28113,0.07799465
28313,0.050445482
28413,0.024010122
29013,0.06976095
29113,0.03467793
29313,0.036265217
29613,0.03794336
29713,0.09286247
29813,0.058987543
29913,0.033633746
30013,0.03315089
30113,0.09275537
30313,0.02520205
30413,0.032001484
30713,0.08341059
30813,0.06405167
31113,0.09245585
31213,0.042250555
31613,0.031304933
31713,0.09958084
31813,0.044358306
31913,0.036010634
32013,0.03942999
32113,0.05886048
32813,0.041080188
33013,0.03040442
33113,0.033503223
33513,0.042979825
33713,0.046303622
33813,0.029911464
33913,0.00023606085
34013,0.0027058297
34213,0.0024739464
34313,0.0505772
34413,0.000834445
34513,0.0025202667
34613,0.05294594
34813,0.0008406373
35013,0.017602045
35213,0.015701683
35313,0.05606888
35513,0.06100092
35613,0.04834922
35713,0.07034983
35913,0.07765234
36013,0.056356918
36113,0.026774464
36613,0.11517825
37213,0.013377874
37413,0.04242469
37513,0.04407047
37613,0.06774927
37713,0.03447898
38113,0.025431495
38213,0.036690917
38313,0.031746432
38413,0.042988468
38613,0.04268515
38813,0.06673213
39113,0.008835047
39213,0.0034009598
39313,0.02952352
39413,0.049749635
39613,0.051693037
39713,0.0006183161
39913,0.035999987
40013,0.03522633
40213,0.06717485
40513,0.032899797
40613,0.043093346
41813,0.10254373
42013,0.07540181
42713,0.04724718
42913,0.055642914
43613,0.12360383
44213,0.089995615
44513,0.042741887
44713,0.034557905
44913,0.04471533
45213,0.0366458
45313,0.051070586
45513,0.058173742
45613,0.029149212
46113,0.06652752
46313,0.035382118
46513,0.09366088
46913,0.04283791
47013,0.004828198
47113,0.08487464
47213,0.048897803
47313,0.04036825
47613,0.064500675
47713,0.03424292
47813,0.0352094
47913,0.039251015
48213,0.067907125
48613,0.05352154
48713,0.0049461364
49113,0.08995067
49213,0.037146762
49613,0.033751935
49713,0.03620995
49913,0.021060392
50113,0.03015246
50313,0.0030454232
50413,0.0003093583
50613,0.0066146133
50813,0.0026945425
50913,0.010570376
51013,0.03652214
51213,0.0017630085
51613,0.017098855
51813,0.057483763
52013,0.011007925
52113,0.029353976
52513,0.03386189
52613,0.08888638
52713,0.06986572
53213,0.049551275
53313,0.051433224
53413,0.04761081
53613,0.03639349
53913,0.026490051
54113,0.040780175
54213,0.03808359
54313,0.043338064
54413,0.03670501
54613,0.05055242
55013,0.03427228
55213,0.046052746
55413,0.01915868
55513,0.061847545
55613,0.018022917
56213,0.05001247
56513,0.03299382
56713,0.019166794
56813,0.040926237
57013,0.071692966
57113,0.047407117
57213,0.04721963
57313,0.0093452055
57513,0.10221936
57913,0.044350967
58013,0.07163656
58213,0.057294015
58313,0.0039329235
58513,0.099816635
58913,0.03421483
59113,0.07555835
59213,0.051190794
59513,0.030536665
59613,0.08659522
59813,0.051460735
59913,0.038074933
60413,0.06718157
60513,0.02329603
60813,0.039863545
61113,0.024698384
61313,0.07174458
61413,0.09235596
61713,0.05161416
62113,0.11823388
62413,0.039564967
62713,0.0214
62813,0.04416199
63513,0.12086631
63613,0.03889483
63713,0.034666594
63813,0.03915586
63913,0.029573876
64313,0.042137433
64413,0.033266373
14,0.20528549
114,0.060489826
414,0.008649817
614,0.056323312
714,0.036232285
1014,0.021133026
1214,0.02696976
1714,0.20039892
2214,0.041364376
2714,0.0023012697
2814,0.04544475
2914,0.09277675
3014,0.059582293
3114,0.023213953
3214,0.045921825
3314,0.05841099
3414,0.011046738
3714,0.016017683
4014,0.07125002
4114,0.04828678
4214,0.056109253
4414,0.13154298
4714,0.095877446
4814,0.028571704
4914,0.09693764
5114,0.06857412
5214,0.04811718
5714,0.026119845
5914,0.04013162
6214,0.03438804
6314,0.02830234
6514,0.03220074
6614,0.04545983
6814,0.047191337
6914,0.01257486
7014,0.059441593
7214,0.007806299
7414,0.060682513
7514,0.040253643
7714,0.035164606
7914,0.037289783
8114,0.091225125
8214,0.019828824
8314,0.073766544
8414,0.05744829
8514,0.054917082
8614,0.076948926
8714,0.19231807
8914,0.14418261
9014,0.09324762
9214,0.027070882
9514,0.05667154
9814,0.16161764
9914,0.18107438
10114,0.016761934
10414,0.046278354
10514,0.023460412
10614,0.11170757
10714,0.04983986
10914,0.055367872
11214,0.047069892
11314,0.06222328
11714,0.026763236
11914,0.022608561
12114,0.07153691
12414,0.066242635
12714,0.057028353
12914,0.050703045
13014,0.1143135
13414,0.028813323
13514,0.058533452
13614,0.031143587
13714,0.033120472
13914,0.059009887
14314,0.034862522
14414,0.15410839
15414,0.12113513
15614,0.03611719
15714,0.06296735
15814,0.07317226
15914,0.017809486
16114,0.046217915
16214,0.0421528
16314,0.021781377
16414,0.059088066
16514,0.0017321426
16614,0.04697065
17014,0.027893228
17114,0.030761246
17214,0.056691326
17314,0.013490384
17414,0.040494602
17614,0.048731863
17714,0.04484722
17914,0.13711913
18014,0.15486361
18114,0.0034389906
18214,0.0036681355
18414,0.0056876056
18514,0.087532684
18714,0.002384329
18814,0.0653912
19114,0.06146591
19514,0.07152411
19614,0.0036811277
19714,0.018758757
19814,0.004219411
20714,0.033808183
20814,0.12233908
20914,0.06434636
21114,0.0558326
21214,0.035818547
21414,0.2208805
21814,0.05424416
22014,0.060465366
22314,0.05327949
22414,0.05092733
22514,0.03421106
22614,0.035468336
22914,0.020239636
23014,0.004370093
23214,0.06288794
23314,0.055048246
23614,0.06525957
23714,0.057888433
23814,0.09987165
23914,0.05920223
24114,0.05822401
24214,0.07938548
24414,0.06298058
24514,0.037045956
24614,0.022231089
24714,0.042939063
25314,0.056769572
25414,0.058814116
25814,0.35875133
26014,0.20250669
26114,0.10208632
26214,0.022330984
26314,0.04165033
26414,0.07464965
26614,0.026951855
26714,0.10082915
26814,0.07851256
26914,0.055868305
27014,0.039775673
27314,0.06723011
27414,0.056152333
27514,0.043965355
27914,0.09662508
28014,0.04384018
28114,0.18971449
28314,0.03917196
28414,0.02077336
29014,0.1328085
29114,0.03187522
29314,0.019550992
29614,0.062540375
29714,0.23253897
29814,0.05484408
29914,0.019143151
30014,0.044801466
30114,0.1561322
30314,0.032338504
30414,0.03416756
30714,0.17493024
30814,0.104816
31114,0.26438892
31214,0.03567331
31614,0.055266235
31714,0.15856436
31814,0.0873299
31914,0.044659965
32014,0.022438278
32114,0.13600487
32814,0.072745726
33014,0.04125092
33114,0.022608893
33514,0.06450089
33714,0.11905308
33814,0.09835852
33914,0.0011465946
34014,0.0073794075
34214,0.019970644
34314,0.15472034
34414,0.003521301
34514,0.0070662247
34614,0.04413098
34814,0.0035689552
35014,0.030939473
35214,0.042021535
35314,0.14702386
35514,0.057760738
35614,0.050820984
35714,0.06555483
35914,0.062112316
36014,0.07362339
36114,0.029050242
36614,0.17644775
37214,0.22366762
37414,0.050893176
37514,0.057705913
37614,0.30215168
37714,0.048598647
38114,0.022860544
38214,0.022040235
38314,0.023835432
38414,0.046501398
38614,0.04358076
38814,0.05731596
39114,0.034681056
39214,0.0101621905
39314,0.07220058
39414,0.07549939
39614,0.06278342
39714,0.3949406
39914,0.056133125
40014,0.027860949
40214,0.06498516
40514,0.038183462
40614,0.11598515
41814,0.1184345
42014,0.2461039
42714,0.09440639
42914,0.20361422
43614,0.08595761
44214,0.06861339
44514,0.025746295
44714,0.062161334
44914,0.043923106
45214,0.09385975
45314,0.034077596
45514,0.08219037
45614,0.027844291
46114,0.09556936
46314,0.03782372
46514,0.1635798
46914,0.061218467
47014,0.013490105
47114,0.3544949
47214,0.07990989
47314,0.0323109
47614,0.061556548
47714,0.035727173
47814,0.023997955
47914,0.06690917
48214,0.067686446
48614,0.07011438
48714,0.0056630643
49114,0.059312604
49214,0.040243607
49614,0.019838467
49714,0.08435832
49914,0.032801673
50114,0.10100389
50314,0.0067656855
50414,0.0024214701
50614,0.053368952
50814,0.012334768
50914,0.013757872
51014,0.058332156
51214,0.016422978
51614,0.037873358
51814,0.05737937
52014,0.006922571
52114,0.051846392
52514,0.042909585
52614,0.21777092
52714,0.89266056
53214,0.039604694
53314,0.10036639
53414,0.11115604
53614,0.03734558
53914,0.049783897
54114,0.07504924
54214,0.04851559
54314,0.024486518
54414,0.047079016
54614,0.32870728
55014,0.034353666
55214,0.14470968
55414,0.041408535
55514,0.44232148
55614,0.052823517
56214,0.064547956
56514,0.04231736
56714,0.037679937
56814,0.08996355
57014,0.32350975
57114,0.112936005
57214,0.040620737
57314,0.0063838977
57514,0.20477338
57914,0.056353673
58014,0.055792738
58214,0.2528669
58314,0.017057627
58514,0.11804643
58914,0.14904718
59114,0.22576058
59214,0.09338395
59514,0.20491861
59614,0.16368683
59814,0.062301964
59914,0.04705795
60414,0.21274461
60514,0.02396387
60814,0.021483751
61114,0.114882745
61314,0.21713853
61414,0.12055611
61714,0.047242995
62114,0.10238369
62414,0.0435121
62714,0.020028189
62814,0.06137046
63514,0.1500786
63614,0.059481207
63714,0.037712045
63814,0.030147038
63914,0.03402424
64314,0.030297743
64414,0.040894236
15,0.10074758
115,0.054486167
415,0.006482897
615,0.04140543
715,0.037270207
1015,0.02305876
1215,0.06356891
1715,0.067317255
2215,0.03931766
2715,0.0007386093
2815,0.10291537
2915,0.09633236
3015,0.04849856
3115,0.050959308
3215,0.085147
3315,0.06443546
3415,0.036224216
3715,0.053831324
4015,0.057576966
4115,3.6797184e-07
4215,0.10843637
4415,0.12985529
4715,0.10592405
4815,0.045855824
4915,0.10266891
5115,0.09801122
5215,0.03757619
5715,0.02219466
5915,0.052402847
6215,0.028538866
6315,0.038928334
6515,0.020694202
6615,0.024838414
6815,0.031577203
6915,0.0011393075
7015,0.057279415
7215,0.011010407
7415,0.2045139
7515,0.095483914
7715,0.058580525
7915,0.12162102
8115,0.086859256
8215,0.061624363
8315,0.082575604
8415,0.055199448
8515,0.078464314
8615,0.11224229
8715,0.09340693
8915,0.089243874
9015,0.10598801
9215,0.08387593
9515,0.089015305
9815,0.10999537
9915,0.12337747
10115,0.05873434
10415,0.029652445
10515,0.019786844
10615,0.056004576
10715,0.20482723
10915,0.03829919
11215,0.07428006
11315,0.051472455
11715,0.04767845
11915,0.022756768
12115,0.080748126
12415,0.06689872
12715,0.047071505
12915,0.06156629
13015,0.09698237
13415,0.030844124
13515,0.059345312
13615,0.024812233
13715,0.022586038
13915,0.10491231
14315,0.026191553
14415,0.053694114
15415,0.08274271
15615,0.03246319
15715,0.07584795
15815,0.11305907
15915,0.029048104
16115,0.09437135
16215,0.02998248
16315,0.049986854
16415,0.04506234
16515,0.00087274954
16615,0.07060492
17015,0.03133098
17115,0.022411492
17215,0.036202483
17315,0.021333512
17415,0.032606564
17615,0.12856525
17715,0.05494771
17915,0.033717737
18015,0.028317267
18115,0.0077994764
18215,0.0026697572
18415,0.006309403
18515,0.05151185
18715,0.0013888702
18815,0.087934025
19115,0.09880047
19515,0.06336928
19615,0.009994953
19715,0.05067342
19815,0.010104174
20715,0.06524776
20815,0.09152319
20915,0.07441892
21115,0.05046585
21215,0.039197057
21415,0.10674834
21815,0.04809317
22015,0.04600751
22315,0.25409192
22415,0.032691035
22515,0.040301606
22615,0.023712575
22915,0.00060906174
23015,0.0043718796
23215,0.16382411
23315,0.17642301
23615,0.095993556
23715,0.09269908
23815,0.09310841
23915,0.072670296
24115,0.062395845
24215,0.07422651
24415,0.015059553
24515,0.10152408
24615,0.011002806
24715,0.111455135
25315,0.065184474
25415,0.10404233
25815,0.07081513
26015,0.092493184
26115,0.08562047
26215,0.04868135
26315,0.057888146
26415,0.040335644
26615,0.019895446
26715,0.05735847
26815,0.059108153
26915,0.07516983
27015,0.076383986
27315,0.07130856
27415,0.058560107
27515,0.12135798
27915,0.084687464
28015,0.062410075
28115,0.0762039
28315,0.04135722
28415,0.017261736
29015,0.06272794
29115,0.030324396
29315,0.020286076
29615,0.09919755
29715,0.09876357
29815,0.039706632
29915,0.021352489
30015,0.030217614
30115,0.08349913
30315,0.040471423
30415,0.03315839
30715,0.09271891
30815,0.13825808
31115,0.10113766
31215,0.034089595
31615,0.07166644
31715,0.09367536
31815,0.06668344
31915,0.04197707
32015,0.021267708
32115,0.04209142
32815,0.06204207
33015,0.02751576
33115,0.017277291
33515,0.06171118
33715,0.050942052
33815,0.023380369
33915,0.0012279587
34015,0.008075236
34215,0.004898153
34315,0.04532322
34415,0.0035992772
34515,0.008524779
34615,0.09217354
34815,0.002363759
35015,0.06772909
35215,0.06531325
35315,0.08933105
35515,0.08979795
35615,0.080383316
35715,0.051805325
35915,0.09961602
36015,0.08110009
36115,0.026714668
36615,0.08737085
37215,0.059730545
37415,0.053202048
37515,0.056731105
37615,0.07139238
37715,0.035182197
38115,0.022003394
38215,0.021581922
38315,0.020455195
38415,0.03823534
38615,0.04834717
38815,0.081151344
39115,0.034416743
39215,0.0016241064
39315,0.06202026
39415,0.096368335
39615,0.15333673
39715,0.0005508778
39915,0.050298687
40015,0.065986924
40215,0.078905925
40515,0.11576101
40615,0.075355135
41815,0.113177
42015,0.08046746
42715,0.07154831
42915,0.06815449
43615,0.0822583
44215,0.08505967
44515,0.09347621
44715,0.049922097
44915,0.037792835
45215,0.14568941
45315,0.099891044
45515,0.060476862
45615,0.02692906
46115,0.0614458
46315,0.035866592
46515,0.06672737
46915,0.04794437
47015,0.042007696
47115,0.08969667
47215,0.07336529
47315,0.024954984
47615,0.074883915
47715,0.04682981
47815,0.023615323
47915,0.105497144
48215,0.0780701
48615,0.09352351
48715,0.0046294527
49115,0.06633961
49215,0.038212944
49615,0.04111191
49715,0.10476873
49915,0.030226747
50115,0.02840154
50315,0.012167171
50415,0.0011293462
50615,0.010249515
50815,0.0144137135
50915,0.008537969
51015,0.07262989
51215,0.0032839412
51615,0.040537395
51815,0.096898764
52015,0.01457079
52115,0.08266991
52515,0.05660142
52615,0.08567038
52715,0.013364393
53215,0.054034837
53315,0.11497855
53415,0.1957988
53615,0.05452125
53915,0.027326897
54115,0.042801544
54215,0.029097663
54315,0.02302158
54415,0.03121474
54615,0.015059553
55015,0.039303053
55215,0.1129101
55415,0.110456996
55515,0.1006312
55615,0.09904176
56215,0.11571188
56515,0.05058628
56715,0.04936347
56815,0.073463015
57015,0.06471184
57115,0.08625567
57215,0.060215063
57315,0.02577021
57515,0.07557605
57915,0.041039966
58015,0.11505782
58215,0.13229825
58315,0.033841718
58515,0.13543023
58915,0.121627666
59115,0.088522844
59215,0.06323591
59515,0.08626217
59615,0.08929137
59815,0.097771585
59915,0.074752964
60415,0.12398073
60515,0.07797472
60815,0.021110171
61115,0.060975328
61315,0.07985806
61415,0.08997161
61715,0.04500257
62115,0.07256025
62415,0.04699
62715,0.01996154
62815,0.06568385
63515,0.09503976
63615,0.042708516
63715,0.041972727
63815,0.028335981
63915,0.070701875
64315,0.029253446
64415,0.02957482
16,0.02522315
116,0.02446492
416,0.04141488
616,0.0426833
716,0.058992
1016,0.020398656
1216,0.042855334
1716,0.025892902
2216,0.014290904
2716,0.00070613145
2816,0.03815005
2916,0.03663072
3016,0.040838856
3116,0.05853696
3216,0.04548576
3316,0.046046037
3416,0.01164637
3716,0.014179009
4016,0.055664852
4116,2.0799742e-05
4216,0.054148775
4416,0.070979886
4716,0.064114735
4816,0.027705025
4916,0.054891534
5116,0.032844454
5216,0.035627004
5716,0.031447876
5916,0.032087304
6216,0.039767474
6316,0.04516132
6516,0.020858482
6616,0.030231897
6816,0.033024427
6916,0.015198196
7016,0.024335522
7216,0.005267565
7416,0.049634006
7516,0.03616088
7716,0.016956473
7916,0.030813385
8116,0.066993736
8216,0.028384132
8316,0.048167374
8416,0.024020413
8516,0.025865728
8616,0.03374182
8716,0.02600863
8916,0.04166662
9016,0.04919517
9216,0.054055214
9516,0.0558584
9816,0.04672314
9916,0.048416544
10116,0.018213905
10416,0.056293506
10516,0.058649126
10616,0.02551825
10716,0.05023688
10916,0.04617341
11216,0.038123667
11316,0.04879956
11716,0.033317126
11916,0.02739458
12116,0.04054128
12416,0.02996347
12716,0.04611271
12916,0.04456228
13016,0.05533734
13416,0.03860981
13516,0.038190573
13616,0.02944549
13716,0.031598017
13916,0.061093003
14316,0.02729603
14416,0.10052417
15416,0.06968094
15616,0.03736829
15716,0.03821026
15816,0.043410685
15916,0.011474251
16116,0.044708077
16216,0.04996525
16316,0.039118107
16416,0.022975191
16516,0.0055321227
16616,0.049268242
17016,0.05290543
17116,0.015047485
17216,0.021474957
17316,0.030760169
17416,0.028161088
17616,0.050943177
17716,0.026017325
17916,0.011571758
18016,0.013496314
18116,0.0047472464
18216,0.0019086708
18416,0.0032403262
18516,0.010759753
18716,0.00055533974
18816,0.026670136
19116,0.049012978
19516,0.02199737
19616,0.008561133
19716,0.01811222
19816,0.0024480517
20716,0.032122012
20816,0.07700245
20916,0.04417992
21116,0.051282212
21216,0.04199174
21416,0.07625212
21816,0.05369768
22016,0.026541425
22316,0.07566173
22416,0.028093759
22516,0.052774567
22616,0.033839073
22916,0.009133562
23016,0.0059769126
23216,0.05127775
23316,0.0554959
23616,0.06467143
23716,0.05038107
23816,0.052127346
23916,0.03769498
24116,0.03445123
24216,0.06501727
24416,0.006647165
24516,0.026967028
24616,0.0073534073
24716,0.037309412
25316,0.048143417
25416,0.06503854
25816,0.07532263
26016,0.1062448
26116,0.047993593
26216,0.02241141
26316,0.061009426
26416,0.028182896
26616,0.024118628
26716,0.054761104
26816,0.10211226
26916,0.03640766
27016,0.055750776
27316,0.04931139
27416,0.05557384
27516,0.08706588
27916,0.07408921
28016,0.01697571
28116,0.06505571
28316,0.03676579
28416,0.029391916
29016,0.044983745
29116,0.03648608
29316,0.031745452
29616,0.05910895
29716,0.07589167
29816,0.039149836
29916,0.026288813
30016,0.040439516
30116,0.094611004
30316,0.025123551
30416,0.03484726
30716,0.10072046
30816,0.06444603
31116,0.1258196
31216,0.030388677
31616,0.038879193
31716,0.08845323
31816,0.05466523
31916,0.055128828
32016,0.017533885
32116,0.023810541
32816,0.052867632
33016,0.017720282
33116,0.018599667
33516,0.056976236
33716,0.018921535
33816,0.01037437
33916,0.001991898
34016,0.003042007
34216,0.00406767
34316,0.020012414
34416,0.0013545285
34516,0.0036721134
34616,0.020285143
34816,0.0019479134
35016,0.017588703
35216,0.037183657
35316,0.06817995
35516,0.027777674
35616,0.023792678
35716,0.020420063
35916,0.05532883
36016,0.05080446
36116,0.0336177
36616,0.11721949
37216,0.022107959
37416,0.047076683
37516,0.061968908
37616,0.066366136
37716,0.045845263
38116,0.037013657
38216,0.025455149
38316,0.027820665
38416,0.045742843
38616,0.032874357
38816,0.0310458
39116,0.021044305
39216,0.010225949
39316,0.108641766
39416,0.058335796
39616,0.09059417
39716,7.915925e-05
39916,0.026782695
40016,0.030468976
40216,0.029222732
40516,0.03619567
40616,0.030636685
41816,0.09249993
42016,0.037097733
42716,0.0687274
42916,0.022126453
43616,0.05983368
44216,0.0462646
44516,0.030696526
44716,0.06507156
44916,0.033163775
45216,0.057009924
45316,0.06284423
45516,0.053657446
45616,0.031723134
46116,0.04443617
46316,0.047633883
46516,0.111948036
46916,0.022891304
47016,0.016100502
47116,0.1278654
47216,0.059604295
47316,0.030689413
47616,0.04271719
47716,0.05321484
47816,0.036192708
47916,0.041228037
48216,0.051817063
48616,0.0400299
48716,0.013444966
49116,0.033109725
49216,0.04503753
49616,0.021291208
49716,0.13324308
49916,0.030927576
50116,0.012176402
50316,0.009356169
50416,0.000553265
50616,0.012118592
50816,0.009373753
50916,0.0050284225
51016,0.017002698
51216,0.0032881184
51616,0.055667832
51816,0.035192996
52016,0.008029311
52116,0.041302647
52516,0.053499408
52616,0.11269218
52716,0.045199662
53216,0.032509964
53316,0.08197456
53416,0.06260478
53616,0.037985127
53916,0.030722871
54116,0.036369037
54216,0.029104348
54316,0.02144802
54416,0.037081063
54616,0.010709937
55016,0.035926543
55216,0.07889262
55416,0.073522784
55516,0.05666058
55616,0.032752603
56216,0.062760755
56516,0.038991295
56716,0.019380422
56816,0.036810137
57016,0.03080053
57116,0.033063766
57216,0.031134134
57316,0.021421898
57516,0.036089294
57916,0.037989944
58016,0.03379511
58216,0.07983766
58316,0.010232656
58516,0.054620348
58916,0.084737
59116,0.08648076
59216,0.055814385
59516,0.06376372
59616,0.08061327
59816,0.047639806
59916,0.038939007
60416,0.072833575
60516,0.018994836
60816,0.023417387
61116,0.04059172
61316,0.08161228
61416,0.08574717
61716,0.023959637
62116,0.05572901
62416,0.038797766
62716,0.025613839
62816,0.06935896
63516,0.07341588
63616,0.04573066
63716,0.04892301
63816,0.037324924
63916,0.02202337
64316,0.036534607
64416,0.037299693
17,0.084664024
117,0.03677781
417,0.007937829
617,0.0818163
717,0.0642391
1017,0.02668078
1217,0.044047073
1717,0.07076957
2217,0.024341077
2717,0.014956414
2817,0.06635754
2917,0.06590617
3017,0.067050755
3117,0.056823354
3217,0.11060866
3317,0.048215467
3417,0.030144075
3717,0.07271533
4017,0.1456239
4117,0.00024455207
4217,0.18537492
4417,0.11731958
4717,0.13438194
4817,0.061675433
4917,0.11781559
5117,0.38890865
5217,0.056738455
5717,0.04027712
5917,0.054232154
6217,0.056245405
6317,0.048056524
6517,0.028683549
6617,0.039009348
6817,0.050935313
6917,0.013771283
7017,0.10093196
7217,0.11325973
7417,0.28105548
7517,0.074359864
7717,0.0347521
7917,0.10231462
8117,0.10411379
8217,0.09256388
8317,0.09863626
8417,0.06201184
8517,0.055853292
8617,0.098291375
8717,0.08243606
8917,0.07485734
9017,0.12607403
9217,0.16249901
9517,0.09547212
9817,0.09247052
9917,0.099290505
10117,0.052942187
10417,0.069352835
10517,0.048210386
10617,0.094043545
10717,0.17132542
10917,0.07311482
11217,0.13522372
11317,0.04916571
11717,0.06074036
11917,0.041279
12117,0.070869476
12417,0.06460371
12717,0.0560118
12917,0.071197174
13017,0.12981762
13417,0.047356274
13517,0.06476648
13617,0.046757508
13717,0.054829773
13917,0.07911723
14317,0.045037407
14417,0.06225193
15417,0.10555394
15617,0.042377584
15717,0.06769838
15817,0.0849968
15917,0.030274803
16117,0.14079659
16217,0.05465484
16317,0.051958684
16417,0.035237588
16517,0.0007364519
16617,0.060847886
17017,0.06063517
17117,0.018523501
17217,0.030974254
17317,0.021411603
17417,0.024370272
17617,0.17082585
17717,0.047842458
17917,0.04489063
18017,0.032983568
18117,0.024435883
18217,0.014211259
18417,0.010763246
18517,0.023430618
18717,0.05641741
18817,0.056474164
19117,0.07360025
19517,0.062164556
19617,0.013427154
19717,0.050023235
19817,0.19534224
20717,0.06100465
20817,0.10843667
20917,0.07715679
21117,0.072252296
21217,0.054644953
21417,0.12906814
21817,0.086484514
22017,0.053138066
22317,0.33872968
22417,0.049744517
22517,0.07524013
22617,0.038721066
22917,0.0067660604
23017,0.013770306
23217,0.46635896
23317,0.24237457
23617,0.11662433
23717,0.11397845
23817,0.098894484
23917,0.07882187
24117,0.077363305
24217,0.10518235
24417,0.09864521
24517,0.10012521
24617,0.08176068
24717,0.13203406
25317,0.056580473
25417,0.110175125
25817,0.07785077
26017,0.096248835
26117,0.093007304
26217,0.054858427
26317,0.149319
26417,0.056150958
26617,0.033814795
26717,0.08049407
26817,0.07378747
26917,0.077363305
27017,0.07406992
27317,0.07271753
27417,0.07503603
27517,0.13205111
27917,0.07323589
28017,0.18284921
28117,0.09109226
28317,0.04860316
28417,0.022823151
29017,0.0858404
29117,0.042520978
29317,0.041268695
29617,0.10988844
29717,0.099196754
29817,0.050831113
29917,0.040371664
30017,0.055125
30117,0.0868998
30317,0.074389845
30417,0.06127544
30717,0.09989931
30817,0.1067245
31117,0.11324831
31217,0.048380684
31617,0.057273306
31717,0.085090466
31817,0.08093268
31917,0.061745055
32017,0.030949783
32117,0.0363009
32817,0.07692878
33017,0.03278921
33117,0.01227982
33517,0.08823687
33717,0.04323837
33817,0.0360365
33917,0.004504228
34017,0.03271324
34217,0.018478345
34317,0.03935023
34417,0.03537636
34517,0.01763079
34617,0.07316126
34817,0.0053693983
35017,0.10268489
35217,0.227658
35317,0.13643467
35517,0.07214539
35617,0.0635101
35717,0.06181564
35917,0.08515359
36017,0.09049745
36117,0.05081998
36617,0.10053519
37217,0.60353684
37417,0.07111059
37517,0.089452185
37617,0.1005458
37717,0.060254045
38117,0.04724711
38217,0.033982784
38317,0.039230697
38417,0.06466219
38617,0.061854366
38817,0.067968234
39117,0.100324474
39217,0.008127877
39317,0.1043901
39417,0.12930533
39617,0.15204605
39717,0.021834273
39917,0.059096124
40017,0.067682184
40217,0.062400132
40517,0.09343361
40617,0.07508708
41817,0.073291175
42017,0.054780275
42717,0.13180023
42917,0.11815859
43617,0.08165352
44217,0.09737138
44517,0.09320434
44717,0.06275845
44917,0.043603253
45217,0.29990095
45317,0.1082619
45517,0.07835739
45617,0.047335524
46117,0.067666575
46317,0.049764227
46517,0.06220906
46917,0.0494147
47017,0.19867174
47117,0.123426855
47217,0.09156553
47317,0.0453313
47617,0.07467799
47717,0.07282723
47817,0.044948816
47917,0.06870812
48217,0.097649075
48617,0.06757014
48717,0.0053848373
49117,0.062892616
49217,0.06264584
49617,0.044281196
49717,0.14162192
49917,0.05076345
50117,0.034827027
50317,0.01322134
50417,0.01537971
50617,0.05600325
50817,0.04498224
50917,0.011661929
51017,0.05299542
51217,0.02828299
51617,0.11530945
51817,0.090827115
52017,0.02070214
52117,0.18654896
52517,0.07775086
52617,0.09842089
52717,0.07926983
53217,0.06814077
53317,0.11176228
53417,0.20715632
53617,0.06937007
53917,0.046550475
54117,0.050359625
54217,0.038910437
54317,0.03129395
54417,0.04375941
54617,0.04238224
55017,0.067010134
55217,0.10824581
55417,0.15358752
55517,0.088671945
55617,0.23406476
56217,0.14990251
56517,0.08713317
56717,0.069516055
56817,0.06229807
57017,0.053121775
57117,0.07112346
57217,0.060616013
57317,0.029122131
57517,0.062262796
57917,0.06581181
58017,0.08827592
58217,0.0845159
58317,0.30644453
58517,0.07372779
58917,0.19588834
59117,0.10760369
59217,0.062102754
59517,0.0958169
59617,0.09304591
59817,0.07563433
59917,0.069167286
60417,0.08633048
60517,0.07469133
60817,0.037701502
61117,0.08709094
61317,0.10990289
61417,0.09236645
61717,0.058048967
62117,0.07439824
62417,0.064280055
62717,0.044470135
62817,0.08944287
63517,0.0997265
63617,0.075739704
63717,0.06701427
63817,0.05176258
63917,0.04585225
64317,0.052731287
64417,0.06118233
18,0.035561234
118,0.053184953
418,0.021453151
618,0.1932936
718,0.092528746
1018,0.023103096
1218,0.039428696
1718,0.023443863
2218,0.046538558
2718,0.0003891939
2818,0.22701634
2918,0.09928324
3018,0.2328594
3118,0.12243054
3218,0.3113583
3318,0.18509838
3418,0.034346696
3718,0.045015834
4018,0.31647068
4118,3.2012453e-05
4218,0.24678966
4418,0.14816093
4718,0.2524533
4818,0.13308217
4918,0.18265398
5118,0.14720154
5218,0.14973286
5718,0.10609174
5918,0.06973288
6218,0.14185604
6318,0.13447914
6518,0.070522435
6618,0.062716104
6818,0.21211258
6918,0.01038452
7018,0.053775012
7218,0.01740139
7418,0.15201826
7518,0.08135115
7718,0.032003347
7918,0.04631504
8118,0.09793745
8218,0.049858883
8318,0.163681
8418,0.11074992
8518,0.032258373
8618,0.062008716
8718,0.041921526
8918,0.04538375
9018,0.06074271
9218,0.072840445
9518,0.19597451
9818,0.071626656
9918,0.08465213
10118,0.08581101
10418,0.060647987
10518,0.04442698
10618,0.090123914
10718,0.14050676
10918,0.08073364
11218,0.1115993
11318,0.059050277
11718,0.065471426
11918,0.08911543
12118,0.1659804
12418,0.11276065
12718,0.1343321
12918,0.23802333
13018,0.16593462
13418,0.09343059
13518,0.08462978
13618,0.09637111
13718,0.15731825
13918,0.23271593
14318,0.15336016
14418,0.12035313
15418,0.27388203
15618,0.088592984
15718,0.18360452
15818,0.0713511
15918,0.014081211
16118,0.24978939
16218,0.08883512
16318,0.04285981
16418,0.040921103
16518,0.0043089967
16618,0.1067625
17018,0.10624615
17118,0.02179704
17218,0.023063738
17318,0.01922759
17418,0.06832322
17618,0.24340118
17718,0.07599109
17918,0.014403379
18018,0.013097241
18118,0.0065306844
18218,0.0013792368
18418,0.005955793
18518,0.025087196
18718,0.0014647522
18818,0.09407938
19118,0.23540537
19518,0.03572275
19618,0.006725974
19718,0.07825492
19818,0.008994401
20718,0.17651762
20818,0.33702067
20918,0.07931188
21118,0.118004344
21218,0.22148319
21418,0.16259384
21818,0.20254913
22018,0.10154499
22318,0.16498509
22418,0.15349683
22518,0.14755875
22618,0.11631141
22918,0.02070097
23018,0.003027299
23218,0.16901954
23318,0.24081029
23618,0.11436796
23718,0.2216915
23818,0.12468382
23918,0.09351257
24118,0.11761731
24218,0.21362111
24418,0.019626515
24518,0.10605674
24618,0.008239758
24718,0.0695702
25318,0.11707285
25418,0.2824008
25818,0.07688336
26018,0.17978312
26118,0.048361413
26218,0.12027607
26318,0.08596744
26418,0.08166761
26618,0.04819114
26718,0.18046735
26818,0.046240877
26918,0.055111166
27018,0.05067124
27318,0.1499738
27418,0.17631286
27518,0.14872047
27918,0.09183594
28018,0.06123923
28118,0.1776333
28318,0.14315262
28418,0.054282125
29018,0.1883409
29118,0.095862694
29318,0.088511065
29618,0.19937165
29718,0.2290803
29818,0.14114772
29918,0.0651261
30018,0.14507498
30118,0.16548496
30318,0.16716617
30418,0.17458095
30718,0.19840713
30818,0.10930307
31118,0.1677158
31218,0.17052709
31618,0.10392211
31718,0.18310902
31818,0.17817357
31918,0.14733912
32018,0.124340914
32118,0.032729514
32818,0.11471398
33018,0.033211127
33118,0.021753373
33518,0.2067858
33718,0.025341291
33818,0.0132239275
33918,0.00028587857
34018,0.008967139
34218,0.0060145473
34318,0.01580439
34418,0.002201149
34518,0.0061968896
34618,0.054277647
34818,0.0015431106
35018,0.07410754
35218,0.1750221
35318,0.20069733
35518,0.07391606
35618,0.055550314
35718,0.072872
35918,0.24914841
36018,0.19826406
36118,0.12879303
36618,0.18974146
37218,0.056521956
37418,0.17500533
37518,0.212331
37618,0.08986121
37718,0.11416757
38118,0.11291715
38218,0.08015016
38318,0.10919748
38418,0.15944132
38618,0.09406345
38818,0.15139505
39118,0.05381207
39218,0.016772706
39318,0.13455932
39418,0.18912314
39618,0.24281892
39718,0.00079942396
39918,0.068950154
40018,0.114446744
40218,0.0627939
40518,0.12301167
40618,0.055180904
41818,0.20135956
42018,0.080001086
42718,0.2804085
42918,0.08235592
43618,0.28919932
44218,0.2209789
44518,0.14677697
44718,0.13596652
44918,0.09341216
45218,0.23145112
45318,0.1493969
45518,0.19004099
45618,0.14467756
46118,0.19347288
46318,0.116728805
46518,0.1288972
46918,0.042398233
47018,0.037397195
47118,0.13890688
47218,0.20224334
47318,0.09741575
47618,0.20326798
47718,0.16581888
47818,0.070395336
47918,0.072506845
48218,0.2807571
48618,0.07587614
48718,0.012603021
49118,0.18609354
49218,0.22187896
49618,0.13759512
49718,0.15811099
49918,0.10047687
50118,0.015698254
50318,0.0067018075
50418,0.00087078713
50618,0.017489718
50818,0.011104372
50918,0.015293209
51018,0.045720827
51218,0.006714074
51618,0.1115196
51818,0.1201153
52018,0.021411803
52118,0.23995243
52518,0.20741801
52618,0.13955364
52718,0.08016548
53218,0.10936463
53318,0.25554723
53418,0.257123
53618,0.15332699
53918,0.05984546
54118,0.08763689
54218,0.0874869
54318,0.124346755
54418,0.1378985
54618,0.01659853
55018,0.117631964
55218,0.11710277
55418,0.11236951
55518,0.11656836
55618,0.10215259
56218,0.18724461
56518,0.21785115
56718,0.04181216
56818,0.08485924
57018,0.04258309
57118,0.03971265
57218,0.11974042
57318,0.024095055
57518,0.05534767
57918,0.17195612
58018,0.106338084
58218,0.057401143
58318,0.042769127
58518,0.100260824
58918,0.13908531
59118,0.16642341
59218,0.12516496
59518,0.09481584
59618,0.23039682
59818,0.21671234
59918,0.13533938
60418,0.09533549
60518,0.08168984
60818,0.09231133
61118,0.05873314
61318,0.21200615
61418,0.14600927
61718,0.056238078
62118,0.31873113
62418,0.15128584
62718,0.1514378
62818,0.17822778
63518,0.2612593
63618,0.20064864
63718,0.18139108
63818,0.1344653
63918,0.0439864
64318,0.11632302
64418,0.24710856
