Id,Probability
0,0.06017402
100,0.012791065
400,0.0010909279
600,0.023870884
700,0.03758263
1000,0.021989552
1200,0.002044733
1700,0.30462727
2200,0.08630352
2700,0.0016933065
2800,0.0057432004
2900,0.0074086
3000,0.007287024
3100,0.01558236
3200,0.0165243
3300,0.026550708
3400,0.002438663
3700,0.010647905
4000,0.00517289
4100,0.013098639
4200,0.021850802
4400,0.0029385276
4700,0.009128656
4800,0.008779843
4900,0.008156195
5100,0.012107757
5200,0.14064799
5700,0.017228879
5900,0.012372564
6200,0.06627091
6300,0.034643885
6500,0.027430138
6600,0.03384219
6800,0.019710409
6900,0.014713965
7000,0.0012706305
7200,0.0121277
7400,0.008767236
7500,0.0023349477
7700,0.039217636
7900,0.0026891092
8100,0.030716162
8200,0.03133647
8300,0.013256307
8400,0.035821855
8500,0.03182839
8600,0.046654873
8700,0.02390028
8900,0.033234045
9000,0.020179454
9200,0.059980195
9500,0.007858995
9800,0.04830728
9900,0.042353928
10100,0.006360341
10400,0.046612367
10500,0.025855906
10600,0.012286954
10700,0.0052858666
10900,0.06126599
11200,0.0169235
11300,0.0022463994
11700,0.01106303
11900,0.013628795
12100,0.0024881444
12400,0.0034160714
12700,0.014059851
12900,0.042469036
13000,0.008308458
13400,0.022916159
13500,0.005382372
13600,0.014717
13700,0.20248784
13900,0.007102024
14300,0.036927335
14400,0.002174056
15400,0.008895083
15600,0.03690918
15700,0.0059193918
15800,0.019300092
15900,0.022283755
16100,0.011139817
16200,0.019174183
16300,0.04743263
16400,0.012439968
16500,0.00015767252
16600,0.00881427
17000,0.043841913
17100,0.01838082
17200,0.07922565
17300,0.0023140078
17400,0.0007465754
17600,0.016281284
17700,0.0044115637
17900,0.15422542
18000,0.098299436
18100,0.0028435471
18200,0.0010564353
18400,0.0005280746
18500,0.011763087
18700,0.0053436714
18800,0.0030130164
19100,0.008745388
19500,0.0043479004
19600,0.0015428258
19700,0.001942074
19800,0.008389792
20700,0.008777616
20800,0.00888592
20900,0.005874466
21100,0.014632833
21200,0.005280309
21400,0.22863133
21800,0.06169058
22000,0.014938762
22300,0.003044924
22400,0.021304123
22500,0.05535611
22600,0.016167397
22900,0.00917553
23000,0.0014134849
23200,0.001480961
23300,0.0073886127
23600,0.16799924
23700,0.0053343894
23800,0.0014242452
23900,0.0047341557
24100,0.035106312
24200,0.031974282
24400,0.007070382
24500,0.0083905915
24600,0.004286456
24700,0.0064975023
25300,0.0014786551
25400,0.014292847
25800,0.005581932
26000,0.003564203
26100,0.011766311
26200,0.008962207
26300,0.094729565
26400,0.006647596
26600,0.008795232
26700,0.033765353
26800,0.012435761
26900,0.004569495
27000,0.01340386
27300,0.0014400819
27400,0.0027782554
27500,0.0075568543
27900,0.0071837204
28000,0.012882975
28100,0.005849328
28300,0.030117767
28400,0.096827336
29000,0.017326068
29100,0.06273907
29300,0.009017192
29600,0.009585692
29700,0.007074394
29800,0.0068392544
29900,0.0070049725
30000,0.030655684
30100,0.0061042877
30300,0.011599328
30400,0.018843133
30700,0.008883295
30800,0.0016809856
31100,0.004096698
31200,0.025932925
31600,0.03292625
31700,0.0060368027
31800,0.013364605
31900,0.017785948
32000,0.007112792
32100,0.009485888
32800,0.0051346086
33000,0.016243968
33100,0.0094177285
33500,0.01742979
33700,0.13152376
33800,0.06679755
33900,0.00086843496
34000,0.0048066047
34200,0.00040611823
34300,0.078247264
34400,0.0019151176
34500,0.0048461687
34600,0.010748354
34800,0.00037949003
35000,0.0030063214
35200,0.006032024
35300,0.07530016
35500,0.006500835
35600,0.010246096
35700,0.0028920139
35900,0.0056900964
36000,0.02158605
36100,0.00651396
36600,0.0042310376
37200,0.007170077
37400,0.012027356
37500,0.004626967
37600,0.040221836
37700,0.028508792
38100,0.01591629
38200,0.015929189
38300,0.067709126
38400,0.026176574
38600,0.013680813
38800,0.008676126
39100,0.029166322
39200,0.006776815
39300,0.029096631
39400,0.011708235
39600,0.008380787
39700,0.0021955532
39900,0.009037058
40000,0.004148032
40200,0.014563782
40500,0.004608991
40600,0.12540708
41800,0.0031449394
42000,0.014429687
42700,0.06399951
42900,0.006773174
43600,0.009429788
44200,0.018235553
44500,0.0074602137
44700,0.007827122
44900,0.038912784
45200,0.0031629417
45300,0.010623825
45500,0.013979365
45600,0.0501774
46100,0.0041799606
46300,0.0074684788
46500,0.0013786028
46900,0.0035670057
47000,0.0064848373
47100,0.0007866825
47200,0.015115531
47300,0.012605856
47600,0.006037658
47700,0.030998604
47800,0.008931498
47900,0.117042
48200,0.008264526
48600,0.030385977
48700,0.00025064748
49100,0.0035216599
49200,0.029876132
49600,0.0026313418
49700,0.0023910818
49900,0.0010011243
50100,0.17040591
50300,0.002361338
50400,0.005742215
50600,0.0030694886
50800,0.0064187767
50900,0.001963834
51000,0.031143682
51200,0.0007597002
51600,0.013394885
51800,0.014402703
52000,0.0034987715
52100,0.013539269
52500,0.010044182
52600,0.0018034185
52700,0.13712387
53200,0.0073971506
53300,0.015122949
53400,0.045978103
53600,0.005611395
53900,0.010078333
54100,0.004024296
54200,0.033895478
54300,0.026272835
54400,0.012881883
54600,0.001093713
55000,0.01464449
55200,0.009986741
55400,0.010923817
55500,0.0023659598
55600,0.004508795
56200,0.011093995
56500,0.042548705
56700,0.14374997
56800,0.003783964
57000,0.009807273
57100,0.012988322
57200,0.03371683
57300,0.0029401444
57500,0.034800734
57900,0.020157283
58000,0.029311284
58200,0.007777173
58300,0.02936122
58500,0.010811348
58900,0.005349415
59100,0.0145077845
59200,0.005195664
59500,0.0020925233
59600,0.014541542
59800,0.00570988
59900,0.010686358
60400,0.0016189369
60500,0.0104329
60800,0.016161254
61100,0.0034193185
61300,0.0029682987
61400,0.0037878163
61700,0.00055376836
62100,0.008245972
62400,0.040874895
62700,0.20725144
62800,0.0050568366
63500,0.0077754576
63600,0.043447644
63700,0.03367569
63800,0.052266546
63900,0.007654123
64300,0.008436883
64400,0.006466737
1,0.0030804842
101,0.005376849
401,0.36595306
601,0.016944556
701,0.005342651
1001,0.013891153
1201,0.22705245
1701,0.012958019
2201,0.06480041
2701,0.67346287
2801,0.011451421
2901,0.03242762
3001,0.023501147
3101,0.17511234
3201,0.21584615
3301,0.15973258
3401,0.101714365
3701,0.10208369
4001,0.009519347
4101,0.038339972
4201,0.37864605
4401,0.25623035
4701,0.0074961274
4801,0.025847955
4901,0.01675804
5101,0.5070215
5201,0.014133525
5701,0.088401176
5901,0.0086907605
6201,0.011175054
6301,0.011728425
6501,0.021186376
6601,0.012909912
6801,0.060360193
6901,0.37177178
7001,0.7304015
7201,0.5805107
7401,0.066617
7501,0.09435793
7701,0.087134965
7901,0.546865
8101,0.0131161865
8201,0.29675242
8301,0.01822213
8401,0.08020257
8501,0.026647821
8601,0.33207503
8701,0.026515605
8901,0.05133444
9001,0.04347878
9201,0.10827461
9501,0.03954408
9801,0.02370825
9901,0.030007532
10101,0.07259673
10401,0.015205324
10501,0.008334553
10601,0.014362425
10701,0.0134066
10901,0.029492257
11201,0.041945305
11301,0.65598816
11701,0.53241616
11901,0.0041097724
12101,0.035469223
12401,0.010224764
12701,0.020552631
12901,0.009109818
13001,0.009635328
13401,0.0036189253
13501,0.03242674
13601,0.02378579
13701,0.056450814
13901,0.058422893
14301,0.010336325
14401,0.03401812
15401,0.01390236
15601,0.052799504
15701,0.029963616
15801,0.27249056
15901,0.15501024
16101,0.18021303
16201,0.010961326
16301,0.016428633
16401,0.003805123
16501,0.37358496
16601,0.036959603
17001,0.15915638
17101,0.019499809
17201,0.014010917
17301,0.36349207
17401,0.3109536
17601,0.04295475
17701,0.010773011
17901,0.008077948
18001,0.0034696343
18101,0.58981484
18201,0.66028094
18401,0.6991414
18501,0.062690966
18701,0.5503745
18801,0.116185874
19101,0.010126289
19501,0.011129361
19601,0.6111156
19701,0.011363224
19801,0.44080913
20701,0.082115866
20801,0.01589522
20901,0.035783004
21101,0.026174977
21201,0.11143718
21401,0.07304083
21801,0.08009567
22001,0.026928768
22301,0.017394653
22401,0.00604764
22501,0.028145555
22601,0.0065873316
22901,0.5439459
23001,0.58929086
23201,0.010907599
23301,0.032238778
23601,0.11265344
23701,0.4548905
23801,0.28000614
23901,0.03731722
24101,0.0375952
24201,0.0824176
24401,0.64210767
24501,0.5705425
24601,0.617595
24701,0.0619683
25301,0.31315067
25401,0.025836589
25801,0.005825011
26001,0.015810136
26101,0.061440337
26201,0.123063214
26301,0.0141093945
26401,0.0072889584
26601,0.019674754
26701,0.009524389
26801,0.46973282
26901,0.11353445
27001,0.022221297
27301,0.0054521067
27401,0.29873234
27501,0.37169093
27901,0.20408668
28001,0.22511509
28101,0.056268
28301,0.015965022
28401,0.007295209
29001,0.015276633
29101,0.014507883
29301,0.016533675
29601,0.04716642
29701,0.015728487
29801,0.0032408459
29901,0.017662961
30001,0.044445314
30101,0.03856665
30301,0.021900753
30401,0.020202171
30701,0.06898046
30801,0.16135749
31101,0.043453526
31201,0.017215313
31601,0.14336438
31701,0.011516823
31801,0.01172516
31901,0.02395925
32001,0.02484165
32101,0.0053002145
32801,0.01122904
33001,0.10454999
33101,0.0857834
33501,0.034600515
33701,0.009425038
33801,0.009018505
33901,0.6029548
34001,0.5992031
34201,0.7088204
34301,0.009820786
34401,0.66911846
34501,0.6363578
34601,0.11117442
34801,0.64588135
35001,0.11432851
35201,0.34170356
35301,0.011397068
35501,0.026323607
35601,0.0076987883
35701,0.024596723
35901,0.11683572
36001,0.017528849
36101,0.0074990992
36601,0.007819286
37201,0.09250861
37401,0.1021145
37501,0.23504062
37601,0.009809869
37701,0.07925549
38101,0.025074864
38201,0.012453356
38301,0.015635965
38401,0.009553031
38601,0.0608727
38801,0.015446326
39101,0.5424431
39201,0.5353175
39301,0.5071144
39401,0.39859474
39601,0.025112882
39701,0.1968126
39901,0.0581652
40001,0.54521996
40201,0.014466944
40501,0.5342635
40601,0.16589153
41801,0.035170835
42001,0.058392394
42701,0.1813973
42901,0.022241475
43601,0.07479895
44201,0.020612964
44501,0.18349949
44701,0.02818593
44901,0.016220296
45201,0.3205337
45301,0.0451519
45501,0.018460074
45601,0.01743005
46101,0.024697222
46301,0.009210182
46501,0.047853585
46901,0.14476919
47001,0.48319408
47101,0.011318592
47201,0.019495785
47301,0.0056586037
47601,0.3005398
47701,0.019250097
47801,0.048038978
47901,0.2072237
48201,0.06448969
48601,0.0676637
48701,0.32340628
49101,0.0038530347
49201,0.020373262
49601,0.16901797
49701,0.5076772
49901,0.007825139
50101,0.0075442833
50301,0.50294566
50401,0.6458988
50601,0.733715
50801,0.5629836
50901,0.39690673
51001,0.052727878
51201,0.72912896
51601,0.22878537
51801,0.09270486
52001,0.07479017
52101,0.1739461
52501,0.22085205
52601,0.23500845
52701,0.0043842723
53201,0.14538828
53301,0.050225407
53401,0.05660454
53601,0.17157073
53901,0.0077493656
54101,0.011393179
54201,0.009199678
54301,0.023975616
54401,0.00682068
54601,0.020991493
55001,0.03939236
55201,0.5282319
55401,0.6732915
55501,0.1476616
55601,0.01973561
56201,0.18385571
56501,0.05168164
56701,0.059602655
56801,0.45911613
57001,0.010638356
57101,0.039961737
57201,0.0682976
57301,0.2907272
57501,0.04384244
57901,0.028102338
58001,0.00957699
58201,0.06195041
58301,0.14620294
58501,0.0689621
58901,0.027050924
59101,0.012269186
59201,0.30340597
59501,0.12455609
59601,0.012483554
59801,0.11187347
59901,0.1564203
60401,0.112512134
60501,0.2226555
60801,0.007575584
61101,0.05206626
61301,0.024268737
61401,0.03181345
61701,0.010390953
62101,0.024897544
62401,0.022917954
62701,0.021001866
62801,0.0217904
63501,0.0141883185
63601,0.13484511
63701,0.11929529
63801,0.036430966
63901,0.26587173
64301,0.004721305
64401,0.046327077
2,0.0117356805
102,0.030811168
402,0.022011999
602,0.056726567
702,0.033129387
1002,0.040400807
1202,0.26217222
1702,0.03387107
2202,0.15049832
2702,0.17235371
2802,0.062571436
2902,0.029981552
3002,0.021528095
3102,0.12333132
3202,0.044019625
3302,0.0049088094
3402,0.053709578
3702,0.19402376
4002,0.0058634863
4102,0.0005958232
4202,0.040899415
4402,0.015585617
4702,0.0044411686
4802,0.09341304
4902,0.008835163
5102,0.017558785
5202,0.038545772
5702,0.010034005
5902,0.039847285
6202,0.040995102
6302,0.049158607
6502,0.03894621
6602,0.04760603
6802,0.018697228
6902,0.070590615
7002,0.052575443
7202,0.050183907
7402,0.017945275
7502,0.12033425
7702,0.18991478
7902,0.1725008
8102,0.047245115
8202,0.23060091
8302,0.03929224
8402,0.07589183
8502,0.06588927
8602,0.17174426
8702,0.051361863
8902,0.13578007
9002,0.03803465
9202,0.044799436
9502,0.0963012
9802,0.18354085
9902,0.12514976
10102,0.041378763
10402,0.04496038
10502,0.013169765
10602,0.063568346
10702,0.0040349243
10902,0.029182667
11202,0.15654564
11302,0.07711517
11702,0.061359
11902,0.035045434
12102,0.12284868
12402,0.06566477
12702,0.02159439
12902,0.0077827033
13002,0.009766742
13402,0.023698041
13502,0.12999953
13602,0.12833509
13702,0.0893873
13902,0.013424654
14302,0.015938146
14402,0.02816283
15402,0.033501156
15602,0.056529455
15702,0.0041169384
15802,0.17387871
15902,0.16004921
16102,0.07470491
16202,0.025924686
16302,0.06755399
16402,0.013835523
16502,0.01125907
16602,0.30781054
17002,0.042663928
17102,0.04145814
17202,0.058463518
17302,0.108654395
17402,0.015100725
17602,0.06989557
17702,0.051553637
17902,0.087643355
18002,0.062481314
18102,0.19022173
18202,0.16472483
18402,0.04871414
18502,0.19460133
18702,0.19461782
18802,0.07939627
19102,0.035847936
19502,0.14678556
19602,0.10149978
19702,0.17185006
19802,0.11180197
20702,0.01525066
20802,0.027087582
20902,0.0713885
21102,0.03581441
21202,0.0150127085
21402,0.03282559
21802,0.052670754
22002,0.24254586
22302,0.006752995
22402,0.021110754
22502,0.017779361
22602,0.011569956
22902,0.03172033
23002,0.061637618
23202,0.0041983277
23302,0.011182763
23602,0.186701
23702,0.097766474
23802,0.058750246
23902,0.027529996
24102,0.06906128
24202,0.17546181
24402,0.040667795
24502,0.09500623
24602,0.10217745
24702,0.02505502
25302,0.023492852
25402,0.034601208
25802,0.006577155
26002,0.020784505
26102,0.052135855
26202,0.070988856
26302,0.01624545
26402,0.0050635873
26602,0.009715616
26702,0.04253242
26802,0.121407434
26902,0.1548172
27002,0.120424524
27302,0.21360274
27402,0.043043423
27502,0.09884687
27902,0.3105185
28002,0.28405547
28102,0.044083923
28302,0.017857414
28402,0.021097086
29002,0.029090265
29102,0.046464406
29302,0.013245338
29602,0.020827375
29702,0.013434824
29802,0.01433181
29902,0.18018024
30002,0.009045034
30102,0.046654545
30302,0.0888402
30402,0.05456433
30702,0.03747961
30802,0.06515841
31102,0.0365856
31202,0.019938512
31602,0.14056495
31702,0.025383133
31802,0.052480202
31902,0.012144338
32002,0.08130172
32102,0.03842319
32802,0.03597605
33002,0.13495784
33102,0.02409946
33502,0.03815593
33702,0.12889831
33802,0.074197456
33902,0.17442173
34002,0.16437471
34202,0.01820953
34302,0.046129372
34402,0.12493296
34502,0.11171479
34602,0.34411776
34802,0.026632508
35002,0.058366124
35202,0.055573795
35302,0.037762985
35502,0.11106665
35602,0.052905153
35702,0.044456255
35902,0.039692953
36002,0.021767393
36102,0.058586076
36602,0.019431368
37202,0.048008665
37402,0.07740908
37502,0.025443071
37602,0.004851996
37702,0.03598023
38102,0.052421067
38202,0.04278251
38302,0.01205003
38402,0.0062588053
38602,0.055073783
38802,0.21353161
39102,0.11622346
39202,0.015360141
39302,0.099222355
39402,0.11330628
39602,0.015525136
39702,0.05948689
39902,0.1809703
40002,0.116198555
40202,0.04624523
40502,0.05445092
40602,0.123313434
41802,0.07068641
42002,0.28119284
42702,0.06459819
42902,0.049414545
43602,0.039156858
44202,0.17131951
44502,0.14277864
44702,0.041550636
44902,0.053411536
45202,0.008051575
45302,0.013734
45502,0.019009234
45602,0.013040994
46102,0.11183302
46302,0.043070026
46502,0.016659828
46902,0.07999013
47002,0.10840405
47102,0.007518142
47202,0.08090077
47302,0.040944755
47602,0.01315708
47702,0.01662725
47802,0.009220115
47902,0.10634565
48202,0.067746185
48602,0.14031912
48702,0.011490532
49102,0.057864383
49202,0.048552416
49602,0.017310137
49702,0.17668988
49902,0.30431318
50102,0.03240792
50302,0.23773353
50402,0.18674295
50602,0.024450285
50802,0.22077884
50902,0.093041815
51002,0.21649177
51202,0.07905013
51602,0.011766044
51802,0.17912687
52002,0.024055844
52102,0.072703026
52502,0.040815946
52602,0.014000826
52702,0.0006682817
53202,0.01813968
53302,0.021585463
53402,0.0059007937
53602,0.124169044
53902,0.010206974
54102,0.022107212
54202,0.016607214
54302,0.045155123
54402,0.043508153
54602,0.12679242
55002,0.09353166
55202,0.03473782
55402,0.09098887
55502,0.15276164
55602,0.015006055
56202,0.049331617
56502,0.06424522
56702,0.25179133
56802,0.049169425
57002,0.0061919563
57102,0.08410499
57202,0.040356733
57302,0.016712423
57502,0.11499376
57902,0.04359015
58002,0.029341044
58202,0.06719374
58302,0.16126828
58502,0.017919397
58902,0.07008186
59102,0.029441616
59202,0.05807479
59502,0.028861212
59602,0.032934006
59802,0.057106644
59902,0.17577901
60402,0.25712603
60502,0.22299089
60802,0.016585913
61102,0.10634293
61302,0.0134193525
61402,0.04594272
61702,0.24510404
62102,0.013636003
62402,0.016271144
62702,0.021733552
62802,0.17478044
63502,0.04092747
63602,0.08646318
63702,0.056259688
63802,0.04998292
63902,0.084797144
64302,0.05052233
64402,0.021456635
3,0.00696975
103,0.0219801
403,0.0019602135
603,0.008310147
703,0.013028914
1003,0.015898267
1203,0.01000097
1703,0.020588929
2203,0.023643283
2703,0.0014174394
2803,0.008859828
2903,0.009184971
3003,0.0049642576
3103,0.027820203
3203,0.008516188
3303,0.0029939176
3403,0.00604281
3703,0.14402309
4003,0.0009069778
4103,0.0006528404
4203,0.012406318
4403,0.0012851435
4703,0.0009944692
4803,0.020461768
4903,0.0040689562
5103,0.0042482885
5203,0.028479762
5703,0.0055758455
5903,0.004768875
6203,0.019834954
6303,0.018364377
6503,0.030325798
6603,0.0140149025
6803,0.010462805
6903,0.005931306
7003,0.0017210988
7203,0.0077340174
7403,0.009225624
7503,0.004822853
7703,0.0066411677
7903,0.006242985
8103,0.0059083975
8203,0.048397716
8303,0.0026915993
8403,0.046257142
8503,0.016194826
8603,0.023394056
8703,0.0059654815
8903,0.005228574
9003,0.005439506
9203,0.009277992
9503,0.043259893
9803,0.013482713
9903,0.028790325
10103,0.018297277
10403,0.020794012
10503,0.011321251
10603,0.056379627
10703,0.0073070074
10903,0.010919297
11203,0.032516707
11303,0.0014843694
11703,0.007864685
11903,0.017487345
12103,0.019301336
12403,0.018991003
12703,0.004745437
12903,0.002583173
13003,0.0033029667
13403,0.011853897
13503,0.016124425
13603,0.030762957
13703,0.047026936
13903,0.0063290414
14303,0.0149612455
14403,0.002480425
15403,0.0057311645
15603,0.054216683
15703,0.0014599538
15803,0.0024539859
15903,0.0038558885
16103,0.009971107
16203,0.008200041
16303,0.012671243
16403,0.009311787
16503,0.00036051575
16603,0.04086599
17003,0.01875934
17103,0.009468731
17203,0.026625197
17303,0.0018280579
17403,0.00064780633
17603,0.018874994
17703,0.012868647
17903,0.015704516
18003,0.0153539125
18103,0.0032189363
18203,0.0008248613
18403,0.00020617039
18503,0.00843404
18703,0.006132018
18803,0.005880899
19103,0.012971027
19503,0.014495372
19603,0.0029908104
19703,0.0732631
19803,0.032442365
20703,0.0029530833
20803,0.0039838995
20903,0.010890758
21103,0.0067729126
21203,0.005383691
21403,0.017215246
21803,0.030436177
22003,0.054590076
22303,0.0030614408
22403,0.0061810412
22503,0.016244022
22603,0.008071926
22903,0.006232785
23003,0.0024630497
23203,0.0017556198
23303,0.0033406853
23603,0.011457586
23703,0.0042622117
23803,0.0030266913
23903,0.0036251054
24103,0.022527922
24203,0.0134743685
24403,0.0031352106
24503,0.00709729
24603,0.004474351
24703,0.0018576533
25303,0.0022901313
25403,0.009679656
25803,0.0022720643
26003,0.003921367
26103,0.012936846
26203,0.004536522
26303,0.004947879
26403,0.0027117948
26603,0.0071449424
26703,0.015248781
26803,0.012115547
26903,0.013637505
27003,0.007478836
27303,0.009636499
27403,0.0074369544
27503,0.012004926
27903,0.008664444
28003,0.014829086
28103,0.006220004
28303,0.0060129007
28403,0.014197141
29003,0.006196462
29103,0.023980118
29303,0.0036224483
29603,0.013228995
29703,0.0024877666
29803,0.005520488
29903,0.026447283
30003,0.006656469
30103,0.0058218506
30303,0.022395626
30403,0.0118192835
30703,0.004671014
30803,0.0072238636
31103,0.0024126936
31203,0.009111231
31603,0.0080317585
31703,0.0049356166
31803,0.008926308
31903,0.0037754555
32003,0.03885936
32103,0.019098587
32803,0.0051436806
33003,0.009998069
33103,0.0031773348
33503,0.009470006
33703,0.018290233
33803,0.020296728
33903,0.00089816906
34003,0.0018547087
34203,0.0001498895
34303,0.025579497
34403,0.0016261043
34503,0.0030718944
34603,0.022194294
34803,0.00022991412
35003,0.0067678504
35203,0.013966443
35303,0.009006851
35503,0.016270597
35603,0.011714281
35703,0.010127357
35903,0.0066477004
36003,0.009406972
36103,0.008848077
36603,0.002845527
37203,0.007781713
37403,0.019720018
37503,0.0062051704
37603,0.0018352297
37703,0.015942428
38103,0.024756312
38203,0.05873608
38303,0.0148993535
38403,0.0017633217
38603,0.021208985
38803,0.04578539
39103,0.0033652755
39203,0.001574455
39303,0.013213128
39403,0.010086947
39603,0.0073953564
39703,0.00364537
39903,0.0060157427
40003,0.010974799
40203,0.0067247967
40503,0.0018792923
40603,0.012441069
41803,0.004640629
42003,0.012410839
42703,0.01560977
42903,0.016520463
43603,0.011970082
44203,0.20069642
44503,0.0819757
44703,0.00507876
44903,0.020447548
45203,0.00365753
45303,0.011169308
45503,0.0073203947
45603,0.019380908
46103,0.011685867
46303,0.0074846414
46503,0.00092392345
46903,0.0025010586
47003,0.010490231
47103,0.00077689404
47203,0.0154083455
47303,0.0049169343
47603,0.0011256615
47703,0.0051400745
47803,0.0027562368
47903,0.006726638
48203,0.005784567
48603,0.031810995
48703,0.00048270618
49103,0.005542685
49203,0.009049128
49603,0.0022963507
49703,0.0059627644
49903,0.013923931
50103,0.013267281
50303,0.0029104596
50403,0.0027614566
50603,0.0005010451
50803,0.0050844275
50903,0.0027177
51003,0.013396079
51203,0.00024240479
51603,0.004952703
51803,0.050461434
52003,0.007975681
52103,0.009050652
52503,0.012908609
52603,0.00071488315
52703,0.0010855753
53203,0.011224099
53303,0.007270936
53403,0.0029648016
53603,0.015904965
53903,0.004371441
54103,0.0031484205
54203,0.011722312
54303,0.021663357
54403,0.016315617
54603,0.008542027
55003,0.01209329
55203,0.0021071632
55403,0.005735167
55503,0.0120509155
55603,0.005798538
56203,0.0073449127
56503,0.008901469
56703,0.008535872
56803,0.0035041082
57003,0.002161138
57103,0.015987385
57203,0.008449784
57303,0.0013486744
57503,0.01825017
57903,0.017141646
58003,0.0036254744
58203,0.0080090845
58303,0.024560414
58503,0.0043835184
58903,0.007957416
59103,0.0111492
59203,0.006450596
59503,0.001113635
59603,0.008239087
59803,0.00679448
59903,0.04083037
60403,0.0036937832
60503,0.062824465
60803,0.009603535
61103,0.022192363
61303,0.0015795132
61403,0.0051811812
61703,0.008826856
62103,0.0036267524
62403,0.00934164
62703,0.010349811
62803,0.016672792
63503,0.0055059246
63603,0.012923583
63703,0.03215069
63803,0.03537791
63903,0.005247136
64303,0.010264935
64403,0.005988225
4,0.10331261
104,0.10316446
404,0.0076806345
604,0.12155494
704,0.05535736
1004,0.051899143
1204,0.031467296
1704,0.06147233
2204,0.06803132
2704,0.012365332
2804,0.037063632
2904,0.0272221
3004,0.00860409
3104,0.05790097
3204,0.009581799
3304,0.001104225
3404,0.0236569
3704,0.05195651
4004,0.0013811137
4104,0.0003074837
4204,0.1029396
4404,0.027858956
4704,0.0012141514
4804,0.0058460487
4904,0.06364422
5104,0.005291421
5204,0.14287879
5704,0.0040117516
5904,0.021656523
6204,0.029427439
6304,0.08190847
6504,0.038519956
6604,0.09376522
6804,0.015901932
6904,0.13854529
7004,0.016521078
7204,0.03912411
7404,0.0918167
7504,0.022014378
7704,0.059708253
7904,0.022148112
8104,0.10850719
8204,0.026669381
8304,0.33273494
8404,0.015680704
8504,0.036449682
8604,0.043445166
8704,0.059142414
8904,0.08001172
9004,0.05779424
9204,0.13767108
9504,0.033160444
9804,0.16468167
9904,0.065805726
10104,0.028754584
10404,0.12342903
10504,0.042398356
10604,0.06930523
10704,0.08016999
10904,0.017263466
11204,0.1058274
11304,0.016429877
11704,0.02088237
11904,0.075343534
12104,0.023314236
12404,0.010882268
12704,0.0775705
12904,0.009373168
13004,0.05517712
13404,0.09611355
13504,0.047018625
13604,0.006760502
13704,0.026805475
13904,0.06802123
14304,0.030797524
14404,0.03799302
15404,0.06530135
15604,0.021522008
15704,0.009830867
15804,0.06503819
15904,0.09802058
16104,0.2017116
16204,0.16114745
16304,0.19852966
16404,0.1547773
16504,0.002975831
16604,0.06182189
17004,0.06139188
17104,0.02641816
17204,0.037200924
17304,0.034602292
17404,0.008228796
17604,0.08950256
17704,0.01708223
17904,0.024207063
18004,0.04824608
18104,0.02427681
18204,0.010715884
18404,0.0072724894
18504,0.039163735
18704,0.029789902
18804,0.015040966
19104,0.011276852
19504,0.055746756
19604,0.0125825545
19704,0.015101971
19804,0.03808569
20704,0.022301577
20804,0.09144962
20904,0.05533135
21104,0.14335717
21204,0.0038570657
21404,0.020709932
21804,0.03622771
22004,0.015226373
22304,0.015607991
22404,0.12378955
22504,0.12394125
22604,0.018757498
22904,0.00848669
23004,0.007670911
23204,0.0071058674
23304,0.050305307
23604,0.1280533
23704,0.08335693
23804,0.011770225
23904,0.023260133
24104,0.05649434
24204,0.21383154
24404,0.042602476
24504,0.052719135
24604,0.047444392
24704,0.043043867
25304,0.009215162
25404,0.17721665
25804,0.07686049
26004,0.011177362
26104,0.106875256
26204,0.012755052
26304,0.02707828
26404,0.025942223
26604,0.094964646
26704,0.10160234
26804,0.027174825
26904,0.063218296
27004,0.2538935
27304,0.04484599
27404,0.010582201
27504,0.03983679
27904,0.12855937
28004,0.12687673
28104,0.045606244
28304,0.051625185
28404,0.086616516
29004,0.07902522
29104,0.05043874
29304,0.0573569
29604,0.03577322
29704,0.021199318
29804,0.06784192
29904,0.029296257
30004,0.045560904
30104,0.06322394
30304,0.10183263
30404,0.008783132
30704,0.05774474
30804,0.011022685
31104,0.04669614
31204,0.016530508
31604,0.13033494
31704,0.07664085
31804,0.17279704
31904,0.0020080667
32004,0.019880751
32104,0.12235255
32804,0.03336289
33004,0.029915793
33104,0.025568785
33504,0.050809357
33704,0.06824567
33804,0.05440498
33904,0.016469564
34004,0.018133195
34204,0.0046026427
34304,0.033283077
34404,0.0097012445
34504,0.023964219
34604,0.07688557
34804,0.0049206987
35004,0.011068138
35204,0.011189351
35304,0.01986046
35504,0.03301017
35604,0.066573635
35704,0.035021517
35904,0.010093334
36004,0.14624093
36104,0.10690552
36604,0.009916367
37204,0.0021840301
37404,0.015971897
37504,0.018263165
37604,0.017454037
37704,0.032976806
38104,0.029698899
38204,0.120103195
38304,0.07282548
38404,0.008501244
38604,0.013708723
38804,0.0098732235
39104,0.08308093
39204,0.009123929
39304,0.033984013
39404,0.08708238
39604,0.08932236
39704,0.0049497965
39904,0.07655506
40004,0.012165267
40204,0.056563888
40504,0.022181662
40604,0.043656137
41804,0.026345477
42004,0.01851409
42704,0.024382604
42904,0.1857245
43604,0.043420687
44204,0.0430936
44504,0.022357564
44704,0.17287554
44904,0.10162249
45204,0.008002438
45304,0.1199755
45504,0.25399968
45604,0.08171329
46104,0.0077638053
46304,0.10673745
46504,0.039892003
46904,0.020624558
47004,0.052287456
47104,0.092633866
47204,0.098329194
47304,0.199058
47604,0.0039724917
47704,0.019436486
47804,0.0017323277
47904,0.0870819
48204,0.1177313
48604,0.088939816
48704,0.00396239
49104,0.09012235
49204,0.085215814
49604,0.01728212
49704,0.013004215
49904,0.015513743
50104,0.046741683
50304,0.02583797
50404,0.030763889
50604,0.01066028
50804,0.038006883
50904,0.017584069
51004,0.10960129
51204,0.01090235
51604,0.005122664
51804,0.084011495
52004,0.019652499
52104,0.20376645
52504,0.0113612395
52604,0.00847492
52704,0.006522253
53204,0.017215107
53304,0.02190121
53404,0.018941246
53604,0.0050705103
53904,0.045465525
54104,0.03516358
54204,0.030232364
54304,0.019982697
54404,0.037845004
54604,0.005735382
55004,0.062475644
55204,0.01741344
55404,0.02790824
55504,0.013204566
55604,0.02759263
56204,0.16744599
56504,0.18623887
56704,0.060682744
56804,0.019351838
57004,0.018113801
57104,0.035032745
57204,0.11994508
57304,0.010314376
57504,0.05423395
57904,0.04816186
58004,0.32560122
58204,0.08920103
58304,0.05018575
58504,0.041309614
58904,0.13897516
59104,0.095491156
59204,0.018086925
59504,0.05673327
59604,0.012202451
59804,0.00613577
59904,0.0135547
60404,0.016968809
60504,0.038752683
60804,0.023143046
61104,0.009756876
61304,0.124549836
61404,0.024274506
61704,0.004937835
62104,0.017193172
62404,0.028592909
62704,0.02221254
62804,0.024598056
63504,0.16474864
63604,0.06485498
63704,0.011847504
63804,0.045530114
63904,0.06281309
64304,0.062210567
64404,0.012858272
5,0.0068988996
105,0.011684778
405,0.003670969
605,0.04029126
705,0.035398345
1005,0.009716688
1205,0.0033814388
1705,0.058841754
2205,0.023876864
2705,0.0031386474
2805,0.005087565
2905,0.0071144435
3005,0.0049212305
3105,0.019228105
3205,0.013237875
3305,0.013077035
3405,0.0027877311
3705,0.008961174
4005,0.0022140746
4105,0.03873596
4205,0.013884867
4405,0.0025026388
4705,0.0041323868
4805,0.007331382
4905,0.017068766
5105,0.004998442
5205,0.12066853
5705,0.011116195
5905,0.018021934
6205,0.08673362
6305,0.032155994
6505,0.083016686
6605,0.06717094
6805,0.023173716
6905,0.010904346
7005,0.004855955
7205,0.006748642
7405,0.026787285
7505,0.0050922893
7705,0.017396612
7905,0.005048686
8105,0.03747345
8205,0.017036589
8305,0.021250676
8405,0.06536515
8505,0.011044267
8605,0.043324895
8705,0.006928348
8905,0.030212129
9005,0.009847125
9205,0.051684
9505,0.011216784
9805,0.03613261
9905,0.019113347
10105,0.005174342
10405,0.082628846
10505,0.017343432
10605,0.031240491
10705,0.0283956
10905,0.047155544
11205,0.033522975
11305,0.0030744546
11705,0.008465907
11905,0.020396797
12105,0.0029081588
12405,0.0039300746
12705,0.0297179
12905,0.005962319
13005,0.019352252
13405,0.030876894
13505,0.0077803787
13605,0.016400801
13705,0.17587087
13905,0.019623853
14305,0.025028618
14405,0.002542262
15405,0.0097213
15605,0.059841845
15705,0.0018025349
15805,0.014966838
15905,0.014405741
16105,0.022504335
16205,0.029464548
16305,0.032299522
16405,0.0128514785
16505,0.0009858194
16605,0.00459839
17005,0.04571993
17105,0.004801295
17205,0.014073191
17305,0.0029392794
17405,0.0027917658
17605,0.018715445
17705,0.0023366855
17905,0.04276436
18005,0.037576888
18105,0.004373582
18205,0.0016983862
18405,0.0008824306
18505,0.0045697275
18705,0.0047865063
18805,0.0018421977
19105,0.005576086
19505,0.0046854434
19605,0.0042618904
19705,0.0025916593
19805,0.0057201395
20705,0.008343642
20805,0.026039174
20905,0.024683272
21105,0.047654346
21205,0.0040763
21405,0.054557573
21805,0.0763918
22005,0.024581388
22305,0.0094080055
22405,0.04211081
22505,0.073659725
22605,0.014681363
22905,0.005852519
23005,0.002305859
23205,0.0038733613
23305,0.019621564
23605,0.11580081
23705,0.009890598
23805,0.0027987405
23905,0.0036749865
24105,0.040380813
24205,0.039346382
24405,0.014521766
24505,0.015075882
24605,0.009572959
24705,0.004759592
25305,0.003957917
25405,0.024627449
25805,0.0031354309
26005,0.0052023376
26105,0.012988474
26205,0.0096531985
26305,0.028861076
26405,0.0047877757
26605,0.03496707
26705,0.04903874
26805,0.009535636
26905,0.0068345466
27005,0.024304394
27305,0.0028060316
27405,0.0097455885
27505,0.01515701
27905,0.010457887
28005,0.008599786
28105,0.0078040515
28305,0.03738841
28405,0.0398093
29005,0.018186567
29105,0.07808984
29305,0.013396665
29605,0.013944642
29705,0.007446986
29805,0.0049097524
29905,0.019957365
30005,0.009133288
30105,0.011384616
30305,0.019900389
30405,0.0119738085
30705,0.01070401
30805,0.0024529872
31105,0.00670308
31205,0.01842572
31605,0.041859377
31705,0.007747824
31805,0.021642795
31905,0.015122979
32005,0.011187629
32105,0.016464772
32805,0.0064990222
33005,0.0152988015
33105,0.021473156
33505,0.021467702
33705,0.04392959
33805,0.022799017
33905,0.0015696782
34005,0.0037681896
34205,0.00071483257
34305,0.00783214
34405,0.0028835116
34505,0.0052945875
34605,0.009568618
34805,0.000668527
35005,0.002816007
35205,0.0056351284
35305,0.05536608
35505,0.0052309628
35605,0.0069184704
35705,0.0027350711
35905,0.005154919
36005,0.023691235
36105,0.009218615
36605,0.0060424856
37205,0.0019708173
37405,0.016948193
37505,0.00643503
37605,0.0030595781
37705,0.019064063
38105,0.03176008
38205,0.04319029
38305,0.035786867
38405,0.004552416
38605,0.018874045
38805,0.008235739
39105,0.023291249
39205,0.003470932
39305,0.008895794
39405,0.020275043
39605,0.01954395
39705,0.0014089401
39905,0.007362024
40005,0.006657171
40205,0.009893889
40505,0.0065367003
40605,0.046213828
41805,0.0077956417
42005,0.009053097
42705,0.037460905
42905,0.02819666
43605,0.009821785
44205,0.02760796
44505,0.00639048
44705,0.034819376
44905,0.06998232
45205,0.0024051918
45305,0.020997189
45505,0.027954204
45605,0.061390437
46105,0.0048295096
46305,0.034646496
46505,0.0018224191
46905,0.0020839453
47005,0.014656522
47105,0.0018900242
47205,0.024652047
47305,0.02596095
47605,0.0094966795
47705,0.008204838
47805,0.0042176596
47905,0.042919192
48205,0.024253577
48605,0.020698166
48705,0.0017146624
49105,0.0057402
49205,0.047334634
49605,0.0031928178
49705,0.0041082967
49905,0.001436441
50105,0.048700478
50305,0.003177661
50405,0.0040922137
50605,0.002238761
50805,0.0052717687
50905,0.0023145182
51005,0.020208387
51205,0.0011580714
51605,0.006779981
51805,0.02224095
52005,0.0023131531
52105,0.03377515
52505,0.006719044
52605,0.0008546172
52705,0.018043365
53205,0.0074966094
53305,0.010268289
53405,0.025567086
53605,0.004965079
53905,0.008751512
54105,0.0038273782
54205,0.021941843
54305,0.027044304
54405,0.010869725
54605,0.002018318
55005,0.048645664
55205,0.0064308685
55405,0.009317932
55505,0.0043776147
55605,0.0067416104
56205,0.030523999
56505,0.055555537
56705,0.08810696
56805,0.0045938087
57005,0.002392755
57105,0.00756625
57205,0.027045127
57305,0.0017459468
57505,0.010773763
57905,0.018478882
58005,0.025750434
58205,0.014183146
58305,0.0074709877
58505,0.015974557
58905,0.008507787
59105,0.021923577
59205,0.005490039
59505,0.0059352876
59605,0.012949677
59805,0.006377557
59905,0.01319721
60405,0.0021638207
60505,0.00827261
60805,0.018260354
61105,0.0035087508
61305,0.00821244
61405,0.0039109886
61705,0.00086800376
62105,0.0051962966
62405,0.040851794
62705,0.07276292
62805,0.007990006
63505,0.018353548
63605,0.06293729
63705,0.026917223
63805,0.13148783
63905,0.01631327
64305,0.015768748
64405,0.0054621096
6,0.00980294
106,0.008542402
406,0.0076068533
606,0.056255773
706,0.025605889
1006,0.011600667
1206,0.0033169657
1706,0.021181207
2206,0.041454118
2706,0.0023056688
2806,0.008078166
2906,0.016360056
3006,0.08915574
3106,0.03026206
3206,0.039541144
3306,0.021286482
3406,0.014767839
3706,0.022651648
4006,0.031121146
4106,0.0015612958
4206,0.02874012
4406,0.02626358
4706,0.023625208
4806,0.019729983
4906,0.09547525
5106,0.034435667
5206,0.0656448
5706,0.10318319
5906,0.015438424
6206,0.16746254
6306,0.025116483
6506,0.1055201
6606,0.21417801
6806,0.16849642
6906,0.011079244
7006,0.006287268
7206,0.016735988
7406,0.017362952
7506,0.021883873
7706,0.0065877168
7906,0.006360701
8106,0.010106019
8206,0.013831829
8306,0.0021737085
8406,0.029736316
8506,0.014814733
8606,0.011668836
8706,0.011846326
8906,0.009521361
9006,0.015176325
9206,0.0041223783
9506,0.048511546
9806,0.010240474
9906,0.028937532
10106,0.05226345
10406,0.01485658
10506,0.0093418835
10606,0.03170845
10706,0.020412063
10906,0.3453146
11206,0.014730353
11306,0.007651723
11706,0.030113667
11906,0.020422734
12106,0.020864015
12406,0.046550885
12706,0.12369967
12906,0.029242022
13006,0.19534518
13406,0.020104825
13506,0.009585884
13606,0.022902612
13706,0.07416076
13906,0.035933673
14306,0.1929773
14406,0.014954159
15406,0.017932815
15606,0.055854924
15706,0.25577322
15806,0.0072425683
15906,0.0064092115
16106,0.011429505
16206,0.013959642
16306,0.011586971
16406,0.007553104
16506,0.0007909589
16606,0.007974824
17006,0.025926892
17106,0.013694761
17206,0.015467675
17306,0.0045403177
17406,0.001955067
17606,0.034296308
17706,0.006406602
17906,0.008051367
18006,0.008664785
18106,0.0034512382
18206,0.0027910047
18406,0.0047760718
18506,0.020677676
18706,0.0028739327
18806,0.0159577
19106,0.08343617
19506,0.0061355466
19606,0.0035980884
19706,0.02111581
19806,0.017807072
20706,0.08359691
20806,0.08102923
20906,0.049051777
21106,0.034969486
21206,0.045290034
21406,0.14577208
21806,0.148314
22006,0.03582518
22306,0.014532166
22406,0.040824745
22506,0.0474551
22606,0.102807954
22906,0.012681911
23006,0.0030761755
23206,0.0058019385
23306,0.09091452
23606,0.014072583
23706,0.017454682
23806,0.013801086
23906,0.0058800625
24106,0.012828025
24206,0.0163426
24406,0.006831407
24506,0.0068946234
24606,0.0034676266
24706,0.013985717
25306,0.007375985
25406,0.03707202
25806,0.008591165
26006,0.02072001
26106,0.009769599
26206,0.021216292
26306,0.023417609
26406,0.3841755
26606,0.0052689356
26706,0.064340755
26806,0.041152857
26906,0.008808088
27006,0.004992872
27306,0.0047258222
27406,0.018433815
27506,0.009535824
27906,0.010610545
28006,0.018697858
28106,0.04072951
28306,0.0479419
28406,0.06018132
29006,0.029985236
29106,0.070405446
29306,0.07683418
29606,0.14085454
29706,0.38357207
29806,0.019941697
29906,0.031444144
30006,0.3848488
30106,0.03037338
30306,0.01876125
30406,0.11652655
30706,0.1270032
30806,0.026395783
31106,0.029809358
31206,0.037257656
31606,0.0063105808
31706,0.019463658
31806,0.011443879
31906,0.022894202
32006,0.03607399
32106,0.014509852
32806,0.006672589
33006,0.010761013
33106,0.00561352
33506,0.029376622
33706,0.012838882
33806,0.013892503
33906,0.0032457528
34006,0.0051610805
34206,0.005337924
34306,0.019679325
34406,0.0044674203
34506,0.010832069
34606,0.01705684
34806,0.003354812
35006,0.07312536
35206,0.04807053
35306,0.30547425
35506,0.014724981
35606,0.0073075946
35706,0.06588483
35906,0.051159576
36006,0.074178696
36106,0.005743018
36606,0.028091073
37206,0.011406961
37406,0.14547901
37506,0.08137805
37606,0.039015595
37706,0.05559014
38106,0.07693808
38206,0.06413078
38306,0.2569624
38406,0.42271763
38606,0.012547744
38806,0.05775973
39106,0.00853938
39206,0.023556074
39306,0.019594293
39406,0.007231694
39606,0.025441187
39706,0.01017981
39906,0.004506114
40006,0.0062176855
40206,0.0047051376
40506,0.007102216
40606,0.036598887
41806,0.012452216
42006,0.018624289
42706,0.23113923
42906,0.016307304
43606,0.05016549
44206,0.06309393
44506,0.032311276
44706,0.013169466
44906,0.07480846
45206,0.020558212
45306,0.02880934
45506,0.012350169
45606,0.063993804
46106,0.017443616
46306,0.020519368
46506,0.01717969
46906,0.0066898027
47006,0.0052316934
47106,0.008181185
47206,0.015065432
47306,0.014700492
47606,0.021758337
47706,0.040744253
47806,0.06497873
47906,0.009902527
48206,0.014272451
48606,0.027581885
48706,0.0010261748
49106,0.0040133866
49206,0.04434203
49606,0.014366324
49706,0.0023717254
49906,0.0038034793
50106,0.009312849
50306,0.007641526
50406,0.0063920114
50606,0.022631194
50806,0.008071896
50906,0.020550268
51006,0.039319232
51206,0.003740281
51606,0.043045092
51806,0.035956528
52006,0.04182237
52106,0.0067365635
52506,0.04104154
52606,0.12354357
52706,0.0055683427
53206,0.054212
53306,0.3909915
53406,0.14322773
53606,0.03663737
53906,0.036743794
54106,0.017744621
54206,0.14074823
54306,0.20118965
54406,0.048301864
54606,0.004616189
55006,0.022662925
55206,0.01939616
55406,0.0056999093
55506,0.013025776
55606,0.017953264
56206,0.006829817
56506,0.0055256276
56706,0.008454411
56806,0.035381448
57006,0.0051475363
57106,0.013225828
57206,0.009314141
57306,0.022227587
57506,0.025357135
57906,0.033504326
58006,0.0026977642
58206,0.008512877
58306,0.020988762
58506,0.007001282
58906,0.031790387
59106,0.020787824
59206,0.038316533
59506,0.0052819178
59606,0.07915247
59806,0.048780274
59906,0.03223524
60406,0.014621205
60506,0.048832577
60806,0.166413
61106,0.07063821
61306,0.027211463
61406,0.02694291
61706,0.003734493
62106,0.20911348
62406,0.23347148
62706,0.063904695
62806,0.015499732
63506,0.009464961
63606,0.094082996
63706,0.056246154
63806,0.030718746
63906,0.007403216
64306,0.0227833
64406,0.037078567
7,0.051464092
107,0.023911411
407,0.030589083
607,0.012265286
707,0.019934777
1007,0.020118589
1207,0.01798692
1707,0.14252898
2207,0.1580005
2707,0.0061784834
2807,0.053093582
2907,0.08728255
3007,0.019853024
3107,0.09866298
3207,0.14585294
3307,0.15526237
3407,0.10735832
3707,0.116977654
4007,0.010332602
4107,0.009022817
4207,0.12913275
4407,0.12731576
4707,0.017132428
4807,0.13726537
4907,0.045662522
5107,0.05258007
5207,0.03746611
5707,0.3763671
5907,0.03430366
6207,0.060572777
6307,0.044664204
6507,0.19037127
6607,0.027963364
6807,0.24711788
6907,0.11921959
7007,0.0043592914
7207,0.12806101
7407,0.05840622
7507,0.020003924
7707,0.24002579
7907,0.008603487
8107,0.009850405
8207,0.055989668
8307,0.02419717
8407,0.30453914
8507,0.05726552
8607,0.06283068
8707,0.017507134
8907,0.050206423
9007,0.009008754
9207,0.045747593
9507,0.104371905
9807,0.098732755
9907,0.079673015
10107,0.3104512
10407,0.17767635
10507,0.025628058
10607,0.17602608
10707,0.085001774
10907,0.03397181
11207,0.02477669
11307,0.0394712
11707,0.11333081
11907,0.019869836
12107,0.19308017
12407,0.110074684
12707,0.021659866
12907,0.011752416
13007,0.02979759
13407,0.029054468
13507,0.04398633
13607,0.35173655
13707,0.16230124
13907,0.06863021
14307,0.17682678
14407,0.011575954
15407,0.008251848
15607,0.116750374
15707,0.23469855
15807,0.115502425
15907,0.085502766
16107,0.038978383
16207,0.045379296
16307,0.035898603
16407,0.038161814
16507,0.008146213
16607,0.016187806
17007,0.07659125
17107,0.2572347
17207,0.10312208
17307,0.053922832
17407,0.053498592
17607,0.05942104
17707,0.009079373
17907,0.27758676
18007,0.1962681
18107,0.013948909
18207,0.010753691
18407,0.010480736
18507,0.0715365
18707,0.023230653
18807,0.24945885
19107,0.024921658
19507,0.021037102
19607,0.00916592
19707,0.054614328
19807,0.14589554
20707,0.25307453
20807,0.020179892
20907,0.015575776
21107,0.016983442
21207,0.3846329
21407,0.03962934
21807,0.074739754
22007,0.12496323
22307,0.01768893
22407,0.017531695
22507,0.04528881
22607,0.1142293
22907,0.19555081
23007,0.041967154
23207,0.014994026
23307,0.03033424
23607,0.045876298
23707,0.022292068
23807,0.011632038
23907,0.026109751
24107,0.029487474
24207,0.028902758
24407,0.012664389
24507,0.01830789
24607,0.021470383
24707,0.0057018204
25307,0.07070004
25407,0.09538051
25807,0.0035864564
26007,0.010446217
26107,0.015994962
26207,0.44056243
26307,0.018260306
26407,0.069024324
26607,0.009416311
26707,0.014158621
26807,0.06265853
26907,0.077622525
27007,0.020153461
27307,0.007466719
27407,0.078743376
27507,0.04863089
27907,0.015678138
28007,0.034730937
28107,0.00966183
28307,0.02498068
28407,0.12335662
29007,0.011263089
29107,0.052459255
29307,0.015483778
29607,0.24576877
29707,0.03880121
29807,0.019405264
29907,0.08961251
30007,0.23840469
30107,0.010486199
30307,0.040548984
30407,0.1028532
30707,0.021661213
30807,0.093191884
31107,0.008978151
31207,0.20734288
31607,0.042503916
31707,0.012730779
31807,0.01326356
31907,0.16083543
32007,0.25465158
32107,0.052585535
32807,0.003752843
33007,0.19268051
33107,0.05257226
33507,0.017121099
33707,0.22649789
33807,0.18977879
33907,0.014135366
34007,0.014723788
34207,0.014530359
34307,0.0755819
34407,0.0064300364
34507,0.026606336
34607,0.05292715
34807,0.023956362
35007,0.030962924
35207,0.19952443
35307,0.0133949
35507,0.026730359
35607,0.015966106
35707,0.039032698
35907,0.16440976
36007,0.038290475
36107,0.02886472
36607,0.009185631
37207,0.15531838
37407,0.03158153
37507,0.12213606
37607,0.010601311
37707,0.12188002
38107,0.122612305
38207,0.12211284
38307,0.121547446
38407,0.041139383
38607,0.09993494
38807,0.10190696
39107,0.026654825
39207,0.21228372
39307,0.11467574
39407,0.026837735
39607,0.0851585
39707,0.019315792
39907,0.114998266
40007,0.010266678
40207,0.012008737
40507,0.0653777
40607,0.061779603
41807,0.006858327
42007,0.21514621
42707,0.0621043
42907,0.072451994
43607,0.17227548
44207,0.043897957
44507,0.22903529
44707,0.011233725
44907,0.12126013
45207,0.011694169
45307,0.09870996
45507,0.022119597
45607,0.13470797
46107,0.050798044
46307,0.015726628
46507,0.004855156
46907,0.36010265
47007,0.01712861
47107,0.003496962
47207,0.016450081
47307,0.0138461655
47607,0.2855695
47707,0.015160402
47807,0.14885588
47907,0.07803961
48207,0.013980696
48607,0.023469353
48707,0.009243213
49107,0.0068745934
49207,0.042428877
49607,0.26942208
49707,0.008550818
49907,0.0053679566
50107,0.23835698
50307,0.022879668
50407,0.02094949
50607,0.030999074
50807,0.025694605
50907,0.028838806
51007,0.067844465
51207,0.018658318
51607,0.4755591
51807,0.077586286
52007,0.47017896
52107,0.02019019
52507,0.32621336
52607,0.058755483
52707,0.0067677307
53207,0.084684946
53307,0.06473544
53407,0.05319696
53607,0.062730156
53907,0.005178331
54107,0.018186374
54207,0.07752109
54307,0.101429544
54407,0.066580266
54607,0.021416364
55007,0.1684855
55207,0.008564916
55407,0.04758039
55507,0.035330437
55607,0.034661934
56207,0.02068348
56507,0.022856679
56707,0.12156895
56807,0.067598805
57007,0.0025352142
57107,0.012751285
57207,0.10004614
57307,0.36623976
57507,0.18891044
57907,0.166237
58007,0.03335714
58207,0.007663023
58307,0.24416403
58507,0.017543819
58907,0.026278425
59107,0.00847682
59207,0.16329613
59507,0.0027784554
59607,0.016755398
59807,0.1246261
59907,0.045881625
60407,0.059402548
60507,0.07112494
60807,0.079401575
61107,0.090885825
61307,0.009589752
61407,0.016229268
61707,0.007017352
62107,0.12900095
62407,0.06232751
62707,0.06231998
62807,0.01269843
63507,0.011727013
63607,0.090427406
63707,0.12551445
63807,0.08118861
63907,0.010429294
64307,0.019736167
64407,0.25633705
8,0.20201582
108,0.12286391
408,0.021714764
608,0.09034971
708,0.10983528
1008,0.22509052
1208,0.065684855
1708,0.15739314
2208,0.10753878
2708,0.08094065
2808,0.09749415
2908,0.043842167
3008,0.03033982
3108,0.13156465
3208,0.04292566
3308,0.0057503586
3408,0.029426696
3708,0.03843704
4008,0.009870817
4108,0.003301993
4208,0.060251713
4408,0.02700489
4708,0.012607786
4808,0.07029406
4908,0.04186934
5108,0.048287492
5208,0.07346903
5708,0.016203014
5908,0.05591546
6208,0.04608571
6308,0.09772851
6508,0.11411442
6608,0.09708509
6808,0.028808923
6908,0.09429863
7008,0.06845639
7208,0.02752465
7408,0.029440971
7508,0.019398807
7708,0.11360908
7908,0.16563047
8108,0.0810419
8208,0.033982556
8308,0.11568755
8408,0.09706905
8508,0.27556288
8608,0.15117164
8708,0.3560707
8908,0.35604265
9008,0.28480297
9208,0.260555
9508,0.026174562
9808,0.1411181
9908,0.1742482
10108,0.022286644
10408,0.13671084
10508,0.21029906
10608,0.10773493
10708,0.08645237
10908,0.036024563
11208,0.24297193
11308,0.05110461
11708,0.038209427
11908,0.137309
12108,0.0722359
12408,0.052126028
12708,0.1196078
12908,0.009141743
13008,0.04804392
13408,0.17780241
13508,0.15620014
13608,0.14279509
13708,0.045976825
13908,0.1049042
14308,0.026679501
14408,0.25415993
15408,0.059130155
15608,0.17722039
15708,0.0074036554
15808,0.10394475
15908,0.09858686
16108,0.15083101
16208,0.09780891
16308,0.15363085
16408,0.15634947
16508,0.010351447
16608,0.029746758
17008,0.13344043
17108,0.11138015
17208,0.23353647
17308,0.073666915
17408,0.012160235
17608,0.079536065
17708,0.10739941
17908,0.30876642
18008,0.40517047
18108,0.07623387
18208,0.082314394
18408,0.03622006
18508,0.22638395
18708,0.08111084
18808,0.05153619
19108,0.033153944
19508,0.09839699
19608,0.058530957
19708,0.049816124
19808,0.043821856
20708,0.01547009
20808,0.0634983
20908,0.09655645
21108,0.18373536
21208,0.015238204
21408,0.023820886
21808,0.08312916
22008,0.12170308
22308,0.02508692
22408,0.19041623
22508,0.20624441
22608,0.03342199
22908,0.013647348
23008,0.019015186
23208,0.007721814
23308,0.029290102
23608,0.11308902
23708,0.11424884
23808,0.0260358
23908,0.050394576
24108,0.106675245
24208,0.14179105
24408,0.12132793
24508,0.12458162
24608,0.07066406
24708,0.12753493
25308,0.017582905
25408,0.05105986
25808,0.158334
26008,0.02162552
26108,0.12351493
26208,0.066231936
26308,0.06889479
26408,0.014544894
26608,0.41185218
26708,0.10464437
26808,0.08860503
26908,0.11348585
27008,0.2331591
27308,0.10000294
27408,0.09291535
27508,0.112995975
27908,0.16905412
28008,0.13133593
28108,0.21432653
28308,0.17194617
28408,0.019389732
29008,0.18107338
29108,0.11778588
29308,0.09479619
29608,0.024876988
29708,0.023062555
29808,0.049990956
29908,0.1405211
30008,0.016016556
30108,0.14634928
30308,0.121474296
30408,0.040850088
30708,0.11477093
30808,0.023382539
31108,0.15696603
31208,0.04663665
31608,0.100560024
31708,0.1630582
31808,0.10190257
31908,0.025998125
32008,0.082506076
32108,0.23451865
32808,0.07499887
33008,0.09519474
33108,0.036547843
33508,0.13147952
33708,0.22217587
33808,0.3404128
33908,0.120795384
34008,0.10776202
34208,0.014282343
34308,0.31830138
34408,0.0882358
34508,0.045152593
34608,0.089392036
34808,0.016678343
35008,0.014408987
35208,0.053324547
35308,0.033996776
35508,0.060291246
35608,0.11311568
35708,0.047178317
35908,0.029456833
36008,0.1346099
36108,0.11903825
36608,0.01544731
37208,0.03717849
37408,0.03980896
37508,0.036032073
37608,0.012010049
37708,0.08749221
38108,0.119425304
38208,0.09891307
38308,0.032924473
38408,0.0039206347
38608,0.21294202
38808,0.10313017
39108,0.08773618
39208,0.009836449
39308,0.03260526
39408,0.12194357
39608,0.035615902
39708,0.06623405
39908,0.08688517
40008,0.1357772
40208,0.05915869
40508,0.07689571
40608,0.079591915
41808,0.08260164
42008,0.20836516
42708,0.05589596
42908,0.09495277
43608,0.035431582
44208,0.06622161
44508,0.035792276
44708,0.24943218
44908,0.094666384
45208,0.029260123
45308,0.056643896
45508,0.11320345
45608,0.06938132
46108,0.061927218
46308,0.23510706
46508,0.26890126
46908,0.044998303
47008,0.15564768
47108,0.31094113
47208,0.12754707
47308,0.09752457
47608,0.020168342
47708,0.104091845
47808,0.02173005
47908,0.047856823
48208,0.12021903
48608,0.12958246
48708,0.012993245
49108,0.06684049
49208,0.12004252
49608,0.01815945
49708,0.081841186
49908,0.057022404
50108,0.25279966
50308,0.107667945
50408,0.048459217
50608,0.017773485
50808,0.070308715
50908,0.04921562
51008,0.10036184
51208,0.06841449
51608,0.0073603713
51808,0.086094335
52008,0.01195181
52108,0.2214168
52508,0.029251833
52608,0.018275902
52708,0.0037410832
53208,0.02346626
53308,0.03333347
53408,0.016069647
53608,0.029337881
53908,0.05613718
54108,0.20841707
54208,0.02384352
54308,0.022619868
54408,0.04873011
54608,0.085393526
55008,0.25095102
55208,0.036780287
55408,0.031024033
55508,0.04626463
55608,0.014554083
56208,0.19687073
56508,0.17039526
56708,0.16519168
56808,0.02378992
57008,0.11542187
57108,0.13980843
57208,0.084115766
57308,0.009947131
57508,0.040896237
57908,0.080924734
58008,0.11509925
58208,0.36336723
58308,0.093865424
58508,0.1302508
58908,0.04548391
59108,0.13238414
59208,0.045734596
59508,0.54009134
59608,0.026570225
59808,0.02815302
59908,0.02870875
60408,0.24288802
60508,0.047072034
60808,0.052270234
61108,0.061825067
61308,0.3220571
61408,0.15902561
61708,0.07499497
62108,0.028881038
62408,0.07475353
62708,0.02924776
62808,0.08533169
63508,0.1396304
63608,0.1773172
63708,0.09125799
63808,0.24537918
63908,0.21887012
64308,0.07254253
64408,0.031223819
9,0.08105751
109,0.06876524
409,0.008791588
609,0.017633801
709,0.03988391
1009,0.1063997
1209,0.0074757705
1709,0.064369574
2209,0.062320285
2709,0.005927513
2809,0.01598926
2909,0.039901227
3009,0.05583182
3109,0.0068990593
3209,0.022811327
3309,0.016638413
3409,0.017482622
3709,0.014058573
4009,0.02267369
4109,0.22031869
4209,0.017675277
4409,0.03459431
4709,0.01546653
4809,0.012227232
4909,0.031971723
5109,0.012615149
5209,0.056696925
5709,0.015104642
5909,0.015566497
6209,0.016472334
6309,0.035040423
6509,0.0067547048
6609,0.0080667
6809,0.024457505
6909,0.008642681
7009,0.02405942
7209,0.014935643
7409,0.029278884
7509,0.00582743
7709,0.0076167835
7909,0.0091975285
8109,0.029113049
8209,0.04703776
8309,0.0056280605
8409,0.016587775
8509,0.15440227
8609,0.036995765
8709,0.08359607
8909,0.027760817
9009,0.088922784
9209,0.06177351
9509,0.015982179
9809,0.013322686
9909,0.06714977
10109,0.01646331
10409,0.027094139
10509,0.22075623
10609,0.017876517
10709,0.019672012
10909,0.026444498
11209,0.015047817
11309,0.010475106
11709,0.016961392
11909,0.03836618
12109,0.0047733504
12409,0.0068491665
12709,0.02813504
12909,0.33212963
13009,0.020106839
13409,0.024283014
13509,0.008821463
13609,0.0044740485
13709,0.013691726
13909,0.012040328
14309,0.019638434
14409,0.01783507
15409,0.06484395
15609,0.014983748
15709,0.018080177
15809,0.012859991
15909,0.014696542
16109,0.020153325
16209,0.018042417
16309,0.0061513865
16409,0.03638454
16509,0.00250748
16609,0.009251099
17009,0.043416683
17109,0.018441288
17209,0.05809516
17309,0.0061889603
17409,0.0044660927
17609,0.023671785
17709,0.08085798
17909,0.008746287
18009,0.011983785
18109,0.0067203846
18209,0.004545208
18409,0.0067837005
18509,0.026190786
18709,0.005343939
18809,0.005763438
19109,0.060744565
19509,0.009826554
19609,0.025017412
19709,0.0044055264
19809,0.0099733705
20709,0.019320099
20809,0.016961252
20909,0.01767587
21109,0.010022874
21209,0.0099426
21409,0.1291171
21809,0.047811475
22009,0.0061071576
22309,0.016286092
22409,0.019409768
22509,0.03438534
22609,0.061894532
22909,0.0069981283
23009,0.0066557038
23209,0.0077890703
23309,0.02599819
23609,0.013453545
23709,0.021856982
23809,0.03593632
23909,0.04573609
24109,0.08997986
24209,0.008550212
24409,0.033579405
24509,0.023000527
24609,0.012955183
24709,0.057027295
25309,0.00762476
25409,0.010620084
25809,0.16594522
26009,0.02212528
26109,0.12816383
26209,0.0060050483
26309,0.12656772
26409,0.018923577
26609,0.040793523
26709,0.024560116
26809,0.013001647
26909,0.010087684
27009,0.0058276593
27309,0.0021813377
27409,0.008504064
27509,0.020945968
27909,0.0052881003
28009,0.0037992988
28109,0.038563397
28309,0.05415906
28409,0.038991816
29009,0.03889661
29109,0.019275166
29309,0.022022514
29609,0.012623204
29709,0.014840538
29809,0.058872472
29909,0.0037311953
30009,0.024412157
30109,0.052514363
30309,0.0116907265
30409,0.01655032
30709,0.02884997
30809,0.009932448
31109,0.03302251
31209,0.026931562
31609,0.028098
31709,0.03157896
31809,0.017529264
31909,0.015856305
32009,0.004895056
32109,0.018120883
32809,0.059689593
33009,0.01133875
33109,0.0251737
33509,0.038500354
33709,0.010250964
33809,0.028629662
33909,0.00256428
34009,0.013546608
34209,0.007712428
34309,0.12009183
34409,0.011246946
34509,0.020098418
34609,0.007771912
34809,0.0051806835
35009,0.014135764
35209,0.009757869
35309,0.020086799
35509,0.019180197
35609,0.038027562
35709,0.04132666
35909,0.020746946
36009,0.027490702
36109,0.010148758
36609,0.028479677
37209,0.017564861
37409,0.030056048
37509,0.02120483
37609,0.29374388
37709,0.061274707
38109,0.016730785
38209,0.019578889
38309,0.041874323
38409,0.025743784
38609,0.023374401
38809,0.00595583
39109,0.017999936
39209,0.005195461
39309,0.01705207
39409,0.03313243
39609,0.016637886
39709,0.017739575
39909,0.0046240482
40009,0.03485659
40209,0.075304165
40509,0.011631621
40609,0.09538085
41809,0.023545925
42009,0.005392467
42709,0.029939884
42909,0.006597692
43609,0.015910184
44209,0.010618245
44509,0.013517864
44709,0.00792351
44909,0.01364185
45209,0.014535354
45309,0.018931914
45509,0.024060111
45609,0.051663768
46109,0.0074851504
46309,0.012504215
46509,0.0220008
46909,0.0028836727
47009,0.025332727
47109,0.012090785
47209,0.019018171
47309,0.006249461
47609,0.0092540905
47709,0.118560664
47809,0.020862598
47909,0.07330514
48209,0.024922263
48609,0.03973154
48709,0.003471061
49109,0.011173699
49209,0.015435337
49609,0.006650724
49709,0.006272068
49909,0.0028359438
50109,0.026749855
50309,0.005365145
50409,0.0048862314
50609,0.010563153
50809,0.005539475
50909,0.023528805
51009,0.007354593
51209,0.0027621114
51609,0.013018891
51809,0.015221458
52009,0.008734562
52109,0.023435755
52509,0.015630834
52609,0.018350625
52709,0.6945761
53209,0.027653307
53309,0.022969827
53409,0.107716165
53609,0.012362509
53909,0.29336876
54109,0.017526997
54209,0.057700083
54309,0.017309472
54409,0.026447613
54609,0.0033281804
55009,0.0025649688
55209,0.16648918
55409,0.01641575
55509,0.0068668844
55609,0.025531515
56209,0.049969282
56509,0.030907564
56709,0.0075989575
56809,0.015544353
57009,0.3988627
57109,0.105798036
57209,0.08490112
57309,0.0073047425
57509,0.018049704
57909,0.021134984
58009,0.015151025
58209,0.069721475
58309,0.007639158
58509,0.24894778
58909,0.010043697
59109,0.06585559
59209,0.021867244
59509,0.028081672
59609,0.06695549
59809,0.013697872
59909,0.03166524
60409,0.0065731513
60509,0.012891351
60809,0.02571986
61109,0.009956978
61309,0.008410017
61409,0.028576277
61709,0.0022458825
62109,0.017165655
62409,0.028327066
62709,0.13476214
62809,0.017446723
63509,0.014739826
63609,0.010463736
63709,0.027250547
63809,0.020118345
63909,0.11164204
64309,0.010001362
64409,0.009552557
10,0.2672716
110,0.29638767
410,0.25744042
610,0.41106355
710,0.5084406
1010,0.39970967
1210,0.22150515
1710,0.046823308
2210,0.17539525
2710,0.017956851
2810,0.56184477
2910,0.65260655
3010,0.5785061
3110,0.086333945
3210,0.18578437
3310,0.051120013
3410,0.60453063
3710,0.089299776
4010,0.29995963
4110,0.009029112
4210,0.037125997
4410,0.44911134
4710,0.14248066
4810,0.41481173
4910,0.21097253
5110,0.035132904
5210,0.11955796
5710,0.12920222
5910,0.71980333
6210,0.15737076
6310,0.24198784
6510,0.12818456
6610,0.1507541
6810,0.24945007
6910,0.030487405
7010,0.062980786
7210,0.023354188
7410,0.11475949
7510,0.58582693
7710,0.19068383
7910,0.012849646
8110,0.5352846
8210,0.08209547
8310,0.17982884
8410,0.13537095
8510,0.26306784
8610,0.021855494
8710,0.21808204
8910,0.17468005
9010,0.3059384
9210,0.068609826
9510,0.33302838
9810,0.1802885
9910,0.25090554
10110,0.36699787
10410,0.1941367
10510,0.31257957
10610,0.10279698
10710,0.07682592
10910,0.09440495
11210,0.2287257
11310,0.09379744
11710,0.041200746
11910,0.36129147
12110,0.39517367
12410,0.5512445
12710,0.28611946
12910,0.4832349
13010,0.28144395
13410,0.26031637
13510,0.32039723
13610,0.06243058
13710,0.014977093
13910,0.11361493
14310,0.28275934
14410,0.34606943
15410,0.40845606
15610,0.04577994
15710,0.40389428
15810,0.17979266
15910,0.28527743
16110,0.114389226
16210,0.33284006
16310,0.099452555
16410,0.24074623
16510,0.2941037
16610,0.34061238
17010,0.09028829
17110,0.4306962
17210,0.25539947
17310,0.2911043
17410,0.35935175
17610,0.33504325
17710,0.52143306
17910,0.02174045
18010,0.05786178
18110,0.026604546
18210,0.032845296
18410,0.17162457
18510,0.27208057
18710,0.0123134805
18810,0.4154138
19110,0.3783454
19510,0.5324972
19610,0.08119595
19710,0.44684556
19810,0.036466457
20710,0.44805816
20810,0.2621173
20910,0.2935201
21110,0.078625105
21210,0.27669162
21410,0.07926964
21810,0.08384116
22010,0.11811754
22310,0.058214616
22410,0.26925826
22510,0.06294195
22610,0.46193975
22910,0.017421119
23010,0.08347131
23210,0.024906853
23310,0.18681946
23610,0.031783365
23710,0.08894727
23810,0.4736933
23910,0.73936
24110,0.4286474
24210,0.11091963
24410,0.026450839
24510,0.022266435
24610,0.0356993
24710,0.608358
25310,0.3276016
25410,0.23576409
25810,0.45364738
26010,0.0858282
26110,0.35515237
26210,0.14072454
26310,0.47129682
26410,0.33135858
26610,0.06328204
26710,0.2716618
26810,0.042992085
26910,0.34834918
27010,0.15342131
27310,0.43256444
27410,0.19002488
27510,0.052661166
27910,0.06953922
28010,0.06383559
28110,0.35415903
28310,0.19669804
28410,0.39679125
29010,0.2793727
29110,0.13266683
29310,0.14293997
29610,0.27578884
29710,0.3267574
29810,0.5519809
29910,0.16773465
30010,0.11404858
30110,0.4148013
30310,0.35459265
30410,0.2777349
30710,0.39064464
30810,0.54485494
31110,0.23119122
31210,0.50781745
31610,0.2517165
31710,0.3263502
31810,0.35438743
31910,0.14069022
32010,0.32032287
32110,0.17974469
32810,0.7014993
33010,0.2923867
33110,0.34626004
33510,0.50104207
33710,0.0715112
33810,0.09134755
33910,0.031529047
34010,0.04003232
34210,0.21285495
34310,0.17752476
34410,0.045537945
34510,0.0753305
34610,0.21397223
34810,0.23374072
35010,0.6351165
35210,0.14647706
35310,0.14224455
35510,0.6030982
35610,0.57501465
35710,0.30590272
35910,0.3968655
36010,0.25530267
36110,0.46881264
36610,0.11968736
37210,0.16994889
37410,0.25012526
37510,0.3088349
37610,0.52947724
37710,0.33427107
38110,0.26594427
38210,0.1544213
38310,0.14455672
38410,0.4228872
38610,0.26362675
38810,0.2338926
39110,0.028350942
39210,0.026845684
39310,0.018789144
39410,0.052163363
39610,0.12471079
39710,0.38443306
39910,0.3910914
40010,0.029432347
40210,0.5849772
40510,0.1794454
40610,0.16241483
41810,0.20473954
42010,0.07389869
42710,0.10106248
42910,0.16655451
43610,0.44896847
44210,0.15419532
44510,0.14792491
44710,0.11708592
44910,0.15520112
45210,0.016307846
45310,0.107548796
45510,0.20800082
45610,0.10052773
46110,0.10983488
46310,0.22431757
46510,0.31347948
46910,0.30247706
47010,0.030598022
47110,0.26447278
47210,0.29264563
47310,0.34376463
47610,0.22243966
47710,0.4433858
47810,0.24815823
47910,0.16116486
48210,0.37233958
48610,0.25527886
48710,0.28308228
49110,0.516342
49210,0.37825453
49610,0.41336185
49710,0.019585177
49910,0.40084326
50110,0.050806355
50310,0.050796095
50410,0.01735515
50610,0.12156921
50810,0.018437816
50910,0.31509674
51010,0.26776487
51210,0.06684951
51610,0.06660392
51810,0.25608578
52010,0.29754266
52110,0.055027068
52510,0.16615157
52610,0.47129273
52710,0.038969815
53210,0.11325359
53310,0.24223152
53410,0.08650783
53610,0.2847292
53910,0.38222334
54110,0.24638098
54210,0.47791263
54310,0.42346904
54410,0.5382412
54610,0.11024446
55010,0.12849565
55210,0.14668912
55410,0.018620431
55510,0.32183558
55610,0.09531759
56210,0.12262659
56510,0.20056567
56710,0.048138388
56810,0.2420148
57010,0.3626346
57110,0.46090227
57210,0.30994916
57310,0.23221655
57510,0.39694852
57910,0.28715315
58010,0.19357492
58210,0.2119622
58310,0.12605193
58510,0.37956998
58910,0.40000668
59110,0.25759217
59210,0.2825443
59510,0.13078593
59610,0.5286734
59810,0.41557103
59910,0.17485015
60410,0.23122714
60510,0.17039806
60810,0.43561086
61110,0.3731055
61310,0.19592531
61410,0.453086
61710,0.25880125
62110,0.412346
62410,0.12149164
62710,0.26328352
62810,0.41482314
63510,0.28125456
63610,0.08168921
63710,0.09363071
63810,0.05170574
63910,0.16976671
64310,0.5986747
64410,0.49843612
11,0.003748418
111,0.019997098
411,0.23121594
611,0.010902474
711,0.0058058873
1011,0.00782307
1211,0.113344714
1711,0.002925116
2211,0.0046415385
2711,0.017582936
2811,0.009018995
2911,0.008289056
3011,0.0047154864
3111,0.08974031
3211,0.019975413
3311,0.014834344
3411,0.011637446
3711,0.041451097
4011,0.0016500872
4111,0.0091320835
4211,0.03229845
4411,0.011501905
4711,0.002877626
4811,0.0042277398
4911,0.058059726
5111,0.02266026
5211,0.02864398
5711,0.013360516
5911,0.0029776334
6211,0.010637629
6311,0.020753108
6511,0.023629257
6611,0.013455436
6811,0.016486455
6911,0.05925572
7011,0.012292855
7211,0.037533462
7411,0.071964175
7511,0.0272677
7711,0.0077662445
7911,0.023159435
8111,0.005668646
8211,0.07411174
8311,0.0099517265
8411,0.0376855
8511,0.003390944
8611,0.022308573
8711,0.0030500696
8911,0.0036637587
9011,0.005063644
9211,0.023048252
9511,0.034316737
9811,0.004066259
9911,0.0030193862
10111,0.01143925
10411,0.008435528
10511,0.005993034
10611,0.012448092
10711,0.057061262
10911,0.012495455
11211,0.010730463
11311,0.027541723
11711,0.0523813
11911,0.0065205847
12111,0.0058209873
12411,0.0020891058
12711,0.03749382
12911,0.0025203312
13011,0.03354657
13411,0.016135365
13511,0.018130323
13611,0.0069982987
13711,0.0049808286
13911,0.1923633
14311,0.00737854
14411,0.0049574375
15411,0.022620495
15611,0.08695522
15711,0.0016708422
15811,0.0088534085
15911,0.008338161
16111,0.053314235
16211,0.01608569
16311,0.062388804
16411,0.014844273
16511,0.2767175
16611,0.022636991
17011,0.039074365
17111,0.0074807703
17211,0.008581727
17311,0.037056934
17411,0.18362887
17611,0.02607271
17711,0.004983907
17911,0.0023394027
18011,0.001476645
18111,0.048212703
18211,0.02312558
18411,0.007942281
18511,0.0024181698
18711,0.0696878
18811,0.010410437
19111,0.010320346
19511,0.0022397002
19611,0.07673674
19711,0.0022365097
19811,0.048140198
20711,0.009839012
20811,0.03415234
20911,0.05909376
21111,0.05124818
21211,0.017776681
21411,0.007923071
21811,0.045213435
22011,0.008370008
22311,0.033490147
22411,0.01711709
22511,0.039241593
22611,0.008702758
22911,0.0364823
23011,0.15876386
23211,0.0051790117
23311,0.058550082
23611,0.0066488553
23711,0.036456987
23811,0.03847442
23911,0.003955669
24111,0.012323386
24211,0.03327896
24411,0.009967467
24511,0.02323234
24611,0.0436445
24711,0.0020935345
25311,0.16785482
25411,0.036621265
25811,0.0031061051
26011,0.009360721
26111,0.009458819
26211,0.010526248
26311,0.004964815
26411,0.005410844
26611,0.17577893
26711,0.03075023
26811,0.04328505
26911,0.024777167
27011,0.007648749
27311,0.0021640218
27411,0.18252435
27511,0.14278202
27911,0.028232306
28011,0.034795728
28111,0.015320596
28311,0.079084724
28411,0.005566202
29011,0.019812217
29111,0.031136028
29311,0.03620544
29611,0.0220082
29711,0.0058974875
29811,0.0049499637
29911,0.0061616544
30011,0.00443991
30111,0.014598499
30311,0.0119562335
30411,0.00251479
30711,0.016445886
30811,0.008506257
31111,0.026893925
31211,0.005314187
31611,0.018126076
31711,0.005324493
31811,0.011839517
31911,0.006523489
32011,0.009537959
32111,0.0035052984
32811,0.003000351
33011,0.027217368
33111,0.22906555
33511,0.0120547125
33711,0.0022847862
33811,0.0023489208
33911,0.025104662
34011,0.016554207
34211,0.0063562766
34311,0.0014704377
34411,0.024471804
34511,0.019035656
34611,0.0060979547
34811,0.029124329
35011,0.003114889
35211,0.03322785
35311,0.009226327
35511,0.0028737418
35611,0.0020948134
35711,0.002289369
35911,0.01087639
36011,0.008621245
36111,0.007244491
36611,0.009440905
37211,0.017453622
37411,0.059793815
37511,0.06256855
37611,0.0018313135
37711,0.016527982
38111,0.010543354
38211,0.007689482
38311,0.010455268
38411,0.0007433582
38611,0.06337609
38811,0.0027073743
39111,0.009199423
39211,0.010417288
39311,0.044750907
39411,0.06822678
39611,0.12496681
39711,0.023537388
39911,0.009033076
40011,0.06473727
40211,0.016319761
40511,0.017400533
40611,0.0076936735
41811,0.021885224
42011,0.0054191435
42711,0.013203141
42911,0.022105081
43611,0.020666745
44211,0.016453298
44511,0.040950023
44711,0.07151095
44911,0.0056163874
45211,0.025079172
45311,0.08620127
45511,0.021293089
45611,0.015097069
46111,0.0063097863
46311,0.016443662
46511,0.0087122535
46911,0.011191874
47011,0.04940695
47111,0.0051575075
47211,0.026646202
47311,0.008383241
47611,0.007526854
47711,0.0077583953
47811,0.004456323
47911,0.015073673
48211,0.027258368
48611,0.024308925
48711,0.3228432
49111,0.0041501946
49211,0.013045575
49611,0.038790952
49711,0.15574703
49911,0.002417243
50111,0.0043218285
50311,0.021506324
50411,0.0144988345
50611,0.0037435524
50811,0.018741168
50911,0.010385592
51011,0.0022778958
51211,0.012063244
51611,0.010905808
51811,0.010573744
52011,0.008397391
52111,0.07429476
52511,0.0373807
52611,0.002766236
52711,0.0023136765
53211,0.11440045
53311,0.01386361
53411,0.010450531
53611,0.06404014
53911,0.004578894
54111,0.007538616
54211,0.0047421018
54311,0.0048022363
54411,0.0036398508
54611,0.00558081
55011,0.020099476
55211,0.0068797814
55411,0.03325827
55511,0.07264611
55611,0.016796922
56211,0.05896368
56511,0.017104622
56711,0.0046603456
56811,0.037208732
57011,0.002688167
57111,0.0036070666
57211,0.02879694
57311,0.013966486
57511,0.0047844956
57911,0.020059094
58011,0.00463791
58211,0.013453194
58311,0.021378301
58511,0.020727197
58911,0.016129041
59111,0.021817513
59211,0.024003308
59511,0.0311493
59611,0.008863125
59811,0.00790981
59911,0.06726786
60411,0.005033433
60511,0.035544228
60811,0.0064473576
61111,0.009480559
61311,0.02313748
61411,0.006403347
61711,0.0022708247
62111,0.005672213
62411,0.026427334
62711,0.004268265
62811,0.007595324
63511,0.021730926
63611,0.012805742
63711,0.10306607
63811,0.03741497
63911,0.013394218
64311,0.0047850786
64411,0.00840781
12,0.0057057235
112,0.015665414
412,0.022143919
612,0.028495388
712,0.0073441113
1012,0.004231867
1212,0.0067554857
1712,0.009762902
2212,0.0033294375
2712,0.00090306706
2812,0.0055991216
2912,0.0036010635
3012,0.004177289
3112,0.059914947
3212,0.020205667
3312,0.05714632
3412,0.0032878888
3712,0.01971233
4012,0.0034426653
4112,0.33682078
4212,0.02540984
4412,0.004179464
4712,0.007503212
4812,0.0063963444
4912,0.07004257
5112,0.016091047
5212,0.030992156
5712,0.015969384
5912,0.005739309
6212,0.03991838
6312,0.03961862
6512,0.05449292
6612,0.07885501
6812,0.015263315
6912,0.034294654
7012,0.0012275517
7212,0.019636422
7412,0.068147175
7512,0.02098143
7712,0.004552533
7912,0.0021669944
8112,0.011083471
8212,0.010177354
8312,0.011596919
8412,0.01294711
8512,0.0014267922
8612,0.0059198067
8712,0.0023697445
8912,0.0037756094
9012,0.0031269302
9212,0.011862195
9512,0.021643238
9812,0.0049633
9912,0.002523978
10112,0.0052426974
10412,0.010208205
10512,0.0031228785
10612,0.015247537
10712,0.08854032
10912,0.041700706
11212,0.008169182
11312,0.0048741717
11712,0.031359434
11912,0.0106890835
12112,0.0044617592
12412,0.0027230321
12712,0.04941162
12912,0.0025680203
13012,0.059193365
13412,0.026847975
13512,0.018217787
13612,0.015681125
13712,0.026610928
13912,0.12726718
14312,0.0121681895
14412,0.005761787
15412,0.012823146
15612,0.05547891
15712,0.0021977106
15812,0.004066301
15912,0.0059114783
16112,0.018021401
16212,0.018562075
16312,0.10529635
16412,0.019745283
16512,0.014206628
16612,0.009088275
17012,0.04629454
17112,0.0053593596
17212,0.011346324
17312,0.0065358346
17412,0.03884174
17612,0.021451492
17712,0.002247521
17912,0.0064148004
18012,0.0053706984
18112,0.0032365297
18212,0.0010286497
18412,0.0009583284
18512,0.0014205766
18712,0.005437674
18812,0.003309148
19112,0.0067663956
19512,0.0019169251
19612,0.0025166362
19712,0.0020084917
19812,0.012058023
20712,0.008143602
20812,0.072300926
20912,0.04364658
21112,0.11094104
21212,0.012294672
21412,0.017335523
21812,0.031191614
22012,0.018543523
22312,0.036309652
22412,0.04486665
22512,0.056656346
22612,0.006994836
22912,0.07652498
23012,0.014638724
23212,0.011131152
23312,0.099937536
23612,0.016827881
23712,0.01027505
23812,0.0042470098
23912,0.001569078
24112,0.005687313
24212,0.044118326
24412,0.0031346036
24512,0.0040888614
24612,0.0056035393
24712,0.001829462
25312,0.02901575
25412,0.060131166
25812,0.0014519435
26012,0.009215688
26112,0.0027882583
26212,0.020437654
26312,0.0065321475
26412,0.008101434
26612,0.027648002
26712,0.042240318
26812,0.019255672
26912,0.0063405554
27012,0.012762315
27312,0.004103276
27412,0.025782814
27512,0.021595387
27912,0.008744625
28012,0.01697613
28112,0.009751355
28312,0.06116535
28412,0.008197
29012,0.026716294
29112,0.074270874
29312,0.048095968
29612,0.02203145
29712,0.016320486
29812,0.0032453306
29912,0.017077712
30012,0.013065211
30112,0.009954595
30312,0.013850104
30412,0.008833673
30712,0.01722665
30812,0.0048726588
31112,0.0150333075
31212,0.0043218005
31612,0.00621305
31712,0.009645192
31812,0.01624421
31912,0.015470349
32012,0.010034314
32112,0.012760411
32812,0.0016446195
33012,0.022883141
33112,0.092034586
33512,0.011338279
33712,0.005380199
33812,0.0070908987
33912,0.0017805216
34012,0.0012353833
34212,0.0016622351
34312,0.0022926868
34412,0.0011749393
34512,0.0027315845
34612,0.002749396
34812,0.004646624
35012,0.001964589
35212,0.0140887145
35312,0.044422094
35512,0.0019130199
35612,0.0016628923
35712,0.0025565661
35912,0.009719121
36012,0.03246614
36112,0.007579197
36612,0.013920254
37212,0.016600706
37412,0.024823345
37512,0.016982814
37612,0.0013540682
37712,0.009313672
38112,0.016125722
38212,0.013805727
38312,0.025642566
38412,0.0021858902
38612,0.023831425
38812,0.0065633734
39112,0.0057561104
39212,0.10134258
39312,0.02712423
39412,0.009860367
39612,0.10208769
39712,0.016440017
39912,0.0054252786
40012,0.0021035431
40212,0.0060932133
40512,0.005186807
40612,0.004267502
41812,0.012856653
42012,0.007693514
42712,0.0192156
42912,0.03827499
43612,0.012758377
44212,0.021119429
44512,0.010083962
44712,0.08249756
44912,0.03505358
45212,0.0054468024
45312,0.06894965
45512,0.015284348
45612,0.041924044
46112,0.010504378
46312,0.041886043
46512,0.0053141206
46912,0.0052536773
47012,0.0051396415
47112,0.005736201
47212,0.032115825
47312,0.025422644
47612,0.021528104
47712,0.00751783
47812,0.0055025546
47912,0.007882578
48212,0.02060368
48612,0.013057419
48712,0.020536164
49112,0.0040618978
49212,0.02681434
49612,0.011529896
49712,0.0050388183
49912,0.0021341231
50112,0.013741621
50312,0.0021938565
50412,0.0030701393
50612,0.0042122295
50812,0.0041275206
50912,0.0017846789
51012,0.0046982765
51212,0.0027201772
51612,0.03129778
51812,0.0083654
52012,0.0042412444
52112,0.01708855
52512,0.015703298
52612,0.00340507
52712,0.029464228
53212,0.042681552
53312,0.013320782
53412,0.12253819
53612,0.023188379
53912,0.0031817607
54112,0.009284661
54212,0.0069613904
54312,0.007572947
54412,0.005014675
54612,0.0048002508
55012,0.05700641
55212,0.0009689748
55412,0.008633703
55512,0.025690738
55612,0.017620135
56212,0.016646484
56512,0.019225834
56712,0.0074741207
56812,0.009335207
57012,0.0007094243
57112,0.0011032171
57212,0.0063435095
57312,0.009796988
57512,0.004992629
57912,0.021678625
58012,0.0051594493
58212,0.00312837
58312,0.010051809
58512,0.0024646558
58912,0.022938939
59112,0.01613786
59212,0.005860033
59512,0.004857351
59612,0.0079256855
59812,0.013729088
59912,0.02062338
60412,0.0014416683
60512,0.010122513
60812,0.009611479
61112,0.0053056097
61312,0.047265887
61412,0.004832705
61712,0.0014725149
62112,0.009247076
62412,0.057197202
62712,0.0074626165
62812,0.0057017626
63512,0.028305607
63612,0.04208223
63712,0.034129832
63812,0.055134207
63912,0.0017326972
64312,0.00758391
64412,0.0060393997
13,0.0017694617
113,0.007999365
413,0.0007494757
613,0.004906168
713,0.0024477907
1013,0.0022571515
1213,0.0011910368
1713,0.00094738294
2213,0.0012011029
2713,0.00012848685
2813,0.0041685775
2913,0.0014822251
3013,0.009243497
3113,0.0045169624
3213,0.0040649083
3313,0.0010223766
3413,0.0010458883
3713,0.010301927
4013,0.001766062
4113,0.005268057
4213,0.0016994281
4413,0.0006961543
4713,0.0010418618
4813,0.0046708197
4913,0.08543398
5113,0.00087557675
5213,0.0048455843
5713,0.0025305639
5913,0.0010890192
6213,0.008133992
6313,0.006554788
6513,0.007498321
6613,0.015445344
6813,0.0058057453
6913,0.000666346
7013,0.0003954037
7213,0.00078460877
7413,0.058276482
7513,0.0032198303
7713,0.00046865083
7913,0.00051450625
8113,0.0006307719
8213,0.0009893912
8313,0.0003728719
8413,0.0013567788
8513,0.0009336402
8613,0.000556178
8713,0.0033834067
8913,0.0009201342
9013,0.0031030162
9213,0.00036497504
9513,0.022602014
9813,0.00090753956
9913,0.002654565
10113,0.0035482037
10413,0.0012068289
10513,0.0015070746
10613,0.028534554
10713,0.07007119
10913,0.010185338
11213,0.0017504158
11313,0.00037082122
11713,0.0014780778
11913,0.01040516
12113,0.0054812315
12413,0.006172103
12713,0.03176636
12913,0.0023964013
13013,0.0554322
13413,0.006801911
13513,0.008843482
13613,0.0065538236
13713,0.0016662367
13913,0.014215276
14313,0.009196941
14413,0.008530255
15413,0.031262163
15613,0.0044559655
15713,0.0023084243
15813,0.00047970298
15913,0.00066169485
16113,0.0025779665
16213,0.0028091508
16313,0.0017209974
16413,0.0059220036
16513,0.00013232804
16613,0.0021626248
17013,0.0028119022
17113,0.0009954902
17213,0.0016645332
17313,0.00046553765
17413,0.00019177831
17613,0.012096474
17713,0.0072506634
17913,0.00056998484
18013,0.0007096001
18113,0.00023838741
18213,0.00014003283
18413,0.00014548612
18513,0.0016323105
18713,0.00025562602
18813,0.0019086184
19113,0.07629672
19513,0.0012397892
19613,0.00035999314
19713,0.004834758
19813,0.0013228517
20713,0.001407466
20813,0.058294315
20913,0.04495329
21113,0.0447326
21213,0.0028346758
21413,0.005369996
21813,0.014913529
22013,0.010807855
22313,0.30675197
22413,0.01279259
22513,0.012774743
22613,0.010211498
22913,0.0008887009
23013,0.00024366783
23213,0.328005
23313,0.083825
23613,0.0005230918
23713,0.0015829379
23813,0.0027130048
23913,0.00060107384
24113,0.00088279543
24213,0.001305189
24413,0.00072725536
24513,0.0006847747
24613,0.00038314334
24713,0.0007241215
25313,0.0008320196
25413,0.008687121
25813,0.0034711766
26013,0.3076148
26113,0.0015346789
26213,0.0025348277
26313,0.0010234283
26413,0.028817395
26613,0.007237232
26713,0.02127149
26813,0.0017712844
26913,0.0017420092
27013,0.00065049593
27313,0.0030217886
27413,0.0012772608
27513,0.0028123702
27913,0.0010757648
28013,0.00095693755
28113,0.011397785
28313,0.011945634
28413,0.002046308
29013,0.029791191
29113,0.007038999
29313,0.13315418
29613,0.013258012
29713,0.024041967
29813,0.011330929
29913,0.019636234
30013,0.0044802367
30113,0.015131765
30313,0.0058846786
30413,0.014209161
30713,0.010730952
30813,0.0024219838
31113,0.07413531
31213,0.002018926
31613,0.00034436304
31713,0.024383945
31813,0.0037076983
31913,0.0015391574
32013,0.005150363
32113,0.008480465
32813,0.0010559689
33013,0.0014386144
33113,0.0011219835
33513,0.0025269075
33713,0.0006846976
33813,0.0017010295
33913,0.00016311201
34013,0.00034491654
34213,0.00013223148
34313,0.001269953
34413,0.00033051992
34513,0.0005934129
34613,0.0010941996
34813,0.0001569627
35013,0.0014178691
35213,0.001656839
35313,0.009120004
35513,0.0021392058
35613,0.0012449458
35713,0.060038403
35913,0.0055303336
36013,0.015999844
36113,0.0018173098
36613,0.30023515
37213,0.019575803
37413,0.022738587
37513,0.0032473288
37613,0.0017900396
37713,0.0038606827
38113,0.007928786
38213,0.021259826
38313,0.010635112
38413,0.0013898292
38613,0.0061367233
38813,0.00963497
39113,0.00036611484
39213,0.0010790464
39313,0.0011267914
39413,0.0012445588
39613,0.051011287
39713,0.017758336
39913,0.0005677941
40013,0.00062629563
40213,0.0010892887
40513,0.00031981757
40613,0.0011200604
41813,0.09433812
42013,0.0034958022
42713,0.0055491347
42913,0.015060798
43613,0.0032098661
44213,0.012692411
44513,0.0029815435
44713,0.017436203
44913,0.0149019705
45213,0.00084272947
45313,0.032429367
45513,0.006157139
45613,0.01580391
46113,0.062420495
46313,0.020684775
46513,0.013236959
46913,0.0005649577
47013,0.00076552934
47113,0.010220909
47213,0.0105795935
47313,0.002318741
47613,0.00077987695
47713,0.0076640113
47813,0.0015759454
47913,0.00036140726
48213,0.0057194135
48613,0.005407603
48713,0.00020357042
49113,0.0020660367
49213,0.005616625
49613,0.0006510382
49713,0.0004534372
49913,0.003770806
50113,0.00078562554
50313,0.00038928076
50413,0.00027560565
50613,0.00039714464
50813,0.00042324275
50913,0.0017791425
51013,0.0020074123
51213,0.00012806304
51613,0.0011096481
51813,0.0028251815
52013,0.002319084
52113,0.0018863616
52513,0.002429097
52613,0.0024552594
52713,0.0017896822
53213,0.019099934
53313,0.009402464
53413,0.0043587848
53613,0.013172678
53913,0.013643262
54113,0.04283199
54213,0.0076156063
54313,0.0035993268
54413,0.0091464175
54613,0.037006304
55013,0.004342786
55213,0.00041382053
55413,0.00043661648
55513,0.010413738
55613,0.23201676
56213,0.0014308117
56513,0.0005175382
56713,0.0004437507
56813,0.0015779799
57013,0.0013006404
57113,0.0016374418
57213,0.000609796
57313,0.00049397687
57513,0.0013795999
57913,0.011950232
58013,0.00031377975
58213,0.0026710867
58313,0.0018510235
58513,0.0006481352
58913,0.01238783
59113,0.03688587
59213,0.0013444511
59513,0.0021419795
59613,0.015550516
59813,0.0072442973
59913,0.021869095
60413,0.002361136
60513,0.0023555518
60813,0.012508271
61113,0.020275718
61313,0.02223128
61413,0.013711029
61713,0.010905859
62113,0.013945335
62413,0.01803117
62713,0.0010390948
62813,0.014341316
63513,0.010466872
63613,0.0032829691
63713,0.0053691873
63813,0.006185267
63913,0.0006281527
64313,0.0027781124
64413,0.0025766813
14,0.044998664
114,0.076792225
414,0.005166677
614,0.019201938
714,0.014400992
1014,0.042460382
1214,0.01231167
1714,0.015909372
2214,0.010147933
2714,0.0010095736
2814,0.032982036
2914,0.0077224416
3014,0.026346764
3114,0.020829376
3214,0.013753232
3314,0.003830581
3414,0.00687193
3714,0.06880949
4014,0.0044245822
4114,0.0030808807
4214,0.010510907
4414,0.0035861484
4714,0.0026493785
4814,0.030639397
4914,0.07466503
5114,0.0061795167
5214,0.007952125
5714,0.007192448
5914,0.006399084
6214,0.012821647
6314,0.029174868
6514,0.013804351
6614,0.026338855
6814,0.011053029
6914,0.004736626
7014,0.003371072
7214,0.007405475
7414,0.10645591
7514,0.019496609
7714,0.00492968
7914,0.002878005
8114,0.007535383
8214,0.0045749466
8314,0.004597666
8414,0.0036161363
8514,0.019331459
8614,0.0022123116
8714,0.09943821
8914,0.012731079
9014,0.0729544
9214,0.00431247
9514,0.07253042
9814,0.013885567
9914,0.039023988
10114,0.012782479
10414,0.007388101
10514,0.020862922
10614,0.16772653
10714,0.12256823
10914,0.015103913
11214,0.017783556
11314,0.0024044975
11714,0.009703521
11914,0.07383176
12114,0.06732327
12414,0.04503706
12714,0.040625323
12914,0.0074702017
13014,0.05101444
13414,0.025646616
13514,0.105824396
13614,0.04770748
13714,0.006886938
13914,0.027267337
14314,0.015030462
14414,0.20663375
15414,0.09146571
15614,0.007028731
15714,0.005770659
15814,0.0035148591
15914,0.0095764
16114,0.011217684
16214,0.012019322
16314,0.0062306714
16414,0.055482972
16514,0.0012215914
16614,0.048625376
17014,0.01349744
17114,0.011495016
17214,0.032327387
17314,0.004271592
17414,0.001255227
17614,0.033284117
17714,0.124886274
17914,0.009844375
18014,0.017807962
18114,0.001657684
18214,0.0011295164
18414,0.0018160965
18514,0.044504896
18714,0.0017465587
18814,0.013322059
19114,0.098129995
19514,0.04486628
19614,0.0019067717
19714,0.11056773
19814,0.009685471
20714,0.0029355534
20814,0.06841621
20914,0.05760705
21114,0.05940584
21214,0.008554547
21414,0.022220198
21814,0.021498041
22014,0.102653876
22314,0.25159845
22414,0.0331678
22514,0.025415856
22614,0.010185131
22914,0.011540532
23014,0.0022417065
23214,0.4701747
23314,0.08944132
23614,0.003252678
23714,0.007879097
23814,0.017590193
23914,0.008409553
24114,0.0076670293
24214,0.007033175
24414,0.0051503116
24514,0.0036757
24614,0.002665687
24714,0.02462565
25314,0.004319041
25414,0.024680022
25814,0.06649059
26014,0.33196878
26114,0.026038192
26214,0.012168658
26314,0.009120135
26414,0.033734955
26614,0.015340812
26714,0.027983507
26814,0.0066874838
26914,0.016089259
27014,0.008650025
27314,0.114060596
27414,0.006869356
27514,0.010436624
27914,0.0071925735
28014,0.0062990757
28114,0.101026855
28314,0.013745725
28414,0.00696659
29014,0.09539602
29114,0.011030712
29314,0.15695217
29614,0.032669753
29714,0.0436437
29814,0.048699997
29914,0.18274157
30014,0.012150624
30114,0.070443355
30314,0.040387798
30414,0.068432346
30714,0.04314116
30814,0.017574575
31114,0.1820776
31214,0.005084319
31614,0.0029505554
31714,0.19259642
31814,0.025505653
31914,0.004363566
32014,0.035751265
32114,0.20579372
32814,0.021828787
33014,0.0098112505
33114,0.002668616
33514,0.0154744545
33714,0.013713899
33814,0.03934117
33914,0.0013952901
34014,0.0027796389
34214,0.0015756597
34314,0.060108684
34414,0.003224265
34514,0.0045874245
34614,0.01438857
34814,0.0018103698
35014,0.012722188
35214,0.008501612
35314,0.011549534
35514,0.040333107
35614,0.039409194
35714,0.2561926
35914,0.016128082
36014,0.07822511
36114,0.026192268
36614,0.26625654
37214,0.08521763
37414,0.043318085
37514,0.011076607
37614,0.009932464
37714,0.015274347
38114,0.022021523
38214,0.11342688
38314,0.017135704
38414,0.0038164326
38614,0.02972685
38814,0.10124764
39114,0.0031565048
39214,0.016287025
39314,0.008174761
39414,0.0059198914
39614,0.051139787
39714,0.13035794
39914,0.008004181
40014,0.0036893326
40214,0.012807246
40514,0.0020787036
40614,0.0072997524
41814,0.27426833
42014,0.047984976
42714,0.016165035
42914,0.10097815
43614,0.012297158
44214,0.048306383
44514,0.015005002
44714,0.029676795
44914,0.056987662
45214,0.0056239483
45314,0.05713459
45514,0.022500442
45614,0.035623092
46114,0.41333616
46314,0.06771069
46514,0.2134349
46914,0.0047920616
47014,0.0039995555
47114,0.24536027
47214,0.0459479
47314,0.015300642
47614,0.0033631776
47714,0.05461078
47814,0.004603512
47914,0.0026041209
48214,0.027238198
48614,0.047906388
48714,0.001424293
49114,0.031046903
49214,0.01719606
49614,0.002394217
49714,0.0034895337
49914,0.15115002
50114,0.010544727
50314,0.0029079362
50414,0.0023654662
50614,0.005607459
50814,0.0032970903
50914,0.021248847
51014,0.03195826
51214,0.0016407168
51614,0.0060351244
51814,0.019895557
52014,0.009598481
52114,0.0067418693
52514,0.009394975
52614,0.025963567
52714,0.0059577725
53214,0.044118155
53314,0.015185068
53414,0.012986359
53614,0.070178404
53914,0.045950048
54114,0.2865344
54214,0.014040358
54314,0.007772441
54414,0.042887785
54614,0.53797495
55014,0.021702027
55214,0.0044616964
55414,0.002801845
55514,0.104120135
55614,0.32311872
56214,0.0075191013
56514,0.006572295
56714,0.0034229886
56814,0.009880712
57014,0.033961274
57114,0.042642858
57214,0.0030742947
57314,0.0027900327
57514,0.012868106
57914,0.037986137
58014,0.006520547
58214,0.033285484
58314,0.016414922
58514,0.0037449368
58914,0.056081127
59114,0.12449076
59214,0.005724807
59514,0.021358266
59614,0.023249343
59814,0.030167516
59914,0.07668066
60414,0.035722367
60514,0.013216958
60814,0.020530697
61114,0.0937299
61314,0.12148997
61414,0.1372737
61714,0.35230675
62114,0.03068287
62414,0.02714832
62714,0.003386655
62814,0.10540347
63514,0.047319893
63614,0.012746302
63714,0.011768557
63814,0.013783677
63914,0.0063399407
64314,0.018921508
64414,0.0070253294
15,0.12771884
115,0.1499229
415,0.0022040461
615,0.052478243
715,0.062433843
1015,0.015199246
1215,0.0067620114
1715,0.02631941
2215,0.008216706
2715,0.00031626955
2815,0.059372675
2915,0.017631425
3015,0.004476539
3115,0.012858722
3215,0.0064100195
3315,0.0021648696
3415,0.008287774
3715,0.026194513
4015,0.0005931721
4115,0.00065653
4215,0.027152583
4415,0.0032691932
4715,0.0006327383
4815,0.0075672474
4915,0.046016335
5115,0.0012350997
5215,0.054295626
5715,0.0031574424
5915,0.018606527
6215,0.012471092
6315,0.16441293
6515,0.0149022695
6615,0.018121863
6815,0.005769906
6915,0.012226066
7015,0.001076653
7215,0.0068702614
7415,0.13917495
7515,0.009199271
7715,0.016825384
7915,0.0008161571
8115,0.05105936
8215,0.010466883
8315,0.21544859
8415,0.00834048
8515,0.011463222
8615,0.006092596
8715,0.012304298
8915,0.015271912
9015,0.014618429
9215,0.092283435
9515,0.035151735
9815,0.054708265
9915,0.021830924
10115,0.009894563
10415,0.076276086
10515,0.05019799
10615,0.03867923
10715,0.12915412
10915,0.0030798926
11215,0.03586962
11315,0.0010162236
11715,0.0033779102
11915,0.11648187
12115,0.008036978
12415,0.0069715804
12715,0.023859238
12915,0.007918282
13015,0.022456286
13415,0.18295301
13515,0.041628007
13615,0.0044851303
13715,0.003626234
13915,0.035849456
14315,0.01577217
14415,0.0059578842
15415,0.08795639
15615,0.008560497
15715,0.0012854132
15815,0.008899479
15915,0.022099728
16115,0.059453756
16215,0.17433597
16315,0.12394743
16415,0.20054865
16515,0.00055173587
16615,0.039096016
17015,0.052339725
17115,0.016035855
17215,0.026347116
17315,0.003121546
17415,0.0024525146
17615,0.06564491
17715,0.014977777
17915,0.0135747595
18015,0.021675048
18115,0.0010507393
18215,0.0002690028
18415,0.00021053871
18515,0.0036600886
18715,0.0014223411
18815,0.0035731932
19115,0.02965682
19515,0.038796056
19615,0.0010975575
19715,0.008463004
19815,0.0058423425
20715,0.0039252103
20815,0.05121592
20915,0.034345243
21115,0.048406694
21215,0.00298851
21415,0.004793998
21815,0.012652959
22015,0.008020615
22315,0.029123105
22415,0.07893163
22515,0.083464816
22615,0.01757219
22915,0.0034175878
23015,0.001368872
23215,0.02060662
23315,0.03182016
23615,0.016047044
23715,0.007042344
23815,0.002656307
23915,0.012388924
24115,0.033210173
24215,0.037119064
24415,0.0057725217
24515,0.0058722673
24615,0.0070326505
24715,0.0060519786
25315,0.0032807824
25415,0.124110565
25815,0.020788128
26015,0.020835787
26115,0.054711517
26215,0.0025624947
26315,0.022938816
26415,0.0056035495
26615,0.043655273
26715,0.08188751
26815,0.0016450753
26915,0.026116062
27015,0.10660162
27315,0.043928668
27415,0.002587096
27515,0.009559995
27915,0.007497254
28015,0.00555413
28115,0.008526773
28315,0.028087437
28415,0.05292617
29015,0.052577533
29115,0.030301243
29315,0.03351505
29615,0.012519082
29715,0.0038482184
29815,0.11474292
29915,0.014542161
30015,0.004259534
30115,0.028107394
30315,0.085019134
30415,0.007066813
30715,0.00797395
30815,0.0037998534
31115,0.014769557
31215,0.014472892
31615,0.038214605
31715,0.046048094
31815,0.14739043
31915,0.0027549763
32015,0.011406964
32115,0.03646766
32815,0.019677768
33015,0.010415268
33115,0.02074207
33515,0.02665182
33715,0.0257582
33815,0.022677435
33915,0.0003683524
34015,0.0005156928
34215,0.00019997304
34315,0.008576132
34415,0.00033483913
34515,0.001870173
34615,0.0113387285
34815,0.0003159234
35015,0.0024425422
35215,0.0026005304
35315,0.0034401037
35515,0.018861847
35615,0.04362298
35715,0.021370526
35915,0.005037465
36015,0.040976208
36115,0.118966445
36615,0.017686253
37215,0.0056072418
37415,0.0064684427
37515,0.003995767
37615,0.00611614
37715,0.021623526
38115,0.020404777
38215,0.043216653
38315,0.026451293
38415,0.0011397436
38615,0.010801853
38815,0.004273143
39115,0.0059420015
39215,0.0020620138
39315,0.004361632
39415,0.016322251
39615,0.1394655
39715,0.0021854935
39915,0.031862453
40015,0.0012225183
40215,0.06844484
40515,0.0026792532
40615,0.007782245
41815,0.021113921
42015,0.0030509718
42715,0.003327935
42915,0.12209691
43615,0.016687209
44215,0.019293342
44515,0.0055361325
44715,0.07301051
44915,0.04874524
45215,0.001534466
45315,0.1383725
45515,0.1970811
45615,0.096311964
46115,0.0059530507
46315,0.090590626
46515,0.0040839817
46915,0.0035994607
47015,0.007663479
47115,0.009565429
47215,0.11889343
47315,0.17033118
47615,0.0012667034
47715,0.010746945
47815,0.0009983156
47915,0.025234114
48215,0.054258034
48615,0.020455444
48715,0.0009119061
49115,0.17983441
49215,0.0550246
49615,0.004562078
49715,0.00094297994
49915,0.016937394
50115,0.058578297
50315,0.0007378442
50415,0.00076459796
50615,0.00043896248
50815,0.0013203556
50915,0.0023079433
51015,0.020741249
51215,0.0002630998
51615,0.002938509
51815,0.025783492
52015,0.004273926
52115,0.049430035
52515,0.0054501765
52615,0.000572876
52715,0.0030947865
53215,0.017420301
53315,0.002141094
53415,0.003780331
53615,0.0036295822
53915,0.02091828
54115,0.011264306
54215,0.01788809
54315,0.0060854633
54415,0.039872684
54615,0.004889944
55015,0.021992443
55215,0.0010444444
55415,0.004834912
55515,0.0077564223
55615,0.074233785
56215,0.046613175
56515,0.103497446
56715,0.010019171
56815,0.0031999883
57015,0.003201353
57115,0.009949333
57215,0.068043984
57315,0.001594259
57515,0.017978577
57915,0.060121153
58015,0.19717294
58215,0.023852447
58315,0.015698474
58515,0.021111412
58915,0.09171122
59115,0.06254547
59215,0.0028054123
59515,0.0043942207
59615,0.008574214
59815,0.004149433
59915,0.0144137535
60415,0.0019379038
60515,0.004948144
60815,0.015004447
61115,0.0045553814
61315,0.018701928
61415,0.008427175
61715,0.0034652287
62115,0.0047624134
62415,0.010263949
62715,0.01128713
62815,0.029207656
63515,0.16136022
63615,0.006456118
63715,0.008075622
63815,0.028103042
63915,0.0068677515
64315,0.07468138
64415,0.0061237747
16,0.006092961
116,0.010638514
416,0.0014056101
616,0.011184809
716,0.0031485967
1016,0.005577933
1216,0.0031706023
1716,0.0050751287
2216,0.003008384
2716,0.0006921718
2816,0.0016049265
2916,0.0013362456
3016,0.007916801
3116,0.0033532402
3216,0.0030894112
3316,0.0004510685
3416,0.0010142919
3716,0.0033488811
4016,0.0015004476
4116,0.005939989
4216,0.0020523504
4416,0.001139342
4716,0.0011878096
4816,0.0015140659
4916,0.04870548
5116,0.0007101522
5216,0.013460048
5716,0.0011036006
5916,0.0020250406
6216,0.009936323
6316,0.010194745
6516,0.004465414
6616,0.014133645
6816,0.0028794874
6916,0.0010872215
7016,0.002315934
7216,0.0010940736
7416,0.055626925
7516,0.004155601
7716,0.0011279087
7916,0.000843622
8116,0.0047875866
8216,0.0015436021
8316,0.001150336
8416,0.0014116094
8516,0.004330066
8616,0.0010458576
8716,0.012834275
8916,0.004065574
9016,0.013726269
9216,0.0026249513
9516,0.007298478
9816,0.0026415617
9916,0.0052184337
10116,0.0008361591
10416,0.0010922038
10516,0.0034322487
10616,0.016283259
10716,0.051076047
10916,0.008071836
11216,0.001999187
11316,0.0010968226
11716,0.0014836513
11916,0.008075237
12116,0.00078590936
12416,0.0010513252
12716,0.036605086
12916,0.0047886292
13016,0.039494667
13416,0.0048391
13516,0.0048240595
13616,0.002992065
13716,0.0017818785
13916,0.010842273
14316,0.003519901
14416,0.006587316
15416,0.046684995
15616,0.0022958333
15716,0.00054390717
15816,0.0015616777
15916,0.0025461514
16116,0.005476771
16216,0.003084906
16316,0.0027314418
16416,0.0069122515
16516,0.00026996632
16616,0.0041737817
17016,0.0066396794
17116,0.0010277239
17216,0.00499115
17316,0.0016398712
17416,0.0003817706
17616,0.008164207
17716,0.007722532
17916,0.0013048146
18016,0.0013277548
18116,0.0010335883
18216,0.000678152
18416,0.0011040248
18516,0.003684915
18716,0.00062010915
18816,0.0007344218
19116,0.013656979
19516,0.0011862268
19616,0.0027663046
19716,0.0006447238
19816,0.00089538214
20716,0.0012044884
20816,0.06699743
20916,0.03855253
21116,0.061694246
21216,0.0009573415
21416,0.016918648
21816,0.01778425
22016,0.0069256644
22316,0.120758645
22416,0.014815138
22516,0.015634554
22616,0.0028895405
22916,0.00045788017
23016,0.0005200394
23216,0.06142405
23316,0.060765058
23616,0.0024790373
23716,0.0057354625
23816,0.008405944
23916,0.0010476573
24116,0.0021400517
24216,0.0045752698
24416,0.0027708907
24516,0.0019347884
24616,0.001540324
24716,0.0041191992
25316,0.0011231151
25416,0.012379826
25816,0.01223898
26016,0.06377862
26116,0.0067891995
26216,0.0011058223
26316,0.004168332
26416,0.009649696
26616,0.013766432
26716,0.023780357
26816,0.0016838558
26916,0.0017350944
27016,0.0012678154
27316,0.0011838799
27416,0.0017852503
27516,0.0056385593
27916,0.002743136
28016,0.0014681867
28116,0.016991118
28316,0.0154908905
28416,0.0026243287
29016,0.032750223
29116,0.0072524343
29316,0.08349607
29616,0.004976711
29716,0.0106937885
29816,0.0036151765
29916,0.009668616
30016,0.0010467876
30116,0.019349841
30316,0.0041127936
30416,0.005738992
30716,0.015572608
30816,0.0012185215
31116,0.07676073
31216,0.0010424254
31616,0.0021447863
31716,0.0118040675
31816,0.0061867707
31916,0.0013517286
32016,0.0013948056
32116,0.006210254
32816,0.0037136762
33016,0.0026964261
33116,0.0032006842
33516,0.0050321515
33716,0.0019178349
33816,0.0038952827
33916,0.00045088434
34016,0.0024227027
34216,0.0006107328
34316,0.006126173
34416,0.0018597058
34516,0.0024004017
34616,0.0014822743
34816,0.0005438513
35016,0.0013603932
35216,0.00072616397
35316,0.013668159
35516,0.0024729487
35616,0.001898362
35716,0.0051090596
35916,0.0022233957
36016,0.009486132
36116,0.0014406223
36616,0.085582025
37216,0.0033780097
37416,0.021657966
37516,0.0033068229
37616,0.011923104
37716,0.0028763032
38116,0.003339621
38216,0.008218713
38316,0.0069319694
38416,0.0019505493
38616,0.0054114647
38816,0.0031442097
39116,0.0012908848
39216,0.00033635634
39316,0.0012694629
39416,0.004728367
39616,0.023623819
39716,0.006341213
39916,0.0010245325
40016,0.0020559663
40216,0.0061186017
40516,0.00075799244
40616,0.0051204553
41816,0.08615087
42016,0.0023448104
42716,0.0058616735
42916,0.015414365
43616,0.0022149216
44216,0.0046442775
44516,0.0010246354
44716,0.024349205
44916,0.010331978
45216,0.0006350524
45316,0.02021546
45516,0.0074048615
45616,0.012575907
46116,0.012842673
46316,0.019326938
46516,0.016218347
46916,0.0003850726
47016,0.0027843977
47116,0.0073169894
47216,0.013941241
47316,0.0037088552
47616,0.0005116819
47716,0.017985271
47816,0.0006504567
47916,0.0028774207
48216,0.017403828
48616,0.010760507
48716,0.00043447805
49116,0.0015304448
49216,0.007606394
49616,0.00040215132
49716,0.0012483748
49916,0.0013767703
50116,0.003392273
50316,0.0009777822
50416,0.0007938862
50616,0.0007625849
50816,0.0008215407
50916,0.004187747
51016,0.0029151961
51216,0.00047189574
51616,0.00033531777
51816,0.0019860542
52016,0.00038516833
52116,0.0053943465
52516,0.0013563068
52616,0.0023237308
52716,0.014944338
53216,0.007001426
53316,0.0059458055
53416,0.0037613004
53616,0.0067623877
53916,0.012096975
54116,0.021287763
54216,0.0046605687
54316,0.0022933
54416,0.0028812008
54616,0.00365071
55016,0.0041287285
55216,0.0038787131
55416,0.0012434233
55516,0.0073378785
55616,0.038064264
56216,0.010131916
56516,0.0038743122
56716,0.0020417662
56816,0.0020512666
57016,0.021641705
57116,0.005746312
57216,0.0023515841
57316,0.00022703256
57516,0.0025787696
57916,0.0063682105
58016,0.0014211554
58216,0.0085079
58316,0.0019525327
58516,0.0034102865
58916,0.009033653
59116,0.047276266
59216,0.0011494858
59516,0.0079556005
59616,0.018336233
59816,0.0030781424
59916,0.017565865
60416,0.0013889646
60516,0.0018223276
60816,0.004255337
61116,0.004000878
61316,0.016556725
61416,0.011987473
61716,0.0020270352
62116,0.003909382
62416,0.013420542
62716,0.0025238039
62816,0.008445074
63516,0.01268112
63616,0.0030668506
63716,0.0031275891
63816,0.007236574
63916,0.0048739463
64316,0.0014427413
64416,0.00085711246
17,0.001845336
117,0.0024024118
417,0.003847475
617,0.0025269536
717,0.0014452615
1017,0.0014397687
1217,0.0014172496
1717,0.005736128
2217,0.0032361562
2717,0.0010252597
2817,0.00084920245
2917,0.0008741351
3017,0.0023878242
3117,0.015616822
3217,0.0053215655
3317,0.014729772
3417,0.00071022427
3717,0.02040363
4017,0.0005876902
4117,0.0015753144
4217,0.0483185
4417,0.0011766974
4717,0.00065039314
4817,0.0018197411
4917,0.018614462
5117,0.06464893
5217,0.006910804
5717,0.009034167
5917,0.00044156038
6217,0.0051914626
6317,0.006116401
6517,0.012554652
6617,0.00795539
6817,0.0078000673
6917,0.008280761
7017,0.0041256505
7217,0.014651396
7417,0.015328756
7517,0.0011045175
7717,0.0010380324
7917,0.009926855
8117,0.000644584
8217,0.0057691643
8317,0.0008053115
8417,0.006121604
8517,0.0033719034
8617,0.011974714
8717,0.0018740018
8917,0.0020087499
9017,0.0017915874
9217,0.009852932
9517,0.010307626
9817,0.0018198733
9917,0.0046853535
10117,0.002625503
10417,0.0015831123
10517,0.0020933948
10617,0.00757109
10717,0.017398205
10917,0.012835239
11217,0.002973413
11317,0.0010018639
11717,0.00688863
11917,0.0026268626
12117,0.0011656684
12417,0.00091476715
12717,0.0065217544
12917,0.0009849576
13017,0.009022066
13417,0.004141937
13517,0.0029238118
13617,0.0019592196
13717,0.00951647
13917,0.047450133
14317,0.006895826
14417,0.0007784486
15417,0.002185528
15617,0.022473795
15717,0.00187154
15817,0.0011392902
15917,0.0011504868
16117,0.008699192
16217,0.0019315694
16317,0.005587053
16417,0.001752913
16517,0.0007016742
16617,0.0022989472
17017,0.034087177
17117,0.0010557593
17217,0.0030998026
17317,0.00045531633
17417,0.00065637764
17617,0.0059519093
17717,0.0013423102
17917,0.002054771
18017,0.0015347768
18117,0.0018054271
18217,0.00054930034
18417,0.00017865597
18517,0.0014231252
18717,0.0036093167
18817,0.00082009315
19117,0.011136193
19517,0.00064567366
19617,0.0017962292
19717,0.0021890756
19817,0.024139257
20717,0.0018830654
20817,0.005534794
20917,0.009400409
21117,0.0059316093
21217,0.004116776
21417,0.010138683
21817,0.025562491
22017,0.003975982
22317,0.008202527
22417,0.002734098
22517,0.028522892
22617,0.0023197392
22917,0.0059934733
23017,0.0013655706
23217,0.0020641729
23317,0.020549988
23617,0.005619368
23717,0.0070560453
23817,0.001295728
23917,0.00046296694
24117,0.0014290528
24217,0.0034843828
24417,0.018500937
24517,0.013796243
24617,0.007838144
24717,0.000719292
25317,0.0024410496
25417,0.0058945008
25817,0.0005353253
26017,0.00385912
26117,0.004180581
26217,0.0011734574
26317,0.0015156871
26417,0.0072108754
26617,0.0046950113
26717,0.005504675
26817,0.008064483
26917,0.002102475
27017,0.0014283613
27317,0.00055866555
27417,0.0057718223
27517,0.007726239
27917,0.0026914764
28017,0.004769167
28117,0.0022078573
28317,0.005653132
28417,0.0012498886
29017,0.0032688992
29117,0.0063027455
29317,0.009750948
29617,0.010058406
29717,0.0052628564
29817,0.0010463499
29917,0.0027027498
30017,0.016456112
30117,0.0025116813
30317,0.003537273
30417,0.003914386
30717,0.003835246
30817,0.0011809415
31117,0.0022292188
31217,0.0013211088
31617,0.0020228727
31717,0.0013015466
31817,0.0015035624
31917,0.0010795796
32017,0.002798743
32117,0.0023322213
32817,0.0005441518
33017,0.0014853968
33117,0.0016621439
33517,0.0025741183
33717,0.001665892
33817,0.0035189153
33917,0.00072458043
34017,0.001310984
34217,0.00015862694
34317,0.0034007637
34417,0.00096589816
34517,0.002034391
34617,0.002308466
34817,0.00021664322
35017,0.0010435292
35217,0.009228781
35317,0.004694978
35517,0.0011609931
35617,0.0006740567
35717,0.0046882476
35917,0.0032154901
36017,0.003591536
36117,0.00070071785
36617,0.0023850857
37217,0.008227411
37417,0.014073175
37517,0.012615589
37617,0.0008883774
37717,0.006328457
38117,0.0061835586
38217,0.010128659
38317,0.026872974
38417,0.0011206645
38617,0.0031719995
38817,0.0032973087
39117,0.004764153
39217,0.0028341108
39317,0.008786161
39417,0.008040455
39617,0.026329575
39717,0.0028701823
39917,0.00061756396
40017,0.010267168
40217,0.00093150133
40517,0.00093488017
40617,0.0039674635
41817,0.0016217728
42017,0.0015983136
42717,0.011479
42917,0.0056116977
43617,0.0033033395
44217,0.015376376
44517,0.009691076
44717,0.0038890278
44917,0.004513127
45217,0.51683784
45317,0.039167553
45517,0.003844483
45617,0.016206432
46117,0.0018512704
46317,0.003177557
46517,0.00078337215
46917,0.00031591853
47017,0.017660629
47117,0.0004987062
47217,0.0038755124
47317,0.0012262672
47617,0.00076299225
47717,0.0029746087
47817,0.0019614901
47917,0.003045593
48217,0.0026094604
48617,0.0038960322
48717,0.0010549654
49117,0.00047271803
49217,0.0029545287
49617,0.0012655755
49717,0.003152627
49917,0.00060996535
50117,0.0035142303
50317,0.00094653614
50417,0.00211905
50617,0.00064536044
50817,0.002818868
50917,0.0015944069
51017,0.001831619
51217,0.00029251995
51617,0.0054575996
51817,0.0043791537
52017,0.0012682216
52117,0.009015847
52517,0.0064618113
52617,0.0010829606
52717,0.00045955193
53217,0.17724614
53317,0.014223134
53417,0.03564175
53617,0.0069426964
53917,0.0019748637
54117,0.0012011034
54217,0.0024936353
54317,0.0028921072
54417,0.001483388
54617,0.0012746697
55017,0.0032550758
55217,0.0020131855
55417,0.007723529
55517,0.0034267304
55617,0.007225727
56217,0.008661994
56517,0.0032202941
56717,0.0018782519
56817,0.004030977
57017,0.0007736554
57117,0.0021964554
57217,0.0022063171
57317,0.0009453719
57517,0.0018341745
57917,0.005265978
58017,0.0006665282
58217,0.0030846857
58317,0.006678839
58517,0.0022698967
58917,0.00379392
59117,0.0024962248
59217,0.0016779854
59517,0.00094523985
59617,0.0019528262
59817,0.0021292865
59917,0.011349324
60417,0.0008144245
60517,0.007372938
60817,0.0039561875
61117,0.0046843635
61317,0.0025905618
61417,0.0012890961
61717,0.00049221434
62117,0.004244934
62417,0.019539073
62717,0.002565513
62817,0.0018754458
63517,0.0018917982
63617,0.0057542836
63717,0.019113949
63817,0.009111427
63917,0.003765977
64317,0.0010267533
64417,0.0013011538
18,0.004337177
118,0.010303054
418,0.004756283
618,0.015037618
718,0.019433811
1018,0.004295794
1218,0.0029584959
1718,0.00866892
2218,0.0043561365
2718,0.000601616
2818,0.019127421
2918,0.0057314746
3018,0.09624348
3118,0.020471564
3218,0.18253838
3318,0.4473957
3418,0.0032283366
3718,0.016657269
4018,0.5870195
4118,0.3025617
4218,0.009004966
4418,0.003759875
4718,0.74473745
4818,0.12715632
4918,0.053979702
5118,0.15332185
5218,0.014710542
5718,0.17122386
5918,0.016336642
6218,0.19848819
6318,0.05067738
6518,0.084282584
6618,0.058338135
6818,0.068304814
6918,0.0032678745
7018,0.0017058902
7218,0.0049837017
7418,0.014617922
7518,0.012677421
7718,0.0047550076
7918,0.0015578532
8118,0.010227585
8218,0.0086361095
8318,0.0011134325
8418,0.025998294
8518,0.0025844728
8618,0.0047292467
8718,0.0038297144
8918,0.0035509944
9018,0.0069928337
9218,0.003155176
9518,0.0367397
9818,0.0034517832
9918,0.008908779
10118,0.012606634
10418,0.009705279
10518,0.015762253
10618,0.030223738
10718,0.037166487
10918,0.165088
11218,0.007190287
11318,0.0028553635
11718,0.011460156
11918,0.02809847
12118,0.014467322
12418,0.05508682
12718,0.02625425
12918,0.028572116
13018,0.049560133
13418,0.031995658
13518,0.02188501
13618,0.10852181
13718,0.035793636
13918,0.036698084
14318,0.09716747
14418,0.00882781
15418,0.009334267
15618,0.120342895
15718,0.011408387
15818,0.0040144264
15918,0.0056175673
16118,0.0052128555
16218,0.008268703
16318,0.010461248
16418,0.008575259
16518,0.0009748929
16618,0.0072743874
17018,0.064058274
17118,0.0050759837
17218,0.016421702
17318,0.0031998605
17418,0.0026906899
17618,0.0391411
17718,0.012386851
17918,0.006383052
18018,0.004721376
18118,0.0010565352
18218,0.00052893296
18418,0.0010148189
18518,0.0031635666
18718,0.0013033837
18818,0.006432867
19118,0.08889116
19518,0.00402553
19618,0.0013180365
19718,0.01614614
19818,0.0067031835
20718,0.011399351
20818,0.025960684
20918,0.036069896
21118,0.018896919
21218,0.07363422
21418,0.070710346
21818,0.05583547
22018,0.055174932
22318,0.02668669
22418,0.037590377
22518,0.026847579
22618,0.09099534
22918,0.012981396
23018,0.001890103
23218,0.0108798565
23318,0.067676656
23618,0.007661883
23718,0.0036711316
23818,0.0057424563
23918,0.0039430084
24118,0.007876176
24218,0.0060734255
24418,0.0030167853
24518,0.0028322283
24618,0.0014848233
24718,0.0040469877
25318,0.0066628144
25418,0.011344489
25818,0.0015614866
26018,0.032161366
26118,0.0037599744
26218,0.044791527
26318,0.05532781
26418,0.031002417
26618,0.0060031125
26718,0.035504267
26818,0.016794885
26918,0.00613255
27018,0.0017098336
27318,0.0062543564
27418,0.012461743
27518,0.009585602
27918,0.0021822217
28018,0.0044217966
28118,0.011505872
28318,0.13013463
28418,0.015870139
29018,0.033995412
29118,0.1638543
29318,0.03358134
29618,0.04203962
29718,0.035885893
29818,0.009493974
29918,0.033876676
30018,0.020874135
30118,0.013622438
30318,0.021715147
30418,0.20858891
30718,0.013680466
30818,0.013771232
31118,0.008185266
31218,0.033283845
31618,0.0037131936
31718,0.023453388
31818,0.008159493
31918,0.5258469
32018,0.042292036
32118,0.013845262
32818,0.00457618
33018,0.0107263755
33118,0.013816983
33518,0.034894593
33718,0.0050069964
33818,0.007850785
33918,0.00056045945
34018,0.0014701969
34218,0.0016828055
34318,0.0046838922
34418,0.0015424076
34518,0.0034775843
34618,0.0047311434
34818,0.0015618602
35018,0.0118313795
35218,0.038714666
35318,0.17998786
35518,0.007817382
35618,0.0039048803
35718,0.028601043
35918,0.100516334
36018,0.040539976
36118,0.0058802054
36618,0.05331663
37218,0.292898
37418,0.06588469
37518,0.02060654
37618,0.0040839454
37718,0.05195916
38118,0.13217436
38218,0.029902473
38318,0.059102967
38418,0.014439464
38618,0.061698645
38818,0.064938284
39118,0.0026732327
39218,0.016300306
39318,0.010163115
39418,0.003294977
39618,0.0285308
39718,0.034108106
39918,0.003254641
40018,0.0033837126
40218,0.0035831344
40518,0.006268276
40618,0.010059541
41818,0.009783705
42018,0.012992593
42718,0.057608414
42918,0.014723022
43618,0.01751304
44218,0.04252142
44518,0.0116839465
44718,0.008447586
44918,0.06367511
45218,0.0058308817
45318,0.025234055
45518,0.005977428
45618,0.10304982
46118,0.07430388
46318,0.023387576
46518,0.0032692126
46918,0.0032095644
47018,0.0031238617
47118,0.002036914
47218,0.023372099
47318,0.008077949
47618,0.07074128
47718,0.06914188
47818,0.40076917
47918,0.005312997
48218,0.010905136
48618,0.018745767
48718,0.0014682141
49118,0.0049488954
49218,0.030837048
49618,0.006712936
49718,0.0014728176
49918,0.0077170846
50118,0.008028156
50318,0.0010234589
50418,0.0020686814
50618,0.006021752
50818,0.0018534074
50918,0.004952801
51018,0.0073558413
51218,0.0007538302
51618,0.06553101
51818,0.012298622
52018,0.0070000226
52118,0.002561188
52518,0.040833417
52618,0.010355004
52718,0.024525296
53218,0.06790105
53318,0.045281943
53418,0.24380772
53618,0.058996808
53918,0.037381288
54118,0.032137018
54218,0.04027384
54318,0.03487068
54418,0.038531844
54618,0.014650311
55018,0.023529906
55218,0.003511763
55418,0.0035615978
55518,0.0128627485
55618,0.023522098
56218,0.0034567972
56518,0.0065654726
56718,0.0066375975
56818,0.008866533
57018,0.001816644
57118,0.004989924
57218,0.0024360737
57318,0.008461323
57518,0.006526698
57918,0.07198416
58018,0.0010212233
58218,0.0024753134
58318,0.0142150605
58518,0.0029491696
58918,0.016398685
59118,0.018470911
59218,0.008971648
59518,0.00088663364
59618,0.104090706
59818,0.10676631
59918,0.04642115
60418,0.0025044114
60518,0.008369442
60818,0.07694097
61118,0.0542695
61318,0.0098343855
61418,0.017304847
61718,0.0095843235
62118,0.058232863
62418,0.1487509
62718,0.058636695
62818,0.030741591
63518,0.007927337
63618,0.054353174
63718,0.14130318
63818,0.06284396
63918,0.0015894189
64318,0.013117713
64418,0.036481697
