Id,Probability
0,0.024774
100,0.031248244
400,0.00013175418
600,0.0356174
700,0.02885209
1000,0.031212494
1200,0.00921071
1700,0.02601406
2200,0.026239803
2700,8.862891e-05
2800,0.009758903
2900,0.037066713
3000,0.018151306
3100,0.034425933
3200,0.017683579
3300,0.017489975
3400,0.024480822
3700,0.0052742963
4000,0.03210346
4100,2.6361259e-11
4200,0.021207837
4400,0.036343
4700,0.0303007
4800,0.041035827
4900,0.016106624
5100,0.03439044
5200,0.021311196
5700,0.035992924
5900,0.0289812
6200,0.025408411
6300,0.027698178
6500,0.030504229
6600,0.042660695
6800,0.023128796
6900,0.00014288744
7000,0.0056307977
7200,9.379882e-05
7400,0.024720173
7500,0.015874611
7700,0.03232952
7900,0.02272664
8100,0.033532903
8200,0.038520403
8300,0.052317917
8400,0.03755423
8500,0.042809542
8600,0.038169663
8700,0.041218042
8900,0.032120652
9000,0.03437785
9200,0.037199996
9500,0.030291833
9800,0.045359235
9900,0.040562216
10100,0.026243847
10400,0.06338534
10500,0.036192164
10600,0.022676727
10700,0.013148047
10900,0.025184523
11200,0.031763133
11300,0.00401133
11700,0.0065863533
11900,0.030057553
12100,0.031913802
12400,0.025490545
12700,0.024104455
12900,0.026669284
13000,0.010211465
13400,0.02182061
13500,0.03028843
13600,0.022902228
13700,0.045489416
13900,0.0148312785
14300,0.025721887
14400,0.0019957474
15400,0.0025568418
15600,0.035763625
15700,0.024070991
15800,0.036616277
15900,0.038056258
16100,0.037405305
16200,0.037190292
16300,0.03877293
16400,0.03631401
16500,7.1053604e-05
16600,0.013789456
17000,0.01959499
17100,0.039776888
17200,0.027613461
17300,0.024171844
17400,0.033408266
17600,0.030946463
17700,0.026618123
17900,0.031381972
18000,0.019204115
18100,0.00017652965
18200,0.00013812681
18400,0.00087042846
18500,0.031512775
18700,4.3250016e-06
18800,0.047531012
19100,0.016984468
19500,0.055275008
19600,0.0023486195
19700,0.04432266
19800,0.00014235868
20700,0.038446154
20800,0.0066668345
20900,0.02792346
21100,0.03665035
21200,0.025383547
21400,0.027081935
21800,0.03208946
22000,0.045521475
22300,0.024019426
22400,0.036984622
22500,0.031047527
22600,0.034444492
22900,7.706895e-06
23000,1.2885429e-05
23200,0.03284831
23300,0.017937828
23600,0.03947261
23700,0.023591071
23800,0.02350458
23900,0.034210373
24100,0.030638732
24200,0.03129708
24400,0.0028286797
24500,0.06875468
24600,0.004545629
24700,0.03903435
25300,0.0031270355
25400,0.028878234
25800,0.0155440895
26000,0.005146996
26100,0.023752972
26200,0.039958756
26300,0.060236964
26400,0.0045899204
26600,0.027393106
26700,0.026414573
26800,0.0047104685
26900,0.025098525
27000,0.044536382
27300,0.035121556
27400,0.028069716
27500,0.00026702462
27900,0.007204517
28000,0.029731426
28100,0.0072384346
28300,0.027152682
28400,0.026655748
29000,0.019493314
29100,0.031806204
29300,0.032458853
29600,0.02835913
29700,0.0038668774
29800,0.025454937
29900,0.026151989
30000,0.024922414
30100,0.0076039038
30300,0.034759253
30400,0.043799233
30700,0.003274141
30800,0.04622832
31100,0.00420927
31200,0.040041316
31600,0.03871514
31700,0.0022815932
31800,0.019659813
31900,0.030708855
32000,0.02355546
32100,0.023290385
32800,0.031942908
33000,0.0328765
33100,0.021985635
33500,0.03324607
33700,0.035869073
33800,0.027819736
33900,5.8812984e-05
34000,0.022435416
34200,0.00027665307
34300,0.037028756
34400,0.010920044
34500,0.0070334827
34600,0.04392929
34800,1.30686985e-05
35000,0.03160844
35200,0.023513993
35300,0.022827495
35500,0.04582327
35600,0.034652192
35700,0.03476876
35900,0.014407897
36000,0.03171289
36100,0.047088753
36600,0.00056401006
37200,0.022972647
37400,0.017396994
37500,0.023907237
37600,0.018335499
37700,0.03136824
38100,0.018280275
38200,0.033804152
38300,0.02543831
38400,0.039663494
38600,0.027608149
38800,0.028306386
39100,0.031305257
39200,2.8235201e-05
39300,0.0005676328
39400,0.012758378
39600,0.024176823
39700,0.000101639016
39900,0.030804686
40000,0.04793173
40200,0.04091857
40500,0.05793344
40600,0.035955567
41800,0.007927664
42000,0.043188524
42700,0.028494207
42900,0.013522669
43600,0.0035422686
44200,0.028533095
44500,0.019044144
44700,0.03522993
44900,0.023547692
45200,0.018896697
45300,0.028686864
45500,0.03742941
45600,0.030001981
46100,0.014989025
46300,0.021380154
46500,0.00198493
46900,0.0324396
47000,0.0134460265
47100,0.0032204392
47200,0.040597856
47300,0.03074534
47600,0.043327115
47700,0.013867382
47800,0.0248289
47900,0.03825709
48200,0.041344136
48600,0.033417266
48700,0.00015933606
49100,0.017780162
49200,0.024676923
49600,0.018573074
49700,0.0005567405
49900,0.046232928
50100,0.023212869
50300,0.0043208054
50400,0.0010053434
50600,0.0014659911
50800,0.0005208729
50900,0.0057753944
51000,0.041051444
51200,0.00040942582
51600,0.0049463
51800,0.04545128
52000,0.0012865947
52100,0.028844275
52500,0.033536416
52600,0.0058384193
52700,0.0044167875
53200,0.03076101
53300,0.013171305
53400,0.026747327
53600,0.042423315
53900,0.009688264
54100,0.023378855
54200,0.027706984
54300,0.01986593
54400,0.029180812
54600,0.014552117
55000,0.024831882
55200,0.004466112
55400,0.0004338491
55500,0.04949442
55600,0.024406554
56200,0.03673878
56500,0.034899067
56700,0.040384267
56800,0.028448911
57000,0.021639254
57100,0.035861887
57200,0.03206524
57300,0.013191642
57500,0.04058833
57900,0.055145454
58000,0.044598468
58200,0.014842924
58300,0.030211432
58500,0.029459542
58900,0.022442933
59100,0.010537416
59200,0.015018597
59500,0.0007073902
59600,0.005681111
59800,0.01751521
59900,0.01942669
60400,0.0062161344
60500,0.0170321
60800,0.036030516
61100,0.009727872
61300,0.010817747
61400,0.0067343973
61700,0.042607374
62100,0.0054898127
62400,0.022894336
62700,0.027665941
62800,0.04149926
63500,0.0017235954
63600,0.045197647
63700,0.027947485
63800,0.043605976
63900,0.044422474
64300,0.02882603
64400,0.0290286
1,0.04104265
101,0.06023764
401,0.20514724
601,0.045196846
701,0.10372368
1001,0.07581955
1201,0.11356739
1701,0.08899875
2201,0.13212201
2701,0.99505156
2801,0.015926588
2901,0.05964093
3001,0.049874015
3101,0.07858839
3201,0.081621155
3301,0.089019194
3401,0.16630353
3701,0.7735963
4001,0.06590298
4101,0.9790318
4201,0.062145676
4401,0.044053864
4701,0.034037694
4801,0.061892178
4901,0.011048775
5101,0.09703093
5201,0.040785406
5701,0.051112078
5901,0.054829195
6201,0.08090993
6301,0.08144698
6501,0.06422761
6601,0.07419283
6801,0.04835743
6901,0.849115
7001,0.6196605
7201,0.9925648
7401,0.06844338
7501,0.24071983
7701,0.13655224
7901,0.12311725
8101,0.03929784
8201,0.08601236
8301,0.031885583
8401,0.054679032
8501,0.08334333
8601,0.06781146
8701,0.10565033
8901,0.05876592
9001,0.10803522
9201,0.04726045
9501,0.0295789
9801,0.1148182
9901,0.060204744
10101,0.034871135
10401,0.069290675
10501,0.0867484
10601,0.025712693
10701,0.02685297
10901,0.05604051
11201,0.037946753
11301,0.31153002
11701,0.68243176
11901,0.06212189
12101,0.04020673
12401,0.041269682
12701,0.08440589
12901,0.043354757
13001,0.0047954996
13401,0.094181426
13501,0.04895411
13601,0.07138942
13701,0.09982653
13901,0.08507699
14301,0.15582033
14401,0.0028056756
15401,0.0015127369
15601,0.050130792
15701,0.04314698
15801,0.059943832
15901,0.1210866
16101,0.0392942
16201,0.054016996
16301,0.092299975
16401,0.069478534
16501,0.3013868
16601,0.053048465
17001,0.22943257
17101,0.080427155
17201,0.06432607
17301,0.04455008
17401,0.083374165
17601,0.021752428
17701,0.036458723
17901,0.14690702
18001,0.068782575
18101,0.99022377
18201,0.9837534
18401,0.87358576
18501,0.17673513
18701,0.9997816
18801,0.08573932
19101,0.018488979
19501,0.06768631
19601,0.85490894
19701,0.05544429
19801,0.99078524
20701,0.08255686
20801,0.0058876816
20901,0.033040527
21101,0.069592126
21201,0.039076816
21401,0.089218274
21801,0.08803366
22001,0.09776029
22301,0.027459346
22401,0.028384529
22501,0.17666097
22601,0.03712936
22901,0.64821714
23001,0.99794155
23201,0.08056069
23301,0.06980602
23601,0.055606436
23701,0.032960393
23801,0.23425782
23901,0.06352539
24101,0.06955899
24201,0.04120939
24401,0.9113239
24501,0.07426851
24601,0.86501354
24701,0.04296205
25301,0.10662821
25401,0.039123572
25801,0.010148791
26001,0.004973505
26101,0.07758182
26201,0.0805783
26301,0.09411276
26401,0.0012438203
26601,0.079578534
26701,0.08847664
26801,0.24052058
26901,0.07563649
27001,0.04008889
27301,0.03510738
27401,0.054568816
27501,0.98113316
27901,0.056274943
28001,0.081298046
28101,0.022344476
28301,0.085950084
28401,0.115488335
29001,0.01573826
29101,0.038349833
29301,0.045063935
29601,0.05663266
29701,0.0054899217
29801,0.027243257
29901,0.10358023
30001,0.10261936
30101,0.005022936
30301,0.13414846
30401,0.17142361
30701,0.0032552981
30801,0.082929
31101,0.004599991
31201,0.06158926
31601,0.050537698
31701,0.003831789
31801,0.017986624
31901,0.089177154
32001,0.05157313
32101,0.056450088
32801,0.08773251
33001,0.092015795
33101,0.06262116
33501,0.053710222
33701,0.09063524
33801,0.08226284
33901,0.9682512
34001,0.5401009
34201,0.948715
34301,0.12288025
34401,0.8215978
34501,0.62076485
34601,0.06654947
34801,0.9979185
35001,0.14992487
35201,0.39989668
35301,0.03151248
35501,0.046149455
35601,0.046227578
35701,0.040297855
35901,0.031018632
36001,0.048527803
36101,0.057046313
36601,0.001903929
37201,0.13902211
37401,0.031478595
37501,0.045469992
37601,0.025985496
37701,0.074061744
38101,0.10064716
38201,0.1079572
38301,0.054910082
38401,0.06681001
38601,0.065934874
38801,0.04888839
39101,0.3040873
39201,0.90236485
39301,0.66201997
39401,0.24863282
39601,0.03058347
39701,0.9647579
39901,0.07059011
40001,0.048012022
40201,0.05535872
40501,0.061613042
40601,0.08763061
41801,0.013003286
42001,0.089523695
42701,0.07875024
42901,0.08644403
43601,0.0034409876
44201,0.06324384
44501,0.03958091
44701,0.08325013
44901,0.20070703
45201,0.08371339
45301,0.030196441
45501,0.058007337
45601,0.10158486
46101,0.017380772
46301,0.12698643
46501,0.015888369
46901,0.14133748
47001,0.22050643
47101,0.004232158
47201,0.033254415
47301,0.06616293
47601,0.06592314
47701,0.13293032
47801,0.07152914
47901,0.07296579
48201,0.034783818
48601,0.05491991
48701,0.32871297
49101,0.020029373
49201,0.05862057
49601,0.045182094
49701,0.86123353
49901,0.06420787
50101,0.12954953
50301,0.56572765
50401,0.9589227
50601,0.8050563
50801,0.97650963
50901,0.49421832
51001,0.095820054
51201,0.9400697
51601,0.6014493
51801,0.026979208
52001,0.56594247
52101,0.10274498
52501,0.035108835
52601,0.012070812
52701,0.32531673
53201,0.023057438
53301,0.05439739
53401,0.04436575
53601,0.14958404
53901,0.058803186
54101,0.028272973
54201,0.04275493
54301,0.05515447
54401,0.04694661
54601,0.04818099
55001,0.105698995
55201,0.3686488
55401,0.9695377
55501,0.08704907
55601,0.06036987
56201,0.030762058
56501,0.034171723
56701,0.049344916
56801,0.081606574
57001,0.103386186
57101,0.0652119
57201,0.04711504
57301,0.24503621
57501,0.08798566
57901,0.03234375
58001,0.044634175
58201,0.018447252
58301,0.18353651
58501,0.026311925
58901,0.16987291
59101,0.014982234
59201,0.020413218
59501,0.027029479
59601,0.006488624
59801,0.15367326
59901,0.17801239
60401,0.040947042
60501,0.11324439
60801,0.043447424
61101,0.0690232
61301,0.011586119
61401,0.012077526
61701,0.05232962
62101,0.006750692
62401,0.06160203
62701,0.17070995
62801,0.19133615
63501,0.0034195299
63601,0.059686203
63701,0.10953937
63801,0.08924235
63901,0.07635064
64301,0.09744027
64401,0.06069094
2,0.05059888
102,0.04593572
402,0.0004949188
602,0.0778789
702,0.1081685
1002,0.084703624
1202,0.1658823
1702,0.05101262
2202,0.0724203
2702,0.0025380298
2802,0.02615829
2902,0.06982318
3002,0.038693164
3102,0.1700771
3202,0.037951916
3302,0.064969316
3402,0.049229525
3702,0.038537826
4002,0.068045974
4102,5.270523e-08
4202,0.07738849
4402,0.082440674
4702,0.09543125
4802,0.11167528
4902,0.08122352
5102,0.03766601
5202,0.12328505
5702,0.06315396
5902,0.09207675
6202,0.06360665
6302,0.082734734
6502,0.08461626
6602,0.06895311
6802,0.06697445
6902,0.01185866
7002,0.19186185
7202,0.0002775417
7402,0.032996014
7502,0.07286041
7702,0.14578104
7902,0.1367948
8102,0.11662126
8202,0.13296562
8302,0.07036478
8402,0.11882198
8502,0.10100969
8602,0.09542105
8702,0.047904883
8902,0.104884095
9002,0.063195445
9202,0.083541095
9502,0.06817473
9802,0.0929917
9902,0.09105439
10102,0.061327614
10402,0.10841646
10502,0.15573673
10602,0.08870818
10702,0.060981147
10902,0.086907454
11202,0.19001898
11302,0.35293698
11702,0.026036648
11902,0.0884578
12102,0.07310638
12402,0.09016795
12702,0.12414005
12902,0.05294923
13002,0.048624687
13402,0.09908975
13502,0.13783424
13602,0.08939604
13702,0.073747
13902,0.05177262
14302,0.085147366
14402,0.0055676065
15402,0.0057465225
15602,0.09414277
15702,0.02828756
15802,0.21761008
15902,0.10428021
16102,0.07911466
16202,0.11082338
16302,0.0464132
16402,0.082121715
16502,0.0009503567
16602,0.112446435
17002,0.111825824
17102,0.044360355
17202,0.0661282
17302,0.103002496
17402,0.08436486
17602,0.06697984
17702,0.053361364
17902,0.07976486
18002,0.088714465
18102,0.0042075296
18202,0.010395571
18402,0.0152391
18502,0.10343501
18702,6.4374675e-05
18802,0.19089799
19102,0.009197487
19502,0.09488633
19602,0.019820724
19702,0.06660808
19802,0.0013244535
20702,0.12266491
20802,0.041050036
20902,0.10370728
21102,0.09368369
21202,0.06142278
21402,0.04756444
21802,0.099673524
22002,0.10249737
22302,0.03862801
22402,0.049775925
22502,0.1102262
22602,0.07412257
22902,0.0006535841
23002,0.00040438105
23202,0.061942022
23302,0.119089834
23602,0.13791573
23702,0.08285342
23802,0.12842053
23902,0.13022938
24102,0.16687453
24202,0.15915231
24402,0.004763942
24502,0.06318472
24602,0.0266219
24702,0.06445649
25302,0.020821244
25402,0.08036073
25802,0.03982507
26002,0.006558231
26102,0.15106577
26202,0.08398758
26302,0.07429267
26402,0.009258476
26602,0.09839855
26702,0.10379865
26802,0.53520656
26902,0.23020798
27002,0.1667002
27302,0.074176915
27402,0.087879755
27502,0.0030681472
27902,0.56208557
28002,0.0759064
28102,0.016740032
28302,0.107816584
28402,0.08149955
29002,0.040679716
29102,0.0647916
29302,0.084272064
29602,0.0798224
29702,0.0077890237
29802,0.06427284
29902,0.11275448
30002,0.06654698
30102,0.010995187
30302,0.12104758
30402,0.093298376
30702,0.013522671
30802,0.17138764
31102,0.012951268
31202,0.06961798
31602,0.14091654
31702,0.009727368
31802,0.104026884
31902,0.08759697
32002,0.10366035
32102,0.06987819
32802,0.077390485
33002,0.070415124
33102,0.039815415
33502,0.102858
33702,0.08095595
33802,0.05863031
33902,0.02552876
34002,0.042995412
34202,0.029525021
34302,0.077114165
34402,0.022318263
34502,0.13549931
34602,0.2150239
34802,0.0007549138
35002,0.074776635
35202,0.060335293
35302,0.1255503
35502,0.09117966
35602,0.089788556
35702,0.064065576
35902,0.06922435
36002,0.11583525
36102,0.11884952
36602,0.0023199955
37202,0.042099345
37402,0.07128908
37502,0.06360416
37602,0.05477332
37702,0.059266347
38102,0.11362236
38202,0.073262796
38302,0.06008131
38402,0.079056695
38602,0.11692741
38802,0.07614766
39102,0.19900186
39202,0.004012132
39302,0.16300711
39402,0.18168618
39602,0.058279924
39702,7.540367e-05
39902,0.22761007
40002,0.087529704
40202,0.10310012
40502,0.13235848
40602,0.07375021
41802,0.042935092
42002,0.097762875
42702,0.083832696
42902,0.10619555
43602,0.0060373135
44202,0.17059268
44502,0.144093
44702,0.12643942
44902,0.0906546
45202,0.025312256
45302,0.05850684
45502,0.10053393
45602,0.06808895
46102,0.0510165
46302,0.10850097
46502,0.015618436
46902,0.1147657
47002,0.20074329
47102,0.0057592266
47202,0.065557905
47302,0.106716596
47602,0.075511225
47702,0.090517
47802,0.08430334
47902,0.06845057
48202,0.17860624
48602,0.1362557
48702,0.0018679383
49102,0.063066006
49202,0.10480714
49602,0.0457891
49702,0.09145555
49902,0.105705686
50102,0.054759778
50302,0.20982449
50402,0.013565841
50602,0.07537556
50802,0.009990692
50902,0.05292119
51002,0.112482436
51202,0.03690116
51602,0.053602144
51802,0.14111412
52002,0.005338969
52102,0.15266326
52502,0.07540975
52602,0.032366693
52702,0.022134818
53202,0.04562595
53302,0.11241612
53402,0.062393088
53602,0.125272
53902,0.112040676
54102,0.044040892
54202,0.0755235
54302,0.060203165
54402,0.081859335
54602,0.029774435
55002,0.13563244
55202,0.25886154
55402,0.015110212
55502,0.13130353
55602,0.029912055
56202,0.059906982
56502,0.06391208
56702,0.09813386
56802,0.1320621
57002,0.058818176
57102,0.09222148
57202,0.09513519
57302,0.2115344
57502,0.08966872
57902,0.09460922
58002,0.106636904
58202,0.07190264
58302,0.10134547
58502,0.04551532
58902,0.07483222
59102,0.019556353
59202,0.10468274
59502,0.02458433
59602,0.032507
59802,0.10677332
59902,0.11829384
60402,0.35056543
60502,0.13171951
60802,0.06445108
61102,0.19049153
61302,0.012423834
61402,0.085627936
61702,0.112138465
62102,0.013143073
62402,0.06853256
62702,0.0661008
62802,0.14703593
63502,0.006029716
63602,0.058628794
63702,0.09972596
63802,0.10704213
63902,0.06768667
64302,0.12649614
64402,0.08874968
3,0.024838064
103,0.026458988
403,0.00018425651
603,0.036167882
703,0.056830373
1003,0.03228027
1203,0.0073288674
1703,0.033923186
2203,0.045756873
2703,4.9499493e-05
2803,0.0052110553
2903,0.03408001
3003,0.033818446
3103,0.03202934
3203,0.02222752
3303,0.019675236
3403,0.01568455
3703,0.005798982
4003,0.060455002
4103,3.2005905e-11
4203,0.0507117
4403,0.014184232
4703,0.0562913
4803,0.038712624
4903,0.03242552
5103,0.036060072
5203,0.032662626
5703,0.040955096
5903,0.024897028
6203,0.053803664
6303,0.07183301
6503,0.038666967
6603,0.062287413
6803,0.032626342
6903,0.00016806593
7003,0.002283163
7203,6.887895e-05
7403,0.05542434
7503,0.025069496
7703,0.03038354
7903,0.027226392
8103,0.039681435
8203,0.024463048
8303,0.023937462
8403,0.024894113
8503,0.034017805
8603,0.03653611
8703,0.015049126
8903,0.023333512
9003,0.020533424
9203,0.04038968
9503,0.023984296
9803,0.024481148
9903,0.026122795
10103,0.014486479
10403,0.03765256
10503,0.048128553
10603,0.045817673
10703,0.059813533
10903,0.02854416
11203,0.029874679
11303,0.0039261566
11703,0.008831277
11903,0.03807489
12103,0.01791592
12403,0.021615854
12703,0.036291562
12903,0.012822999
13003,0.031254962
13403,0.05300133
13503,0.03339363
13603,0.038009513
13703,0.039031886
13903,0.04017051
14303,0.031056188
14403,0.0010407576
15403,0.0012480657
15603,0.06925182
15703,0.013482131
15803,0.021082306
15903,0.019699803
16103,0.018227167
16203,0.04129875
16303,0.021144133
16403,0.02257713
16503,0.00017144892
16603,0.00936096
17003,0.03102744
17103,0.050908506
17203,0.039061323
17303,0.03582686
17403,0.029260308
17603,0.018324157
17703,0.03540098
17903,0.030433904
18003,0.022474412
18103,0.00011957074
18203,8.811582e-05
18403,0.0016032059
18503,0.032227285
18703,4.179959e-06
18803,0.026642377
19103,0.010036325
19503,0.034882173
19603,0.0022932142
19703,0.044354487
19803,0.00019802016
20703,0.0254537
20803,0.0054412344
20903,0.03485786
21103,0.04576904
21203,0.040923826
21403,0.010582099
21803,0.05408883
22003,0.03142413
22303,0.06936771
22403,0.04098891
22503,0.046975546
22603,0.04761896
22903,8.552203e-06
23003,9.027217e-06
23203,0.07119141
23303,0.06292187
23603,0.034377933
23703,0.020904751
23803,0.0132929655
23903,0.025807668
24103,0.024771806
24203,0.029570322
24403,0.0011695974
24503,0.028066933
24603,0.002057816
24703,0.034948997
25303,0.004064329
25403,0.04329381
25803,0.0038852342
26003,0.0019367209
26103,0.016094862
26203,0.033369828
26303,0.035888586
26403,0.0070943884
26603,0.053461425
26703,0.03668125
26803,0.0034390755
26903,0.02123097
27003,0.031832524
27303,0.026606238
27403,0.03503429
27503,0.00028060985
27903,0.003329894
28003,0.041129738
28103,0.006630602
28303,0.052094072
28403,0.032668393
29003,0.010041698
29103,0.054979708
29303,0.05257666
29603,0.057226982
29703,0.0018912957
29803,0.031006224
29903,0.032509774
30003,0.035862878
30103,0.0038837234
30303,0.032037362
30403,0.036314502
30703,0.0026388757
30803,0.025017332
31103,0.0020397196
31203,0.019698447
31603,0.021907315
31703,0.0010365573
31803,0.014631325
31903,0.040815584
32003,0.02311579
32103,0.018722989
32803,0.026237013
33003,0.037452083
33103,0.02568368
33503,0.03539604
33703,0.043549374
33803,0.025790695
33903,5.4530392e-05
34003,0.015143119
34203,0.00030386855
34303,0.04088899
34403,0.0046738153
34503,0.002845095
34603,0.017504157
34803,1.0500053e-05
35003,0.022479506
35203,0.025530107
35303,0.030085202
35503,0.030439595
35603,0.029280145
35703,0.028411182
35903,0.008049894
36003,0.019831685
36103,0.035879444
36603,0.0006101245
37203,0.020489201
37403,0.036169585
37503,0.045484293
37603,0.0098937275
37703,0.021906167
38103,0.037210423
38203,0.03353829
38303,0.03900777
38403,0.0322451
38603,0.03088531
38803,0.02394896
39103,0.009285848
39203,2.116565e-05
39303,0.00058147154
39403,0.009921877
39603,0.082207575
39703,5.3875774e-05
39903,0.023655657
40003,0.027681844
40203,0.05277097
40503,0.031115351
40603,0.024191324
41803,0.005001899
42003,0.03475981
42703,0.024399452
42903,0.02463007
43603,0.0019776162
44203,0.040299952
44503,0.016666317
44703,0.036315203
44903,0.028558562
45203,0.014526198
45303,0.060567923
45503,0.04174982
45603,0.043123815
46103,0.01775948
46303,0.042820957
46503,0.0027996858
46903,0.03062691
47003,0.00923004
47103,0.0010375341
47203,0.027107693
47303,0.071228154
47603,0.022451157
47703,0.025245031
47803,0.03970728
47903,0.028033074
48203,0.020843493
48603,0.031774014
48703,0.00059653155
49103,0.011582702
49203,0.038172428
49603,0.013464352
49703,0.00058335497
49903,0.034021456
50103,0.023587808
50303,0.0036576386
50403,0.0006683674
50603,0.0014517556
50803,0.00031807602
50903,0.0076920185
51003,0.02985134
51203,0.00021226333
51603,0.006460506
51803,0.03531814
52003,0.0017390667
52103,0.026670609
52503,0.035100326
52603,0.003409351
52703,0.0011642707
53203,0.044015326
53303,0.019543199
53403,0.050311923
53603,0.043712616
53903,0.0031994353
54103,0.0145611735
54203,0.043801278
54303,0.026212823
54403,0.030691523
54603,0.03283178
55003,0.0266578
55203,0.004867341
55403,0.0003302732
55503,0.04229725
55603,0.045547973
56203,0.030597726
56503,0.04689226
56703,0.027674645
56803,0.015823934
57003,0.020561859
57103,0.03218338
57203,0.030075407
57303,0.010917654
57503,0.036099155
57903,0.03281948
58003,0.030315394
58203,0.0070733014
58303,0.03759228
58503,0.010912913
58903,0.03975018
59103,0.007351184
59203,0.011217803
59503,0.00068120525
59603,0.004778841
59803,0.014278109
59903,0.020066513
60403,0.0050393105
60503,0.017386623
60803,0.026515532
61103,0.017105421
61303,0.0041571492
61403,0.0064833737
61703,0.034839284
62103,0.0046968125
62403,0.032399762
62703,0.042886786
62803,0.03224711
63503,0.0015372491
63603,0.054062083
63703,0.055453304
63803,0.046838444
63903,0.032012325
64303,0.034632124
64403,0.03883703
4,0.054111015
104,0.029865228
404,0.00036754308
604,0.039515868
704,0.038392726
1004,0.037135188
1204,0.018288994
1704,0.050880466
2204,0.0262569
2704,3.1083797e-05
2804,0.032635387
2904,0.027392158
3004,0.03048433
3104,0.05831074
3204,0.026858384
3304,0.033539675
3404,0.020009505
3704,0.009120574
4004,0.039986786
4104,8.0440446e-11
4204,0.042021234
4404,0.06864792
4704,0.02294186
4804,0.040290944
4904,0.04093084
5104,0.05405994
5204,0.04673593
5704,0.05455896
5904,0.023188619
6204,0.043902643
6304,0.04593735
6504,0.034010775
6604,0.038970087
6804,0.05913087
6904,0.00021238351
7004,0.0038457436
7204,9.671948e-05
7404,0.06488606
7504,0.03012528
7704,0.025900094
7904,0.03320194
8104,0.059850406
8204,0.04987959
8304,0.100928634
8404,0.06781257
8504,0.036987383
8604,0.051108662
8704,0.028544452
8904,0.052381825
9004,0.033739585
9204,0.056824904
9504,0.053762972
9804,0.039051946
9904,0.046405286
10104,0.056772623
10404,0.056496553
10504,0.04167199
10604,0.061292276
10704,0.048924953
10904,0.035009816
11204,0.054283366
11304,0.018914534
11704,0.024150223
11904,0.031216111
12104,0.03579546
12404,0.041244905
12704,0.03743228
12904,0.027781373
13004,0.059068367
13404,0.047476627
13504,0.02616155
13604,0.059638165
13704,0.039573047
13904,0.05813593
14304,0.030679872
14404,0.026505789
15404,0.014622187
15604,0.038926512
15704,0.036601894
15804,0.044153795
15904,0.04198605
16104,0.08024732
16204,0.065027304
16304,0.036585554
16404,0.03151717
16504,0.0004004291
16604,0.0336937
17004,0.019082375
17104,0.042641032
17204,0.054168705
17304,0.033963915
17404,0.024463328
17604,0.057357647
17704,0.04292067
17904,0.036994126
18004,0.043199502
18104,0.0001762563
18204,0.0001003225
18404,0.0011178879
18504,0.024698662
18704,4.0401274e-06
18804,0.039469846
19104,0.04684214
19504,0.03351386
19604,0.003238126
19704,0.03337973
19804,0.000231511
20704,0.0447502
20804,0.04110206
20904,0.06361294
21104,0.024971068
21204,0.039304733
21404,0.03360706
21804,0.024204206
22004,0.039050654
22304,0.034731645
22404,0.05527903
22504,0.021866113
22604,0.036235318
22904,1.24170765e-05
23004,5.95933e-06
23204,0.0401698
23304,0.036586363
23604,0.06544591
23704,0.08196222
23804,0.016979547
23904,0.041917372
24104,0.034558065
24204,0.066072054
24404,0.0013355596
24504,0.05965564
24604,0.002294472
24704,0.047261443
25304,0.010066018
25404,0.08605541
25804,0.04971971
26004,0.022220906
26104,0.048862543
26204,0.054488838
26304,0.033596966
26404,0.017729046
26604,0.041113373
26704,0.031805743
26804,0.011607766
26904,0.043713
27004,0.047898106
27304,0.053728867
27404,0.035942353
27504,0.0003154876
27904,0.023204766
28004,0.06820893
28104,0.046099737
28304,0.0303591
28404,0.031340636
29004,0.0665475
29104,0.040932633
29304,0.03281452
29604,0.04363007
29704,0.016107438
29804,0.062576585
29904,0.034050092
30004,0.038339756
30104,0.048940085
30304,0.042550255
30404,0.03926458
30704,0.036542643
30804,0.036178373
31104,0.042993214
31204,0.05290994
31604,0.04871618
31704,0.027165001
31804,0.14087382
31904,0.04105037
32004,0.034743786
32104,0.03423498
32804,0.032576084
33004,0.04842831
33104,0.04925363
33504,0.053925693
33704,0.036469188
33804,0.041928545
33904,5.9460646e-05
34004,0.017149094
34204,0.00034324135
34304,0.030559294
34404,0.0049206205
34504,0.0055977125
34604,0.058644418
34804,8.9889345e-06
35004,0.03639797
35204,0.015358368
35304,0.04908044
35504,0.050958913
35604,0.045979984
35704,0.037625395
35904,0.07521826
36004,0.059164852
36104,0.063026264
36604,0.0025041357
37204,0.012972456
37404,0.048731018
37504,0.0495075
37604,0.019403046
37704,0.040823992
38104,0.027706912
38204,0.02677199
38304,0.03327237
38404,0.04300341
38604,0.035789844
38804,0.032158695
39104,0.026555762
39204,3.288279e-05
39304,0.0013726839
39404,0.042079728
39604,0.03656044
39704,0.00019808613
39904,0.03360322
40004,0.060584635
40204,0.034826547
40504,0.050390277
40604,0.04677749
41804,0.032821756
42004,0.03585884
42704,0.04441177
42904,0.027391266
43604,0.017156199
44204,0.029915188
44504,0.066801935
44704,0.033183362
44904,0.021843275
45204,0.025182597
45304,0.045671556
45504,0.045266043
45604,0.036942106
46104,0.05583251
46304,0.031829856
46504,0.023187105
46904,0.028657025
47004,0.02084911
47104,0.0239023
47204,0.061223
47304,0.035948213
47604,0.047831308
47704,0.022733387
47804,0.03286506
47904,0.057972502
48204,0.06447574
48604,0.068447426
48704,0.0010721304
49104,0.046620358
49204,0.064383335
49604,0.015699094
49704,0.0010988315
49904,0.059958804
50104,0.039523736
50304,0.005514333
50404,0.002105644
50604,0.0021426368
50804,0.00032016163
50904,0.006592723
51004,0.038060382
51204,0.00023521887
51604,0.005984158
51804,0.0875491
52004,0.002267701
52104,0.036697637
52504,0.08199939
52604,0.05257295
52704,0.00233117
53204,0.040802862
53304,0.05324902
53404,0.04016414
53604,0.03460817
53904,0.0099337725
54104,0.032341987
54204,0.04842176
54304,0.04658995
54404,0.046495765
54604,0.027929204
55004,0.033398654
55204,0.011866888
55404,0.00038027432
55504,0.030971259
55604,0.057946272
56204,0.110089846
56504,0.0665518
56704,0.05376204
56804,0.072166584
57004,0.019191906
57104,0.0449502
57204,0.05011098
57304,0.016292581
57504,0.030583285
57904,0.07174697
58004,0.0567529
58204,0.055108916
58304,0.02810602
58504,0.034588184
58904,0.027138326
59104,0.029457495
59204,0.06683692
59504,0.00298227
59604,0.047278237
59804,0.032427564
59904,0.03305863
60404,0.018891694
60504,0.08944181
60804,0.037724663
61104,0.029175311
61304,0.040929507
61404,0.02797681
61704,0.033315476
62104,0.010223782
62404,0.026383238
62704,0.020903168
62804,0.028516684
63504,0.017981056
63604,0.047171496
63704,0.03808622
63804,0.04400756
63904,0.05759985
64304,0.044996936
64404,0.048448414
5,0.053209715
105,0.023318278
405,0.00021348236
605,0.030109463
705,0.029229835
1005,0.038540363
1205,0.0063912426
1705,0.047416516
2205,0.036535405
2705,0.000105441526
2805,0.006366041
2905,0.017946502
3005,0.030091941
3105,0.02562606
3205,0.01017113
3305,0.026088182
3405,0.012472413
3705,0.007671132
4005,0.05495207
4105,5.3929633e-10
4205,0.029376283
4405,0.018950704
4705,0.05167258
4805,0.026258677
4905,0.021832107
5105,0.040022083
5205,0.04662385
5705,0.046911534
5905,0.030485107
6205,0.035404265
6305,0.03280791
6505,0.04169875
6605,0.044614565
6805,0.048078433
6905,0.0001510092
7005,0.017323945
7205,7.4414995e-05
7405,0.039718755
7505,0.019470517
7705,0.02321711
7905,0.013766842
8105,0.029982213
8205,0.034912158
8305,0.02323834
8405,0.020560121
8505,0.030060716
8605,0.021523828
8705,0.011743374
8905,0.025122358
9005,0.018771825
9205,0.022623464
9505,0.019112915
9805,0.022894595
9905,0.02270575
10105,0.0095621515
10405,0.026318088
10505,0.023918763
10605,0.050103016
10705,0.06603981
10905,0.04049067
11205,0.025937902
11305,0.015064173
11705,0.0072292117
11905,0.03440004
12105,0.021772025
12405,0.0364077
12705,0.029157812
12905,0.034399863
13005,0.03314705
13405,0.040418018
13505,0.029733555
13605,0.037878238
13705,0.03626461
13905,0.023089813
14305,0.030966043
14405,0.0031563807
15405,0.0021061783
15605,0.04026084
15705,0.030690381
15805,0.03096777
15905,0.025818462
16105,0.030281253
16205,0.032004163
16305,0.012401239
16405,0.029454743
16505,0.00023070093
16605,0.00986044
17005,0.029519992
17105,0.042430878
17205,0.05400898
17305,0.017948622
17405,0.016243111
17605,0.011996867
17705,0.030016998
17905,0.028149417
18005,0.058535468
18105,0.00038270644
18205,0.0006048429
18405,0.002013755
18505,0.03363374
18705,5.7881375e-06
18805,0.028017782
19105,0.015694447
19505,0.030828431
19605,0.0038215974
19705,0.029973125
19805,0.00030383875
20705,0.03649941
20805,0.00526093
20905,0.02587744
21105,0.037409138
21205,0.032204714
21405,0.05695913
21805,0.03362675
22005,0.029027248
22305,0.05991858
22405,0.026953235
22505,0.03282008
22605,0.039490618
22905,1.5327385e-05
23005,1.9251376e-05
23205,0.055828422
23305,0.03474919
23605,0.020435045
23705,0.010938126
23805,0.017734487
23905,0.028399603
24105,0.02810186
24205,0.01851287
24405,0.00083025504
24505,0.024767097
24605,0.0016686631
24705,0.01822165
25305,0.0033378322
25405,0.018907046
25805,0.0102589065
26005,0.004682645
26105,0.034106493
26205,0.038022086
26305,0.022459446
26405,0.027410416
26605,0.046549786
26705,0.05437555
26805,0.0052534547
26905,0.016337814
27005,0.022826396
27305,0.042045824
27405,0.018889183
27505,0.0002248369
27905,0.009117531
28005,0.026589409
28105,0.006988833
28305,0.041487295
28405,0.04115634
29005,0.044241123
29105,0.041045163
29305,0.039162792
29605,0.030473197
29705,0.018876594
29805,0.04236755
29905,0.032304093
30005,0.05003375
30105,0.0049787643
30305,0.02618164
30405,0.031930503
30705,0.0025434722
30805,0.037263613
31105,0.0038295877
31205,0.036467284
31605,0.023035105
31705,0.0046105604
31805,0.01350376
31905,0.027152319
32005,0.035350196
32105,0.04347661
32805,0.034350034
33005,0.0338166
33105,0.037350282
33505,0.023728976
33705,0.053716797
33805,0.06294148
33905,0.00011041947
34005,0.017369512
34205,0.0011390708
34305,0.041790847
34405,0.0139790885
34505,0.016731042
34605,0.028907785
34805,6.0229002e-05
35005,0.031055285
35205,0.013321327
35305,0.03806897
35505,0.023182748
35605,0.020257503
35705,0.038770057
35905,0.016537974
36005,0.020806957
36105,0.016474228
36605,0.0012782941
37205,0.007271052
37405,0.026404077
37505,0.046742167
37605,0.02773118
37705,0.035295296
38105,0.030855484
38205,0.03758942
38305,0.037044846
38405,0.02777957
38605,0.023285298
38805,0.031428643
39105,0.03782986
39205,6.04317e-05
39305,0.0015033329
39405,0.018086594
39605,0.025619755
39705,5.163095e-05
39905,0.02006046
40005,0.02233427
40205,0.035275705
40505,0.032399293
40605,0.020592866
41805,0.006535513
42005,0.01910664
42705,0.026528731
42905,0.016709968
43605,0.0027674886
44205,0.0172163
44505,0.012748967
44705,0.025271123
44905,0.029701184
45205,0.019110903
45305,0.061509203
45505,0.044759195
45605,0.0311764
46105,0.04924118
46305,0.03598102
46505,0.0024315952
46905,0.019738859
47005,0.010928508
47105,0.002470175
47205,0.021594187
47305,0.038184278
47605,0.031953514
47705,0.060261868
47805,0.037311874
47905,0.022617914
48205,0.034327947
48605,0.030651247
48705,0.00040177768
49105,0.020579044
49205,0.041970674
49605,0.009512346
49705,0.00066380674
49905,0.026561968
50105,0.044577293
50305,0.012924293
50405,0.0021146717
50605,0.013494626
50805,0.00056838535
50905,0.010726918
51005,0.029705325
51205,0.0031937624
51605,0.008626438
51805,0.030059502
52005,0.0016023509
52105,0.032106698
52505,0.025460461
52605,0.007087509
52705,0.00390923
53205,0.0380178
53305,0.013866833
53405,0.03530424
53605,0.041206263
53905,0.03183893
54105,0.04420724
54205,0.038889147
54305,0.048074376
54405,0.041410133
54605,0.012945705
55005,0.027836611
55205,0.03253915
55405,0.0005542721
55505,0.017221259
55605,0.021779977
56205,0.023946693
56505,0.017945798
56705,0.02824908
56805,0.016227104
57005,0.020934278
57105,0.019932479
57205,0.018080134
57305,0.013469675
57505,0.035084624
57905,0.039270017
58005,0.0245337
58205,0.017399797
58305,0.025020175
58505,0.02734472
58905,0.020928403
59105,0.008771761
59205,0.008503353
59505,0.0016356879
59605,0.009934811
59805,0.021252552
59905,0.02508693
60405,0.0104067335
60505,0.01176596
60805,0.034168888
61105,0.011534125
61305,0.01683033
61405,0.013388283
61705,0.034732785
62105,0.016535152
62405,0.050658472
62705,0.024545774
62805,0.018998843
63505,0.002775188
63605,0.036920786
63705,0.03702561
63805,0.028800374
63905,0.023053324
64305,0.029103605
64405,0.031998504
6,0.10661541
106,0.10463021
406,0.00040562943
606,0.0915452
706,0.04492154
1006,0.06524415
1206,0.01558123
1706,0.061012205
2206,0.038947385
2706,0.00010488711
2806,0.033656225
2906,0.07424547
3006,0.055458233
3106,0.041426163
3206,0.06744585
3306,0.035701293
3406,0.032499067
3706,0.0074329996
4006,0.071600124
4106,2.1739767e-10
4206,0.05965936
4406,0.064629056
4706,0.062089644
4806,0.047215793
4906,0.07876062
5106,0.06891668
5206,0.081680104
5706,0.11242952
5906,0.052316014
6206,0.08881735
6306,0.045748316
6506,0.12733287
6606,0.085729085
6806,0.09461889
6906,0.00013953261
7006,0.010924006
7206,0.00012100075
7406,0.04230678
7506,0.02853928
7706,0.03327347
7906,0.031566557
8106,0.05323194
8206,0.034051016
8306,0.07417763
8406,0.036171082
8506,0.053172212
8606,0.045759544
8706,0.09172066
8906,0.03471983
9006,0.0616608
9206,0.045345392
9506,0.02948504
9806,0.083664596
9906,0.086633116
10106,0.027051989
10406,0.06522654
10506,0.02696868
10606,0.038439263
10706,0.12254942
10906,0.1025322
11206,0.037698265
11306,0.01020159
11706,0.015525873
11906,0.06232116
12106,0.041131414
12406,0.05327878
12706,0.059178025
12906,0.22433242
13006,0.11979496
13406,0.045868438
13506,0.043312915
13606,0.047731843
13706,0.092576794
13906,0.03760048
14306,0.08108633
14406,0.018153071
15406,0.033183694
15606,0.055663005
15706,0.19347385
15806,0.024737593
15906,0.044577707
16106,0.07100113
16206,0.044147376
16306,0.0657732
16406,0.121449515
16506,0.0002225843
16606,0.017295597
17006,0.059944034
17106,0.066843785
17206,0.09471125
17306,0.021571154
17406,0.030607037
17606,0.044612445
17706,0.06528687
17906,0.09631939
18006,0.18020728
18106,0.0002138934
18206,0.0001591629
18406,0.0007264294
18506,0.027072417
18706,1.02352915e-05
18806,0.034722727
19106,0.037507445
19506,0.06538744
19606,0.0034270254
19706,0.05088947
19806,0.00021485724
20706,0.053428143
20806,0.02537015
20906,0.03128983
21106,0.07695348
21206,0.068372175
21406,0.1785508
21806,0.06764992
22006,0.044854376
22306,0.0573912
22406,0.0757102
22506,0.054161534
22606,0.06298176
22906,2.6765183e-05
23006,1.3624062e-05
23206,0.05937891
23306,0.041655567
23606,0.04126171
23706,0.023250606
23806,0.032780632
23906,0.031597335
24106,0.028511686
24206,0.03375719
24406,0.011654987
24506,0.095330045
24606,0.0071802987
24706,0.06863561
25306,0.011137876
25406,0.03441093
25806,0.11936408
26006,0.01722819
26106,0.043063868
26206,0.056059822
26306,0.06981252
26406,0.23811305
26606,0.042265374
26706,0.08621496
26806,0.0040127346
26906,0.026509073
27006,0.035731822
27306,0.042724304
27406,0.049120843
27506,0.00029700273
27906,0.0052108057
28006,0.061877582
28106,0.03643892
28306,0.05409325
28406,0.0869199
29006,0.27338377
29106,0.057411037
29306,0.057595097
29606,0.044778753
29706,0.040859643
29806,0.10111876
29906,0.053050585
30006,0.10616775
30106,0.023460632
30306,0.066536106
30406,0.064274184
30706,0.013979036
30806,0.048870306
31106,0.042093452
31206,0.06408815
31606,0.02206374
31706,0.014048353
31806,0.017986719
31906,0.05108862
32006,0.0411392
32106,0.16236542
32806,0.05686113
33006,0.078286126
33106,0.06825417
33506,0.03422538
33706,0.07167025
33806,0.15818
33906,7.525675e-05
34006,0.01939296
34206,0.0005062938
34306,0.049659334
34406,0.0065128873
34506,0.018749297
34606,0.032187995
34806,3.156742e-05
35006,0.066994704
35206,0.035624772
35306,0.0790121
35506,0.06923998
35606,0.04507251
35706,0.066411085
35906,0.039819445
36006,0.025973445
36106,0.032808825
36606,0.0029985718
37206,0.023067195
37406,0.06925824
37506,0.08680112
37606,0.13029338
37706,0.16253786
38106,0.078235656
38206,0.121063076
38306,0.128421
38406,0.09129636
38606,0.05183057
38806,0.03932642
39106,0.04446074
39206,6.120992e-05
39306,0.0009577009
39406,0.029145101
39606,0.041544396
39706,0.0007056929
39906,0.03464597
40006,0.04033271
40206,0.040230736
40506,0.042839035
40606,0.12398233
41806,0.017834987
42006,0.06655295
42706,0.09526454
42906,0.029144486
43606,0.030554434
44206,0.020887705
44506,0.016818624
44706,0.043938465
44906,0.08749141
45206,0.30753002
45306,0.042490132
45506,0.066832624
45606,0.10743123
46106,0.035657417
46306,0.08614641
46506,0.011519245
46906,0.033952594
47006,0.018205905
47106,0.009550859
47206,0.06243498
47306,0.03624132
47606,0.05120771
47706,0.04370934
47806,0.08077717
47906,0.052486517
48206,0.03328894
48606,0.04016583
48706,0.0004876788
49106,0.08142305
49206,0.03943862
49606,0.016883701
49706,0.00081303966
49906,0.037604976
50106,0.11870709
50306,0.004957611
50406,0.0017503762
50606,0.006049432
50806,0.0004990713
50906,0.014424688
51006,0.05964056
51206,0.0010862048
51606,0.007563913
51806,0.037919383
52006,0.0034261094
52106,0.049254384
52506,0.040568136
52606,0.18151163
52706,0.04857077
53206,0.06218
53306,0.035375055
53406,0.06383092
53606,0.04915126
53906,0.26364702
54106,0.09922404
54206,0.09611516
54306,0.121571176
54406,0.05642811
54606,0.015316067
55006,0.04265615
55206,0.0069698566
55406,0.00043983437
55506,0.03352388
55606,0.047192894
56206,0.047053024
56506,0.040046815
56706,0.048277345
56806,0.046400294
57006,0.03025127
57106,0.055836536
57206,0.03478313
57306,0.013661327
57506,0.067367226
57906,0.032357268
58006,0.049928185
58206,0.047556717
58306,0.047238253
58506,0.06376671
58906,0.03558076
59106,0.027666984
59206,0.012078046
59506,0.0031850871
59606,0.04064942
59806,0.07381998
59906,0.047798596
60406,0.009602422
60506,0.02770772
60806,0.13953485
61106,0.029433448
61306,0.07131343
61406,0.07298912
61706,0.031684622
62106,0.063999996
62406,0.14230652
62706,0.09678073
62806,0.052515578
63506,0.0098826755
63606,0.0997229
63706,0.05886693
63806,0.036884528
63906,0.08871346
64306,0.04948041
64406,0.07598017
7,0.027792532
107,0.018757027
407,0.0067246007
607,0.04621544
707,0.048061203
1007,0.063529514
1207,0.040842324
1707,0.06843808
2207,0.055701677
2707,5.8533893e-05
2807,0.02957229
2907,0.03578124
3007,0.016231209
3107,0.053873293
3207,0.0518553
3307,0.06066878
3407,0.03415167
3707,0.007372561
4007,0.038799003
4107,0.0003139041
4207,0.100211754
4407,0.061713744
4707,0.02996227
4807,0.05054821
4907,0.06473062
5107,0.044919413
5207,0.06290111
5707,0.10150892
5907,0.028409595
6207,0.09844864
6307,0.050322287
6507,0.05936075
6607,0.054771513
6807,0.07209165
6907,0.07282313
7007,0.0034660364
7207,0.001848776
7407,0.02312813
7507,0.017918453
7707,0.051534098
7907,0.030759899
8107,0.031742986
8207,0.03732089
8307,0.051662073
8407,0.096385054
8507,0.048422717
8607,0.052014187
8707,0.018865552
8907,0.06246273
9007,0.03499428
9207,0.051539976
9507,0.1122095
9807,0.028715996
9907,0.032172125
10107,0.07673322
10407,0.07233164
10507,0.06436033
10607,0.06857157
10707,0.07199041
10907,0.0627139
11207,0.034728706
11307,0.030321768
11707,0.025116377
11907,0.03436788
12107,0.10105016
12407,0.051025305
12707,0.052995946
12907,0.088485576
13007,0.05704188
13407,0.039313797
13507,0.021631466
13607,0.10701693
13707,0.07890258
13907,0.18350978
14307,0.04109325
14407,0.063592725
15407,0.0037686487
15607,0.059738778
15707,0.08054856
15807,0.102290206
15907,0.03233372
16107,0.07015408
16207,0.067708775
16307,0.024297971
16407,0.017563708
16507,0.0014758841
16607,0.093187325
17007,0.040887922
17107,0.029381802
17207,0.046719417
17307,0.07443543
17407,0.043287437
17607,0.05443616
17707,0.022515155
17907,0.041806046
18007,0.033278357
18107,0.00050595385
18207,0.00037970624
18407,0.01129156
18507,0.03550159
18707,6.3211883e-06
18807,0.09255039
19107,0.015981732
19507,0.018328901
19607,0.0039334865
19707,0.02458282
19807,0.0002500196
20707,0.07501359
20807,0.025308838
20907,0.03043526
21107,0.03500014
21207,0.14739408
21407,0.041748583
21807,0.06427204
22007,0.06350669
22307,0.062486213
22407,0.13257782
22507,0.032548934
22607,0.06118095
22907,0.20478061
23007,0.0001121973
23207,0.03681206
23307,0.038044613
23607,0.05114916
23707,0.13845462
23807,0.036402505
23907,0.07057096
24107,0.045930382
24207,0.09002736
24407,0.0011166598
24507,0.040304556
24607,0.001580447
24707,0.043192424
25307,0.011310219
25407,0.13507503
25807,0.007704061
26007,0.0052129966
26107,0.021622352
26207,0.10326753
26307,0.047020394
26407,0.017235493
26607,0.025637994
26707,0.03596373
26807,0.023419091
26907,0.06087713
27007,0.040454946
27307,0.05053607
27407,0.0674578
27507,0.0012729935
27907,0.013602574
28007,0.050527424
28107,0.022172498
28307,0.048898455
28407,0.05760635
29007,0.022810666
29107,0.11285667
29307,0.035785805
29607,0.1332333
29707,0.010054012
29807,0.10909922
29907,0.054777373
30007,0.07483041
30107,0.019570379
30307,0.04056525
30407,0.051996443
30707,0.008872982
30807,0.051933724
31107,0.010793523
31207,0.13705584
31607,0.15298896
31707,0.011394059
31807,0.11547513
31907,0.07020194
32007,0.050272357
32107,0.020419937
32807,0.03773777
33007,0.04857065
33107,0.046740156
33507,0.03884236
33707,0.058339477
33807,0.02985889
33907,0.0003942378
34007,0.02195706
34207,0.0023499578
34307,0.040564727
34407,0.004194024
34507,0.0053889384
34607,0.0721251
34807,5.654059e-05
35007,0.042702455
35207,0.057824425
35307,0.025036179
35507,0.031433135
35607,0.039792426
35707,0.03335702
35907,0.1178553
36007,0.08665612
36107,0.09469494
36607,0.0010535473
37207,0.008895483
37407,0.07093341
37507,0.09330404
37607,0.01633707
37707,0.04839258
38107,0.035230834
38207,0.048825085
38307,0.087436944
38407,0.06181353
38607,0.020686192
38807,0.020275716
39107,0.025777379
39207,0.025739994
39307,0.061619554
39407,0.0888633
39607,0.10161083
39707,0.00019052792
39907,0.06294606
40007,0.09333852
40207,0.028859882
40507,0.0842052
40607,0.04587723
41807,0.022655394
42007,0.033521064
42707,0.08165907
42907,0.027892621
43607,0.010517349
44207,0.049909662
44507,0.13880952
44707,0.036658756
44907,0.030858772
45207,0.032302085
45307,0.059707843
45507,0.060906272
45607,0.07003875
46107,0.12577075
46307,0.039275676
46507,0.022702644
46907,0.075083524
47007,0.009264146
47107,0.0016081464
47207,0.042631004
47307,0.06663417
47607,0.110588096
47707,0.029721983
47807,0.042376075
47907,0.06603334
48207,0.056109264
48607,0.051783096
48707,0.0018070999
49107,0.024352988
49207,0.08393908
49607,0.09024213
49707,0.013001311
49907,0.053520173
50107,0.04940081
50307,0.012930402
50407,0.0018051557
50607,0.0076743476
50807,0.001493007
50907,0.011982526
51007,0.026486505
51207,0.0005345351
51607,0.123933114
51807,0.06777034
52007,0.0050333897
52107,0.038555864
52507,0.19490863
52607,0.06128937
52707,0.015733568
53207,0.06254326
53307,0.07429615
53407,0.059586186
53607,0.034226254
53907,0.016274549
54107,0.018389435
54207,0.056365106
54307,0.110591486
54407,0.089988954
54607,0.013135085
55007,0.03650833
55207,0.07246486
55407,0.0023130402
55507,0.041096922
55607,0.013636072
56207,0.10692962
56507,0.07921105
56707,0.06592303
56807,0.061377235
57007,0.040680554
57107,0.04065902
57207,0.10332402
57307,0.06855349
57507,0.03418963
57907,0.13200717
58007,0.04099591
58207,0.0077411933
58307,0.042042565
58507,0.032191608
58907,0.01434724
59107,0.027852604
59207,0.24271831
59507,0.0005155075
59607,0.036255926
59807,0.029962186
59907,0.03289766
60407,0.06336564
60507,0.035667792
60807,0.047646143
61107,0.0207193
61307,0.010010655
61407,0.03118754
61707,0.03337882
62107,0.0147076575
62407,0.061269756
62707,0.052285112
62807,0.041324478
63507,0.003908583
63607,0.06697547
63707,0.0631619
63807,0.04631879
63907,0.036631986
64307,0.03769905
64407,0.057019677
8,0.010723972
108,0.008856644
408,0.0006091028
608,0.04836181
708,0.04594125
1008,0.017740972
1208,0.11809834
1708,0.009008068
2208,0.03434442
2708,0.0009407827
2808,0.03184525
2908,0.019384546
3008,0.049849026
3108,0.07145473
3208,0.03931251
3308,0.022019593
3408,0.071426176
3708,0.0123578245
4008,0.07263764
4108,9.0276335e-11
4208,0.06582715
4408,0.045539495
4708,0.038203083
4808,0.042892102
4908,0.03876221
5108,0.04420562
5208,0.030593826
5708,0.039917395
5908,0.0535506
6208,0.088101216
6308,0.09097512
6508,0.09146105
6608,0.09125227
6808,0.06272568
6908,0.00077436503
7008,0.031282153
7208,9.204163e-05
7408,0.0407789
7508,0.025352515
7708,0.07618411
7908,0.3146706
8108,0.07998329
8208,0.07620786
8308,0.08172732
8408,0.051982157
8508,0.07470164
8608,0.073710345
8708,0.063994735
8908,0.18902043
9008,0.16917594
9208,0.16790453
9508,0.054794136
9808,0.027852265
9908,0.041461118
10108,0.05048394
10408,0.05590258
10508,0.10416643
10608,0.06522856
10708,0.027584927
10908,0.046254486
11208,0.19790912
11308,0.056397844
11708,0.031183291
11908,0.03882892
12108,0.024419691
12408,0.059111796
12708,0.07215419
12908,0.020614652
13008,0.031781636
13408,0.044443924
13508,0.061532605
13608,0.04823132
13708,0.04102422
13908,0.09024319
14308,0.02294569
14408,0.032289203
15408,0.0035021936
15608,0.06433389
15708,0.029151592
15808,0.06186205
15908,0.1800573
16108,0.04453628
16208,0.07572246
16308,0.016087295
16408,0.01436872
16508,0.00036252078
16608,0.040143996
17008,0.021538349
17108,0.023034466
17208,0.010689042
17308,0.04274569
17408,0.015129813
17608,0.037561517
17708,0.038374554
17908,0.009008534
18008,0.0057071317
18108,0.00041583992
18208,0.0011555747
18408,0.0063100853
18508,0.10069375
18708,2.0792244e-05
18808,0.024824666
19108,0.02291607
19508,0.08270906
19608,0.011725311
19708,0.04870234
19808,0.0005065329
20708,0.027925916
20808,0.016293732
20908,0.073832385
21108,0.06653362
21208,0.03645586
21408,0.11127908
21808,0.039262492
22008,0.04548753
22308,0.034254838
22408,0.10753989
22508,0.026329046
22608,0.109684564
22908,1.5526764e-05
23008,3.0877247e-05
23208,0.029831426
23308,0.037817407
23608,0.11825104
23708,0.08339514
23808,0.023525458
23908,0.04232037
24108,0.073416255
24208,0.0705121
24408,0.0127398865
24508,0.10469553
24608,0.018652339
24708,0.19996257
25308,0.01318993
25408,0.09524972
25808,0.3308694
26008,0.012942978
26108,0.21968286
26208,0.031057531
26308,0.038006186
26408,0.0037741326
26608,0.112408355
26708,0.044411298
26808,0.07013037
26908,0.16264595
27008,0.14502427
27308,0.051853713
27408,0.09469594
27508,0.00077140087
27908,0.19474702
28008,0.058607638
28108,0.24534382
28308,0.048429456
28408,0.029903969
29008,0.12364516
29108,0.089574516
29308,0.053569604
29608,0.05906271
29708,0.013422689
29808,0.055350743
29908,0.028885165
30008,0.031897448
30108,0.05034614
30308,0.03277669
30408,0.027189955
30708,0.037667993
30808,0.046850376
31108,0.17052832
31208,0.03598478
31608,0.06705342
31708,0.013392401
31808,0.13729326
31908,0.060921997
32008,0.019368397
32108,0.00557059
32808,0.047151607
33008,0.020401312
33108,0.0070799296
33508,0.06566808
33708,0.023025744
33808,0.0062338775
33908,0.0030622755
34008,0.014269491
34208,0.0018292225
34308,0.024767367
34408,0.015229258
34508,0.024494678
34608,0.1537537
34808,8.761146e-05
35008,0.03758995
35208,0.040368214
35308,0.078911744
35508,0.04816087
35608,0.05193229
35708,0.03167881
35908,0.03096586
36008,0.069898024
36108,0.10185035
36608,0.003282444
37208,0.028221756
37408,0.04643897
37508,0.042367537
37608,0.05964725
37708,0.093259275
38108,0.026568554
38208,0.03300252
38308,0.030010195
38408,0.06057832
38608,0.07942063
38808,0.065340824
39108,0.061808474
39208,4.4495973e-05
39308,0.0007996722
39408,0.04553779
39608,0.061406825
39708,2.4071321e-06
39908,0.088767745
40008,0.19611347
40208,0.035642907
40508,0.085894056
40608,0.030901136
41808,0.03970169
42008,0.032243416
42708,0.03734339
42908,0.056348123
43608,0.008334631
44208,0.043587975
44508,0.056388345
44708,0.12895584
44908,0.018224867
45208,0.025116103
45308,0.044649795
45508,0.05070636
45608,0.03256824
46108,0.049672194
46308,0.03348949
46508,0.37520975
46908,0.050302394
47008,0.34685513
47108,0.7437302
47208,0.19573225
47308,0.04376028
47608,0.040457014
47708,0.01938883
47808,0.039951302
47908,0.0804438
48208,0.025185421
48608,0.060164127
48708,0.001203388
49108,0.030535055
49208,0.037248727
49608,0.022837711
49708,0.0014355219
49908,0.052433956
50108,0.0064843246
50308,0.07915804
50408,0.0028656481
50608,0.0027527171
50808,0.0018207022
50908,0.01027104
51008,0.09212232
51208,0.0019326861
51608,0.008466722
51808,0.06633689
52008,0.007522988
52108,0.040809408
52508,0.05330422
52608,0.013342486
52708,0.00034436706
53208,0.0401442
53308,0.03117372
53408,0.025841307
53608,0.02038135
53908,0.06207918
54108,0.24182966
54208,0.06803713
54308,0.04122562
54408,0.046355836
54608,0.029442942
55008,0.035840865
55208,0.018767001
55408,0.0014410685
55508,0.036327068
55608,0.021209192
56208,0.07117349
56508,0.06753278
56708,0.03726113
56808,0.05230068
57008,0.05132805
57108,0.06494529
57208,0.072382964
57308,0.017665159
57508,0.013364167
57908,0.047800582
58008,0.08526904
58208,0.58207923
58308,0.06702505
58508,0.061848436
58908,0.066160455
59108,0.17971003
59208,0.19285013
59508,0.9226953
59608,0.04208708
59808,0.036551826
59908,0.03331816
60408,0.27330136
60508,0.14318497
60808,0.05192566
61108,0.3900574
61308,0.33397767
61408,0.046739977
61708,0.04691746
62108,0.009906224
62408,0.03756746
62708,0.01975811
62808,0.07730217
63508,0.010882603
63608,0.056130975
63708,0.033486135
63808,0.050310586
63908,0.076417804
64308,0.050166555
64408,0.03443241
9,0.03924772
109,0.01803808
409,0.00040021495
609,0.056536093
709,0.031201487
1009,0.042334437
1209,0.016858047
1709,0.046730507
2209,0.05241467
2709,0.0002023818
2809,0.010218307
2909,0.09069622
3009,0.029848646
3109,0.027927162
3209,0.03408682
3309,0.05889768
3409,0.033627793
3709,0.016811822
4009,0.049070112
4109,4.1193284e-09
4209,0.039770983
4409,0.10990984
4709,0.04496482
4809,0.03156713
4909,0.14024332
5109,0.035151213
5209,0.09518402
5709,0.036665805
5909,0.23010972
6209,0.024296852
6309,0.055190347
6509,0.064279474
6609,0.023216065
6809,0.08496374
6909,0.00026180208
7009,0.07616129
7209,7.842748e-05
7409,0.02775566
7509,0.076231346
7709,0.039782897
7909,0.01305631
8109,0.066404775
8209,0.074253276
8309,0.036484636
8409,0.04423757
8509,0.07681831
8609,0.032402687
8709,0.023535527
8909,0.08481948
9009,0.03772571
9209,0.058076005
9509,0.024504513
9809,0.112303026
9909,0.11422528
10109,0.015429367
10409,0.029283246
10509,0.033975348
10609,0.088759504
10709,0.10754581
10909,0.16566749
11209,0.03813291
11309,0.06131793
11709,0.029843653
11909,0.11989682
12109,0.021007791
12409,0.16819605
12709,0.07426301
12909,0.1443238
13009,0.1413621
13409,0.07655238
13509,0.1113012
13609,0.039902486
13709,0.024408957
13909,0.05248489
14309,0.0321169
14409,0.0102328295
15409,0.0057426984
15609,0.029722935
15709,0.03197711
15809,0.063438565
15909,0.04542504
16109,0.043804422
16209,0.028495764
16309,0.013781553
16409,0.03735465
16509,0.0004383106
16609,0.0330402
17009,0.055263627
17109,0.060928095
17209,0.067105465
17309,0.024735779
17409,0.03447441
17609,0.041709192
17709,0.06163389
17909,0.04460049
18009,0.05024708
18109,0.00051420927
18209,0.00080041256
18409,0.004835873
18509,0.04673213
18709,1.1078246e-05
18809,0.057059113
19109,0.016227385
19509,0.0909716
19609,0.010479499
19709,0.048271164
19809,0.00059942907
20709,0.07523375
20809,0.040747985
20909,0.021812374
21109,0.048292756
21209,0.040643323
21409,0.09464378
21809,0.038082644
22009,0.05659025
22309,0.25162157
22409,0.029075306
22509,0.043497577
22609,0.0788081
22909,2.410474e-05
23009,3.225291e-05
23209,0.050892506
23309,0.0434332
23609,0.026596844
23709,0.029756516
23809,0.05370417
23909,0.041939396
24109,0.056617964
24209,0.028582534
24409,0.0031348993
24509,0.064870894
24609,0.0063922578
24709,0.035462756
25309,0.008702847
25409,0.032364063
25809,0.14668696
26009,0.0053245835
26109,0.122878
26209,0.029837774
26309,0.032719012
26409,0.020376978
26609,0.078271076
26709,0.09531143
26809,0.010490168
26909,0.025485048
27009,0.035150494
27309,0.10934094
27409,0.0365214
27509,0.00045718462
27909,0.010153526
28009,0.062458366
28109,0.018277027
28309,0.07593468
28409,0.08501271
29009,0.036684055
29109,0.10114399
29309,0.0366796
29609,0.07328942
29709,0.0067921886
29809,0.051722165
29909,0.0403492
30009,0.061700802
30109,0.0140479645
30309,0.03507235
30409,0.031025453
30709,0.010293875
30809,0.071403414
31109,0.008652108
31209,0.08970734
31609,0.044238087
31709,0.010282814
31809,0.051892653
31909,0.037152197
32009,0.02655314
32109,0.04031274
32809,0.16061753
33009,0.06459733
33109,0.029346952
33509,0.06205834
33709,0.069873266
33809,0.05166826
33909,0.0002248861
34009,0.038171273
34209,0.002458709
34309,0.042780627
34409,0.018344112
34509,0.030365773
34609,0.047604166
34809,0.00010915449
35009,0.06342893
35209,0.012223089
35309,0.06915831
35509,0.04041828
35609,0.04513873
35709,0.036916714
35909,0.043153714
36009,0.03255128
36109,0.0133803645
36609,0.0022392906
37209,0.035586137
37409,0.110263556
37509,0.083012186
37609,0.31401932
37709,0.04947665
38109,0.044140905
38209,0.038795795
38309,0.03533765
38409,0.037777115
38609,0.11386909
38809,0.18981113
39109,0.053464573
39209,7.534623e-05
39309,0.0034145499
39409,0.102095604
39609,0.023670131
39709,0.00030630713
39909,0.035440512
40009,0.020057824
40209,0.054521646
40509,0.033696197
40609,0.08066899
41809,0.018910203
42009,0.13249108
42709,0.050289128
42909,0.01941276
43609,0.005097108
44209,0.02176309
44509,0.019496024
44709,0.05290374
44909,0.044835195
45209,0.020941125
45309,0.18838763
45509,0.05056316
45609,0.023599235
46109,0.07349363
46309,0.058145806
46509,0.012534124
46909,0.04073995
47009,0.019157188
47109,0.0033077816
47209,0.026132144
47309,0.055889558
47609,0.076478
47709,0.22163723
47809,0.12879875
47909,0.032316122
48209,0.07691338
48609,0.031289354
48709,0.0009890496
49109,0.060411945
49209,0.04822906
49609,0.015860632
49709,0.0019045345
49909,0.023129834
50109,0.04496873
50309,0.013705828
50409,0.0023911144
50609,0.055196784
50809,0.00090428547
50909,0.017219901
51009,0.041259278
51209,0.009552028
51609,0.009858116
51809,0.04096519
52009,0.0041916864
52109,0.07575238
52509,0.027563004
52609,0.10722525
52709,0.0016746147
53209,0.15597683
53309,0.13471915
53409,0.056426782
53609,0.04564211
53909,0.23146573
54109,0.04952466
54209,0.06669582
54309,0.096297964
54409,0.063931726
54609,0.051997963
55009,0.054215502
55209,0.14534622
55409,0.0012639554
55509,0.055095613
55609,0.020881707
56209,0.06792694
56509,0.037193406
56709,0.028568834
56809,0.036305994
57009,0.03248781
57109,0.029781343
57209,0.024266198
57309,0.015241482
57509,0.060908757
57909,0.016760783
58009,0.052634586
58209,0.044384755
58309,0.061826542
58509,0.49000046
58909,0.060332965
59109,0.057431445
59209,0.023193028
59509,0.0026535622
59609,0.050071176
59809,0.052904777
59909,0.035088792
60409,0.027156701
60509,0.025558682
60809,0.072753385
61109,0.024851419
61309,0.008329648
61409,0.36550108
61709,0.08482613
62109,0.02081535
62409,0.1044651
62709,0.038002387
62809,0.024421504
63509,0.0051638996
63609,0.022613343
63709,0.027962547
63809,0.024301294
63909,0.054652642
64309,0.05405488
64409,0.026133265
10,0.09915248
110,0.03362168
410,0.20385343
610,0.049323544
710,0.036125615
1010,0.10043565
1210,0.27835596
1710,0.04705556
2210,0.18994616
2710,0.0002463495
2810,0.66261125
2910,0.1321014
3010,0.33327752
3110,0.06814421
3210,0.19952013
3310,0.07135563
3410,0.3046917
3710,0.040549833
4010,0.03502804
4110,3.220476e-10
4210,0.033675674
4410,0.20276202
4710,0.018967612
4810,0.051586583
4910,0.15974304
5110,0.08123812
5210,0.060407955
5710,0.077443205
5910,0.046203066
6210,0.045488175
6310,0.027764142
6510,0.038889978
6610,0.032045588
6810,0.102626905
6910,0.0005810721
7010,0.004187498
7210,0.001135406
7410,0.18140873
7510,0.08563081
7710,0.10553202
7910,0.025192464
8110,0.048668087
8210,0.055867646
8310,0.07324828
8410,0.0922184
8510,0.095962584
8610,0.083495416
8710,0.024189804
8910,0.06228248
9010,0.120822385
9210,0.032577965
9510,0.25227004
9810,0.041210722
9910,0.061145075
10110,0.42312112
10410,0.034829635
10510,0.02523039
10610,0.07655032
10710,0.05080646
10910,0.020084301
11210,0.036101922
11310,0.06601974
11710,0.06421826
11910,0.041537866
12110,0.26344404
12410,0.07036374
12710,0.06124249
12910,0.10732436
13010,0.18124852
13410,0.054767713
13510,0.031568788
13610,0.03830229
13710,0.04594453
13910,0.05183314
14310,0.066660486
14410,0.7714568
15410,0.902084
15610,0.027377931
15710,0.24677743
15810,0.05075152
15910,0.06987197
16110,0.13368855
16210,0.061442953
16310,0.041300837
16410,0.01672087
16510,0.018086467
16610,0.28208148
17010,0.03258598
17110,0.13601705
17210,0.036708113
17310,0.2423346
17410,0.08303563
17610,0.28999394
17710,0.056731764
17910,0.015704662
18010,0.0093163485
18110,0.00075983454
18210,0.0010992824
18410,0.06599025
18510,0.1329682
18710,1.234028e-05
18810,0.077043615
19110,0.5435522
19510,0.07677471
19610,0.053784657
19710,0.17672022
19810,0.003187355
20710,0.05641248
20810,0.6690822
20910,0.055291813
21110,0.025748817
21210,0.10874864
21410,0.07383979
21810,0.021478686
22010,0.031873114
22310,0.03633215
22410,0.07945164
22510,0.021474177
22610,0.033989295
22910,6.1263425e-05
23010,0.00017810822
23210,0.058132127
23310,0.046381883
23610,0.03468712
23710,0.16645071
23810,0.13250053
23910,0.16055666
24110,0.11211551
24210,0.06406397
24410,0.007458089
24510,0.031464178
24610,0.009089377
24710,0.04485495
25310,0.6761203
25410,0.075872935
25810,0.12716211
26010,0.8394612
26110,0.05657432
26210,0.051153712
26310,0.03852804
26410,0.6015156
26610,0.01596015
26710,0.044969216
26810,0.026478872
26910,0.06843641
27010,0.044129845
27310,0.118469834
27410,0.1126463
27510,0.0044615143
27910,0.065699436
28010,0.04199583
28110,0.42490217
28310,0.027686177
28410,0.06814921
29010,0.14761615
29110,0.024737883
29310,0.028712302
29610,0.06116339
29710,0.82365876
29810,0.15606953
29910,0.027185675
30010,0.08413102
30110,0.71535414
30310,0.034410167
30410,0.041962944
30710,0.8252199
30810,0.07444816
31110,0.59405017
31210,0.07812946
31610,0.07469775
31710,0.84608
31810,0.1833938
31910,0.045422893
32010,0.09537693
32110,0.013464556
32810,0.07850578
33010,0.03994862
33110,0.06338996
33510,0.073614486
33710,0.03718197
33810,0.016625045
33910,0.0009516353
34010,0.05676971
34210,0.0066094524
34310,0.08446737
34410,0.023950117
34510,0.031607546
34610,0.055062667
34810,0.00071367784
35010,0.1420042
35210,0.047598608
35310,0.05542888
35510,0.10779079
35610,0.22402734
35710,0.157909
35910,0.3398254
36010,0.19300766
36110,0.07277568
36610,0.9671933
37210,0.013463763
37410,0.09001226
37510,0.081081174
37610,0.1521993
37710,0.093540974
38110,0.024287397
38210,0.037180867
38310,0.042365983
38410,0.07441033
38610,0.058250092
38810,0.038544644
39110,0.015565379
39210,0.00030111687
39310,0.0030480735
39410,0.055912554
39610,0.02409182
39710,2.398618e-05
39910,0.09895666
40010,0.038757302
40210,0.121712975
40510,0.046141997
40610,0.036800496
41810,0.6795262
42010,0.04542193
42710,0.0702144
42910,0.13678941
43610,0.87028396
44210,0.19890648
44510,0.19170497
44710,0.04135238
44910,0.03027324
45210,0.12537493
45310,0.037624903
45510,0.06703746
45610,0.04171585
46110,0.085756354
46310,0.05109962
46510,0.45422375
46910,0.07282301
47010,0.022408793
47110,0.14136264
47210,0.09185499
47310,0.030150669
47610,0.05454732
47710,0.032817785
47810,0.04112578
47910,0.10850118
48210,0.10465036
48610,0.13458857
48710,0.071322
49110,0.34590712
49210,0.065866366
49610,0.11009572
49710,0.0057907975
49910,0.038244016
50110,0.02200007
50310,0.04558458
50410,0.0022134786
50610,0.0060750437
50810,0.0012816057
50910,0.23656428
51010,0.09537834
51210,0.0013960141
51610,0.025728967
51810,0.057689562
52010,0.37622872
52110,0.03709676
52510,0.063208625
52610,0.4487833
52710,0.0008823181
53210,0.1205665
53310,0.1831951
53410,0.05210037
53610,0.02610065
53910,0.04093882
54110,0.20225492
54210,0.068619795
54310,0.07466507
54410,0.10863343
54610,0.009272019
55010,0.07093756
55210,0.01237419
55410,0.0021238334
55510,0.0689493
55610,0.2906776
56210,0.071223974
56510,0.051739044
56710,0.067854345
56810,0.1859253
57010,0.22433761
57110,0.097659886
57210,0.10323626
57310,0.062259216
57510,0.035816837
57910,0.0627986
58010,0.10389681
58210,0.03247963
58310,0.022046736
58510,0.03427803
58910,0.084891126
59110,0.48293924
59210,0.15852565
59510,0.003788312
59610,0.6450553
59810,0.1805663
59910,0.09866138
60410,0.13985464
60510,0.17035423
60810,0.078493066
61110,0.042305455
61310,0.3886879
61410,0.25184178
61710,0.032719046
62110,0.7750432
62410,0.052749496
62710,0.03286242
62810,0.03608902
63510,0.9024512
63610,0.03194534
63710,0.030152185
63810,0.037296005
63910,0.0833202
64310,0.06479322
64410,0.12490962
11,0.07669339
111,0.15535517
411,0.57686466
611,0.08016629
711,0.09683379
1011,0.10697041
1211,0.11461133
1711,0.091233306
2211,0.047813013
2711,9.199668e-05
2811,0.019213213
2911,0.05874727
3011,0.02618378
3111,0.099112436
3211,0.20108722
3311,0.08686141
3411,0.06729323
3711,0.02743805
4011,0.07529345
4111,7.4034396e-08
4211,0.15048034
4411,0.023016075
4711,0.062009726
4811,0.08467688
4911,0.039498657
5111,0.06431845
5211,0.0828422
5711,0.10638753
5911,0.07235208
6211,0.096417636
6311,0.09646968
6511,0.10179695
6611,0.087604366
6811,0.077367954
6911,0.0020211455
7011,0.006747234
7211,0.00045094383
7411,0.07980978
7511,0.16972485
7711,0.052115083
7911,0.029978989
8111,0.055075407
8211,0.08715308
8311,0.042103272
8411,0.060922723
8511,0.055007976
8611,0.053492017
8711,0.071334355
8911,0.03193129
9011,0.038582932
9211,0.086938106
9511,0.05195122
9811,0.067486845
9911,0.055480942
10111,0.041003607
10411,0.071978405
10511,0.09132855
10611,0.028295586
10711,0.034357253
10911,0.060054027
11211,0.04670005
11311,0.0076337107
11711,0.006785364
11911,0.104468934
12111,0.053917546
12411,0.031313848
12711,0.07831299
12911,0.031354386
13011,0.02277979
13411,0.096023194
13511,0.061421
13611,0.08707113
13711,0.10610746
13911,0.042609394
14311,0.11075775
14411,0.0022826977
15411,0.0020230364
15611,0.12577097
15711,0.027883442
15811,0.040079247
15911,0.02943323
16111,0.085765705
16211,0.10107097
16311,0.2885292
16411,0.11285792
16511,0.6730153
16611,0.1728143
17011,0.13062234
17111,0.0888832
17211,0.09665438
17311,0.10124352
17411,0.2314572
17611,0.08018416
17711,0.08252617
17911,0.102189705
18011,0.09809763
18111,0.00048459275
18211,0.00031597345
18411,0.0043004295
18511,0.054870803
18711,1.2141676e-05
18811,0.06129377
19111,0.039167147
19511,0.051904
19611,0.0075512934
19711,0.050115433
19811,0.0007269996
20711,0.09213606
20811,0.010435653
20911,0.12359053
21111,0.120505385
21211,0.1736238
21411,0.010267894
21811,0.16361876
22011,0.06437743
22311,0.03353213
22411,0.05208347
22511,0.10953949
22611,0.12676881
22911,0.00029712956
23011,0.00095748354
23211,0.06835126
23311,0.10789729
23611,0.06951665
23711,0.04152881
23811,0.10675603
23911,0.054849178
24111,0.051194325
24211,0.05184686
24411,0.0012018702
24511,0.058954
24611,0.005642536
24711,0.047521297
25311,0.07775396
25411,0.06510846
25811,0.0058809556
26011,0.008441125
26111,0.01888412
26211,0.109742254
26311,0.095089376
26411,0.002528674
26611,0.09789622
26711,0.081547126
26811,0.016153859
26911,0.08702868
27011,0.056045044
27311,0.03103463
27411,0.16830921
27511,0.0032459476
27911,0.006209088
28011,0.031097444
28111,0.03009649
28311,0.09602448
28411,0.10481445
29011,0.01884987
29111,0.09603044
29311,0.13413438
29611,0.06459228
29711,0.0021443043
29811,0.046407145
29911,0.10953526
30011,0.088356376
30111,0.007998547
30311,0.11149123
30411,0.07056035
30711,0.0027308392
30811,0.041451294
31111,0.006858998
31211,0.03253422
31611,0.05385608
31711,0.002149934
31811,0.013030256
31911,0.060222633
32011,0.04832171
32111,0.080125615
32811,0.07600877
33011,0.09488315
33111,0.12805802
33511,0.07652806
33711,0.08057201
33811,0.084914796
33911,0.0003686505
34011,0.043725282
34211,0.00081945513
34311,0.09422162
34411,0.012771159
34511,0.007969007
34611,0.030851737
34811,5.7704216e-05
35011,0.04943809
35211,0.06501702
35311,0.024903474
35511,0.046975467
35611,0.04002167
35711,0.041310593
35911,0.042665776
36011,0.030246478
36111,0.051462557
36611,0.0008674798
37211,0.071457595
37411,0.09404522
37511,0.1308984
37611,0.009622688
37711,0.06000851
38111,0.23204853
38211,0.091846794
38311,0.10209486
38411,0.07424368
38611,0.08152041
38811,0.042312615
39111,0.023293408
39211,0.00034282386
39311,0.008927077
39411,0.021017153
39611,0.14179866
39711,0.0026477408
39911,0.038089294
40011,0.101525255
40211,0.07038629
40511,0.059199546
40611,0.07044328
41811,0.010880576
42011,0.045667205
42711,0.07636875
42911,0.032097436
43611,0.006187316
44211,0.07604358
44511,0.082548745
44711,0.10001239
44911,0.0749062
45211,0.021167222
45311,0.069615684
45511,0.10701239
45611,0.07708643
46111,0.016631663
46311,0.1074463
46511,0.0048393523
46911,0.07221284
47011,0.018353665
47111,0.001063377
47211,0.03902712
47311,0.11503664
47611,0.044528592
47711,0.13463475
47811,0.12013884
47911,0.041563436
48211,0.067150034
48611,0.03409169
48711,0.58260626
49111,0.02860106
49211,0.09629682
49611,0.4621134
49711,0.0080509465
49911,0.05389997
50111,0.10108434
50311,0.0058113025
50411,0.0014123379
50611,0.002742618
50811,0.0009814827
50911,0.008442806
51011,0.035146564
51211,0.0010706082
51611,0.04869554
51811,0.06295408
52011,0.0060718614
52111,0.14952087
52511,0.0645259
52611,0.009395465
52711,0.02901502
53211,0.046012636
53311,0.051121283
53411,0.05373857
53611,0.12523252
53911,0.011368426
54111,0.02013789
54211,0.08768793
54311,0.05977385
54411,0.041181937
54611,0.03187726
55011,0.10001491
55211,0.011229094
55411,0.0008166895
55511,0.07778305
55611,0.0690383
56211,0.046803772
56511,0.081921205
56711,0.07444204
56811,0.06349825
57011,0.046878144
57111,0.04958839
57211,0.084594205
57311,0.1777631
57511,0.08713574
57911,0.069308884
58011,0.03989846
58211,0.006222484
58311,0.1124973
58511,0.01804447
58911,0.083008
59111,0.010277127
59211,0.006901383
59511,0.0006680977
59611,0.0057067117
59811,0.06391384
59911,0.12242299
60411,0.005577344
60511,0.020333799
60811,0.080427974
61111,0.032265756
61311,0.006654858
61411,0.0065121143
61711,0.06094705
62111,0.006483805
62411,0.08155209
62711,0.13557851
62811,0.07097207
63511,0.0018113377
63611,0.12604925
63711,0.14893337
63811,0.07557028
63911,0.037735514
64311,0.08563236
64411,0.089080915
12,0.06719895
112,0.048635833
412,0.0032747982
612,0.060758553
712,0.07669487
1012,0.10115324
1212,0.029245855
1712,0.12264043
2212,0.064280875
2712,7.611955e-05
2812,0.027321469
2912,0.03394361
3012,0.1314891
3112,0.058372106
3212,0.03273118
3312,0.20951176
3412,0.032155428
3712,0.007646623
4012,0.048807807
4112,0.02065416
4212,0.042810936
4412,0.03867985
4712,0.059792373
4812,0.117776826
4912,0.046581853
5112,0.045279257
5212,0.045077495
5712,0.05454041
5912,0.06353469
6212,0.05986135
6312,0.06149477
6512,0.032004368
6612,0.05958869
6812,0.05372184
6912,0.06044385
7012,0.0030126602
7212,0.001622442
7412,0.036140848
7512,0.041533116
7712,0.05526352
7912,0.029511623
8112,0.08546581
8212,0.05703176
8312,0.06607741
8412,0.09339627
8512,0.060967885
8612,0.101394825
8712,0.030082626
8912,0.06728535
9012,0.041712455
9212,0.07271333
9512,0.070189245
9812,0.03695129
9912,0.06641365
10112,0.034691323
10412,0.0706939
10512,0.07110067
10612,0.05752784
10712,0.035980444
10912,0.048766587
11212,0.05107458
11312,0.01611597
11712,0.01457176
11912,0.080435604
12112,0.097414955
12412,0.091433756
12712,0.06221978
12912,0.047338843
13012,0.03081268
13412,0.07841712
13512,0.09708334
13612,0.09111055
13712,0.06181438
13912,0.05834082
14312,0.0706736
14412,0.0069139283
15412,0.0029106953
15612,0.05501967
15712,0.06639832
15812,0.080367066
15912,0.037091248
16112,0.046879217
16212,0.06899259
16312,0.05307661
16412,0.045014083
16512,0.0019483714
16612,0.042715605
17012,0.047213644
17112,0.065415874
17212,0.09388343
17312,0.07197641
17412,0.0970612
17612,0.03495249
17712,0.11794635
17912,0.057110216
18012,0.05987851
18112,0.00038000735
18212,0.00022602333
18412,0.003207502
18512,0.049838908
18712,8.027339e-06
18812,0.065578535
19112,0.037416715
19512,0.026754241
19612,0.003963175
19712,0.055731513
19812,0.00023475233
20712,0.06762793
20812,0.017568363
20912,0.06449103
21112,0.042444013
21212,0.04768496
21412,0.049079154
21812,0.053687323
22012,0.07514268
22312,0.0345696
22412,0.05682176
22512,0.063574836
22612,0.03489265
22912,0.14574035
23012,0.0001364278
23212,0.04165197
23312,0.050394014
23612,0.07930407
23712,0.08701224
23812,0.03342319
23912,0.094172485
24112,0.10353027
24212,0.07378077
24412,0.0016381388
24512,0.04841008
24612,0.0017228862
24712,0.065840036
25312,0.011781517
25412,0.05286964
25812,0.0049240286
26012,0.011456929
26112,0.033861183
26212,0.09281743
26312,0.07033021
26412,0.008819053
26612,0.03921949
26712,0.059615962
26812,0.014209267
26912,0.033532105
27012,0.098755814
27312,0.0938549
27412,0.04190576
27512,0.0014382214
27912,0.012352431
28012,0.0321105
28112,0.03584731
28312,0.07116046
28412,0.05970629
29012,0.020180646
29112,0.04487624
29312,0.06774738
29612,0.047291562
29712,0.015034856
29812,0.044860855
29912,0.09011257
30012,0.052456383
30112,0.014601979
30312,0.055576123
30412,0.080688655
30712,0.006116116
30812,0.06294769
31112,0.0039468287
31212,0.08241233
31612,0.10266591
31712,0.009829921
31812,0.04227033
31912,0.12928016
32012,0.18023957
32112,0.04399062
32812,0.06528569
33012,0.07928083
33112,0.17861228
33512,0.08315388
33712,0.087826915
33812,0.060840376
33912,0.00013179748
34012,0.020631464
34212,0.0011293037
34312,0.070017606
34412,0.0073599243
34512,0.0035609843
34612,0.051516157
34812,3.4547444e-05
35012,0.059474807
35212,0.07260925
35312,0.08287342
35512,0.03245815
35612,0.05374655
35712,0.061457146
35912,0.032990675
36012,0.062404525
36112,0.089259915
36612,0.0015627105
37212,0.0816598
37412,0.05561585
37512,0.037339192
37612,0.015512081
37712,0.06638642
38112,0.04100005
38212,0.06498556
38312,0.115122095
38412,0.06523213
38612,0.06402838
38812,0.07347625
39112,0.035093855
39212,0.06653037
39312,0.08518106
39412,0.034175444
39612,0.046793096
39712,0.0070287366
39912,0.05735332
40012,0.047866922
40212,0.08235929
40512,0.07998819
40612,0.041395586
41812,0.012626828
42012,0.043986697
42712,0.059121814
42912,0.04526164
43612,0.00984231
44212,0.058117937
44512,0.065614924
44712,0.039192695
44912,0.0843524
45212,0.012009616
45312,0.0349529
45512,0.043202862
45612,0.1007051
46112,0.119728655
46312,0.060507827
46512,0.005231714
46912,0.09162671
47012,0.013885727
47112,0.0020806682
47212,0.053477045
47312,0.050606057
47612,0.10197361
47712,0.040846776
47812,0.059968688
47912,0.07962766
48212,0.041535076
48612,0.07093755
48712,0.0046103816
49112,0.06727428
49212,0.086528204
49612,0.051324245
49712,0.006593565
49912,0.10511024
50112,0.11369854
50312,0.009237795
50412,0.0023878762
50612,0.0053208405
50812,0.0016494605
50912,0.0072409143
51012,0.0419986
51212,0.0004960548
51612,0.061407674
51812,0.07967527
52012,0.0037816418
52112,0.028018966
52512,0.056981847
52612,0.00898148
52712,0.44932958
53212,0.02895222
53312,0.042398732
53412,0.054954175
53612,0.053287957
53912,0.019036505
54112,0.028054811
54212,0.059039257
54312,0.078644596
54412,0.095692396
54612,0.06999654
55012,0.080489434
55212,0.018556135
55412,0.0019915346
55512,0.040489536
55612,0.031396482
56212,0.04130654
56512,0.09366108
56712,0.114540346
56812,0.032367244
57012,0.046510644
57112,0.040435594
57212,0.10303621
57312,0.055655606
57512,0.06172338
57912,0.09602748
58012,0.06334244
58212,0.014462602
58312,0.043758865
58512,0.021559013
58912,0.030294796
59112,0.013168011
59212,0.04394029
59512,0.0010541852
59612,0.01229586
59812,0.033398498
59912,0.04398373
60412,0.013537155
60512,0.028893268
60812,0.056440152
61112,0.020212246
61312,0.008423954
61412,0.008406186
61712,0.11123415
62112,0.008849262
62412,0.049212653
62712,0.06351041
62812,0.04799456
63512,0.0054592104
63612,0.05049817
63712,0.05756801
63812,0.086983986
63912,0.04300196
64312,0.070905335
64412,0.092999056
13,0.056290213
113,0.059038773
413,9.582194e-05
613,0.025543202
713,0.022723217
1013,0.033165526
1213,0.0068540564
1713,0.043176893
2213,0.024775682
2713,2.6191461e-05
2813,0.010187826
2913,0.032529455
3013,0.009017926
3113,0.021542646
3213,0.015104805
3313,0.02244286
3413,0.016489914
3713,0.0037659702
4013,0.018303193
4113,2.3302021e-10
4213,0.023355674
4413,0.018962732
4713,0.022780895
4813,0.03723429
4913,0.011482735
5113,0.023271065
5213,0.019163799
5713,0.018122554
5913,0.024660332
6213,0.019255625
6313,0.02788077
6513,0.024313083
6613,0.021184234
6813,0.022452388
6913,9.719696e-05
7013,0.0013056474
7213,3.25725e-05
7413,0.009259853
7513,0.0122952
7713,0.0229561
7913,0.019219153
8113,0.024787268
8213,0.02401854
8313,0.03848939
8413,0.027896
8513,0.036121327
8613,0.039962526
8713,0.032833733
8913,0.033147592
9013,0.026018487
9213,0.027225217
9513,0.022286853
9813,0.023943653
9913,0.029116888
10113,0.016530955
10413,0.028713755
10513,0.027717113
10613,0.02014823
10713,0.014985099
10913,0.01779105
11213,0.03165744
11313,0.0039844336
11713,0.0039647166
11913,0.03159553
12113,0.021773053
12413,0.02672369
12713,0.024968313
12913,0.012596452
13013,0.013466022
13413,0.020341936
13513,0.032497153
13613,0.027848642
13713,0.021259543
13913,0.011627733
14313,0.027012505
14413,0.004399092
15413,0.0016886925
15613,0.025192855
15713,0.012514631
15813,0.030902954
15913,0.027352074
16113,0.0223909
16213,0.024917321
16313,0.017439453
16413,0.05599274
16513,9.638053e-05
16613,0.012626406
17013,0.014063806
17113,0.047109686
17213,0.060986947
17313,0.022743886
17413,0.02281525
17613,0.016071837
17713,0.04316977
17913,0.037742607
18013,0.05003198
18113,0.000116062816
18213,5.606829e-05
18413,0.0009282609
18513,0.022776306
18713,2.5647328e-06
18813,0.020237643
19113,0.024363514
19513,0.044391163
19613,0.0016428125
19713,0.04066185
19813,0.00010878626
20713,0.024984518
20813,0.0053378744
20913,0.029368564
21113,0.026684359
21213,0.017280677
21413,0.0077819796
21813,0.024789013
22013,0.026371155
22313,0.015767232
22413,0.02852726
22513,0.022006359
22613,0.029083509
22913,8.815049e-06
23013,3.7042216e-06
23213,0.010380907
23313,0.0164173
23613,0.025844134
23713,0.021945674
23813,0.0109270625
23913,0.02528662
24113,0.021602675
24213,0.024850676
24413,0.0013336906
24513,0.028268037
24613,0.0013615381
24713,0.034397125
25313,0.0036876032
25413,0.018614221
25813,0.016496874
26013,0.009499482
26113,0.016927272
26213,0.022088062
26313,0.028313972
26413,0.0029142564
26613,0.026632518
26713,0.017246915
26813,0.0038613132
26913,0.019982783
27013,0.030717107
27313,0.027464503
27413,0.021219328
27513,0.0001424476
27913,0.0048478283
28013,0.027935272
28113,0.0066876207
28313,0.023624178
28413,0.020210834
29013,0.010597022
29113,0.02784731
29313,0.032150887
29613,0.016314926
29713,0.00197559
29813,0.0253329
29913,0.035735715
30013,0.01741645
30113,0.0072864904
30313,0.021610243
30413,0.018220112
30713,0.0032213964
30813,0.025774643
31113,0.0042420346
31213,0.021976495
31613,0.028943412
31713,0.0048037875
31813,0.020039039
31913,0.025980014
32013,0.038092855
32113,0.053999893
32813,0.018090438
33013,0.05116716
33113,0.0547029
33513,0.02981312
33713,0.03610857
33813,0.052147303
33913,4.2686726e-05
34013,0.014070278
34213,0.00018452932
34313,0.032855604
34413,0.0037621353
34513,0.0032536346
34613,0.021604579
34813,5.827991e-06
35013,0.021651382
35213,0.007398098
35313,0.02238453
35513,0.056180574
35613,0.03140437
35713,0.04973668
35913,0.016091544
36013,0.027368544
36113,0.026044505
36613,0.0012896371
37213,0.02239662
37413,0.017971355
37513,0.013416893
37613,0.011245402
37713,0.018552601
38113,0.022873608
38213,0.023300922
38313,0.020611666
38413,0.02431945
38613,0.023256619
38813,0.02454053
39113,0.013603082
39213,2.692113e-05
39313,0.00065375015
39413,0.012655456
39613,0.029578462
39713,9.113835e-05
39913,0.03283159
40013,0.024863696
40213,0.035166267
40513,0.038891483
40613,0.03161172
41813,0.011221055
42013,0.021291845
42713,0.02352743
42913,0.016106408
43613,0.0021469072
44213,0.020751659
44513,0.016877158
44713,0.030828293
44913,0.023861842
45213,0.008282814
45313,0.016076392
45513,0.016374752
45613,0.018741388
46113,0.037349615
46313,0.017823162
46513,0.004868527
46913,0.028548073
47013,0.005964806
47113,0.0025623
47213,0.03159222
47313,0.034831755
47613,0.026638735
47713,0.011280622
47813,0.022339394
47913,0.038840648
48213,0.020814301
48613,0.0271214
48713,0.0003907971
49113,0.022614228
49213,0.034218684
49613,0.011480895
49713,0.00029891994
49913,0.035120983
50113,0.028118312
50313,0.003480293
50413,0.0006231776
50613,0.0007835257
50813,0.00022879633
50913,0.005529242
51013,0.030002873
51213,0.00012418165
51613,0.0030495783
51813,0.037443575
52013,0.0015547529
52113,0.018808747
52513,0.023769392
52613,0.004694542
52713,0.0062569664
53213,0.013977872
53313,0.01225801
53413,0.01593562
53613,0.01763553
53913,0.009384903
54113,0.014818801
54213,0.020159235
54313,0.022452908
54413,0.028826436
54613,0.011710926
55013,0.026960526
55213,0.0036040503
55413,0.00021511198
55513,0.024113363
55613,0.017739918
56213,0.025381012
56513,0.035752255
56713,0.049652886
56813,0.019284328
57013,0.020076916
57113,0.046194896
57213,0.030022493
57313,0.009877893
57513,0.039559804
57913,0.030205498
58013,0.04220496
58213,0.010931117
58313,0.020019611
58513,0.014635164
58913,0.015554515
59113,0.011393909
59213,0.016548974
59513,0.0010016544
59613,0.005454387
59813,0.016601555
59913,0.016544638
60413,0.006863039
60513,0.010196865
60813,0.02266345
61113,0.0123967165
61313,0.004435542
61413,0.0087207705
61713,0.027593318
62113,0.003026694
62413,0.01996514
62713,0.019668248
62813,0.021706663
63513,0.0017639091
63613,0.020475514
63713,0.019664478
63813,0.02786819
63913,0.035168216
64313,0.026092917
64413,0.023704402
14,0.1109603
114,0.19062214
414,0.00042754068
614,0.07703705
714,0.06738491
1014,0.040953625
1214,0.021331074
1714,0.10466072
2214,0.05140964
2714,9.7351694e-05
2814,0.032166976
2914,0.13058594
3014,0.030753301
3114,0.034730427
3214,0.028205493
3314,0.031278696
3414,0.03763113
3714,0.006400373
4014,0.04484496
4114,5.968285e-09
4214,0.034645345
4414,0.038268548
4714,0.061082438
4814,0.050325915
4914,0.029424699
5114,0.03811834
5214,0.04309623
5714,0.033726316
5914,0.042579196
6214,0.045903012
6314,0.04520338
6514,0.04343407
6614,0.07283201
6814,0.028406207
6914,0.00038476894
7014,0.008938011
7214,0.00010555121
7414,0.03813741
7514,0.041172583
7714,0.064813934
7914,0.0336844
8114,0.05235172
8214,0.040783986
8314,0.052145094
8414,0.02502904
8514,0.04097119
8614,0.060673937
8714,0.2859474
8914,0.03632948
9014,0.068937175
9214,0.03181916
9514,0.039312176
9814,0.08769738
9914,0.07376287
10114,0.030202838
10414,0.0750902
10514,0.039658844
10614,0.071407564
10714,0.028785989
10914,0.03523661
11214,0.03678963
11314,0.013624017
11714,0.010612657
11914,0.04331862
12114,0.03526298
12414,0.041924443
12714,0.043756537
12914,0.030100351
13014,0.02572122
13414,0.038578812
13514,0.069619454
13614,0.04431203
13714,0.06415023
13914,0.01382236
14314,0.055805262
14414,0.035478618
15414,0.0058023375
15614,0.056064047
15714,0.048103634
15814,0.034699056
15914,0.0815154
16114,0.029785989
16214,0.04100376
16314,0.107394286
16414,0.16885003
16514,0.00036562653
16614,0.01521076
17014,0.047014203
17114,0.06055908
17214,0.058200117
17314,0.016652927
17414,0.05693886
17614,0.04662308
17714,0.09410255
17914,0.13919774
18014,0.109295055
18114,0.00020604169
18214,0.0002518999
18414,0.0018871296
18514,0.035524294
18714,1.3632948e-05
18814,0.04104313
19114,0.026190061
19514,0.08837803
19614,0.0039292723
19714,0.06733032
19814,0.00012179871
20714,0.027112776
20814,0.017977128
20914,0.091141075
21114,0.095220536
21214,0.019612689
21414,0.10909064
21814,0.053524006
22014,0.07020167
22314,0.020940304
22414,0.06666206
22514,0.057039604
22614,0.051210467
22914,5.7663958e-05
23014,4.4229022e-05
23214,0.044701975
23314,0.066102676
23614,0.044866823
23714,0.023231495
23814,0.051175848
23914,0.025779441
24114,0.031631507
24214,0.03600118
24414,0.019424492
24514,0.051409975
24614,0.029386565
24714,0.060351104
25314,0.014252109
25414,0.029604852
25814,0.06989176
26014,0.019039184
26114,0.03045018
26214,0.038355313
26314,0.09987939
26414,0.0045480095
26614,0.061378367
26714,0.050104115
26814,0.008118975
26914,0.021630807
27014,0.03443638
27314,0.05505931
27414,0.037948597
27514,0.0004903336
27914,0.010051469
28014,0.0800475
28114,0.04247241
28314,0.044453066
28414,0.03151744
29014,0.08538979
29114,0.03814262
29314,0.08941282
29614,0.040265486
29714,0.014980291
29814,0.04232747
29914,0.058241002
30014,0.036185957
30114,0.03413049
30314,0.061401244
30414,0.053151514
30714,0.015067053
30814,0.041157506
31114,0.07196643
31214,0.03313207
31614,0.035787217
31714,0.018096946
31814,0.03129934
31914,0.049273517
32014,0.0645883
32114,0.23275019
32814,0.037469644
33014,0.06489575
33114,0.047192167
33514,0.059545193
33714,0.097868815
33814,0.14982362
33914,0.00035977174
34014,0.044176817
34214,0.0019985607
34314,0.09747458
34414,0.0063244803
34514,0.069134966
34614,0.02800328
34814,7.115605e-05
35014,0.029716205
35214,0.025732277
35314,0.06435055
35514,0.12062989
35614,0.049844697
35714,0.13957717
35914,0.020057105
36014,0.07058479
36114,0.043141536
36614,0.0047334814
37214,0.36926472
37414,0.02444959
37514,0.024183534
37614,0.07185211
37714,0.034873415
38114,0.036369264
38214,0.08453094
38314,0.046118632
38414,0.07515639
38614,0.05517737
38814,0.08467837
39114,0.050283145
39214,0.00015970372
39314,0.0019083272
39414,0.020637656
39614,0.041768003
39714,0.022786342
39914,0.056429002
40014,0.017850298
40214,0.07370058
40514,0.038333412
40614,0.11754582
41814,0.036687225
42014,0.12564278
42714,0.068651095
42914,0.23457755
43614,0.006869159
44214,0.036871627
44514,0.021373298
44714,0.06553054
44914,0.05447783
45214,0.06352594
45314,0.025423158
45514,0.040270302
45614,0.058096975
46114,0.050144523
46314,0.04328941
46514,0.035872016
46914,0.0657317
47014,0.023648672
47114,0.04730903
47214,0.08340089
47314,0.040050052
47614,0.04125067
47714,0.0245654
47814,0.035894535
47914,0.08269745
48214,0.024633443
48614,0.059326965
48714,0.0007806682
49114,0.03137091
49214,0.03206172
49614,0.015517814
49714,0.0015744623
49914,0.077867694
50114,0.116178125
50314,0.00846456
50414,0.0014678871
50614,0.0041712467
50814,0.0007415872
50914,0.08290402
51014,0.1015948
51214,0.0015328239
51614,0.007206414
51814,0.032143608
52014,0.005091746
52114,0.04042019
52514,0.032141794
52614,0.011523637
52714,0.06574448
53214,0.018215455
53314,0.025337921
53414,0.05382846
53614,0.045122348
53914,0.083009385
54114,0.08259375
54214,0.050534964
54314,0.02486324
54414,0.05883546
54614,0.43945196
55014,0.048200864
55214,0.0057839006
55414,0.000769473
55514,0.13908719
55614,0.065933414
56214,0.029185705
56514,0.041137982
56714,0.05299747
56814,0.04979847
57014,0.19084948
57114,0.14877127
57214,0.028231824
57314,0.01550103
57514,0.15998323
57914,0.036737982
58014,0.063524544
58214,0.028317899
58314,0.028109338
58514,0.010690928
58914,0.107804574
59114,0.059864957
59214,0.03222795
59514,0.0037542959
59614,0.023301007
59814,0.054448772
59914,0.054851804
60414,0.016474513
60514,0.03792382
60814,0.059058014
61114,0.03420502
61314,0.04887017
61414,0.015068619
61714,0.06917911
62114,0.014197131
62414,0.04918748
62714,0.0569066
62814,0.056870453
63514,0.010960924
63614,0.07473763
63714,0.04131644
63814,0.08460987
63914,0.093181744
64314,0.052334793
64414,0.03659105
15,0.07909808
115,0.04222813
415,0.00014338325
615,0.047199283
715,0.054523423
1015,0.05777511
1215,0.0109907435
1715,0.033447843
2215,0.042442776
2715,6.162609e-05
2815,0.016507627
2915,0.036520563
3015,0.042118836
3115,0.033366814
3215,0.016423725
3315,0.0369506
3415,0.03129067
3715,0.008716086
4015,0.03657181
4115,6.1094196e-10
4215,0.064861655
4415,0.037348706
4715,0.029004881
4815,0.050936386
4915,0.06586197
5115,0.05777587
5215,0.033534214
5715,0.024664247
5915,0.045888945
6215,0.033085305
6315,0.04203972
6515,0.03045358
6615,0.036790043
6815,0.020870987
6915,0.000250164
7015,0.0036631045
7215,0.00013030863
7415,0.12861964
7515,0.037602946
7715,0.028569374
7915,0.054558005
8115,0.058125086
8215,0.051593024
8315,0.056421164
8415,0.047750518
8515,0.05232057
8615,0.043272715
8715,0.024652513
8915,0.03585712
9015,0.033826593
9215,0.036203694
9515,0.029674321
9815,0.03906718
9915,0.04198199
10115,0.026320644
10415,0.03900019
10515,0.036500003
10615,0.043410838
10715,0.0908774
10915,0.033795416
11215,0.037707634
11315,0.010381987
11715,0.01616329
11915,0.042818986
12115,0.035853952
12415,0.035581924
12715,0.03897095
12915,0.011569417
13015,0.04861272
13415,0.046102766
13515,0.05403141
13615,0.027008876
13715,0.028061753
13915,0.107579164
14315,0.023644915
14415,0.0014730265
15415,0.0024480794
15615,0.04255845
15715,0.014163845
15815,0.028963668
15915,0.022436826
16115,0.04317301
16215,0.038202953
16315,0.050165676
16415,0.040858038
16515,0.00013228004
16615,0.02561886
17015,0.029527145
17115,0.054214694
17215,0.044947058
17315,0.07534868
17415,0.039685063
17615,0.031917647
17715,0.08015588
17915,0.016270183
18015,0.020831026
18115,0.00024145293
18215,0.000145085
18415,0.002584682
18515,0.03211418
18715,4.4882836e-06
18815,0.03670684
19115,0.046674084
19515,0.041864533
19615,0.004416736
19715,0.060163748
19815,0.0003534718
20715,0.021392403
20815,0.01546325
20915,0.07872623
21115,0.039302856
21215,0.019985158
21415,0.00987977
21815,0.038486887
22015,0.034479503
22315,0.059054006
22415,0.024792489
22515,0.047340494
22615,0.03021774
22915,2.322363e-05
23015,1.7474935e-05
23215,0.11893097
23315,0.076805286
23615,0.037506297
23715,0.05612749
23815,0.018023577
23915,0.053596716
24115,0.04300654
24215,0.050889276
24415,0.001988303
24515,0.03910387
24615,0.0033093882
24715,0.043691635
25315,0.0067271176
25415,0.06740222
25815,0.006983999
26015,0.008854959
26115,0.028882418
26215,0.028394345
26315,0.044710986
26415,0.006626611
26615,0.042927843
26715,0.033814732
26815,0.0056200693
26915,0.023842635
27015,0.032221735
27315,0.031187564
27415,0.022845225
27515,0.00054341904
27915,0.004565813
28015,0.08204716
28115,0.0067574107
28315,0.03947934
28415,0.02510827
29015,0.015679335
29115,0.027431596
29315,0.044306513
29615,0.047097977
29715,0.0019432636
29815,0.023057895
29915,0.033518042
30015,0.033236343
30115,0.0071712662
30315,0.034026053
30415,0.030700037
30715,0.0040295515
30815,0.026806368
31115,0.0022979334
31215,0.02494889
31615,0.028195493
31715,0.004633011
31815,0.02712957
31915,0.03541667
32015,0.038702656
32115,0.025944455
32815,0.038789477
33015,0.04198987
33115,0.04225278
33515,0.06489909
33715,0.023991225
33815,0.017078219
33915,0.00012992218
34015,0.021541182
34215,0.00067368755
34315,0.032727163
34415,0.0059382715
34515,0.0048845354
34615,0.020844791
34815,1.9495921e-05
35015,0.038525417
35215,0.016487066
35315,0.025483033
35515,0.059048872
35615,0.07354316
35715,0.05044712
35915,0.017159674
36015,0.026149746
36115,0.040153377
36615,0.00070841314
37215,0.017399011
37415,0.055794217
37515,0.033680163
37615,0.011679604
37715,0.022529567
38115,0.03238136
38215,0.02635796
38315,0.026815966
38415,0.037971582
38615,0.055628777
38815,0.04809013
39115,0.019213796
39215,5.828578e-05
39315,0.0016173043
39415,0.029157048
39615,0.09625168
39715,6.17213e-05
39915,0.024421725
40015,0.04138755
40215,0.046935435
40515,0.024710182
40615,0.03966554
41815,0.0100140255
42015,0.028682688
42715,0.031154212
42915,0.046616346
43615,0.0034682816
44215,0.028380934
44515,0.03545138
44715,0.032288708
44915,0.025651546
45215,0.019763747
45315,0.059961315
45515,0.047876928
45615,0.034735836
46115,0.021469036
46315,0.033741735
46515,0.0033277164
46915,0.032172054
47015,0.018671108
47115,0.00097266556
47215,0.033244
47315,0.044130087
47615,0.02666655
47715,0.023115532
47815,0.034601115
47915,0.039691925
48215,0.035112746
48615,0.067895584
48715,0.0005335349
49115,0.041002966
49215,0.030377481
49615,0.017692609
49715,0.0013532478
49915,0.05364978
50115,0.014302875
50315,0.0042771427
50415,0.0011939034
50615,0.002859594
50815,0.00058258
50915,0.0072534066
51015,0.032106914
51215,0.00031205243
51615,0.006435383
51815,0.048305687
52015,0.0025041916
52115,0.03471238
52515,0.043339517
52615,0.007181032
52715,0.001309159
53215,0.042625543
53315,0.04559421
53415,0.040576227
53615,0.031343177
53915,0.00648479
54115,0.011918383
54215,0.038605135
54315,0.020986447
54415,0.024333432
54615,0.025451193
55015,0.03757353
55215,0.008597493
55415,0.0006986981
55515,0.028377458
55615,0.073568106
56215,0.07616084
56515,0.07703105
56715,0.06444315
56815,0.027499424
57015,0.029633217
57115,0.043412413
57215,0.063537255
57315,0.014172914
57515,0.025884986
57915,0.030471934
58015,0.055692617
58215,0.009774858
58315,0.04509134
58515,0.02858908
58915,0.05314549
59115,0.0076487246
59215,0.01195738
59515,0.0006895165
59615,0.007873767
59815,0.025866104
59915,0.031246625
60415,0.0034620706
60515,0.048559833
60815,0.031209072
61115,0.027453206
61315,0.0036176713
61415,0.0076366374
61715,0.053852268
62115,0.0025153786
62415,0.03066334
62715,0.025052845
62815,0.02996153
63515,0.003061957
63615,0.029507054
63715,0.040983718
63815,0.040159307
63915,0.04601768
64315,0.04543514
64415,0.031095672
16,0.032696333
116,0.04701648
416,0.00017761668
616,0.034596507
716,0.031127922
1016,0.03657769
1216,0.012267084
1716,0.032930396
2216,0.024670923
2716,3.196909e-05
2816,0.010886879
2916,0.0398349
3016,0.017701384
3116,0.02894756
3216,0.021189475
3316,0.019273026
3416,0.027126007
3716,0.008507615
4016,0.041749403
4116,2.2099676e-11
4216,0.030504262
4416,0.032743312
4716,0.051720243
4816,0.028385295
4916,0.018870147
5116,0.031151162
5216,0.037422482
5716,0.028598206
5916,0.025056286
6216,0.025204416
6316,0.04280474
6516,0.022790547
6616,0.030093608
6816,0.030040791
6916,9.662118e-05
7016,0.0023664688
7216,4.990001e-05
7416,0.03330476
7516,0.019027283
7716,0.026244814
7916,0.013679249
8116,0.04107246
8216,0.034177005
8316,0.043112423
8416,0.039231278
8516,0.043210074
8616,0.043013833
8716,0.03715529
8916,0.030237593
9016,0.028447364
9216,0.041873172
9516,0.017861018
9816,0.046628535
9916,0.0522504
10116,0.021640632
10416,0.025812203
10516,0.02884783
10616,0.025037857
10716,0.0341518
10916,0.04272033
11216,0.029749086
11316,0.004341352
11716,0.006134472
11916,0.03242026
12116,0.029071255
12416,0.031685177
12716,0.036477704
12916,0.01987115
13016,0.017256808
13416,0.036158238
13516,0.022864476
13616,0.031055614
13716,0.019190788
13916,0.021984294
14316,0.026281852
14416,0.0015739466
15416,0.0020224904
15616,0.041331615
15716,0.016073933
15816,0.023568818
15916,0.028646775
16116,0.041404784
16216,0.034455873
16316,0.035684805
16416,0.05440045
16516,0.00022279138
16616,0.013184744
17016,0.021997638
17116,0.031105755
17216,0.047107514
17316,0.01765346
17416,0.03369711
17616,0.024488386
17716,0.038710374
17916,0.03667972
18016,0.049215656
18116,0.00016201279
18216,7.8474e-05
18416,0.00082042423
18516,0.029059177
18716,4.34841e-06
18816,0.027567288
19116,0.019872352
19516,0.049266174
19616,0.0032849733
19716,0.04967277
19816,0.00017271214
20716,0.038875166
20816,0.0074047935
20916,0.040112488
21116,0.03389418
21216,0.023982124
21416,0.011005583
21816,0.024824984
22016,0.028729325
22316,0.032182366
22416,0.02208173
22516,0.026983658
22616,0.03543901
22916,5.5285304e-06
23016,1.0171443e-05
23216,0.042465758
23316,0.039960105
23616,0.04429209
23716,0.028734677
23816,0.024643779
23916,0.03126943
24116,0.030330943
24216,0.039627913
24416,0.0010304006
24516,0.03235526
24616,0.0027082649
24716,0.03714939
25316,0.0057983333
25416,0.027038306
25816,0.02184338
26016,0.007760315
26116,0.024534175
26216,0.030184913
26316,0.023660786
26416,0.0018991607
26616,0.04362248
26716,0.033232853
26816,0.005071406
26916,0.01738502
27016,0.036793657
27316,0.03682127
27416,0.023507131
27516,0.00036553183
27916,0.0046308665
28016,0.03814321
28116,0.009034701
28316,0.045469522
28416,0.025688894
29016,0.019096304
29116,0.029101796
29316,0.040674016
29616,0.03275607
29716,0.002425796
29816,0.023956897
29916,0.025793098
30016,0.023947379
30116,0.005572828
30316,0.024952104
30416,0.027261876
30716,0.0036928402
30816,0.033782016
31116,0.0050190594
31216,0.026898341
31616,0.017204573
31716,0.004923407
31816,0.015458868
31916,0.028772205
32016,0.026387118
32116,0.041183848
32816,0.028297128
33016,0.05682416
33116,0.04667626
33516,0.03871515
33716,0.032413803
33816,0.039171536
33916,5.501629e-05
34016,0.018101562
34216,0.00028140712
34316,0.036746576
34416,0.0045572533
34516,0.0042345566
34616,0.023975037
34816,1.1101345e-05
35016,0.028995736
35216,0.008485388
35316,0.04415622
35516,0.05429194
35616,0.03953696
35716,0.04080333
35916,0.033762682
36016,0.022645913
36116,0.023801155
36616,0.0005105631
37216,0.016575823
37416,0.030906815
37516,0.034849666
37616,0.010300427
37716,0.022203866
38116,0.02531582
38216,0.024113256
38316,0.030074501
38416,0.025468178
38616,0.030557612
38816,0.027260758
39116,0.013049677
39216,2.755881e-05
39316,0.0007984731
39416,0.016450245
39616,0.03697276
39716,6.804473e-05
39916,0.03155087
40016,0.024155207
40216,0.036236078
40516,0.025437513
40616,0.040913243
41816,0.013210442
42016,0.03714042
42716,0.028353013
42916,0.016208088
43616,0.0028127301
44216,0.021763235
44516,0.02005585
44716,0.028759122
44916,0.025929948
45216,0.012383517
45316,0.041738003
45516,0.039153077
45616,0.027424267
46116,0.014102414
46316,0.030611778
46516,0.001935799
46916,0.03180429
47016,0.010079659
47116,0.0029257543
47216,0.034939624
47316,0.03445661
47616,0.030306272
47716,0.028015794
47816,0.029831171
47916,0.029372536
48216,0.04180148
48616,0.029670563
48716,0.00075201824
49116,0.03050594
49216,0.036244754
49616,0.012893669
49716,0.00087663403
49916,0.033797227
50116,0.036778554
50316,0.0039642034
50416,0.0010487494
50616,0.001364677
50816,0.0003416681
50916,0.0065838955
51016,0.033689458
51216,0.0002804044
51616,0.0048076976
51816,0.034431927
52016,0.0024049068
52116,0.028242446
52516,0.030610615
52616,0.011984943
52716,0.007710074
53216,0.025584308
53316,0.02771186
53416,0.04115079
53616,0.028983016
53916,0.00857682
54116,0.016763017
54216,0.032159626
54316,0.020035122
54416,0.026974557
54616,0.01483359
55016,0.030760258
55216,0.0040490967
55416,0.00036258594
55516,0.025821796
55616,0.03290662
56216,0.03745083
56516,0.041487742
56716,0.043603938
56816,0.035957213
57016,0.016251605
57116,0.042456772
57216,0.02798381
57316,0.013715482
57516,0.041180976
57916,0.03521441
58016,0.04867344
58216,0.015867773
58316,0.02734716
58516,0.023237891
58916,0.027847778
59116,0.0066376734
59216,0.00727923
59516,0.001208037
59616,0.0059420685
59816,0.026022762
59916,0.027036699
60416,0.0033697635
60516,0.021675415
60816,0.028094722
61116,0.012113664
61316,0.006505822
61416,0.010712191
61716,0.024407176
62116,0.0030056874
62416,0.034418903
62716,0.022241563
62816,0.017745513
63516,0.0024098894
63616,0.031192666
63716,0.02780022
63816,0.03342251
63916,0.03785168
64316,0.03243912
64416,0.026293479
17,0.032174163
117,0.046986863
417,0.000283619
617,0.06538888
717,0.039113726
1017,0.028092483
1217,0.0062785773
1717,0.036621317
2217,0.024043892
2717,0.00014680698
2817,0.0075187297
2917,0.044268835
3017,0.02816575
3117,0.030279204
3217,0.039613795
3317,0.024253497
3417,0.013556325
3717,0.0075015174
4017,0.060302053
4117,6.513346e-11
4217,0.032028
4417,0.031613227
4717,0.049505662
4817,0.041216608
4917,0.043483146
5117,0.12611473
5217,0.0494303
5717,0.045721732
5917,0.026910404
6217,0.04145615
6317,0.030091217
6517,0.040044386
6617,0.039292663
6817,0.028522553
6917,0.0002821309
7017,0.004608115
7217,0.0011165608
7417,0.039918914
7517,0.015886948
7717,0.03431431
7917,0.033070337
8117,0.044514474
8217,0.03459017
8317,0.05690194
8417,0.03185195
8517,0.024459835
8617,0.0364576
8717,0.03740042
8917,0.019862596
9017,0.04399793
9217,0.033347815
9517,0.0320544
9817,0.05197103
9917,0.038582873
10117,0.017728146
10417,0.034320675
10517,0.02721691
10617,0.023678007
10717,0.04842985
10917,0.046184026
11217,0.030290289
11317,0.005166602
11717,0.012772516
11917,0.046631835
12117,0.021399982
12417,0.029015077
12717,0.033843998
12917,0.033897694
13017,0.041901216
13417,0.032011528
13517,0.029093597
13617,0.029867487
13717,0.04955919
13917,0.02994132
14317,0.04467548
14417,0.0016296747
15417,0.0035194969
15617,0.033595774
15717,0.027610112
15817,0.024954876
15917,0.035312608
16117,0.059349537
16217,0.037772164
16317,0.032622755
16417,0.03560897
16517,0.0001965467
16617,0.011654727
17017,0.03657383
17117,0.029511781
17217,0.032126885
17317,0.019760739
17417,0.029843824
17617,0.036901347
17717,0.043422353
17917,0.046740513
18017,0.029711757
18117,0.00050805084
18217,0.00015743828
18417,0.001709862
18517,0.022321193
18717,2.547366e-05
18817,0.027594306
19117,0.041310664
19517,0.033537205
19617,0.003055185
19717,0.03513669
19817,0.0003876808
20717,0.032131363
20817,0.009114651
20917,0.038737845
21117,0.041968428
21217,0.029281178
21417,0.018624317
21817,0.035596102
22017,0.036994778
22317,0.04680492
22417,0.0477626
22517,0.037499085
22617,0.032264933
22917,3.2525404e-05
23017,6.11685e-05
23217,0.051715963
23317,0.03572933
23617,0.035135224
23717,0.017878884
23817,0.027175644
23917,0.025100123
24117,0.026974957
24217,0.030658664
24417,0.013341766
24517,0.057630498
24617,0.008675605
24717,0.045741074
25317,0.005142933
25417,0.029738683
25817,0.0051930244
26017,0.00425199
26117,0.015902963
26217,0.036756624
26317,0.059288047
26417,0.0073640775
26617,0.02732637
26717,0.039171778
26817,0.0024362034
26917,0.01879168
27017,0.029822586
27317,0.02952166
27417,0.027451873
27517,0.00094928587
27917,0.0028187446
28017,0.060809445
28117,0.007244108
28317,0.030993875
28417,0.04265068
29017,0.016561272
29117,0.029903388
29317,0.045779843
29617,0.029154038
29717,0.0030352366
29817,0.04015683
29917,0.034008946
30017,0.04909265
30117,0.006301369
30317,0.042325463
30417,0.04244902
30717,0.0025771772
30817,0.034971014
31117,0.002794616
31217,0.04608512
31617,0.019248724
31717,0.0025430252
31817,0.014821732
31917,0.04099952
32017,0.026694272
32117,0.028039243
32817,0.03715635
33017,0.038459316
33117,0.04555909
33517,0.037192862
33717,0.036172014
33817,0.0314361
33917,8.529236e-05
34017,0.026634147
34217,0.0005696699
34317,0.036001675
34417,0.010269556
34517,0.005176781
34617,0.017250193
34817,2.4065434e-05
35017,0.04109895
35217,0.059448063
35317,0.043908976
35517,0.03281616
35617,0.025964309
35717,0.0309248
35917,0.023063382
36017,0.020733653
36117,0.035198726
36617,0.0006418736
37217,0.033221547
37417,0.047924444
37517,0.03259658
37617,0.016390301
37717,0.046957538
38117,0.0360368
38217,0.05142828
38317,0.053549852
38417,0.056481127
38617,0.030651156
38817,0.028309766
39117,0.022066345
39217,6.878119e-05
39317,0.0005104361
39417,0.015279776
39617,0.046471264
39717,0.0006336725
39917,0.02049816
40017,0.04250805
40217,0.03239824
40517,0.0347574
40617,0.04273698
41817,0.008432857
42017,0.046104796
42717,0.051599786
42917,0.016275572
43617,0.0038068106
44217,0.026938485
44517,0.015635168
44717,0.028956033
44917,0.03927648
45217,0.14304519
45317,0.03516814
45517,0.047170583
45617,0.053551823
46117,0.015428913
46317,0.03154054
46517,0.0015682903
46917,0.030819917
47017,0.010443113
47117,0.0009958267
47217,0.028668357
47317,0.03651211
47617,0.042205006
47717,0.025846811
47817,0.035804372
47917,0.032410502
48217,0.035393532
48617,0.025879676
48717,0.0005851864
49117,0.026972454
49217,0.03255412
49617,0.011777088
49717,0.0015536643
49917,0.046927143
50117,0.03027243
50317,0.00350816
50417,0.0013118242
50617,0.0032176431
50817,0.0008915832
50917,0.00931605
51017,0.045135524
51217,0.0004046161
51617,0.00716366
51817,0.03251565
52017,0.0016216842
52117,0.039223365
52517,0.0363562
52617,0.008947774
52717,0.008100236
53217,0.08727949
53317,0.020721257
53417,0.0698652
53617,0.032856666
53917,0.008163346
54117,0.013870825
54217,0.043870058
54317,0.03298398
54417,0.03751215
54617,0.030456701
55017,0.027217424
55217,0.0053316527
55417,0.0007843999
55517,0.03035842
55617,0.042155836
56217,0.050736394
56517,0.035878953
56717,0.03829987
56817,0.018588258
57017,0.014138922
57117,0.038281783
57217,0.030435774
57317,0.008993813
57517,0.045468695
57917,0.04573703
58017,0.030610815
58217,0.00929818
58317,0.045894958
58517,0.016061967
58917,0.028910179
59117,0.008694423
59217,0.009350896
59517,0.00059926166
59617,0.0077191666
59817,0.028536297
59917,0.028374549
60417,0.001533689
60517,0.028566975
60817,0.05988955
61117,0.013240392
61317,0.00653502
61417,0.0066098818
61717,0.029111845
62117,0.0051285983
62417,0.04303983
62717,0.047789022
62817,0.034810334
63517,0.0024436144
63617,0.04606526
63717,0.0406488
63817,0.036281887
63917,0.042614684
64317,0.03466505
64417,0.041603625
18,0.012781967
118,0.0091488715
418,0.0002002815
618,0.052841663
718,0.040149752
1018,0.006335679
1218,0.008015951
1718,0.0047990205
2218,0.009877531
2718,5.071424e-05
2818,0.012237512
2918,0.025411176
3018,0.028791923
3118,0.031765737
3218,0.05691017
3318,0.07000367
3418,0.009880455
3718,0.0054996726
4018,0.0855463
4118,1.1642171e-09
4218,0.03931763
4418,0.03019306
4718,0.17924091
4818,0.045772392
4918,0.0589896
5118,0.040310524
5218,0.04726219
5718,0.027589606
5918,0.033971086
6218,0.030628685
6318,0.041557442
6518,0.030114383
6618,0.03392124
6818,0.043294106
6918,0.0001962459
7018,0.0027317232
7218,3.9940645e-05
7418,0.033241976
7518,0.024964614
7718,0.015252653
7918,0.0142185055
8118,0.039610736
8218,0.026198557
8318,0.024776692
8418,0.028605863
8518,0.009635175
8618,0.023779694
8718,0.008177083
8918,0.015435649
9018,0.015444595
9218,0.026595967
9518,0.038502004
9818,0.012910776
9918,0.01971853
10118,0.01579842
10418,0.035257325
10518,0.030532312
10618,0.09863429
10718,0.056194745
10918,0.046022557
11218,0.021635553
11318,0.008109858
11718,0.007842286
11918,0.037029304
12118,0.033542823
12418,0.054149754
12718,0.026083987
12918,0.030213356
13018,0.0811184
13418,0.035432298
13518,0.057677016
13618,0.061327163
13718,0.033067096
13918,0.025346255
14318,0.037854284
14418,0.009452375
15418,0.0035113601
15618,0.055153657
15718,0.029043674
15818,0.02301011
15918,0.015018712
16118,0.0234965
16218,0.035706256
16318,0.006229411
16418,0.007497045
16518,0.00022601795
16618,0.008226469
17018,0.02228423
17118,0.006449876
17218,0.004853579
17318,0.009333871
17418,0.010853114
17618,0.053190395
17718,0.030647442
17918,0.0029988599
18018,0.0032715346
18118,0.00020567476
18218,9.4401505e-05
18418,0.0009774402
18518,0.008284386
18718,4.1867297e-06
18818,0.015479663
19118,0.011576735
19518,0.012660919
19618,0.0023753766
19718,0.017939191
19818,0.00015017975
20718,0.057354454
20818,0.0344866
20918,0.032151055
21118,0.039376028
21218,0.028618809
21418,0.019195635
21818,0.043010816
22018,0.07611043
22318,0.06093879
22418,0.03854746
22518,0.038408704
22618,0.044436872
22918,1.17387635e-05
23018,9.276142e-06
23218,0.044213645
23318,0.058270168
23618,0.038335193
23718,0.029023277
23818,0.014771771
23918,0.018871617
24118,0.020632908
24218,0.059587386
24418,0.0016848594
24518,0.02850543
24618,0.0020964833
24718,0.026315058
25318,0.006350502
25418,0.04003206
25818,0.0076175295
26018,0.0050071618
26118,0.015271821
26218,0.03987929
26318,0.032053687
26418,0.016959004
26618,0.039958913
26718,0.03684354
26818,0.009259798
26918,0.021627722
27018,0.026833707
27318,0.055344615
27418,0.035986457
27518,0.00027545175
27918,0.0038933635
28018,0.049478687
28118,0.0086833015
28318,0.048893165
28418,0.033901952
29018,0.012764383
29118,0.04903738
29318,0.047102816
29618,0.054855626
29718,0.009652104
29818,0.027618235
29918,0.06745664
30018,0.022255763
30118,0.012733225
30318,0.048532434
30418,0.044488683
30718,0.004754173
30818,0.040599238
31118,0.0061334935
31218,0.046722747
31618,0.029228676
31718,0.0091694435
31818,0.019227067
31918,0.04876645
32018,0.07226479
32118,0.0057796263
32818,0.027799742
33018,0.005691321
33118,0.0054255184
33518,0.03287908
33718,0.0037603911
33818,0.0026484758
33918,5.5541193e-05
34018,0.0053652674
34218,0.0002870023
34318,0.0074534905
34418,0.0023771499
34518,0.0027077547
34618,0.014661532
34818,1.1179519e-05
35018,0.032136455
35218,0.013227817
35318,0.08726772
35518,0.012822283
35618,0.01378906
35718,0.015531652
35918,0.028132427
36018,0.035900302
36118,0.03706356
36618,0.0037382194
37218,0.03396364
37418,0.054916687
37518,0.03175406
37618,0.024778811
37718,0.01855892
38118,0.037188586
38218,0.041644983
38318,0.03228587
38418,0.026693404
38618,0.034692187
38818,0.07715409
39118,0.014254277
39218,4.38159e-05
39318,0.001511695
39418,0.015907314
39618,0.050614003
39718,0.00021510373
39918,0.011744853
40018,0.017169027
40218,0.01959908
40518,0.040095925
40618,0.008559582
41818,0.010073268
42018,0.021052701
42718,0.040036377
42918,0.048376027
43618,0.0051573045
44218,0.046276618
44518,0.020290753
44718,0.030933872
44918,0.064848065
45218,0.021815693
45318,0.059065264
45518,0.03514744
45618,0.043386754
46118,0.14857544
46318,0.039382882
46518,0.004256973
46918,0.0066173836
47018,0.0073586786
47118,0.0019089552
47218,0.027530307
47318,0.06271516
47618,0.066154875
47718,0.018864265
47818,0.03784715
47918,0.027717764
48218,0.063030526
48618,0.011620107
48718,0.0011212811
49118,0.029370366
49218,0.04436533
49618,0.013060314
49718,0.0011613996
49918,0.05200524
50118,0.0027949372
50318,0.002950885
50418,0.0011458291
50618,0.0028046092
50818,0.00035639238
50918,0.004340604
51018,0.018467145
51218,0.00025628178
51618,0.004614459
51818,0.035377454
52018,0.0023891835
52118,0.039856806
52518,0.046106946
52618,0.011793346
52718,0.0060557877
53218,0.07366133
53318,0.049453773
53418,0.15287898
53618,0.05323078
53918,0.014066405
54118,0.013816653
54218,0.035013262
54318,0.03980788
54418,0.04472141
54618,0.09084347
55018,0.054568235
55218,0.0056766975
55418,0.00043311677
55518,0.040639643
55618,0.03370118
56218,0.036625694
56518,0.053033937
56718,0.016586838
56818,0.024362046
57018,0.012044105
57118,0.011615379
57218,0.021583801
57318,0.01649734
57518,0.0074067973
57918,0.038637415
58018,0.015856624
58218,0.006108771
58318,0.031290296
58518,0.010963652
58918,0.037157238
59118,0.01605855
59218,0.015756046
59518,0.0005668217
59618,0.01091938
59818,0.031487107
59918,0.033829376
60418,0.0038352557
60518,0.020786244
60818,0.029525887
61118,0.01368854
61318,0.005893
61418,0.015785804
61718,0.08418603
62118,0.01548162
62418,0.03113177
62718,0.03675152
62818,0.028652154
63518,0.0063338457
63618,0.04241941
63718,0.04167735
63818,0.06045593
63918,0.023567228
64318,0.03480604
64418,0.04240344
