Id,Probability
0,0.0010080922
100,0.001114188
400,0.002849731
600,0.039194316
700,0.11308111
1000,0.0007178895
1200,0.001293556
1700,0.0005055138
2200,0.0005148058
2700,0.0013371741
2800,0.0006598182
2900,0.0011625051
3000,0.011917308
3100,0.011484533
3200,0.002863566
3300,0.0051004123
3400,0.0003729538
3700,0.0028509537
4000,0.050265834
4100,0.007803694
4200,0.007215316
4400,0.0016412879
4700,0.065374166
4800,0.0041021765
4900,0.009038315
5100,0.0038266322
5200,0.30008045
5700,0.0027233255
5900,0.007281954
6200,0.37355685
6300,0.33751047
6500,0.008056393
6600,0.34867477
6800,0.018828575
6900,0.003292832
7000,0.0014839105
7200,0.0020693562
7400,0.0033724348
7500,0.002397793
7700,0.00063123094
7900,0.0076302825
8100,0.04276811
8200,0.0139064565
8300,0.00700311
8400,0.004823816
8500,0.001240773
8600,0.012875994
8700,0.0033012312
8900,0.005620504
9000,0.014217274
9200,0.06480415
9500,0.0026632529
9800,0.0019145398
9900,0.0023159436
10100,0.0011818293
10400,0.08506701
10500,0.3265369
10600,0.01700709
10700,0.010507384
10900,0.38042247
11200,0.0049946057
11300,0.0016977385
11700,0.004463009
11900,0.07603207
12100,0.002218846
12400,0.0033935162
12700,0.06695025
12900,0.044579245
13000,0.004453233
13400,0.039340444
13500,0.005024441
13600,0.20012671
13700,0.26161888
13900,0.013693164
14300,0.08557928
14400,0.018928142
15400,0.005611671
15600,0.53546643
15700,0.0029375625
15800,0.0018078029
15900,0.0020422176
16100,0.0031422917
16200,0.06500522
16300,0.0013045775
16400,0.0009490784
16500,0.0007360734
16600,0.0015837834
17000,0.19380163
17100,0.00061685074
17200,0.0015233253
17300,0.00062790344
17400,0.0018501376
17600,0.0041702488
17700,0.018057017
17900,0.0010392688
18000,0.00050064066
18100,0.0023163036
18200,0.00078873656
18400,0.0015906133
18500,0.0007129598
18700,0.0012115757
18800,0.0015766564
19100,0.0018931583
19500,0.0006977489
19600,0.0007843865
19700,0.000986569
19800,0.0023780586
20700,0.005974973
20800,0.005835234
20900,0.0046769995
21100,0.117184505
21200,0.0028274574
21400,0.5534543
21800,0.36215356
22000,0.030928714
22300,0.0051728813
22400,0.05975873
22500,0.457021
22600,0.010448468
22900,0.0032478997
23000,0.001949693
23200,0.004484257
23300,0.008837591
23600,0.3417799
23700,0.0048307492
23800,0.0019735273
23900,0.0018108764
24100,0.013194117
24200,0.09379105
24400,0.0026975381
24500,0.001815713
24600,0.0012969227
24700,0.08213324
25300,0.0035139509
25400,0.0065132836
25800,0.0020313407
26000,0.0056688585
26100,0.0028315461
26200,0.058697138
26300,0.24243425
26400,0.0019780705
26600,0.27907613
26700,0.041055847
26800,0.0054772794
26900,0.0064214123
27000,0.015664814
27300,0.010058206
27400,0.007916101
27500,0.005691
27900,0.0013360397
28000,0.0041145138
28100,0.005232314
28300,0.34278497
28400,0.00827199
29000,0.010876968
29100,0.5756728
29300,0.22844334
29600,0.008425487
29700,0.034314264
29800,0.0125398
29900,0.07680534
30000,0.14988625
30100,0.0039525414
30300,0.008773044
30400,0.031108102
30700,0.0073706387
30800,0.0032222269
31100,0.004726956
31200,0.0064428113
31600,0.0028418538
31700,0.006637083
31800,0.010488857
31900,0.072921775
32000,0.0041047963
32100,0.0009370722
32800,0.1672774
33000,0.0012177392
33100,0.001162502
33500,0.008141626
33700,0.00078155036
33800,0.0008910647
33900,0.00064322236
34000,0.0031184636
34200,0.0003449273
34300,0.0007164091
34400,0.0005535972
34500,0.0012749234
34600,0.003461153
34800,0.0003162826
35000,0.0031713943
35200,0.0056889444
35300,0.18971299
35500,0.00058190466
35600,0.0003877358
35700,0.0015789598
35900,0.004161285
36000,0.021599652
36100,0.0029618947
36600,0.0080948975
37200,0.0011554087
37400,0.009924357
37500,0.0100077195
37600,0.015738484
37700,0.039557926
38100,0.0049838466
38200,0.2748347
38300,0.34790167
38400,0.0072867284
38600,0.013381382
38800,0.0068728165
39100,0.025428219
39200,0.00186004
39300,0.011669556
39400,0.002332449
39600,0.012489875
39700,0.03908858
39900,0.0007462657
40000,0.0022115484
40200,0.00092962314
40500,0.001668045
40600,0.0020088917
41800,0.012925087
42000,0.0044471133
42700,0.08762007
42900,0.02432937
43600,0.0019612683
44200,0.0078233015
44500,0.0020298979
44700,0.015992168
44900,0.62252396
45200,0.00316666
45300,0.0077970475
45500,0.0037082504
45600,0.48753878
46100,0.01950236
46300,0.048814774
46500,0.01124042
46900,0.0017458753
47000,0.0015386752
47100,0.0037244018
47200,0.01211158
47300,0.14244582
47600,0.022674937
47700,0.3117189
47800,0.1726211
47900,0.0012667171
48200,0.003060895
48600,0.0019042986
48700,0.0012357858
49100,0.0012669262
49200,0.002033226
49600,0.0016359992
49700,0.0037702522
49900,0.0032040935
50100,0.001076672
50300,0.0022701258
50400,0.0012803841
50600,0.00457735
50800,0.0027090556
50900,0.002292428
51000,0.0015398567
51200,0.0009287365
51600,0.0046286527
51800,0.001204884
52000,0.0004975378
52100,0.00687917
52500,0.002956247
52600,0.0051057944
52700,0.09231286
53200,0.0065542986
53300,0.015029561
53400,0.025989663
53600,0.016998386
53900,0.008296828
54100,0.020453367
54200,0.10606261
54300,0.003890147
54400,0.0813465
54600,0.02442476
55000,0.00643471
55200,0.0062802127
55400,0.004540915
55500,0.0013294825
55600,0.0023427852
56200,0.023225224
56500,0.31470925
56700,0.027281862
56800,0.0020611961
57000,0.0024365326
57100,0.005878358
57200,0.00077796954
57300,0.0021985644
57500,0.0011287127
57900,0.011532833
58000,0.0005690119
58200,0.006076631
58300,0.006683064
58500,0.00050258916
58900,0.00177227
59100,0.023150055
59200,0.0022691484
59500,0.010438309
59600,0.0067475266
59800,0.0057193628
59900,0.026325053
60400,0.0019563173
60500,0.0011909739
60800,0.019127164
61100,0.002181978
61300,0.006008277
61400,0.0025353096
61700,0.012172132
62100,0.0010853468
62400,0.4091353
62700,0.35441497
62800,0.29694834
63500,0.005175791
63600,0.2355475
63700,0.26800102
63800,0.5225103
63900,0.000920498
64300,0.003813202
64400,0.0011816948
1,0.02331108
101,0.12619439
401,0.36698312
601,0.014933595
701,0.023693217
1001,0.10352607
1201,0.24383572
1701,0.024620729
2201,0.13161905
2701,0.51842284
2801,0.035529025
2901,0.03658666
3001,0.034803547
3101,0.24652699
3201,0.050419964
3301,0.32182783
3401,0.1323584
3701,0.20680395
4001,0.016349394
4101,0.064483844
4201,0.054658644
4401,0.15773256
4701,0.02751015
4801,0.08977304
4901,0.016908025
5101,0.43998048
5201,0.010025353
5701,0.015765825
5901,0.0064915107
6201,0.012622756
6301,0.019433517
6501,0.0064063785
6601,0.0039200573
6801,0.010573906
6901,0.49091113
7001,0.5702696
7201,0.57555294
7401,0.036110528
7501,0.045742907
7701,0.20034082
7901,0.2766063
8101,0.05387832
8201,0.13331996
8301,0.1053555
8401,0.03518683
8501,0.04203513
8601,0.14950506
8701,0.013411974
8901,0.0124715865
9001,0.015930353
9201,0.0991206
9501,0.21905479
9801,0.020699212
9901,0.014310425
10101,0.049431317
10401,0.0037958382
10501,0.012140192
10601,0.0070360187
10701,0.01162021
10901,0.025644848
11201,0.13288414
11301,0.6168848
11701,0.43018958
11901,0.004426708
12101,0.020099314
12401,0.016348101
12701,0.018070089
12901,0.030003788
13001,0.023284925
13401,0.018347131
13501,0.34119815
13601,0.006538358
13701,0.014837714
13901,0.06209116
14301,0.023492428
14401,0.01423176
15401,0.042066824
15601,0.01600767
15701,0.008146562
15801,0.0777258
15901,0.12103298
16101,0.1490554
16201,0.026689336
16301,0.045570087
16401,0.05809937
16501,0.41987225
16601,0.07764076
17001,0.023570243
17101,0.18325087
17201,0.20432585
17301,0.09825562
17401,0.27459332
17601,0.08514801
17701,0.023900388
17901,0.029995713
18001,0.0065533253
18101,0.3997884
18201,0.55506194
18401,0.42685643
18501,0.08397846
18701,0.5431447
18801,0.064928
19101,0.16029568
19501,0.04882158
19601,0.5139739
19701,0.030110758
19801,0.45194447
20701,0.015772648
20801,0.03281264
20901,0.1057797
21101,0.03589358
21201,0.09254583
21401,0.0101574715
21801,0.019357733
22001,0.009878447
22301,0.02813903
22401,0.01858859
22501,0.009021962
22601,0.013240315
22901,0.37346664
23001,0.5816025
23201,0.19470178
23301,0.18085882
23601,0.030253889
23701,0.11436014
23801,0.3988888
23901,0.07959836
24101,0.13092895
24201,0.086898886
24401,0.36291972
24501,0.13743229
24601,0.3574913
24701,0.013065681
25301,0.2702162
25401,0.11053129
25801,0.011871168
26001,0.094059594
26101,0.06933441
26201,0.038972147
26301,0.010039097
26401,0.0068425415
26601,0.008125255
26701,0.07069378
26801,0.35428146
26901,0.19137116
27001,0.012890062
27301,0.010916205
27401,0.21259184
27501,0.44108063
27901,0.067522936
28001,0.15326214
28101,0.029200641
28301,0.03252936
28401,0.043649808
29001,0.013714008
29101,0.010166496
29301,0.005705014
29601,0.09284936
29701,0.03070266
29801,0.016691944
29901,0.009811447
30001,0.02510016
30101,0.012276015
30301,0.009828799
30401,0.008120439
30701,0.029222831
30801,0.13853103
31101,0.013439088
31201,0.038651858
31601,0.047854107
31701,0.017136969
31801,0.038178597
31901,0.10237667
32001,0.029095724
32101,0.02343353
32801,0.009443462
33001,0.24374002
33101,0.290931
33501,0.1476497
33701,0.033764634
33801,0.055819962
33901,0.5179616
34001,0.4256195
34201,0.4732021
34301,0.122399636
34401,0.57748324
34501,0.49627867
34601,0.046398703
34801,0.5106948
35001,0.12335037
35201,0.17805196
35301,0.019311529
35501,0.08331118
35601,0.09406786
35701,0.02986415
35901,0.34148055
36001,0.047420353
36101,0.021389185
36601,0.026285386
37201,0.4206967
37401,0.027140275
37501,0.04373831
37601,0.062851
37701,0.022124449
38101,0.012308346
38201,0.003684517
38301,0.0047154524
38401,0.019559408
38601,0.07184132
38801,0.019055191
39101,0.15236261
39201,0.44272807
39301,0.2782309
39401,0.5895738
39601,0.079059266
39701,0.051716447
39901,0.11463566
40001,0.14222525
40201,0.08505935
40501,0.20102817
40601,0.042813215
41801,0.035530046
42001,0.0710636
42701,0.1094295
42901,0.010094412
43601,0.033472184
44201,0.06748047
44501,0.047998305
44701,0.10562923
44901,0.009012924
45201,0.029059162
45301,0.027395451
45501,0.026038209
45601,0.0038979785
46101,0.012898262
46301,0.024431001
46501,0.08110553
46901,0.06697466
47001,0.15874481
47101,0.007974364
47201,0.056517188
47301,0.015658507
47601,0.060909525
47701,0.013415266
47801,0.023449622
47901,0.08052161
48201,0.07434734
48601,0.14837758
48701,0.33284223
49101,0.013511031
49201,0.038400564
49601,0.13506076
49701,0.36175632
49901,0.011599759
50101,0.03659524
50301,0.4621267
50401,0.44333586
50601,0.41259336
50801,0.53293395
50901,0.08633477
51001,0.07051841
51201,0.5934605
51601,0.5353175
51801,0.07819373
52001,0.11645576
52101,0.29795977
52501,0.07860217
52601,0.1739754
52701,0.009052962
53201,0.062457483
53301,0.20907044
53401,0.07531092
53601,0.28936332
53901,0.012492138
54101,0.013838537
54201,0.010683621
54301,0.005406554
54401,0.0092568295
54601,0.011918711
55001,0.09150224
55201,0.36624017
55401,0.45695913
55501,0.21923043
55601,0.12028577
56201,0.14519471
56501,0.014484441
56701,0.042537093
56801,0.20843603
57001,0.030034121
57101,0.049452893
57201,0.041364755
57301,0.3029702
57501,0.046410415
57901,0.0718461
58001,0.041777432
58201,0.04483047
58301,0.073439054
58501,0.036536533
58901,0.016215146
59101,0.03439903
59201,0.12825415
59501,0.120918274
59601,0.046240777
59801,0.35860574
59901,0.3130214
60401,0.05293786
60501,0.05320727
60801,0.008547673
61101,0.025177298
61301,0.015115948
61401,0.23271325
61701,0.0076503623
62101,0.017807627
62401,0.033943746
62701,0.009353361
62801,0.01368045
63501,0.03671734
63601,0.04282084
63701,0.06846732
63801,0.005902795
63901,0.09295506
64301,0.03403371
64401,0.04186375
2,0.008090496
102,0.016115934
402,0.014033901
602,0.003360858
702,0.0053170742
1002,0.01931351
1202,0.18577644
1702,0.004810717
2202,0.025560226
2702,0.2170114
2802,0.011112441
2902,0.008361464
3002,0.0029029471
3102,0.01676919
3202,0.001805076
3302,0.0049125347
3402,0.036728412
3702,0.079913214
4002,0.006177931
4102,0.029705195
4202,0.03833727
4402,0.01702391
4702,0.01914152
4802,0.0040137335
4902,0.008077075
5102,0.00759534
5202,0.008927161
5702,0.00037920036
5902,0.0009811494
6202,0.00758638
6302,0.0067648897
6502,0.00091886584
6602,0.004019699
6802,0.0020125944
6902,0.023777468
7002,0.06536279
7202,0.010666708
7402,0.02275865
7502,0.0036436897
7702,0.047993228
7902,0.17229202
8102,0.03630952
8202,0.050200224
8302,0.059495676
8402,0.20504606
8502,0.047423292
8602,0.1611594
8702,0.013679067
8902,0.1131606
9002,0.028037911
9202,0.043500498
9502,0.011416735
9802,0.01351507
9902,0.042463332
10102,0.08577736
10402,0.0061205053
10502,0.0099479295
10602,0.026904725
10702,0.0054159653
10902,0.01335605
11202,0.050448325
11302,0.04444492
11702,0.01584747
11902,0.0014090022
12102,0.02739305
12402,0.002059055
12702,0.006087938
12902,0.003953588
13002,0.0073340535
13402,0.0016064845
13502,0.006284191
13602,0.009447201
13702,0.009055925
13902,0.014453426
14302,0.0034974434
14402,0.01329481
15402,0.0046337526
15602,0.008626316
15702,0.0008091899
15802,0.09772492
15902,0.13784489
16102,0.040580492
16202,0.0066284174
16302,0.022687482
16402,0.037985064
16502,0.009067161
16602,0.3331219
17002,0.0076182354
17102,0.024355356
17202,0.029142177
17302,0.061289545
17402,0.11532063
17602,0.042387795
17702,0.007928061
17902,0.013636046
18002,0.004168102
18102,0.18355924
18202,0.16780572
18402,0.0919003
18502,0.03673988
18702,0.18048885
18802,0.07294919
19102,0.0028558916
19502,0.055941183
19602,0.03779038
19702,0.047084074
19802,0.14752792
20702,0.0026221075
20802,0.020101672
20902,0.057717416
21102,0.01444196
21202,0.002090743
21402,0.009457932
21802,0.018067582
22002,0.16673434
22302,0.0035772366
22402,0.004905179
22502,0.005932
22602,0.0015453277
22902,0.008347416
23002,0.043638352
23202,0.010948148
23302,0.04516147
23602,0.06528919
23702,0.066083394
23802,0.037705608
23902,0.042979393
24102,0.1527234
24202,0.13719587
24402,0.017595917
24502,0.023755934
24602,0.033294648
24702,0.016174931
25302,0.028730197
25402,0.019966826
25802,0.034096282
26002,0.011659652
26102,0.036543887
26202,0.120838344
26302,0.005102532
26402,0.0011713819
26602,0.005099352
26702,0.014807851
26802,0.19914092
26902,0.20532736
27002,0.017320812
27302,0.010851209
27402,0.014893268
27502,0.038216595
27902,0.3732401
28002,0.43438765
28102,0.0031421697
28302,0.016495502
28402,0.0017509174
29002,0.0045815236
29102,0.008247005
29302,0.0025903997
29602,0.045363106
29702,0.017813126
29802,0.002637732
29902,0.009485105
30002,0.0053262278
30102,0.0063380073
30302,0.0015341861
30402,0.002337925
30702,0.02271592
30802,0.18560764
31102,0.028348107
31202,0.0021270162
31602,0.16427161
31702,0.0060842363
31802,0.070479475
31902,0.0208253
32002,0.037160497
32102,0.02229021
32802,0.00980248
33002,0.119749285
33102,0.020886395
33502,0.04410644
33702,0.021011746
33802,0.011989238
33902,0.20298874
34002,0.08548456
34202,0.021097999
34302,0.026252534
34402,0.045229394
34502,0.077581376
34602,0.2627791
34802,0.064708315
35002,0.016885314
35202,0.0030944601
35302,0.017523931
35502,0.045052398
35602,0.012928984
35702,0.037715558
35902,0.021777969
36002,0.03631975
36102,0.0060734185
36602,0.06825709
37202,0.00351523
37402,0.0047418247
37502,0.0046266434
37602,0.009679715
37702,0.0040847613
38102,0.0008698956
38202,0.003401913
38302,0.0031580313
38402,0.0009932729
38602,0.0077946936
38802,0.0045041167
39102,0.058708377
39202,0.0076113706
39302,0.16115528
39402,0.025067654
39602,0.02579152
39702,0.012032467
39902,0.093844056
40002,0.03904255
40202,0.019881917
40502,0.012748312
40602,0.07123292
41802,0.08207525
42002,0.08660174
42702,0.020491544
42902,0.020460257
43602,0.0043114484
44202,0.22898978
44502,0.3755684
44702,0.050332826
44902,0.006857887
45202,0.0040501216
45302,0.0029218385
45502,0.043081798
45602,0.0034968122
46102,0.008800042
46302,0.004429928
46502,0.032105364
46902,0.19394366
47002,0.24168389
47102,0.016266076
47202,0.038454507
47302,0.021203134
47602,0.0061153793
47702,0.0049818074
47802,0.004264533
47902,0.04627082
48202,0.024030471
48602,0.2589525
48702,0.015147325
49102,0.0018331743
49202,0.0010662627
49602,0.07096751
49702,0.11437248
49902,0.051951654
50102,0.011141381
50302,0.16465046
50402,0.26093963
50602,0.09901751
50802,0.13778363
50902,0.17252764
51002,0.021615349
51202,0.0552043
51602,0.009835249
51802,0.09003726
52002,0.06524391
52102,0.081346534
52502,0.10323616
52602,0.006302491
52702,0.013309784
53202,0.0051626246
53302,0.08381114
53402,0.029830996
53602,0.010152469
53902,0.008834779
54102,0.0021036696
54202,0.0044993665
54302,0.00087044796
54402,0.0020997045
54602,0.03648846
55002,0.002507639
55202,0.17922188
55402,0.11666358
55502,0.058494683
55602,0.009250585
56202,0.091004424
56502,0.027541533
56702,0.119250156
56802,0.0813073
57002,0.019896952
57102,0.11898039
57202,0.009888057
57302,0.18994768
57502,0.05476505
57902,0.02547551
58002,0.0063723666
58202,0.17921473
58302,0.018887058
58502,0.0047676736
58902,0.0023890783
59102,0.026892098
59202,0.027750665
59502,0.07711798
59602,0.03679286
59802,0.011725643
59902,0.05566616
60402,0.35778245
60502,0.30651355
60802,0.0013450623
61102,0.0041264417
61302,0.006425211
61402,0.0077371113
61702,0.010509974
62102,0.0006783171
62402,0.014410836
62702,0.004253156
62802,0.012054328
63502,0.008450026
63602,0.071308546
63702,0.019080928
63802,0.005069521
63902,0.052273847
64302,0.002226043
64402,0.0015233331
3,0.0025245522
103,0.002068195
403,0.0010195468
603,0.0020967985
703,0.0029910184
1003,0.002641463
1203,0.014203171
1703,0.0009680356
2203,0.0007429159
2703,0.0013826131
2803,0.0019006868
2903,0.0019696243
3003,0.0022941295
3103,0.0064290753
3203,0.0011185239
3303,0.0014107848
3403,0.00085157866
3703,0.011683019
4003,0.0055677523
4103,0.0006122077
4203,0.01122638
4403,0.0012891447
4703,0.0064516016
4803,0.0033408604
4903,0.002788312
5103,0.0030082164
5203,0.005294058
5703,0.000527978
5903,0.0014802449
6203,0.006596126
6303,0.0034398988
6503,0.00085928664
6603,0.00539708
6803,0.0016413719
6903,0.0018956801
7003,0.0017875597
7203,0.0019658722
7403,0.005054365
7503,0.0010445734
7703,0.00086560496
7903,0.013825879
8103,0.008392117
8203,0.016161107
8303,0.012286592
8403,0.084771134
8503,0.0043903766
8603,0.01865035
8703,0.00506549
8903,0.026116641
9003,0.011748318
9203,0.013900937
9503,0.003484907
9803,0.002754409
9903,0.008323351
10103,0.0073210574
10403,0.0063785696
10503,0.008341044
10603,0.01690518
10703,0.0025190338
10903,0.007134404
11203,0.00807112
11303,0.0012978103
11703,0.0015537181
11903,0.003055161
12103,0.012311843
12403,0.0024270646
12703,0.0033916994
12903,0.0029371174
13003,0.0019403575
13403,0.002533116
13503,0.0034029086
13603,0.012957443
13703,0.011696194
13903,0.0050345967
14303,0.00505428
14403,0.00483044
15403,0.0017201635
15603,0.0037617898
15703,0.00087741413
15803,0.0040434827
15903,0.004277211
16103,0.0074609285
16203,0.0032643345
16303,0.0041116467
16403,0.00468906
16503,0.00023386152
16603,0.06507107
17003,0.007288114
17103,0.0015839547
17203,0.003635523
17303,0.0037733356
17403,0.0071566585
17603,0.007314409
17703,0.008572573
17903,0.0021409036
18003,0.0011037159
18103,0.002619452
18203,0.000729342
18403,0.00097043073
18503,0.00084928406
18703,0.0022635355
18803,0.0034386062
19103,0.0023129126
19503,0.0028124875
19603,0.0010319493
19703,0.0041997177
19803,0.0148677165
20703,0.0017380569
20803,0.0043663224
20903,0.006731565
21103,0.0073476317
21203,0.0011028879
21403,0.0051322137
21803,0.009568921
22003,0.1250104
22303,0.0018314446
22403,0.003282716
22503,0.003414185
22603,0.0019061798
22903,0.001028912
23003,0.0007201856
23203,0.004672449
23303,0.010317323
23603,0.044729423
23703,0.011765328
23803,0.0017974492
23903,0.007702179
24103,0.023913017
24203,0.03327553
24403,0.0010786453
24503,0.00248482
24603,0.00078731874
24703,0.010214576
25303,0.0028279396
25403,0.0036101323
25803,0.0035419206
26003,0.005911679
26103,0.0027252405
26203,0.09144073
26303,0.0049622706
26403,0.00066017325
26603,0.004564312
26703,0.0074633616
26803,0.006815235
26903,0.006798142
27003,0.009418543
27303,0.0049569216
27403,0.00910858
27503,0.0045756777
27903,0.010728601
28003,0.0343648
28103,0.0012100611
28303,0.0070984047
28403,0.0009997275
29003,0.0022964312
29103,0.006560673
29303,0.0052053104
29603,0.009687983
29703,0.01398793
29803,0.0015298844
29903,0.0110418685
30003,0.0031228599
30103,0.0030692564
30303,0.0014855709
30403,0.0017325139
30703,0.0050303345
30803,0.049989916
31103,0.0052100434
31203,0.0016056679
31603,0.019327203
31703,0.0029974633
31803,0.01178211
31903,0.01142516
32003,0.024246985
32103,0.005456469
32803,0.0038864263
33003,0.0067166146
33103,0.0011222204
33503,0.006865433
33703,0.0015166622
33803,0.0014439131
33903,0.0007358781
34003,0.0027109885
34203,0.00012441464
34303,0.00090789254
34403,0.0007860376
34503,0.0012620863
34603,0.0066072023
34803,0.00015324226
35003,0.0020973554
35203,0.0022720946
35303,0.010467404
35503,0.0019662457
35603,0.000606295
35703,0.0061896434
35903,0.0034150332
36003,0.010525227
36103,0.0025843554
36603,0.013538141
37203,0.0009472516
37403,0.002214596
37503,0.0017312105
37603,0.0022046147
37703,0.0018347764
38103,0.0005543009
38203,0.0037552086
38303,0.0048067123
38403,0.00057596824
38603,0.0038558037
38803,0.0029933923
39103,0.013105032
39203,0.00042777002
39303,0.0064428155
39403,0.0017920724
39603,0.00939296
39703,0.063301295
39903,0.0013491112
40003,0.003633612
40203,0.0014831986
40503,0.001561544
40603,0.008334605
41803,0.018988589
42003,0.007755763
42703,0.008758167
42903,0.033305783
43603,0.0022603509
44203,0.09222761
44503,0.031370427
44703,0.008705943
44903,0.0038400127
45203,0.0014729673
45303,0.0013674127
45503,0.0077303755
45603,0.0036224206
46103,0.007817037
46303,0.0047411346
46503,0.0059698727
46903,0.013605971
47003,0.0073915
47103,0.0035702991
47203,0.011709735
47303,0.008805059
47603,0.0037879872
47703,0.0034762155
47803,0.003368084
47903,0.0027334513
48203,0.005714454
48603,0.040106505
48703,0.00035814414
49103,0.00077374995
49203,0.0007683043
49603,0.009412111
49703,0.005262311
49903,0.011129477
50103,0.0019446422
50303,0.0017322216
50403,0.0034643724
50603,0.0018987983
50803,0.003666198
50903,0.00531778
51003,0.0021021627
51203,0.00032230135
51603,0.0024575957
51803,0.006655579
52003,0.0015267425
52103,0.008046863
52503,0.0068863593
52603,0.001808591
52703,0.010880818
53203,0.0054089627
53303,0.0114661595
53403,0.0071742395
53603,0.007173517
53903,0.001913204
54103,0.0030828277
54203,0.0025782972
54303,0.00094761193
54403,0.0022867897
54603,0.07654196
55003,0.0016319734
55203,0.0055670515
55403,0.0036809621
55503,0.0020814333
55603,0.002032552
56203,0.01108521
56503,0.012668352
56703,0.028363371
56803,0.0060917716
57003,0.004273543
57103,0.01464903
57203,0.0011088476
57303,0.013847328
57503,0.0029930123
57903,0.013253061
58003,0.00065999926
58203,0.014566678
58303,0.0049056425
58503,0.0008222143
58903,0.0007674101
59103,0.009051444
59203,0.0013013671
59503,0.0060691563
59603,0.007003183
59803,0.0056113135
59903,0.026646093
60403,0.0046385517
60503,0.011006198
60803,0.0016434407
61103,0.00093398837
61303,0.0032510313
61403,0.0013325933
61703,0.01465008
62103,0.00045753826
62403,0.0066532893
62703,0.0026291367
62803,0.0055775307
63503,0.0032609564
63603,0.046196837
63703,0.005897064
63803,0.0037114867
63903,0.0017288991
64303,0.0020237842
64403,0.0008291939
4,0.1317025
104,0.05785986
404,0.008747595
604,0.017324599
704,0.054991063
1004,0.04437257
1204,0.015540047
1704,0.13643369
2204,0.02283319
2704,0.002634804
2804,0.056300912
2904,0.045576584
3004,0.022175139
3104,0.042046607
3204,0.043547373
3304,0.014928544
3404,0.012832287
3704,0.07325153
4004,0.01686632
4104,0.0062097413
4204,0.04814365
4404,0.032344945
4704,0.014362592
4804,0.038978413
4904,0.034650568
5104,0.008812553
5204,0.06120557
5704,0.028059205
5904,0.097426176
6204,0.046769034
6304,0.038897578
6504,0.047264196
6604,0.11334205
6804,0.044531744
6904,0.016880246
7004,0.0101440875
7204,0.010998396
7404,0.17576067
7504,0.010365458
7704,0.018970484
7904,0.035042632
8104,0.0389145
8204,0.056099504
8304,0.08984152
8404,0.063645855
8504,0.07403196
8604,0.087646335
8704,0.25562054
8904,0.12844265
9004,0.13467728
9204,0.17070013
9504,0.03994566
9804,0.15522844
9904,0.0892306
10104,0.040883727
10404,0.21869193
10504,0.088002354
10604,0.050709583
10704,0.027210196
10904,0.03401417
11204,0.07762612
11304,0.0074460413
11704,0.01365501
11904,0.1826063
12104,0.06097926
12404,0.051024336
12704,0.07481583
12904,0.042404007
13004,0.027700314
13404,0.16194741
13504,0.02340022
13604,0.062333506
13704,0.11664914
13904,0.02215662
14304,0.06383543
14404,0.12723976
15404,0.05616662
15604,0.014156047
15704,0.05885737
15804,0.038156193
15904,0.05548301
16104,0.09336101
16204,0.09807469
16304,0.13136673
16404,0.094042905
16504,0.0020138123
16604,0.059215613
17004,0.13487512
17104,0.025226142
17204,0.027443351
17304,0.044682946
17404,0.015606928
17604,0.09706898
17704,0.11086254
17904,0.12025292
18004,0.17426564
18104,0.0061261375
18204,0.0026397728
18404,0.006740906
18504,0.046751287
18704,0.0039596288
18804,0.07315915
19104,0.060878366
19504,0.07106012
19604,0.009981846
19704,0.104001805
19804,0.015998436
20704,0.058555555
20804,0.028221905
20904,0.028705373
21104,0.052813604
21204,0.030996783
21404,0.024587184
21804,0.031708483
22004,0.049142
22304,0.018269291
22404,0.03632485
22504,0.03697249
22604,0.028840575
22904,0.009986725
23004,0.0044635814
23204,0.10354497
23304,0.019430676
23604,0.088065244
23704,0.039297618
23804,0.018667854
23904,0.0548791
24104,0.05789332
24204,0.046706367
24404,0.0650755
24504,0.08957061
24604,0.04894565
24704,0.17023325
25304,0.017536735
25404,0.036479685
25804,0.198711
26004,0.057178058
26104,0.057283677
26204,0.04848117
26304,0.08990039
26404,0.01100268
26604,0.051006928
26704,0.0330318
26804,0.011487069
26904,0.032409567
27004,0.36602005
27304,0.088216096
27404,0.018280856
27504,0.013675128
27904,0.04045411
28004,0.013154009
28104,0.022766573
28304,0.029730614
28404,0.015940232
29004,0.0861553
29104,0.035908755
29304,0.13334145
29604,0.03211253
29704,0.051949423
29804,0.035168514
29904,0.06489694
30004,0.050501473
30104,0.16999325
30304,0.06421394
30404,0.072006054
30704,0.06036961
30804,0.027101912
31104,0.09596214
31204,0.059100904
31604,0.067830876
31704,0.089750014
31804,0.07264047
31904,0.010895131
32004,0.03136736
32104,0.13355727
32804,0.04705917
33004,0.016871255
33104,0.014466755
33504,0.039541047
33704,0.09612101
33804,0.10793014
33904,0.002898683
34004,0.016939761
34204,0.0045984937
34304,0.04280221
34404,0.005924319
34504,0.0142531805
34604,0.043193165
34804,0.0035209318
35004,0.041301515
35204,0.059833232
35304,0.06885773
35504,0.028627291
35604,0.030845478
35704,0.10112828
35904,0.035582706
36004,0.12190345
36104,0.100129865
36604,0.05723193
37204,0.005230063
37404,0.016236128
37504,0.029428544
37604,0.03455091
37704,0.042158857
38104,0.017703822
38204,0.085438035
38304,0.11928543
38404,0.015540199
38604,0.03791876
38804,0.017778203
39104,0.1281343
39204,0.0067020347
39304,0.011837579
39404,0.013134529
39604,0.06595597
39704,0.020356735
39904,0.030199273
40004,0.061023273
40204,0.07567891
40504,0.038538687
40604,0.09780253
41804,0.06924362
42004,0.05268675
42704,0.034891795
42904,0.06902438
43604,0.054934103
44204,0.036116462
44504,0.02818691
44704,0.017315762
44904,0.020352047
45204,0.016358003
45304,0.02974353
45504,0.14362822
45604,0.0991365
46104,0.02704342
46304,0.041706398
46504,0.08177555
46904,0.041312497
47004,0.03956737
47104,0.07989619
47204,0.18661875
47304,0.028362641
47604,0.04912449
47704,0.048906114
47804,0.02340938
47904,0.056991886
48204,0.080907
48604,0.040666368
48704,0.006106112
49104,0.09333772
49204,0.013455629
49604,0.06204459
49704,0.013553664
49904,0.14054759
50104,0.1275054
50304,0.007686932
50404,0.0026758919
50604,0.009586442
50804,0.0046129436
50904,0.041776583
51004,0.067686684
51204,0.0053395526
51604,0.0077856886
51804,0.034683596
52004,0.020046124
52104,0.013986463
52504,0.029322574
52604,0.03009754
52704,0.07696339
53204,0.052995596
53304,0.030134123
53404,0.012368101
53604,0.014684666
53904,0.05265298
54104,0.05639855
54204,0.06726678
54304,0.037153557
54404,0.07981854
54604,0.036304552
55004,0.026153607
55204,0.008917873
55404,0.008568031
55504,0.036858708
55604,0.1426104
56204,0.044691354
56504,0.09802869
56704,0.100470126
56804,0.077981494
57004,0.17502894
57104,0.09900302
57204,0.07155277
57304,0.020721316
57504,0.03745652
57904,0.07555342
58004,0.06305936
58204,0.100112684
58304,0.2235863
58504,0.056808777
58904,0.008848343
59104,0.101682164
59204,0.035494395
59504,0.07971985
59604,0.051697254
59804,0.0156871
59904,0.020933092
60404,0.016509585
60504,0.030158514
60804,0.03944916
61104,0.012411986
61304,0.07221131
61404,0.01627587
61704,0.025786078
62104,0.009700635
62404,0.021654509
62704,0.029505683
62804,0.04601948
63504,0.10774051
63604,0.05982614
63704,0.0162767
63804,0.046961874
63904,0.040938262
64304,0.048728805
64404,0.030243728
5,0.0017773152
105,0.0036054396
405,0.0034784218
605,0.0009319686
705,0.004758204
1005,0.0017928327
1205,0.004743405
1705,0.0010529966
2205,0.0008803476
2705,0.00087746634
2805,0.0010560288
2905,0.0012549208
3005,0.0007814622
3105,0.005378301
3205,0.0006412585
3305,0.0016248411
3405,0.0004121067
3705,0.0049059265
4005,0.0032729285
4105,0.007857597
4205,0.0015771711
4405,0.0013406269
4705,0.017389016
4805,0.0007887792
4905,0.0014069738
5105,0.00048329288
5205,0.020044139
5705,0.000179841
5905,0.0011049742
6205,0.039564446
6305,0.010525513
6505,0.00047248465
6605,0.055934075
6805,0.002211941
6905,0.004711915
7005,0.0006998595
7205,0.00252865
7405,0.003470478
7505,0.0002122716
7705,0.0008013787
7905,0.0031390113
8105,0.0040144217
8205,0.010555671
8305,0.0024682528
8405,0.015523981
8505,0.0021671806
8605,0.005821621
8705,0.009384143
8905,0.009716667
9005,0.010420547
9205,0.0035109709
9505,0.0040388945
9805,0.002244602
9905,0.0034352231
10105,0.0018580464
10405,0.012735132
10505,0.015268152
10605,0.00566101
10705,0.0014809307
10905,0.043287385
11205,0.0012632316
11305,0.0019635956
11705,0.0039420133
11905,0.0053326166
12105,0.004211246
12405,0.0006573093
12705,0.0114160115
12905,0.0018317943
13005,0.0011075801
13405,0.004799721
13505,0.0014929132
13605,0.016935322
13705,0.013427941
13905,0.0027820314
14305,0.008667936
14405,0.015350745
15405,0.0018050916
15605,0.020149693
15705,0.00029851816
15805,0.0032747774
15905,0.0028634893
16105,0.0043277363
16205,0.004806342
16305,0.0055256826
16405,0.00497925
16505,0.00097281346
16605,0.0049494086
17005,0.0126798
17105,0.0016354423
17205,0.0049789026
17305,0.0031243905
17405,0.0044755256
17605,0.0067168945
17705,0.0054778093
17905,0.003155059
18005,0.0015478693
18105,0.003954404
18205,0.000629017
18405,0.0017335151
18505,0.0011455778
18705,0.0011760978
18805,0.0029233103
19105,0.0014266206
19505,0.0019814437
19605,0.0010367932
19705,0.0025338323
19805,0.0022784404
20705,0.0008390115
20805,0.0014927383
20905,0.0019347658
21105,0.016440542
21205,0.00061797467
21405,0.061742652
21805,0.036691878
22005,0.027136743
22305,0.0016181921
22405,0.0041326117
22505,0.028882742
22605,0.001104009
22905,0.0047438275
23005,0.0022777652
23205,0.006121648
23305,0.007678961
23605,0.032293204
23705,0.010101913
23805,0.0017379624
23905,0.0014789156
24105,0.018566255
24205,0.040486973
24405,0.001274341
24505,0.0019493583
24605,0.0008279939
24705,0.0053622713
25305,0.006689924
25405,0.0018666654
25805,0.0041686846
26005,0.0030410697
26105,0.0012830204
26205,0.020762019
26305,0.006655845
26405,9.950248e-05
26605,0.029924035
26705,0.0064883824
26805,0.0050433036
26905,0.0021515351
27005,0.008041133
27305,0.0050112666
27405,0.008505654
27505,0.0076678987
27905,0.0024953918
28005,0.0030891567
28105,0.00049904786
28305,0.06763746
28405,0.00040254454
29005,0.0024957724
29105,0.06492637
29305,0.029250171
29605,0.0034478405
29705,0.03257726
29805,0.0013753519
29905,0.015575507
30005,0.007661457
30105,0.0032548537
30305,0.00082220114
30405,0.0015691775
30705,0.00382948
30805,0.006770399
31105,0.0050444575
31205,0.0011653319
31605,0.0067821317
31705,0.0034134958
31805,0.008026592
31905,0.0071969368
32005,0.005440018
32105,0.0062992526
32805,0.0029021797
33005,0.0028529132
33105,0.0017255989
33505,0.0023955996
33705,0.0021069
33805,0.0019593723
33905,0.0005274046
34005,0.0021122464
34205,0.0003626687
34305,0.0010497804
34405,0.0006783891
34505,0.001293934
34605,0.0034460323
34805,0.00042314408
35005,0.0005024907
35205,0.00081215857
35305,0.1554187
35505,0.000991221
35605,0.0004956512
35705,0.0048731626
35905,0.003062904
36005,0.010757588
36105,0.00272821
36605,0.012485106
37205,0.00044587813
37405,0.00078271603
37505,0.0008260534
37605,0.0008843669
37705,0.0011657638
38105,0.00015468564
38205,0.011783609
38305,0.031505387
38405,0.00026370955
38605,0.0025638312
38805,0.0010114739
39105,0.0082043065
39205,0.0021772333
39305,0.014342318
39405,0.003256223
39605,0.009665317
39705,0.03151691
39905,0.0013800954
40005,0.00247342
40205,0.0019566973
40505,0.001258769
40605,0.0038434053
41805,0.0364941
42005,0.010147886
42705,0.017912405
42905,0.021320393
43605,0.00083797495
44205,0.009892189
44505,0.0035837856
44705,0.005650618
44905,0.030284312
45205,0.0003935575
45305,0.0011569504
45505,0.0027957952
45605,0.019709576
46105,0.0047169826
46305,0.0063761254
46505,0.008690204
46905,0.0065991716
47005,0.0015477381
47105,0.002938945
47205,0.013503
47305,0.0057966863
47605,0.0066886917
47705,0.012006018
47805,0.0025968545
47905,0.0016807934
48205,0.002059946
48605,0.007508787
48705,0.001909449
49105,0.0005312925
49205,0.00020781154
49605,0.008624349
49705,0.0044269194
49905,0.0048970906
50105,0.0025539652
50305,0.0025500902
50405,0.0010526634
50605,0.0062131705
50805,0.004243396
50905,0.0036515207
51005,0.001852184
51205,0.0007430456
51605,0.005222211
51805,0.0011260177
52005,0.0007477344
52105,0.0024874846
52505,0.0029637318
52605,0.0010019757
52705,0.07436563
53205,0.0063969498
53305,0.022447584
53405,0.044286497
53605,0.004595109
53905,0.0034584494
54105,0.0023624443
54205,0.005345723
54305,0.00024813632
54405,0.004397277
54605,0.07411919
55005,0.0007790382
55205,0.0052279355
55405,0.0030140197
55505,0.0022233822
55605,0.002946909
56205,0.0054097627
56505,0.015469347
56705,0.026436273
56805,0.003790285
57005,0.003783206
57105,0.004565179
57205,0.0008067457
57305,0.0051701656
57505,0.0025101479
57905,0.0074344883
58005,0.0007098696
58205,0.0034485196
58305,0.0039151944
58505,0.000524694
58905,0.000114205795
59105,0.020957414
59205,0.0016049513
59505,0.0041273194
59605,0.0047119185
59805,0.002036535
59905,0.0054673306
60405,0.0018971461
60505,0.0011459766
60805,0.00095313956
61105,0.00014517152
61305,0.0032267468
61405,0.0006074011
61705,0.004226095
62105,8.417025e-05
62405,0.040940423
62705,0.003979102
62805,0.014316636
63505,0.0047644833
63605,0.05515554
63705,0.01724294
63805,0.021103881
63905,0.0013123439
64305,0.0005019587
64405,0.00041062172
6,0.0013131048
106,0.001208878
406,0.018225119
606,0.2626597
706,0.20940271
1006,0.0006795798
1206,0.0018463784
1706,0.0006072029
2206,0.00082720804
2706,0.004383528
2806,0.0037947341
2906,0.013779638
3006,0.27859512
3106,0.042475652
3206,0.1461602
3306,0.024864828
3406,0.001046543
3706,0.0025424913
4006,0.03260269
4106,0.0016512244
4206,0.14554322
4406,0.006029862
4706,0.00957887
4806,0.17909661
4906,0.14313348
5106,0.1130623
5206,0.09178261
5706,0.5195251
5906,0.08970278
6206,0.07932681
6306,0.06966161
6506,0.470565
6606,0.047109224
6806,0.4640101
6906,0.012348865
7006,0.0041429005
7206,0.016476996
7406,0.013310051
7506,0.25545478
7706,0.0009673886
7906,0.013336385
8106,0.017521463
8206,0.0035199393
8306,0.014879369
8406,0.006173587
8506,0.001200016
8606,0.0047570625
8706,0.0023167464
8906,0.003961314
9006,0.0019672723
9206,0.025041528
9506,0.010384295
9806,0.014071674
9906,0.017529361
10106,0.0066260006
10406,0.06880564
10506,0.04434736
10606,0.17188783
10706,0.30896324
10906,0.0635192
11206,0.04845825
11306,0.0062110736
11706,0.023781972
11906,0.08612968
12106,0.0300688
12406,0.2150221
12706,0.27100313
12906,0.20121008
13006,0.26678345
13406,0.2430129
13506,0.033168953
13606,0.10114447
13706,0.092846155
13906,0.28524306
14306,0.28071555
14406,0.0521412
15406,0.069259875
15606,0.044472583
15706,0.31554213
15806,0.0022289595
15906,0.0015366927
16106,0.015456164
16206,0.18075825
16306,0.0012044853
16406,0.0007640174
16506,0.0015075114
16606,0.002759616
17006,0.04623295
17106,0.000472794
17206,0.00094699557
17306,0.00046109705
17406,0.0015214058
17606,0.010118596
17706,0.045917444
17906,0.0011540472
18006,0.00058518985
18106,0.00487685
18206,0.0033199226
18406,0.0026663037
18506,0.000725354
18706,0.00685503
18806,0.0019108123
19106,0.017153494
19506,0.0006373856
19606,0.0019101226
19706,0.0020744319
19806,0.008867578
20706,0.23265672
20806,0.10869576
20906,0.09935421
21106,0.14935045
21206,0.20437786
21406,0.017412836
21806,0.08305427
22006,0.05338978
22306,0.28544515
22406,0.25583345
22506,0.04682228
22606,0.4647739
22906,0.013288066
23006,0.0035670733
23206,0.018964905
23306,0.10157447
23606,0.0126957195
23706,0.011373365
23806,0.004102344
23906,0.007220566
24106,0.0032854313
24206,0.019064061
24406,0.0044587003
24506,0.0037739917
24606,0.0013036462
24706,0.0144201275
25306,0.0070711467
25406,0.07715022
25806,0.0034545045
26006,0.09188964
26106,0.006240357
26206,0.06945762
26306,0.034904994
26406,0.42438182
26606,0.036477152
26706,0.16678959
26806,0.020307284
26906,0.011042383
27006,0.006342875
27306,0.028766219
27406,0.05908319
27506,0.030985894
27906,0.002593733
28006,0.0102292085
28106,0.44058827
28306,0.046065886
28406,0.45194
29006,0.15987143
29106,0.033516716
29306,0.07406861
29606,0.11487091
29706,0.102277994
29806,0.40166873
29906,0.1767381
30006,0.28801128
30106,0.06422576
30306,0.43440613
30406,0.29470128
30706,0.04212163
30806,0.010505085
31106,0.016296715
31206,0.09858174
31606,0.0033680955
31706,0.117340565
31806,0.018370338
31906,0.14753136
32006,0.095472045
32106,0.00088276947
32806,0.06392882
33006,0.0010214039
33106,0.0008797302
33506,0.04053296
33706,0.00059880444
33806,0.00086964865
33906,0.002412251
34006,0.0031653284
34206,0.0010103564
34306,0.00088255154
34406,0.0009253015
34506,0.004393987
34606,0.004757053
34806,0.0006039541
35006,0.06332932
35206,0.10390245
35306,0.02058906
35506,0.0010797677
35606,0.0006953686
35706,0.005133267
35906,0.013569058
36006,0.035904482
36106,0.013447592
36606,0.02028495
37206,0.010683743
37406,0.44806328
37506,0.23320024
37606,0.067989744
37706,0.20726532
38106,0.5378911
38206,0.13306846
38306,0.05787414
38406,0.5064412
38606,0.044109024
38806,0.20016657
39106,0.014984512
39206,0.008372338
39306,0.009469727
39406,0.011855222
39606,0.020308994
39706,0.018428272
39906,0.0011006889
40006,0.004362732
40206,0.0011075998
40506,0.011321833
40606,0.0013332678
41806,0.015546788
42006,0.008870028
42706,0.15423296
42906,0.06455706
43606,0.10208878
44206,0.015893461
44506,0.0039625033
44706,0.110063836
44906,0.028361423
45206,0.39176428
45306,0.44653234
45506,0.018542925
45606,0.066215396
46106,0.16184682
46306,0.36569697
46506,0.03494549
46906,0.0012056958
47006,0.002103528
47106,0.009104404
47206,0.020272292
47306,0.21679819
47606,0.08047675
47706,0.07220018
47806,0.19912703
47906,0.0014577649
48206,0.026839644
48606,0.002485933
48706,0.0017830421
49106,0.0590221
49206,0.6616489
49606,0.0021564302
49706,0.02551772
49906,0.008627151
50106,0.0008576024
50306,0.0045287986
50406,0.0073655695
50606,0.0073345867
50806,0.009345725
50906,0.0047958028
51006,0.009046159
51206,0.0022904882
51606,0.03459201
51806,0.003603906
52006,0.002135027
52106,0.07789137
52506,0.008710473
52606,0.06415676
52706,0.015968444
53206,0.019134758
53306,0.023033816
53406,0.011692025
53606,0.06376068
53906,0.028703228
54106,0.21725954
54206,0.26276743
54306,0.47469473
54406,0.23462753
54606,0.02318538
55006,0.19769122
55206,0.012545828
55406,0.006478142
55506,0.0023154325
55606,0.006784287
56206,0.0073134606
56506,0.026890187
56706,0.0032193025
56806,0.002553644
57006,0.0071239546
57106,0.0042055435
57206,0.0032733427
57306,0.0051893643
57506,0.0027293663
57906,0.10336453
58006,0.0021153637
58206,0.00814007
58306,0.0062635075
58506,0.0030492719
58906,0.45347422
59106,0.045555048
59206,0.010674581
59506,0.0070379884
59606,0.061925247
59806,0.13710766
59906,0.043762714
60406,0.0031086751
60506,0.005403913
60806,0.43217996
61106,0.34681872
61306,0.049268547
61406,0.044234604
61706,0.20936625
62106,0.5567433
62406,0.07788852
62706,0.121444546
62806,0.1038723
63506,0.055438567
63606,0.07024417
63706,0.08920608
63806,0.05833596
63906,0.0015257946
64306,0.41093567
64406,0.15922622
7,0.049272854
107,0.027525537
407,0.03295781
607,0.01562713
707,0.09670738
1007,0.06940057
1207,0.013464163
1707,0.06628291
2207,0.2669268
2707,0.017832117
2807,0.11153219
2907,0.33535552
3007,0.026101982
3107,0.18064484
3207,0.10419215
3307,0.049323924
3407,0.12984668
3707,0.17491294
4007,0.020154374
4107,0.0073815715
4207,0.11314836
4407,0.23178624
4707,0.011947154
4807,0.23251298
4907,0.018162088
5107,0.006413845
5207,0.02458601
5707,0.13671197
5907,0.451006
6207,0.087638125
6307,0.07599613
6507,0.07801814
6607,0.05591978
6807,0.06666504
6907,0.06468841
7007,0.044468667
7207,0.07906834
7407,0.04892145
7507,0.011641335
7707,0.21105258
7907,0.112201706
8107,0.030131191
8207,0.18862022
8307,0.16386513
8407,0.2579795
8507,0.26434532
8607,0.16573042
8707,0.16807841
8907,0.3619457
9007,0.32975754
9207,0.0890156
9507,0.15554807
9807,0.2811604
9907,0.29828557
10107,0.19480012
10407,0.29109892
10507,0.21592061
10607,0.15834415
10707,0.014323896
10907,0.020721918
11207,0.17447415
11307,0.04994573
11707,0.0722786
11907,0.26066247
12107,0.31628937
12407,0.30720878
12707,0.018331816
12907,0.12084934
13007,0.0070831743
13407,0.12942994
13507,0.040533304
13607,0.27288014
13707,0.1989133
13907,0.023604197
14307,0.15264896
14407,0.05233151
15407,0.023776751
15607,0.038274582
15707,0.27197292
15807,0.37186402
15907,0.24889022
16107,0.04615599
16207,0.066253014
16307,0.0546157
16407,0.04636628
16507,0.003851513
16607,0.019827062
17007,0.2145893
17107,0.0703797
17207,0.04157421
17307,0.09338879
17407,0.023597287
17607,0.05596733
17707,0.23199618
17907,0.12281811
18007,0.08454862
18107,0.016747175
18207,0.025237065
18407,0.11031166
18507,0.25616962
18707,0.010752121
18807,0.2590753
19107,0.0902451
19507,0.10911146
19607,0.06847308
19707,0.13837394
19807,0.084704675
20707,0.31397966
20807,0.00586461
20907,0.009666954
21107,0.02837774
21207,0.1966558
21407,0.011542405
21807,0.027894614
22007,0.13490829
22307,0.020242512
22407,0.019499745
22507,0.0757895
22607,0.043923564
22907,0.09332204
23007,0.033551477
23207,0.047147065
23307,0.034824703
23607,0.10337406
23707,0.19451992
23807,0.08982381
23907,0.20919764
24107,0.1749434
24207,0.051012397
24407,0.121334285
24507,0.20153429
24607,0.063810475
24707,0.24142434
25307,0.074974716
25407,0.058828503
25807,0.0503783
26007,0.1091196
26107,0.2606284
26207,0.24440527
26307,0.271642
26407,0.007098221
26607,0.06872418
26707,0.007747694
26807,0.013126779
26907,0.11595063
27007,0.16319488
27307,0.11933823
27407,0.05963172
27507,0.025768897
27907,0.009263868
28007,0.013437241
28107,0.016071048
28307,0.029447945
28407,0.044089817
29007,0.017774425
29107,0.033487003
29307,0.1868311
29607,0.13073967
29707,0.010441822
29807,0.07315447
29907,0.25757807
30007,0.047654755
30107,0.14460081
30307,0.18540092
30407,0.21349694
30707,0.013672211
30807,0.10518737
31107,0.011724758
31207,0.4203383
31607,0.21755534
31707,0.0902174
31807,0.029103944
31907,0.05925029
32007,0.19058459
32107,0.0849694
32807,0.07883598
33007,0.018795433
33107,0.020410161
33507,0.06035623
33707,0.15078951
33807,0.07309011
33907,0.01471472
34007,0.053066827
34207,0.10935542
34307,0.20242421
34407,0.038757116
34507,0.06423438
34607,0.13204113
34807,0.026775839
35007,0.24479735
35207,0.22141205
35307,0.008327878
35507,0.14907561
35607,0.15619405
35707,0.110082135
35907,0.034562245
36007,0.03446991
36107,0.38482702
36607,0.007827005
37207,0.009091778
37407,0.01525062
37507,0.07860827
37607,0.10205621
37707,0.085367225
38107,0.053486183
38207,0.08997648
38307,0.17530529
38407,0.031829596
38607,0.16168077
38807,0.0949688
39107,0.26796892
39207,0.09406888
39307,0.017257689
39407,0.05900938
39607,0.18821162
39707,0.13956079
39907,0.16157043
40007,0.2435569
40207,0.12768342
40507,0.32324117
40607,0.3191427
41807,0.0295209
42007,0.2348488
42707,0.028648956
42907,0.21870603
43607,0.16935626
44207,0.029167239
44507,0.06226699
44707,0.009899261
44907,0.024297446
45207,0.02030765
45307,0.020351632
45507,0.09197932
45607,0.05016666
46107,0.04788415
46307,0.08932316
46507,0.041624762
46907,0.28481546
47007,0.025711896
47107,0.005312169
47207,0.09978026
47307,0.027615167
47607,0.36132115
47707,0.13723825
47807,0.09829417
47907,0.31804103
48207,0.057154614
48607,0.024378555
48707,0.0067590685
49107,0.26862016
49207,0.030495781
49607,0.1610359
49707,0.00861812
49907,0.14565738
50107,0.064697474
50307,0.09606256
50407,0.007587378
50607,0.087010525
50807,0.040128265
50907,0.08944079
51007,0.27949902
51207,0.08848289
51607,0.073695734
51807,0.13029052
52007,0.12547593
52107,0.012962002
52507,0.185506
52607,0.16696833
52707,0.039520957
53207,0.29651195
53307,0.048532907
53407,0.027796632
53607,0.11869435
53907,0.02609388
54107,0.0955117
54207,0.035632834
54307,0.14971587
54407,0.18876216
54607,0.15691504
55007,0.15980247
55207,0.13776445
55407,0.015925923
55507,0.106277235
55607,0.030290715
56207,0.030744575
56507,0.055930186
56707,0.24657959
56807,0.07108481
57007,0.28240618
57107,0.23323876
57207,0.3503283
57307,0.12645292
57507,0.2346693
57907,0.09701775
58007,0.3356014
58207,0.026174227
58307,0.26362872
58507,0.2230713
58907,0.010756609
59107,0.013756028
59207,0.31337288
59507,0.026646083
59607,0.011905584
59807,0.05249167
59907,0.01758021
60407,0.05578093
60507,0.013313611
60807,0.09760373
61107,0.01767556
61307,0.0061128973
61407,0.051092863
61707,0.14480238
62107,0.021370487
62407,0.032973923
62707,0.052028596
62807,0.113467395
63507,0.024104794
63607,0.043564003
63707,0.03279067
63807,0.047036722
63907,0.22901501
64307,0.11491756
64407,0.29224142
8,0.020824226
108,0.014715166
408,0.0070194234
608,0.0456234
708,0.12778202
1008,0.005288438
1208,0.018831395
1708,0.011205586
2208,0.005791049
2708,0.1111137
2808,0.008648991
2908,0.008298821
3008,0.027190058
3108,0.017215537
3208,0.006561622
3308,0.005603989
3408,0.004906468
3708,0.0124543095
4008,0.045623954
4108,0.0063282154
4208,0.034650918
4408,0.011023436
4708,0.017037008
4808,0.04604998
4908,0.034546837
5108,0.040034838
5208,0.07400586
5708,0.0069508636
5908,0.022725858
6208,0.10111603
6308,0.13702196
6508,0.039045952
6608,0.107906304
6808,0.020650418
6908,0.0137854135
7008,0.048632044
7208,0.0069112405
7408,0.031112095
7508,0.025359096
7708,0.009626403
7908,0.1234123
8108,0.034039646
8208,0.011842275
8308,0.029463809
8408,0.026414856
8508,0.027411908
8608,0.06976178
8708,0.041841343
8908,0.07253004
9008,0.026514584
9208,0.095747314
9508,0.005788609
9808,0.018462185
9908,0.04341697
10108,0.014321289
10408,0.04293252
10508,0.08858083
10608,0.09747229
10708,0.11839864
10908,0.07673498
11208,0.03713765
11308,0.018859386
11708,0.012862829
11908,0.07946096
12108,0.0075535895
12408,0.0140248155
12708,0.11446769
12908,0.01960736
13008,0.13759497
13408,0.06339156
13508,0.076644
13608,0.10552233
13708,0.047037788
13908,0.106362395
14308,0.030737046
14408,0.086145975
15408,0.039012417
15608,0.096325316
15708,0.0076947263
15808,0.018382538
15908,0.028485931
16108,0.06649615
16208,0.03908439
16308,0.023258459
16408,0.01849756
16508,0.0074753943
16608,0.013708795
17008,0.071890265
17108,0.0056073572
17208,0.006999923
17308,0.007391899
17408,0.0047264453
17608,0.013152088
17708,0.040020574
17908,0.015822971
18008,0.017575094
18108,0.023480022
18208,0.06363123
18408,0.027527515
18508,0.013516072
18708,0.086586386
18808,0.048639093
19108,0.012703499
19508,0.0133664645
19608,0.00713903
19708,0.03172009
19808,0.0352708
20708,0.006340561
20808,0.12223901
20908,0.15970524
21108,0.18143426
21208,0.010994114
21408,0.034529943
21808,0.048512552
22008,0.057100154
22308,0.04883567
22408,0.1455668
22508,0.1553081
22608,0.07898061
22908,0.0062997495
23008,0.010255341
23208,0.026615571
23308,0.04236124
23608,0.034841504
23708,0.01169676
23808,0.01667309
23908,0.00995992
24108,0.018556442
24208,0.040648233
24408,0.02523969
24508,0.028776484
24608,0.02976293
24708,0.044049714
25308,0.0041735684
25408,0.028009191
25808,0.09354719
26008,0.015209286
26108,0.038972035
26208,0.020664405
26308,0.12661843
26408,0.052646253
26608,0.29087391
26708,0.16283518
26808,0.07152859
26908,0.11537514
27008,0.022866584
27308,0.2363114
27408,0.10178338
27508,0.033921186
27908,0.050069783
28008,0.04418367
28108,0.067250356
28308,0.13022804
28408,0.014036574
29008,0.15591206
29108,0.06130498
29308,0.10131179
29608,0.028459085
29708,0.098062776
29808,0.051730033
29908,0.06798506
30008,0.04556419
30108,0.03097684
30308,0.018911095
30408,0.017552346
30708,0.20661516
30808,0.0128898565
31108,0.2557064
31208,0.0114971865
31608,0.019704664
31708,0.031627506
31808,0.099635676
31908,0.17639141
32008,0.0100482255
32108,0.016108617
32808,0.038970064
33008,0.0055574095
33108,0.004210235
33508,0.06470656
33708,0.019369164
33808,0.014783776
33908,0.085292175
34008,0.057737555
34208,0.004684781
34308,0.012002598
34408,0.01206948
34508,0.028332813
34608,0.18869536
34808,0.0074990815
35008,0.028187308
35208,0.021335445
35308,0.064120345
35508,0.00991464
35608,0.0038522307
35708,0.02507263
35908,0.010100049
36008,0.036729917
36108,0.03494649
36608,0.09105252
37208,0.02585956
37408,0.057344276
37508,0.02314849
37608,0.063465565
37708,0.08031812
38108,0.0152635
38208,0.058736976
38308,0.06705162
38408,0.012971726
38608,0.23994341
38808,0.028186373
39108,0.041115917
39208,0.0043874327
39308,0.025148116
39408,0.018589823
39608,0.029039282
39708,0.14692421
39908,0.021379372
40008,0.038155403
40208,0.015658977
40508,0.007840544
40608,0.023086349
41808,0.0754033
42008,0.02673519
42708,0.075302474
42908,0.19770008
43608,0.013782173
44208,0.020935671
44508,0.017771265
44708,0.24251978
44908,0.0420044
45208,0.03324802
45308,0.052103728
45508,0.049824536
45608,0.040063642
46108,0.04060382
46308,0.10903559
46508,0.15020515
46908,0.027630465
47008,0.059085686
47108,0.31321988
47208,0.053527508
47308,0.06637133
47608,0.011532316
47708,0.14712457
47808,0.07144277
47908,0.007406891
48208,0.020947445
48608,0.015490382
48708,0.0066235224
49108,0.008827157
49208,0.011859629
49608,0.00846411
49708,0.08807457
49908,0.044201903
50108,0.017256936
50308,0.08019609
50408,0.057969403
50608,0.02034028
50808,0.052040488
50908,0.05545499
51008,0.021157151
51208,0.021027353
51608,0.010306108
51808,0.009286532
52008,0.0036032188
52108,0.17979908
52508,0.022574402
52608,0.01273513
52708,0.07949432
53208,0.010980039
53308,0.038015027
53408,0.01452759
53608,0.04872581
53908,0.025548456
54108,0.17379542
54208,0.10207871
54308,0.013828604
54408,0.0559667
54608,0.25431967
55008,0.046502057
55208,0.1197743
55408,0.023137059
55508,0.022365335
55608,0.03681257
56208,0.04501131
56508,0.0691871
56708,0.023732286
56808,0.011140395
57008,0.045815393
57108,0.073752105
57208,0.004763162
57308,0.012811186
57508,0.012681001
57908,0.028572293
58008,0.0051243952
58208,0.09394939
58308,0.053076982
58508,0.0053547984
58908,0.03328968
59108,0.21004115
59208,0.021776902
59508,0.22047663
59608,0.27733895
59808,0.021304995
59908,0.029729981
60408,0.18393603
60508,0.038626943
60808,0.042799417
61108,0.035868693
61308,0.37751666
61408,0.027043935
61708,0.08840044
62108,0.015781773
62408,0.0791317
62708,0.03579857
62808,0.06638973
63508,0.07311762
63608,0.06972249
63708,0.13231838
63808,0.063361734
63908,0.017424349
64308,0.022822656
64408,0.004673934
9,0.008335777
109,0.009122097
409,0.01796301
609,0.22857778
709,0.11699667
1009,0.008575686
1209,0.012384868
1709,0.003543251
2209,0.003118289
2709,0.006273712
2809,0.0070375
2909,0.01218742
3009,0.12194815
3109,0.03223937
3209,0.022019394
3309,0.047230177
3409,0.006836241
3709,0.010197271
4009,0.10765585
4109,0.14112124
4209,0.05611816
4409,0.012255693
4709,0.17072411
4809,0.032889657
4909,0.1603997
5109,0.03144832
5209,0.23157638
5709,0.019102652
5909,0.027781334
6209,0.038206372
6309,0.11621592
6509,0.049179595
6609,0.033401337
6809,0.045293916
6909,0.00960833
7009,0.01549942
7209,0.009784917
7409,0.04197346
7509,0.056778133
7709,0.0034757177
7909,0.02180103
8109,0.22492835
8209,0.01884115
8309,0.031549726
8409,0.011712373
8509,0.00398994
8609,0.02601611
8709,0.0044060573
8909,0.005732137
9009,0.005405277
9209,0.108550616
9509,0.020635325
9809,0.02169534
9909,0.021046605
10109,0.011982683
10409,0.055749204
10509,0.045915693
10609,0.043072425
10709,0.022801032
10909,0.16588017
11209,0.04259719
11309,0.009285954
11709,0.013939737
11909,0.048685834
12109,0.020409806
12409,0.021985648
12709,0.08976784
12909,0.19912048
13009,0.027418537
13409,0.030856498
13509,0.029748254
13609,0.036077294
13709,0.075681925
13909,0.031042835
14309,0.04179842
14409,0.031990312
15409,0.08864947
15609,0.13273934
15709,0.02273776
15809,0.0058504846
15909,0.00626594
16109,0.019099494
16209,0.16666444
16309,0.0056630545
16409,0.006837947
16509,0.00592115
16609,0.014378456
17009,0.055430003
17109,0.004742594
17209,0.014256122
17309,0.004559823
17409,0.016514625
17609,0.02456518
17709,0.053405244
17909,0.0058006654
18009,0.0029486998
18109,0.01170533
18209,0.0042550117
18409,0.008317652
18509,0.0027301132
18709,0.0047852695
18809,0.0069452636
19109,0.020394867
19509,0.004338032
19609,0.010083833
19709,0.011362314
19809,0.015191196
20709,0.036718987
20809,0.046551246
20909,0.04247699
21109,0.1280488
21209,0.020225229
21409,0.16576377
21809,0.16034609
22009,0.04058642
22309,0.05263987
22409,0.101300396
22509,0.07829691
22609,0.047521546
22909,0.010316807
23009,0.014534195
23209,0.008418122
23309,0.036950573
23609,0.06987411
23709,0.02408233
23809,0.014568567
23909,0.014305647
24109,0.021004913
24209,0.112434275
24409,0.007234966
24509,0.009722531
24609,0.0065322234
24709,0.061575342
25309,0.027837764
25409,0.08425415
25809,0.012600061
26009,0.054580554
26109,0.02443668
26209,0.05470972
26309,0.08405814
26409,0.0091756815
26609,0.08451258
26709,0.11808456
26809,0.023352854
26909,0.030318912
27009,0.015381803
27309,0.012355892
27409,0.02258564
27509,0.017302003
27909,0.0096007055
28009,0.030836761
28109,0.030063644
28309,0.11116113
28409,0.089012116
29009,0.05280613
29109,0.07254098
29309,0.016374977
29609,0.062660776
29709,0.058999255
29809,0.045706004
29909,0.019221334
30009,0.17150071
30109,0.045945138
30309,0.030847125
30409,0.07916526
30709,0.022790419
30809,0.02022801
31109,0.009974623
31209,0.01939075
31609,0.009275649
31709,0.05014994
31809,0.05024674
31909,0.07871475
32009,0.049537454
32109,0.0042118873
32809,0.3444114
33009,0.015584242
33109,0.014266966
33509,0.06720973
33709,0.0032926095
33809,0.00574484
33909,0.003328749
34009,0.019972809
34209,0.004220471
34309,0.004435319
34409,0.003995717
34509,0.008346525
34609,0.012499626
34809,0.0030167322
35009,0.041928675
35209,0.03505516
35309,0.095435195
35509,0.0065962626
35609,0.004055746
35709,0.020660922
35909,0.026296053
36009,0.06239822
36109,0.0049905768
36609,0.09216253
37209,0.008056818
37409,0.052171852
37509,0.102877356
37609,0.15092455
37709,0.28467157
38109,0.057209
38209,0.08827467
38309,0.03782366
38409,0.08922987
38609,0.09833495
38809,0.11337234
39109,0.030872269
39209,0.007355202
39309,0.038460612
39409,0.008442162
39609,0.021464242
39709,0.028873099
39909,0.004327119
40009,0.010258759
40209,0.006453233
40509,0.00812796
40609,0.005811192
41809,0.042113464
42009,0.029069908
42709,0.10142258
42909,0.032122783
43609,0.014749087
44209,0.033955783
44509,0.013480238
44709,0.07032654
44909,0.10030673
45209,0.046420485
45309,0.039890952
45509,0.03150638
45609,0.12400515
46109,0.051603038
46309,0.041225243
46509,0.017737767
46909,0.004285498
47009,0.015095961
47109,0.004143032
47209,0.022260522
47309,0.20983471
47609,0.03711281
47709,0.07589013
47809,0.1813459
47909,0.005136397
48209,0.027362926
48609,0.0153345065
48709,0.017060412
49109,0.015436142
49209,0.02096403
49609,0.009203554
49709,0.009935108
49909,0.010997378
50109,0.0059687067
50309,0.007581013
50409,0.008053506
50609,0.015518712
50809,0.004685451
50909,0.009117048
51009,0.007947949
51209,0.006118877
51609,0.008782492
51809,0.015358825
52009,0.011343007
52109,0.03832738
52509,0.016789751
52609,0.045071986
52709,0.14882353
53209,0.021643693
53309,0.036410004
53409,0.15992318
53609,0.033402927
53909,0.30548024
54109,0.01647071
54209,0.1240792
54309,0.038613666
54409,0.073642395
54609,0.013604984
55009,0.049526878
55209,0.018684965
55409,0.026686976
55509,0.006574158
55609,0.012213254
56209,0.1279931
56509,0.20070474
56709,0.016098233
56809,0.0110346
57009,0.010291144
57109,0.01189774
57209,0.006219686
57309,0.011219692
57509,0.009518116
57909,0.033702582
58009,0.005121068
58209,0.038309887
58309,0.008326305
58509,0.009906663
58909,0.022616018
59109,0.066588506
59209,0.009926976
59509,0.029614743
59609,0.039579175
59809,0.02388131
59909,0.08658179
60409,0.0065658474
60509,0.017257985
60809,0.07395618
61109,0.03142146
61309,0.022259984
61409,0.025636673
61709,0.048015036
62109,0.015360716
62409,0.10783433
62709,0.27062365
62809,0.11276395
63509,0.038798906
63609,0.1001009
63709,0.13551192
63809,0.1283029
63909,0.0046952534
64309,0.026903834
64409,0.011104244
10,0.3415394
110,0.43949792
410,0.22375725
610,0.28468472
710,0.10935778
1010,0.47940594
1210,0.16789006
1710,0.2750431
2210,0.47525516
2710,0.054694884
2810,0.6761211
2910,0.45473093
3010,0.33771518
3110,0.18969418
3210,0.13174367
3310,0.1596746
3410,0.63469267
3710,0.18739443
4010,0.24751112
4110,0.05330037
4210,0.41326636
4410,0.43455642
4710,0.13408145
4810,0.18449946
4910,0.4719521
5110,0.10554778
5210,0.06907513
5710,0.16400304
5910,0.13953185
6210,0.05563249
6310,0.066452876
6510,0.22378689
6610,0.06382269
6810,0.14104863
6910,0.07695659
7010,0.18290433
7210,0.088758975
7410,0.36861947
7510,0.5233717
7710,0.45808148
7910,0.12529613
8110,0.28205577
8210,0.09684784
8310,0.3531119
8410,0.18974507
8510,0.42726383
8610,0.15196362
8710,0.18343267
8910,0.17123544
9010,0.10161008
9210,0.117100105
9510,0.30020759
9810,0.34833178
9910,0.33522257
10110,0.5232558
10410,0.09100299
10510,0.033567574
10610,0.264491
10710,0.37279642
10910,0.03250552
11210,0.33442473
11310,0.12999234
11710,0.093345635
11910,0.10130834
12110,0.42245913
12410,0.25989476
12710,0.14677696
12910,0.21619853
13010,0.36693707
13410,0.10122561
13510,0.10192966
13610,0.08064841
13710,0.05026128
13910,0.27430484
14310,0.068301775
14410,0.27055
15410,0.5198275
15610,0.014899821
15710,0.24761446
15810,0.31613874
15910,0.31448993
16110,0.32468566
16210,0.20711978
16310,0.23033947
16410,0.4100932
16510,0.14617656
16610,0.28227746
17010,0.036705427
17110,0.51282924
17210,0.3406326
17310,0.5075845
17410,0.29890522
17610,0.46957043
17710,0.2530306
17910,0.3560623
18010,0.22322056
18110,0.17051405
18210,0.12570734
18410,0.25867045
18510,0.4766436
18710,0.05724408
18810,0.3495336
19110,0.26885095
19510,0.56623924
19610,0.27616113
19710,0.44410303
19810,0.11038004
20710,0.24202128
20810,0.45119372
20910,0.2994186
21110,0.054520406
21210,0.31751436
21410,0.023023227
21810,0.036440946
22010,0.13155507
22310,0.4209927
22410,0.19061565
22510,0.021288376
22610,0.15385422
22910,0.06521191
23010,0.14772257
23210,0.106860444
23310,0.2138785
23610,0.024690857
23710,0.3403255
23810,0.31600204
23910,0.49790344
24110,0.16133069
24210,0.12372263
24410,0.26526457
24510,0.33801726
24610,0.33764958
24710,0.13921964
25310,0.28315234
25410,0.45228335
25810,0.42906645
26010,0.2798498
26110,0.40628317
26210,0.11265028
26310,0.041882448
26410,0.44315365
26610,0.027337013
26710,0.10842434
26810,0.10778399
26910,0.2136909
27010,0.11792631
27310,0.35121608
27410,0.07070535
27510,0.065609254
27910,0.32947898
28010,0.12501554
28110,0.28408203
28310,0.024621755
28410,0.21208805
29010,0.36266848
29110,0.015386516
29310,0.03287597
29610,0.32836363
29710,0.12244189
29810,0.23426098
29910,0.07918281
30010,0.066958554
30110,0.36910686
30310,0.13753246
30410,0.20289099
30710,0.38676357
30810,0.32261872
31110,0.33666378
31210,0.2313024
31610,0.35471126
31710,0.38910344
31810,0.3972116
31910,0.032100815
32010,0.34023908
32110,0.30784008
32810,0.16448961
33010,0.33847907
33110,0.38687465
33510,0.35303488
33710,0.4262689
33810,0.40645397
33910,0.11270666
34010,0.2234681
34210,0.34016964
34310,0.48642612
34410,0.2533179
34510,0.22191775
34610,0.20941372
34810,0.32859442
35010,0.3514859
35210,0.13114572
35310,0.052591223
35510,0.60126823
35610,0.61820865
35710,0.4202099
35910,0.27263585
36010,0.28766885
36110,0.3327158
36610,0.2586546
37210,0.026053036
37410,0.27924678
37510,0.39081058
37610,0.38498476
37710,0.15022483
38110,0.23043495
38210,0.11528174
38310,0.037096556
38410,0.22664014
38610,0.12644467
38810,0.33047712
39110,0.11244501
39210,0.07386606
39310,0.12434401
39410,0.09197496
39610,0.19214927
39710,0.12760496
39910,0.50700885
40010,0.3447513
40210,0.48623747
40510,0.31673
40610,0.30903602
41810,0.24345027
42010,0.31780162
42710,0.077188365
42910,0.14211829
43610,0.50367117
44210,0.29763055
44510,0.33718172
44710,0.0857032
44910,0.02443193
45210,0.39863077
45310,0.280731
45510,0.4749352
45610,0.029698392
46110,0.20742068
46310,0.092480175
46510,0.2969219
46910,0.2806739
47010,0.3635444
47110,0.28455448
47210,0.26830512
47310,0.1543695
47610,0.1518292
47710,0.058221042
47810,0.11377442
47910,0.3976223
48210,0.5475788
48610,0.247118
48710,0.2431479
49110,0.38212135
49210,0.12078541
49610,0.350301
49710,0.12044721
49910,0.46926624
50110,0.3056102
50310,0.099729605
50410,0.0855047
50610,0.15744537
50810,0.048221644
50910,0.4022991
51010,0.41360837
51210,0.17748396
51610,0.04765465
51810,0.5681296
52010,0.5991413
52110,0.06360577
52510,0.46579382
52610,0.3581188
52710,0.080726355
53210,0.21839043
53310,0.12887615
53410,0.03818434
53610,0.11393276
53910,0.25526524
54110,0.26750886
54210,0.1792907
54310,0.2066286
54410,0.14255376
54610,0.08558318
55010,0.22911339
55210,0.056330312
55410,0.18268763
55510,0.44966295
55610,0.25470707
56210,0.31583124
56510,0.057043288
56710,0.14215438
56810,0.3899355
57010,0.29089013
57110,0.2740397
57210,0.43785232
57310,0.19945844
57510,0.49918684
57910,0.22816269
58010,0.4528633
58210,0.3854792
58310,0.07585352
58510,0.55598694
58910,0.41519424
59110,0.18111601
59210,0.3687817
59510,0.28584376
59610,0.2570316
59810,0.13701689
59910,0.16506459
60410,0.22760804
60510,0.4463302
60810,0.19702081
61110,0.48148036
61310,0.2501752
61410,0.45812026
61710,0.21484506
62110,0.3033728
62410,0.022683859
62710,0.05582309
62810,0.0993764
63510,0.3914833
63610,0.030757535
63710,0.027711201
63810,0.029261203
63910,0.492658
64310,0.23393887
64410,0.36287162
11,0.013872526
111,0.12077846
411,0.08475055
611,0.009426644
711,0.03562547
1011,0.02809649
1211,0.2765316
1711,0.0067258393
2211,0.0052640527
2711,0.04560685
2811,0.00403832
2911,0.0032317103
3011,0.01579325
3111,0.05045423
3211,0.005279934
3311,0.019334327
3411,0.00300855
3711,0.032522567
4011,0.008186624
4111,0.008690271
4211,0.014621108
4411,0.0069961124
4711,0.012611798
4811,0.015477699
4911,0.011179543
5111,0.04927012
5211,0.0103945285
5711,0.002198237
5911,0.0011969642
6211,0.012858437
6311,0.02914896
6511,0.0033114096
6611,0.005140945
6811,0.0048548323
6911,0.053856734
7011,0.011847307
7211,0.037880808
7411,0.016471617
7511,0.0131061785
7711,0.00753402
7911,0.027924052
8111,0.02017231
8211,0.08214687
8311,0.008440663
8411,0.016064597
8511,0.004609332
8611,0.020378435
8711,0.004161971
8911,0.003600309
9011,0.0052679726
9211,0.0185964
9511,0.02469471
9811,0.0020729182
9911,0.002196044
10111,0.0044680466
10411,0.0021062775
10511,0.019394128
10611,0.0033601013
10711,0.014621936
10911,0.026773704
11211,0.006868844
11311,0.04277471
11711,0.027622094
11911,0.0077507393
12111,0.0046083657
12411,0.0022806837
12711,0.023338465
12911,0.0052547553
13011,0.033138108
13411,0.021982832
13511,0.07537293
13611,0.00402249
13711,0.006520493
13911,0.072577916
14311,0.014689532
14411,0.0037565713
15411,0.015885727
15611,0.031508256
15711,0.00071046996
15811,0.007240724
15911,0.012451052
16111,0.06994758
16211,0.009926661
16311,0.05596813
16411,0.054984212
16511,0.3683308
16611,0.07269241
17011,0.025868252
17111,0.055646308
17211,0.14645998
17311,0.036390066
17411,0.18092807
17611,0.02033906
17711,0.00921532
17911,0.0104920985
18011,0.0024582238
18111,0.11299837
18211,0.030066991
18411,0.024374254
18511,0.0037226686
18711,0.07632882
18811,0.0069666905
19111,0.025421474
19511,0.008450685
19611,0.020746602
19711,0.0037765913
19811,0.04784489
20711,0.0012344156
20811,0.015475264
20911,0.102945104
21111,0.10912828
21211,0.011046442
21411,0.006083296
21811,0.018434595
22011,0.007478731
22311,0.033807814
22411,0.026387073
22511,0.018387072
22611,0.02543898
22911,0.033618215
23011,0.073630765
23211,0.075077154
23311,0.12833942
23611,0.012821749
23711,0.047685772
23811,0.022804776
23911,0.007703006
24111,0.066799544
24211,0.077076964
24411,0.008833258
24511,0.0080002
24611,0.017688375
24711,0.00460921
25311,0.07100118
25411,0.014992851
25811,0.002448041
26011,0.014396517
26111,0.0037966033
26211,0.014951233
26311,0.008463537
26411,0.0038026595
26611,0.03870559
26711,0.08702995
26811,0.07770508
26911,0.012853021
27011,0.0041788765
27311,0.0056555048
27411,0.25637728
27511,0.13479884
27911,0.018770471
28011,0.089795426
28111,0.011721304
28311,0.064587474
28411,0.0072322637
29011,0.011444708
29111,0.017905187
29311,0.017644836
29611,0.019802634
29711,0.025981607
29811,0.010286671
29911,0.008475894
30011,0.014333571
30111,0.0031986486
30311,0.003854112
30411,0.0014260121
30711,0.011771147
30811,0.038793568
31111,0.0063702515
31211,0.0029661264
31611,0.012015225
31711,0.0029962615
31811,0.010278135
31911,0.16003665
32011,0.0077521396
32111,0.018288752
32811,0.0049488177
33011,0.17834595
33111,0.15461369
33511,0.059796393
33711,0.0059036585
33811,0.018038757
33911,0.036248237
34011,0.046595618
34211,0.006419099
34311,0.007148831
34411,0.033592563
34511,0.01942914
34611,0.0044161743
34811,0.03296135
35011,0.0040926
35211,0.007857129
35311,0.015518319
35511,0.0045716995
35611,0.0030971793
35711,0.0068225954
35911,0.036625348
36011,0.0072906446
36111,0.0030565143
36611,0.022257658
37211,0.07247142
37411,0.02891475
37511,0.00880937
37611,0.0040627876
37711,0.0077533848
38111,0.0028080868
38211,0.0023884245
38311,0.005705217
38411,0.0037207582
38611,0.02603374
38811,0.003676111
39111,0.016588513
39211,0.021093564
39311,0.12009647
39411,0.060561
39611,0.07129793
39711,0.10988958
39911,0.0063386746
40011,0.010377653
40211,0.011270596
40511,0.006072977
40611,0.006780818
41811,0.02348229
42011,0.013515504
42711,0.047058843
42911,0.011648411
43611,0.0047333757
44211,0.04530719
44511,0.02180093
44711,0.17912087
44911,0.0060073207
45211,0.012397784
45311,0.026568737
45511,0.01216847
45611,0.0042612245
46111,0.003953436
46311,0.042018376
46511,0.0139071755
46911,0.019867605
47011,0.027075289
47111,0.0023344527
47211,0.04176473
47311,0.019206759
47611,0.0057538124
47711,0.027749652
47811,0.015732465
47911,0.006286413
48211,0.013583022
48611,0.12768961
48711,0.26885
49111,0.0014361454
49211,0.007894831
49611,0.048278578
49711,0.14638321
49911,0.0033492837
50111,0.017814627
50311,0.03136023
50411,0.09673105
50611,0.047201645
50811,0.11466628
50911,0.009075106
51011,0.0024222597
51211,0.015526227
51611,0.071902014
51811,0.0049830917
52011,0.0035112766
52111,0.13834208
52511,0.011245998
52611,0.0070662675
52711,0.0077266525
53211,0.03215794
53311,0.09011393
53411,0.02502439
53611,0.12044054
53911,0.004765324
54111,0.0130866505
54211,0.008257863
54311,0.0012955543
54411,0.005555066
54611,0.018121276
55011,0.013663158
55211,0.030577984
55411,0.084689885
55511,0.017966961
55611,0.06472212
56211,0.030994952
56511,0.015708586
56711,0.017087042
56811,0.027107649
57011,0.0033226968
57111,0.0067900605
57211,0.0025446825
57311,0.05525027
57511,0.0058647604
57911,0.015789209
58011,0.0014563294
58211,0.013225989
58311,0.00911179
58511,0.0023619258
58911,0.0054529686
59111,0.024613453
59211,0.00390563
59511,0.012406567
59611,0.0570101
59811,0.047012545
59911,0.096178815
60411,0.006015096
60511,0.009570717
60811,0.0067763524
61111,0.004148578
61311,0.028704276
61411,0.010639564
61711,0.0075548794
62111,0.0044391067
62411,0.03452232
62711,0.0053864927
62811,0.008425242
63511,0.012255936
63611,0.06332948
63711,0.10425519
63811,0.008748323
63911,0.005119492
64311,0.010588729
64411,0.0023940129
12,0.007737688
112,0.034090642
412,0.16994387
612,0.0036004304
712,0.0050552213
1012,0.011070584
1212,0.012610564
1712,0.005965251
2212,0.006050786
2712,0.004031665
2812,0.0077802357
2912,0.010168402
3012,0.005302742
3112,0.036853164
3212,0.018115323
3312,0.124000475
3412,0.0048944037
3712,0.011720074
4012,0.005528582
4112,0.36935535
4212,0.007936057
4412,0.022219706
4712,0.045961052
4812,0.0106012765
4912,0.01218956
5112,0.011784621
5212,0.010293818
5712,0.0057337135
5912,0.009433054
6212,0.00855964
6312,0.005124447
6512,0.0035801255
6612,0.0038526377
6812,0.006235084
6912,0.18072702
7012,0.009501175
7212,0.10478481
7412,0.0371867
7512,0.0045070923
7712,0.0061855745
7912,0.008456548
8112,0.009293682
8212,0.009757
8312,0.0082871225
8412,0.008834682
8512,0.0041800556
8612,0.0077822
8712,0.008425715
8912,0.0043229256
9012,0.0025661895
9212,0.0064201504
9512,0.08309732
9812,0.0074375966
9912,0.005510649
10112,0.0072726905
10412,0.003791482
10512,0.0034057398
10612,0.006489665
10712,0.0032564818
10912,0.015563925
11212,0.007037238
11312,0.039011303
11712,0.21773186
11912,0.003924323
12112,0.012811754
12412,0.006831264
12712,0.011617292
12912,0.010350677
13012,0.0063320976
13412,0.009445643
13512,0.022842865
13612,0.005772359
13712,0.0077277403
13912,0.009845208
14312,0.011159147
14412,0.012215497
15412,0.016034788
15612,0.0049703834
15712,0.004267347
15812,0.01050309
15912,0.008397648
16112,0.02124681
16212,0.013747432
16312,0.02218066
16412,0.017474178
16512,0.018131174
16612,0.011812799
17012,0.005964005
17112,0.0067263744
17212,0.021196987
17312,0.009186944
17412,0.017058883
17612,0.031891923
17712,0.0054588933
17912,0.008547179
18012,0.0035445967
18112,0.030154044
18212,0.004926088
18412,0.011244742
18512,0.006475972
18712,0.00564486
18812,0.008060785
19112,0.04242924
19512,0.0054020826
19612,0.017931385
19712,0.0068355566
19812,0.0068596597
20712,0.0074252775
20812,0.008952544
20912,0.013503764
21112,0.01565881
21212,0.026135286
21412,0.016725233
21812,0.014681605
22012,0.009620003
22312,0.0058646197
22412,0.0056426856
22512,0.003920115
22612,0.005782398
22912,0.33325556
23012,0.061428074
23212,0.06410803
23312,0.059916105
23612,0.004612803
23712,0.027162649
23812,0.025284376
23912,0.005286998
24112,0.013320686
24212,0.033667978
24412,0.02521122
24512,0.015389137
24612,0.0154838655
24712,0.0021045138
25312,0.13875145
25412,0.028641855
25812,0.009488212
26012,0.02355989
26112,0.008398616
26212,0.012477961
26312,0.0032545319
26412,0.0009751612
26612,0.0048712743
26712,0.021731721
26812,0.035809014
26912,0.011825789
27012,0.0040544798
27312,0.006796606
27412,0.05477548
27512,0.113337725
27912,0.018312285
28012,0.006355317
28112,0.0039798254
28312,0.012611947
28412,0.0071737403
29012,0.006735881
29112,0.0076103285
29312,0.0040071304
29612,0.050462205
29712,0.052413877
29812,0.0035036004
29912,0.004913442
30012,0.010062
30112,0.009083479
30312,0.003403536
30412,0.004146051
30712,0.008440049
30812,0.013619873
31112,0.006810742
31212,0.012084651
31612,0.008749346
31712,0.008539261
31812,0.014342253
31912,0.010087184
32012,0.014430631
32112,0.012537785
32812,0.0039376724
33012,0.011256155
33112,0.022456061
33512,0.0117483735
33712,0.0066442266
33812,0.010345195
33912,0.004105516
34012,0.007618172
34212,0.017589854
34312,0.008277962
34412,0.0035210499
34512,0.023570722
34612,0.009151213
34812,0.009063273
35012,0.0076775947
35212,0.026490146
35312,0.060609244
35512,0.005045198
35612,0.0052971384
35712,0.013062091
35912,0.0697682
36012,0.026161209
36112,0.0061961124
36612,0.06407338
37212,0.0056035067
37412,0.003722806
37512,0.009872328
37612,0.01889383
37712,0.0053648995
38112,0.0024660537
38212,0.0031925025
38312,0.0044161086
38412,0.0032249033
38612,0.02543232
38812,0.00678269
39112,0.01646321
39212,0.30309185
39312,0.12490524
39412,0.06021552
39612,0.015549327
39712,0.0062954775
39912,0.009622518
40012,0.013398527
40212,0.014307842
40512,0.018108144
40612,0.0055329544
41812,0.032943908
42012,0.032289915
42712,0.028655842
42912,0.015446577
43612,0.012601136
44212,0.011848018
44512,0.00911413
44712,0.011793944
44912,0.0056975028
45212,0.0037323069
45312,0.005557818
45512,0.00949337
45612,0.0039317664
46112,0.009935234
46312,0.0076040113
46512,0.023310615
46912,0.0071119713
47012,0.008043571
47112,0.0025464422
47212,0.029040366
47312,0.0046197567
47612,0.0306569
47712,0.0049604215
47812,0.0051609613
47912,0.006572143
48212,0.014204813
48612,0.015950162
48712,0.07025594
49112,0.006101872
49212,0.0040472834
49612,0.032863513
49712,0.02564406
49912,0.0069474825
50112,0.008732227
50312,0.012345978
50412,0.0049629887
50612,0.08518023
50812,0.013654569
50912,0.016035851
51012,0.009315059
51212,0.01670662
51612,0.09830031
51812,0.0045756605
52012,0.013876513
52112,0.0057927934
52512,0.013086566
52612,0.05716016
52712,0.036171645
53212,0.02247077
53312,0.14923479
53412,0.242459
53612,0.02220548
53912,0.027095407
54112,0.0040366966
54212,0.006309584
54312,0.0027353393
54412,0.0061680265
54612,0.008668666
55012,0.012810664
55212,0.017167933
55412,0.030815398
55512,0.021128029
55612,0.04767294
56212,0.021588746
56512,0.007341848
56712,0.009179935
56812,0.03327972
57012,0.014278297
57112,0.005921789
57212,0.005581459
57312,0.020238746
57512,0.008196405
57912,0.019961318
58012,0.0047986214
58212,0.012006121
58312,0.0072705406
58512,0.006544408
58912,0.0013635737
59112,0.023244925
59212,0.026359571
59512,0.018285349
59612,0.015689958
59812,0.031924527
59912,0.026906641
60412,0.009469763
60512,0.008223929
60812,0.0031987128
61112,0.002911569
61312,0.008345442
61412,0.01666566
61712,0.0042407666
62112,0.0024428875
62412,0.009752945
62712,0.0041758134
62812,0.0053416407
63512,0.016568124
63612,0.01737071
63712,0.010359078
63812,0.004600779
63912,0.008450715
64312,0.0044246893
64412,0.011480057
13,0.00195767
113,0.0021313173
413,0.002573999
613,0.00565693
713,0.010138533
1013,0.0014816134
1213,0.0010702632
1713,0.0013870795
2213,0.001127613
2713,0.0005039586
2813,0.0025090908
2913,0.00706195
3013,0.011438543
3113,0.008667572
3213,0.025476469
3313,0.004367274
3413,0.0008583301
3713,0.0029529158
4013,0.012334866
4113,0.0014455495
4213,0.0046015293
4413,0.0024066279
4713,0.013723047
4813,0.021929342
4913,0.00685381
5113,0.008788776
5213,0.0077716266
5713,0.008679938
5913,0.007063288
6213,0.012252561
6313,0.0054810764
6513,0.008147135
6613,0.0160099
6813,0.027821057
6913,0.002817696
7013,0.0014696466
7213,0.0027500074
7413,0.007837461
7513,0.004416092
7713,0.0005462755
7913,0.0026270766
8113,0.010390277
8213,0.0033882174
8313,0.0043401807
8413,0.0040840185
8513,0.00129261
8613,0.0028069185
8713,0.006321416
8913,0.0020857127
9013,0.0034466104
9213,0.0042877803
9513,0.006817
9813,0.011124209
9913,0.019703781
10113,0.0019691791
10413,0.008164894
10513,0.00473513
10613,0.015823834
10713,0.0060677575
10913,0.010538713
11213,0.006377741
11313,0.0013556059
11713,0.0056964178
11913,0.010504397
12113,0.0056497995
12413,0.008331911
12713,0.017193686
12913,0.007464465
13013,0.0077583147
13413,0.020251505
13513,0.013112561
13613,0.00734875
13713,0.0066383453
13913,0.005381112
14313,0.031526998
14413,0.02818048
15413,0.013490603
15613,0.0025477367
15713,0.004613926
15813,0.0008975762
15913,0.00085862615
16113,0.0066928817
16213,0.0109557
16313,0.0012400969
16413,0.0014567038
16513,0.00042614376
16613,0.0008109566
17013,0.007679829
17113,0.0007270889
17213,0.0020062316
17313,0.00069103873
17413,0.0008843583
17613,0.008555347
17713,0.024404654
17913,0.0042377706
18013,0.0016591167
18113,0.0014610081
18213,0.00033049192
18413,0.00072804076
18513,0.0012641932
18713,0.0006806712
18813,0.0027578564
19113,0.020417014
19513,0.0015586695
19613,0.0009839917
19713,0.010080836
19813,0.0023568547
20713,0.007828618
20813,0.01103243
20913,0.006341636
21113,0.009518016
21213,0.006010869
21413,0.0065036495
21813,0.02047366
22013,0.022365833
22313,0.009536085
22413,0.014255998
22513,0.005232276
22613,0.016711244
22913,0.002551496
23013,0.0006344146
23213,0.007919186
23313,0.009017614
23613,0.0067434725
23713,0.0040378287
23813,0.001608191
23913,0.0019308159
24113,0.0032793584
24213,0.00860216
24413,0.002639144
24513,0.0041260044
24613,0.0010593365
24713,0.004885482
25313,0.0027633472
25413,0.008024857
25813,0.006041494
26013,0.047300562
26113,0.0034358923
26213,0.008122742
26313,0.003688689
26413,0.0015400808
26613,0.0054856013
26713,0.020602306
26813,0.005631784
26913,0.002702025
27013,0.00462137
27313,0.0069417404
27413,0.0076371757
27513,0.005814252
27913,0.0012882402
28013,0.002194739
28113,0.0077061104
28313,0.007955337
28413,0.013378818
29013,0.00915505
29113,0.004088162
29313,0.013569268
29613,0.006576035
29713,0.05156936
29813,0.01922609
29913,0.044653896
30013,0.013440433
30113,0.01926572
30313,0.014830952
30413,0.00769687
30713,0.0078585455
30813,0.002800336
31113,0.0039581056
31213,0.008242095
31613,0.0017886566
31713,0.029553745
31813,0.01633612
31913,0.011536074
32013,0.028282408
32113,0.0021943578
32813,0.004369508
33013,0.0008424068
33113,0.0013879699
33513,0.007852786
33713,0.0015862592
33813,0.0026353113
33913,0.00024621413
34013,0.0022673525
34213,0.0002192595
34313,0.0015836683
34413,0.0005869953
34513,0.0013869234
34613,0.003658193
34813,0.00013253363
35013,0.00643327
35213,0.009894503
35313,0.031841494
35513,0.0019715754
35613,0.00096211495
35713,0.030709412
35913,0.005844083
36013,0.026819335
36113,0.0057345754
36613,0.06490319
37213,0.005929867
37413,0.004004856
37513,0.005469693
37613,0.008017449
37713,0.0065391087
38113,0.006982196
38213,0.01334459
38313,0.0073405704
38413,0.01012854
38613,0.014769675
38813,0.03691745
39113,0.0037286791
39213,0.0011668669
39313,0.0034217176
39413,0.0032792026
39613,0.005438765
39713,0.027075626
39913,0.00090795103
40013,0.002759332
40213,0.0023345063
40513,0.002282647
40613,0.0012038503
41813,0.03818644
42013,0.008865603
42713,0.037315335
42913,0.02477965
43613,0.007881605
44213,0.005762757
44513,0.0010669383
44713,0.01297173
44913,0.007410725
45213,0.003932671
45313,0.0051281354
45513,0.003796332
45613,0.0045424327
46113,0.073678054
46313,0.01750873
46513,0.0110153975
46913,0.000638148
47013,0.0013148824
47113,0.00170257
47213,0.00818912
47313,0.009750561
47613,0.011648524
47713,0.0045315335
47813,0.0046832
47913,0.0008153592
48213,0.0077706566
48613,0.0017210157
48713,0.00087460934
49113,0.01393672
49213,0.013608685
49613,0.0020244035
49713,0.0042490745
49913,0.0034946862
50113,0.0023459108
50313,0.00086980796
50413,0.000747559
50613,0.002236372
50813,0.0012781061
50913,0.00516532
51013,0.0069113877
51213,0.00031101928
51613,0.005248438
51813,0.001575298
52013,0.0010140125
52113,0.008589405
52513,0.0018275939
52613,0.0036490285
52713,0.06857962
53213,0.009734485
53313,0.011057626
53413,0.007561667
53613,0.008694085
53913,0.037102498
54113,0.0110668475
54213,0.0071906666
54313,0.005998855
54413,0.010944486
54613,0.033833496
55013,0.027268177
55213,0.0018427044
55413,0.0016831922
55513,0.0012119366
55613,0.004614441
56213,0.0058506806
56513,0.0040926486
56713,0.0037174432
56813,0.0014709255
57013,0.008756353
57113,0.002180952
57213,0.0015813694
57313,0.00084212376
57513,0.005224029
57913,0.055867434
58013,0.0027220687
58213,0.0033858225
58313,0.004658125
58513,0.003281598
58913,0.0022846137
59113,0.0278507
59213,0.0018953361
59513,0.004758455
59613,0.012272898
59813,0.012944171
59913,0.006364609
60413,0.0011445419
60513,0.0017604459
60813,0.009536564
61113,0.0035517355
61313,0.008811829
61413,0.008788572
61713,0.053891186
62113,0.0047885277
62413,0.013135514
62713,0.002792873
62813,0.01243397
63513,0.02928982
63613,0.010203054
63713,0.006356128
63813,0.004273292
63913,0.0009406784
64313,0.01309167
64413,0.008298837
14,0.0054575824
114,0.0072441637
414,0.0062385574
614,0.017070204
714,0.010859875
1014,0.0040669506
1214,0.0063512917
1714,0.0035704297
2214,0.0072925356
2714,0.008525338
2814,0.013787194
2914,0.014682698
3014,0.017427824
3114,0.009704226
3214,0.021040387
3314,0.0045351377
3414,0.007207029
3714,0.009297001
4014,0.046492327
4114,0.0020815416
4214,0.018555464
4414,0.009472346
4714,0.022327248
4814,0.01814079
4914,0.020398181
5114,0.019762123
5214,0.018545954
5714,0.018076228
5914,0.0054258774
6214,0.042433884
6314,0.0075952765
6514,0.020456543
6614,0.060615823
6814,0.080329105
6914,0.00968495
7014,0.007877218
7214,0.0058626025
7414,0.013657468
7514,0.0100624
7714,0.0055032694
7914,0.017086536
8114,0.011281241
8214,0.0054889554
8314,0.015379273
8414,0.022359582
8514,0.009853865
8614,0.010095077
8714,0.011873579
8914,0.015916295
9014,0.0059842602
9214,0.0062345183
9514,0.011241262
9814,0.019158075
9914,0.053215712
10114,0.024137003
10414,0.009497182
10514,0.0049901404
10614,0.08326582
10714,0.060090978
10914,0.025404908
11214,0.015571911
11314,0.006292945
11714,0.015444019
11914,0.0070718667
12114,0.022004597
12414,0.016085763
12714,0.06509008
12914,0.010123951
13014,0.05889016
13414,0.023901649
13514,0.012891012
13614,0.027921978
13714,0.010907596
13914,0.03781085
14314,0.05542058
14414,0.20689046
15414,0.024066167
15614,0.004703453
15714,0.0143705
15814,0.010666322
15914,0.008349497
16114,0.026274588
16214,0.015143863
16314,0.0056814337
16414,0.0070703467
16514,0.0016438796
16614,0.0117844315
17014,0.0058049364
17114,0.0037333856
17214,0.0037933108
17314,0.005102149
17414,0.004924104
17614,0.030604895
17714,0.019303964
17914,0.009007651
18014,0.0043551866
18114,0.012446764
18214,0.009392307
18414,0.009272718
18514,0.011235223
18714,0.012369696
18814,0.016944379
19114,0.01319875
19514,0.011610392
19614,0.004143301
19714,0.024289822
19814,0.012665813
20714,0.015355713
20814,0.108799614
20914,0.036516644
21114,0.019092157
21214,0.010045549
21414,0.016745621
21814,0.0452455
22014,0.10112163
22314,0.026291406
22414,0.05109434
22514,0.007478657
22614,0.027345391
22914,0.0071327095
23014,0.0028437208
23214,0.02186586
23314,0.039938837
23614,0.007611572
23714,0.01636486
23814,0.0077191535
23914,0.010232562
24114,0.010444629
24214,0.01717035
24414,0.010925764
24514,0.011546184
24614,0.0066103437
24714,0.005713282
25314,0.0063890424
25414,0.015762238
25814,0.057981808
26014,0.04408273
26114,0.011365142
26214,0.033403695
26314,0.0031160351
26414,0.027433591
26614,0.0063045546
26714,0.061207537
26814,0.034186475
26914,0.016034253
27014,0.0075453618
27314,0.05224455
27414,0.015224192
27514,0.018481178
27914,0.05375781
28014,0.021172695
28114,0.04713891
28314,0.01552777
28414,0.018504549
29014,0.06122039
29114,0.010402637
29314,0.016547788
29614,0.027764685
29714,0.21410792
29814,0.044436987
29914,0.07341199
30014,0.031876497
30114,0.033325996
30314,0.024008295
30414,0.02167533
30714,0.14080846
30814,0.026706288
31114,0.17802885
31214,0.010971819
31614,0.019890184
31714,0.07803
31814,0.09966663
31914,0.015387956
32014,0.08298443
32114,0.00826614
32814,0.005849507
33014,0.0041098567
33114,0.003121427
33514,0.01518799
33714,0.0086623235
33814,0.006841915
33914,0.0113072535
34014,0.008560619
34214,0.0034961281
34314,0.0079008
34414,0.0045570005
34514,0.012597356
34614,0.049298372
34814,0.0035907954
35014,0.009562217
35214,0.0066383244
35314,0.090956666
35514,0.012306834
35614,0.005013673
35714,0.051971875
35914,0.0117511125
36014,0.101390965
36114,0.01741423
36614,0.12387159
37214,0.010703134
37414,0.021524545
37514,0.00944331
37614,0.011589257
37714,0.0076451497
38114,0.016116839
38214,0.048804767
38314,0.01139429
38414,0.023380186
38614,0.006532558
38814,0.05650197
39114,0.007912942
39214,0.004387483
39314,0.01860333
39414,0.009864062
39614,0.012769235
39714,0.023499642
39914,0.014815532
40014,0.012081046
40214,0.0085490635
40514,0.009261925
40614,0.0073916074
41814,0.16429776
42014,0.027253773
42714,0.066831455
42914,0.043782543
43614,0.018581284
44214,0.05981707
44514,0.029122949
44714,0.038773324
44914,0.022214422
45214,0.016128968
45314,0.021267058
45514,0.014282209
45614,0.00959217
46114,0.23174201
46314,0.03626798
46514,0.1311887
46914,0.011664321
47014,0.017505392
47114,0.25047424
47214,0.021835051
47314,0.029415805
47614,0.016299438
47714,0.005254799
47814,0.008189965
47914,0.005112407
48214,0.028158529
48614,0.012380133
48714,0.0023623654
49114,0.014337113
49214,0.032921147
49614,0.010132637
49714,0.04563744
49914,0.027563445
50114,0.005531938
50314,0.012364704
50414,0.011627094
50614,0.014189628
50814,0.015331004
50914,0.06899241
51014,0.038557593
51214,0.00484671
51614,0.015033457
51814,0.015260917
52014,0.010100255
52114,0.022549726
52514,0.020781647
52614,0.009469789
52714,0.07231909
53214,0.008751072
53314,0.03403047
53414,0.007734224
53614,0.011561401
53914,0.023710942
54114,0.053386
54214,0.031734772
54314,0.015093818
54414,0.019544525
54614,0.091597766
55014,0.01995199
55214,0.014598569
55414,0.008012096
55514,0.012229338
55614,0.011457561
56214,0.014518689
56514,0.004541255
56714,0.014987123
56814,0.010257259
57014,0.021495791
57114,0.01734108
57214,0.0054387297
57314,0.008587147
57514,0.025831029
57914,0.10190018
58014,0.006359429
58214,0.032416604
58314,0.0061254255
58514,0.005347483
58914,0.016428439
59114,0.1133531
59214,0.01852437
59514,0.045840234
59614,0.08080095
59814,0.026664115
59914,0.01279031
60414,0.06283709
60514,0.04597336
60814,0.017118782
61114,0.017466737
61314,0.11063501
61414,0.025001815
61714,0.10036902
62114,0.019700443
62414,0.03108018
62714,0.0071069133
62814,0.026477542
63514,0.10651064
63614,0.023740238
63714,0.010856239
63814,0.00900635
63914,0.012012713
64314,0.019741857
64414,0.017747018
15,0.37129614
115,0.1155202
415,0.004680264
615,0.005021015
715,0.029259477
1015,0.20493509
1215,0.012036373
1715,0.44961354
2215,0.036493152
2715,0.000623463
2815,0.03614563
2915,0.017909152
3015,0.009864115
3115,0.036420837
3215,0.004730317
3315,0.0077522276
3415,0.0146907475
3715,0.15285026
4015,0.0042220065
4115,0.0011166789
4215,0.012774474
4415,0.031173201
4715,0.005247967
4815,0.007839833
4915,0.010720089
5115,0.0036663502
5215,0.02310891
5715,0.0028541703
5915,0.0069535966
6215,0.023304397
6315,0.033628218
6515,0.0067508477
6615,0.032618903
6815,0.0074630156
6915,0.007027388
7015,0.0064169
7215,0.0071910024
7415,0.15086101
7515,0.0025800606
7715,0.02006335
7915,0.02060528
8115,0.019377436
8215,0.27044687
8315,0.069705985
8415,0.036108896
8515,0.078073226
8615,0.08166065
8715,0.2535508
8915,0.058663182
9015,0.29382065
9215,0.09356535
9515,0.046596278
9815,0.03989106
9915,0.028094232
10115,0.017049694
10415,0.07387675
10515,0.055658806
10615,0.011494367
10715,0.0041622827
10915,0.015161866
11215,0.018569397
11315,0.0044383504
11715,0.0070693623
11915,0.072316766
12115,0.013425355
12415,0.0045842165
12715,0.01968912
12915,0.011328082
13015,0.0034068888
13415,0.06584079
13515,0.02078337
13615,0.017123107
13715,0.033027284
13915,0.00909046
14315,0.023699356
14415,0.014272812
15415,0.029685628
15615,0.007716329
15715,0.00431662
15815,0.026686998
15915,0.037940614
16115,0.059834484
16215,0.03934892
16315,0.37536892
16415,0.22550344
16515,0.0021246234
16615,0.022011688
17015,0.1091198
17115,0.091847196
17215,0.12611736
17315,0.11484485
17415,0.01944925
17615,0.032985374
17715,0.07970793
17915,0.28139514
18015,0.46476686
18115,0.0034893183
18215,0.00072791753
18415,0.0065765567
18515,0.047609545
18715,0.00078097265
18815,0.07038098
19115,0.12560831
19515,0.0887632
19615,0.009585607
19715,0.12404462
19815,0.014931157
20715,0.006170455
20815,0.003391508
20915,0.004946564
21115,0.0224249
21215,0.0073460327
21415,0.009034582
21815,0.014674963
22015,0.013572247
22315,0.007744673
22415,0.008941786
22515,0.025638083
22615,0.004944959
22915,0.0067042424
23015,0.0033373977
23215,0.14615597
23315,0.013728921
23615,0.095229484
23715,0.05044906
23815,0.017181527
23915,0.03539988
24115,0.1050701
24215,0.036163907
24415,0.034610312
24515,0.094777815
24615,0.061787296
24715,0.16578716
25315,0.015655398
25415,0.014990482
25815,0.06863778
26015,0.021442415
26115,0.050765373
26215,0.024046551
26315,0.030900873
26415,0.00070452597
26615,0.037742186
26715,0.01240617
26815,0.0026920917
26915,0.010632233
27015,0.20719057
27315,0.036050964
27415,0.008391585
27515,0.005377832
27915,0.0052205757
28015,0.004270719
28115,0.0027774451
28315,0.025538094
28415,0.0051492467
29015,0.016629051
29115,0.01941029
29315,0.10008695
29615,0.01259747
29715,0.012467259
29815,0.011676341
29915,0.03978523
30015,0.01805648
30115,0.025047693
30315,0.011578477
30415,0.012532878
30715,0.012389188
30815,0.01796769
31115,0.01292066
31215,0.01162315
31615,0.03580871
31715,0.015018519
31815,0.025953338
31915,0.0035989522
32015,0.007781685
32115,0.34371442
32815,0.021099813
33015,0.02526709
33115,0.042202875
33515,0.027626794
33715,0.2147581
33815,0.2667942
33915,0.0005303481
34015,0.01851136
34215,0.0043640565
34315,0.06245619
34415,0.0072827954
34515,0.0052518747
34615,0.012409325
34815,0.0026508751
35015,0.010038626
35215,0.009576939
35315,0.019491272
35515,0.037243817
35615,0.052770797
35715,0.105024636
35915,0.017311648
36015,0.0153648425
36115,0.027844986
36615,0.010604215
37215,0.0067232717
37415,0.0037083488
37515,0.012908814
37615,0.017342778
37715,0.0124086635
38115,0.0033696527
38215,0.02295397
38315,0.051376604
38415,0.004276546
38615,0.016786804
38815,0.007304298
39115,0.07216909
39215,0.0041938224
39315,0.006232091
39415,0.0074572978
39615,0.21463557
39715,0.042818364
39915,0.022724753
40015,0.048721775
40215,0.123414084
40515,0.014732105
40615,0.08791996
41815,0.029954161
42015,0.04032753
42715,0.0140582025
42915,0.012005223
43615,0.008199486
44215,0.010085146
44515,0.011331675
44715,0.005021998
44915,0.012608479
45215,0.004096023
45315,0.010001098
45515,0.05299691
45615,0.024352612
46115,0.0067763315
46315,0.018114403
46515,0.024784893
46915,0.033123698
47015,0.019883512
47115,0.008374602
47215,0.07389217
47315,0.011777233
47615,0.009765778
47715,0.036236066
47815,0.009565785
47915,0.05347834
48215,0.020536194
48615,0.025604514
48715,0.0058035455
49115,0.01557254
49215,0.0020066532
49615,0.067329936
49715,0.0031812098
49915,0.04907336
50115,0.3785354
50315,0.0035765048
50415,0.0008036304
50615,0.007327777
50815,0.0025954132
50915,0.012378231
51015,0.02159627
51215,0.0030380131
51615,0.0066829002
51815,0.02339614
52015,0.008697508
52115,0.0031926443
52515,0.02075982
52615,0.010038179
52715,0.034280628
53215,0.17617683
53315,0.015661102
53415,0.0047288192
53615,0.017914766
53915,0.014434806
54115,0.012206478
54215,0.017403979
54315,0.0043086167
54415,0.024537165
54615,0.016984923
55015,0.011449624
55215,0.0042817425
55415,0.0041826325
55515,0.025756672
55615,0.19850643
56215,0.037722472
56515,0.05732115
56715,0.16565137
56815,0.044260073
57015,0.043016065
57115,0.06908885
57215,0.04477418
57315,0.013129393
57515,0.039028954
57915,0.029347444
58015,0.055606987
58215,0.028568486
58315,0.21152407
58515,0.06783435
58915,0.0011363158
59115,0.026766356
59215,0.01178748
59515,0.023600198
59615,0.006594609
59815,0.006877392
59915,0.008437983
60415,0.0044025686
60515,0.0031041773
60815,0.010398639
61115,0.0015907333
61315,0.012756816
61415,0.008935876
61715,0.007692615
62115,0.0010636547
62415,0.019043714
62715,0.008585992
62815,0.020837635
63515,0.028922973
63615,0.02581323
63715,0.013617293
63815,0.016732687
63915,0.029127758
64315,0.012229259
64415,0.0036786117
16,0.00070953753
116,0.001145016
416,0.0023483199
616,0.0067258608
716,0.00790575
1016,0.001246698
1216,0.00063454977
1716,0.00048010645
2216,0.0011781285
2716,0.0004072946
2816,0.00082476094
2916,0.003493429
3016,0.007588185
3116,0.008870374
3216,0.0030834333
3316,0.0011256696
3416,0.0007802666
3716,0.0025056782
4016,0.0027177038
4116,0.00021358662
4216,0.0026412597
4416,0.0027193169
4716,0.0048285252
4816,0.0048732255
4916,0.00438436
5116,0.0008773527
5216,0.020177752
5716,0.0019903232
5916,0.0017230244
6216,0.006295295
6316,0.0053185113
6516,0.0037403463
6616,0.009582962
6816,0.012983525
6916,0.0018776185
7016,0.0016266962
7216,0.0021112112
7416,0.0021753402
7516,0.0027898944
7716,0.0007573132
7916,0.002617652
8116,0.0049516303
8216,0.004049722
8316,0.004136292
8416,0.0014475437
8516,0.00078969327
8616,0.002182
8716,0.0012530168
8916,0.00076847867
9016,0.0016549875
9216,0.004050112
9516,0.008410481
9816,0.0025022775
9916,0.004275604
10116,0.0011362722
10416,0.005205431
10516,0.003957017
10616,0.0065696114
10716,0.0028202762
10916,0.015075085
11216,0.004952742
11316,0.0010677289
11716,0.0042348495
11916,0.0053794533
12116,0.001432831
12416,0.0032028866
12716,0.020953149
12916,0.008391472
13016,0.0026040922
13416,0.0069906567
13516,0.005523292
13616,0.002662781
13716,0.004306734
13916,0.0043318686
14316,0.014998291
14416,0.019412236
15416,0.015149375
15616,0.0034091964
15716,0.0019150712
15816,0.0007972263
15916,0.0008092463
16116,0.0029438105
16216,0.016097333
16316,0.000609505
16416,0.00059026247
16516,0.00057304
16616,0.00032060346
17016,0.005983694
17116,0.0011097979
17216,0.0020405282
17316,0.0005851113
17416,0.0008692592
17616,0.0034573136
17716,0.015067605
17916,0.0013000334
18016,0.00036219298
18116,0.00090405357
18216,0.00039000242
18416,0.0017941478
18516,0.00094209204
18716,0.00037007083
18816,0.0015845218
19116,0.0068851016
19516,0.0005649999
19616,0.0013894371
19716,0.0019794784
19816,0.0018447564
20716,0.0034141068
20816,0.0031526585
20916,0.002775999
21116,0.0081652505
21216,0.004003527
21416,0.0123558715
21816,0.023669807
22016,0.004790771
22316,0.012441565
22416,0.00851121
22516,0.0064894017
22616,0.004074531
22916,0.0023257616
23016,0.0007414272
23216,0.003101626
23316,0.004725407
23616,0.0063679297
23716,0.0040945676
23816,0.0027844722
23916,0.0017872691
24116,0.0037970073
24216,0.006439111
24416,0.0020686253
24516,0.003237295
24616,0.0012817287
24716,0.0046152943
25316,0.0024533495
25416,0.01010077
25816,0.002498594
26016,0.016474836
26116,0.0032429644
26216,0.0042145215
26316,0.0029917986
26416,0.0005156878
26616,0.005678063
26716,0.013764223
26816,0.0016330216
26916,0.0021128291
27016,0.0025929695
27316,0.0038429932
27416,0.004256184
27516,0.002741682
27916,0.00044439262
28016,0.0007448788
28116,0.0032541142
28316,0.012873807
28416,0.0072456086
29016,0.0055471025
29116,0.0064290212
29316,0.0077981413
29616,0.006338675
29716,0.02893619
29816,0.007990197
29916,0.008811797
30016,0.017808357
30116,0.0077996952
30316,0.003769459
30416,0.0067258826
30716,0.0042946073
30816,0.002102259
31116,0.0024301996
31216,0.004332402
31616,0.0009288455
31716,0.013227167
31816,0.010213961
31916,0.0047354256
32016,0.01008359
32116,0.0005190771
32816,0.005399724
33016,0.0005852246
33116,0.0016592343
33516,0.0039467243
33716,0.000699463
33816,0.0010110484
33916,0.00028695416
34016,0.0039889044
34216,0.0005870067
34316,0.0013466867
34416,0.0011685651
34516,0.0015054416
34616,0.0018361756
34816,0.00025716217
35016,0.005510271
35216,0.00338382
35316,0.048627514
35516,0.001186432
35616,0.00088519126
35716,0.0042691804
35916,0.002451321
36016,0.010718178
36116,0.0029156145
36616,0.010387118
37216,0.001103757
37416,0.0025970743
37516,0.00723831
37616,0.009239603
37716,0.006946548
38116,0.003120866
38216,0.0103527475
38316,0.005959447
38416,0.009020897
38616,0.0068825493
38816,0.016787209
39116,0.00416631
39216,0.0011635217
39316,0.0018274046
39416,0.002278985
39616,0.003903948
39716,0.014566229
39916,0.00079546956
40016,0.0030858952
40216,0.0012711618
40516,0.0027573367
40616,0.000712972
41816,0.032338448
42016,0.0024925012
42716,0.030485373
42916,0.008043497
43616,0.0025900893
44216,0.0022330817
44516,0.0005008999
44716,0.005430326
44916,0.012363283
45216,0.0029212215
45316,0.0049916855
45516,0.0016684326
45616,0.008338315
46116,0.014107566
46316,0.0100605665
46516,0.009026806
46916,0.0007270253
47016,0.0006969748
47116,0.0012338666
47216,0.0043729236
47316,0.007360764
47616,0.005892842
47716,0.0049348334
47816,0.004497501
47916,0.0006637563
48216,0.0030774383
48616,0.0008701013
48716,0.0008720703
49116,0.0022924382
49216,0.0033934105
49616,0.0013496075
49716,0.0022331157
49916,0.0009981263
50116,0.00091934676
50316,0.0014203741
50416,0.00034559923
50616,0.0021457486
50816,0.0011467249
50916,0.002344297
51016,0.004352469
51216,0.00078692334
51616,0.0033500043
51816,0.0011273575
52016,0.00040462887
52116,0.0021639855
52516,0.0015844012
52616,0.0049173147
52716,0.062386826
53216,0.010253939
53316,0.0065877778
53416,0.0020058658
53616,0.010700855
53916,0.015833799
54116,0.003804581
54216,0.011025807
54316,0.0019149599
54416,0.007916308
54616,0.007588221
55016,0.008601514
55216,0.0026578796
55416,0.00094957533
55516,0.001309103
55616,0.0021847659
56216,0.0047535254
56516,0.005787017
56716,0.0025882148
56816,0.0009894426
57016,0.0029631103
57116,0.0013000761
57216,0.0010549569
57316,0.0010122673
57516,0.0018053349
57916,0.020238625
58016,0.0017696099
58216,0.0016443394
58316,0.0017036399
58516,0.001815662
58916,0.0013035295
59116,0.030591477
59216,0.0020633293
59516,0.0049347254
59616,0.005590416
59816,0.00443023
59916,0.00378484
60416,0.0007690388
60516,0.00043923347
60816,0.006359383
61116,0.0018699436
61316,0.0026555206
61416,0.0059820646
61716,0.008900266
62116,0.0011501182
62416,0.013858102
62716,0.0050934516
62816,0.0080597885
63516,0.011897045
63616,0.011206195
63716,0.0061046663
63816,0.006631586
63916,0.0008007995
64316,0.0034895868
64416,0.0037364936
17,0.0032721988
117,0.01247202
417,0.006791098
617,0.0026653898
717,0.0061911205
1017,0.008986099
1217,0.006887479
1717,0.0026870216
2217,0.002019786
2717,0.0016235289
2817,0.0020080789
2917,0.0036472073
3017,0.008371272
3117,0.03098721
3217,0.0085129915
3317,0.019446146
3417,0.0012501809
3717,0.009308614
4017,0.0028956388
4117,9.7796314e-05
4217,0.0037193883
4417,0.006592186
4717,0.0019055281
4817,0.029768962
4917,0.0012939802
5117,0.10538337
5217,0.003069878
5717,0.0034730146
5917,0.0018023154
6217,0.005049714
6317,0.004567507
6517,0.0013523402
6617,0.001820319
6817,0.004368289
6917,0.007713734
7017,0.009497113
7217,0.01999305
7417,0.005123356
7517,0.002136071
7717,0.002064523
7917,0.009129695
8117,0.0027920739
8217,0.012197336
8317,0.011270387
8417,0.0047472953
8517,0.0016367343
8617,0.015140674
8717,0.0019569315
8917,0.0011572683
9017,0.0030398348
9217,0.0228507
9517,0.024316791
9817,0.0014833105
9917,0.0016051991
10117,0.0019054185
10417,0.0012925902
10517,0.004039386
10617,0.0031143764
10717,0.0018146394
10917,0.0070421062
11217,0.0077676885
11317,0.005022403
11717,0.009452891
11917,0.001978031
12117,0.0028967166
12417,0.003435157
12717,0.0050062994
12917,0.006008061
13017,0.0025710268
13417,0.010452363
13517,0.15477139
13617,0.003817333
13717,0.006856327
13917,0.0059479726
14317,0.014907376
14417,0.0030564817
15417,0.008930906
15617,0.003617202
15717,0.0015614673
15817,0.0018600711
15917,0.002005859
16117,0.02539231
16217,0.0063011316
16317,0.009962645
16417,0.0053927894
16517,0.007442019
16617,0.0030543918
17017,0.010595531
17117,0.0062494874
17217,0.016307585
17317,0.005078113
17417,0.0049739038
17617,0.007980276
17717,0.005541555
17917,0.002823182
18017,0.0006263809
18117,0.0023432544
18217,0.0012497943
18417,0.00342032
18517,0.0012751301
18717,0.001979804
18817,0.0030272377
19117,0.0701706
19517,0.0013710056
19617,0.0036553328
19717,0.0025564663
19817,0.01945298
20717,0.0030146355
20817,0.0028084365
20917,0.0070160497
21117,0.008684092
21217,0.008478235
21417,0.0023975256
21817,0.0076229847
22017,0.0048808265
22317,0.003767253
22417,0.0046017356
22517,0.0026504635
22617,0.0034311628
22917,0.008644935
23017,0.0029300642
23217,0.14139758
23317,0.014539302
23617,0.010943769
23717,0.005767755
23817,0.004471063
23917,0.0043987473
24117,0.008595382
24217,0.0073439684
24417,0.007630807
24517,0.014401558
24617,0.0059040515
24717,0.0022430585
25317,0.0065840743
25417,0.0072139497
25817,0.00089911313
26017,0.020171743
26117,0.004842303
26217,0.01391932
26317,0.0032792725
26417,0.00050441496
26617,0.0020668502
26717,0.02698626
26817,0.003468834
26917,0.004902857
27017,0.0022248393
27317,0.0018320463
27417,0.037429143
27517,0.012258066
27917,0.0008568735
28017,0.0021038854
28117,0.0042045233
28317,0.008224581
28417,0.008703526
29017,0.0036147581
29117,0.0033189121
29317,0.00339135
29617,0.0061418507
29717,0.014697035
29817,0.0047230884
29917,0.009836307
30017,0.011068269
30117,0.0026822533
30317,0.0027403452
30417,0.0020170843
30717,0.005135981
30817,0.008870944
31117,0.0018053993
31217,0.0066102864
31617,0.002514254
31717,0.0032290157
31817,0.0059916764
31917,0.021859905
32017,0.007896978
32117,0.004163576
32817,0.001699473
33017,0.0044340463
33117,0.00838963
33517,0.016054194
33717,0.0017619077
33817,0.0038964914
33917,0.00089906657
34017,0.00990692
34217,0.0009475868
34317,0.002087039
34417,0.005509041
34517,0.0029577047
34617,0.0018008652
34817,0.00067864143
35017,0.0058223107
35217,0.030052258
35317,0.0050560753
35517,0.0014629696
35617,0.0017416243
35717,0.004479777
35917,0.017276624
36017,0.0049159667
36117,0.0020024197
36617,0.003702668
37217,0.37702432
37417,0.0026277779
37517,0.004783895
37617,0.008040466
37717,0.004366177
38117,0.002000404
38217,0.002239161
38317,0.0021034386
38417,0.0038991761
38617,0.011213198
38817,0.007455871
39117,0.010385924
39217,0.0042254897
39317,0.002496743
39417,0.015993115
39617,0.011421996
39717,0.064307794
39917,0.0013068998
40017,0.008961103
40217,0.0029525182
40517,0.0070441957
40617,0.0019125055
41817,0.009490754
42017,0.0045041884
42717,0.017969409
42917,0.005979693
43617,0.004526513
44217,0.003932633
44517,0.00093592383
44717,0.014438682
44917,0.0041241255
45217,0.0029111123
45317,0.0034809618
45517,0.0031911589
45617,0.0018446018
46117,0.007986704
46317,0.010111767
46517,0.010455118
46917,0.0016443321
47017,0.004699244
47117,0.00081857527
47217,0.011985263
47317,0.0038271113
47617,0.011594621
47717,0.0032586833
47817,0.0064160908
47917,0.0017143985
48217,0.008432772
48617,0.008136913
48717,0.0039147995
49117,0.0019207845
49217,0.006128804
49617,0.009695005
49717,0.007978386
49917,0.0014480825
50117,0.003601481
50317,0.003996424
50417,0.0016410961
50617,0.0042327857
50817,0.0073771034
50917,0.0028813137
51017,0.0029238183
51217,0.0015541273
51617,0.04292229
51817,0.0017647583
52017,0.0008465228
52117,0.024351282
52517,0.0023917574
52617,0.009522542
52717,0.0037568405
53217,0.016092546
53317,0.009521181
53417,0.0024226564
53617,0.04921661
53917,0.0016644633
54117,0.004240829
54217,0.0027205027
54317,0.0011828527
54417,0.0036330586
54617,0.010187599
55017,0.02520004
55217,0.0073901415
55417,0.0033151023
55517,0.0035312087
55617,0.042209566
56217,0.006487527
56517,0.0035440228
56717,0.0038986194
56817,0.0065539796
57017,0.00211046
57117,0.0034043111
57217,0.0021403888
57317,0.0050424174
57517,0.0022492185
57917,0.03812356
58017,0.0019135614
58217,0.0034023188
58317,0.0076131965
58517,0.0026109815
58917,0.00094157003
59117,0.009971794
59217,0.0034121727
59517,0.0064562378
59617,0.005547387
59817,0.06668765
59917,0.029080989
60417,0.0009538213
60517,0.0006527586
60817,0.0029564388
61117,0.00156627
61317,0.004150919
61417,0.018839052
61717,0.0059097004
62117,0.0019587069
62417,0.014276321
62717,0.002655995
62817,0.004164869
63517,0.007707164
63617,0.009298609
63717,0.020311028
63817,0.002105895
63917,0.0015348474
64317,0.0082992185
64417,0.006630721
18,0.0059972117
118,0.007590646
418,0.025638383
618,0.034818657
718,0.029886417
1018,0.0044019744
1218,0.004068769
1718,0.004497096
2218,0.006504926
2718,0.0027136975
2818,0.019213226
2918,0.020541407
3018,0.057789177
3118,0.027137954
3218,0.4026884
3318,0.1829362
3418,0.006426107
3718,0.01193293
4018,0.36557418
4118,0.29054433
4218,0.011265224
4418,0.011396325
4718,0.39979714
4818,0.07532311
4918,0.031917024
5118,0.040253557
5218,0.01003469
5718,0.063065425
5918,0.12088799
6218,0.04063059
6318,0.027215526
6518,0.028088074
6618,0.030911392
6818,0.038476825
6918,0.017437957
7018,0.0063687796
7218,0.014644138
7418,0.01622327
7518,0.024390478
7718,0.004539303
7918,0.006969508
8118,0.14878792
8218,0.012610654
8318,0.009119438
8418,0.00533033
8518,0.004064822
8618,0.0060662325
8718,0.011918863
8918,0.0025525957
9018,0.0039330246
9218,0.013002483
9518,0.021657966
9818,0.0362529
9918,0.009818958
10118,0.0046223467
10418,0.013687105
10518,0.015251008
10618,0.010390903
10718,0.011128769
10918,0.021218523
11218,0.020474942
11318,0.01200753
11718,0.026888983
11918,0.04196523
12118,0.013176333
12418,0.061202623
12718,0.016032675
12918,0.05838326
13018,0.013661602
13418,0.044643737
13518,0.031875636
13618,0.026720038
13718,0.031989235
13918,0.014246347
14318,0.06927014
14418,0.025180802
15418,0.02422671
15618,0.01664787
15718,0.030755915
15818,0.0041502393
15918,0.005974943
16118,0.017846143
16218,0.02413064
16318,0.0033411514
16418,0.004224249
16518,0.0035002017
16618,0.0029788308
17018,0.024302997
17118,0.0032600532
17218,0.0066190073
17318,0.002981725
17418,0.006643979
17618,0.04800571
17718,0.042131532
17918,0.01031888
18018,0.005210001
18118,0.010515733
18218,0.0031114216
18418,0.0053034606
18518,0.007513055
18718,0.0033777584
18818,0.0051986366
19118,0.05685885
19518,0.007271817
19618,0.013197896
19718,0.009886071
19818,0.004634494
20718,0.038337238
20818,0.019012697
20918,0.009786419
21118,0.021474894
21218,0.046985142
21418,0.013350414
21818,0.02140026
22018,0.00979953
22318,0.013782535
22418,0.040756445
22518,0.011454333
22618,0.06613254
22918,0.016507061
23018,0.010171254
23218,0.0078950655
23318,0.027919993
23618,0.007782133
23718,0.016000474
23818,0.016205505
23918,0.0062246327
24118,0.012353334
24218,0.02829916
24418,0.03390705
24518,0.009688481
24618,0.008482335
24718,0.012168901
25318,0.029677747
25418,0.02077965
25818,0.008538021
26018,0.08440367
26118,0.0075905966
26218,0.0077850623
26318,0.026104938
26418,0.006313912
26618,0.013425002
26718,0.018849418
26818,0.02052894
26918,0.008079884
27018,0.012523589
27318,0.008637826
27418,0.030823369
27518,0.022696177
27918,0.00456512
28018,0.007287543
28118,0.019111693
28318,0.014879902
28418,0.05043041
29018,0.016500486
29118,0.0131170545
29318,0.020956272
29618,0.013336111
29718,0.026258266
29818,0.02169354
29918,0.021789916
30018,0.022066442
30118,0.045857105
30318,0.042059276
30418,0.019098803
30718,0.008800161
30818,0.0064869444
31118,0.0045788474
31218,0.052965585
31618,0.0047820415
31718,0.044947978
31818,0.011053368
31918,0.05312825
32018,0.02349135
32118,0.004329322
32818,0.021688445
33018,0.0045739296
33118,0.009232903
33518,0.023246562
33718,0.0043626125
33818,0.009461048
33918,0.002166299
34018,0.009154963
34218,0.007205733
34318,0.0088995285
34418,0.0040616663
34518,0.014131169
34618,0.004137408
34818,0.004358687
35018,0.033826053
35218,0.14350314
35318,0.025543442
35518,0.0077465815
35618,0.007894271
35718,0.021151839
35918,0.07232804
36018,0.101641476
36118,0.02804103
36618,0.04432605
37218,0.008705322
37418,0.019783128
37518,0.022470959
37618,0.027483843
37718,0.030202484
38118,0.032276265
38218,0.028487394
38318,0.025180405
38418,0.031017136
38618,0.08448051
38818,0.045188095
39118,0.015255819
39218,0.011120969
39318,0.024058294
39418,0.015322504
39618,0.011454865
39718,0.03214354
39918,0.0059473123
40018,0.008919834
40218,0.013769858
40518,0.015675742
40618,0.004100275
41818,0.008014774
42018,0.020722628
42718,0.041726675
42918,0.044575565
43618,0.039461806
44218,0.020901592
44518,0.002726113
44718,0.010309968
44918,0.017301103
45218,0.009008188
45318,0.013012554
45518,0.008632035
45618,0.015585659
46118,0.06168411
46318,0.030053625
46518,0.013989208
46918,0.002430017
47018,0.0047657117
47118,0.001811046
47218,0.025859931
47318,0.0167813
47618,0.11681485
47718,0.027895508
47818,0.0520602
47918,0.006227533
48218,0.034232937
48618,0.0053241183
48718,0.014093578
49118,0.09912161
49218,0.028313592
49618,0.00942007
49718,0.0089587625
49918,0.0050457823
50118,0.007310812
50318,0.0049513467
50418,0.0039115967
50618,0.015949806
50818,0.0035799628
50918,0.010118974
51018,0.017347783
51218,0.0058282893
51618,0.016282704
51818,0.008746303
52018,0.015333051
52118,0.011726235
52518,0.004980479
52618,0.03283383
52718,0.073359616
53218,0.018725608
53318,0.03696615
53418,0.26097918
53618,0.037782207
53918,0.14665335
54118,0.029386278
54218,0.015071594
54318,0.03547203
54418,0.046943173
54618,0.019612093
55018,0.0694097
55218,0.004928065
55418,0.018009758
55518,0.009453552
55618,0.008355446
56218,0.030578975
56518,0.009006387
56718,0.0067675835
56818,0.01066401
57018,0.032077145
57118,0.004310193
57218,0.008948172
57318,0.005910743
57518,0.007751742
57918,0.02285695
58018,0.011399847
58218,0.00504775
58318,0.013427762
58518,0.012872262
58918,0.005651675
59118,0.010419286
59218,0.010844426
59518,0.015708132
59618,0.015519514
59818,0.032271147
59918,0.025677396
60418,0.0016866633
60518,0.0061202804
60818,0.029029442
61118,0.008652697
61318,0.012368303
61418,0.037817538
61718,0.031017797
62118,0.02201362
62418,0.017080396
62718,0.024348607
62818,0.029792823
63518,0.037795898
63618,0.013793934
63718,0.01563617
63818,0.016342873
63918,0.006565738
64318,0.027288899
64418,0.039864462
