Id,Probability
0,0.016395377
100,0.017096972
400,0.015087319
600,0.054566182
700,0.02582936
1000,0.015866963
1200,0.017560711
1700,0.017201027
2200,0.044548318
2700,0.014050542
2800,0.09914178
2900,0.04035676
3000,0.032263193
3100,0.023481073
3200,0.046139542
3300,0.05228584
3400,0.05360961
3700,0.016194606
4000,0.026788523
4100,0.0060990457
4200,0.013910318
4400,0.054514904
4700,0.028660396
4800,0.022315584
4900,0.042607773
5100,0.011390984
5200,0.03742259
5700,0.035842247
5900,0.04962799
6200,0.021848917
6300,0.026388003
6500,0.03654092
6600,0.033631932
6800,0.04922837
6900,0.037266724
7000,0.029396052
7200,0.009938707
7400,0.051994182
7500,0.022545265
7700,0.040093802
7900,0.022920495
8100,0.029526468
8200,0.016664969
8300,0.034390125
8400,0.05158335
8500,0.022091161
8600,0.026588514
8700,0.023473449
8900,0.039098293
9000,0.05056477
9200,0.018293487
9500,0.11712892
9800,0.03416959
9900,0.059580248
10100,0.078136034
10400,0.028260319
10500,0.02316355
10600,0.017079465
10700,0.010872193
10900,0.039542284
11200,0.04593175
11300,0.0524676
11700,0.012230722
11900,0.023251617
12100,0.104385406
12400,0.07039626
12700,0.0331428
12900,0.08949602
13000,0.104567826
13400,0.03596674
13500,0.02944442
13600,0.028402213
13700,0.018878395
13900,0.018394848
14300,0.019327171
14400,0.13668412
15400,0.08028507
15600,0.02929891
15700,0.11767512
15800,0.037511867
15900,0.015675489
16100,0.05906403
16200,0.031755548
16300,0.020202015
16400,0.013366895
16500,0.010476161
16600,0.055203263
17000,0.022927413
17100,0.017030008
17200,0.014985554
17300,0.03651021
17400,0.026460687
17600,0.09395943
17700,0.02721927
17900,0.01432863
18000,0.012264409
18100,0.007400502
18200,0.015571913
18400,0.017983515
18500,0.044929095
18700,0.0037919134
18800,0.06829122
19100,0.0432894
19500,0.027123895
19600,0.0253853
19700,0.03941815
19800,0.005982516
20700,0.022328237
20800,0.1269908
20900,0.0574893
21100,0.023529936
21200,0.04196495
21400,0.10501201
21800,0.029356487
22000,0.027293617
22300,0.0039482564
22400,0.03459395
22500,0.01717076
22600,0.04746031
22900,0.022481946
23000,0.008253965
23200,0.016784655
23300,0.004581903
23600,0.022914156
23700,0.045178737
23800,0.037819292
23900,0.03713785
24100,0.02144605
24200,0.043425374
24400,0.032662835
24500,0.03660376
24600,0.0031610464
24700,0.03003419
25300,0.06555929
25400,0.08645681
25800,0.1100953
26000,0.111646324
26100,0.034115274
26200,0.021098971
26300,0.021740504
26400,0.11061166
26600,0.03218831
26700,0.057791844
26800,0.010896625
26900,0.036863584
27000,0.031375494
27300,0.10863636
27400,0.039421245
27500,0.008330744
27900,0.029504454
28000,0.021578105
28100,0.11827693
28300,0.030376052
28400,0.02574898
29000,0.10772786
29100,0.036865573
29300,0.029951552
29600,0.012973589
29700,0.09478179
29800,0.04658447
29900,0.01906517
30000,0.031149898
30100,0.12068552
30300,0.012196939
30400,0.0170221
30700,0.104930006
30800,0.039679065
31100,0.12442439
31200,0.047856223
31600,0.032186966
31700,0.15541431
31800,0.111195445
31900,0.020212652
32000,0.043348417
32100,0.022508401
32800,0.0236635
33000,0.01865177
33100,0.01776955
33500,0.030548548
33700,0.021214612
33800,0.012416327
33900,0.0027025002
34000,0.01193076
34200,0.02705255
34300,0.02887868
34400,0.00799452
34500,0.039009903
34600,0.05574196
34800,0.008892256
35000,0.019477932
35200,0.02054375
35300,0.07723445
35500,0.03163389
35600,0.05917636
35700,0.04039478
35900,0.07984688
36000,0.09626408
36100,0.043566342
36600,0.038952623
37200,0.0060521616
37400,0.03270846
37500,0.025545651
37600,0.11043217
37700,0.040736426
38100,0.019980717
38200,0.026713423
38300,0.023278851
38400,0.0505685
38600,0.027149074
38800,0.035981603
39100,0.020775734
39200,0.035192546
39300,0.01840956
39400,0.07274115
39600,0.028751658
39700,2.9188384e-05
39900,0.040925384
40000,0.05750101
40200,0.021328991
40500,0.022460738
40600,0.030339792
41800,0.1265072
42000,0.069903605
42700,0.028249979
42900,0.020778969
43600,0.106923975
44200,0.061141733
44500,0.047013126
44700,0.036331724
44900,0.022084573
45200,0.009637129
45300,0.028217008
45500,0.054883294
45600,0.023747845
46100,0.08534581
46300,0.025301328
46500,0.08434925
46900,0.03387552
47000,0.016931208
47100,0.077417865
47200,0.08079821
47300,0.02656196
47600,0.061820544
47700,0.020621581
47800,0.02363247
47900,0.03790507
48200,0.06275534
48600,0.07405746
48700,0.010144679
49100,0.07491329
49200,0.04033277
49600,0.056738455
49700,0.02867215
49900,0.041698713
50100,0.012776388
50300,0.03874238
50400,0.0016688298
50600,0.035790738
50800,0.02413013
50900,0.03324268
51000,0.0406365
51200,0.02239035
51600,0.014809633
51800,0.0324704
52000,0.050435297
52100,0.025499906
52500,0.043124486
52600,0.113699146
52700,0.013105269
53200,0.034242548
53300,0.053105213
53400,0.026923034
53600,0.014691052
53900,0.09005318
54100,0.08409856
54200,0.057328463
54300,0.052071
54400,0.04216995
54600,0.0036217298
55000,0.028563444
55200,0.03915475
55400,0.0134643465
55500,0.016731057
55600,0.021116043
56200,0.03234967
56500,0.02949222
56700,0.01870621
56800,0.08242917
57000,0.02990981
57100,0.03067767
57200,0.036740415
57300,0.03521915
57500,0.030279234
57900,0.07399768
58000,0.05677527
58200,0.083766066
58300,0.016860936
58500,0.06346045
58900,0.0041695195
59100,0.11905821
59200,0.095395915
59500,0.042519387
59600,0.115983136
59800,0.046205625
59900,0.059827685
60400,0.009362753
60500,0.070028454
60800,0.02260449
61100,0.0071491203
61300,0.10314268
61400,0.13743605
61700,0.02753584
62100,0.096848115
62400,0.038289905
62700,0.01604533
62800,0.021590235
63500,0.14430936
63600,0.020011237
63700,0.020108333
63800,0.019392824
63900,0.032897368
64300,0.023824625
64400,0.030229222
1,0.0048566544
101,0.008600734
401,0.7215095
601,0.008529501
701,0.0045927903
1001,0.007785274
1201,0.49761397
1701,0.0074559352
2201,0.04244354
2701,0.61906683
2801,0.02644109
2901,0.0082498705
3001,0.024085559
3101,0.04460124
3201,0.013248934
3301,0.013977401
3401,0.03608971
3701,0.37938163
4001,0.0073782755
4101,0.92193496
4201,0.02509684
4401,0.03168405
4701,0.01695093
4801,0.0045676264
4901,0.018935239
5101,0.042751614
5201,0.0060730535
5701,0.007053499
5901,0.0057996577
6201,0.016834587
6301,0.005872942
6501,0.006529951
6601,0.0076928325
6801,0.008715513
6901,0.3636362
7001,0.066859394
7201,0.19166742
7401,0.021508673
7501,0.033473954
7701,0.016882747
7901,0.29846007
8101,0.01032473
8201,0.023570787
8301,0.008846868
8401,0.0055800676
8501,0.00580295
8601,0.00743429
8701,0.011498901
8901,0.01256842
9001,0.020221554
9201,0.011980429
9501,0.05843023
9801,0.010723961
9901,0.014748702
10101,0.06823659
10401,0.006945447
10501,0.005699579
10601,0.6081401
10701,0.514339
10901,0.009605227
11201,0.010098738
11301,0.14727011
11701,0.423071
11901,0.003302558
12101,0.022669889
12401,0.008802994
12701,0.0072965175
12901,0.026357181
13001,0.034468208
13401,0.0050725723
13501,0.008441209
13601,0.008804488
13701,0.0086377375
13901,0.10447906
14301,0.007067623
14401,0.09414143
15401,0.059298266
15601,0.006514564
15701,0.020295462
15801,0.016328083
15901,0.04800119
16101,0.0124938795
16201,0.0058102836
16301,0.008627173
16401,0.0069132484
16501,0.8528483
16601,0.04043509
17001,0.007113303
17101,0.010404722
17201,0.0060574654
17301,0.06523349
17401,0.015710607
17601,0.037224952
17701,0.004408608
17901,0.008182608
18001,0.0063313665
18101,0.8231498
18201,0.7652583
18401,0.5346355
18501,0.046434954
18701,0.89343566
18801,0.025888236
19101,0.014064043
19501,0.010908138
19601,0.31097895
19701,0.008765139
19801,0.806432
20701,0.0072908206
20801,0.062040027
20901,0.023713423
21101,0.009477853
21201,0.06800103
21401,0.057237823
21801,0.0082205115
22001,0.008259799
22301,0.7776401
22401,0.0065438454
22501,0.012703961
22601,0.0070871087
22901,0.7988324
23001,0.7995675
23201,0.27797195
23301,0.88194704
23601,0.009744682
23701,0.09613644
23801,0.20633152
23901,0.0056117913
24101,0.0070381775
24201,0.012747917
24401,0.05397824
24501,0.023718353
24601,0.8320727
24701,0.012119084
25301,0.09209801
25401,0.055382363
25801,0.10715634
26001,0.044356592
26101,0.029915985
26201,0.026278649
26301,0.0059207156
26401,0.047107633
26601,0.0058471267
26701,0.012062463
26801,0.6027073
26901,0.0730194
27001,0.009447265
27301,0.037082214
27401,0.037772544
27501,0.59865224
27901,0.27532476
28001,0.27408996
28101,0.05884569
28301,0.009835969
28401,0.008183741
29001,0.03974755
29101,0.00726304
29301,0.0074425233
29601,0.5885734
29701,0.05580672
29801,0.007081933
29901,0.005442954
30001,0.008155722
30101,0.066488996
30301,0.00834472
30401,0.0071990318
30701,0.097899176
30801,0.06690979
31101,0.08904588
31201,0.0063434388
31601,0.012456462
31701,0.07808524
31801,0.053934146
31901,0.0098896455
32001,0.005634877
32101,0.00758214
32801,0.007908339
33001,0.007740725
33101,0.020524219
33501,0.007410735
33701,0.0065579745
33801,0.0071620303
33901,0.94513655
34001,0.0819927
34201,0.502437
34301,0.016595168
34401,0.5124168
34501,0.060308877
34601,0.047768194
34801,0.82079965
35001,0.044908766
35201,0.06068255
35301,0.020969508
35501,0.0069499346
35601,0.01954972
35701,0.011337154
35901,0.06861973
36001,0.026899278
36101,0.010646933
36601,0.071104586
37201,0.13581209
37401,0.009935138
37501,0.049338646
37601,0.09562767
37701,0.011553578
38101,0.006821594
38201,0.006356505
38301,0.015121565
38401,0.010381147
38601,0.0053259465
38801,0.005626075
39101,0.022177525
39201,0.6740623
39301,0.2886628
39401,0.06782642
39601,0.031426206
39701,0.9895567
39901,0.010535986
40001,0.070296206
40201,0.007842335
40501,0.024636792
40601,0.0075523644
41801,0.07829043
42001,0.016147902
42701,0.014109964
42901,0.23023973
43601,0.047234233
44201,0.008577548
44501,0.20552894
44701,0.007938655
44901,0.006926919
45201,0.1610645
45301,0.025100766
45501,0.006911163
45601,0.006203059
46101,0.029181568
46301,0.006601923
46501,0.10560279
46901,0.022787008
47001,0.2504315
47101,0.134144
47201,0.022499455
47301,0.005599998
47601,0.0101718735
47701,0.0056656944
47801,0.0061405506
47901,0.015422154
48201,0.014895431
48601,0.03228743
48701,0.73070174
49101,0.00837632
49201,0.008067108
49601,0.017622737
49701,0.21699429
49901,0.006198101
50101,0.0074189017
50301,0.23170123
50401,0.9684651
50601,0.11027493
50801,0.17973278
50901,0.10616365
51001,0.028745143
51201,0.46305886
51601,0.42437348
51801,0.007841657
52001,0.22468784
52101,0.013416553
52501,0.13829164
52601,0.08741936
52701,0.49269074
53201,0.024900703
53301,0.019084048
53401,0.3876931
53601,0.14492767
53901,0.043231167
54101,0.021553326
54201,0.010875137
54301,0.008479912
54401,0.0067113903
54601,0.6313387
55001,0.00848168
55201,0.08291394
55401,0.29076546
55501,0.37828648
55601,0.030065315
56201,0.034411088
56501,0.0068486193
56701,0.013184158
56801,0.081245095
57001,0.030253174
57101,0.014029788
57201,0.00658005
57301,0.4651223
57501,0.00921035
57901,0.011707145
58001,0.013037516
58201,0.06162594
58301,0.20308816
58501,0.008936331
58901,0.90209436
59101,0.06312285
59201,0.11429935
59501,0.095711045
59601,0.061550766
59801,0.02331924
59901,0.017646918
60401,0.43047053
60501,0.15077618
60801,0.0063616475
61101,0.54394746
61301,0.0387036
61401,0.071514726
61701,0.0064996444
62101,0.043241862
62401,0.012625398
62701,0.007885476
62801,0.012791253
63501,0.066395395
63601,0.00891914
63701,0.012707902
63801,0.00610047
63901,0.010839311
64301,0.0047323424
64401,0.00863089
2,0.024875179
102,0.037291624
402,0.0073660114
602,0.038609926
702,0.034904182
1002,0.030004982
1202,0.6818486
1702,0.038171165
2202,0.0228076
2702,0.44725528
2802,0.17118192
2902,0.042898808
3002,0.011049307
3102,0.065958
3202,0.043397352
3302,0.040011533
3402,0.042592864
3702,0.45350456
4002,0.034126278
4102,0.12340486
4202,0.026292684
4402,0.1764142
4702,0.055243306
4802,0.021319143
4902,0.033436324
5102,0.020426428
5202,0.025307437
5702,0.034377612
5902,0.05470511
6202,0.031793136
6302,0.02116712
6502,0.027266355
6602,0.020641565
6802,0.033240337
6902,0.5437398
7002,0.23942715
7202,0.023958927
7402,0.0828827
7502,0.13022096
7702,0.057233505
7902,0.52220595
8102,0.057249933
8202,0.038997814
8302,0.04276123
8402,0.06447099
8502,0.04111016
8602,0.04894008
8702,0.05437467
8902,0.101881325
9002,0.052798957
9202,0.032374367
9502,0.2369191
9802,0.078673676
9902,0.06362633
10102,0.39005005
10402,0.055514015
10502,0.03299733
10602,0.80939144
10702,0.07215077
10902,0.047515996
11202,0.083689064
11302,0.3850691
11702,0.37294164
11902,0.018028205
12102,0.13766614
12402,0.07104193
12702,0.015703907
12902,0.06645537
13002,0.24584875
13402,0.020705758
13502,0.052677244
13602,0.06731672
13702,0.0308467
13902,0.054162957
14302,0.01644655
14402,0.16002284
15402,0.08974543
15602,0.033627518
15702,0.10893607
15802,0.060079634
15902,0.062251482
16102,0.09116881
16202,0.028982952
16302,0.036005594
16402,0.03391661
16502,0.0096148215
16602,0.24234495
17002,0.032923922
17102,0.022954604
17202,0.038448583
17302,0.30190364
17402,0.062083654
17602,0.14409484
17702,0.034393985
17902,0.029682983
18002,0.03462708
18102,0.13542886
18202,0.40497807
18402,0.009800201
18502,0.044483148
18702,0.17721021
18802,0.14947543
19102,0.042773984
19502,0.05735623
19602,0.27774498
19702,0.055370405
19802,0.18433975
20702,0.01863968
20802,0.2716061
20902,0.29418114
21102,0.0375479
21202,0.17541304
21402,0.21783787
21802,0.03194431
22002,0.042073354
22302,0.11287362
22402,0.019581106
22502,0.013214355
22602,0.033259425
22902,0.008949887
23002,0.37365183
23202,0.19254391
23302,0.14087747
23602,0.034502797
23702,0.08875196
23802,0.49328178
23902,0.057903014
24102,0.027282013
24202,0.059292857
24402,0.16993666
24502,0.10850296
24602,0.69704956
24702,0.030396529
25302,0.22159997
25402,0.40334958
25802,0.12345783
26002,0.15296105
26102,0.23660038
26202,0.057703808
26302,0.039317157
26402,0.12636329
26602,0.032904528
26702,0.047188897
26802,0.8371794
26902,0.41164982
27002,0.078023985
27302,0.31247175
27402,0.34116915
27502,0.15508926
27902,0.7150202
28002,0.09655577
28102,0.13387837
28302,0.026615042
28402,0.026308803
29002,0.14229882
29102,0.030154074
29302,0.0182609
29602,0.5971318
29702,0.068128616
29802,0.029892603
29902,0.022534259
30002,0.019115213
30102,0.14577812
30302,0.014680656
30402,0.018462908
30702,0.16159694
30802,0.5328167
31102,0.20116326
31202,0.030348364
31602,0.053268377
31702,0.18700722
31802,0.27459577
31902,0.023119327
32002,0.03928721
32102,0.050956976
32802,0.0318255
33002,0.036111448
33102,0.030372057
33502,0.021466497
33702,0.048896793
33802,0.020099103
33902,0.86007863
34002,0.017401345
34202,0.054910198
34302,0.028273676
34402,0.0329122
34502,0.155957
34602,0.24366276
34802,0.15499777
35002,0.04875717
35202,0.05633983
35302,0.057140954
35502,0.030032426
35602,0.08674973
35702,0.043982625
35902,0.33103397
36002,0.1678171
36102,0.12400845
36602,0.024875456
37202,0.02825993
37402,0.028620226
37502,0.120176055
37602,0.15973586
37702,0.0414679
38102,0.022730839
38202,0.029487733
38302,0.011293048
38402,0.037990436
38602,0.025792848
38802,0.025199484
39102,0.044017147
39202,0.01859625
39302,0.3400794
39402,0.31563303
39602,0.07872766
39702,0.00024381795
39902,0.101471566
40002,0.21097907
40202,0.04220786
40502,0.0303177
40602,0.04035075
41802,0.24797161
42002,0.10990011
42702,0.03222333
42902,0.42986605
43602,0.12275378
44202,0.06378286
44502,0.34904292
44702,0.035711806
44902,0.015849823
45202,0.01261193
45302,0.058051746
45502,0.0530551
45602,0.021127552
46102,0.08228364
46302,0.022048965
46502,0.1074621
46902,0.05503175
47002,0.48727342
47102,0.19482529
47202,0.17802417
47302,0.021693848
47602,0.07041499
47702,0.018399762
47802,0.018433308
47902,0.044930357
48202,0.10315236
48602,0.20133054
48702,0.010469648
49102,0.083835706
49202,0.042522114
49602,0.055503037
49702,0.55493706
49902,0.065685
50102,0.032199893
50302,0.3916223
50402,0.07096087
50602,0.21998923
50802,0.16601965
50902,0.021272229
51002,0.06256806
51202,0.431764
51602,0.13540988
51802,0.037785426
52002,0.23475088
52102,0.06980995
52502,0.46538094
52602,0.1992393
52702,0.090557575
53202,0.04121193
53302,0.17914005
53402,0.32726106
53602,0.28517732
53902,0.06314397
54102,0.062650986
54202,0.040371135
54302,0.053252153
54402,0.032642994
54602,0.3628862
55002,0.040243357
55202,0.39614263
55402,0.29401898
55502,0.7005594
55602,0.038107116
56202,0.28690124
56502,0.022043608
56702,0.027975375
56802,0.4418533
57002,0.06250877
57102,0.082467735
57202,0.04592124
57302,0.18089055
57502,0.037345864
57902,0.15150246
58002,0.07167011
58202,0.28962943
58302,0.21937636
58502,0.057153936
58902,0.8591479
59102,0.20108366
59202,0.3288184
59502,0.256215
59602,0.20996408
59802,0.155085
59902,0.112436056
60402,0.837941
60502,0.25882804
60802,0.017063336
61102,0.8796583
61302,0.13348226
61402,0.2859103
61702,0.028606791
62102,0.08816578
62402,0.022632377
62702,0.014156426
62802,0.037011445
63502,0.17288189
63602,0.030678537
63702,0.02283112
63802,0.024364758
63902,0.053340152
64302,0.02555987
64402,0.021913568
3,0.066101156
103,0.071615815
403,0.013690142
603,0.07968961
703,0.041701607
1003,0.047852784
1203,0.018589696
1703,0.0743169
2203,0.04830004
2703,0.012493467
2803,0.15056875
2903,0.12149317
3003,0.03209408
3103,0.030196568
3203,0.08592051
3303,0.11057407
3403,0.04709214
3703,0.021832094
4003,0.049723703
4103,0.005207613
4203,0.029729152
4403,0.054219693
4703,0.049842436
4803,0.037037995
4903,0.07778645
5103,0.022131175
5203,0.055673927
5703,0.052188545
5903,0.08152594
6203,0.032162957
6303,0.04024313
6503,0.04385521
6603,0.04353265
6803,0.07264421
6903,0.028982872
7003,0.02364404
7203,0.00996552
7403,0.12568265
7503,0.044355374
7703,0.053781766
7903,0.022576187
8103,0.04874868
8203,0.033520572
8303,0.069380954
8403,0.102613516
8503,0.0472607
8603,0.05825217
8703,0.06482298
8903,0.066341095
9003,0.04976029
9203,0.035154916
9503,0.104015134
9803,0.09715873
9903,0.10738213
10103,0.070911914
10403,0.048621558
10503,0.035945505
10603,0.012295803
10703,0.010629832
10903,0.05284507
11203,0.08746009
11303,0.034178622
11703,0.015859017
11903,0.037206285
12103,0.20884898
12403,0.08808867
12703,0.05020466
12903,0.06784751
13003,0.15252459
13403,0.04518935
13503,0.054224703
13603,0.047101717
13703,0.034494035
13903,0.022899738
14303,0.030513747
14403,0.064884745
15403,0.06886284
15603,0.04277883
15703,0.11531941
15803,0.056432765
15903,0.028178433
16103,0.0915527
16203,0.04555322
16303,0.04999283
16403,0.049174797
16503,0.0049471497
16603,0.088706836
17003,0.03805171
17103,0.05279798
17203,0.0481604
17303,0.061116833
17403,0.06481038
17603,0.10378633
17703,0.063204065
17903,0.050585613
18003,0.058324818
18103,0.00574265
18203,0.010651816
18403,0.007920261
18503,0.040715165
18703,0.003995478
18803,0.08124527
19103,0.093268506
19503,0.052202195
19603,0.024899822
19703,0.07038786
19803,0.004272084
20703,0.0371827
20803,0.08067169
20903,0.10528145
21103,0.054341998
21203,0.054716274
21403,0.07882299
21803,0.053513885
22003,0.06832459
22303,0.0029979816
22403,0.045104377
22503,0.02629951
22603,0.06524904
22903,0.0062254895
23003,0.006956974
23203,0.026626557
23303,0.0036998896
23603,0.058791425
23703,0.04270544
23803,0.028565843
23903,0.07740517
24103,0.046401337
24203,0.06879872
24403,0.04662838
24503,0.048133206
24603,0.006554161
24703,0.04110399
25303,0.07651553
25403,0.10017507
25803,0.045997374
26003,0.09899901
26103,0.0385446
26203,0.030705249
26303,0.03607232
26403,0.13473359
26603,0.04239434
26703,0.05573164
26803,0.017621558
26903,0.040634036
27003,0.06692207
27303,0.11564111
27403,0.06147524
27503,0.007517985
27903,0.0242535
28003,0.021956442
28103,0.06493142
28303,0.044818982
28403,0.031749118
29003,0.089519985
29103,0.048406933
29303,0.0428319
29603,0.013097303
29703,0.07064163
29803,0.05656224
29903,0.039020386
30003,0.04334272
30103,0.08064295
30303,0.026765114
30403,0.029926058
30703,0.059538245
30803,0.066543885
31103,0.07634414
31203,0.06986145
31603,0.06308461
31703,0.08097056
31803,0.11926469
31903,0.029519796
32003,0.07542699
32103,0.08739595
32803,0.03708619
33003,0.05132477
33103,0.06616825
33503,0.045967143
33703,0.0638334
33803,0.048313707
33903,0.002915952
34003,0.015754677
34203,0.014512673
34303,0.035906117
34403,0.0067515005
34503,0.052422162
34603,0.07751196
34803,0.006219273
35003,0.027511422
35203,0.019368341
35303,0.08786071
35503,0.04783214
35603,0.066442095
35703,0.088224694
35903,0.073511206
36003,0.09346827
36103,0.07255961
36603,0.044115573
37203,0.014759009
37403,0.05352497
37503,0.037206564
37603,0.08123601
37703,0.046524383
38103,0.03659607
38203,0.047364425
38303,0.03152957
38403,0.072757594
38603,0.045951564
38803,0.07542718
39103,0.03893524
39203,0.010711078
39303,0.034735933
39403,0.06029337
39603,0.052759603
39703,0.00029726388
39903,0.08606963
40003,0.046690445
40203,0.04849835
40503,0.035384875
40603,0.06415113
41803,0.09159193
42003,0.1413944
42703,0.05268725
42903,0.02196648
43603,0.107800074
44203,0.092930906
44503,0.044084314
44703,0.054848056
44903,0.026473483
45203,0.02578177
45303,0.041972935
45503,0.09272016
45603,0.04828161
46103,0.122392505
46303,0.038368277
46503,0.034655932
46903,0.05451192
47003,0.01698044
47103,0.03704787
47203,0.09416387
47303,0.045250222
47603,0.086538695
47703,0.031504154
47803,0.031910736
47903,0.06483741
48203,0.0908217
48603,0.11649186
48703,0.008275543
49103,0.097689375
49203,0.06153123
49603,0.09803147
49703,0.033591904
49903,0.07082932
50103,0.06218718
50303,0.03579642
50403,0.0012339612
50603,0.036364608
50803,0.023695428
50903,0.028867587
51003,0.072305866
51203,0.0183687
51603,0.011810629
51803,0.06455053
52003,0.042738292
52103,0.047817748
52503,0.04543344
52603,0.05541039
52703,0.012527683
53203,0.03896653
53303,0.10611415
53403,0.026764413
53603,0.01907976
53903,0.06653188
54103,0.08038626
54203,0.069525994
54303,0.086456776
54403,0.05007112
54603,0.005572053
55003,0.03860168
55203,0.033752233
55403,0.014815354
55503,0.016599173
55603,0.05749926
56203,0.046160817
56503,0.045600727
56703,0.037800416
56803,0.071793705
57003,0.059811752
57103,0.057272516
57203,0.078053124
57303,0.025098989
57503,0.067298844
57903,0.09752769
58003,0.099816345
58203,0.08431456
58303,0.019111054
58503,0.08701807
58903,0.0055206157
59103,0.07110979
59203,0.061407123
59503,0.019293416
59603,0.06723576
59803,0.061362874
59903,0.079326876
60403,0.005258322
60503,0.0767482
60803,0.038737595
61103,0.0054261195
61303,0.1024095
61403,0.09850724
61703,0.0721429
62103,0.10317881
62403,0.04089999
62703,0.030116923
62803,0.031539902
63503,0.09579613
63603,0.039114956
63703,0.031807896
63803,0.035498478
63903,0.053316887
64303,0.039200366
64403,0.042762727
4,0.07447961
104,0.05231071
404,0.010655976
604,0.10863093
704,0.036947846
1004,0.028810263
1204,0.04252048
1704,0.044619206
2204,0.036073707
2704,0.02285777
2804,0.34626576
2904,0.09961929
3004,0.0272822
3104,0.022011168
3204,0.15081286
3304,0.07240123
3404,0.054745726
3704,0.011895336
4004,0.028370338
4104,0.00893324
4204,0.021364026
4404,0.16595106
4704,0.033253796
4804,0.025229866
4904,0.10926394
5104,0.008056226
5204,0.057438795
5704,0.06470147
5904,0.15256944
6204,0.023038696
6304,0.027170757
6504,0.052444693
6604,0.04599419
6804,0.10007444
6904,0.09218654
7004,0.044259857
7204,0.011633337
7404,0.12369071
7504,0.02482994
7704,0.050994292
7904,0.0399924
8104,0.06499922
8204,0.015072616
8304,0.09291781
8404,0.1272591
8504,0.051202446
8604,0.061478257
8704,0.0880398
8904,0.116357245
9004,0.10416694
9204,0.019707363
9504,0.3057295
9804,0.09123276
9904,0.21959016
10104,0.21802093
10404,0.04588289
10504,0.026846236
10604,0.04727006
10704,0.004438246
10904,0.0566796
11204,0.08560241
11304,0.16870709
11704,0.019383125
11904,0.035940614
12104,0.34037185
12404,0.18440998
12704,0.056615803
12904,0.11292268
13004,0.35986888
13404,0.051618215
13504,0.04705961
13604,0.033095732
13704,0.03697932
13904,0.01290982
14304,0.017387245
14404,0.51669484
15404,0.35758966
15604,0.03248964
15704,0.30581802
15804,0.08221327
15904,0.011718719
16104,0.13017581
16204,0.051404674
16304,0.06907329
16404,0.032317583
16504,0.0041487985
16604,0.1366926
17004,0.026139256
17104,0.026527511
17204,0.034867547
17304,0.0639762
17404,0.030008936
17604,0.41395122
17704,0.067176916
17904,0.014894822
18004,0.03420252
18104,0.005652841
18204,0.018767709
18404,0.01604221
18504,0.041513953
18704,0.0025370903
18804,0.11166177
19104,0.13276227
19504,0.041926492
19604,0.023220846
19704,0.08237432
19804,0.0034716798
20704,0.03358932
20804,0.4803114
20904,0.24741141
21104,0.032424077
21204,0.047065437
21404,0.22982441
21804,0.037415512
22004,0.046201438
22304,0.001544094
22404,0.05578553
22504,0.013356737
22604,0.103073604
22904,0.0224345
23004,0.008578846
23204,0.021974282
23304,0.002268177
23604,0.044615176
23704,0.07095912
23804,0.074685976
23904,0.09803594
24104,0.042443343
24204,0.10232722
24404,0.102035426
24504,0.09636522
24604,0.00614797
24704,0.05948227
25304,0.095309764
25404,0.33148602
25804,0.42822754
26004,0.39847615
26104,0.09058649
26204,0.015754426
26304,0.027555611
26404,0.38131514
26604,0.041676622
26704,0.08247122
26804,0.039821677
26904,0.09501478
27004,0.06738572
27304,0.45305565
27404,0.11988483
27504,0.007844516
27904,0.15689394
28004,0.014372957
28104,0.40600583
28304,0.031036802
28404,0.031817675
29004,0.40558428
29104,0.049897213
29304,0.029575815
29604,0.01755778
29704,0.19907491
29804,0.07840036
29904,0.024596715
30004,0.034646787
30104,0.4830753
30304,0.01753179
30404,0.026332717
30704,0.45105416
30804,0.12315576
31104,0.5097388
31204,0.123950146
31604,0.09128838
31704,0.53678906
31804,0.53687376
31904,0.019658506
32004,0.10959014
32104,0.06428092
32804,0.025324507
33004,0.028210944
33104,0.02541495
33504,0.04535762
33704,0.043015756
33804,0.013957246
33904,0.013777918
34004,0.0056391554
34204,0.032261554
34304,0.03239223
34404,0.004952797
34504,0.09567757
34604,0.1345757
34804,0.010131008
35004,0.01534076
35204,0.012723126
35304,0.13479017
35504,0.054349322
35604,0.14484876
35704,0.15279476
35904,0.29900986
36004,0.3153917
36104,0.10505065
36604,0.09883537
37204,0.0037889013
37404,0.035530373
37504,0.019176247
37604,0.37719795
37704,0.07727649
38104,0.0252056
38204,0.038667396
38304,0.023154896
38404,0.1243024
38604,0.037378803
38804,0.06281053
39104,0.022727799
39204,0.037780978
39304,0.03317367
39404,0.2714269
39604,0.032085344
39704,2.3210174e-05
39904,0.10293098
40004,0.1580693
40204,0.051234633
40504,0.040261697
40604,0.07526774
41804,0.5183518
42004,0.14142016
42704,0.05935454
42904,0.054575898
43604,0.39346185
44204,0.12686285
44504,0.09133027
44704,0.045959678
44904,0.016435126
45204,0.012653922
45304,0.025500918
45504,0.177867
45604,0.034725968
46104,0.15411803
46304,0.028182345
46504,0.43769985
46904,0.032518256
47004,0.027409226
47104,0.48117742
47204,0.33222377
47304,0.029126946
47604,0.12689319
47704,0.020810237
47804,0.021224668
47904,0.10618259
48204,0.23848994
48604,0.25791827
48704,0.004689875
49104,0.25804952
49204,0.11118472
49604,0.14619035
49704,0.08749112
49904,0.10006638
50104,0.02657428
50304,0.065354526
50404,0.0007462945
50604,0.07784903
50804,0.033861015
50904,0.05553915
51004,0.1118447
51204,0.03174464
51604,0.01194229
51804,0.07012995
52004,0.045253303
52104,0.038155347
52504,0.1120039
52604,0.36490634
52704,0.040464617
53204,0.026328433
53304,0.13821958
53404,0.018429926
53604,0.011231259
53904,0.15258984
54104,0.19998208
54204,0.12220335
54304,0.18172592
54404,0.061848994
54604,0.008546308
55004,0.025142757
55204,0.12721854
55404,0.012878802
55504,0.049984764
55604,0.041646574
56204,0.10942605
56504,0.038391866
56704,0.019825708
56804,0.21813913
57004,0.09104524
57104,0.11116903
57204,0.11519244
57304,0.034972813
57504,0.038522586
57904,0.21301971
58004,0.19677211
58204,0.43697357
58304,0.015264534
58504,0.15927248
58904,0.008237062
59104,0.42039424
59204,0.41039458
59504,0.21282133
59604,0.54683465
59804,0.09148737
59904,0.13052829
60404,0.11688713
60504,0.14991507
60804,0.027495287
61104,0.06465071
61304,0.3631344
61404,0.53035146
61704,0.049947027
62104,0.27227327
62404,0.034352224
62704,0.023631882
62804,0.019543124
63504,0.5133881
63604,0.024485782
63704,0.014886031
63804,0.018276857
63904,0.07785831
64304,0.029230837
64404,0.04339734
5,0.050550222
105,0.050768055
405,0.030903056
605,0.046177097
705,0.0406036
1005,0.033071507
1205,0.028222429
1705,0.04478979
2205,0.0370579
2705,0.012376006
2805,0.07539367
2905,0.0545333
3005,0.06380126
3105,0.03312098
3205,0.03395609
3305,0.08378143
3405,0.03451445
3705,0.033671983
4005,0.031794455
4105,0.026862485
4205,0.014311528
4405,0.02472452
4705,0.054281432
4805,0.022067243
4905,0.05265359
5105,0.014826075
5205,0.0480887
5705,0.039824773
5905,0.043395218
6205,0.028283475
6305,0.03562503
6505,0.058513932
6605,0.064347185
6805,0.08207573
6905,0.048806835
7005,0.023823613
7205,0.0097453175
7405,0.047687564
7505,0.027308932
7705,0.029937966
7905,0.018438315
8105,0.03607696
8205,0.030965598
8305,0.024049979
8405,0.03937691
8505,0.02217191
8605,0.0271452
8705,0.036248602
8905,0.03106293
9005,0.03190499
9205,0.01699285
9505,0.06896795
9805,0.03717484
9905,0.049316913
10105,0.031341434
10405,0.03523958
10505,0.033406228
10605,0.028905837
10705,0.033433564
10905,0.055990923
11205,0.025572076
11305,0.03117402
11705,0.09257971
11905,0.03089873
12105,0.11135099
12405,0.056573767
12705,0.05791896
12905,0.08220261
13005,0.12501392
13405,0.053674016
13505,0.028689627
13605,0.028223928
13705,0.022837644
13905,0.023069484
14305,0.034489434
14405,0.066357926
15405,0.05693649
15605,0.05058761
15705,0.1075362
15805,0.028562559
15905,0.017171878
16105,0.035421547
16205,0.039035916
16305,0.041646406
16405,0.034961242
16505,0.008826666
16605,0.06737505
17005,0.03102544
17105,0.04698254
17205,0.042123474
17305,0.057158332
17405,0.03170773
17605,0.05123174
17705,0.035035443
17905,0.023006203
18005,0.043886177
18105,0.0046078414
18205,0.004348984
18405,0.00463404
18505,0.041267868
18705,0.0065840096
18805,0.033065345
19105,0.13098398
19505,0.034382205
19605,0.01851935
19705,0.026727382
19805,0.014378821
20705,0.026373917
20805,0.07724616
20905,0.047486544
21105,0.018577967
21205,0.03504932
21405,0.12051559
21805,0.034343153
22005,0.046457715
22305,0.031243702
22405,0.047741998
22505,0.034894377
22605,0.059316594
22905,0.06367254
23005,0.007563077
23205,0.018565997
23305,0.027167376
23605,0.02188028
23705,0.027712017
23805,0.03145947
23905,0.032020863
24105,0.053943876
24205,0.039095428
24405,0.024256974
24505,0.023938514
24605,0.0070738434
24705,0.02063804
25305,0.05213981
25405,0.05433534
25805,0.04760307
26005,0.12694205
26105,0.029641036
26205,0.01975616
26305,0.018910771
26405,0.08945021
26605,0.046313025
26705,0.1296725
26805,0.031215014
26905,0.022332339
27005,0.029261723
27305,0.07015584
27405,0.035701267
27505,0.039539136
27905,0.021155007
28005,0.023255086
28105,0.07175725
28305,0.05276117
28405,0.031451035
29005,0.08453706
29105,0.06905723
29305,0.04597945
29605,0.028296644
29705,0.17320712
29805,0.063751794
29905,0.021460796
30005,0.04887727
30105,0.07255847
30305,0.012303131
30405,0.026538381
30705,0.03814669
30805,0.052935876
31105,0.05496614
31205,0.05654231
31605,0.026982974
31705,0.095004275
31805,0.06015675
31905,0.03404797
32005,0.06586177
32105,0.08148839
32805,0.0238296
33005,0.03010847
33105,0.07163701
33505,0.04031731
33705,0.027143952
33805,0.028608028
33905,0.0015722264
34005,0.019826965
34205,0.003951096
34305,0.049301747
34405,0.0062287827
34505,0.024692986
34605,0.033118244
34805,0.0012086665
35005,0.012244791
35205,0.010576732
35305,0.13835458
35505,0.026743077
35605,0.038687676
35705,0.04221486
35905,0.06339376
36005,0.074784406
36105,0.03623978
36605,0.10499697
37205,0.013752088
37405,0.04043104
37505,0.020750012
37605,0.12459236
37705,0.028433241
38105,0.02162265
38205,0.0256471
38305,0.040752918
38405,0.0456665
38605,0.029964972
38805,0.04229088
39105,0.038520563
39205,0.062064923
39305,0.08566872
39405,0.04505617
39605,0.029616402
39705,0.000759251
39905,0.036337163
40005,0.02015287
40205,0.040608596
40505,0.017362855
40605,0.03546556
41805,0.065976135
42005,0.050215535
42705,0.033849563
42905,0.013739542
43605,0.076995
44205,0.07906879
44505,0.024103984
44705,0.045901753
44905,0.03187595
45205,0.014458266
45305,0.030257601
45505,0.06765904
45605,0.027528197
46105,0.17067893
46305,0.030924002
46505,0.027837042
46905,0.034140885
47005,0.018257
47105,0.0219315
47205,0.054448515
47305,0.031597994
47605,0.050341003
47705,0.027849598
47805,0.029106585
47905,0.030492518
48205,0.03823373
48605,0.09070751
48705,0.010542461
49105,0.06509104
49205,0.040246896
49605,0.03733422
49705,0.024185663
49905,0.041077882
50105,0.0388904
50305,0.020740114
50405,0.00697436
50605,0.030031307
50805,0.016095744
50905,0.015577074
51005,0.03010682
51205,0.019938318
51605,0.048012406
51805,0.019195614
52005,0.022204382
52105,0.021741917
52505,0.029740421
52605,0.05334619
52705,0.68919665
53205,0.027359454
53305,0.051681075
53405,0.28316683
53605,0.020324077
53905,0.09531829
54105,0.08227581
54205,0.059845388
54305,0.06946716
54405,0.04472484
54605,0.009728967
55005,0.031213647
55205,0.046029866
55405,0.05134033
55505,0.025379654
55605,0.024135565
56205,0.032268967
56505,0.026908379
56705,0.020444376
56805,0.041925024
57005,0.062163975
57105,0.034668192
57205,0.03492339
57305,0.019040849
57505,0.026906524
57905,0.050204426
58005,0.033613157
58205,0.05699202
58305,0.017875588
58505,0.041152373
58905,0.0102066165
59105,0.06448726
59205,0.03434009
59505,0.018609777
59605,0.059144013
59805,0.039007287
59905,0.039570075
60405,0.007977989
60505,0.02678873
60805,0.028101586
61105,0.007974449
61305,0.10984789
61405,0.08084139
61705,0.033030372
62105,0.1600954
62405,0.06222902
62705,0.023665046
62805,0.018031389
63505,0.08871179
63605,0.028251417
63705,0.027725037
63805,0.03180209
63905,0.03156064
64305,0.025809374
64405,0.040911507
6,0.06787118
106,0.059702832
406,0.019137098
606,0.08798533
706,0.027100043
1006,0.037896935
1206,0.013877155
1706,0.048544284
2206,0.041402545
2706,0.009012067
2806,0.092208266
2906,0.029155077
3006,0.082518354
3106,0.011432307
3206,0.13588484
3306,0.07029987
3406,0.031068396
3706,0.012386805
4006,0.02410121
4106,0.0047754706
4206,0.041843407
4406,0.061649956
4706,0.028847469
4806,0.013852666
4906,0.22411107
5106,0.013452338
5206,0.07921377
5706,0.03655542
5906,0.056391794
6206,0.015352454
6306,0.026210489
6506,0.06575548
6606,0.05254207
6806,0.10433197
6906,0.02540269
7006,0.021427954
7206,0.025109459
7406,0.13141055
7506,0.01932645
7706,0.020573232
7906,0.020340515
8106,0.02151056
8206,0.012563959
8306,0.041372936
8406,0.036801487
8506,0.019314721
8606,0.026102684
8706,0.060411293
8906,0.03175684
9006,0.040556952
9206,0.014118087
9506,0.11045716
9806,0.043872762
9906,0.13974422
10106,0.06970028
10406,0.024707735
10506,0.019019231
10606,0.016568724
10706,0.014974408
10906,0.085490935
11206,0.029475905
11306,0.05564553
11706,0.012832304
11906,0.027077898
12106,0.12034729
12406,0.077524506
12706,0.061615616
12906,0.102480136
13006,0.19359101
13406,0.05613822
13506,0.01617653
13606,0.016213432
13706,0.042607863
13906,0.0149711715
14306,0.025917238
14406,0.41975605
15406,0.5179295
15606,0.030411609
15706,0.22527292
15806,0.031401284
15906,0.012771969
16106,0.051622137
16206,0.031435814
16306,0.086770914
16406,0.0489849
16506,0.007094736
16606,0.05270758
17006,0.02125326
17106,0.032695357
17206,0.031174492
17306,0.02820034
17406,0.019985905
17606,0.26830482
17706,0.025314385
17906,0.021948716
18006,0.041756112
18106,0.0044131833
18206,0.0085198525
18406,0.016286375
18506,0.036269564
18706,0.0053291353
18806,0.036691368
19106,0.17393062
19506,0.019824592
19606,0.012552252
19706,0.027770948
19806,0.0026214519
20706,0.017051175
20806,0.19502096
20906,0.07042093
21106,0.048602898
21206,0.018115718
21406,0.1268904
21806,0.046301737
22006,0.020592736
22306,0.002469405
22406,0.05387412
22506,0.022188151
22606,0.09363269
22906,0.014635758
23006,0.00567154
23206,0.055082954
23306,0.0027753694
23606,0.028583137
23706,0.04776788
23806,0.022572108
23906,0.027826397
24106,0.025444934
24206,0.034038473
24406,0.073501825
24506,0.04860419
24606,0.0062532104
24706,0.033115324
25306,0.03751519
25406,0.11088282
25806,0.3852339
26006,0.3650697
26106,0.028183563
26206,0.0082029635
26306,0.015627041
26406,0.33650914
26606,0.043996762
26706,0.090668485
26806,0.024584634
26906,0.034301147
27006,0.023775594
27306,0.115696855
27406,0.037835635
27506,0.0040167994
27906,0.0516142
28006,0.018720053
28106,0.27584663
28306,0.05531156
28406,0.026440466
29006,0.4385445
29106,0.0531159
29306,0.06151848
29606,0.010375275
29706,0.31988254
29806,0.05634433
29906,0.019498905
30006,0.0568283
30106,0.41286558
30306,0.017511396
30406,0.01927219
30706,0.32019082
30806,0.051759105
31106,0.3222791
31206,0.09035218
31606,0.046640597
31706,0.4046823
31806,0.30558938
31906,0.013971341
32006,0.05448934
32106,0.055026148
32806,0.013010229
33006,0.02525201
33106,0.056585845
33506,0.02848038
33706,0.029004775
33806,0.024388203
33906,0.0032802452
34006,0.016569927
34206,0.028958036
34306,0.02765752
34406,0.010001434
34506,0.080084056
34606,0.075259075
34806,0.009296666
35006,0.011231846
35206,0.009457422
35306,0.18823431
35506,0.017290296
35606,0.04353076
35706,0.08913164
35906,0.09468362
36006,0.17276798
36106,0.03190705
36606,0.16921182
37206,0.00623877
37406,0.031505797
37506,0.01228576
37606,0.32292882
37706,0.045001313
38106,0.03600244
38206,0.041864377
38306,0.049861334
38406,0.13633324
38606,0.017266087
38806,0.026148237
39106,0.030057363
39206,0.01834976
39306,0.046477716
39406,0.12645356
39606,0.0201545
39706,0.0013728269
39906,0.033361685
40006,0.061426573
40206,0.020205319
40506,0.020590225
40606,0.038884506
41806,0.24692562
42006,0.031989034
42706,0.08288479
42906,0.026920047
43606,0.36754146
44206,0.047536653
44506,0.040079568
44706,0.028909478
44906,0.018025951
45206,0.31394088
45306,0.01505905
45506,0.108971484
45606,0.03888284
46106,0.108362086
46306,0.021933435
46506,0.2760068
46906,0.01879996
47006,0.013094192
47106,0.27350143
47206,0.115403965
47306,0.034322303
47606,0.042259846
47706,0.023535443
47806,0.017264955
47906,0.056794178
48206,0.10099264
48606,0.08890228
48706,0.010819319
49106,0.091204815
49206,0.06860966
49606,0.056007426
49706,0.03752859
49906,0.032145597
50106,0.040181264
50306,0.03368861
50406,0.002271827
50606,0.06883849
50806,0.031086205
50906,0.07187477
51006,0.13551052
51206,0.013446275
51606,0.005771531
51806,0.0285828
52006,0.019296361
52106,0.029849442
52506,0.053896327
52606,0.18162756
52706,0.0632114
53206,0.015537426
53306,0.07272164
53406,0.010165256
53606,0.00850308
53906,0.14414407
54106,0.19755353
54206,0.117413454
54306,0.11614622
54406,0.03809943
54606,0.009202207
55006,0.016022705
55206,0.052545737
55406,0.0082812635
55506,0.02182839
55606,0.06736679
56206,0.0444968
56506,0.020613758
56706,0.018893326
56806,0.0712893
57006,0.058480978
57106,0.039251152
57206,0.03709331
57306,0.013107502
57506,0.022224657
57906,0.058560997
58006,0.089751095
58206,0.24155368
58306,0.010815819
58506,0.06079878
58906,0.004114352
59106,0.20456296
59206,0.19794968
59506,0.06387405
59606,0.30685806
59806,0.03373987
59906,0.042684883
60406,0.01732499
60506,0.07754948
60806,0.033469904
61106,0.010468521
61306,0.2816983
61406,0.24010633
61706,0.021292143
62106,0.41964975
62406,0.08943844
62706,0.026673017
62806,0.010229666
63506,0.39011684
63606,0.01991107
63706,0.017008327
63806,0.020246124
63906,0.034264985
64306,0.017397743
64406,0.025049422
7,0.018130034
107,0.02075727
407,0.036378287
607,0.08297774
707,0.033381846
1007,0.022689635
1207,0.042578805
1707,0.02249072
2207,0.15825188
2707,0.06184421
2807,0.1697699
2907,0.07148495
3007,0.046151906
3107,0.049186446
3207,0.176459
3307,0.09350929
3407,0.15185906
3707,0.029276064
4007,0.05904787
4107,0.018408772
4207,0.054004893
4407,0.14314966
4707,0.11134742
4807,0.03257882
4907,0.12220944
5107,0.033510197
5207,0.07586613
5707,0.111590035
5907,0.07838776
6207,0.13069037
6307,0.04951109
6507,0.06938356
6607,0.09269806
6807,0.123774625
6907,0.20003124
7007,0.07172379
7207,0.11828204
7407,0.06625494
7507,0.020928599
7707,0.09214641
7907,0.057139043
8107,0.033456914
8207,0.035557028
8307,0.1026227
8407,0.08724827
8507,0.035406202
8607,0.072109334
8707,0.03594714
8907,0.090171896
9007,0.07128889
9207,0.0429903
9507,0.2844549
9807,0.07364818
9907,0.1745106
10107,0.18690689
10407,0.06410434
10507,0.03677817
10607,0.06758163
10707,0.037924875
10907,0.06123454
11207,0.05784199
11307,0.25753647
11707,0.08092823
11907,0.033922523
12107,0.34076488
12407,0.08874528
12707,0.11957474
12907,0.108712085
13007,0.25883898
13407,0.05922301
13507,0.03350587
13607,0.044559903
13707,0.049638283
13907,0.097327314
14307,0.03703507
14407,0.2967127
15407,0.20027491
15607,0.05964769
15707,0.19108124
15807,0.1427918
15907,0.026991593
16107,0.08997447
16207,0.078686975
16307,0.024199048
16407,0.014403798
16507,0.009070522
16607,0.03202276
17007,0.039290495
17107,0.019539863
17207,0.018701976
17307,0.04202577
17407,0.040037483
17607,0.2881215
17707,0.036021985
17907,0.018002314
18007,0.014689742
18107,0.030639922
18207,0.09729482
18407,0.41936508
18507,0.1004698
18707,0.014771293
18807,0.16942568
19107,0.07662188
19507,0.037020538
19607,0.055817496
19707,0.086610824
19807,0.024496054
20707,0.07830289
20807,0.24547584
20907,0.051130228
21107,0.0394523
21207,0.071825065
21407,0.10958747
21807,0.10531663
22007,0.037225682
22307,0.012890512
22407,0.08795066
22507,0.06990867
22607,0.08321599
22907,0.77448016
23007,0.03440393
23207,0.032859717
23307,0.025149582
23607,0.08048953
23707,0.3739965
23807,0.0844259
23907,0.061614223
24107,0.071635686
24207,0.09538729
24407,0.076141275
24507,0.11854614
24607,0.014861003
24707,0.07778564
25307,0.12169577
25407,0.2163991
25807,0.16069931
26007,0.16584422
26107,0.061650053
26207,0.057130933
26307,0.023019973
26407,0.34789237
26607,0.035227522
26707,0.084381446
26807,0.046121154
26907,0.074038506
27007,0.067422755
27307,0.1532717
27407,0.03975773
27507,0.0732831
27907,0.07980574
28007,0.062230464
28107,0.20666046
28307,0.06390249
28407,0.07788392
29007,0.17058459
29107,0.069421306
29307,0.06923384
29607,0.039407186
29707,0.16776651
29807,0.06624998
29907,0.03665708
30007,0.095038794
30107,0.27793404
30307,0.032073565
30407,0.07899277
30707,0.1936181
30807,0.054137513
31107,0.18078038
31207,0.14132884
31607,0.1630016
31707,0.24559793
31807,0.23855494
31907,0.05797167
32007,0.0909923
32107,0.024364635
32807,0.02575385
33007,0.023402417
33107,0.020854289
33507,0.060486317
33707,0.031724896
33807,0.01490544
33907,0.026730321
34007,0.02561282
34207,0.40997308
34307,0.035632264
34407,0.02254457
34507,0.14581308
34607,0.1570051
34807,0.061104693
35007,0.038134426
35207,0.03856021
35307,0.15381514
35507,0.050234716
35607,0.09198648
35707,0.082844675
35907,0.16007905
36007,0.18622915
36107,0.06249893
36607,0.09354582
37207,0.012980852
37407,0.06268773
37507,0.03405721
37607,0.18296094
37707,0.10244441
38107,0.039725646
38207,0.043244593
38307,0.1384727
38407,0.10651906
38607,0.0308784
38807,0.04214369
39107,0.041716114
39207,0.7966764
39307,0.08600969
39407,0.20694955
39607,0.11144286
39707,0.00023799286
39907,0.08576627
40007,0.2469002
40207,0.035104357
40507,0.16899103
40607,0.057340633
41807,0.24312364
42007,0.12277614
42707,0.105362125
42907,0.070913196
43607,0.24426886
44207,0.09333399
44507,0.24849528
44707,0.048235558
44907,0.041844618
45207,0.03736987
45307,0.060536038
45507,0.12980714
45607,0.078431256
46107,0.14542834
46307,0.051737987
46507,0.18407133
46907,0.0795322
47007,0.04744841
47107,0.11358473
47207,0.091028705
47307,0.038981307
47607,0.124443695
47707,0.026351849
47807,0.036713257
47907,0.19565164
48207,0.17227103
48607,0.085353024
48707,0.009066766
49107,0.102114215
49207,0.098500244
49607,0.34027582
49707,0.08552275
49907,0.054143257
50107,0.017825415
50307,0.14365554
50407,0.012481936
50607,0.19864914
50807,0.13106991
50907,0.2600129
51007,0.14121298
51207,0.10910842
51607,0.13488732
51807,0.08587288
52007,0.18623859
52107,0.033479754
52507,0.15000331
52607,0.24568248
52707,0.0048179966
53207,0.07476149
53307,0.10762465
53407,0.05733535
53607,0.0164821
53907,0.086986214
54107,0.12781361
54207,0.120224416
54307,0.097854614
54407,0.066140324
54607,0.013988346
55007,0.029865185
55207,0.102415584
55407,0.048944026
55507,0.06704468
55607,0.03572965
56207,0.0678783
56507,0.03689457
56707,0.039754745
56807,0.20194383
57007,0.053447187
57107,0.057655077
57207,0.1596867
57307,0.23640086
57507,0.060331296
57907,0.115251385
58007,0.16389477
58207,0.17198303
58307,0.039140664
58507,0.109644935
58907,0.019227961
59107,0.16381077
59207,0.30562937
59507,0.083962716
59607,0.24184088
59807,0.058249544
59907,0.07844163
60407,0.048795167
60507,0.28726852
60807,0.054578166
61107,0.03321783
61307,0.18512358
61407,0.2667296
61707,0.034793302
62107,0.22171405
62407,0.102695026
62707,0.0664395
62807,0.03845733
63507,0.27995008
63607,0.05731126
63707,0.034931436
63807,0.032658663
63907,0.07109894
64307,0.033765104
64407,0.12023929
8,0.029713843
108,0.032910768
408,0.010927147
608,0.06833927
708,0.044001307
1008,0.018700615
1208,0.6895076
1708,0.024346933
2208,0.030657219
2708,0.67641777
2808,0.18407157
2908,0.028378867
3008,0.025567867
3108,0.071424045
3208,0.0675655
3308,0.027055029
3408,0.066612914
3708,0.32342684
4008,0.05025447
4108,0.047525976
4208,0.045437198
4408,0.3603325
4708,0.06941619
4808,0.029668113
4908,0.063325815
5108,0.02359617
5208,0.044577986
5708,0.057218455
5908,0.068039715
6208,0.0588392
6308,0.037000928
6508,0.047244478
6608,0.04341021
6808,0.052104846
6908,0.6199798
7008,0.60272706
7208,0.05765694
7408,0.10071611
7508,0.07249315
7708,0.068573244
7908,0.7509774
8108,0.097468115
8208,0.036099173
8308,0.07090906
8408,0.052080788
8508,0.03811215
8608,0.05737778
8708,0.077549584
8908,0.114244364
9008,0.17484567
9208,0.04628567
9508,0.3694754
9808,0.06984479
9908,0.070772514
10108,0.5797177
10408,0.075008795
10508,0.0490843
10608,0.77188367
10708,0.0659503
10908,0.06966948
11208,0.15036717
11308,0.6599125
11708,0.28801468
11908,0.028676482
12108,0.08798021
12408,0.088167205
12708,0.03950267
12908,0.08745777
13008,0.34219512
13408,0.038074695
13508,0.08246182
13608,0.08888929
13708,0.045608096
13908,0.07665248
14308,0.023781817
14408,0.5438155
15408,0.31994447
15608,0.055925515
15708,0.14016718
15808,0.08587192
15908,0.06363676
16108,0.16459714
16208,0.055698805
16308,0.05698625
16408,0.024943983
16508,0.0150449835
16608,0.2020509
17008,0.04485367
17108,0.017201819
17208,0.02019363
17308,0.20521453
17408,0.03297013
17608,0.2775835
17708,0.028640464
17908,0.015630275
18008,0.022392944
18108,0.1339145
18208,0.61580306
18408,0.025488386
18508,0.0694121
18708,0.12804686
18808,0.21707945
19108,0.044226717
19508,0.04449615
19608,0.2785664
19708,0.061720315
19808,0.14183612
20708,0.02246152
20808,0.5572596
20908,0.38934353
21108,0.06743338
21208,0.12859625
21408,0.299778
21808,0.05099175
22008,0.045058876
22308,0.040648077
22408,0.04631748
22508,0.017103031
22608,0.060370103
22908,0.016031442
23008,0.3224409
23208,0.13157487
23308,0.039155353
23608,0.047557913
23708,0.19060868
23808,0.7156183
23908,0.054283228
24108,0.027868045
24208,0.13158816
24408,0.4298667
24508,0.24911495
24608,0.73474467
24708,0.089428455
25308,0.15740854
25408,0.53128815
25808,0.5958122
26008,0.2696707
26108,0.42583826
26208,0.06832056
26308,0.053035248
26408,0.2412873
26608,0.055766053
26708,0.07546133
26808,0.85122097
26908,0.64603263
27008,0.102414824
27308,0.42670906
27408,0.45036146
27508,0.16348246
27908,0.881161
28008,0.20842601
28108,0.444279
28308,0.040837165
28408,0.054442894
29008,0.31897327
29108,0.05900071
29308,0.026521424
29608,0.5584909
29708,0.15119934
29808,0.05153796
29908,0.02888995
30008,0.032858185
30108,0.42858365
30308,0.019987483
30408,0.0287097
30708,0.67050683
30808,0.54112744
31108,0.6838524
31208,0.048190966
31608,0.08332775
31708,0.53551334
31808,0.51396614
31908,0.033172227
32008,0.04362614
32108,0.03414826
32808,0.04264526
33008,0.020926893
33108,0.023208378
33508,0.040145
33708,0.027861308
33808,0.011607985
33908,0.9311523
34008,0.01213446
34208,0.17963228
34308,0.030543307
34408,0.03418102
34508,0.38836306
34608,0.40160832
34808,0.19539651
35008,0.0645179
35208,0.1312872
35308,0.10665065
35508,0.040709518
35608,0.14779818
35708,0.054160967
35908,0.55507153
36008,0.26881316
36108,0.15654139
36608,0.06863061
37208,0.038328305
37408,0.052768372
37508,0.14681216
37608,0.2778379
37708,0.10734383
38108,0.0381742
38208,0.05212211
38308,0.018134298
38408,0.063379414
38608,0.039762843
38808,0.032005675
39108,0.06035338
39208,0.028822133
39308,0.32522592
39408,0.6025456
39608,0.08966004
39708,5.2441057e-05
39908,0.066959046
40008,0.49992064
40208,0.035214473
40508,0.05762082
40608,0.048528194
41808,0.60036284
42008,0.09099098
42708,0.0687791
42908,0.50126696
43608,0.29735747
44208,0.073761486
44508,0.47373828
44708,0.071912944
44908,0.025782866
45208,0.026985161
45308,0.08882764
45508,0.07091318
45608,0.036697347
46108,0.075020224
46308,0.042721286
46508,0.64026344
46908,0.034489907
47008,0.749815
47108,0.81015503
47208,0.32545716
47308,0.034645688
47608,0.083045356
47708,0.023325967
47808,0.03479409
47908,0.06436779
48208,0.17974699
48608,0.24480318
48708,0.01839806
49108,0.083530374
49208,0.06747809
49608,0.052970335
49708,0.80117136
49908,0.07307594
50108,0.019494519
50308,0.6656883
50408,0.020754607
50608,0.46651828
50808,0.4593583
50908,0.13637717
51008,0.11925254
51208,0.6517035
51608,0.14082024
51808,0.06603679
52008,0.29463747
52108,0.14986826
52508,0.5749944
52608,0.556144
52708,0.0036391546
53208,0.06814768
53308,0.28529274
53408,0.13247621
53608,0.16721651
53908,0.16469248
54108,0.14741921
54208,0.08439376
54308,0.061051592
54408,0.071117744
54608,0.39412892
55008,0.043120824
55208,0.6338718
55408,0.36904785
55508,0.7927963
55608,0.04223042
56208,0.46791074
56508,0.03900445
56708,0.03372761
56808,0.5995469
57008,0.08637091
57108,0.11051906
57208,0.043581832
57308,0.14858648
57508,0.033670615
57908,0.21397722
58008,0.09374287
58208,0.5598899
58308,0.38422036
58508,0.083319455
58908,0.774378
59108,0.5313347
59208,0.71330625
59508,0.8026695
59608,0.5765486
59808,0.28205517
59908,0.1849513
60408,0.9461345
60508,0.5184542
60808,0.029314363
61108,0.94231725
61308,0.28801477
61408,0.5443773
61708,0.039415035
62108,0.14445342
62408,0.033152208
62708,0.01980553
62808,0.061135855
63508,0.45957333
63608,0.04284816
63708,0.029148707
63808,0.026774162
63908,0.06848534
64308,0.03263258
64408,0.028835911
9,0.020094449
109,0.019758392
409,0.006429879
609,0.08971585
709,0.03613747
1009,0.026135748
1209,0.03282027
1709,0.034249134
2209,0.027543232
2709,0.037657388
2809,0.0654965
2909,0.078251384
3009,0.0477621
3109,0.028860861
3209,0.07221946
3309,0.15671816
3409,0.02540769
3709,0.040273614
4009,0.07159156
4109,0.15805118
4209,0.08865054
4409,0.14242448
4709,0.11231173
4809,0.035899468
4909,0.2022217
5109,0.11202465
5209,0.061242055
5709,0.03839159
5909,0.0641024
6209,0.034579113
6309,0.056335215
6509,0.055172868
6609,0.031302806
6809,0.05898384
6909,0.11062309
7009,0.23041146
7209,0.043962564
7409,0.05721734
7509,0.02197368
7709,0.036244933
7909,0.050078377
8109,0.097681925
8209,0.07866043
8309,0.082725935
8409,0.03986651
8509,0.033172384
8609,0.06856734
8709,0.037472736
8909,0.047783427
9009,0.22855446
9209,0.08722626
9509,0.14303538
9809,0.08855012
9909,0.19557637
10109,0.09327586
10409,0.06396882
10509,0.053765412
10609,0.08458297
10709,0.09496982
10909,0.18900341
11209,0.08343395
11309,0.12977633
11709,0.11774591
11909,0.029207518
12109,0.09601469
12409,0.098094195
12709,0.028407425
12909,0.36152598
13009,0.26024142
13409,0.048562054
13509,0.061225995
13609,0.0494349
13709,0.04727757
13909,0.06382767
14309,0.02767751
14409,0.33203667
15409,0.29698807
15609,0.060909655
15709,0.20305757
15809,0.049952503
15909,0.024608197
16109,0.16915895
16209,0.03752831
16309,0.031028563
16409,0.024032108
16509,0.002658041
16609,0.060908582
17009,0.109588414
17109,0.01751698
17209,0.034582395
17309,0.02469268
17409,0.018301396
17609,0.17587557
17709,0.03614198
17909,0.028165206
18009,0.019492002
18109,0.0074510714
18209,0.01120525
18409,0.004033176
18509,0.028374834
18709,0.010900006
18809,0.065810874
19109,0.088988
19509,0.02362218
19609,0.022783928
19709,0.054193866
19809,0.027036307
20709,0.035135828
20809,0.26279682
20909,0.07672644
21109,0.07180544
21209,0.042292617
21409,0.6649937
21809,0.05794653
22009,0.06727817
22309,0.03556366
22409,0.035480447
22509,0.025838248
22609,0.04903465
22909,0.01231943
23009,0.014551646
23209,0.028556023
23309,0.024138976
23609,0.06831191
23709,0.05782406
23809,0.04938773
23909,0.053137846
24109,0.026803488
24209,0.122169755
24409,0.08284297
24509,0.18948245
24609,0.01007467
24709,0.12444989
25309,0.040034756
25409,0.14959154
25809,0.22474748
26009,0.22034375
26109,0.22784527
26209,0.045192484
26309,0.06649127
26409,0.26888937
26609,0.09433629
26709,0.107960716
26809,0.055262934
26909,0.09689497
27009,0.10075579
27309,0.13279113
27409,0.13121481
27509,0.06340513
27909,0.060713667
28009,0.07533771
28109,0.24197695
28309,0.06265828
28409,0.043542497
29009,0.20593023
29109,0.04862229
29309,0.035288006
29609,0.05367132
29709,0.16129522
29809,0.048126727
29909,0.024985338
30009,0.0487946
30109,0.33626884
30309,0.02926393
30409,0.034168053
30709,0.17058541
30809,0.1325031
31109,0.20351963
31209,0.051767334
31609,0.080004655
31709,0.34101906
31809,0.2718558
31909,0.023865752
32009,0.03533487
32109,0.028023485
32809,0.07498275
33009,0.023982123
33109,0.01921409
33509,0.047244735
33709,0.027982598
33809,0.019909803
33909,0.0043970426
34009,0.027107053
34209,0.009262306
34309,0.027100932
34409,0.0060230284
34509,0.09394287
34609,0.09579194
34809,0.0027154186
35009,0.03168506
35209,0.060135987
35309,0.10980257
35509,0.047983445
35609,0.040323902
35709,0.05750506
35909,0.20462634
36009,0.23059545
36109,0.0531106
36609,0.11522144
37209,0.05735437
37409,0.07087201
37509,0.06935503
37609,0.48611733
37709,0.11987167
38109,0.035134852
38209,0.04779234
38309,0.02591429
38409,0.08340322
38609,0.055350304
38809,0.04624012
39109,0.19390553
39209,0.015605878
39309,0.12877914
39409,0.42069525
39609,0.07499705
39709,0.006145709
39909,0.03601209
40009,0.09925458
40209,0.026861042
40509,0.049436215
40609,0.06588776
41809,0.27719048
42009,0.104571484
42709,0.06362178
42909,0.05433861
43609,0.23606353
44209,0.0445903
44509,0.0383159
44709,0.04591393
44909,0.036250405
45209,0.11374728
45309,0.14054346
45509,0.050381638
45609,0.032014735
46109,0.20013823
46309,0.044115994
46509,0.17865229
46909,0.014677662
47009,0.07242338
47109,0.09246782
47209,0.112549916
47309,0.038041197
47609,0.09727191
47709,0.03649143
47809,0.038990125
47909,0.051657345
48209,0.14553013
48609,0.053493686
48709,0.0036675523
49109,0.07504202
49209,0.04754187
49609,0.039665703
49709,0.11467005
49909,0.035740793
50109,0.025957664
50309,0.048417967
50409,0.008336906
50609,0.19547348
50809,0.0734709
50909,0.032333877
51009,0.090492316
51209,0.044459917
51609,0.07226122
51809,0.07791395
52009,0.026069028
52109,0.18294911
52509,0.05327907
52609,0.48795897
52709,0.92439324
53209,0.14179435
53309,0.14663401
53409,0.34703958
53609,0.029236065
53909,0.5126627
54109,0.12126481
54209,0.10125957
54309,0.083620675
54409,0.05964878
54609,0.04074022
55009,0.03303438
55209,0.5090562
55409,0.14180718
55509,0.03654515
55609,0.021921353
56209,0.16980234
56509,0.08377243
56709,0.047530614
56809,0.10296107
57009,0.052649543
57109,0.045498487
57209,0.04658746
57309,0.014886855
57509,0.045716774
57909,0.08532931
58009,0.10693213
58209,0.20449401
58309,0.063143805
58509,0.23570652
58909,0.01715912
59109,0.38455954
59209,0.22263275
59509,0.16213672
59609,0.38706747
59809,0.13455142
59909,0.16303422
60409,0.04550498
60509,0.045835223
60809,0.038697876
61109,0.027538657
61309,0.14195175
61409,0.37258136
61709,0.044289656
62109,0.16779715
62409,0.06542554
62709,0.030116804
62809,0.042636577
63509,0.28374225
63609,0.03503384
63709,0.032814037
63809,0.036368705
63909,0.03952386
64309,0.03756732
64409,0.021983752
10,0.0884889
110,0.13313173
410,0.8824528
610,0.059118927
710,0.027959457
1010,0.10772688
1210,0.11626466
1710,0.066488
2210,0.69611317
2710,0.08209519
2810,0.43442002
2910,0.06799102
3010,0.35776985
3110,0.030291503
3210,0.13493897
3310,0.08910139
3410,0.5385095
3710,0.025306359
4010,0.018752135
4110,0.084634356
4210,0.010893269
4410,0.19998662
4710,0.012173971
4810,0.0283626
4910,0.26545522
5110,0.0076841093
5210,0.02234044
5710,0.031091357
5910,0.03633917
6210,0.01085594
6310,0.018420193
6510,0.029789245
6610,0.033273473
6810,0.051984813
6910,0.067141086
7010,0.0857469
7210,0.039240014
7410,0.069367126
7510,0.082218304
7710,0.08837135
7910,0.05051768
8110,0.03732846
8210,0.0159207
8310,0.030167583
8410,0.045184806
8510,0.058083467
8610,0.028011926
8710,0.08172262
8910,0.06911291
9010,0.25738978
9210,0.012819874
9510,0.511821
9810,0.030046916
9910,0.12871914
10110,0.22453405
10410,0.010546835
10510,0.015400419
10610,0.031613253
10710,0.005095854
10910,0.014057724
11210,0.03453189
11310,0.40811723
11710,0.010545693
11910,0.026218545
12110,0.31713355
12410,0.064351924
12710,0.04529773
12910,0.15081039
13010,0.34818402
13410,0.03398543
13510,0.034799416
13610,0.015570961
13710,0.008415764
13910,0.015525621
14310,0.027874552
14410,0.9295588
15410,0.8757383
15610,0.021172307
15710,0.2124541
15810,0.0731384
15910,0.03460144
16110,0.07891997
16210,0.024396578
16310,0.08058601
16410,0.054289203
16510,0.7711758
16610,0.1185441
17010,0.011067246
17110,0.23610343
17210,0.076313026
17310,0.12667055
17410,0.12103912
17610,0.6172953
17710,0.055029396
17910,0.034761846
18010,0.06280506
18110,0.06229258
18210,0.1419473
18410,0.92737764
18510,0.6628624
18710,0.012820416
18810,0.118297584
19110,0.26476517
19510,0.1397943
19610,0.09757706
19710,0.070833266
19810,0.011029052
20710,0.031262465
20810,0.76313466
20910,0.10815737
21110,0.009552936
21210,0.08267687
21410,0.30402666
21810,0.014330744
22010,0.018177839
22310,0.003154517
22410,0.031349987
22510,0.015460605
22610,0.045331966
22910,0.06810397
23010,0.049682464
23210,0.025367074
23310,0.004612584
23610,0.017929304
23710,0.16725056
23810,0.19486298
23910,0.050957404
24110,0.048217084
24210,0.06488052
24410,0.16436374
24510,0.09596599
24610,0.01816207
24710,0.06984183
25310,0.26935515
25410,0.3358669
25810,0.94605774
26010,0.7250655
26110,0.08258977
26210,0.012899227
26310,0.011324024
26410,0.6607448
26610,0.019464418
26710,0.066099
26810,0.02274094
26910,0.092756495
27010,0.027041053
27310,0.35092947
27410,0.05200047
27510,0.006443431
27910,0.19272698
28010,0.027129121
28110,0.83266
28310,0.020779895
28410,0.014371389
29010,0.6380209
29110,0.031697374
29310,0.01863073
29610,0.0140589215
29710,0.68042564
29810,0.086828835
29910,0.013583637
30010,0.01859981
30110,0.8813159
30310,0.009740294
30410,0.009548308
30710,0.92254686
30810,0.05804181
31110,0.8959353
31210,0.056033283
31610,0.048607714
31710,0.89669937
31810,0.69204265
31910,0.024460936
32010,0.04214483
32110,0.077469625
32810,0.022652423
33010,0.09979558
33110,0.3880676
33510,0.045165926
33710,0.050137866
33810,0.07172233
33910,0.05698364
34010,0.077849075
34210,0.8421121
34310,0.47430205
34410,0.17480576
34510,0.18761313
34610,0.20528114
34810,0.46137926
35010,0.05377528
35210,0.04101921
35310,0.14100711
35510,0.08510675
35610,0.4016611
35710,0.22642002
35910,0.48197708
36010,0.2234774
36110,0.04157229
36610,0.9029088
37210,0.010622308
37410,0.04484253
37510,0.024607567
37610,0.76369035
37710,0.031117413
38110,0.013683286
38210,0.011507056
38310,0.01565103
38410,0.06432485
38610,0.032604933
38810,0.04442996
39110,0.010062047
39210,0.11421237
39310,0.02953451
39410,0.46021724
39610,0.02258409
39710,0.0019871832
39910,0.12403897
40010,0.37116066
40210,0.16815057
40510,0.024695711
40610,0.06921723
41810,0.82674277
42010,0.06658217
42710,0.02824066
42910,0.047571197
43610,0.8296121
44210,0.12619646
44510,0.21805869
44710,0.045236267
44910,0.024014318
45210,0.029572017
45310,0.020491982
45510,0.04753145
45610,0.01413009
46110,0.11934521
46310,0.021131257
46510,0.9645311
46910,0.19762202
47010,0.0423089
47110,0.9227902
47210,0.28410035
47310,0.025976205
47610,0.049512185
47710,0.022182161
47810,0.021355543
47910,0.16100442
48210,0.16186658
48610,0.3184962
48710,0.81087345
49110,0.11795396
49210,0.040297534
49610,0.22507234
49710,0.19106856
49910,0.041025568
50110,0.053220943
50310,0.2104473
50410,0.005876924
50610,0.21743797
50810,0.086863145
50910,0.9428583
51010,0.16031274
51210,0.121858686
51610,0.008165845
51810,0.026250454
52010,0.119518474
52110,0.019490115
52510,0.12544888
52610,0.8353596
52710,0.14743745
53210,0.023712644
53310,0.06407009
53410,0.0078449845
53610,0.024908695
53910,0.58574075
54110,0.20431149
54210,0.052160814
54310,0.061690778
54410,0.04261127
54610,0.007876792
55010,0.046188083
55210,0.26162362
55410,0.009001962
55510,0.0721442
55610,0.12367566
56210,0.090571605
56510,0.030023983
56710,0.021475077
56810,0.24386464
57010,0.50895846
57110,0.13693368
57210,0.054959267
57310,0.208903
57510,0.04387103
57910,0.06367016
58010,0.16049835
58210,0.6405897
58310,0.02203523
58510,0.08972819
58910,0.010437195
59110,0.7849865
59210,0.7937783
59510,0.7876421
59610,0.89535564
59810,0.059699655
59910,0.098223284
60410,0.19612025
60510,0.5918337
60810,0.015759103
61110,0.0668885
61310,0.60694945
61410,0.77539307
61710,0.02100907
62110,0.54446095
62410,0.019794868
62710,0.012977859
62810,0.013678898
63510,0.8700923
63610,0.014502672
63710,0.024259299
63810,0.018321518
63910,0.1143354
64310,0.025458768
64410,0.047758732
11,0.109504744
111,0.21285322
411,0.63142556
611,0.03421168
711,0.031524956
1011,0.12755968
1211,0.21600056
1711,0.09117068
2211,0.040196378
2711,0.039156843
2811,0.052741136
2911,0.0338558
3011,0.02453229
3111,0.031152522
3211,0.028145581
3311,0.050722975
3411,0.043107077
3711,0.17174758
4011,0.022479
4111,0.0011813431
4211,0.016356943
4411,0.02143747
4711,0.03531743
4811,0.01616969
4911,0.060633834
5111,0.014982669
5211,0.035420343
5711,0.020819105
5911,0.029320955
6211,0.0094958665
6311,0.019653015
6511,0.02885153
6611,0.026532212
6811,0.037455745
6911,0.033933956
7011,0.01662059
7211,0.008843715
7411,0.13818635
7511,0.20281518
7711,0.033933036
7911,0.029733025
8111,0.021437312
8211,0.031930994
8311,0.020839136
8411,0.037136145
8511,0.044336762
8611,0.024286034
8711,0.04461241
8911,0.025804339
9011,0.027218038
9211,0.020125097
9511,0.041804157
9811,0.033020284
9911,0.044177607
10111,0.034044497
10411,0.016081499
10511,0.016227609
10611,0.021172706
10711,0.022020776
10911,0.03996695
11211,0.031456463
11311,0.01742866
11711,0.0739458
11911,0.025017828
12111,0.05521711
12411,0.030710025
12711,0.023370488
12911,0.042116106
13011,0.101345666
13411,0.032263987
13511,0.02296128
13611,0.020464027
13711,0.01601938
13911,0.040438615
14311,0.019033376
14411,0.03213661
15411,0.03380539
15611,0.023484886
15711,0.051642943
15811,0.02050177
15911,0.050262194
16111,0.04239228
16211,0.017108226
16311,0.1814008
16411,0.16540617
16511,0.914727
16611,0.24952461
17011,0.016930979
17111,0.14311554
17211,0.1094995
17311,0.19166999
17411,0.10364174
17611,0.036035657
17711,0.041037176
17911,0.07501224
18011,0.098401316
18111,0.067448705
18211,0.040188007
18411,0.007995681
18511,0.046472594
18711,0.039528653
18811,0.03228868
19111,0.072218195
19511,0.050834145
19611,0.07708788
19711,0.03287782
19811,0.035449885
20711,0.013408503
20811,0.044794712
20911,0.058353297
21111,0.019608798
21211,0.117622405
21411,0.06396364
21811,0.024217613
22011,0.019883154
22311,0.048714604
22411,0.023068305
22511,0.010885386
22611,0.036247242
22911,0.0060907723
23011,0.06106251
23211,0.2541053
23311,0.092740394
23611,0.019579055
23711,0.028194848
23811,0.035748515
23911,0.03272653
24111,0.022007946
24211,0.019843297
24411,0.02261603
24511,0.022011831
24611,0.09331497
24711,0.018666917
25311,0.18710883
25411,0.053590357
25811,0.02434501
26011,0.051873934
26111,0.02264989
26211,0.014201629
26311,0.014299976
26411,0.05691761
26611,0.031869583
26711,0.060828518
26811,0.09137909
26911,0.02452285
27011,0.026535979
27311,0.05021662
27411,0.055224966
27511,0.026997572
27911,0.03614689
28011,0.03723483
28111,0.032309115
28311,0.034925714
28411,0.013530722
29011,0.052393455
29111,0.03138696
29311,0.030161342
29611,0.049293
29711,0.04097841
29811,0.034504887
29911,0.016501943
30011,0.021776095
30111,0.036823474
30311,0.0107825305
30411,0.009544684
30711,0.027161371
30811,0.061621
31111,0.040477503
31211,0.026927365
31611,0.021500153
31711,0.03870749
31811,0.0502525
31911,0.014508379
32011,0.03926479
32111,0.13862312
32811,0.016582692
33011,0.10721069
33111,0.25887907
33511,0.019086402
33711,0.063659504
33811,0.0943972
33911,0.045619875
34011,0.03341644
34211,0.0077889594
34311,0.054370787
34411,0.029739209
34511,0.022993214
34611,0.04015901
34811,0.058177624
35011,0.022941664
35211,0.012403462
35311,0.066184275
35511,0.026975855
35611,0.03300303
35711,0.045597617
35911,0.0516989
36011,0.045045696
36111,0.025581911
36611,0.027402472
37211,0.009801357
37411,0.030373083
37511,0.04711733
37611,0.061937578
37711,0.016896171
38111,0.018915897
38211,0.021213051
38311,0.014767157
38411,0.034139525
38611,0.021330938
38811,0.026630104
39111,0.022058625
39211,0.0065450855
39311,0.15783888
39411,0.035051852
39611,0.061978053
39711,0.00088452833
39911,0.06139478
40011,0.021589244
40211,0.037515476
40511,0.011063088
40611,0.03428995
41811,0.046410125
42011,0.029798822
42711,0.019471629
42911,0.019481394
43611,0.049451955
44211,0.03388592
44511,0.043059878
44711,0.031794928
44911,0.01257373
45211,0.027796326
45311,0.03090437
45511,0.046726204
45611,0.01677892
46111,0.054537207
46311,0.015551371
46511,0.018346228
46911,0.060377426
47011,0.028015776
47111,0.022855937
47211,0.039240364
47311,0.02815032
47611,0.023491668
47711,0.021425754
47811,0.015932932
47911,0.02223534
48211,0.032222725
48611,0.10334095
48711,0.85720706
49111,0.04329874
49211,0.023375224
49611,0.03581437
49711,0.04798031
49911,0.027748061
50111,0.12683588
50311,0.028958792
50411,0.02168699
50611,0.027360177
50811,0.019859387
50911,0.010157395
51011,0.032560177
51211,0.034225512
51611,0.022334667
51811,0.018502343
52011,0.061028134
52111,0.028189015
52511,0.044516552
52611,0.029969722
52711,0.012352569
53211,0.022996262
53311,0.067245886
53411,0.047800932
53611,0.08681773
53911,0.04730636
54111,0.038040783
54211,0.030750137
54311,0.036515936
54411,0.020913107
54611,0.010140915
55011,0.022815645
55211,0.022688594
55411,0.039650913
55511,0.035587076
55611,0.31974983
56211,0.030881777
56511,0.01882057
56711,0.026330313
56811,0.04205772
57011,0.044066347
57111,0.029549256
57211,0.023305543
57311,0.08737761
57511,0.038787644
57911,0.034236304
58011,0.03086976
58211,0.05473491
58311,0.035394814
58511,0.03754349
58911,0.09996495
59111,0.04815563
59211,0.028580176
59511,0.015562916
59611,0.04135054
59811,0.022890665
59911,0.031176405
60411,0.01386587
60511,0.044056956
60811,0.019558938
61111,0.018374544
61311,0.061624832
61411,0.049937584
61711,0.020340627
62111,0.05798546
62411,0.030350499
62711,0.011713975
62811,0.010903518
63511,0.04297988
63611,0.015440324
63711,0.021193536
63811,0.018328656
63911,0.032733567
64311,0.020330342
64411,0.01923088
12,0.012491528
112,0.012164179
412,0.20941678
612,0.03246771
712,0.025002174
1012,0.009267668
1212,0.026663082
1712,0.008694598
2212,0.018345958
2712,0.016550872
2812,0.073599
2912,0.01720244
3012,0.21004051
3112,0.1029557
3212,0.030564565
3312,0.03273017
3412,0.022382539
3712,0.017770683
4012,0.021284288
4112,0.007536916
4212,0.010116739
4412,0.018500486
4712,0.031531997
4812,0.015045406
4912,0.029239632
5112,0.008256112
5212,0.035362
5712,0.04032688
5912,0.019321648
6212,0.053269893
6312,0.030216796
6512,0.038994547
6612,0.08773877
6812,0.06178459
6912,0.08887371
7012,0.016430242
7212,0.020479796
7412,0.01684092
7512,0.014197296
7712,0.013263941
7912,0.019155893
8112,0.02268622
8212,0.021255512
8312,0.013636566
8412,0.013893725
8512,0.0074308
8612,0.010187272
8712,0.014167968
8912,0.018229244
9012,0.01965542
9212,0.008160735
9512,0.075557224
9812,0.012631772
9912,0.019516826
10112,0.028235711
10412,0.02047169
10512,0.023014355
10612,0.015518321
10712,0.0107869515
10912,0.019474477
11212,0.01705478
11312,0.03901191
11712,0.05604989
11912,0.017434005
12112,0.07558185
12412,0.033510882
12712,0.11425779
12912,0.043887258
13012,0.06743159
13412,0.04188131
13512,0.010860703
13612,0.016170152
13712,0.019544058
13912,0.040787723
14312,0.033529367
14412,0.09449598
15412,0.07350629
15612,0.034884665
15712,0.06882815
15812,0.020475555
15912,0.011250143
16112,0.023921406
16212,0.044331502
16312,0.018181574
16412,0.0066165095
16512,0.047595344
16612,0.05095586
17012,0.012742361
17112,0.015640903
17212,0.008221081
17312,0.03137644
17412,0.011754338
17612,0.057064645
17712,0.014086934
17912,0.004274785
18012,0.006715447
18112,0.0072344565
18212,0.007255381
18412,0.013370877
18512,0.018176775
18712,0.0067678997
18812,0.016533278
19112,0.08179562
19512,0.01132853
19612,0.017481776
19712,0.012463395
19812,0.01072578
20712,0.018991392
20812,0.083886504
20912,0.043617304
21112,0.020972906
21212,0.036459915
21412,0.04378774
21812,0.029942682
22012,0.016371874
22312,0.01578785
22412,0.06303321
22512,0.067374304
22612,0.05368395
22912,0.76827997
23012,0.025807912
23212,0.01479182
23312,0.024091773
23612,0.014521646
23712,0.021289783
23812,0.026520947
23912,0.015290264
24112,0.05658226
24212,0.03957132
24412,0.028689113
24512,0.01441237
24612,0.013916615
24712,0.011067669
25312,0.047457494
25412,0.050349843
25812,0.07884134
26012,0.1312708
26112,0.017880915
26212,0.017572124
26312,0.009650143
26412,0.058541406
26612,0.022395417
26712,0.08920099
26812,0.023324097
26912,0.022349244
27012,0.014837516
27312,0.073696055
27412,0.03101851
27512,0.062034246
27912,0.029460814
28012,0.011405539
28112,0.12640649
28312,0.050889283
28412,0.032063406
29012,0.09102484
29112,0.06987076
29312,0.046481505
29612,0.01659693
29712,0.2769817
29812,0.06173934
29912,0.013189029
30012,0.0494269
30112,0.094120786
30312,0.011419887
30412,0.026707007
30712,0.07351326
30812,0.035063054
31112,0.09088089
31212,0.04700133
31612,0.015586729
31712,0.12766199
31812,0.08328845
31912,0.057961408
32012,0.029385243
32112,0.013503636
32812,0.01269351
33012,0.008383036
33112,0.031404436
33512,0.04984991
33712,0.005065169
33812,0.005705534
33912,0.005340415
34012,0.010017887
34212,0.013846513
34312,0.017343054
34412,0.006038855
34512,0.025672065
34612,0.019109817
34812,0.008330894
35012,0.012789549
35212,0.015928442
35312,0.16115765
35512,0.010475038
35612,0.030087825
35712,0.022702994
35912,0.07017481
36012,0.06545486
36112,0.03389292
36612,0.23328772
37212,0.00641917
37412,0.04147494
37512,0.01635452
37612,0.1099016
37712,0.023996027
38112,0.021187583
38212,0.01638827
38312,0.09872252
38412,0.03390935
38612,0.012664853
38812,0.016484952
39112,0.010938693
39212,0.6092068
39312,0.044889227
39412,0.05264381
39612,0.023039928
39712,0.00042620648
39912,0.021141848
40012,0.02141732
40212,0.015674654
40512,0.0223669
40612,0.013382456
41812,0.10189752
42012,0.01816911
42712,0.04994182
42912,0.010319888
43612,0.07630033
44212,0.07306082
44512,0.023510702
44712,0.05291459
44912,0.027666625
45212,0.0086592315
45312,0.012026347
45512,0.04454747
45612,0.030575432
46112,0.08660298
46312,0.03136302
46512,0.063443504
46912,0.014777706
47012,0.013626424
47112,0.04994888
47212,0.083075084
47312,0.027807485
47612,0.02237504
47712,0.020907613
47812,0.027184933
47912,0.022790505
48212,0.033553228
48612,0.06641023
48712,0.036446333
49112,0.039141055
49212,0.048259113
49612,0.030990142
49712,0.02867857
49912,0.02643687
50112,0.0054803086
50312,0.017980212
50412,0.002834329
50612,0.019412735
50812,0.013931977
50912,0.022608664
51012,0.014211153
51212,0.020177277
51612,0.07420466
51812,0.0106714815
52012,0.012687645
52112,0.009406907
52512,0.0265651
52612,0.054639746
52712,0.051463716
53212,0.014416138
53312,0.038201064
53412,0.03564562
53612,0.017532244
53912,0.05697733
54112,0.10988324
54212,0.063457035
54312,0.045832682
54412,0.043268632
54612,0.0057191886
55012,0.027709827
55212,0.032951523
55412,0.018002775
55512,0.019202573
55612,0.009130507
56212,0.021453863
56512,0.018195897
56712,0.008628153
56812,0.029539296
57012,0.042716894
57112,0.016466621
57212,0.023665875
57312,0.032276276
57512,0.007863468
57912,0.0462798
58012,0.022383641
58212,0.06864423
58312,0.0096600065
58512,0.01609816
58912,0.008807571
59112,0.07610092
59212,0.055198267
59512,0.03724988
59612,0.0871553
59812,0.028737903
59912,0.03229305
60412,0.012114459
60512,0.029542979
60812,0.025504567
61112,0.009379019
61312,0.123455994
61412,0.08090309
61712,0.014261903
62112,0.15501383
62412,0.06590722
62712,0.027178489
62812,0.025440834
63512,0.11239636
63612,0.034855764
63712,0.042285252
63812,0.022114072
63912,0.016822107
64312,0.016007924
64412,0.058936827
13,0.06851839
113,0.04783952
413,0.02411841
613,0.04162434
713,0.0137213385
1013,0.041833945
1213,0.01695635
1713,0.061161578
2213,0.054436874
2713,0.011431177
2813,0.12029061
2913,0.07601418
3013,0.03296329
3113,0.01577731
3213,0.043653615
3313,0.06451784
3413,0.043576993
3713,0.016312944
4013,0.011277959
4113,0.00699409
4213,0.018051254
4413,0.026523722
4713,0.011922809
4813,0.019875126
4913,0.04443952
5113,0.014668127
5213,0.02057793
5713,0.015959525
5913,0.045739997
6213,0.010498006
6313,0.012134019
6513,0.02238764
6613,0.021697663
6813,0.042741887
6913,0.01580958
7013,0.011999306
7213,0.013272101
7413,0.055699088
7513,0.025014563
7713,0.040258553
7913,0.017882524
8113,0.026984803
8213,0.0154038835
8313,0.0323064
8413,0.049322043
8513,0.03584326
8613,0.028512407
8713,0.07682336
8913,0.04764067
9013,0.034856718
9213,0.013778662
9513,0.04881144
9813,0.04192215
9913,0.059123687
10113,0.038147368
10413,0.014282129
10513,0.010874918
10613,0.011122246
10713,0.0124026
10913,0.016051961
11213,0.03202132
11313,0.02231695
11713,0.009688157
11913,0.01752451
12113,0.08876814
12413,0.05263326
12713,0.028224112
12913,0.033228584
13013,0.05592872
13413,0.02037476
13513,0.03327977
13613,0.01381914
13713,0.017889015
13913,0.013566009
14313,0.015137381
14413,0.07265772
15413,0.058810934
15613,0.011355387
15713,0.060561694
15813,0.034044884
15913,0.025927462
16113,0.030272597
16213,0.0141304685
16313,0.036246207
16413,0.036319263
16513,0.0075869365
16613,0.04452158
17013,0.010722987
17113,0.048359644
17213,0.04653016
17313,0.04720378
17413,0.04334995
17613,0.063877694
17713,0.05014136
17913,0.0401564
18013,0.04797639
18113,0.0069302293
18213,0.006653393
18413,0.0068758554
18513,0.06727976
18713,0.003964655
18813,0.0390965
19113,0.11716814
19513,0.051943097
19613,0.033466794
19713,0.036546562
19813,0.0063459063
20713,0.018386401
20813,0.05575241
20913,0.05752141
21113,0.017494816
21213,0.02139878
21413,0.027817456
21813,0.013488222
22013,0.03398847
22313,0.0061030416
22413,0.024544552
22513,0.011748052
22613,0.039980285
22913,0.011414569
23013,0.008453456
23213,0.012921519
23313,0.0045367773
23613,0.026003415
23713,0.025558857
23813,0.03223353
23913,0.034114674
24113,0.025678972
24213,0.030471224
24413,0.05865824
24513,0.020682672
24613,0.005433943
24713,0.03148411
25313,0.051038485
25413,0.05107639
25813,0.07141594
26013,0.12092156
26113,0.01291495
26213,0.009456931
26313,0.01400404
26413,0.05780513
26613,0.01382849
26713,0.027185181
26813,0.009345444
26913,0.021639343
27013,0.01995225
27313,0.07645775
27413,0.021339064
27513,0.0066688475
27913,0.035303906
28013,0.020073615
28113,0.06489637
28313,0.01640926
28413,0.014453638
29013,0.090803824
29113,0.017886298
29313,0.019363772
29613,0.008542846
29713,0.086020224
29813,0.030359508
29913,0.016379056
30013,0.019874727
30113,0.06889425
30313,0.012369182
30413,0.01365686
30713,0.0703435
30813,0.023929654
31113,0.08775701
31213,0.03133776
31613,0.026324255
31713,0.093153454
31813,0.076328404
31913,0.010004673
32013,0.0359532
32113,0.071672015
32813,0.014037224
33013,0.040368672
33113,0.045483693
33513,0.022979392
33713,0.045938786
33813,0.039018497
33913,0.0016135054
34013,0.022131648
34213,0.010244726
34313,0.062469907
34413,0.011103141
34513,0.042988144
34613,0.04703448
34813,0.0073596644
35013,0.01951446
35213,0.014637491
35313,0.055208497
35513,0.035376374
35613,0.07059557
35713,0.0854832
35913,0.0433876
36013,0.043451406
36113,0.022391474
36613,0.053030606
37213,0.015132286
37413,0.020094149
37513,0.013779529
37613,0.1109292
37713,0.018557046
38113,0.0150734
38213,0.021853479
38313,0.020369936
38413,0.046648804
38613,0.031605795
38813,0.061495688
39113,0.017636804
39213,0.013522374
39313,0.016999558
39413,0.02474195
39613,0.012854964
39713,0.0002522368
39913,0.04926905
40013,0.02284781
40213,0.060585268
40513,0.017144838
40613,0.04886326
41813,0.0756885
42013,0.05734883
42713,0.02832649
42913,0.019202275
43613,0.05696694
44213,0.031003863
44513,0.022535287
44713,0.017205648
44913,0.015658857
45213,0.03655957
45313,0.015165943
45513,0.037165646
45613,0.016075654
46113,0.10310472
46313,0.013801762
46513,0.03931417
46913,0.05021294
47013,0.014125767
47113,0.068467185
47213,0.058209036
47313,0.015164496
47613,0.033516314
47713,0.013541839
47813,0.012110699
47913,0.04202219
48213,0.031282693
48613,0.112194404
48713,0.010359787
49113,0.06192195
49213,0.031598978
49613,0.029430334
49713,0.023909807
49913,0.031764224
50113,0.042278007
50313,0.029294206
50413,0.0013412773
50613,0.018596588
50813,0.02078539
50913,0.023546286
51013,0.06490632
51213,0.014210197
51613,0.008160463
51813,0.02697685
52013,0.01995194
52113,0.013910833
52513,0.024350269
52613,0.041432902
52713,0.12621671
53213,0.018665241
53313,0.029918315
53413,0.02476138
53613,0.013214835
53913,0.043065723
54113,0.0682329
54213,0.031503186
54313,0.06462943
54413,0.019733207
54613,0.0054960283
55013,0.01945036
55213,0.012809039
55413,0.010412022
55513,0.016602103
55613,0.03448695
56213,0.019479956
56513,0.02052872
56713,0.02420777
56813,0.047767207
57013,0.09049049
57113,0.064057626
57213,0.030513052
57313,0.023423541
57513,0.040253643
57913,0.025831409
58013,0.05352079
58213,0.08697249
58313,0.016415732
58513,0.031454924
58913,0.0031305808
59113,0.05904887
59213,0.051193915
59513,0.035764515
59613,0.048534162
59813,0.027987313
59913,0.03250809
60413,0.008538634
60513,0.04943548
60813,0.014974758
61113,0.006632893
61313,0.0878897
61413,0.06499178
61713,0.048371196
62113,0.0931585
62413,0.023826884
62713,0.013456033
62813,0.010174338
63513,0.07197814
63613,0.010970987
63713,0.009982707
63813,0.012820753
63913,0.0451718
64313,0.014892527
64413,0.014673075
14,0.03960973
114,0.04038785
414,0.009546686
614,0.044469867
714,0.015496358
1014,0.025487889
1214,0.017183859
1714,0.06613927
2214,0.019291008
2714,0.016113764
2814,0.14570329
2914,0.05462191
3014,0.017735815
3114,0.013640004
3214,0.05382303
3314,0.037661817
3414,0.015408363
3714,0.009550171
4014,0.013411322
4114,0.070262395
4214,0.022321612
4414,0.038638987
4714,0.021001805
4814,0.010497888
4914,0.0348168
5114,0.009366089
5214,0.03206451
5714,0.021638708
5914,0.043976
6214,0.014760576
6314,0.014649613
6514,0.025859384
6614,0.023519335
6814,0.041400358
6914,0.027599048
7014,0.014712162
7214,0.013943078
7414,0.072288245
7514,0.009768762
7714,0.018583301
7914,0.02251779
8114,0.021154735
8214,0.009527749
8314,0.0328733
8414,0.03141103
8514,0.018351505
8614,0.020091772
8714,0.110063076
8914,0.038634192
9014,0.030783191
9214,0.010408779
9514,0.0668373
9814,0.05419973
9914,0.082659945
10114,0.06605143
10414,0.022224125
10514,0.013699723
10614,0.04492714
10714,0.010711589
10914,0.040721543
11214,0.023903579
11314,0.0387945
11714,0.012780263
11914,0.0144738
12114,0.1055045
12414,0.050860822
12714,0.026522769
12914,0.038129535
13014,0.058171123
13414,0.023166163
13514,0.023711193
13614,0.015149293
13714,0.03517407
13914,0.009294066
14314,0.013791965
14414,0.22225313
15414,0.17862955
15614,0.0185101
15714,0.088422544
15814,0.027626999
15914,0.01330503
16114,0.029523408
16214,0.020065317
16314,0.04095122
16414,0.03671513
16514,0.0046640174
16614,0.045800317
17014,0.013438162
17114,0.030043093
17214,0.023575073
17314,0.02274879
17414,0.022819389
17614,0.12347166
17714,0.02305126
17914,0.031819154
18014,0.05892243
18114,0.0043025436
18214,0.017132243
18414,0.0124508785
18514,0.029797727
18714,0.010218019
18814,0.033511505
19114,0.038907565
19514,0.025892254
19614,0.011886148
19714,0.019908126
19814,0.0032128962
20714,0.014253191
20814,0.104290225
20914,0.07643849
21114,0.038037907
21214,0.012326168
21414,0.037458505
21814,0.025844768
22014,0.041298885
22314,0.0027316986
22414,0.024959337
22514,0.013429194
22614,0.042332456
22914,0.017238494
23014,0.008882458
23214,0.020647632
23314,0.0037295814
23614,0.024505386
23714,0.017714148
23814,0.032770723
23914,0.01942546
24114,0.015404608
24214,0.0257798
24414,0.09672073
24514,0.023945887
24614,0.015319863
24714,0.025023492
25314,0.023126198
25414,0.076823086
25814,0.38531673
26014,0.17081304
26114,0.018635513
26214,0.0075763385
26314,0.012525216
26414,0.07367812
26614,0.021562697
26714,0.032367952
26814,0.031787667
26914,0.024451628
27014,0.017012384
27314,0.14150806
27414,0.028586071
27514,0.005602128
27914,0.088641666
28014,0.012378903
28114,0.1340315
28314,0.024097256
28414,0.018246602
29014,0.17752531
29114,0.027590528
29314,0.02332918
29614,0.017054401
29714,0.06935874
29814,0.02581089
29914,0.017851206
30014,0.024619859
30114,0.16343825
30314,0.016728466
30414,0.018139258
30714,0.31971765
30814,0.03614376
31114,0.32805943
31214,0.0338634
31614,0.02734003
31714,0.2445021
31814,0.19038449
31914,0.010122424
32014,0.03215717
32114,0.06289283
32814,0.009800233
33014,0.021653872
33114,0.044523288
33514,0.016970811
33714,0.02906399
33814,0.0318331
33914,0.024043057
34014,0.013237816
34214,0.045334615
34314,0.0367336
34414,0.008853903
34514,0.05361226
34614,0.05139212
34814,0.019613473
35014,0.008577397
35214,0.0074948412
35314,0.052426323
35514,0.017160125
35614,0.07291851
35714,0.090578176
35914,0.057067186
36014,0.075123504
36114,0.028453315
36614,0.046460208
37214,0.022428967
37414,0.01767814
37514,0.007908103
37614,0.24181356
37714,0.029122481
38114,0.021156637
38214,0.03513798
38314,0.017149739
38414,0.05725351
38614,0.01793951
38814,0.028686618
39114,0.027451975
39214,0.028556572
39314,0.029979972
39414,0.039712634
39614,0.010982365
39714,0.07254985
39914,0.031196926
40014,0.032985687
40214,0.03625854
40514,0.0157249
40614,0.037684456
41814,0.18192162
42014,0.045731265
42714,0.056620106
42914,0.067101
43614,0.113103196
44214,0.030684957
44514,0.023822282
44714,0.02150069
44914,0.01168752
45214,0.07318183
45314,0.0099398
45514,0.056383688
45614,0.022434525
46114,0.07464135
46314,0.016011564
46514,0.23558815
46914,0.021721693
47014,0.012218763
47114,0.48063925
47214,0.096656896
47314,0.01720078
47614,0.029757483
47714,0.011803051
47814,0.010443231
47914,0.0373801
48214,0.04928343
48614,0.15618736
48714,0.0067793773
49114,0.055681724
49214,0.04237833
49614,0.02917329
49714,0.03294659
49914,0.029517448
50114,0.045572877
50314,0.032125708
50414,0.0056830337
50614,0.035425015
50814,0.022974238
50914,0.041453056
51014,0.08284532
51214,0.018642068
51614,0.008454022
51814,0.022364466
52014,0.011178883
52114,0.018136546
52514,0.037709255
52614,0.058711108
52714,0.12353735
53214,0.01133445
53314,0.039534334
53414,0.013820972
53614,0.0062902
53914,0.03814237
54114,0.08302826
54214,0.053146336
54314,0.06727285
54414,0.020961
54614,0.11243069
55014,0.010117928
55214,0.019680142
55414,0.007932844
55514,0.04564111
55614,0.027752435
56214,0.02904396
56514,0.015002814
56714,0.018206129
56814,0.06425253
57014,0.15350232
57114,0.07281157
57214,0.020204417
57314,0.008668055
57514,0.02692927
57914,0.045011938
58014,0.06650017
58214,0.22203909
58314,0.0101475
58514,0.0265187
58914,0.009162621
59114,0.11200182
59214,0.14658459
59514,0.12479321
59614,0.11500601
59814,0.03786383
59914,0.030180007
60414,0.07104731
60514,0.06588439
60814,0.01682011
61114,0.0299868
61314,0.13650452
61414,0.12735261
61714,0.044768844
62114,0.07749933
62414,0.028745264
62714,0.016205417
62814,0.010461505
63514,0.17688632
63614,0.015590534
63714,0.009860739
63814,0.011673753
63914,0.032908324
64314,0.010324267
64414,0.012920539
15,0.11751822
115,0.103736624
415,0.010464684
615,0.043940183
715,0.02380066
1015,0.05130816
1215,0.010150158
1715,0.06470977
2215,0.012921664
2715,0.0027760104
2815,0.18650591
2915,0.055273835
3015,0.020737354
3115,0.021230968
3215,0.054251797
3315,0.061102215
3415,0.017208673
3715,0.0045964736
4015,0.016866447
4115,0.0014907114
4215,0.0061744
4415,0.024693811
4715,0.02090954
4815,0.017208582
4915,0.044388402
5115,0.0033056254
5215,0.034872886
5715,0.023198662
5915,0.06865888
6215,0.011500701
6315,0.019360302
6515,0.037568673
6615,0.027380684
6815,0.061077993
6915,0.015965907
7015,0.0054876474
7215,0.0022039344
7415,0.11266313
7515,0.02360236
7715,0.021047996
7915,0.0041462337
8115,0.027940672
8215,0.012449639
8315,0.028840015
8415,0.067394204
8515,0.037398145
8615,0.026910497
8715,0.04155187
8915,0.0436181
9015,0.022492878
9215,0.01007918
9515,0.086868234
9815,0.036726546
9915,0.0698511
10115,0.036315955
10415,0.023525076
10515,0.016252847
10615,0.0031297107
10715,0.0040104566
10915,0.026877873
11215,0.03567642
11315,0.016786994
11715,0.006652766
11915,0.024916558
12115,0.20653577
12415,0.09307796
12715,0.029412437
12915,0.0358781
13015,0.12674277
13415,0.03286087
13515,0.026401456
13615,0.019724665
13715,0.017758343
13915,0.007028936
14315,0.015150721
14415,0.13846952
15415,0.12918927
15615,0.019113911
15715,0.14433433
15815,0.02771298
15915,0.008940989
16115,0.045676213
16215,0.022543272
16315,0.11318171
16415,0.07292465
16515,0.004267107
16615,0.0962669
17015,0.012338009
17115,0.04775755
17215,0.04822908
17315,0.040404
17415,0.036806222
17615,0.16265258
17715,0.055065867
17915,0.02496118
18015,0.058676228
18115,0.0015085744
18215,0.002801434
18415,0.0023798821
18515,0.014705534
18715,0.0010805131
18815,0.028228251
19115,0.11150517
19515,0.032299418
19615,0.004949683
19715,0.041407444
19815,0.0012300179
20715,0.015487951
20815,0.10885133
20915,0.05752889
21115,0.0175753
21215,0.025424559
21415,0.03243234
21815,0.02276504
22015,0.03190139
22315,0.0013024828
22415,0.028110007
22515,0.011698226
22615,0.051587414
22915,0.002768423
23015,0.0025801635
23215,0.015194707
23315,0.0014646496
23615,0.018460281
23715,0.00679139
23815,0.009935368
23915,0.046951145
24115,0.026283175
24215,0.03154346
24415,0.015588535
24515,0.015448292
24615,0.0016380267
24715,0.013204598
25315,0.04502308
25415,0.06802786
25815,0.15545054
26015,0.1991181
26115,0.016847134
26215,0.00913272
26315,0.015795529
26415,0.14580324
26615,0.021707743
26715,0.04967309
26815,0.003915348
26915,0.013716712
27015,0.02846369
27315,0.13373457
27415,0.028694596
27515,0.002043405
27915,0.010214441
28015,0.0031154759
28115,0.11782627
28315,0.024391184
28415,0.016836721
29015,0.1779771
29115,0.028460506
29315,0.023565799
29615,0.0037226758
29715,0.1014282
29815,0.04508499
29915,0.02734781
30015,0.023242477
30115,0.14130452
30315,0.015021351
30415,0.014398994
30715,0.12606438
30815,0.03228276
31115,0.15045339
31215,0.0640116
31615,0.024847431
31715,0.18002075
31815,0.18190399
31915,0.0111641055
32015,0.06675912
32115,0.10131472
32815,0.014321325
33015,0.039237402
33115,0.064082116
33515,0.022201383
33715,0.04396657
33815,0.028119612
33915,0.00083691964
34015,0.0051072915
34215,0.0041682543
34315,0.02569723
34415,0.0018223139
34515,0.011727184
34615,0.026557703
34815,0.0020260084
35015,0.0048884684
35215,0.004147865
35315,0.096314035
35515,0.027286064
35615,0.07189495
35715,0.0958245
35915,0.06611604
36015,0.07586877
36115,0.03841725
36615,0.04381409
37215,0.00562437
37415,0.020085262
37515,0.007659196
37615,0.12297952
37715,0.01870043
38115,0.017581165
38215,0.030615712
38315,0.014834727
38415,0.054733593
38615,0.021958228
38815,0.053386807
39115,0.009066593
39215,0.004969242
39315,0.00780313
39415,0.031529084
39615,0.02111076
39715,0.00015574528
39915,0.06354633
40015,0.016698057
40215,0.037129514
40515,0.010513725
40615,0.03736044
41815,0.14221707
42015,0.06425177
42715,0.018012038
42915,0.0065712696
43615,0.16008969
44215,0.061797798
44515,0.0096105095
44715,0.02592864
44915,0.012359068
45215,0.009367579
45315,0.009410629
45515,0.077762194
45615,0.023484461
46115,0.11625234
46315,0.015893
46515,0.09293048
46915,0.024189653
47015,0.0026080958
47115,0.0898921
47215,0.09599362
47315,0.020247197
47615,0.048684962
47715,0.01625651
47815,0.013795378
47915,0.040865846
48215,0.068841256
48615,0.1689724
48715,0.0049994183
49115,0.13774939
49215,0.038829647
49615,0.057420574
49715,0.008127862
49915,0.045108493
50115,0.05476984
50315,0.0068807476
50415,0.00055922254
50615,0.00803195
50815,0.0030549555
50915,0.012702693
51015,0.02673957
51215,0.0042509544
51615,0.0034803879
51815,0.030703343
52015,0.0077729225
52115,0.009478726
52515,0.012457804
52615,0.041612986
52715,0.012019375
53215,0.011457502
53315,0.032395516
53415,0.0073939203
53615,0.0065054265
53915,0.030969495
54115,0.104296476
54215,0.045041937
54315,0.09443761
54415,0.028971193
54615,0.0031223642
55015,0.016075589
55215,0.009978744
55415,0.00222848
55515,0.004817962
55615,0.07646291
56215,0.019831812
56515,0.021951923
56715,0.015800044
56815,0.035867877
57015,0.06305569
57115,0.040659696
57215,0.040441442
57315,0.007533414
57515,0.02695331
57915,0.072567366
58015,0.08013089
58215,0.11821687
58315,0.0027922909
58515,0.05613565
58915,0.0011048991
59115,0.07359177
59215,0.06867026
59515,0.023027938
59615,0.1054332
59815,0.027943231
59915,0.038125157
60415,0.004091587
60515,0.023716653
60815,0.021074967
61115,0.0018185553
61315,0.15992726
61415,0.11543506
61715,0.044906095
62115,0.16280772
62415,0.023970464
62715,0.014455907
62815,0.012920125
63515,0.18019034
63615,0.015517315
63715,0.01270246
63815,0.016337087
63915,0.036154438
64315,0.01975165
64415,0.0145292
16,0.031134577
116,0.024315609
416,0.0038106942
616,0.045707695
716,0.020060891
1016,0.02052905
1216,0.011412347
1716,0.057652973
2216,0.028506259
2716,0.012368128
2816,0.07814607
2916,0.08668122
3016,0.009639159
3116,0.0101255635
3216,0.041111
3316,0.07116905
3416,0.02255708
3716,0.010043441
4016,0.01681728
4116,0.0074925334
4216,0.010885621
4416,0.032934282
4716,0.019771852
4816,0.016577195
4916,0.04304814
5116,0.0062758685
5216,0.03005665
5716,0.028817615
5916,0.070263974
6216,0.015402829
6316,0.017670797
6516,0.03482863
6616,0.025953446
6816,0.052872244
6916,0.016522117
7016,0.01545586
7216,0.008235336
7416,0.043690577
7516,0.010364303
7716,0.026861068
7916,0.01568101
8116,0.027760081
8216,0.011787224
8316,0.036151916
8416,0.05100639
8516,0.0267814
8616,0.031911474
8716,0.06212589
8916,0.04109671
9016,0.03342358
9216,0.013147698
9516,0.06275665
9816,0.069973394
9916,0.07300436
10116,0.03799209
10416,0.033867598
10516,0.01845266
10616,0.02102829
10716,0.0066426555
10916,0.031314284
11216,0.033092536
11316,0.02956837
11716,0.010616147
11916,0.021410068
12116,0.1103396
12416,0.07593069
12716,0.0200263
12916,0.043105587
13016,0.07629412
13416,0.026307827
13516,0.04196635
13616,0.021261333
13716,0.022022627
13916,0.0087779695
14316,0.014071569
14416,0.12281019
15416,0.08622034
15616,0.021880835
15716,0.1051259
15816,0.030525142
15916,0.012205112
16116,0.028519604
16216,0.025524907
16316,0.02231391
16416,0.020776857
16516,0.00087344757
16616,0.033102594
17016,0.016499506
17116,0.024129374
17216,0.028852478
17316,0.025485443
17416,0.022572732
17616,0.07323656
17716,0.03812409
17916,0.027590275
18016,0.039832007
18116,0.0027164982
18216,0.009763202
18416,0.00640292
18516,0.035907432
18716,0.002253745
18816,0.045897495
19116,0.051565275
19516,0.032996405
19616,0.015472725
19716,0.029897675
19816,0.002590008
20716,0.019367531
20816,0.08495844
20916,0.04594218
21116,0.020693017
21216,0.01399509
21416,0.061127078
21816,0.027174301
22016,0.051014185
22316,0.0019662008
22416,0.026038969
22516,0.012317538
22616,0.04222971
22916,0.0021474329
23016,0.00543946
23216,0.009176545
23316,0.0020084928
23616,0.02600133
23716,0.022337543
23816,0.030889884
23916,0.030544566
24116,0.021326732
24216,0.029249221
24416,0.039720725
24516,0.024616815
24616,0.0032307745
24716,0.027875334
25316,0.029297983
25416,0.052524135
25816,0.09828193
26016,0.11836414
26116,0.02291266
26216,0.011145205
26316,0.01648728
26416,0.09837509
26616,0.020427559
26716,0.041345265
26816,0.01361393
26916,0.017945819
27016,0.027552186
27316,0.079512626
27416,0.019510774
27516,0.004787265
27916,0.031422444
28016,0.013746308
28116,0.07641181
28316,0.01932558
28416,0.025500556
29016,0.111149065
29116,0.028457934
29316,0.021127328
29616,0.010951401
29716,0.063485526
29816,0.030191517
29916,0.022368284
30016,0.025308574
30116,0.11396102
30316,0.012220004
30416,0.01785178
30716,0.08428048
30816,0.027403569
31116,0.10305681
31216,0.0452973
31616,0.031210868
31716,0.1600837
31816,0.08500244
31916,0.012010896
32016,0.059236113
32116,0.053366862
32816,0.015277405
33016,0.02142928
33116,0.022918215
33516,0.01915187
33716,0.03650916
33816,0.023925085
33916,0.0026769773
34016,0.0092446925
34216,0.015577659
34316,0.031390928
34416,0.004731302
34516,0.0295518
34616,0.041892815
34816,0.0043488704
35016,0.009650874
35216,0.008252685
35316,0.058295757
35516,0.028867994
35616,0.04859966
35716,0.054786686
35916,0.044760287
36016,0.057719633
36116,0.03148434
36616,0.029472945
37216,0.008604503
37416,0.017614178
37516,0.010200563
37616,0.12618639
37716,0.031712297
38116,0.0199595
38216,0.029792788
38316,0.013202291
38416,0.052344512
38616,0.028647855
38816,0.049995806
39116,0.021412106
39216,0.003643594
39316,0.017114371
39416,0.03342265
39616,0.017278569
39716,3.390873e-05
39916,0.029246373
40016,0.028301796
40216,0.04149853
40516,0.0186184
40616,0.041633558
41816,0.08404691
42016,0.09274637
42716,0.02664078
42916,0.028448649
43616,0.09210455
44216,0.04024984
44516,0.023574242
44716,0.022468697
44916,0.016383044
45216,0.0073986966
45316,0.013295863
45516,0.058843516
45616,0.021425536
46116,0.09876046
46316,0.017732708
46516,0.052343592
46916,0.023980385
47016,0.013496471
47116,0.06239729
47216,0.05210662
47316,0.016678656
47616,0.069097094
47716,0.014762628
47816,0.014757544
47916,0.033114925
48216,0.039487995
48616,0.06883916
48716,0.0015475191
49116,0.07369957
49216,0.031523354
49616,0.036364347
49716,0.024137959
49916,0.041541614
50116,0.034062415
50316,0.028357102
50416,0.0009415519
50616,0.020092873
50816,0.018349115
50916,0.021590196
51016,0.060095344
51216,0.018901845
51616,0.006898826
51816,0.030858979
52016,0.02212968
52116,0.014765652
52516,0.022873782
52616,0.066096865
52716,0.023813538
53216,0.015486451
53316,0.03248834
53416,0.02750815
53616,0.0047806813
53916,0.044731308
54116,0.07417046
54216,0.04829184
54316,0.0723632
54416,0.029041747
54616,0.014103378
55016,0.013740044
55216,0.017068895
55416,0.011589262
55516,0.028003165
55616,0.014175085
56216,0.024981977
56516,0.019349253
56716,0.018386755
56816,0.050070938
57016,0.060216945
57116,0.05098395
57216,0.032289628
57316,0.01093733
57516,0.04164741
57916,0.048854448
58016,0.048341285
58216,0.08820639
58316,0.0122580035
58516,0.0470572
58916,0.002522186
59116,0.06767009
59216,0.06251463
59516,0.034416027
59616,0.07325012
59816,0.037186548
59916,0.0305654
60416,0.015060841
60516,0.04357397
60816,0.020374522
61116,0.0071714283
61316,0.09050581
61416,0.101052046
61716,0.05283082
62116,0.08835894
62416,0.02224046
62716,0.015520906
62816,0.013723351
63516,0.13358176
63616,0.016556874
63716,0.010724142
63816,0.01577791
63916,0.030021558
64316,0.016942823
64416,0.019322852
17,0.019773748
117,0.016097497
417,0.008378218
617,0.02322989
717,0.014055847
1017,0.013165126
1217,0.014359898
1717,0.01959742
2217,0.010609737
2717,0.029396303
2817,0.032312863
2917,0.019179778
3017,0.018400686
3117,0.014612745
3217,0.021448422
3317,0.023597008
3417,0.014702244
3717,0.026702162
4017,0.025979407
4117,0.28014946
4217,0.06212869
4417,0.03092306
4717,0.027593698
4817,0.0144994175
4917,0.07283484
5117,0.08444039
5217,0.01748553
5717,0.016441567
5917,0.019499933
6217,0.022573458
6317,0.018061906
6517,0.014877404
6617,0.012508301
6817,0.018671773
6917,0.026591051
7017,0.04069434
7217,0.067306034
7417,0.03628308
7517,0.012363504
7717,0.018333355
7917,0.05032028
8117,0.020684026
8217,0.025772162
8317,0.028417733
8417,0.019037375
8517,0.016665181
8617,0.021179348
8717,0.02520494
8917,0.023806235
9017,0.03764502
9217,0.025965538
9517,0.04070844
9817,0.025684154
9917,0.04577256
10117,0.03584574
10417,0.012852446
10517,0.015822684
10617,0.088998936
10717,0.100396015
10917,0.032927733
11217,0.031410858
11317,0.033470172
11717,0.029741304
11917,0.013207088
12117,0.03329607
12417,0.022163993
12717,0.012455522
12917,0.026958464
13017,0.052517235
13417,0.013928348
13517,0.020880306
13617,0.018670496
13717,0.024662042
13917,0.049829762
14317,0.016450634
14417,0.0697304
15417,0.061674755
15617,0.016867975
15717,0.027235948
15817,0.018740395
15917,0.013910448
16117,0.028972846
16217,0.01386095
16317,0.017134698
16417,0.010738312
16517,0.0040869564
16617,0.014343917
17017,0.028554311
17117,0.015028472
17217,0.013397487
17317,0.013180852
17417,0.011319801
17617,0.03228425
17717,0.01326904
17917,0.009869784
18017,0.01266418
18117,0.007406007
18217,0.014424324
18417,0.00283572
18517,0.0129769435
18717,0.008537509
18817,0.02684983
19117,0.03449666
19517,0.015316707
19617,0.021699056
19717,0.022256576
19817,0.030363927
20717,0.01399842
20817,0.052427582
20917,0.03852808
21117,0.034272484
21217,0.022039011
21417,0.053279653
21817,0.025008777
22017,0.013993832
22317,0.029791763
22417,0.015547109
22517,0.016151015
22617,0.02062686
22917,0.0035940823
23017,0.025672367
23217,0.031085346
23317,0.0122772865
23617,0.027044887
23717,0.027711019
23817,0.030618018
23917,0.018304266
24117,0.010831803
24217,0.02412072
24417,0.037781578
24517,0.03804664
24617,0.015272225
24717,0.029452411
25317,0.02176605
25417,0.043011665
25817,0.06772645
26017,0.06437185
26117,0.029518519
26217,0.01880403
26317,0.027033001
26417,0.050115153
26617,0.019377597
26717,0.016376449
26817,0.034034748
26917,0.036594275
27017,0.02413485
27317,0.040274363
27417,0.025059214
27517,0.038704697
27917,0.038459983
28017,0.04078114
28117,0.042754553
28317,0.02694798
28417,0.01728304
29017,0.04396992
29117,0.012450971
29317,0.019233296
29617,0.039869733
29717,0.039187595
29817,0.018722085
29917,0.012188406
30017,0.01685513
30117,0.058899686
30317,0.01746861
30417,0.013978905
30717,0.05170142
30817,0.028595543
31117,0.0641549
31217,0.0143410005
31617,0.026993295
31717,0.0840634
31817,0.046634212
31917,0.013736917
32017,0.013877189
32117,0.014587678
32817,0.01924998
33017,0.011089809
33117,0.016881824
33517,0.014849885
33717,0.01333636
33817,0.01103532
33917,0.011231895
34017,0.01566088
34217,0.0076253912
34317,0.016509013
34417,0.008427224
34517,0.03236791
34617,0.037458666
34817,0.0044973716
35017,0.026579686
35217,0.05424623
35317,0.023401475
35517,0.019510318
35617,0.027679102
35717,0.030066347
35917,0.038527947
36017,0.029088793
36117,0.023163972
36617,0.027501877
37217,0.1156579
37417,0.026844354
37517,0.03409856
37617,0.11220404
37717,0.023814432
38117,0.022579757
38217,0.023771744
38317,0.021736067
38417,0.023620874
38617,0.01609814
38817,0.012407518
39117,0.041418586
39217,0.0042866953
39317,0.028765904
39417,0.048890345
39617,0.032634806
39717,0.17747621
39917,0.01857303
40017,0.031168588
40217,0.014404306
40517,0.025029011
40617,0.02369803
41817,0.05938751
42017,0.025048278
42717,0.02686315
42917,0.045564406
43617,0.04842678
44217,0.018204032
44517,0.034297552
44717,0.018833304
44917,0.015509193
45217,0.22094135
45317,0.040380266
45517,0.017106296
45617,0.020027705
46117,0.029802026
46317,0.015760439
46517,0.04213167
46917,0.010614113
47017,0.057705157
47117,0.04505632
47217,0.0291876
47317,0.022201201
47617,0.020336626
47717,0.017207963
47817,0.017401727
47917,0.018863257
48217,0.02463817
48617,0.03158436
48717,0.006167802
49117,0.025053944
49217,0.01841802
49617,0.01856632
49717,0.04116422
49917,0.019802196
50117,0.012235423
50317,0.032007862
50417,0.0055458574
50617,0.034394596
50817,0.036756273
50917,0.014374343
51017,0.03562809
51217,0.036674187
51617,0.035829354
51817,0.027000029
52017,0.02761723
52117,0.044338267
52517,0.0366149
52617,0.058417223
52717,0.20950828
53217,0.055200484
53317,0.037648864
53417,0.074910276
53617,0.016528914
53917,0.06750371
54117,0.022369048
54217,0.017429927
54317,0.022399293
54417,0.017824138
54617,0.03365229
55017,0.018432692
55217,0.04950313
55417,0.056044552
55517,0.03776544
55617,0.02236988
56217,0.043033842
56517,0.019089185
56717,0.018909764
56817,0.044877235
57017,0.02162775
57117,0.026034435
57217,0.01590351
57317,0.018626016
57517,0.015293935
57917,0.023172135
58017,0.03003317
58217,0.067799024
58317,0.057189886
58517,0.02432176
58917,0.016771667
59117,0.06733915
59217,0.047867566
59517,0.046329297
59617,0.055396065
59817,0.027040562
59917,0.027355628
60417,0.03284208
60517,0.030360358
60817,0.019243084
61117,0.025298417
61317,0.04023825
61417,0.062804
61717,0.01139262
62117,0.040911335
62417,0.024253184
62717,0.018147623
62817,0.023382053
63517,0.05971705
63617,0.018789185
63717,0.02056992
63817,0.015993232
63917,0.02074693
64317,0.017180726
64417,0.014573467
18,0.039782725
118,0.042761557
418,0.03344945
618,0.105059765
718,0.042420164
1018,0.036279347
1218,0.0033387279
1718,0.04185302
2218,0.029504234
2718,0.0030613549
2818,0.05923413
2918,0.054168474
3018,0.08294117
3118,0.027066996
3218,0.098317236
3318,0.13688657
3418,0.027879737
3718,0.003693355
4018,0.06382788
4118,0.014881786
4218,0.018042853
4418,0.032914914
4718,0.06604275
4818,0.038050942
4918,0.17777328
5118,0.014577728
5218,0.09401571
5718,0.082093015
5918,0.067079455
6218,0.03583029
6318,0.066716224
6518,0.10934321
6618,0.10886945
6818,0.16095792
6918,0.011358525
7018,0.012671735
7218,0.009219019
7418,0.076239444
7518,0.015570931
7718,0.026049495
7918,0.004318272
8118,0.04696872
8218,0.026684852
8318,0.065596655
8418,0.05526814
8518,0.028851088
8618,0.043780863
8718,0.023621323
8918,0.034096252
9018,0.039718438
9218,0.026363995
9518,0.098835245
9818,0.04080754
9918,0.08569454
10118,0.030301401
10418,0.05381314
10518,0.047718007
10618,0.00267942
10718,0.0055875443
10918,0.107677296
11218,0.051111646
11318,0.017996343
11718,0.007648073
11918,0.04533047
12118,0.12309638
12418,0.10788103
12718,0.10101104
12918,0.18629026
13018,0.20588507
13418,0.10508263
13518,0.028854856
13618,0.03237049
13718,0.036470253
13918,0.018226491
14318,0.042358905
14418,0.07536672
15418,0.08389191
15618,0.07954122
15718,0.17006835
15818,0.04157804
15918,0.008920191
16118,0.07932999
16218,0.076794334
16318,0.042930514
16418,0.031375345
16518,0.006210197
16618,0.036461033
17018,0.05976179
17118,0.03443053
17218,0.032866944
17318,0.015881667
17418,0.023758907
17618,0.10744788
17718,0.04416648
17918,0.024045061
18018,0.030924793
18118,0.0015797814
18218,0.0016777763
18418,0.0044439975
18518,0.024463842
18718,0.0008448484
18818,0.03380214
19118,0.13645938
19518,0.022326794
19618,0.004979859
19718,0.044421222
19818,0.0012997058
20718,0.038061745
20818,0.09249616
20918,0.038108885
21118,0.042091034
21218,0.024049072
21418,0.10910698
21818,0.071143284
22018,0.035788834
22318,0.0016955374
22418,0.10487139
22518,0.040477697
22618,0.116259724
22918,0.024284624
23018,0.0017059966
23218,0.0044113924
23318,0.0009222504
23618,0.04341335
23718,0.019956898
23818,0.0062820334
23918,0.044566397
24118,0.053699456
24218,0.074122734
24418,0.01541035
24518,0.03497577
24618,0.00048161895
24718,0.04194561
25318,0.037525788
25418,0.050354186
25818,0.04502738
26018,0.10977778
26118,0.019737137
26218,0.016880654
26318,0.029433018
26418,0.24297747
26618,0.07408702
26718,0.15356962
26818,0.0019593688
26918,0.013013908
27018,0.046022926
27318,0.062299967
27418,0.022257285
27518,0.0050638765
27918,0.0049433582
28018,0.008652937
28118,0.08392657
28318,0.09170028
28418,0.060163513
29018,0.0896915
29118,0.106372975
29318,0.0839642
29618,0.0019437675
29718,0.1679036
29818,0.103473306
29918,0.02615733
30018,0.091143325
30118,0.097464696
30318,0.019684833
30418,0.04242067
30718,0.037631582
30818,0.016755885
31118,0.048688017
31218,0.13421154
31618,0.058291107
31718,0.09200319
31818,0.07630053
31918,0.039575443
32018,0.08234053
32118,0.0460999
32818,0.035303723
33018,0.03012437
33118,0.043246623
33518,0.075598314
33718,0.028885765
33818,0.02662301
33918,0.00014609267
34018,0.011413385
34218,0.0054810666
34318,0.026570262
34418,0.0036303524
34518,0.017965432
34618,0.024832029
34818,0.0016334461
35018,0.010238549
35218,0.013664658
35318,0.20402803
35518,0.037412114
35618,0.026156988
35718,0.042622745
35918,0.053941555
36018,0.10925506
36118,0.046085518
36618,0.14599258
37218,0.009006209
37418,0.08133326
37518,0.015635913
37618,0.12619144
37718,0.079555355
38118,0.038503
38218,0.044396084
38318,0.073821954
38418,0.10487422
38618,0.041227367
38818,0.056564163
39118,0.025463616
39218,0.027012663
39318,0.010918056
39418,0.047755007
39618,0.0371499
39718,0.00037154517
39918,0.036800437
40018,0.022597749
40218,0.020881189
40518,0.033345185
40618,0.039887633
41818,0.07403923
42018,0.056877524
42718,0.06649215
42918,0.00528245
43618,0.13809797
44218,0.08762972
44518,0.012436299
44718,0.06819216
44918,0.044947196
45218,0.020432994
45318,0.03884967
45518,0.11416241
45618,0.057265732
46118,0.23814546
46318,0.055996664
46518,0.030576473
46918,0.019443069
47018,0.003988188
47118,0.0165176
47218,0.068637855
47318,0.052815236
47618,0.10006041
47718,0.039404754
47818,0.051916227
47918,0.047294132
48218,0.094871335
48618,0.043735977
48718,0.010730082
49118,0.08673657
49218,0.073627464
49618,0.0760302
49718,0.006880321
49918,0.04991704
50118,0.037599485
50318,0.007589737
50418,0.00038916976
50618,0.016216729
50818,0.009352422
50918,0.017237106
51018,0.034570243
51218,0.004443622
51618,0.009320813
51818,0.05605953
52018,0.009402131
52118,0.031952813
52518,0.014119334
52618,0.08595367
52718,0.39000198
53218,0.06290736
53318,0.06251573
53418,0.024830671
53618,0.005339529
53918,0.15349682
54118,0.13658856
54218,0.13518368
54318,0.103886195
54418,0.09117901
54618,0.0015981728
55018,0.033323992
55218,0.020806542
55418,0.007160003
55518,0.0032903461
55618,0.034282144
56218,0.02083401
56518,0.05853483
56718,0.022789454
56818,0.030110871
57018,0.024381999
57118,0.019763267
57218,0.063796595
57318,0.00766
57518,0.032280732
57918,0.088205725
58018,0.066172384
58218,0.047709987
58318,0.0054532313
58518,0.10752966
58918,0.00029715648
59118,0.075115904
59218,0.037060898
59518,0.009843422
59618,0.08015256
59818,0.0354538
59918,0.059805717
60418,0.0009228351
60518,0.020949036
60818,0.06363746
61118,0.0006610579
61318,0.11740987
61418,0.100019336
61718,0.037178583
62118,0.20538166
62418,0.13019277
62718,0.041265402
62818,0.026524238
63518,0.116792165
63618,0.038293667
63718,0.036763363
63818,0.034970812
63918,0.030393858
64318,0.039736204
64418,0.060242765
