Id,Probability
0,0.014915174
100,0.011600864
400,0.01002794
600,0.017598389
700,0.015425199
1000,0.008538793
1200,0.014000354
1700,0.009005912
2200,0.0046667205
2700,0.013958001
2800,0.014678991
2900,0.014977642
3000,0.01188756
3100,0.025521977
3200,0.014522901
3300,0.012723516
3400,0.010197962
3700,0.056218747
4000,0.016945746
4100,0.0023879802
4200,0.016541038
4400,0.0337527
4700,0.017742945
4800,0.013028518
4900,0.013799153
5100,0.025878634
5200,0.023892505
5700,0.011539292
5900,0.016530681
6200,0.019958438
6300,0.013594439
6500,0.02639965
6600,0.021950189
6800,0.02311482
6900,0.014470717
7000,0.054613408
7200,0.012700421
7400,0.007678071
7500,0.012466236
7700,0.01256229
7900,0.106212094
8100,0.025057111
8200,0.013361979
8300,0.029598193
8400,0.012387819
8500,0.017315201
8600,0.017530931
8700,0.021704393
8900,0.02177994
9000,0.017697081
9200,0.030757597
9500,0.025215017
9800,0.0103568835
9900,0.012637103
10100,0.038665354
10400,0.018468846
10500,0.015331804
10600,0.014392323
10700,0.002154435
10900,0.026911292
11200,0.017567119
11300,0.05122052
11700,0.019008605
11900,0.018507786
12100,0.041347876
12400,0.0269097
12700,0.017151691
12900,0.031104086
13000,0.0044683097
13400,0.01833102
13500,0.016473915
13600,0.016566098
13700,0.017867036
13900,0.013906374
14300,0.01657309
14400,0.029589608
15400,0.017627494
15600,0.020822845
15700,0.029730879
15800,0.018011542
15900,0.018557983
16100,0.016022855
16200,0.020040153
16300,0.014380247
16400,0.013793692
16500,0.0070710746
16600,0.034599315
17000,0.01626704
17100,0.011558138
17200,0.012161905
17300,0.014504547
17400,0.014079055
17600,0.0133985765
17700,0.018151412
17900,0.006558627
18000,0.012320295
18100,0.005282205
18200,0.009741999
18400,0.008572627
18500,0.008821027
18700,0.011668413
18800,0.029236116
19100,0.017579172
19500,0.012399451
19600,0.014697364
19700,0.007878241
19800,0.043497488
20700,0.011378923
20800,0.013021672
20900,0.015768725
21100,0.016355915
21200,0.018969929
21400,0.11827706
21800,0.02724553
22000,0.016851297
22300,0.007449607
22400,0.020710966
22500,0.015199302
22600,0.017992215
22900,0.010584683
23000,0.009850734
23200,0.014529468
23300,0.00900801
23600,0.05054843
23700,0.06542336
23800,0.07583224
23900,0.014775007
24100,0.01576817
24200,0.03082135
24400,0.034003507
24500,0.05354135
24600,0.030298816
24700,0.016626023
25300,0.023524662
25400,0.0381448
25800,0.018316183
26000,0.026340695
26100,0.032068852
26200,0.012227721
26300,0.018070506
26400,0.008116276
26600,0.01817693
26700,0.030153025
26800,0.007810055
26900,0.031775404
27000,0.022233726
27300,0.03664921
27400,0.015145302
27500,0.015392506
27900,0.054591905
28000,0.02841048
28100,0.034179833
28300,0.012625567
28400,0.021085372
29000,0.036533717
29100,0.02264001
29300,0.017464252
29600,0.010410971
29700,0.030150859
29800,0.02079165
29900,0.019852202
30000,0.024735147
30100,0.026538035
30300,0.014242944
30400,0.013055464
30700,0.031316534
30800,0.057236336
31100,0.024358131
31200,0.023486514
31600,0.05117234
31700,0.031610742
31800,0.023474442
31900,0.0139159765
32000,0.012131066
32100,0.0140617415
32800,0.016637385
33000,0.0108254505
33100,0.015416119
33500,0.015724959
33700,0.00894219
33800,0.0068527726
33900,0.0038531758
34000,0.008047744
34200,0.021595944
34300,0.007293589
34400,0.011226469
34500,0.013799512
34600,0.030554364
34800,0.008660582
35000,0.013503535
35200,0.013143832
35300,0.017463693
35500,0.013253062
35600,0.013516103
35700,0.007840037
35900,0.017014483
36000,0.026118744
36100,0.023078008
36600,0.011162313
37200,0.015065905
37400,0.013233002
37500,0.020736108
37600,0.06895094
37700,0.022130204
38100,0.01622811
38200,0.022896765
38300,0.019242149
38400,0.021853948
38600,0.017409835
38800,0.015839515
39100,0.032424293
39200,0.011740256
39300,0.012408758
39400,0.078195944
39600,0.0388934
39700,0.015873201
39900,0.01802447
40000,0.12809105
40200,0.012447582
40500,0.028416933
40600,0.012271574
41800,0.03014086
42000,0.015293754
42700,0.026126409
42900,0.012873679
43600,0.018642956
44200,0.015279607
44500,0.04197996
44700,0.013505612
44900,0.01926139
45200,0.011674249
45300,0.02522288
45500,0.028814835
45600,0.016469726
46100,0.027931904
46300,0.02064766
46500,0.02490803
46900,0.008620345
47000,0.090067714
47100,0.022913681
47200,0.041440804
47300,0.017232025
47600,0.021429878
47700,0.018036285
47800,0.015412267
47900,0.026284665
48200,0.02205027
48600,0.02699582
48700,0.012456167
49100,0.019850323
49200,0.0218679
49600,0.027328081
49700,0.007888494
49900,0.020815637
50100,0.007883697
50300,0.009440471
50400,0.019084096
50600,0.032250702
50800,0.0099193435
50900,0.014741115
51000,0.012754994
51200,0.013676967
51600,0.011950456
51800,0.02939547
52000,0.017129503
52100,0.029762918
52500,0.03711846
52600,0.049799025
52700,0.011603746
53200,0.024202086
53300,0.015352744
53400,0.012228206
53600,0.01862394
53900,0.023151832
54100,0.021250317
54200,0.024292696
54300,0.029724853
54400,0.026560651
54600,0.012247876
55000,0.01542262
55200,0.045673385
55400,0.048574362
55500,0.07348919
55600,0.0073463623
56200,0.0711052
56500,0.019043542
56700,0.02840039
56800,0.06306809
57000,0.024943067
57100,0.020446034
57200,0.021126058
57300,0.0104092695
57500,0.0051961886
57900,0.024393177
58000,0.01448457
58200,0.036862735
58300,0.041223716
58500,0.0353283
58900,0.009720944
59100,0.02666606
59200,0.0442809
59500,0.018546835
59600,0.023339596
59800,0.016489971
59900,0.03686431
60400,0.04563117
60500,0.029668164
60800,0.023812333
61100,0.04161649
61300,0.02948218
61400,0.03372113
61700,0.020815734
62100,0.032661397
62400,0.023633363
62700,0.016124971
62800,0.021203477
63500,0.02839544
63600,0.025742788
63700,0.022250868
63800,0.015861535
63900,0.016310189
64300,0.021112563
64400,0.020627083
1,0.01435676
101,0.010655795
401,0.84575427
601,0.0068902485
701,0.009081983
1001,0.018305115
1201,0.17260636
1701,0.006966108
2201,0.040711988
2701,0.98938173
2801,0.022476915
2901,0.008188489
3001,0.015039563
3101,0.012888449
3201,0.015729629
3301,0.02057892
3401,0.018549291
3701,0.123127334
4001,0.008733323
4101,0.64840466
4201,0.013317055
4401,0.027946915
4701,0.012797745
4801,0.01056106
4901,0.0048683477
5101,0.009087701
5201,0.009136251
5701,0.0083639715
5901,0.010949706
6201,0.0051705106
6301,0.0065523824
6501,0.011590479
6601,0.007295882
6801,0.015174505
6901,0.99785584
7001,0.35026678
7201,0.9872699
7401,0.014156446
7501,0.018125921
7701,0.023912769
7901,0.08414957
8101,0.012311043
8201,0.021081265
8301,0.014579976
8401,0.005237635
8501,0.0074918554
8601,0.010792219
8701,0.021247767
8901,0.008161817
9001,0.0151879005
9201,0.014018019
9501,0.04354595
9801,0.008447989
9901,0.0073779337
10101,0.03537442
10401,0.0059442464
10501,0.008031221
10601,0.020409163
10701,0.0029116212
10901,0.005582534
11201,0.011401802
11301,0.9863466
11701,0.8953393
11901,0.010099835
12101,0.009031902
12401,0.01433451
12701,0.0073556392
12901,0.018834824
13001,0.0032582176
13401,0.012137668
13501,0.011386687
13601,0.005965346
13701,0.007802791
13901,0.012689718
14301,0.010149314
14401,0.053766433
15401,0.01499065
15601,0.0057688085
15701,0.027249575
15801,0.012443152
15901,0.028200636
16101,0.029041111
16201,0.009280386
16301,0.008147255
16401,0.008222796
16501,0.78475463
16601,0.03820092
17001,0.010440905
17101,0.020848474
17201,0.012006975
17301,0.026357168
17401,0.02958564
17601,0.01689988
17701,0.00998201
17901,0.008340649
18001,0.005492449
18101,0.97551024
18201,0.9945153
18401,0.6502498
18501,0.02410604
18701,0.9939312
18801,0.012302771
19101,0.01776653
19501,0.011990559
19601,0.6772639
19701,0.02166717
19801,0.80980176
20701,0.0092757
20801,0.011139236
20901,0.011600641
21101,0.0049431957
21201,0.016842978
21401,0.05590241
21801,0.0066843177
22001,0.00709471
22301,0.013829737
22401,0.0073167253
22501,0.004369105
22601,0.008440652
22901,0.99561054
23001,0.98395497
23201,0.013974343
23301,0.017578866
23601,0.016827334
23701,0.15046881
23801,0.10600573
23901,0.012382727
24101,0.01613767
24201,0.014041871
24401,0.35165915
24501,0.18611097
24601,0.6393783
24701,0.008928272
25301,0.13850592
25401,0.023462355
25801,0.007886408
26001,0.021380557
26101,0.01309596
26201,0.0058334665
26301,0.014201269
26401,0.0026352317
26601,0.005533886
26701,0.010008961
26801,0.19259445
26901,0.038311314
27001,0.010107231
27301,0.01888026
27401,0.038463894
27501,0.920773
27901,0.29027036
28001,0.028597228
28101,0.014140477
28301,0.005792884
28401,0.012748764
29001,0.011999556
29101,0.007767948
29301,0.0063677784
29601,0.01950936
29701,0.010919616
29801,0.011406765
29901,0.0072166226
30001,0.016308581
30101,0.036818136
30301,0.007032381
30401,0.007321237
30701,0.021156393
30801,0.027339367
31101,0.014198512
31201,0.012589926
31601,0.040401008
31701,0.029570306
31801,0.01005204
31901,0.01094024
32001,0.009404506
32101,0.0050704894
32801,0.011807269
33001,0.014769891
33101,0.030033864
33501,0.012238651
33701,0.007627784
33801,0.0043919357
33901,0.99927485
34001,0.10109611
34201,0.9819752
34301,0.026085893
34401,0.65594625
34501,0.7876867
34601,0.021797938
34801,0.99928635
35001,0.011261546
35201,0.018214192
35301,0.005645291
35501,0.01293116
35601,0.018831845
35701,0.011374605
35901,0.035361096
36001,0.02452285
36101,0.011735095
36601,0.01583653
37201,0.009522833
37401,0.007309765
37501,0.020977013
37601,0.06481503
37701,0.017028922
38101,0.008777674
38201,0.0088951355
38301,0.0050198077
38401,0.010799083
38601,0.01151176
38801,0.010671583
39101,0.048751075
39201,0.9980786
39301,0.4866131
39401,0.9297682
39601,0.014410772
39701,0.024148874
39901,0.013466045
40001,0.2699164
40201,0.02031211
40501,0.029168937
40601,0.0071022585
41801,0.060709234
42001,0.006528018
42701,0.016084896
42901,0.026552983
43601,0.022762304
44201,0.011724369
44501,0.071877435
44701,0.008229757
44901,0.013828944
45201,0.016921291
45301,0.0060864384
45501,0.0117740845
45601,0.0077403295
46101,0.014575345
46301,0.012643603
46501,0.022457886
46901,0.008913917
47001,0.26818657
47101,0.01165063
47201,0.032394882
47301,0.0062574605
47601,0.012045514
47701,0.010361166
47801,0.00988116
47901,0.023358464
48201,0.03870649
48601,0.018922616
48701,0.41857335
49101,0.0092662275
49201,0.012017048
49601,0.05250906
49701,0.96900946
49901,0.013152915
50101,0.006812406
50301,0.8966952
50401,0.71994174
50601,0.99498767
50801,0.98495615
50901,0.2526045
51001,0.017634828
51201,0.9869024
51601,0.6044299
51801,0.018576138
52001,0.21520816
52101,0.02432422
52501,0.026502742
52601,0.11364313
52701,0.002645379
53201,0.014580351
53301,0.03309613
53401,0.0150574455
53601,0.011827901
53901,0.011989678
54101,0.008135212
54201,0.010658214
54301,0.019714328
54401,0.010665346
54601,0.011238934
55001,0.01073674
55201,0.8468365
55401,0.9164034
55501,0.049622085
55601,0.011531723
56201,0.026088282
56501,0.009712709
56701,0.008730607
56801,0.21636641
57001,0.04751622
57101,0.012831598
57201,0.014982913
57301,0.3007866
57501,0.0069759097
57901,0.011285591
58001,0.0121657895
58201,0.010421095
58301,0.01499391
58501,0.0063468926
58901,0.020457381
59101,0.014249273
59201,0.25754762
59501,0.16155954
59601,0.01746285
59801,0.10024704
59901,0.037165273
60401,0.061851148
60501,0.026220845
60801,0.008618136
61101,0.023334201
61301,0.009728011
61401,0.026801623
61701,0.01176847
62101,0.026534002
62401,0.0077080885
62701,0.008280253
62801,0.010648992
63501,0.021422435
63601,0.009842854
63701,0.0061483462
63801,0.009137443
63901,0.015806984
64301,0.011311587
64401,0.013794735
2,0.013195411
102,0.011943999
402,0.03757579
602,0.010533581
702,0.011326998
1002,0.00830413
1202,0.07640963
1702,0.0067932014
2202,0.0071179885
2702,0.056577887
2802,0.02312444
2902,0.023434235
3002,0.010451262
3102,0.020305688
3202,0.0097356895
3302,0.013405147
3402,0.010014745
3702,0.054372616
4002,0.0097791
4102,0.005485664
4202,0.019124132
4402,0.10332584
4702,0.010950849
4802,0.0124598285
4902,0.028075416
5102,0.008610839
5202,0.0211359
5702,0.017215382
5902,0.012535004
6202,0.014918559
6302,0.008093763
6502,0.018286033
6602,0.016607111
6802,0.02440952
6902,0.23923571
7002,0.09217581
7202,0.0203774
7402,0.004889238
7502,0.027829755
7702,0.012002184
7902,0.05526368
8102,0.015572454
8202,0.010388699
8302,0.018059114
8402,0.028736
8502,0.011696842
8602,0.015106339
8702,0.01530634
8902,0.021430166
9002,0.009046439
9202,0.016224494
9502,0.1099411
9802,0.017105764
9902,0.024924735
10102,0.16638921
10402,0.016201528
10502,0.010216022
10602,0.01581771
10702,0.0059027057
10902,0.011452879
11202,0.01863111
11302,0.2464384
11702,0.13716777
11902,0.013454355
12102,0.11647927
12402,0.042158734
12702,0.013529755
12902,0.017630052
13002,0.023407461
13402,0.011418241
13502,0.022179086
13602,0.012480932
13702,0.016048858
13902,0.03123879
14302,0.015073124
14402,0.14134182
15402,0.032903235
15602,0.01207765
15702,0.029539712
15802,0.025086116
15902,0.013359981
16102,0.021629646
16202,0.013516613
16302,0.018273342
16402,0.011165334
16502,0.060074642
16602,0.11559651
17002,0.011296217
17102,0.00757026
17202,0.0070850053
17302,0.014704152
17402,0.024894577
17602,0.032306794
17702,0.016710432
17902,0.0061037093
18002,0.0074466425
18102,0.058674388
18202,0.09006021
18402,0.023195261
18502,0.008652033
18702,0.088531636
18802,0.05433479
19102,0.02326067
19502,0.014276921
19602,0.05349737
19702,0.014126398
19802,0.073166974
20702,0.015410805
20802,0.034188826
20902,0.02698037
21102,0.011668171
21202,0.03889467
21402,0.07684696
21802,0.011192414
22002,0.025427409
22302,0.016478358
22402,0.01819976
22502,0.0074118813
22602,0.016596429
22902,0.09242011
23002,0.035926778
23202,0.0069702067
23302,0.020855326
23602,0.01878253
23702,0.10788251
23802,0.087506674
23902,0.014795636
24102,0.0133327665
24202,0.028300043
24402,0.03090173
24502,0.050851673
24602,0.1101454
24702,0.010378081
25302,0.11342645
25402,0.0443551
25802,0.117992684
26002,0.051071316
26102,0.042375624
26202,0.022691092
26302,0.01252967
26402,0.014825576
26602,0.010073276
26702,0.024788048
26802,0.31443113
26902,0.069272034
27002,0.016824653
27302,0.057819087
27402,0.0529806
27502,0.11160906
27902,0.61936915
28002,0.039740335
28102,0.03266006
28302,0.0077068843
28402,0.022710305
29002,0.038833413
29102,0.0135168545
29302,0.008992482
29602,0.032757282
29702,0.044257216
29802,0.028739886
29902,0.015652576
30002,0.020846045
30102,0.05385805
30302,0.013060078
30402,0.01053396
30702,0.13596398
30802,0.27209443
31102,0.051668633
31202,0.019467028
31602,0.081036106
31702,0.08768754
31802,0.06072239
31902,0.010460833
32002,0.026864834
32102,0.012835131
32802,0.009398431
33002,0.006579701
33102,0.008830446
33502,0.0112420665
33702,0.0072675864
33802,0.0050503677
33902,0.34086952
34002,0.010504484
34202,0.082718596
34302,0.0060079996
34402,0.01619348
34502,0.039677337
34602,0.046195403
34802,0.07711275
35002,0.018584602
35202,0.014765736
35302,0.014510984
35502,0.025361106
35602,0.022756737
35702,0.024652386
35902,0.035352554
36002,0.028460631
36102,0.027499769
36602,0.01630975
37202,0.01345588
37402,0.009482286
37502,0.03875839
37602,0.093525454
37702,0.015230524
38102,0.019848159
38202,0.014322737
38302,0.007929777
38402,0.016434852
38602,0.019575408
38802,0.019697163
39102,0.023313845
39202,0.049182292
39302,0.43762258
39402,0.13956107
39602,0.037559338
39702,0.006408648
39902,0.0282167
40002,0.119444124
40202,0.013298328
40502,0.024364924
40602,0.014420678
41802,0.14827089
42002,0.03703249
42702,0.0156153
42902,0.008595356
43602,0.03648567
44202,0.061499957
44502,0.25320438
44702,0.012012401
44902,0.009285495
45202,0.044476874
45302,0.010121005
45502,0.0666968
45602,0.01094298
46102,0.019937566
46302,0.0145684555
46502,0.06772998
46902,0.009802306
47002,0.12070324
47102,0.0738021
47202,0.07200554
47302,0.013907551
47602,0.021736793
47702,0.010147087
47802,0.0114250565
47902,0.02480312
48202,0.045378383
48602,0.091130964
48702,0.055627204
49102,0.028443955
49202,0.021315543
49602,0.058030326
49702,0.27547336
49902,0.035189625
50102,0.005680234
50302,0.027793009
50402,0.2777653
50602,0.06847708
50802,0.061319187
50902,0.048368886
51002,0.014258465
51202,0.103443146
51602,0.0679902
51802,0.050161783
52002,0.055856325
52102,0.035595078
52502,0.07170772
52602,0.18437177
52702,0.057646953
53202,0.028178835
53302,0.05422736
53402,0.011441914
53602,0.01947289
53902,0.030985737
54102,0.020166319
54202,0.018303897
54302,0.029225552
54402,0.021122312
54602,0.00664743
55002,0.017613627
55202,0.1291406
55402,0.26729998
55502,0.14032549
55602,0.0045210714
56202,0.057853363
56502,0.012351835
56702,0.016547697
56802,0.11108111
57002,0.03067091
57102,0.027693998
57202,0.016867593
57302,0.14182223
57502,0.010055052
57902,0.04308153
58002,0.021985676
58202,0.14663002
58302,0.02668292
58502,0.0325175
58902,0.010062831
59102,0.070592344
59202,0.18369855
59502,0.039488647
59602,0.053926077
59802,0.0613339
59902,0.04259391
60402,0.82339776
60502,0.080183804
60802,0.01203465
61102,0.12684818
61302,0.042848673
61402,0.17420673
61702,0.025504233
62102,0.054234307
62402,0.010892318
62702,0.014351383
62802,0.0169221
63502,0.037545618
63602,0.021539638
63702,0.010057784
63802,0.009896319
63902,0.02626416
64302,0.015399155
64402,0.046868756
3,0.0065793605
103,0.007991563
403,0.007549863
603,0.009119095
703,0.0066090757
1003,0.007243242
1203,0.012846991
1703,0.003650889
2203,0.005887824
2703,0.0035634146
2803,0.013415355
2903,0.008088613
3003,0.01382841
3103,0.013164285
3203,0.021397537
3303,0.010060913
3403,0.00988577
3703,0.028082335
4003,0.01633884
4103,0.019752854
4203,0.011024694
4403,0.035061933
4703,0.033123173
4803,0.006348922
4903,0.014523398
5103,0.018510284
5203,0.011466352
5703,0.00948841
5903,0.008325306
6203,0.008767251
6303,0.0077870097
6503,0.017027022
6603,0.011304837
6803,0.02059798
6903,0.013185617
7003,0.021776656
7203,0.006550604
7403,0.012862245
7503,0.011247097
7703,0.008279928
7903,0.021708589
8103,0.010130315
8203,0.0076659503
8303,0.013014284
8403,0.008369399
8503,0.0068023046
8603,0.0079285065
8703,0.0071283183
8903,0.0117530245
9003,0.0069230343
9203,0.00967349
9503,0.025746113
9803,0.008022499
9903,0.011471455
10103,0.025703246
10403,0.007521014
10503,0.0064814724
10603,0.039106168
10703,0.0054392433
10903,0.009965035
11203,0.009968291
11303,0.013486928
11703,0.016906882
11903,0.007310391
12103,0.031505134
12403,0.023480566
12703,0.012160606
12903,0.021298688
13003,0.013172774
13403,0.011173376
13503,0.009592091
13603,0.008342751
13703,0.010762139
13903,0.016184222
14303,0.010054654
14403,0.021993369
15403,0.012797276
15603,0.010066138
15703,0.019441612
15803,0.011449781
15903,0.010897277
16103,0.021170149
16203,0.013493554
16303,0.008925049
16403,0.0073839054
16503,0.0073679676
16603,0.030251537
17003,0.009385135
17103,0.0079102395
17203,0.0072128777
17303,0.010545217
17403,0.011467211
17603,0.023158198
17703,0.009397926
17903,0.0032842685
18003,0.004341407
18103,0.0032539892
18203,0.004497984
18403,0.005005019
18503,0.0058535854
18703,0.0031001107
18803,0.013289984
19103,0.018538397
19503,0.007271561
19603,0.0085444255
19703,0.008818064
19803,0.026189229
20703,0.008349792
20803,0.033834055
20903,0.014388204
21103,0.0093634585
21203,0.02433804
21403,0.07687163
21803,0.0113429
22003,0.009883447
22303,0.014711469
22403,0.014179589
22503,0.0059421104
22603,0.012813261
22903,0.011688732
23003,0.00414085
23203,0.014862281
23303,0.014196348
23603,0.012438191
23703,0.032237414
23803,0.015231211
23903,0.0089138495
24103,0.010486401
24203,0.018509874
24403,0.011663613
24503,0.025373546
24603,0.011332221
24703,0.006945523
25303,0.023114804
25403,0.02706473
25803,0.018661778
26003,0.026442109
26103,0.013885837
26203,0.008319905
26303,0.007204477
26403,0.013271394
26603,0.007559896
26703,0.019017333
26803,0.010420445
26903,0.019134093
27003,0.008701122
27303,0.024566839
27403,0.029396344
27503,0.014275396
27903,0.031973537
28003,0.014410592
28103,0.02024774
28303,0.0062931282
28403,0.015171257
29003,0.022640007
29103,0.01116694
29303,0.007544846
29603,0.023153856
29703,0.027420128
29803,0.016985022
29903,0.009831211
30003,0.012623645
30103,0.016106449
30303,0.0075964457
30403,0.0077157947
30703,0.013697597
30803,0.04818217
31103,0.019236222
31203,0.014766083
31603,0.02248262
31703,0.023511242
31803,0.015849851
31903,0.009659806
32003,0.011906287
32103,0.0066692
32803,0.0071974783
33003,0.007525585
33103,0.01269726
33503,0.008521616
33703,0.0038652343
33803,0.003353601
33903,0.0030510642
34003,0.006752908
34203,0.007965484
34303,0.004606403
34403,0.004910941
34503,0.008871542
34603,0.013119239
34803,0.0027741569
35003,0.008171767
35203,0.010524127
35303,0.020158568
35503,0.012744869
35603,0.014281047
35703,0.014325029
35903,0.021516228
36003,0.02543105
36103,0.013284334
36603,0.018652497
37203,0.0073993998
37403,0.0107117845
37503,0.02555451
37603,0.039299164
37703,0.020076878
38103,0.011099985
38203,0.011524584
38303,0.008721283
38403,0.011273446
38603,0.008474172
38803,0.009873601
39103,0.0134976655
39203,0.006061705
39303,0.015601565
39403,0.014818903
39603,0.025971703
39703,0.007197295
39903,0.01093028
40003,0.03479261
40203,0.008827521
40503,0.01980829
40603,0.0061655897
41803,0.01919285
42003,0.01205158
42703,0.013252207
42903,0.011980524
43603,0.014842117
44203,0.02597551
44503,0.030625522
44703,0.009725305
44903,0.011305066
45203,0.008888247
45303,0.016287193
45503,0.021925934
45603,0.008314958
46103,0.04106478
46303,0.013749399
46503,0.015982883
46903,0.004615904
47003,0.029032124
47103,0.017328547
47203,0.023210578
47303,0.01063672
47603,0.014222861
47703,0.0080044065
47803,0.008263951
47903,0.012726092
48203,0.018327383
48603,0.018006891
48703,0.014713342
49103,0.017062878
49203,0.011559203
49603,0.030241257
49703,0.007248103
49903,0.011848517
50103,0.0031525444
50303,0.0046235747
50403,0.007154367
50603,0.012552186
50803,0.004316431
50903,0.013797679
51003,0.009541267
51203,0.0056279693
51603,0.020602798
51803,0.021384235
52003,0.017538484
52103,0.01977
52503,0.020812145
52603,0.020719843
52703,0.0253579
53203,0.030670978
53303,0.02603742
53403,0.06578711
53603,0.010304306
53903,0.026906759
54103,0.0221423
54203,0.012804374
54303,0.020075327
54403,0.015914334
54603,0.0154600255
55003,0.007999306
55203,0.021858614
55403,0.012715474
55503,0.027791237
55603,0.005784931
56203,0.025217153
56503,0.007078634
56703,0.009005736
56803,0.021027718
57003,0.0155315995
57103,0.011823939
57203,0.011830114
57303,0.020068811
57503,0.005280076
57903,0.016262429
58003,0.010289596
58203,0.026687672
58303,0.009340453
58503,0.01148148
58903,0.010217887
59103,0.031406257
59203,0.019682342
59503,0.00725561
59603,0.014973605
59803,0.023453768
59903,0.021273544
60403,0.076113515
60503,0.019925822
60803,0.009204674
61103,0.052451644
61303,0.01895653
61403,0.039228894
61703,0.011251627
62103,0.02260776
62403,0.01112914
62703,0.006962643
62803,0.0094518615
63503,0.01579389
63603,0.014381898
63703,0.008635783
63803,0.0069408775
63903,0.012234018
64303,0.009082722
64403,0.017250188
4,0.012925969
104,0.008446843
404,0.01885996
604,0.010840809
704,0.0057363324
1004,0.0050053103
1204,0.010612219
1704,0.0049724733
2204,0.00515698
2704,0.007121889
2804,0.03406305
2904,0.011006496
3004,0.009769537
3104,0.009461948
3204,0.018801602
3304,0.008675955
3404,0.00709247
3704,0.014166899
4004,0.008761478
4104,0.0016143899
4204,0.019388841
4404,0.023135073
4704,0.010068481
4804,0.0062407143
4904,0.044132024
5104,0.011110127
5204,0.011808416
5704,0.007965877
5904,0.006927825
6204,0.00881566
6304,0.0059829694
6504,0.012513687
6604,0.011079784
6804,0.015538046
6904,0.014604064
7004,0.017497657
7204,0.010637158
7404,0.021033656
7504,0.013079274
7704,0.0066161393
7904,0.017292777
8104,0.010960759
8204,0.005985028
8304,0.008574021
8404,0.01095558
8504,0.006759381
8604,0.0058984263
8704,0.013341043
8904,0.010413814
9004,0.014765619
9204,0.006990878
9504,0.028386848
9804,0.010524773
9904,0.018291118
10104,0.027239852
10404,0.009378882
10504,0.005523129
10604,0.02440402
10704,0.019116703
10904,0.009161413
11204,0.007852775
11304,0.010594202
11704,0.025559327
11904,0.005392379
12104,0.046358716
12404,0.022237998
12704,0.011558545
12904,0.013769672
13004,0.05056257
13404,0.007920043
13504,0.012399988
13604,0.0071611246
13704,0.007876022
13904,0.042258453
14304,0.007873675
14404,0.41824815
15404,0.22566931
15604,0.008462112
15704,0.026579363
15804,0.007612919
15904,0.007349061
16104,0.034370538
16204,0.0075229118
16304,0.01586094
16404,0.008104568
16504,0.009128489
16604,0.034016177
17004,0.0063833892
17104,0.0050387196
17204,0.0054351
17304,0.007804152
17404,0.0127231935
17604,0.074189395
17704,0.009236961
17904,0.0038934741
18004,0.0058491086
18104,0.0032416112
18204,0.0031466233
18404,0.007861536
18504,0.00754347
18704,0.004680167
18804,0.019224996
19104,0.03830043
19504,0.007279648
19604,0.0068329168
19704,0.009272301
19804,0.01476969
20704,0.009061964
20804,0.045555394
20904,0.015881538
21104,0.008124961
21204,0.013587722
21404,0.04585237
21804,0.009704818
22004,0.012099346
22304,0.028103035
22404,0.0120965885
22504,0.005086799
22604,0.012052296
22904,0.024211073
23004,0.004235853
23204,0.030567044
23304,0.018561102
23604,0.007776663
23704,0.02576466
23804,0.019136773
23904,0.0063636713
24104,0.0059466786
24204,0.014166065
24404,0.020319423
24504,0.019174818
24604,0.011314526
24704,0.011264669
25304,0.015631406
25404,0.06530607
25804,0.3830823
26004,0.22691524
26104,0.017433261
26204,0.0084496625
26304,0.005739931
26404,0.039977223
26604,0.007990218
26704,0.014591228
26804,0.014698254
26904,0.013608047
27004,0.0068154843
27304,0.034274913
27404,0.016050734
27504,0.020829761
27904,0.06343702
28004,0.019136587
28104,0.13166025
28304,0.004834089
28404,0.008387397
29004,0.10469318
29104,0.0076034623
29304,0.0068246066
29604,0.021169748
29704,0.07432579
29804,0.01886521
29904,0.008636774
30004,0.010632813
30104,0.32253456
30304,0.007953164
30404,0.0065927035
30704,0.31242347
30804,0.03163079
31104,0.20668173
31204,0.011850091
31604,0.016985118
31704,0.41721794
31804,0.08146011
31904,0.0057206256
32004,0.011478361
32104,0.0075000254
32804,0.005692761
33004,0.004254785
33104,0.009086561
33504,0.0068536834
33704,0.00475805
33804,0.0035653992
33904,0.0020989634
34004,0.005338584
34204,0.0045567486
34304,0.0061023836
34404,0.005188299
34504,0.006943465
34604,0.013833941
34804,0.0017387082
35004,0.010430654
35204,0.009643314
35304,0.01647702
35504,0.013439175
35604,0.012721617
35704,0.019305397
35904,0.04786438
36004,0.03485082
36104,0.013110695
36604,0.11463139
37204,0.0063726236
37404,0.011720161
37504,0.015746782
37604,0.07716586
37704,0.011946667
38104,0.011961575
38204,0.011977766
38304,0.007038404
38404,0.01258554
38604,0.007843106
38804,0.011727515
39104,0.010276783
39204,0.008046502
39304,0.039707817
39404,0.030575851
39604,0.034063004
39704,0.00826675
39904,0.009185915
40004,0.015062021
40204,0.007507899
40504,0.008353433
40604,0.008883889
41804,0.11753605
42004,0.02007732
42704,0.01041292
42904,0.0077635907
43604,0.10236613
44204,0.019801319
44504,0.029296061
44704,0.0069232266
44904,0.0070715095
45204,0.030215472
45304,0.03939272
45504,0.021440273
45604,0.0055434983
46104,0.02448316
46304,0.008564549
46504,0.40062144
46904,0.0043902807
47004,0.023155857
47104,0.58161926
47204,0.04545105
47304,0.010146485
47604,0.014021257
47704,0.0058253636
47804,0.006601804
47904,0.009106514
48204,0.02274656
48604,0.0381598
48704,0.017121593
49104,0.026280047
49204,0.010673042
49604,0.024471482
49704,0.014919182
49904,0.010105309
50104,0.0041495743
50304,0.005398467
50404,0.008294973
50604,0.0060182195
50804,0.00588603
50904,0.013701585
51004,0.0091873985
51204,0.004097048
51604,0.0062863515
51804,0.01506323
52004,0.010482914
52104,0.019595195
52504,0.02508848
52604,0.22178239
52704,0.048936035
53204,0.030805023
53304,0.018942324
53404,0.013382475
53604,0.011283896
53904,0.091005474
54104,0.019621605
54204,0.012971838
54304,0.018519303
54404,0.011206731
54604,0.012668551
55004,0.007316439
55204,0.02120417
55404,0.01740994
55504,0.04282776
55604,0.013630904
56204,0.037680943
56504,0.0064526293
56704,0.007869521
56804,0.025763674
57004,0.027188782
57104,0.011572946
57204,0.008363433
57304,0.0050969804
57504,0.008398182
57904,0.01506529
58004,0.0121726
58204,0.06785782
58304,0.01010322
58504,0.014729839
58904,0.013670297
59104,0.11893777
59204,0.031788167
59504,0.112447366
59604,0.13267338
59804,0.012322361
59904,0.016976975
60404,0.10816498
60504,0.03409957
60804,0.010084116
61104,0.077056736
61304,0.21628319
61404,0.24553469
61704,0.013649629
62104,0.063067384
62404,0.009516798
62704,0.0075006997
62804,0.008292342
63504,0.28610638
63604,0.008875785
63704,0.00941424
63804,0.005596812
63904,0.010046062
64304,0.008860475
64404,0.0082283635
5,0.0033993572
105,0.0056015993
405,0.012784016
605,0.010937572
705,0.010962249
1005,0.005564204
1205,0.010897601
1705,0.002931451
2205,0.006560156
2705,0.016539544
2805,0.008136451
2905,0.0064391554
3005,0.018206919
3105,0.012580801
3205,0.013751481
3305,0.010588225
3405,0.013226423
3705,0.022331202
4005,0.014151123
4105,0.021647187
4205,0.0062325415
4405,0.028241303
4705,0.027099747
4805,0.010478782
4905,0.018106721
5105,0.022228861
5205,0.012484065
5705,0.011702313
5905,0.013666614
6205,0.011374938
6305,0.013250299
6505,0.023306543
6605,0.01273318
6805,0.022718793
6905,0.03179047
7005,0.048856676
7205,0.0057102283
7405,0.008779844
7505,0.007066111
7705,0.013242678
7905,0.01927991
8105,0.013551187
8205,0.011160722
8305,0.018714711
8405,0.00787123
8505,0.009046071
8605,0.012321756
8705,0.010019013
8905,0.012641804
9005,0.01361215
9205,0.014875817
9505,0.014361166
9805,0.009684689
9905,0.01238811
10105,0.01457177
10405,0.010214041
10505,0.01140455
10605,0.027121434
10705,0.007609778
10905,0.011950248
11205,0.013300569
11305,0.04006944
11705,0.010087595
11905,0.013760086
12105,0.022685094
12405,0.019882625
12705,0.013015006
12905,0.014397479
13005,0.01986356
13405,0.014358299
13505,0.00888174
13605,0.010496446
13705,0.013354926
13905,0.013295049
14305,0.01306269
14405,0.09271695
15405,0.02675083
15605,0.011595989
15705,0.01612758
15805,0.017206056
15905,0.012749488
16105,0.011909228
16205,0.0129515845
16305,0.006408277
16405,0.004902736
16505,0.008593999
16605,0.024669796
17005,0.013114128
17105,0.006517764
17205,0.0070136567
17305,0.012885174
17405,0.012917522
17605,0.021454617
17705,0.01313003
17905,0.0022294726
18005,0.0038247327
18105,0.003665871
18205,0.009477433
18405,0.015989544
18505,0.00397729
18705,0.00554173
18805,0.018578267
19105,0.014634574
19505,0.009747152
19605,0.019136375
19705,0.008323432
19805,0.013445644
20705,0.008356854
20805,0.021409202
20905,0.012715072
21105,0.009754625
21205,0.013248797
21405,0.08112207
21805,0.011699814
22005,0.0095588155
22305,0.009111063
22405,0.018541235
22505,0.009014878
22605,0.012464446
22905,0.021467032
23005,0.008052236
23205,0.0058165966
23305,0.0038504568
23605,0.01976166
23705,0.012793625
23805,0.022157025
23905,0.013656502
24105,0.016410552
24205,0.013727509
24405,0.031206623
24505,0.029203344
24605,0.023391502
24705,0.009799818
25305,0.008334636
25405,0.020898167
25805,0.0353958
26005,0.03821931
26105,0.019316934
26205,0.008667457
26305,0.014096818
26405,0.028014101
26605,0.0094963815
26705,0.020373965
26805,0.004289666
26905,0.01408694
27005,0.013223613
27305,0.02348407
27405,0.018099897
27505,0.017230595
27905,0.02470884
28005,0.0060635866
28105,0.0348638
28305,0.009344883
28405,0.017753577
29005,0.06280287
29105,0.013345846
29305,0.010783048
29605,0.009027367
29705,0.10626325
29805,0.019221798
29905,0.012130106
30005,0.018167142
30105,0.038944554
30305,0.0098816035
30405,0.009948753
30705,0.031972233
30805,0.029043783
31105,0.041852184
31205,0.011089102
31605,0.021096308
31705,0.046296094
31805,0.013258361
31905,0.011717383
32005,0.009854907
32105,0.005372544
32805,0.012535996
33005,0.006845827
33105,0.0103309
33505,0.011482339
33705,0.0032348526
33805,0.0019793983
33905,0.0041953833
34005,0.012969158
34205,0.02012511
34305,0.003984928
34405,0.015551508
34505,0.027133176
34605,0.010227162
34805,0.018115714
35005,0.009880293
35205,0.012167131
35305,0.022859024
35505,0.01630286
35605,0.014623797
35705,0.013731423
35905,0.014504452
36005,0.01843316
36105,0.014855454
36605,0.06462002
37205,0.0057554906
37405,0.010887777
37505,0.012643019
37605,0.039527938
37705,0.019208424
38105,0.014094523
38205,0.016116237
38305,0.011925202
38405,0.011860404
38605,0.011422719
38805,0.009808065
39105,0.02220294
39205,0.007459281
39305,0.006502353
39405,0.027159482
39605,0.0071058804
39705,0.002386999
39905,0.0133533375
40005,0.038481157
40205,0.0072758445
40505,0.014009975
40605,0.0106911985
41805,0.0355023
42005,0.009936438
42705,0.011228475
42905,0.011095008
43605,0.021035079
44205,0.01578194
44505,0.008857859
44705,0.011235708
44905,0.019017706
45205,0.009981397
45305,0.013166006
45505,0.014890078
45605,0.011016478
46105,0.050233413
46305,0.017332764
46505,0.039401606
46905,0.0066740895
47005,0.021379406
47105,0.04487728
47205,0.021061063
47305,0.010645019
47605,0.011097178
47705,0.015845198
47805,0.0126743615
47905,0.015913162
48205,0.010085753
48605,0.012395037
48705,0.013113133
49105,0.015944196
49205,0.011257341
49605,0.013116678
49705,0.006345638
49905,0.012678335
50105,0.0023747596
50305,0.014426419
50405,0.0032322726
50605,0.03298949
50805,0.010637578
50905,0.032562714
51005,0.010490514
51205,0.034340173
51605,0.016009402
51805,0.015558511
52005,0.021546893
52105,0.01573107
52505,0.008728533
52605,0.03467589
52705,0.02153179
53205,0.017549904
53305,0.010474945
53405,0.07364491
53605,0.012316419
53905,0.030226154
54105,0.028904334
54205,0.0151072545
54305,0.019071123
54405,0.018260866
54605,0.0101651065
55005,0.010997682
55205,0.06490499
55405,0.01304757
55505,0.017941559
55605,0.004189513
56205,0.015236663
56505,0.0117245205
56705,0.013697365
56805,0.02041157
57005,0.017333372
57105,0.012863208
57205,0.01632669
57305,0.0064269924
57505,0.0055897967
57905,0.012325784
58005,0.016509771
58205,0.024505213
58305,0.017062917
58505,0.016896732
58905,0.009107478
59105,0.04497795
59205,0.013031923
59505,0.04922033
59605,0.04019697
59805,0.019481381
59905,0.016105926
60405,0.041215923
60505,0.012127312
60805,0.013881293
61105,0.030987773
61305,0.09216967
61405,0.041096184
61705,0.011099498
62105,0.04751718
62405,0.0129056
62705,0.009170698
62805,0.012925239
63505,0.050796956
63605,0.0139972735
63705,0.010481485
63805,0.013178093
63905,0.0154627785
64305,0.014088614
64405,0.015998702
6,0.019134764
106,0.014801182
406,0.05087276
606,0.022486595
706,0.011764594
1006,0.01192849
1206,0.011108546
1706,0.010844072
2206,0.01068418
2706,0.019768575
2806,0.04852834
2906,0.014785032
3006,0.037717126
3106,0.013568644
3206,0.04654929
3306,0.034057934
3406,0.014062689
3706,0.027376937
4006,0.03247886
4106,0.003619592
4206,0.026403815
4406,0.023170704
4706,0.0365036
4806,0.012698299
4906,0.07044322
5106,0.047522552
5206,0.027575074
5706,0.018709
5906,0.015582132
6206,0.017449774
6306,0.010406427
6506,0.035380263
6606,0.01881325
6806,0.046277966
6906,0.018396243
7006,0.021712203
7206,0.053602643
7406,0.05101333
7506,0.013058217
7706,0.009896385
7906,0.019423034
8106,0.02060849
8206,0.013810553
8306,0.016766183
8406,0.009345511
8506,0.009448095
8606,0.007866031
8706,0.018230237
8906,0.012896356
9006,0.02605694
9206,0.013511094
9506,0.043444704
9806,0.012165095
9906,0.018940128
10106,0.040396363
10406,0.011642232
10506,0.010830848
10606,0.027961073
10706,0.038210582
10906,0.018572127
11206,0.013800126
11306,0.056804843
11706,0.07220495
11906,0.013777068
12106,0.050217483
12406,0.03753877
12706,0.024695728
12906,0.058735307
13006,0.072504915
13406,0.017097108
13506,0.01574154
13606,0.01156291
13706,0.013669971
13906,0.05251736
14306,0.017079713
14406,0.3432632
15406,0.480317
15606,0.0136214495
15706,0.112255685
15806,0.008730913
15906,0.014159927
16106,0.09851134
16206,0.014948294
16306,0.026408155
16406,0.01677171
16506,0.013451963
16606,0.028993767
17006,0.01259384
17106,0.012240068
17206,0.012846701
17306,0.013961367
17406,0.016167574
17606,0.096798256
17706,0.015096148
17906,0.008358349
18006,0.012024058
18106,0.01040457
18206,0.012880627
18406,0.020588925
18506,0.012804317
18706,0.012581482
18806,0.018611554
19106,0.07291515
19506,0.011457727
19606,0.020764625
19706,0.011921943
19806,0.039136413
20706,0.0156183755
20806,0.04548948
20906,0.025714189
21106,0.010957729
21206,0.019110495
21406,0.22859982
21806,0.01807804
22006,0.014360992
22306,0.054976176
22406,0.027396131
22506,0.009438849
22606,0.021401288
22906,0.040490016
23006,0.021466002
23206,0.033277262
23306,0.015804268
23606,0.01561136
23706,0.035339337
23806,0.019896924
23906,0.011615115
24106,0.014579454
24206,0.01889712
24406,0.027001888
24506,0.022181239
24606,0.00930887
24706,0.020822084
25306,0.037137363
25406,0.06511343
25806,0.15140295
26006,0.34282547
26106,0.015565832
26206,0.010918313
26306,0.013213504
26406,0.12526022
26606,0.011589793
26706,0.035562336
26806,0.024505418
26906,0.011387187
27006,0.0122648375
27306,0.02852962
27406,0.015988389
27506,0.033917036
27906,0.029981375
28006,0.015978416
28106,0.20590624
28306,0.009153963
28406,0.018846786
29006,0.37487128
29106,0.014330428
29306,0.011386967
29606,0.030105084
29706,0.2509894
29806,0.044864707
29906,0.014035581
30006,0.04203051
30106,0.42970297
30306,0.015327981
30406,0.012686748
30706,0.26483572
30806,0.02348776
31106,0.11099975
31206,0.023291996
31606,0.011766547
31706,0.4471817
31806,0.06011661
31906,0.014841379
32006,0.014171585
32106,0.013665888
32806,0.012305031
33006,0.011522057
33106,0.021102725
33506,0.016696284
33706,0.009370845
33806,0.007282399
33906,0.0037965453
34006,0.010986079
34206,0.020605654
34306,0.011083301
34406,0.018018685
34506,0.015050185
34606,0.01191383
34806,0.008368933
35006,0.016625661
35206,0.017780546
35306,0.035172977
35506,0.016687645
35606,0.017689735
35706,0.015329392
35906,0.08023363
36006,0.09097093
36106,0.015198738
36606,0.112023115
37206,0.011688914
37406,0.016005004
37506,0.027746953
37606,0.119161665
37706,0.042126942
38106,0.01847514
38206,0.026791984
38306,0.012818858
38406,0.023385147
38606,0.013137982
38806,0.017241558
39106,0.01373396
39206,0.03156752
39306,0.035245158
39406,0.10083179
39606,0.020639995
39706,0.01853675
39906,0.007237549
40006,0.01854092
40206,0.013632672
40506,0.01643947
40606,0.011061935
41806,0.1742648
42006,0.014579667
42706,0.036019996
42906,0.035108786
43606,0.23740503
44206,0.022103546
44506,0.026896982
44706,0.011669956
44906,0.021628259
45206,0.15898716
45306,0.044854913
45506,0.03482085
45606,0.013586398
46106,0.07689059
46306,0.022421869
46506,0.28503853
46906,0.0057754256
47006,0.02698065
47106,0.16196173
47206,0.05516797
47306,0.012467968
47606,0.03029368
47706,0.013647774
47806,0.013909055
47906,0.011439579
48206,0.063610785
48606,0.03183366
48706,0.033863075
49106,0.03893671
49206,0.014014817
49606,0.04301302
49706,0.019502494
49906,0.011089411
50106,0.00940742
50306,0.016688144
50406,0.012995797
50606,0.03770738
50806,0.019021727
50906,0.024748344
51006,0.014327377
51206,0.012801793
51606,0.022824816
51806,0.018169282
52006,0.024074124
52106,0.030757159
52506,0.028248094
52606,0.6731882
52706,0.10863754
53206,0.05280822
53306,0.027288996
53406,0.034500584
53606,0.016991973
53906,0.22127996
54106,0.051479015
54206,0.036084753
54306,0.051621716
54406,0.019194895
54606,0.01448634
55006,0.011819187
55206,0.05581089
55406,0.027567292
55506,0.029338265
55606,0.036581602
56206,0.018783033
56506,0.012502243
56706,0.009241641
56806,0.05378038
57006,0.033970308
57106,0.010964108
57206,0.012931156
57306,0.01360781
57506,0.0083145285
57906,0.023640268
58006,0.013714435
58206,0.038459763
58306,0.01162287
58506,0.023280773
58906,0.029570768
59106,0.1308974
59206,0.088985436
59506,0.047645114
59606,0.3717567
59806,0.027979031
59906,0.024178468
60406,0.0581596
60506,0.043134954
60806,0.023121424
61106,0.09545322
61306,0.17020576
61406,0.49719465
61706,0.019346049
62106,0.43037578
62406,0.0173664
62706,0.014539597
62806,0.013539846
63506,0.22230591
63606,0.019846382
63706,0.015069295
63806,0.014953455
63906,0.008693002
64306,0.015261316
64406,0.01543462
7,0.006941317
107,0.008241802
407,0.065744475
607,0.018548664
707,0.011258653
1007,0.0045126174
1207,0.009836638
1707,0.006054047
2207,0.0072743637
2707,0.005208913
2807,0.030870624
2907,0.020558419
3007,0.037969332
3107,0.022535633
3207,0.037866324
3307,0.022238541
3407,0.010608956
3707,0.040218763
4007,0.022676742
4107,0.16601104
4207,0.029713498
4407,0.028663406
4707,0.036972053
4807,0.013714985
4907,0.023814851
5107,0.023949372
5207,0.025382519
5707,0.017494282
5907,0.017831184
6207,0.019522326
6307,0.009058595
6507,0.033520028
6607,0.010775585
6807,0.030596852
6907,0.28885317
7007,0.0252366
7207,0.12131955
7407,0.008644789
7507,0.016611636
7707,0.012868791
7907,0.056603003
8107,0.018013516
8207,0.02013042
8307,0.018581236
8407,0.017479535
8507,0.009002518
8607,0.011075061
8707,0.009106828
8907,0.013294162
9007,0.008728722
9207,0.016166314
9507,0.057501484
9807,0.010363732
9907,0.013293761
10107,0.0667945
10407,0.017105842
10507,0.017791243
10607,0.0267083
10707,0.013979852
10907,0.0153926425
11207,0.0136229675
11307,0.16593437
11707,0.07959037
11907,0.013382948
12107,0.052811943
12407,0.027134763
12707,0.0144152315
12907,0.10421512
13007,0.019254625
13407,0.022054458
13507,0.015954215
13607,0.014544646
13707,0.017620772
13907,0.09001371
14307,0.014434218
14407,0.34574583
15407,0.07015893
15607,0.01638149
15707,0.07256229
15807,0.020389846
15907,0.015422176
16107,0.042287372
16207,0.036674973
16307,0.01067421
16407,0.008470098
16507,0.013460731
16607,0.02445486
17007,0.019542953
17107,0.0069920705
17207,0.0071508363
17307,0.011372161
17407,0.008972857
17607,0.047964618
17707,0.012764605
17907,0.0049877944
18007,0.006068758
18107,0.01116186
18207,0.012153923
18407,0.0067879846
18507,0.007054426
18707,0.007771922
18807,0.021040265
19107,0.016901985
19507,0.010715809
19607,0.010946748
19707,0.008881749
19807,0.05917012
20707,0.018075088
20807,0.0353306
20907,0.01723907
21107,0.01505345
21207,0.05263877
21407,0.22995254
21807,0.014085283
22007,0.018962657
22307,0.054149263
22407,0.031537786
22507,0.0073661264
22607,0.02367691
22907,0.60078406
23007,0.022577628
23207,0.01945248
23307,0.025323404
23607,0.017688254
23707,0.0917185
23807,0.02381346
23907,0.017221231
24107,0.017362878
24207,0.039417606
24407,0.02077662
24507,0.03258533
24607,0.009162605
24707,0.010677691
25307,0.039962012
25407,0.13122806
25807,0.022288611
26007,0.083917595
26107,0.015156438
26207,0.019514946
26307,0.013170461
26407,0.033478312
26607,0.011567373
26707,0.022175657
26807,0.023399487
26907,0.026915606
27007,0.0127772065
27307,0.024267638
27407,0.018430196
27507,0.050012942
27907,0.042630196
28007,0.07110922
28107,0.041764073
28307,0.010493426
28407,0.031287502
29007,0.026643425
29107,0.032872014
29307,0.009935306
29607,0.020847658
29707,0.0465999
29807,0.030808512
29907,0.016602578
30007,0.028478844
30107,0.16737254
30307,0.0134891225
30407,0.020815361
30707,0.10948228
30807,0.04404665
31107,0.056813773
31207,0.03982906
31607,0.039818358
31707,0.11344528
31807,0.10145981
31907,0.016889406
32007,0.01631067
32107,0.010470869
32807,0.014453102
33007,0.006064497
33107,0.009062708
33507,0.017160641
33707,0.0062763826
33807,0.0044216556
33907,0.009195484
34007,0.0067867283
34207,0.027661778
34307,0.0053358697
34407,0.00391812
34507,0.006313259
34607,0.023914725
34807,0.005178186
35007,0.018429147
35207,0.022144761
35307,0.015910767
35507,0.010617163
35607,0.013856609
35707,0.011801762
35907,0.04747898
36007,0.10661747
36107,0.01670904
36607,0.029416984
37207,0.011925298
37407,0.018558959
37507,0.03978587
37607,0.03407923
37707,0.024026457
38107,0.019377923
38207,0.016255897
38307,0.013185394
38407,0.027577452
38607,0.015265157
38807,0.014802414
39107,0.018115634
39207,0.46420422
39307,0.0603303
39407,0.23264076
39607,0.124723956
39707,0.007822602
39907,0.016222358
40007,0.06667641
40207,0.0125840595
40507,0.0392912
40607,0.010691632
41807,0.09308499
42007,0.016483357
42707,0.027555909
42907,0.013733895
43607,0.06711595
44207,0.017675241
44507,0.06286363
44707,0.015923182
44907,0.017666023
45207,0.014697287
45307,0.0684553
45507,0.047190707
45607,0.015787488
46107,0.034400042
46307,0.019168908
46507,0.05914696
46907,0.009294005
47007,0.07526086
47107,0.04285869
47207,0.062192492
47307,0.02025111
47607,0.032814134
47707,0.008930053
47807,0.01388207
47907,0.018522501
48207,0.06020511
48607,0.014432943
48707,0.014649098
49107,0.023263646
49207,0.015991744
49607,0.05741175
49707,0.04301746
49907,0.017883176
50107,0.0051299054
50307,0.009457717
50407,0.017146612
50607,0.08630778
50807,0.008529735
50907,0.010061258
51007,0.012171511
51207,0.0054011843
51607,0.043437753
51807,0.02291306
52007,0.024740605
52107,0.028357107
52507,0.06482388
52607,0.34415075
52707,0.003523547
53207,0.08168551
53307,0.026066363
53407,0.044978995
53607,0.019329643
53907,0.038676422
54107,0.019081919
54207,0.023791486
54307,0.038788456
54407,0.028842429
54607,0.028983008
55007,0.0147974435
55207,0.1034042
55407,0.07092488
55507,0.03476977
55607,0.0083802175
56207,0.07698725
56507,0.017252639
56707,0.013457857
56807,0.039084036
57007,0.013387954
57107,0.011907079
57207,0.02322598
57307,0.021774473
57507,0.00731955
57907,0.050499443
58007,0.013304129
58207,0.028092917
58307,0.024721099
58507,0.013801845
58907,0.010807424
59107,0.05404509
59207,0.26585224
59507,0.0140828
59607,0.09744255
59807,0.019463263
59907,0.027813058
60407,0.10728619
60507,0.04683552
60807,0.016919345
61107,0.074218966
61307,0.02923334
61407,0.1109281
61707,0.012352771
62107,0.0769126
62407,0.01945377
62707,0.0142522985
62807,0.011732703
63507,0.05788399
63607,0.016865386
63707,0.015678536
63807,0.010956107
63907,0.011847429
64307,0.014312893
64407,0.03384164
8,0.022496648
108,0.01534051
408,0.031545583
608,0.01161118
708,0.011697328
1008,0.009925297
1208,0.07524931
1708,0.01360307
2208,0.0076859775
2708,0.018233681
2808,0.070897445
2908,0.020622445
3008,0.015963295
3108,0.033090085
3208,0.018218068
3308,0.017082788
3408,0.017632632
3708,0.073386855
4008,0.018375775
4108,0.044617917
4208,0.00969184
4408,0.11704448
4708,0.013489383
4808,0.014376861
4908,0.026640555
5108,0.015122815
5208,0.011185399
5708,0.0096523
5908,0.014242296
6208,0.008434172
6308,0.010907514
6508,0.0126376385
6608,0.018580033
6808,0.017338483
6908,0.13077594
7008,0.10600178
7208,0.008482617
7408,0.02772842
7508,0.032389812
7708,0.017681414
7908,0.1531159
8108,0.025016902
8208,0.016384965
8308,0.023965178
8408,0.022115884
8508,0.021767989
8608,0.023250572
8708,0.053786173
8908,0.055757027
9008,0.1285437
9208,0.02720582
9508,0.10585441
9808,0.02512247
9908,0.0344728
10108,0.080199
10408,0.019076597
10508,0.009536785
10608,0.060733777
10708,0.008448321
10908,0.0077071143
11208,0.025126226
11308,0.097052544
11708,0.02985887
11908,0.012945515
12108,0.06768927
12408,0.09662733
12708,0.015302998
12908,0.015460656
13008,0.030032024
13408,0.015847778
13508,0.034261618
13608,0.020033814
13708,0.019335587
13908,0.035077635
14308,0.018291015
14408,0.31698462
15408,0.0660537
15608,0.011324414
15708,0.03567758
15808,0.021732284
15908,0.042200327
16108,0.033621438
16208,0.013003164
16308,0.037983976
16408,0.020952594
16508,0.067862354
16608,0.13642862
17008,0.010262539
17108,0.012281989
17208,0.0145203
17308,0.026768574
17408,0.030763127
17608,0.056439828
17708,0.022037312
17908,0.009473562
18008,0.0152086625
18108,0.007359769
18208,0.020108014
18408,0.021342758
18508,0.012657355
18708,0.008645905
18808,0.053921953
19108,0.06318546
19508,0.015453668
19608,0.051480733
19708,0.01623578
19808,0.04785256
20708,0.015922345
20808,0.0769776
20908,0.028334096
21108,0.009094973
21208,0.029282624
21408,0.08740891
21808,0.009740734
22008,0.029897103
22308,0.039048985
22408,0.016505752
22508,0.007267944
22608,0.010852443
22908,0.03419749
23008,0.017797291
23208,0.032555025
23308,0.0127711445
23608,0.028814366
23708,0.122687414
23808,0.11389366
23908,0.019543054
24108,0.015816802
24208,0.02446358
24408,0.2679663
24508,0.056103997
24608,0.19089955
24708,0.05074389
25308,0.097256176
25408,0.09669662
25808,0.7625536
26008,0.082425356
26108,0.12055435
26208,0.023283608
26308,0.0137680005
26408,0.032060955
26608,0.011237795
26708,0.01664391
26808,0.035218287
26908,0.09705361
27008,0.024317637
27308,0.14181405
27408,0.08267545
27508,0.024670672
27908,0.32030618
28008,0.018667016
28108,0.25202185
28308,0.006792902
28408,0.014645353
29008,0.13388216
29108,0.009235849
29308,0.010848932
29608,0.03715645
29708,0.12098445
29808,0.020277668
29908,0.0192156
30008,0.009867538
30108,0.146056
30308,0.013599121
30408,0.012413065
30708,0.42365316
30808,0.16549207
31108,0.46703026
31208,0.022043528
31608,0.066826336
31708,0.15857284
31808,0.12593488
31908,0.012479392
32008,0.03094422
32108,0.025191832
32808,0.010699231
33008,0.0090374835
33108,0.020830665
33508,0.018285358
33708,0.014010593
33808,0.010281872
33908,0.06677657
34008,0.011361851
34208,0.04931272
34308,0.013801231
34408,0.023422053
34508,0.036710687
34608,0.05197533
34808,0.046250325
35008,0.018341191
35208,0.018588774
35308,0.018675271
35508,0.031295616
35608,0.037252646
35708,0.036323223
35908,0.036965907
36008,0.04316853
36108,0.054350235
36608,0.12756917
37208,0.023104368
37408,0.012737552
37508,0.025931556
37608,0.16972432
37708,0.034230452
38108,0.013847939
38208,0.018695613
38308,0.007836434
38408,0.012917134
38608,0.027581677
38808,0.032162506
39108,0.044208597
39208,0.03021807
39308,0.041768618
39408,0.06152637
39608,0.07232671
39708,0.026356336
39908,0.03344595
40008,0.12976187
40208,0.02285205
40508,0.04711695
40608,0.018429514
41808,0.15293276
42008,0.05684155
42708,0.013893125
42908,0.018147688
43608,0.04839808
44208,0.040600326
44508,0.08722546
44708,0.011246244
44908,0.014517531
45208,0.0066101975
45308,0.020875093
45508,0.055594437
45608,0.008479682
46108,0.06985398
46308,0.016882513
46508,0.48894516
46908,0.013261102
47008,0.10555166
47108,0.84719384
47208,0.25902894
47308,0.010174154
47608,0.026382023
47708,0.010862392
47808,0.012332636
47908,0.037449043
48208,0.043194346
48608,0.09651239
48708,0.04646152
49108,0.045258127
49208,0.025757514
49608,0.049432557
49708,0.035722982
49908,0.04012063
50108,0.01031743
50308,0.021049423
50408,0.013481858
50608,0.022233201
50808,0.010904619
50908,0.04397807
51008,0.018871466
51208,0.07475086
51608,0.026612682
51808,0.041898616
52008,0.055222556
52108,0.021327527
52508,0.044528894
52608,0.042703893
52708,0.043815598
53208,0.059755698
53308,0.03716963
53408,0.04429772
53608,0.02038905
53908,0.04770983
54108,0.059863772
54208,0.0178903
54308,0.025347998
54408,0.02498375
54608,0.035404198
55008,0.021581925
55208,0.07549053
55408,0.047085676
55508,0.152027
55608,0.013059458
56208,0.042175923
56508,0.013354398
56708,0.02765768
56808,0.08442408
57008,0.1310621
57108,0.039433926
57208,0.02447863
57308,0.049838006
57508,0.010365693
57908,0.04015358
58008,0.02504798
58208,0.5566218
58308,0.05372075
58508,0.07487118
58908,0.026604732
59108,0.33162728
59208,0.119465224
59508,0.8899292
59608,0.051563635
59808,0.05115204
59908,0.050659098
60408,0.63017267
60508,0.052951656
60808,0.018077226
61108,0.1761935
61308,0.35100326
61408,0.12835266
61708,0.039327797
62108,0.03799442
62408,0.008443547
62708,0.010084379
62808,0.025169931
63508,0.15565458
63608,0.023630405
63708,0.011791557
63808,0.010388308
63908,0.03372366
64308,0.019347925
64408,0.026172698
9,0.012117896
109,0.018173639
409,0.021685077
609,0.05616604
709,0.022291975
1009,0.013319607
1209,0.01611012
1709,0.007656941
2209,0.015910348
2709,0.0102658095
2809,0.04805097
2909,0.03667252
3009,0.07755236
3109,0.025050528
3209,0.060245488
3309,0.039261322
3409,0.020030115
3709,0.019927874
4009,0.026335096
4109,0.009341485
4209,0.042995296
4409,0.08486665
4709,0.048315622
4809,0.020103633
4909,0.0987721
5109,0.049049627
5209,0.035445206
5709,0.019273134
5909,0.04496422
6209,0.025409918
6309,0.03533642
6509,0.07088218
6609,0.032943327
6809,0.04333513
6909,0.0160006
7009,0.044888895
7209,0.02192659
7409,0.03491963
7509,0.01781736
7709,0.015711287
7909,0.023122605
8109,0.052897498
8209,0.023264263
8309,0.02116564
8409,0.026113227
8509,0.014239557
8609,0.015812159
8709,0.0340205
8909,0.02415289
9009,0.12253156
9209,0.02208657
9509,0.028062863
9809,0.01723395
9909,0.05573925
10109,0.027482169
10409,0.036557097
10509,0.026036654
10609,0.047275115
10709,0.043094013
10909,0.03900632
11209,0.018914342
11309,0.047511935
11709,0.03292957
11909,0.035486124
12109,0.09159744
12409,0.06969038
12709,0.05824403
12909,0.25922513
13009,0.10597478
13409,0.04666833
13509,0.028496275
13609,0.02419326
13709,0.024822325
13909,0.052557144
14309,0.029790664
14409,0.18872164
15409,0.335491
15609,0.03251637
15709,0.068889044
15809,0.020916015
15909,0.024568746
16109,0.04583199
16209,0.041193385
16309,0.020635888
16409,0.012360325
16509,0.016326347
16609,0.044806864
17009,0.036865395
17109,0.016623605
17209,0.013691692
17309,0.019402068
17409,0.028502297
17609,0.07758092
17709,0.030535592
17909,0.0067174397
18009,0.007883198
18109,0.004926606
18209,0.0056199455
18409,0.031299785
18509,0.0104319425
18709,0.0059663802
18809,0.032654963
19109,0.07687259
19509,0.017911933
19609,0.027161876
19709,0.018617002
19809,0.014105595
20709,0.022383284
20809,0.06702448
20909,0.038815863
21109,0.030380426
21209,0.029000672
21409,0.3659125
21809,0.026795287
22009,0.03953908
22309,0.055676386
22409,0.041600566
22509,0.02747388
22609,0.05392176
22909,0.037196457
23009,0.014559376
23209,0.023594132
23309,0.02102543
23609,0.019719794
23709,0.036249645
23809,0.0489149
23909,0.02321494
24109,0.033552784
24209,0.033943504
24409,0.048907764
24509,0.036652517
24609,0.011294502
24709,0.057701267
25309,0.027136868
25409,0.086160526
25809,0.47479272
26009,0.19305326
26109,0.077558674
26209,0.02928468
26309,0.025846003
26409,0.094336115
26609,0.03966548
26709,0.040180992
26809,0.010290625
26909,0.02071073
27009,0.019715054
27309,0.042893622
27409,0.019726485
27509,0.04247831
27909,0.028761748
28009,0.039509136
28109,0.26857817
28309,0.030182408
28409,0.06015206
29009,0.25233662
29109,0.037745822
29309,0.021199591
29609,0.04262711
29709,0.08444749
29809,0.07897959
29909,0.02748943
30009,0.05779267
30109,0.18123312
30309,0.020765454
30409,0.030881947
30709,0.13060695
30809,0.06298312
31109,0.0669282
31209,0.033915527
31609,0.025702741
31709,0.2873477
31809,0.13146824
31909,0.029214064
32009,0.022738095
32109,0.01699599
32809,0.04440177
33009,0.013143591
33109,0.01734662
33509,0.028173395
33709,0.00842222
33809,0.0054163397
33909,0.0031867821
34009,0.014379524
34209,0.023253456
34309,0.010188912
34409,0.015265593
34509,0.021918964
34609,0.013314738
34809,0.010569329
35009,0.025247233
35209,0.029264022
35309,0.04438874
35509,0.032723844
35609,0.032861013
35709,0.035407577
35909,0.048383106
36009,0.050981753
36109,0.03682638
36609,0.071743056
37209,0.0164322
37409,0.040127322
37509,0.04448121
37609,0.6671609
37709,0.25729936
38109,0.027299672
38209,0.045522757
38309,0.028982364
38409,0.05560688
38609,0.031762637
38809,0.032855358
39109,0.03881529
39209,0.009020754
39309,0.031425256
39409,0.03804472
39609,0.040074546
39709,0.008527763
39909,0.015835697
40009,0.03178643
40209,0.01953112
40509,0.028266111
40609,0.026241874
41809,0.0638348
42009,0.037058495
42709,0.02653498
42909,0.030766252
43609,0.08744301
44209,0.028427683
44509,0.014100629
44709,0.026029179
44909,0.054316062
45209,0.06082682
45309,0.095816284
45509,0.039175138
45609,0.024579989
46109,0.06413614
46309,0.05012005
46509,0.08702166
46909,0.012538216
47009,0.025384186
47109,0.105257444
47209,0.069681704
47309,0.033686433
47609,0.044516634
47709,0.038123813
47809,0.028768225
47909,0.021442136
48209,0.0359519
48609,0.030926555
48709,0.040923096
49109,0.05952707
49209,0.020977624
49609,0.049982175
49709,0.008558049
49909,0.019219862
50109,0.0067812367
50309,0.00988194
50409,0.010963412
50609,0.04786186
50809,0.007472337
50909,0.04292269
51009,0.018483942
51209,0.01600314
51609,0.019612871
51809,0.023660772
52009,0.026278088
52109,0.038474362
52509,0.021205276
52609,0.5094757
52709,0.034503836
53209,0.10107778
53309,0.03784971
53409,0.092161015
53609,0.02748939
53909,0.31973127
54109,0.16421336
54209,0.065009244
54309,0.07202735
54409,0.06660731
54609,0.04289178
55009,0.028914262
55209,0.37858734
55409,0.017917115
55509,0.05294201
55609,0.030088104
56209,0.051876392
56509,0.024588106
56709,0.014785095
56809,0.048291564
57009,0.15079129
57109,0.023758177
57209,0.023320958
57309,0.014231935
57509,0.013962273
57909,0.021695536
58009,0.03417782
58209,0.2143756
58309,0.02039344
58509,0.11439531
58909,0.033205327
59109,0.42818865
59209,0.03425851
59509,0.3887322
59609,0.14361203
59809,0.03016616
59909,0.03884672
60409,0.09835684
60509,0.03731529
60809,0.059376244
61109,0.08158548
61309,0.07113665
61409,0.46672243
61709,0.029862262
62109,0.14696345
62409,0.035717223
62709,0.02451793
62809,0.029586716
63509,0.08160137
63609,0.018192295
63709,0.024723366
63809,0.033086274
63909,0.01894675
64309,0.02367357
64409,0.017167889
10,0.018354757
110,0.014740139
410,0.6532513
610,0.019888943
710,0.012221926
1010,0.012219158
1210,0.18118146
1710,0.008608909
2210,0.030856924
2710,0.018281616
2810,0.46656358
2910,0.02506861
3010,0.12852739
3110,0.019408816
3210,0.10071253
3310,0.05363887
3410,0.044372786
3710,0.1389832
4010,0.038516447
4110,0.023828998
4210,0.034647066
4410,0.04880835
4710,0.05743268
4810,0.021922834
4910,0.24380423
5110,0.048314434
5210,0.021866186
5710,0.016901048
5910,0.018444572
6210,0.0105150705
6310,0.008033519
6510,0.015611683
6610,0.011049959
6810,0.02833027
6910,0.07332538
7010,0.049582478
7210,0.10648558
7410,0.054576732
7510,0.058981426
7710,0.019716276
7910,0.016314274
8110,0.02431501
8210,0.034272216
8310,0.02328585
8410,0.015350466
8510,0.011135035
8610,0.010610383
8710,0.015335713
8910,0.021900022
9010,0.041134696
9210,0.013581114
9510,0.76658326
9810,0.020128664
9910,0.03571473
10110,0.32294315
10410,0.010288537
10510,0.011191904
10610,0.033722967
10710,0.011180475
10910,0.008133819
11210,0.023568748
11310,0.48908654
11710,0.28873527
11910,0.011753712
12110,0.14114141
12410,0.06429757
12710,0.021222312
12910,0.089572854
13010,0.1534965
13410,0.019810908
13510,0.022935323
13610,0.011574468
13710,0.013714171
13910,0.046708073
14310,0.015205976
14410,0.9803669
15410,0.98037946
15610,0.008499499
15710,0.34976816
15810,0.016945237
15910,0.022479115
16110,0.5632331
16210,0.015720207
16310,0.02950652
16410,0.013457211
16510,0.2633316
16610,0.18664281
17010,0.014427944
17110,0.013261744
17210,0.012365232
17310,0.02574631
17410,0.029457044
17610,0.81846064
17710,0.017852822
17910,0.007872012
18010,0.008030822
18110,0.06119336
18210,0.04394111
18410,0.09301389
18510,0.022148397
18710,0.018645657
18810,0.059788402
19110,0.26815754
19510,0.021967936
19610,0.29228348
19710,0.08257437
19810,0.21110786
20710,0.021950135
20810,0.46544147
20910,0.08065115
21110,0.009152622
21210,0.03935243
21410,0.17366956
21810,0.007890074
22010,0.016357474
22310,0.066123195
22410,0.020676345
22510,0.0055522537
22610,0.01559359
22910,0.10167956
23010,0.12174614
23210,0.016561834
23310,0.03721672
23610,0.014852147
23710,0.19564496
23810,0.0327426
23910,0.02858161
24110,0.032199834
24210,0.03556602
24410,0.06674166
24510,0.019818703
24610,0.04116691
24710,0.04108161
25310,0.6503103
25410,0.24133569
25810,0.8276597
26010,0.94153863
26110,0.030137977
26210,0.018482074
26310,0.01407794
26410,0.3390086
26610,0.0071684145
26710,0.02382107
26810,0.41408044
26910,0.051590458
27010,0.018701896
27310,0.066496566
27410,0.0614766
27510,0.14208454
27910,0.24637417
28010,0.05580167
28110,0.7110334
28310,0.007945869
28410,0.01645261
29010,0.5865482
29110,0.009417402
29310,0.009329024
29610,0.07933268
29710,0.56990296
29810,0.043801434
29910,0.011927129
30010,0.02498293
30110,0.9889965
30310,0.016380774
30410,0.012696793
30710,0.96967465
30810,0.07788476
31110,0.9115338
31210,0.030125383
31610,0.030349435
31710,0.9855742
31810,0.419197
31910,0.019659199
32010,0.027935239
32110,0.011132388
32810,0.011520597
33010,0.008739162
33110,0.027741149
33510,0.02807476
33710,0.006951643
33810,0.0053563328
33910,0.08081492
34010,0.01847874
34210,0.057833157
34310,0.017398799
34410,0.021715289
34510,0.09484126
34610,0.027903806
34810,0.14219774
35010,0.037442055
35210,0.03419338
35310,0.031419598
35510,0.04323768
35610,0.08839653
35710,0.17243406
35910,0.61574507
36010,0.43115968
36110,0.02324756
36610,0.950408
37210,0.015597177
37410,0.014131658
37510,0.058742013
37610,0.14933841
37710,0.0388046
38110,0.019091357
38210,0.0137610035
38310,0.0067523713
38410,0.02060819
38610,0.019502865
38810,0.02736158
39110,0.02285686
39210,0.24912597
39310,0.19927217
39410,0.27041358
39610,0.06008428
39710,0.0048294673
39910,0.015509292
40010,0.084841795
40210,0.028398374
40510,0.039689045
40610,0.016629068
41810,0.9403294
42010,0.047745544
42710,0.037169922
42910,0.077292465
43610,0.9045245
44210,0.06870052
44510,0.36857328
44710,0.014224225
44910,0.01848085
45210,0.23399441
45310,0.018689627
45510,0.08907683
45610,0.009993434
46110,0.07846113
46310,0.017538
46510,0.9724441
46910,0.010742242
47010,0.032972
47110,0.9726535
47210,0.46945974
47310,0.0121837
47610,0.033597726
47710,0.010576489
47810,0.015311551
47910,0.02439525
48210,0.45954773
48610,0.06747458
48710,0.18867446
49110,0.078778796
49210,0.018898485
49610,0.23060541
49710,0.15490961
49910,0.023981431
50110,0.0076187826
50310,0.11462156
50410,0.07037751
50610,0.082189634
50810,0.023122313
50910,0.2191659
51010,0.026834972
51210,0.058011856
51610,0.10798037
51810,0.055151217
52010,0.5746937
52110,0.046691105
52510,0.08240727
52610,0.96349686
52710,0.021659339
53210,0.32781783
53310,0.09309883
53410,0.027655002
53610,0.026305715
53910,0.38768083
54110,0.07579094
54210,0.03030259
54310,0.03762552
54410,0.014203539
54610,0.017571466
55010,0.019386252
55210,0.034573425
55410,0.095126525
55510,0.06533743
55610,0.1282399
56210,0.035223857
56510,0.014887498
56710,0.011751469
56810,0.3179916
57010,0.05682153
57110,0.013909951
57210,0.026167626
57310,0.26760378
57510,0.019642001
57910,0.065479286
58010,0.040446132
58210,0.2755429
58310,0.012016471
58510,0.02216801
58910,0.051110532
59110,0.68729264
59210,0.8507888
59510,0.09689295
59610,0.9103938
59810,0.13259287
59910,0.07171886
60410,0.6918364
60510,0.185942
60810,0.013328244
61110,0.4039981
61310,0.805144
61410,0.92953366
61710,0.020813843
62110,0.7901833
62410,0.009044644
62710,0.013513955
62810,0.013824062
63510,0.955971
63610,0.017034344
63710,0.009613056
63810,0.012220482
63910,0.013844305
64310,0.017256314
64410,0.03345647
11,0.019106142
111,0.029187737
411,0.7179723
611,0.009299412
711,0.008416098
1011,0.01688424
1211,0.03997644
1711,0.008959591
2211,0.014135791
2711,0.017011603
2811,0.015823277
2911,0.01099205
3011,0.011745362
3111,0.018924948
3211,0.025593566
3311,0.017556768
3411,0.014267046
3711,0.019588757
4011,0.010011277
4111,0.06765186
4211,0.012533345
4411,0.017073102
4711,0.02051601
4811,0.006256678
4911,0.02619082
5111,0.0099641755
5211,0.008449592
5711,0.006598365
5911,0.0068893293
6211,0.0059508886
6311,0.007892649
6511,0.016596712
6611,0.010796435
6811,0.021916837
6911,0.11381348
7011,0.014887681
7211,0.043080613
7411,0.01259751
7511,0.011449651
7711,0.012475627
7911,0.031147165
8111,0.0089199385
8211,0.012766341
8311,0.011768242
8411,0.011491847
8511,0.010069589
8611,0.010172104
8711,0.010371247
8911,0.011390778
9011,0.0060330797
9211,0.008221098
9511,0.018434748
9811,0.0062638246
9911,0.014675545
10111,0.018794008
10411,0.007254175
10511,0.0069780555
10611,0.02718639
10711,0.004910708
10911,0.00833368
11211,0.008684876
11311,0.035251383
11711,0.09936611
11911,0.008304232
12111,0.03522556
12411,0.015634129
12711,0.014879912
12911,0.014912863
13011,0.018165277
13411,0.010004781
13511,0.006306411
13611,0.008725237
13711,0.013269722
13911,0.051939137
14311,0.00917169
14411,0.015181474
15411,0.015278976
15611,0.0106997145
15711,0.017469818
15811,0.010264914
15911,0.012263219
16111,0.025840927
16211,0.011357877
16311,0.05112285
16411,0.03195402
16511,0.6287584
16611,0.03312892
17011,0.007957865
17111,0.038069732
17211,0.025025617
17311,0.029490111
17411,0.26990613
17611,0.03267431
17711,0.007915626
17911,0.008950992
18011,0.0109284
18111,0.026920464
18211,0.013244048
18411,0.01121522
18511,0.011187244
18711,0.028248288
18811,0.021033987
19111,0.015657524
19511,0.009836388
19611,0.034000404
19711,0.0106717935
19811,0.02644471
20711,0.009903603
20811,0.039381362
20911,0.016176645
21111,0.010198014
21211,0.031119587
21411,0.045985073
21811,0.013283314
22011,0.010490736
22311,0.014512763
22411,0.012245905
22511,0.009259493
22611,0.01623096
22911,0.32665434
23011,0.043583967
23211,0.028705485
23311,0.021025106
23611,0.011744515
23711,0.06652802
23811,0.010001353
23911,0.010120617
24111,0.010873886
24211,0.0122538945
24411,0.0065212944
24511,0.029367942
24611,0.009075111
24711,0.006814862
25311,0.057015445
25411,0.0352077
25811,0.0065479944
26011,0.021541242
26111,0.011462763
26211,0.008831594
26311,0.007863924
26411,0.0074861064
26611,0.012226632
26711,0.016913967
26811,0.027163051
26911,0.017374687
27011,0.008564391
27311,0.014689935
27411,0.075623676
27511,0.30471435
27911,0.029928064
28011,0.015897458
28111,0.02205979
28311,0.0080425
28411,0.02010238
29011,0.029612672
29111,0.012176
29311,0.012090424
29611,0.030478595
29711,0.03803136
29811,0.012780273
29911,0.007840608
30011,0.010655821
30111,0.019092444
30311,0.007679855
30411,0.005817256
30711,0.011822785
30811,0.01753267
31111,0.019793881
31211,0.008559817
31611,0.016488992
31711,0.02416749
31811,0.01536609
31911,0.012047146
32011,0.008451036
32111,0.018187597
32811,0.0067098434
33011,0.031790566
33111,0.057886854
33511,0.009054689
33711,0.00842403
33811,0.008399326
33911,0.02772637
34011,0.015679529
34211,0.0068513737
34311,0.008961065
34411,0.017459227
34511,0.02103707
34611,0.011786552
34811,0.030753583
35011,0.00840994
35211,0.012305233
35311,0.01328824
35511,0.012596709
35611,0.0122172935
35711,0.01608865
35911,0.023686176
36011,0.0156882
36111,0.011548826
36611,0.01667108
37211,0.00377993
37411,0.016210878
37511,0.029969912
37611,0.023637543
37711,0.013446409
38111,0.009125648
38211,0.009684486
38311,0.009999643
38411,0.010602612
38611,0.006259086
38811,0.006133652
39111,0.018547311
39211,0.0539692
39311,0.049439713
39411,0.024607383
39611,0.088175945
39711,0.004091377
39911,0.01391979
40011,0.033347845
40211,0.007714528
40511,0.02192761
40611,0.012140801
41811,0.018372012
42011,0.015046495
42711,0.00900826
42911,0.010776907
43611,0.016649496
44211,0.014558684
44511,0.037980087
44711,0.009863467
44911,0.009413519
45211,0.013390788
45311,0.018025154
45511,0.017571948
45611,0.006152561
46111,0.023643252
46311,0.017364863
46511,0.013774193
46911,0.0137999775
47011,0.032909017
47111,0.0099806655
47211,0.02555322
47311,0.011704868
47611,0.009853261
47711,0.010456342
47811,0.007427709
47911,0.021514427
48211,0.023328895
48611,0.01778149
48711,0.6348846
49111,0.011201649
49211,0.021818692
49611,0.24042766
49711,0.11056599
49911,0.010169264
50111,0.010064931
50311,0.0104131205
50411,0.023951113
50611,0.01059827
50811,0.021758663
50911,0.011642194
51011,0.011191561
51211,0.016582746
51611,0.0525113
51811,0.014108379
52011,0.021922786
52111,0.020721491
52511,0.041667115
52611,0.030883528
52711,0.009705319
53211,0.040857423
53311,0.090918176
53411,0.03284359
53611,0.008442064
53911,0.023863982
54111,0.019095536
54211,0.011267465
54311,0.021528913
54411,0.013514776
54611,0.013048867
55011,0.0085504055
55211,0.011604118
55411,0.033903927
55511,0.026202928
55611,0.007155869
56211,0.0244687
56511,0.007638315
56711,0.015306607
56811,0.025234425
57011,0.010583476
57111,0.009448939
57211,0.013815645
57311,0.034274865
57511,0.008604362
57911,0.009366157
58011,0.01269136
58211,0.009938379
58311,0.010055315
58511,0.014094226
58911,0.015172788
59111,0.01689636
59211,0.014895969
59511,0.008919453
59611,0.020881277
59811,0.036899474
59911,0.013000809
60411,0.012012344
60511,0.01854153
60811,0.010556466
61111,0.03523483
61311,0.032232128
61411,0.031274207
61711,0.0075718286
62111,0.0292689
62411,0.011200488
62711,0.006996312
62811,0.008747038
63511,0.021217393
63611,0.014412587
63711,0.010936603
63811,0.0077168164
63911,0.010621812
64311,0.008500735
64411,0.009704094
12,0.008741072
112,0.011955248
412,0.16434827
612,0.012553605
712,0.01054138
1012,0.0068733585
1212,0.013947956
1712,0.0063046333
2212,0.0028093846
2712,0.02926217
2812,0.027266838
2912,0.017438466
3012,0.034292996
3112,0.014616823
3212,0.05408796
3312,0.024778705
3412,0.013145231
3712,0.015097176
4012,0.039277058
4112,0.46240282
4212,0.0049621747
4412,0.020147657
4712,0.06835535
4812,0.010216287
4912,0.008905197
5112,0.026054144
5212,0.010639366
5712,0.010094325
5912,0.012750715
6212,0.008918118
6312,0.008759493
6512,0.015922187
6612,0.015158815
6812,0.024672017
6912,0.577791
7012,0.02004423
7212,0.15427816
7412,0.009249219
7512,0.01448171
7712,0.010786016
7912,0.032291897
8112,0.011571545
8212,0.011550925
8312,0.018108614
8412,0.016791461
8512,0.014852468
8612,0.011217156
8712,0.009820655
8912,0.0153235905
9012,0.005398638
9212,0.014555537
9512,0.03006707
9812,0.0150743555
9912,0.013911325
10112,0.013430914
10412,0.011531026
10512,0.008730323
10612,0.02004478
10712,0.0026712404
10912,0.009925278
11212,0.013569774
11312,0.15225047
11712,0.13220033
11912,0.010651981
12112,0.030539824
12412,0.018917644
12712,0.01215813
12912,0.018636243
13012,0.008386965
13412,0.010309053
13512,0.016401164
13612,0.0117111225
13712,0.013972926
13912,0.017450415
14312,0.01411104
14412,0.12018126
15412,0.038349822
15612,0.011450262
15712,0.0325249
15812,0.013003226
15912,0.012918831
16112,0.06465494
16212,0.0132713495
16312,0.018121747
16412,0.013517205
16512,0.09242269
16612,0.021858029
17012,0.008430457
17112,0.010297379
17212,0.012173643
17312,0.015377042
17412,0.042814054
17612,0.10465726
17712,0.013790045
17912,0.004003404
18012,0.009962895
18112,0.04267072
18212,0.02004812
18412,0.007461484
18512,0.0049820747
18712,0.029223232
18812,0.01849298
19112,0.016038949
19512,0.015675329
19612,0.018680427
19712,0.010234868
19812,0.022411164
20712,0.019246263
20812,0.040455222
20912,0.012153308
21112,0.012314678
21212,0.014539296
21412,0.044813693
21812,0.014960353
22012,0.012854516
22312,0.007878771
22412,0.018880295
22512,0.009415791
22612,0.013063897
22912,0.80323434
23012,0.10407667
23212,0.011020524
23312,0.0034082974
23612,0.023134928
23712,0.031366993
23812,0.013715203
23912,0.013250343
24112,0.011006133
24212,0.023156684
24412,0.013417331
24512,0.017645985
24612,0.015887253
24712,0.007945744
25312,0.026107248
25412,0.02917891
25812,0.014619215
26012,0.06767961
26112,0.010016907
26212,0.011915548
26312,0.01040189
26412,0.0067290524
26612,0.010599371
26712,0.024990875
26812,0.024698088
26912,0.011249113
27012,0.015880145
27312,0.01944162
27412,0.042947512
27512,0.16978149
27912,0.032858476
28012,0.006365781
28112,0.029970031
28312,0.008348711
28412,0.011676988
29012,0.03323866
29112,0.013185221
29312,0.011775171
29612,0.008603873
29712,0.099900424
29812,0.014943625
29912,0.015354913
30012,0.01167559
30112,0.076787286
30312,0.014875334
30412,0.009411937
30712,0.028033145
30812,0.02488037
31112,0.05663321
31212,0.0139168855
31612,0.012372963
31712,0.07587838
31812,0.022556536
31912,0.012121881
32012,0.013175464
32112,0.014090874
32812,0.009295661
33012,0.0120665375
33112,0.018088778
33512,0.0105501935
33712,0.006092689
33812,0.006010528
33912,0.08470307
34012,0.008683032
34212,0.027805656
34312,0.004504937
34412,0.0060083154
34512,0.016876275
34612,0.010637573
34812,0.038276594
35012,0.01254899
35212,0.0158317
35312,0.04025326
35512,0.017390333
35612,0.015052375
35712,0.013580691
35912,0.111441195
36012,0.071546264
36112,0.013933222
36612,0.17205745
37212,0.014450753
37412,0.0103903515
37512,0.009532556
37612,0.0146329105
37712,0.008346824
38112,0.010897011
38212,0.011904324
38312,0.014008308
38412,0.009021781
38612,0.009967238
38812,0.013743444
39112,0.017426047
39212,0.69853127
39312,0.033058763
39412,0.087803304
39612,0.021961266
39712,0.006880992
39912,0.01998658
40012,0.01391835
40212,0.015038724
40512,0.016350515
40612,0.011639572
41812,0.043324687
42012,0.017499194
42712,0.01820909
42912,0.008939434
43612,0.043597013
44212,0.019163448
44512,0.020126048
44712,0.01470608
44912,0.010404787
45212,0.0028739509
45312,0.008997748
45512,0.01863955
45612,0.0104717715
46112,0.06952941
46312,0.0130482465
46512,0.037908882
46912,0.014556845
47012,0.026245942
47112,0.03617876
47212,0.025586745
47312,0.01331071
47612,0.023573212
47712,0.009928905
47812,0.009624208
47912,0.02156014
48212,0.0544198
48612,0.012545061
48712,0.0787602
49112,0.021431087
49212,0.0155444145
49612,0.03764302
49712,0.1375926
49912,0.013843367
50112,0.005222785
50312,0.010887207
50412,0.0060222205
50612,0.06617
50812,0.04491183
50912,0.012158749
51012,0.01076649
51212,0.028798385
51612,0.090995796
51812,0.02272139
52012,0.020636825
52112,0.017915094
52512,0.020292923
52612,0.09605016
52712,0.017704036
53212,0.01431557
53312,0.013102364
53412,0.05525478
53612,0.013396528
53912,0.032748155
54112,0.014638323
54212,0.011743031
54312,0.020426644
54412,0.013245593
54612,0.0148667
55012,0.010550148
55212,0.021348251
55412,0.063919604
55512,0.028893583
55612,0.0056799245
56212,0.00991177
56512,0.011248741
56712,0.015969992
56812,0.025259955
57012,0.008471949
57112,0.01445486
57212,0.016048482
57312,0.020979768
57512,0.01096807
57912,0.018865652
58012,0.011171205
58212,0.008321515
58312,0.01825855
58512,0.012344856
58912,0.006061824
59112,0.026688943
59212,0.029550424
59512,0.032287333
59612,0.05529032
59812,0.047746897
59912,0.016521707
60412,0.014479997
60512,0.011201221
60812,0.011751054
61112,0.02407708
61312,0.09456217
61412,0.036947917
61712,0.017725626
62112,0.042239632
62412,0.014298465
62712,0.0076452405
62812,0.013107469
63512,0.12919231
63612,0.01826622
63712,0.012969208
63812,0.010335909
63912,0.01636639
64312,0.013106928
64412,0.015746139
13,0.007302534
113,0.00847652
413,0.0072362917
613,0.010433706
713,0.009323389
1013,0.0049674604
1213,0.0066636754
1713,0.005678328
2213,0.0036601974
2713,0.007835025
2813,0.021664249
2913,0.013854563
3013,0.010591619
3113,0.01518313
3213,0.022633757
3313,0.0135664875
3413,0.00735218
3713,0.014984819
4013,0.019612301
4113,0.0006781238
4213,0.012298392
4413,0.027497262
4713,0.030956037
4813,0.008260362
4913,0.012011977
5113,0.018758237
5213,0.012376251
5713,0.00884724
5913,0.009033124
6213,0.009088152
6313,0.0075423783
6513,0.013720996
6613,0.017795833
6813,0.022345308
6913,0.0066377767
7013,0.022266671
7213,0.005568375
7413,0.013409806
7513,0.017562395
7713,0.007847393
7913,0.02518562
8113,0.013336353
8213,0.008188353
8313,0.01520422
8413,0.01346429
8513,0.0075697005
8613,0.008284353
8713,0.013209257
8913,0.011731677
9013,0.007852894
9213,0.012606315
9513,0.022988208
9813,0.013689386
9913,0.02007182
10113,0.014105625
10413,0.012582043
10513,0.008437874
10613,0.03236412
10713,0.0035272625
10913,0.013170071
11213,0.010210647
11313,0.005702026
11713,0.011205362
11913,0.00888647
12113,0.034126323
12413,0.02709854
12713,0.010227418
12913,0.010813578
13013,0.011423937
13413,0.009670111
13513,0.021056462
13613,0.009985342
13713,0.011522363
13913,0.011090604
14313,0.013721241
14413,0.034467846
15413,0.0411215
15613,0.011800662
15713,0.02255872
15813,0.010241193
15913,0.010585617
16113,0.025943726
16213,0.011052996
16313,0.012689413
16413,0.008266603
16513,0.00825514
16613,0.014895382
17013,0.008026489
17113,0.0060408274
17213,0.008012384
17313,0.007918664
17413,0.017210864
17613,0.03716062
17713,0.0153874755
17913,0.004122836
18013,0.006628662
18113,0.0035329189
18213,0.0026839345
18413,0.006298319
18513,0.0056291386
18713,0.0047118054
18813,0.017419012
19113,0.028240353
19513,0.008620129
19613,0.0057922197
19713,0.008841091
19813,0.007977625
20713,0.011937332
20813,0.026728354
20913,0.017044198
21113,0.009863202
21213,0.01082972
21413,0.023315096
21813,0.014210049
22013,0.015424797
22313,0.0052455217
22413,0.010495762
22513,0.007404143
22613,0.012684264
22913,0.005664061
23013,0.0064056604
23213,0.016610965
23313,0.009942301
23613,0.01736235
23713,0.018328479
23813,0.026313342
23913,0.008930257
24113,0.0085314885
24213,0.013296001
24413,0.0236185
24513,0.020180522
24613,0.022261064
24713,0.008539211
25313,0.016882893
25413,0.02890077
25813,0.01894775
26013,0.07541812
26113,0.017119952
26213,0.009120703
26313,0.01086862
26413,0.01111727
26613,0.010661346
26713,0.013087949
26813,0.005527314
26913,0.013742444
27013,0.0100600105
27313,0.034116734
27413,0.020629583
27513,0.010208898
27913,0.01589367
28013,0.0088162795
28113,0.017999223
28313,0.006341488
28413,0.009652647
29013,0.025359731
29113,0.009727124
29313,0.010040093
29613,0.01660836
29713,0.022102587
29813,0.018355297
29913,0.01261363
30013,0.011811476
30113,0.044406768
30313,0.011089443
30413,0.007923684
30713,0.012532301
30813,0.041439604
31113,0.021363465
31213,0.014184229
31613,0.017001512
31713,0.06495873
31813,0.014023601
31913,0.009479366
32013,0.014580339
32113,0.009144102
32813,0.0069834837
33013,0.00623038
33113,0.010546236
33513,0.009798002
33713,0.0056747836
33813,0.0056373063
33913,0.0023603693
34013,0.0063669304
34213,0.0055619967
34313,0.005261578
34413,0.0063685295
34513,0.00803548
34613,0.013342053
34813,0.0028628523
35013,0.011232561
35213,0.011556299
35313,0.01484757
35513,0.01500282
35613,0.015175211
35713,0.01709223
35913,0.03217921
36013,0.023906743
36113,0.015299549
36613,0.06975402
37213,0.011418396
37413,0.011929001
37513,0.0116914315
37613,0.04692926
37713,0.01165286
38113,0.011086661
38213,0.017863097
38313,0.010720602
38413,0.012220155
38613,0.0107324105
38813,0.013738044
39113,0.014906203
39213,0.0042453664
39313,0.0074986485
39413,0.00825215
39613,0.018468099
39713,0.018576773
39913,0.012080308
40013,0.012632303
40213,0.010340548
40513,0.017213413
40613,0.00875003
41813,0.015463668
42013,0.021740202
42713,0.012710045
42913,0.021767218
43613,0.024637314
44213,0.015010977
44513,0.012003033
44713,0.008787263
44913,0.007916964
45213,0.013152804
45313,0.014851881
45513,0.015137294
45613,0.008149691
46113,0.048584513
46313,0.012160719
46513,0.019551441
46913,0.0057415944
47013,0.02463615
47113,0.020762531
47213,0.014326987
47313,0.011288748
47613,0.019832427
47713,0.008878815
47813,0.009209336
47913,0.013020421
48213,0.016088245
48613,0.016398795
48713,0.020554006
49113,0.030092278
49213,0.01589235
49613,0.014171499
49713,0.007797827
49913,0.0143806385
50113,0.0044681244
50313,0.003624212
50413,0.0053010215
50613,0.005927333
50813,0.0046034413
50913,0.008808616
51013,0.009724207
51213,0.007890218
51613,0.0074474188
51813,0.01933334
52013,0.009715755
52113,0.020653302
52513,0.01522991
52613,0.036260277
52713,0.008937415
53213,0.017289132
53313,0.015492931
53413,0.03218172
53613,0.013841591
53913,0.034747224
54113,0.01303413
54213,0.012350742
54313,0.023585597
54413,0.011765325
54613,0.026457122
55013,0.010371453
55213,0.014139534
55413,0.009306358
55513,0.043922845
55613,0.012447383
56213,0.017006373
56513,0.0101295505
56713,0.010850069
56813,0.025674168
57013,0.020639917
57113,0.014106973
57213,0.012401425
57313,0.004631538
57513,0.008047542
57913,0.012868016
58013,0.011273222
58213,0.017392812
58313,0.016906952
58513,0.014907532
58913,0.014932257
59113,0.016439833
59213,0.0075485166
59513,0.00777322
59613,0.024018679
59813,0.02265052
59913,0.021794524
60413,0.02009278
60513,0.016856205
60813,0.012522297
61113,0.034712285
61313,0.023313072
61413,0.045316946
61713,0.025250819
62113,0.030292021
62413,0.014628442
62713,0.008779273
62813,0.012906716
63513,0.03308588
63613,0.016290512
63713,0.014572708
63813,0.00810502
63913,0.013400311
64313,0.012752893
64413,0.009819538
14,0.01829096
114,0.0105792275
414,0.0037029826
614,0.009299846
714,0.0054179677
1014,0.006494723
1214,0.009939232
1714,0.010421798
2214,0.004803317
2714,0.010676089
2814,0.033327784
2914,0.022272713
3014,0.008942435
3114,0.011309554
3214,0.011116112
3314,0.016425537
3414,0.008099449
3714,0.016328374
4014,0.00946847
4114,0.012042528
4214,0.01030882
4414,0.06768087
4714,0.010948742
4814,0.007541037
4914,0.01218817
5114,0.012854751
5214,0.009695716
5714,0.0065222103
5914,0.008119021
6214,0.007083492
6314,0.0037756125
6514,0.00880128
6614,0.009751931
6814,0.011089584
6914,0.010647344
7014,0.040089894
7214,0.009905621
7414,0.012203164
7514,0.025985803
7714,0.0071917595
7914,0.013643319
8114,0.012531404
8214,0.0042801118
8314,0.011480505
8414,0.015454343
8514,0.008851518
8614,0.0075621456
8714,0.023530867
8914,0.014455323
9014,0.012310956
9214,0.008986236
9514,0.024964813
9814,0.026951922
9914,0.030778058
10114,0.03731719
10414,0.008836262
10514,0.0044715204
10614,0.064770006
10714,0.004608285
10914,0.009742362
11214,0.010893844
11314,0.015207226
11714,0.009467196
11914,0.0058883964
12114,0.09916881
12414,0.049226537
12714,0.010789532
12914,0.012891203
13014,0.009202703
13414,0.00715924
13514,0.04141801
13614,0.0075035756
13714,0.0066402582
13914,0.0069449903
14314,0.008804463
14414,0.3505006
15414,0.08220479
15614,0.007591813
15714,0.03571658
15814,0.008558446
15914,0.008131104
16114,0.020600837
16214,0.007153856
16314,0.013163453
16414,0.010688158
16514,0.0054913484
16614,0.026277466
17014,0.005844633
17114,0.0066202334
17214,0.0071306136
17314,0.007467172
17414,0.010641935
17614,0.032079127
17714,0.012913736
17914,0.008142975
18014,0.009259034
18114,0.0065941126
18214,0.006457482
18414,0.008973383
18514,0.01079806
18714,0.00480215
18814,0.037547603
19114,0.04089253
19514,0.012597646
19614,0.0067344187
19714,0.016934222
19814,0.0071924333
20714,0.009765022
20814,0.016466478
20914,0.015639149
21114,0.0072694826
21214,0.0071772705
21414,0.04993078
21814,0.0070099807
22014,0.017404174
22314,0.011108814
22414,0.009264526
22514,0.004370019
22614,0.008066025
22914,0.014571449
23014,0.0188639
23214,0.014084139
23314,0.0104471
23614,0.012941614
23714,0.01718319
23814,0.05618785
23914,0.006403378
24114,0.005156475
24214,0.014703619
24414,0.06022941
24514,0.0143787265
24614,0.08683003
24714,0.011958689
25314,0.01859152
25414,0.016481949
25814,0.57132345
26014,0.12458826
26114,0.030249419
26214,0.010234859
26314,0.0053138477
26414,0.0062850104
26614,0.0053673666
26714,0.012047242
26814,0.005242948
26914,0.01619949
27014,0.009867542
27314,0.067706615
27414,0.011640483
27514,0.0064014373
27914,0.05042299
28014,0.015782267
28114,0.12738739
28314,0.0039209127
28414,0.006302848
29014,0.09673521
29114,0.0065504243
29314,0.005881693
29614,0.016702503
29714,0.06770751
29814,0.015092696
29914,0.011731892
30014,0.008120196
30114,0.16114424
30314,0.00766314
30414,0.00704237
30714,0.14376104
30814,0.15370359
31114,0.18048762
31214,0.010553032
31614,0.017566504
31714,0.23519808
31814,0.033356406
31914,0.0057448098
32014,0.019753205
32114,0.011763614
32814,0.005288324
33014,0.007737639
33114,0.010104183
33514,0.007357593
33714,0.010247302
33814,0.009283355
33914,0.01273523
34014,0.008194819
34214,0.032756615
34314,0.008762438
34414,0.0067856223
34514,0.017285379
34614,0.024330348
34814,0.013545995
35014,0.012834207
35214,0.010632105
35314,0.011726463
35514,0.028746104
35614,0.022907283
35714,0.04107274
35914,0.020643735
36014,0.023300337
36114,0.018405432
36614,0.069462396
37214,0.027994972
37414,0.00576691
37514,0.009575431
37614,0.23588188
37714,0.012591876
38114,0.008591597
38214,0.012275384
38314,0.0059597404
38414,0.0078511955
38614,0.010564314
38814,0.020238003
39114,0.008947512
39214,0.0151801715
39314,0.008329948
39414,0.012105555
39614,0.012417221
39714,0.088354774
39914,0.014273808
40014,0.0092220595
40214,0.02280373
40514,0.007472518
40614,0.010399732
41814,0.0752969
42014,0.07189668
42714,0.010319212
42914,0.026800163
43614,0.042365618
44214,0.019997524
44514,0.014823117
44714,0.00829156
44914,0.006164942
45214,0.013092003
45314,0.009539302
45514,0.020943502
45614,0.006469857
46114,0.05938768
46314,0.008597127
46514,0.27665815
46914,0.0070745833
47014,0.015403726
47114,0.53537005
47214,0.029239228
47314,0.00866203
47614,0.02171727
47714,0.004597349
47814,0.0058449325
47914,0.010924365
48214,0.0132273
48614,0.049692642
48714,0.016275186
49114,0.028476804
49214,0.010862705
49614,0.008903741
49714,0.008510701
49914,0.0145317335
50114,0.008161933
50314,0.00547629
50414,0.009421669
50614,0.04390934
50814,0.006383998
50914,0.03410446
51014,0.012756076
51214,0.0365395
51614,0.007977022
51814,0.024597056
52014,0.03681236
52114,0.011459191
52514,0.014767989
52614,0.12349785
52714,0.010366947
53214,0.012018538
53314,0.0093474975
53414,0.022247804
53614,0.012345509
53914,0.057665046
54114,0.01819301
54214,0.01384038
54314,0.016140487
54414,0.008583289
54614,0.06268033
55014,0.008106608
55214,0.03835128
55414,0.011255862
55514,0.20414598
55614,0.012330574
56214,0.01610991
56514,0.0067344573
56714,0.0073731616
56814,0.06517988
57014,0.08529814
57114,0.018953184
57214,0.0062904176
57314,0.009700924
57514,0.01730933
57914,0.02076955
58014,0.013015721
58214,0.086028725
58314,0.01467813
58514,0.017153157
58914,0.022994442
59114,0.10736738
59214,0.031075457
59514,0.10275273
59614,0.03353523
59814,0.033157278
59914,0.022216631
60414,0.3657304
60514,0.018367814
60814,0.0077966866
61114,0.03749442
61314,0.15241311
61414,0.15867223
61714,0.038945135
62114,0.029892398
62414,0.0074982364
62714,0.007777433
62814,0.0108029805
63514,0.10715604
63614,0.009469867
63714,0.0063125724
63814,0.004751451
63914,0.01716978
64314,0.009389569
64414,0.009616661
15,0.007512881
115,0.0078939935
415,0.012511889
615,0.014063415
715,0.008034362
1015,0.0037971043
1215,0.011173255
1715,0.0039159725
2215,0.0020715417
2715,0.009158297
2815,0.02724255
2915,0.008786832
3015,0.015380051
3115,0.010051783
3215,0.020382673
3315,0.008445742
3415,0.0057147006
3715,0.030651962
4015,0.018073095
4115,0.026020307
4215,0.018548904
4415,0.030693619
4715,0.037672233
4815,0.007412257
4915,0.060369167
5115,0.042271994
5215,0.010956447
5715,0.009920655
5915,0.010477411
6215,0.011018778
6315,0.009408448
6515,0.021112641
6615,0.013790889
6815,0.01794553
6915,0.026682101
7015,0.03068929
7215,0.014691507
7415,0.026846573
7515,0.012132752
7715,0.006901911
7915,0.070409514
8115,0.014111696
8215,0.008588364
8315,0.012353045
8415,0.010889222
8515,0.008645266
8615,0.00827936
8715,0.0128839
8915,0.014475303
9015,0.014361673
9215,0.013306516
9515,0.030689633
9815,0.007860967
9915,0.00985227
10115,0.018324085
10415,0.0112125715
10515,0.009168644
10615,0.022951638
10715,0.059333295
10915,0.01591025
11215,0.009375232
11315,0.011220541
11715,0.026150856
11915,0.00843546
12115,0.03155664
12415,0.017474402
12715,0.015099501
12915,0.013309444
13015,0.08405682
13415,0.010611203
13515,0.0122412965
13615,0.0116441585
13715,0.010887706
13915,0.1146281
14315,0.01107444
14415,0.03756544
15415,0.0714712
15615,0.014744252
15715,0.021046031
15815,0.009765151
15915,0.011553812
16115,0.033809602
16215,0.012373352
16315,0.00923198
16415,0.00858164
16515,0.008760595
16615,0.049198538
17015,0.0092453575
17115,0.005590018
17215,0.005754648
17315,0.0097894715
17415,0.013395263
17615,0.0549222
17715,0.010604903
17915,0.0026754995
18015,0.006450911
18115,0.005879915
18215,0.004916122
18415,0.0050856336
18515,0.003619131
18715,0.00863677
18815,0.012809834
19115,0.02933613
19515,0.0070015453
19615,0.007413309
19715,0.004294785
19815,0.048067
20715,0.009043848
20815,0.046389416
20915,0.014428372
21115,0.012905077
21215,0.017097142
21415,0.024569053
21815,0.016302478
22015,0.011439191
22315,0.11525393
22415,0.015385756
22515,0.009947001
22615,0.015438521
22915,0.048118893
23015,0.006334602
23215,0.03516207
23315,0.036408983
23615,0.015436788
23715,0.08751754
23815,0.027319567
23915,0.006763702
24115,0.0072693657
24215,0.016502896
24415,0.051236603
24515,0.01744952
24615,0.025447518
24715,0.011130053
25315,0.019816453
25415,0.11788709
25815,0.101598166
26015,0.081451364
26115,0.016956704
26215,0.008482194
26315,0.008197803
26415,0.029548915
26615,0.012067476
26715,0.018382715
26815,0.017684493
26915,0.016907262
27015,0.0083812475
27315,0.029208489
27415,0.014726344
27515,0.019127477
27915,0.050566178
28015,0.060754262
28115,0.040716358
28315,0.0083877975
28415,0.011792367
29015,0.0404186
29115,0.015684653
29315,0.011457474
29615,0.013137698
29715,0.02497991
29815,0.019109756
29915,0.013833947
30015,0.011524773
30115,0.054937582
30315,0.009719023
30415,0.009864669
30715,0.04741081
30815,0.028659547
31115,0.05168866
31215,0.0128924
31615,0.016564637
31715,0.07849356
31815,0.057193957
31915,0.008997646
32015,0.009749569
32115,0.009072328
32815,0.008344243
33015,0.006389489
33115,0.008290324
33515,0.009183123
33715,0.0041908543
33815,0.0035999003
33915,0.005191187
34015,0.0056349654
34215,0.008255987
34315,0.002600903
34415,0.0071637086
34515,0.0064916583
34615,0.017835375
34815,0.0034867013
35015,0.008480874
35215,0.011538742
35315,0.024460731
35515,0.0089391405
35615,0.011012077
35715,0.008894345
35915,0.028897721
36015,0.03164148
36115,0.0125237955
36615,0.04407278
37215,0.010007625
37415,0.016388478
37515,0.013113856
37615,0.038461577
37715,0.012485523
38115,0.012187164
38215,0.015416199
38315,0.016617285
38415,0.012636668
38615,0.007840309
38815,0.010946506
39115,0.014994987
39215,0.017611476
39315,0.03447758
39415,0.0438146
39615,0.076768726
39715,0.012724922
39915,0.013474224
40015,0.021474967
40215,0.0070173326
40515,0.012966351
40615,0.0055405158
41815,0.02538139
42015,0.013110433
42715,0.011548481
42915,0.014719828
43615,0.022349812
44215,0.015663015
44515,0.03988276
44715,0.011234665
44915,0.010806543
45215,0.017722322
45315,0.045838878
45515,0.015919222
45615,0.010251638
46115,0.036863066
46315,0.013198614
46515,0.05066798
46915,0.004769451
47015,0.062467813
47115,0.097651705
47215,0.046698265
47315,0.014638246
47615,0.01345949
47715,0.008755226
47815,0.009662106
47915,0.011326239
48215,0.027341742
48615,0.028902858
48715,0.011843906
49115,0.024720453
49215,0.011692748
49615,0.023179028
49715,0.026647886
49915,0.010414188
50115,0.0036433602
50315,0.004908299
50415,0.016922805
50615,0.009256477
50815,0.007237587
50915,0.010367347
51015,0.007076477
51215,0.0079877
51615,0.011857905
51815,0.019512353
52015,0.008094118
52115,0.022145843
52515,0.0242689
52615,0.035657104
52715,0.044379514
53215,0.030291805
53315,0.03741159
53415,0.03907511
53615,0.011079241
53915,0.0378995
54115,0.019946752
54215,0.014940657
54315,0.016901381
54415,0.014044267
54615,0.015069699
55015,0.008566828
55215,0.015245528
55415,0.044806518
55515,0.025914155
55615,0.012324345
56215,0.058292367
56515,0.008603717
56715,0.011723714
56815,0.018514832
57015,0.017905215
57115,0.013515468
57215,0.010795665
57315,0.0056471108
57515,0.0038659591
57915,0.0152654145
58015,0.008283731
58215,0.06574401
58315,0.028467888
58515,0.014970123
58915,0.01593502
59115,0.040061414
59215,0.01300232
59515,0.045036346
59615,0.038969852
59815,0.0138454065
59915,0.016993288
60415,0.044489548
60515,0.036964256
60815,0.012030739
61115,0.064153604
61315,0.04429045
61415,0.053621124
61715,0.015504208
62115,0.029806258
62415,0.01870508
62715,0.009375004
62815,0.009886032
63515,0.057465173
63615,0.010772419
63715,0.01430407
63815,0.0074793603
63915,0.012616564
64315,0.010938347
64415,0.011120048
16,0.009094048
116,0.007810905
416,0.005133645
616,0.01309034
716,0.007603886
1016,0.0044042333
1216,0.008183997
1716,0.0038649165
2216,0.0023308366
2716,0.008457405
2816,0.033203673
2916,0.010657379
3016,0.012164127
3116,0.010744828
3216,0.019491335
3316,0.01425297
3416,0.008554086
3716,0.012150952
4016,0.01564283
4116,0.0067524007
4216,0.015476773
4416,0.017681869
4716,0.026613694
4816,0.006944191
4916,0.010281683
5116,0.02583407
5216,0.01360134
5716,0.0078043775
5916,0.0076061822
6216,0.011965509
6316,0.0068977904
6516,0.013018637
6616,0.011618986
6816,0.016847538
6916,0.0073489253
7016,0.011020094
7216,0.009916535
7416,0.0129842805
7516,0.017395524
7716,0.00704069
7916,0.015274413
8116,0.011618723
8216,0.009539172
8316,0.015971683
8416,0.007027502
8516,0.006747843
8616,0.0063941563
8716,0.009768957
8916,0.009695171
9016,0.008878857
9216,0.010284678
9516,0.012801433
9816,0.009665373
9916,0.011137566
10116,0.015418484
10416,0.007034706
10516,0.007988619
10616,0.042176165
10716,0.007838051
10916,0.013201714
11216,0.010945561
11316,0.0070854547
11716,0.020573266
11916,0.0073601143
12116,0.017862769
12416,0.019184863
12716,0.014398108
12916,0.01442547
13016,0.01174838
13416,0.010059226
13516,0.016415277
13616,0.005687942
13716,0.009161854
13916,0.014510834
14316,0.008490915
14416,0.049486496
15416,0.04053973
15616,0.008628931
15716,0.036323477
15816,0.009229097
15916,0.0110874185
16116,0.03447318
16216,0.008805677
16316,0.008641774
16416,0.008379001
16516,0.009369627
16616,0.019170789
17016,0.009956295
17116,0.006646161
17216,0.006208911
17316,0.008020063
17416,0.010317463
17616,0.04415528
17716,0.009076593
17916,0.0027182985
18016,0.00509363
18116,0.006991491
18216,0.0031787793
18416,0.0043999124
18516,0.004005352
18716,0.008656921
18816,0.0075265965
19116,0.030376276
19516,0.009394375
19616,0.0055274186
19716,0.007227843
19816,0.016381014
20716,0.009815919
20816,0.018038552
20916,0.011693116
21116,0.01062064
21216,0.009293983
21416,0.034124684
21816,0.013231012
22016,0.009432992
22316,0.012530982
22416,0.012569479
22516,0.005002799
22616,0.013556627
22916,0.0112173045
23016,0.011910457
23216,0.012107574
23316,0.01760254
23616,0.015178801
23716,0.023434183
23816,0.011266045
23916,0.008801229
24116,0.008793757
24216,0.022586105
24416,0.01703511
24516,0.011350069
24616,0.010350307
24716,0.007897699
25316,0.016300788
25416,0.019124346
25816,0.026214352
26016,0.058613915
26116,0.009422068
26216,0.005301557
26316,0.0077002347
26416,0.0064026625
26616,0.007354626
26716,0.026555976
26816,0.011259626
26916,0.008580935
27016,0.00896741
27316,0.020287814
27416,0.0122733535
27516,0.016609494
27916,0.016300688
28016,0.019817036
28116,0.03736011
28316,0.0057608625
28416,0.007880057
29016,0.041323595
29116,0.011322474
29316,0.0072571044
29616,0.014933599
29716,0.020330688
29816,0.018439464
29916,0.008441968
30016,0.012128454
30116,0.0609026
30316,0.00914656
30416,0.0070079598
30716,0.022825629
30816,0.021225601
31116,0.038193457
31216,0.009992216
31616,0.015741011
31716,0.07789164
31816,0.021627503
31916,0.008031904
32016,0.008399176
32116,0.007177471
32816,0.008377182
33016,0.0065517346
33116,0.011397837
33516,0.010000674
33716,0.003692511
33816,0.0036788308
33916,0.0027010036
34016,0.0038083892
34216,0.0069418247
34316,0.0029486648
34416,0.0041236333
34516,0.005450739
34616,0.009407923
34816,0.0029215985
35016,0.012861913
35216,0.0112007195
35316,0.023373563
35516,0.010128761
35616,0.014039283
35716,0.00945001
35916,0.02882106
36016,0.018190969
36116,0.010043788
36616,0.04765791
37216,0.011342177
37416,0.008941175
37516,0.012731525
37616,0.06721204
37716,0.011376466
38116,0.011179525
38216,0.013532631
38316,0.008313087
38416,0.010490762
38616,0.007640337
38816,0.011251743
39116,0.012878806
39216,0.006713686
39316,0.022621574
39416,0.015990378
39616,0.017037522
39716,0.022568183
39916,0.0074607786
40016,0.0076815924
40216,0.014289058
40516,0.01458693
40616,0.00595782
41816,0.030299185
42016,0.009210976
42716,0.017038168
42916,0.027411876
43616,0.028498162
44216,0.014055133
44516,0.010410037
44716,0.011198634
44916,0.008470095
45216,0.013814886
45316,0.015311092
45516,0.012231158
45616,0.009364313
46116,0.029592102
46316,0.012873455
46516,0.04417154
46916,0.005483258
47016,0.025867043
47116,0.04579871
47216,0.016608482
47316,0.01151558
47616,0.014001821
47716,0.006655477
47816,0.0072616576
47916,0.01092957
48216,0.019133633
48616,0.01203139
48716,0.018653825
49116,0.016926603
49216,0.010534705
49616,0.007906337
49716,0.011617699
49916,0.008565915
50116,0.0033840775
50316,0.003440905
50416,0.015028407
50616,0.006874563
50816,0.008255648
50916,0.0070934263
51016,0.008177536
51216,0.005191507
51616,0.009114358
51816,0.020116666
52016,0.00934801
52116,0.024087606
52516,0.014374234
52616,0.047732394
52716,0.009230749
53216,0.01301462
53316,0.015924886
53416,0.0267859
53616,0.010667726
53916,0.032437187
54116,0.015908077
54216,0.017271321
54316,0.024031177
54416,0.008429367
54616,0.040356144
55016,0.0060438868
55216,0.010298206
55416,0.017093774
55516,0.023713691
55616,0.010757044
56216,0.02602409
56516,0.010618992
56716,0.008136412
56816,0.02228689
57016,0.018384928
57116,0.010585334
57216,0.010309543
57316,0.007399137
57516,0.006996454
57916,0.010950476
58016,0.008857627
58216,0.017217424
58316,0.007840895
58516,0.0071079633
58916,0.018984703
59116,0.023475004
59216,0.010683399
59516,0.013856068
59616,0.023762967
59816,0.021062637
59916,0.015707277
60416,0.012526209
60516,0.019341655
60816,0.01172936
61116,0.030323235
61316,0.031841494
61416,0.06273368
61716,0.013172445
62116,0.026690243
62416,0.012114551
62716,0.008690578
62816,0.00812541
63516,0.051084816
63616,0.01251467
63716,0.009583324
63816,0.0071597495
63916,0.008534361
64316,0.009732886
64416,0.009411576
17,0.0130065475
117,0.012145904
417,0.016966281
617,0.013821434
717,0.009963568
1017,0.011023952
1217,0.011382126
1717,0.007748344
2217,0.007933793
2717,0.024390323
2817,0.023377936
2917,0.008343876
3017,0.0140971085
3117,0.016534401
3217,0.026046084
3317,0.013698307
3417,0.017131783
3717,0.030344106
4017,0.02205308
4117,0.01546353
4217,0.026025208
4417,0.021067137
4717,0.035195734
4817,0.009731523
4917,0.03721108
5117,0.04018639
5217,0.015137624
5717,0.011883476
5917,0.0082322555
6217,0.013881209
6317,0.0090661915
6517,0.0146099785
6617,0.015621762
6817,0.019057944
6917,0.010693019
7017,0.028627934
7217,0.038384456
7417,0.03688226
7517,0.016497696
7717,0.013775839
7917,0.049864314
8117,0.013457653
8217,0.012414279
8317,0.01982954
8417,0.007411671
8517,0.010702158
8617,0.011576929
8717,0.017728996
8917,0.012916593
9017,0.0102104945
9217,0.0122241555
9517,0.022199223
9817,0.009966498
9917,0.012064195
10117,0.034368
10417,0.009374368
10517,0.008936669
10617,0.036000032
10717,0.043242496
10917,0.01840834
11217,0.012904602
11317,0.0066139866
11717,0.033742372
11917,0.008828864
12117,0.021453768
12417,0.017099634
12717,0.016454142
12917,0.017616533
13017,0.03701481
13417,0.013520141
13517,0.011038131
13617,0.010533099
13717,0.012899916
13917,0.049743854
14317,0.011714949
14417,0.011781121
15417,0.028153658
15617,0.012653058
15717,0.020974929
15817,0.013085412
15917,0.012456437
16117,0.043221228
16217,0.011780389
16317,0.018186117
16417,0.013813937
16517,0.01365354
16617,0.022067335
17017,0.011791208
17117,0.012516509
17217,0.012250565
17317,0.014554854
17417,0.016757986
17617,0.04727031
17717,0.010891451
17917,0.0065189255
18017,0.008622733
18117,0.018778604
18217,0.009566445
18417,0.010685874
18517,0.009455176
18717,0.024481293
18817,0.015741913
19117,0.022106478
19517,0.010947916
19617,0.009248948
19717,0.010942154
19817,0.0555698
20717,0.009840693
20817,0.030533256
20917,0.017946927
21117,0.011995593
21217,0.016153367
21417,0.03831102
21817,0.018851511
22017,0.009764248
22317,0.05885491
22417,0.014791332
22517,0.008850691
22617,0.013292755
22917,0.040782884
23017,0.008356147
23217,0.0796538
23317,0.0552053
23617,0.019165613
23717,0.04285001
23817,0.020694872
23917,0.011887649
24117,0.011845792
24217,0.017975636
24417,0.024813129
24517,0.050177712
24617,0.015205997
24717,0.009239796
25317,0.013560618
25417,0.07056785
25817,0.0076164803
26017,0.04002735
26117,0.015400499
26217,0.008025691
26317,0.009753041
26417,0.0177524
26617,0.009509359
26717,0.021202028
26817,0.011048047
26917,0.018540412
27017,0.011333006
27317,0.03153936
27417,0.016806033
27517,0.035652965
27917,0.01901061
28017,0.0491967
28117,0.02025435
28317,0.008498795
28417,0.01095558
29017,0.032691028
29117,0.012521925
29317,0.0123001
29617,0.02400044
29717,0.01538627
29817,0.0156228235
29917,0.011885365
30017,0.014484781
30117,0.025743349
30317,0.010846564
30417,0.009818361
30717,0.015356968
30817,0.018621672
31117,0.019664882
31217,0.013156468
31617,0.020343432
31717,0.03596239
31817,0.027453864
31917,0.011159602
32017,0.011205432
32117,0.009448318
32817,0.00990362
33017,0.012026336
33117,0.022211961
33517,0.013198567
33717,0.007722909
33817,0.005736626
33917,0.0027565297
34017,0.014391538
34217,0.006834018
34317,0.0091646
34417,0.014892646
34517,0.010787782
34617,0.014704042
34817,0.002732581
35017,0.013118893
35217,0.01615147
35317,0.027986968
35517,0.013060061
35617,0.014690521
35717,0.012442759
35917,0.026901234
36017,0.026554452
36117,0.016415695
36617,0.0127876885
37217,0.008101495
37417,0.012601508
37517,0.01885921
37617,0.022037225
37717,0.013504468
38117,0.013870816
38217,0.01598995
38317,0.013062734
38417,0.013979896
38617,0.009387663
38817,0.009675382
39117,0.017659608
39217,0.012671473
39317,0.02268396
39417,0.046565764
39617,0.04714697
39717,0.011413896
39917,0.011666851
40017,0.025216155
40217,0.008622423
40517,0.015417682
40617,0.009274425
41817,0.015065643
42017,0.0106286695
42717,0.017246122
42917,0.02229307
43617,0.013583222
44217,0.0145556675
44517,0.029444136
44717,0.012424655
44917,0.011312817
45217,0.07091685
45317,0.041645773
45517,0.017298147
45617,0.0124824075
46117,0.024210177
46317,0.0148820495
46517,0.016680831
46917,0.007769047
47017,0.05436931
47117,0.016856525
47217,0.03337593
47317,0.012818202
47617,0.012269783
47717,0.009634131
47817,0.010177268
47917,0.01550995
48217,0.023258729
48617,0.020099305
48717,0.023996357
49117,0.022724574
49217,0.018336955
49617,0.022284552
49717,0.026531711
49917,0.01468692
50117,0.0068445792
50317,0.006623229
50417,0.022133391
50617,0.011786907
50817,0.025806284
50917,0.008185357
51017,0.014668808
51217,0.0070819366
51617,0.017971924
51817,0.022026747
52017,0.01266617
52117,0.02508432
52517,0.034704622
52617,0.025206499
52717,0.018542865
53217,0.03714679
53317,0.027670147
53417,0.035281923
53617,0.0128126275
53917,0.034703046
54117,0.016203467
54217,0.017906597
54317,0.017497847
54417,0.011210039
54617,0.01644266
55017,0.009299772
55217,0.017583389
55417,0.032317493
55517,0.025753073
55617,0.021291006
56217,0.039134767
56517,0.011045004
56717,0.015921058
56817,0.023898136
57017,0.013724964
57117,0.014296373
57217,0.014584319
57317,0.005616484
57517,0.0088885715
57917,0.019676115
58017,0.013425607
58217,0.014708953
58317,0.018897401
58517,0.010181822
58917,0.028191844
59117,0.013764867
59217,0.007586127
59517,0.008914878
59617,0.01951622
59817,0.017244086
59917,0.02647938
60417,0.015869828
60517,0.028223181
60817,0.011191693
61117,0.045952592
61317,0.021534262
61417,0.031282876
61717,0.013630206
62117,0.015668545
62417,0.015948776
62717,0.012631993
62817,0.011798564
63517,0.029350191
63617,0.018339032
63717,0.012782373
63817,0.008774423
63917,0.01286374
64317,0.013149549
64417,0.013382463
18,0.00796787
118,0.005628479
418,0.035046294
618,0.02227101
718,0.009755063
1018,0.006489327
1218,0.007126881
1718,0.005924637
2218,0.007881295
2718,0.0032996512
2818,0.046178553
2918,0.013909762
3018,0.047869597
3118,0.01582151
3218,0.16195567
3318,0.03968619
3418,0.0114253415
3718,0.018049996
4018,0.14725128
4118,0.6494796
4218,0.01884052
4418,0.01153674
4718,0.5198282
4818,0.012068573
4918,0.062648475
5118,0.17443885
5218,0.01484905
5718,0.030413073
5918,0.014721613
6218,0.022006577
6318,0.007699368
6518,0.031582516
6618,0.013350969
6818,0.03509157
6918,0.0066352403
7018,0.007210994
7218,0.0077621886
7418,0.013442878
7518,0.015989637
7718,0.0062900167
7918,0.011229777
8118,0.014646564
8218,0.012645708
8318,0.020408928
8418,0.011426683
8518,0.0058915485
8618,0.005102739
8718,0.0048810258
8918,0.0068690507
9018,0.0038580713
9218,0.011583649
9518,0.044759054
9818,0.010078918
9918,0.012119586
10118,0.017848928
10418,0.011187726
10518,0.013362797
10618,0.022046294
10718,0.008430655
10918,0.02315592
11218,0.011985549
11318,0.0063055456
11718,0.01635982
11918,0.00972898
12118,0.04419855
12418,0.015613388
12718,0.015030772
12918,0.01912872
13018,0.0838583
13418,0.011557309
13518,0.010629472
13618,0.01238643
13718,0.016473282
13918,0.021611512
14318,0.015294753
14418,0.07679161
15418,0.15704322
15618,0.018006658
15718,0.055162154
15818,0.012346141
15918,0.005435577
16118,0.22261588
16218,0.019544676
16318,0.008590664
16418,0.0060735256
16518,0.020824524
16618,0.01878186
17018,0.0165069
17118,0.0054630027
17218,0.0078791445
17318,0.011218468
17418,0.015043986
17618,0.44796836
17718,0.009925897
17918,0.0046044593
18018,0.0068527106
18118,0.0075029396
18218,0.0019769988
18418,0.004730364
18518,0.008582541
18718,0.002625513
18818,0.012271533
19118,0.030253112
19518,0.0104313325
19618,0.007001306
19718,0.013870534
19818,0.011436884
20718,0.02287467
20818,0.17327459
20918,0.026372522
21118,0.015490799
21218,0.017657064
21418,0.02181681
21818,0.016189437
22018,0.013629615
22318,0.019782351
22418,0.027855476
22518,0.0069570863
22618,0.019038199
22918,0.02651672
23018,0.004702175
23218,0.0071750223
23318,0.010133187
23618,0.01712744
23718,0.036598623
23818,0.0067291297
23918,0.012087223
24118,0.012854691
24218,0.030028973
24418,0.005159676
24518,0.009096666
24618,0.003969933
24718,0.007352527
25318,0.029502269
25418,0.040734414
25818,0.02037337
26018,0.2771342
26118,0.006372037
26218,0.010233472
26318,0.010644089
26418,0.039540477
26618,0.006652227
26718,0.0487977
26818,0.023987694
26918,0.008104523
27018,0.0110621685
27318,0.018818
27418,0.029935095
27518,0.021396289
27918,0.018420344
28018,0.022561762
28118,0.022875674
28318,0.010212118
28418,0.011545929
29018,0.049759395
29118,0.02395452
29318,0.007855261
29618,0.011573225
29718,0.11706082
29818,0.02439986
29918,0.015691878
30018,0.018225487
30118,0.18787591
30318,0.016336966
30418,0.018506933
30718,0.028692132
30818,0.013834322
31118,0.08436815
31218,0.023982346
31618,0.008620427
31718,0.16454433
31818,0.027133662
31918,0.01676917
32018,0.014493129
32118,0.0071823895
32818,0.010007757
33018,0.006184192
33118,0.015190139
33518,0.014766382
33718,0.004339532
33818,0.004570982
33918,0.000901542
34018,0.005765595
34218,0.001852222
34318,0.0068150004
34418,0.0056798863
34518,0.006058912
34618,0.0098020835
34818,0.0018318144
35018,0.01819276
35218,0.015872877
35318,0.14515227
35518,0.012412229
35618,0.013759677
35718,0.022260373
35918,0.21675254
36018,0.12790945
36118,0.008760159
36618,0.5023633
37218,0.011757258
37418,0.01809171
37518,0.016603855
37618,0.008490285
37718,0.008963771
38118,0.018838102
38218,0.017862244
38318,0.013859998
38418,0.011881904
38618,0.009182404
38818,0.013386001
39118,0.010539133
39218,0.016342964
39318,0.018240485
39418,0.014585402
39618,0.017918618
39718,0.008178332
39918,0.008263947
40018,0.006112319
40218,0.008128785
40518,0.018528791
40618,0.0047953934
41818,0.0418623
42018,0.015943158
42718,0.04119518
42918,0.02574667
43618,0.11560633
44218,0.022142319
44518,0.017277427
44718,0.022000788
44918,0.01762603
45218,0.017697977
45318,0.020325104
45518,0.017651524
45618,0.023300717
46118,0.0950185
46318,0.016178407
46518,0.034806635
46918,0.0031004585
47018,0.015263057
47118,0.036960278
47218,0.023512283
47318,0.02041445
47618,0.028308338
47718,0.0066019073
47818,0.011664761
47918,0.011210594
48218,0.07734217
48618,0.019130588
48718,0.04276969
49118,0.04267592
49218,0.013768312
49618,0.031552795
49718,0.011068718
49918,0.011986029
50118,0.0056748805
50318,0.003894279
50418,0.0057893097
50618,0.0043808925
50818,0.004035731
50918,0.007407351
51018,0.011472985
51218,0.0027157827
51618,0.019700328
51818,0.026012557
52018,0.013462965
52118,0.0450207
52518,0.01968825
52618,0.030841455
52718,0.06245166
53218,0.029831184
53318,0.038443226
53418,0.2567948
53618,0.018338578
53918,0.10337668
54118,0.014473296
54218,0.0147634875
54318,0.02181209
54418,0.009951074
54618,0.013822559
55018,0.008851222
55218,0.0022404962
55418,0.015997484
55518,0.022945514
55618,0.012554078
56218,0.029286388
56518,0.015505889
56718,0.0060924715
56818,0.0124731
57018,0.005379385
57118,0.0065321317
57218,0.012594296
57318,0.006796818
57518,0.0076226844
57918,0.038271878
58018,0.013032786
58218,0.012481989
58318,0.009945217
58518,0.006638402
58918,0.011506422
59118,0.013857892
59218,0.009803232
59518,0.005940951
59618,0.12993407
59818,0.027225597
59918,0.022982804
60418,0.011131239
60518,0.03330885
60818,0.014228062
61118,0.058147848
61318,0.076521315
61418,0.048563022
61718,0.010814615
62118,0.07849233
62418,0.023094049
62718,0.012025266
62818,0.009796903
63518,0.2458117
63618,0.023220554
63718,0.017330302
63818,0.014429003
63918,0.006378565
64318,0.011775955
64418,0.018848088
