Id,Probability
0,0.0013101631
100,0.0014393526
400,0.001940949
600,0.031769305
700,0.1281081
1000,0.0025547224
1200,0.0013172613
1700,0.004443844
2200,0.003253988
2700,0.0053154426
2800,0.001636859
2900,0.0062920176
3000,0.0040876307
3100,0.005845961
3200,0.0040521114
3300,0.013298674
3400,0.0022119547
3700,0.008842019
4000,0.00070483214
4100,0.05855451
4200,0.0053710644
4400,0.004844987
4700,0.00064802193
4800,0.06579712
4900,0.002419344
5100,0.0053444016
5200,0.017702594
5700,0.009905394
5900,0.06565484
6200,0.01056263
6300,0.021277279
6500,0.019348806
6600,0.026817838
6800,0.0078370785
6900,0.0034230894
7000,0.008928687
7200,0.004422961
7400,0.00141262
7500,0.000899002
7700,0.019994318
7900,0.011694494
8100,0.014691469
8200,0.02748391
8300,0.010678913
8400,0.0060365805
8500,0.014760052
8600,0.023792837
8700,0.002855966
8900,0.0087264795
9000,0.01832165
9200,0.11542595
9500,0.0053698327
9800,0.0065462207
9900,0.00788623
10100,0.006360853
10400,0.026935237
10500,0.091607004
10600,0.010599456
10700,0.002804951
10900,0.032350913
11200,0.0061031086
11300,0.0031640388
11700,0.0044687074
11900,0.118472405
12100,0.0036863624
12400,0.004573996
12700,0.0070553045
12900,0.04645981
13000,0.0024400007
13400,0.015711026
13500,0.026469886
13600,0.01720688
13700,0.012092368
13900,0.0023376592
14300,0.03390032
14400,0.0027711403
15400,0.00412819
15600,0.09805473
15700,0.0025369169
15800,0.0042045056
15900,0.0066810683
16100,0.0036622926
16200,0.010978992
16300,0.0016208955
16400,0.0018535374
16500,0.0003451149
16600,0.003660169
17000,0.25725168
17100,0.0016408813
17200,0.0027411487
17300,0.0015305151
17400,0.002305372
17600,0.002221824
17700,0.016069135
17900,0.005501585
18000,0.003525231
18100,0.0023981214
18200,0.004061934
18400,0.0015894421
18500,0.006613542
18700,0.0031638655
18800,0.0030601502
19100,0.005666242
19500,0.0043818755
19600,0.0041234614
19700,0.006718723
19800,0.00748393
20700,0.0038948182
20800,0.0031604383
20900,0.0024556243
21100,0.011523309
21200,0.0036057224
21400,0.17950197
21800,0.014820265
22000,0.008279493
22300,0.0018920203
22400,0.015168337
22500,0.30691308
22600,0.005507513
22900,0.001834329
23000,0.0023559416
23200,0.0019612152
23300,0.0034538435
23600,0.064198986
23700,0.007136539
23800,0.0033037374
23900,0.0047273543
24100,0.0652051
24200,0.027124234
24400,0.006007443
24500,0.005363306
24600,0.0049353195
24700,0.006761722
25300,0.0045092897
25400,0.0024848804
25800,0.0030473454
26000,0.0055847857
26100,0.013666426
26200,0.017786374
26300,0.3282763
26400,0.0010832112
26600,0.05620652
26700,0.0069032353
26800,0.0033504837
26900,0.0044797757
27000,0.043204717
27300,0.0051938673
27400,0.0023367086
27500,0.005484185
27900,0.0031930138
28000,0.0031294262
28100,0.0058295564
28300,0.013030539
28400,0.16271336
29000,0.0042075855
29100,0.02749684
29300,0.00864898
29600,0.007204994
29700,0.008496924
29800,0.036248405
29900,0.019161828
30000,0.016523188
30100,0.004273496
30300,0.006610267
30400,0.06411009
30700,0.0055939956
30800,0.0032844057
31100,0.0015616667
31200,0.01732873
31600,0.005646971
31700,0.0027384951
31800,0.005067211
31900,0.023402384
32000,0.013198811
32100,0.0062575294
32800,0.05400077
33000,0.0019176329
33100,0.0013446789
33500,0.01247644
33700,0.005531034
33800,0.007421771
33900,0.0030221406
34000,0.002779106
34200,0.0017204672
34300,0.0060710707
34400,0.0020945217
34500,0.006473718
34600,0.022263052
34800,0.0010842845
35000,0.023614757
35200,0.011124199
35300,0.011626548
35500,0.0036834518
35600,0.0024331775
35700,0.004133465
35900,0.0019001417
36000,0.003476845
36100,0.021188559
36600,0.0023766186
37200,0.009373102
37400,0.006768925
37500,0.005064653
37600,0.05508316
37700,0.050243184
38100,0.022822045
38200,0.07025198
38300,0.018379087
38400,0.09818573
38600,0.010396005
38800,0.044884715
39100,0.018445542
39200,0.0014611882
39300,0.012434015
39400,0.0064303
39600,0.0011110377
39700,0.0058232658
39900,0.002990685
40000,0.005922483
40200,0.008996228
40500,0.0033813217
40600,0.005550852
41800,0.006781839
42000,0.0064266142
42700,0.011087895
42900,0.009684616
43600,0.003836502
44200,0.007839886
44500,0.0052647092
44700,0.010045827
44900,0.30991584
45200,0.0011060674
45300,0.0026099673
45500,0.0025168345
45600,0.029357072
46100,0.0073892362
46300,0.012592641
46500,0.003348238
46900,0.0057897973
47000,0.003176591
47100,0.0016769511
47200,0.003256511
47300,0.016877072
47600,0.0071453387
47700,0.05257694
47800,0.018813409
47900,0.010541249
48200,0.002776872
48600,0.0026587318
48700,0.0004315495
49100,0.0012927327
49200,0.021753032
49600,0.0019237105
49700,0.0023479261
49900,0.0051427716
50100,0.0043676808
50300,0.0041395905
50400,0.0029595504
50600,0.0032398275
50800,0.004625241
50900,0.006995833
51000,0.032646403
51200,0.0033817706
51600,0.010170302
51800,0.004173075
52000,0.0022816593
52100,0.0076296804
52500,0.0047161784
52600,0.0066225813
52700,0.000679904
53200,0.0031554564
53300,0.004881344
53400,0.015438413
53600,0.015233539
53900,0.013216394
54100,0.00529511
54200,0.037281252
54300,0.019442871
54400,0.043761928
54600,0.0073802513
55000,0.030791951
55200,0.0111862365
55400,0.00983895
55500,0.005311276
55600,0.00097349344
56200,0.010271505
56500,0.16031542
56700,0.011497638
56800,0.0032673823
57000,0.004903909
57100,0.026515434
57200,0.008240188
57300,0.0019528558
57500,0.010850151
57900,0.0064376188
58000,0.0047406643
58200,0.008173624
58300,0.0074372445
58500,0.0019552528
58900,0.005206857
59100,0.015041956
59200,0.0060407533
59500,0.0027732789
59600,0.0030137077
59800,0.0039779795
59900,0.010649658
60400,0.006078259
60500,0.007103299
60800,0.054809067
61100,0.0059715067
61300,0.005395238
61400,0.0023854834
61700,0.010216102
62100,0.0024105373
62400,0.037205644
62700,0.07091169
62800,0.0524093
63500,0.0042312066
63600,0.007408813
63700,0.029062916
63800,0.1530204
63900,0.0045010485
64300,0.013765671
64400,0.0019443828
1,0.004741914
101,0.012515051
401,0.3805242
601,0.03176113
701,0.03989084
1001,0.038239516
1201,0.355723
1701,0.031699672
2201,0.35816255
2701,0.6596519
2801,0.026457807
2901,0.062007785
3001,0.04054933
3101,0.3775628
3201,0.13796994
3301,0.09564232
3401,0.25170586
3701,0.075373635
4001,0.0050511276
4101,0.033428084
4201,0.088726
4401,0.31123117
4701,0.0030006021
4801,0.31061774
4901,0.004890727
5101,0.15880738
5201,0.011972534
5701,0.15441613
5901,0.01643075
6201,0.017761756
6301,0.06177217
6501,0.012161196
6601,0.009338658
6801,0.039244596
6901,0.5901148
7001,0.75382197
7201,0.7612626
7401,0.011774988
7501,0.046774067
7701,0.32334802
7901,0.38858688
8101,0.026099192
8201,0.44222975
8301,0.22698493
8401,0.08532422
8501,0.34872437
8601,0.3573699
8701,0.16162665
8901,0.09477793
9001,0.2526984
9201,0.33123952
9501,0.12498881
9801,0.039357334
9901,0.061966695
10101,0.08311493
10401,0.018064843
10501,0.03222492
10601,0.006364949
10701,0.0048307716
10901,0.026313689
11201,0.149703
11301,0.6221183
11701,0.61503214
11901,0.030729242
12101,0.016746813
12401,0.028145608
12701,0.024345374
12901,0.030578246
13001,0.010177765
13401,0.010673128
13501,0.21145104
13601,0.00995858
13701,0.08331658
13901,0.021308066
14301,0.031992443
14401,0.048139233
15401,0.0532476
15601,0.028817654
15701,0.008776544
15801,0.3280009
15901,0.46612605
16101,0.37064278
16201,0.032208573
16301,0.031883642
16401,0.012252784
16501,0.26393473
16601,0.11377892
17001,0.13374741
17101,0.068090774
17201,0.020841481
17301,0.11805768
17401,0.19077452
17601,0.062082794
17701,0.06535637
17901,0.06524459
18001,0.020336034
18101,0.61225736
18201,0.7089911
18401,0.5319597
18501,0.28000435
18701,0.45545894
18801,0.04778896
19101,0.012412765
19501,0.14761615
19601,0.6399089
19701,0.015613527
19801,0.5197241
20701,0.32143486
20801,0.04968522
20901,0.12318956
21101,0.02874619
21201,0.25902206
21401,0.077535525
21801,0.06414345
22001,0.053527784
22301,0.0059767338
22401,0.0150076635
22501,0.0227976
22601,0.010790553
22901,0.46663198
23001,0.8374105
23201,0.02528404
23301,0.041352227
23601,0.07973634
23701,0.25405547
23801,0.3665767
23901,0.1283585
24101,0.13377415
24201,0.026589463
24401,0.73666114
24501,0.69191027
24601,0.7347037
24701,0.03685006
25301,0.22860096
25401,0.03945131
25801,0.048904546
26001,0.029427601
26101,0.2511184
26201,0.05344461
26301,0.030613076
26401,0.0022588249
26601,0.008425669
26701,0.018631406
26801,0.10867695
26901,0.13402283
27001,0.111459896
27301,0.029794702
27401,0.09628761
27501,0.63285816
27901,0.17954329
28001,0.06521467
28101,0.049070403
28301,0.009870255
28401,0.1123758
29001,0.017959552
29101,0.008276438
29301,0.013856996
29601,0.027987316
29701,0.037796453
29801,0.027828142
29901,0.037936892
30001,0.05393562
30101,0.08369446
30301,0.2623839
30401,0.06321289
30701,0.027494464
30801,0.26632634
31101,0.028175697
31201,0.016992172
31601,0.18943666
31701,0.034566306
31801,0.09894274
31901,0.17606418
32001,0.040681604
32101,0.0043190336
32801,0.13616464
33001,0.065611914
33101,0.05462861
33501,0.07141924
33701,0.15249027
33801,0.06908568
33901,0.65165687
34001,0.7086446
34201,0.57185286
34301,0.32665667
34401,0.75873137
34501,0.5645568
34601,0.107352115
34801,0.5802072
35001,0.6534159
35201,0.6408117
35301,0.009977074
35501,0.1000686
35601,0.033341814
35701,0.007615166
35901,0.19622739
36001,0.020843871
36101,0.08840213
36601,0.041374065
37201,0.031967074
37401,0.022628842
37501,0.113305435
37601,0.04682382
37701,0.13995904
38101,0.15604371
38201,0.015584815
38301,0.0140651995
38401,0.043318972
38601,0.06660586
38801,0.024708278
39101,0.5237312
39201,0.5059954
39301,0.16649418
39401,0.62571555
39601,0.011137376
39701,0.07147024
39901,0.36632192
40001,0.1494568
40201,0.10714693
40501,0.3635806
40601,0.14023437
41801,0.0849922
42001,0.055152033
42701,0.24379878
42901,0.012655425
43601,0.11432707
44201,0.028510008
44501,0.07223508
44701,0.09567839
44901,0.03778604
45201,0.011896967
45301,0.02991656
45501,0.062315926
45601,0.021879252
46101,0.014629315
46301,0.02578954
46501,0.071546964
46901,0.23288973
47001,0.32594618
47101,0.015470337
47201,0.0758136
47301,0.027489092
47601,0.111857004
47701,0.11579923
47801,0.019022115
47901,0.3678577
48201,0.14223377
48601,0.0514791
48701,0.28054455
49101,0.016198577
49201,0.07780661
49601,0.092785314
49701,0.43242753
49901,0.055717874
50101,0.03307647
50301,0.6276574
50401,0.15244545
50601,0.57800555
50801,0.5464675
50901,0.33113298
51001,0.10212807
51201,0.6367693
51601,0.47089967
51801,0.068907045
52001,0.0849472
52101,0.31787822
52501,0.19914469
52601,0.024730489
52701,0.0009715056
53201,0.018368319
53301,0.056415297
53401,0.01570879
53601,0.18423384
53901,0.051994007
54101,0.010074422
54201,0.024023086
54301,0.04399923
54401,0.034688976
54601,0.072610214
55001,0.072833516
55201,0.3397045
55401,0.64245385
55501,0.13716355
55601,0.010719655
56201,0.22706157
56501,0.045401543
56701,0.169065
56801,0.42644623
57001,0.21844009
57101,0.29867774
57201,0.06296891
57301,0.35109514
57501,0.030070992
57901,0.07207176
58001,0.063659005
58201,0.10703227
58301,0.17371583
58501,0.011067826
58901,0.10965132
59101,0.13837563
59201,0.17323299
59501,0.26237512
59601,0.042331632
59801,0.22063394
59901,0.398801
60401,0.08312464
60501,0.09580332
60801,0.011760603
61101,0.07954072
61301,0.034990832
61401,0.0764652
61701,0.013271898
62101,0.024096247
62401,0.030447587
62701,0.036173426
62801,0.05576475
63501,0.07768633
63601,0.11329654
63701,0.12714618
63801,0.02733987
63901,0.49129444
64301,0.07719433
64401,0.11955659
2,0.002708357
102,0.0025383537
402,0.02824015
602,0.038492948
702,0.045195162
1002,0.0593052
1202,0.20174342
1702,0.011973951
2202,0.01669828
2702,0.14453946
2802,0.017323026
2902,0.010926632
3002,0.024431374
3102,0.15082173
3202,0.043698374
3302,0.016383495
3402,0.023221307
3702,0.070649765
4002,0.009685363
4102,0.03359198
4202,0.034806456
4402,0.021473747
4702,0.007297154
4802,0.029514467
4902,0.019322224
5102,0.039991625
5202,0.039367266
5702,0.015066635
5902,0.015166596
6202,0.16178246
6302,0.013935475
6502,0.04967127
6602,0.029408906
6802,0.06641829
6902,0.016578114
7002,0.021761354
7202,0.010728634
7402,0.00366784
7502,0.017257826
7702,0.04010655
7902,0.05606857
8102,0.01975625
8202,0.104981616
8302,0.13519795
8402,0.04725083
8502,0.055263985
8602,0.073376104
8702,0.016686823
8902,0.024063993
9002,0.023176588
9202,0.10654249
9502,0.02171727
9802,0.044257477
9902,0.015002112
10102,0.0642302
10402,0.012798963
10502,0.03417364
10602,0.017526299
10702,0.007473815
10902,0.0414434
11202,0.33134255
11302,0.07504787
11702,0.037476007
11902,0.031009113
12102,0.0132974135
12402,0.069608994
12702,0.038654488
12902,0.004791172
13002,0.012940086
13402,0.012169946
13502,0.019559782
13602,0.045323458
13702,0.09422269
13902,0.03575431
14302,0.06186214
14402,0.022345623
15402,0.017392915
15602,0.098297186
15702,0.0044000414
15802,0.039572142
15902,0.030431243
16102,0.0878604
16202,0.026559783
16302,0.012562898
16402,0.0050177793
16502,0.005528098
16602,0.2625098
17002,0.023775712
17102,0.013928483
17202,0.009897456
17302,0.09393154
17402,0.0366771
17602,0.054421492
17702,0.022453347
17902,0.029047798
18002,0.035099436
18102,0.15489148
18202,0.07854525
18402,0.009046367
18502,0.07228318
18702,0.23555174
18802,0.0072093927
19102,0.0105674155
19502,0.06488489
19602,0.019447524
19702,0.046752226
19802,0.05120753
20702,0.02107731
20802,0.029245034
20902,0.26141182
21102,0.081596375
21202,0.017758043
21402,0.030181764
21802,0.108398736
22002,0.07644321
22302,0.008943427
22402,0.026955996
22502,0.028216647
22602,0.026138647
22902,0.004733179
23002,0.010960195
23202,0.0047531505
23302,0.09233015
23602,0.18236285
23702,0.050900813
23802,0.008754759
23902,0.0062533864
24102,0.10878159
24202,0.19523703
24402,0.012108752
24502,0.023984779
24602,0.016530057
24702,0.011708552
25302,0.07947208
25402,0.007832465
25802,0.014379705
26002,0.027085854
26102,0.032384202
26202,0.02821348
26302,0.006668193
26402,0.0028744985
26602,0.010350732
26702,0.029285064
26802,0.5651147
26902,0.39706108
27002,0.20401308
27302,0.0066925897
27402,0.055501472
27502,0.03802893
27902,0.42677686
28002,0.3447665
28102,0.041005027
28302,0.039000213
28402,0.047811978
29002,0.020354692
29102,0.037582267
29302,0.022812424
29602,0.104193404
29702,0.058401275
29802,0.049429975
29902,0.08971011
30002,0.018350547
30102,0.011127442
30302,0.17094673
30402,0.016085649
30702,0.023136161
30802,0.07149334
31102,0.018219963
31202,0.0042196885
31602,0.13214889
31702,0.009811152
31802,0.06575706
31902,0.07534217
32002,0.13923506
32102,0.00795074
32802,0.06643686
33002,0.04565775
33102,0.009990042
33502,0.115249105
33702,0.052773677
33802,0.058175266
33902,0.09939804
34002,0.028568912
34202,0.0058694035
34302,0.06490069
34402,0.052913193
34502,0.11342893
34602,0.20718244
34802,0.0070039392
35002,0.022210367
35202,0.016167982
35302,0.070940405
35502,0.015724186
35602,0.004184176
35702,0.016111055
35902,0.072104655
36002,0.013444729
36102,0.049537595
36602,0.050567273
37202,0.0056379125
37402,0.02554173
37502,0.010427337
37602,0.01046834
37702,0.04226251
38102,0.045814414
38202,0.0907159
38302,0.027176306
38402,0.018503822
38602,0.015630847
38802,0.044560976
39102,0.012760308
39202,0.0044403365
39302,0.19048417
39402,0.02517209
39602,0.029047828
39702,0.005136772
39902,0.04626419
40002,0.019175868
40202,0.013006856
40502,0.03199208
40602,0.010342535
41802,0.11833728
42002,0.052709367
42702,0.060624663
42902,0.026997877
43602,0.07252955
44202,0.34836063
44502,0.3995699
44702,0.19531408
44902,0.050179143
45202,0.009673405
45302,0.0067122257
45502,0.09927684
45602,0.016361313
46102,0.021141408
46302,0.022298265
46502,0.0154468445
46902,0.035743497
47002,0.2675435
47102,0.012622945
47202,0.11513787
47302,0.28619763
47602,0.010340268
47702,0.058929868
47802,0.010448428
47902,0.016074602
48202,0.0500345
48602,0.1351295
48702,0.0057408875
49102,0.020774238
49202,0.048846174
49602,0.020426316
49702,0.27125877
49902,0.15860608
50102,0.011903665
50302,0.060116306
50402,0.63726765
50602,0.011779921
50802,0.23168682
50902,0.072274186
51002,0.14943096
51202,0.0061682193
51602,0.02991488
51802,0.16863056
52002,0.066027544
52102,0.10868321
52502,0.08816538
52602,0.0025977052
52702,0.00032988863
53202,0.0047908486
53302,0.12557606
53402,0.016038612
53602,0.035171904
53902,0.020445954
54102,0.013802244
54202,0.019948298
54302,0.030971691
54402,0.035595015
54602,0.018679146
55002,0.041631743
55202,0.01446884
55402,0.07387188
55502,0.05387861
55602,0.0023535343
56202,0.05164262
56502,0.06549435
56702,0.06975151
56802,0.027052145
57002,0.03316784
57102,0.049626727
57202,0.023129007
57302,0.061921388
57502,0.052368473
57902,0.047555577
58002,0.011058457
58202,0.13368069
58302,0.027190186
58502,0.0024460352
58902,0.033372995
59102,0.051989958
59202,0.15996279
59502,0.046594813
59602,0.046210922
59802,0.0886911
59902,0.106163494
60402,0.2546137
60502,0.26609305
60802,0.022227256
61102,0.041995935
61302,0.0128227025
61402,0.013782048
61702,0.010477323
62102,0.024862308
62402,0.04399839
62702,0.008788913
62802,0.20254594
63502,0.026716508
63602,0.068045795
63702,0.24627018
63802,0.1491862
63902,0.020489855
64302,0.037492756
64402,0.050512757
3,0.00083250686
103,0.0022568544
403,0.0059803203
603,0.014003696
703,0.03769221
1003,0.0015416412
1203,0.006869549
1703,0.0011125657
2203,0.0005244223
2703,0.0036401858
2803,0.0067366813
2903,0.00493593
3003,0.018012816
3103,0.01828969
3203,0.0065989527
3303,0.007085019
3403,0.002479963
3703,0.02561733
4003,0.0006976953
4103,0.006347715
4203,0.019439582
4403,0.0033325537
4703,0.00079626875
4803,0.050363105
4903,0.009233371
5103,0.003898087
5203,0.05678064
5703,0.013443411
5903,0.020940244
6203,0.094403684
6303,0.0067420625
6503,0.10330619
6603,0.02753033
6803,0.101715274
6903,0.0053017265
7003,0.0032320635
7203,0.0044394503
7403,0.0016649334
7503,0.007678289
7703,0.0026070054
7903,0.01770813
8103,0.005647207
8203,0.05015939
8303,0.012252213
8403,0.011879044
8503,0.0025104969
8603,0.013821002
8703,0.000730398
8903,0.0017970895
9003,0.008424581
9203,0.011123852
9503,0.031310152
9803,0.0020685913
9903,0.0013830967
10103,0.026647823
10403,0.008454355
10503,0.017658783
10603,0.13991542
10703,0.021030093
10903,0.018906686
11203,0.002128624
11303,0.0070891487
11703,0.010313906
11903,0.10001696
12103,0.018690163
12403,0.019195965
12703,0.0071572047
12903,0.0045045204
13003,0.014550414
13403,0.024462363
13503,0.009447582
13603,0.05743149
13703,0.051668547
13903,0.00828684
14303,0.13127267
14403,0.00059185206
15403,0.0062001566
15603,0.09556798
15703,0.0024169472
15803,0.0020800289
15903,0.0012098567
16103,0.006098314
16203,0.01435338
16303,0.003720301
16403,0.0021552858
16503,0.0008465054
16603,0.005694981
17003,0.010839821
17103,0.008146035
17203,0.008765361
17303,0.0026481044
17403,0.008613247
17603,0.0031227034
17703,0.014908443
17903,0.0020572986
18003,0.00063149567
18103,0.0043414286
18203,0.0033323027
18403,0.00071617105
18503,0.0010285673
18703,0.004059049
18803,0.0015212761
19103,0.0074694995
19503,0.0049780267
19603,0.008698155
19703,0.003542441
19803,0.008206323
20703,0.0072459844
20803,0.015067692
20903,0.010083876
21103,0.054248292
21203,0.012839477
21403,0.0074708485
21803,0.034526765
22003,0.009300097
22303,0.025551334
22403,0.020195277
22503,0.027197098
22603,0.06952686
22903,0.006460179
23003,0.0033176385
23203,0.0029084175
23303,0.02519227
23603,0.005613859
23703,0.030861588
23803,0.003143965
23903,0.0049847597
24103,0.101756334
24203,0.018112024
24403,0.0019266573
24503,0.0053552357
24603,0.0020657857
24703,0.0010136164
25303,0.037868924
25403,0.006846138
25803,0.000364108
26003,0.006664169
26103,0.005029802
26203,0.011599133
26303,0.012016577
26403,0.0025829503
26603,0.013308527
26703,0.026911879
26803,0.008056067
26903,0.010486476
27003,0.015895778
27303,0.010877612
27403,0.01855527
27503,0.0081669055
27903,0.004622239
28003,0.016820205
28103,0.004203259
28303,0.062448163
28403,0.077731885
29003,0.0036238427
29103,0.057836764
29303,0.026799247
29603,0.16227505
29703,0.060248606
29803,0.043475505
29903,0.026909433
30003,0.012189654
30103,0.0027599593
30303,0.024659337
30403,0.013159099
30703,0.0030940978
30803,0.010998823
31103,0.0042147557
31203,0.010845566
31603,0.013471314
31703,0.0025011708
31803,0.016594825
31903,0.104485646
32003,0.04444071
32103,0.014386396
32803,0.016861582
33003,0.006035519
33103,0.0051199156
33503,0.031548854
33703,0.0016437578
33803,0.0016163909
33903,0.005119918
34003,0.0018933682
34203,0.0009618163
34303,0.0014147736
34403,0.0018454851
34503,0.003728092
34603,0.0053092614
34803,0.0009922389
35003,0.0076820753
35203,0.008902068
35303,0.0053024413
35503,0.0029981812
35603,0.0016596081
35703,0.0016877238
35903,0.0031364884
36003,0.0029119917
36103,0.060931504
36603,0.008779976
37203,0.0009748799
37403,0.041597318
37503,0.01373032
37603,0.0028063403
37703,0.013672349
38103,0.026782628
38203,0.041177984
38303,0.04803775
38403,0.015726496
38603,0.0061595435
38803,0.018393964
39103,0.0032164354
39203,0.0051514776
39303,0.012791917
39403,0.009131472
39603,0.0035000653
39703,0.003344955
39903,0.0031923905
40003,0.011658552
40203,0.0065461374
40503,0.0072809593
40603,0.0031839844
41803,0.02003261
42003,0.0017339834
42703,0.010025243
42903,0.13458401
43603,0.029422097
44203,0.1636546
44503,0.020665662
44703,0.038009416
44903,0.017211054
45203,0.001327888
45303,0.0056746053
45503,0.016072018
45603,0.005909586
46103,0.012977013
46303,0.048773453
46503,0.0012767584
46903,0.0046986435
47003,0.0029148909
47103,0.0004468037
47203,0.013786699
47303,0.033131994
47603,0.006492015
47703,0.022298919
47803,0.02467987
47903,0.0017938263
48203,0.0053733024
48603,0.0019871276
48703,0.00091102795
49103,0.0035231474
49203,0.06391432
49603,0.01037912
49703,0.004553769
49903,0.013938318
50103,0.0022580836
50303,0.0031018935
50403,0.006645635
50603,0.002744564
50803,0.006308012
50903,0.0019828898
51003,0.0046672253
51203,0.001814839
51603,0.026635498
51803,0.02596759
52003,0.0049917
52103,0.015112684
52503,0.039490055
52603,0.0013770019
52703,0.00012617734
53203,0.014109945
53303,0.032057445
53403,0.005649612
53603,0.032731377
53903,0.0068601803
54103,0.0041846884
54203,0.019966519
54303,0.055441454
54403,0.07072573
54603,0.0226918
55003,0.024762843
55203,0.0017535478
55403,0.0035670118
55503,0.008599472
55603,0.0009292178
56203,0.018729819
56503,0.012257608
56703,0.007957909
56803,0.0066440403
57003,0.0011383654
57103,0.0039068763
57203,0.010089462
57303,0.0098797055
57503,0.0022662394
57903,0.007524428
58003,0.000885497
58203,0.0027675508
58303,0.0033350955
58503,0.0034042003
58903,0.0148726385
59103,0.014808019
59203,0.00815265
59503,0.0018159384
59603,0.025148354
59803,0.008440498
59903,0.024964279
60403,0.00248601
60503,0.041684743
60803,0.08866657
61103,0.011568053
61303,0.004134024
61403,0.0025858616
61703,0.008467944
62103,0.009248155
62403,0.042731106
62703,0.0068002287
62803,0.02646601
63503,0.007273175
63603,0.01741496
63703,0.057927374
63803,0.0905618
63903,0.0019250902
64303,0.07073036
64403,0.0067780474
4,0.17429876
104,0.1529244
404,0.02150508
604,0.07587365
704,0.06370399
1004,0.083540544
1204,0.0015805657
1704,0.20639025
2204,0.013840869
2704,0.003433142
2804,0.024961036
2904,0.017621582
3004,0.0143354405
3104,0.018399106
3204,0.032273054
3304,0.021525405
3404,0.009670749
3704,0.065329514
4004,0.011576478
4104,0.0038310308
4204,0.041127924
4404,0.03453752
4704,0.008036375
4804,0.015364007
4904,0.038199447
5104,0.019790148
5204,0.07582549
5704,0.023546368
5904,0.04949796
6204,0.018453838
6304,0.28911692
6504,0.023641821
6604,0.097822204
6804,0.03115131
6904,0.05390798
7004,0.0063454323
7204,0.012932376
7404,0.39817256
7504,0.0044677667
7704,0.034862854
7904,0.040927943
8104,0.01558012
8204,0.006639427
8304,0.10049911
8404,0.049035277
8504,0.03217522
8604,0.046718616
8704,0.07071842
8904,0.056521975
9004,0.010844408
9204,0.026962178
9504,0.037319183
9804,0.2251822
9904,0.0813274
10104,0.08103915
10404,0.20290592
10504,0.08245019
10604,0.038948808
10704,0.24847905
10904,0.048889033
11204,0.11476153
11304,0.010824587
11704,0.022819338
11904,0.019140607
12104,0.022978751
12404,0.01579299
12704,0.083939075
12904,0.013838107
13004,0.10080175
13404,0.17450234
13504,0.026879657
13604,0.026285766
13704,0.025374345
13904,0.21955265
14304,0.016025571
14404,0.03977209
15404,0.06690498
15604,0.016495788
15704,0.026275277
15804,0.02019351
15904,0.057168063
16104,0.043071195
16204,0.30941102
16304,0.0924768
16404,0.17387022
16504,0.0040291133
16604,0.036965102
17004,0.015921874
17104,0.025182234
17204,0.042294204
17304,0.038192984
17404,0.009255861
17604,0.09620468
17704,0.008932182
17904,0.13212094
18004,0.30744615
18104,0.0062889466
18204,0.0039029818
18404,0.0034324385
18504,0.04843619
18704,0.048572138
18804,0.026817346
19104,0.02592561
19504,0.023518
19604,0.008014514
19704,0.07472586
19804,0.08638001
20704,0.022443783
20804,0.09727803
20904,0.047647916
21104,0.03165974
21204,0.01845046
21404,0.024343316
21804,0.02830712
22004,0.015709726
22304,0.044832025
22404,0.18284358
22504,0.026330402
22604,0.05077595
22904,0.009915341
23004,0.002961513
23204,0.37027958
23304,0.096964195
23604,0.16662203
23704,0.02362764
23804,0.008117247
23904,0.0052060345
24104,0.007341439
24204,0.15537237
24404,0.03863157
24504,0.014195465
24604,0.018751523
24704,0.10811774
25304,0.0107234
25404,0.23779534
25804,0.03950433
26004,0.061976574
26104,0.025508022
26204,0.027516052
26304,0.025060926
26404,0.0077587706
26604,0.1472622
26704,0.039975867
26804,0.023456665
26904,0.03764438
27004,0.091343515
27304,0.10068131
27404,0.014386146
27504,0.030588811
27904,0.02855763
28004,0.12022744
28104,0.029148832
28304,0.018301202
28404,0.010173052
29004,0.061018024
29104,0.043186687
29304,0.05264528
29604,0.027656076
29704,0.022547137
29804,0.036720295
29904,0.011142566
30004,0.07119294
30104,0.06490431
30304,0.008322469
30404,0.027448611
30704,0.1001261
30804,0.009980907
31104,0.035083696
31204,0.0546419
31604,0.08220404
31704,0.094783135
31804,0.10260921
31904,0.016560074
32004,0.012259932
32104,0.055375725
32804,0.0190502
33004,0.023064045
33104,0.031711604
33504,0.022276578
33704,0.1551555
33804,0.117336646
33904,0.0053684893
34004,0.0046388563
34204,0.005715396
34304,0.019301193
34404,0.0033800886
34504,0.009613303
34604,0.102262504
34804,0.002074619
35004,0.008032218
35204,0.013313671
35304,0.13344848
35504,0.02281812
35604,0.028229928
35704,0.028470123
35904,0.04431324
36004,0.15908292
36104,0.028831378
36604,0.011278994
37204,0.00821156
37404,0.023185868
37504,0.02004406
37604,0.03161085
37704,0.02205618
38104,0.05950873
38204,0.013746775
38304,0.031106772
38404,0.011989613
38604,0.010200583
38804,0.01755274
39104,0.038442105
39204,0.011570506
39304,0.08775635
39404,0.015648998
39604,0.14683628
39704,0.0023536894
39904,0.01718606
40004,0.013679384
40204,0.024321143
40504,0.025309375
40604,0.036566775
41804,0.023025772
42004,0.083363146
42704,0.020202946
42904,0.030869821
43604,0.0483276
44204,0.008432121
44504,0.04613225
44704,0.06975112
44904,0.010487069
45204,0.0039860853
45304,0.34229732
45504,0.03537454
45604,0.25984195
46104,0.016003396
46304,0.07660555
46504,0.02854549
46904,0.025711093
47004,0.04551544
47104,0.051617444
47204,0.019658498
47304,0.07006887
47604,0.021544768
47704,0.01596111
47804,0.010521305
47904,0.04526654
48204,0.06538638
48604,0.112982936
48704,0.0031403245
49104,0.024018101
49204,0.048779003
49604,0.032121755
49704,0.0056239604
49904,0.019626074
50104,0.26909772
50304,0.0064170533
50404,0.011993655
50604,0.010432476
50804,0.010046918
50904,0.014818839
51004,0.1187231
51204,0.0074866433
51604,0.0069922768
51804,0.029956507
52004,0.033911888
52104,0.100119464
52504,0.025636852
52604,0.05819497
52704,0.000883
53204,0.027901694
53304,0.046239983
53404,0.0066950954
53604,0.0112626925
53904,0.014018648
54104,0.054797664
54204,0.060325433
54304,0.018430436
54404,0.08654747
54604,0.015182286
55004,0.06020221
55204,0.022614544
55404,0.01690323
55504,0.02990156
55604,0.4227316
56204,0.0639795
56504,0.07475632
56704,0.05689817
56804,0.032247722
57004,0.0060508572
57104,0.025473138
57204,0.04949141
57304,0.0107016405
57504,0.08087627
57904,0.13441692
58004,0.15315895
58204,0.05369871
58304,0.26968572
58504,0.044573747
58904,0.16495275
59104,0.017642073
59204,0.018873934
59504,0.008647612
59604,0.01564277
59804,0.02105569
59904,0.011683283
60404,0.013325628
60504,0.03363573
60804,0.021293985
61104,0.07426198
61304,0.13416936
61404,0.025572075
61704,0.01514159
62104,0.027981455
62404,0.039956506
62704,0.09516076
62804,0.070685245
63504,0.08794221
63604,0.07599646
63704,0.014285821
63804,0.010975944
63904,0.014717423
64304,0.009551924
64404,0.014900337
5,0.00024605676
105,0.00088343624
405,0.0034358352
605,0.013110327
705,0.07470326
1005,0.00090635975
1205,0.0012903291
1705,0.0015754675
2205,0.0009177437
2705,0.001659748
2805,0.001767995
2905,0.0025430694
3005,0.0019050745
3105,0.011617802
3205,0.008167906
3305,0.0071313647
3405,0.0016238871
3705,0.012112328
4005,0.00025465884
4105,0.005251942
4205,0.014222345
4405,0.0025795524
4705,0.00032313366
4805,0.025063012
4905,0.0010183017
5105,0.0016462111
5205,0.096605755
5705,0.024521979
5905,0.047622018
6205,0.06001433
6305,0.006616204
6505,0.0994674
6605,0.052161884
6805,0.08108053
6905,0.0034949956
7005,0.0017818171
7205,0.002126253
7405,0.00051191886
7505,0.00042862655
7705,0.005433002
7905,0.0078044953
8105,0.0022299378
8205,0.013166762
8305,0.015397605
8405,0.0068807304
8505,0.0022809
8605,0.017022438
8705,0.0014054066
8905,0.003408469
9005,0.0035785232
9205,0.0150181735
9505,0.0097940415
9805,0.003455226
9905,0.0022546276
10105,0.008107651
10405,0.022915648
10505,0.019500539
10605,0.1021923
10705,0.010700834
10905,0.02246813
11205,0.0030518693
11305,0.003222082
11705,0.006476993
11905,0.12383636
12105,0.0028805737
12405,0.008005038
12705,0.008572651
12905,0.003615551
13005,0.0076957154
13405,0.0632213
13505,0.0047623455
13605,0.035183754
13705,0.047731917
13905,0.0052935877
14305,0.11187853
14405,0.0011554607
15405,0.0043368917
15605,0.052904576
15705,0.003362164
15805,0.0023110253
15905,0.0021523593
16105,0.0065499716
16205,0.018939214
16305,0.0017991625
16405,0.001277782
16505,0.00020072689
16605,0.002802026
17005,0.013816992
17105,0.00088884257
17205,0.0009406622
17305,0.00092173973
17405,0.0019846512
17605,0.0018933308
17705,0.0039925645
17905,0.0027535446
18005,0.00090804906
18105,0.0027334122
18205,0.0019354116
18405,0.0009496565
18505,0.0017820931
18705,0.0028327417
18805,0.0021840853
19105,0.0023653153
19505,0.001827622
19605,0.0044379504
19705,0.0045551877
19805,0.004634046
20705,0.015286887
20805,0.004462057
20905,0.0033746825
21105,0.037124712
21205,0.0110736415
21405,0.015666831
21805,0.04894928
22005,0.0086073745
22305,0.006158762
22405,0.04726606
22505,0.09342575
22605,0.026311459
22905,0.003481949
23005,0.001545661
23205,0.0011642394
23305,0.011004271
23605,0.046632316
23705,0.012796122
23805,0.0013889278
23905,0.00163254
24105,0.0455566
24205,0.04871123
24405,0.0016167341
24505,0.005202011
24605,0.0011140842
24705,0.0018886529
25305,0.009904951
25405,0.0034263532
25805,0.0006839293
26005,0.0041701575
26105,0.003885492
26205,0.015182173
26305,0.014553148
26405,0.0032690372
26605,0.015919216
26705,0.01592244
26805,0.0032283512
26905,0.005237721
27005,0.060627032
27305,0.014594102
27405,0.0080446685
27505,0.004105178
27905,0.0027099582
28005,0.0061129243
28105,0.003163606
28305,0.006516934
28405,0.060195338
29005,0.002233228
29105,0.040545143
29305,0.04606257
29605,0.06611817
29705,0.04424687
29805,0.017569805
29905,0.030392902
30005,0.033607285
30105,0.0038338269
30305,0.01686785
30405,0.062125962
30705,0.00627371
30805,0.0046417816
31105,0.0015805854
31205,0.026299026
31605,0.022848003
31705,0.0023236221
31805,0.00795364
31905,0.07257443
32005,0.022626942
32105,0.0025930505
32805,0.011392541
33005,0.0008514867
33105,0.0008940318
33505,0.0050441064
33705,0.0015567358
33805,0.0017052508
33905,0.0018049527
34005,0.0010521144
34205,0.0009759141
34305,0.0011947894
34405,0.0009811406
34505,0.0023841748
34605,0.0116678085
34805,0.00063718704
35005,0.0043157893
35205,0.005344272
35305,0.006203869
35505,0.0016220779
35605,0.0007224783
35705,0.0029311953
35905,0.0023008813
36005,0.0033353022
36105,0.023043072
36605,0.0031698174
37205,0.00084555574
37405,0.024107281
37505,0.006925571
37605,0.0024795537
37705,0.007106202
38105,0.049877007
38205,0.05695264
38305,0.076896615
38405,0.0050208513
38605,0.0033805761
38805,0.025447188
39105,0.0065719266
39205,0.0032244653
39305,0.008760155
39405,0.004907028
39605,0.0012937911
39705,0.00011686111
39905,0.0029770883
40005,0.006974518
40205,0.0026095056
40505,0.0062235934
40605,0.0024167777
41805,0.0068251286
42005,0.0035601482
42705,0.013510688
42905,0.092718445
43605,0.015732434
44205,0.01666345
44505,0.008204895
44705,0.0306833
44905,0.07222312
45205,0.00091221515
45305,0.0023091503
45505,0.008433299
45605,0.027180608
46105,0.010562071
46305,0.21693751
46505,0.0017217937
46905,0.005472319
47005,0.0015976748
47105,0.0009157169
47205,0.0058121383
47305,0.018305907
47605,0.009995752
47705,0.017983224
47805,0.0071249795
47905,0.0018005313
48205,0.00512987
48605,0.0011689911
48705,0.00019592543
49105,0.0011609595
49205,0.09714702
49605,0.0045369384
49705,0.0021061343
49905,0.0057905256
50105,0.0018049359
50305,0.0032838804
50405,0.004270956
50605,0.0026148793
50805,0.0030813464
50905,0.0018048186
51005,0.017984856
51205,0.0012720224
51605,0.0079101315
51805,0.007134201
52005,0.0032036945
52105,0.0085545685
52505,0.021030223
52605,0.0013823049
52705,1.544393e-05
53205,0.0049716774
53305,0.02292244
53405,0.00286998
53605,0.013959012
53905,0.0035639594
54105,0.004284808
54205,0.051466372
54305,0.058763187
54405,0.053689416
54605,0.010461985
55005,0.028546354
55205,0.001956736
55405,0.0019407818
55505,0.004849668
55605,0.00033423252
56205,0.0067082983
56505,0.031586036
56705,0.0069914963
56805,0.004903652
57005,0.0007316917
57105,0.0050459774
57205,0.006225431
57305,0.0058764713
57505,0.00465937
57905,0.011612107
58005,0.001436382
58205,0.0038475706
58305,0.0020968239
58505,0.0010556211
58905,0.0069917203
59105,0.0063251164
59205,0.0028400628
59505,0.0005434334
59605,0.0033735961
59805,0.0061057922
59905,0.013351653
60405,0.0013534675
60505,0.0077224025
60805,0.04567092
61105,0.007849301
61305,0.012757917
61405,0.0026000433
61705,0.0045727314
62105,0.013303874
62405,0.066188775
62705,0.025974503
62805,0.055128597
63505,0.0054279147
63605,0.023184236
63705,0.060945913
63805,0.09304548
63905,0.0012104966
64305,0.006044208
64405,0.0046880436
6,0.0028806152
106,0.0031158347
406,0.01959338
606,0.16636372
706,0.046995174
1006,0.006548845
1206,0.0016887352
1706,0.016269377
2206,0.006011388
2706,0.0019833709
2806,0.03903099
2906,0.046980206
3006,0.064922266
3106,0.009986797
3206,0.044146035
3306,0.057489753
3406,0.0038469327
3706,0.006026239
4006,0.0033516102
4106,0.002854469
4206,0.43894497
4406,0.03311688
4706,0.0023789136
4806,0.013214983
4906,0.17703645
5106,0.01913495
5206,0.29203296
5706,0.17552805
5906,0.05984004
6206,0.09170895
6306,0.016519757
6506,0.26328155
6606,0.059391566
6806,0.057861812
6906,0.010148471
7006,0.01680351
7206,0.011921523
7406,0.0070438003
7506,0.0049736015
7706,0.003339958
7906,0.03578029
8106,0.010728372
8206,0.008236748
8306,0.016009407
8406,0.022464663
8506,0.010549594
8606,0.015613005
8706,0.04791946
8906,0.02371275
9006,0.06833243
9206,0.006949961
9506,0.026043348
9806,0.020680139
9906,0.03318986
10106,0.023735983
10406,0.02787607
10506,0.013019017
10606,0.038139082
10706,0.016437558
10906,0.3806478
11206,0.009552489
11306,0.010352962
11706,0.013310532
11906,0.093037754
12106,0.02431703
12406,0.21210283
12706,0.27829304
12906,0.27143198
13006,0.22747809
13406,0.17412384
13506,0.021600377
13606,0.10770007
13706,0.12971693
13906,0.06870538
14306,0.062189102
14406,0.023727233
15406,0.15617964
15606,0.030530035
15706,0.3595707
15806,0.010403233
15906,0.013021257
16106,0.025656346
16206,0.037214026
16306,0.007140754
16406,0.0032829256
16506,0.0015785594
16606,0.010513101
17006,0.015873622
17106,0.00674545
17206,0.0060535586
17306,0.006545583
17406,0.0055211675
17606,0.047639646
17706,0.024123928
17906,0.014414291
18006,0.0074907
18106,0.0041103447
18206,0.0037921448
18406,0.005184155
18506,0.011290788
18706,0.0034648727
18806,0.018258544
19106,0.03796784
19506,0.005813341
19606,0.006125744
19706,0.00782444
19806,0.005330619
20706,0.09086921
20806,0.0535438
20906,0.027396912
21106,0.31745774
21206,0.04916035
21406,0.06465326
21806,0.2797619
22006,0.035726372
22306,0.03537825
22406,0.16976196
22506,0.06253551
22606,0.1439748
22906,0.006019712
23006,0.003558628
23206,0.008386827
23306,0.024131889
23606,0.01924491
23706,0.12601212
23806,0.0232617
23906,0.009127713
24106,0.019699682
24206,0.026595859
24406,0.010119507
24506,0.021252492
24606,0.0052932096
24706,0.02391615
25306,0.030853888
25406,0.03341517
25806,0.031395536
26006,0.05034128
26106,0.019729234
26206,0.038273063
26306,0.030987047
26406,0.52743113
26606,0.044478755
26706,0.3907555
26806,0.017977389
26906,0.0044309623
27006,0.014674688
27306,0.024831686
27406,0.010176171
27506,0.010713854
27906,0.01021324
28006,0.023830514
28106,0.084832534
28306,0.03798304
28406,0.04277422
29006,0.26018766
29106,0.048703402
29306,0.44248542
29606,0.03965762
29706,0.0992936
29806,0.059475396
29906,0.045047298
30006,0.3737827
30106,0.098048985
30306,0.03540972
30406,0.20503263
30706,0.06943743
30806,0.04792651
31106,0.11153005
31206,0.10875208
31606,0.052404966
31706,0.07909769
31806,0.057960365
31906,0.017574226
32006,0.020284396
32106,0.01153305
32806,0.01839403
33006,0.00494004
33106,0.0035242685
33506,0.079529986
33706,0.02908588
33806,0.010623296
33906,0.004361482
34006,0.008626244
34206,0.0037636955
34306,0.010637975
34406,0.0043906975
34506,0.016015384
34606,0.020109314
34806,0.0027262107
35006,0.015009111
35206,0.010246696
35306,0.04553817
35506,0.015154017
35606,0.00900742
35706,0.008366081
35906,0.024553854
36006,0.0393675
36106,0.008484367
36606,0.013856105
37206,0.002595533
37406,0.39879915
37506,0.16173834
37606,0.117736176
37706,0.09316241
38106,0.14117153
38206,0.07250245
38306,0.38200086
38406,0.13573675
38606,0.004274798
38806,0.061976604
39106,0.04788563
39206,0.005546656
39306,0.07647073
39406,0.020188158
39606,0.02262335
39706,0.008944105
39906,0.009418671
40006,0.08084197
40206,0.0088213505
40506,0.014746646
40606,0.043112908
41806,0.016810426
42006,0.027879339
42706,0.27004
42906,0.03856996
43606,0.091798574
44206,0.015132792
44506,0.026580336
44706,0.027486214
44906,0.0160912
45206,0.6472218
45306,0.014341123
45506,0.22165066
45606,0.094119914
46106,0.022684885
46306,0.038823046
46506,0.120764896
46906,0.008884421
47006,0.003820545
47106,0.019130034
47206,0.082378864
47306,0.08116475
47606,0.042234875
47706,0.316445
47806,0.20107023
47906,0.022346754
48206,0.034892447
48606,0.010078165
48706,0.0014665078
49106,0.026949082
49206,0.11040273
49606,0.018589767
49706,0.00612247
49906,0.043601736
50106,0.0064083114
50306,0.007353323
50406,0.0059176
50606,0.016201837
50806,0.007897286
50906,0.015399239
51006,0.030453453
51206,0.006645734
51606,0.022734912
51806,0.039136294
52006,0.004787158
52106,0.027748091
52506,0.07024915
52606,0.27729264
52706,0.0028539656
53206,0.1438504
53306,0.26895353
53406,0.013248811
53606,0.03158311
53906,0.16514975
54106,0.07399956
54206,0.27454135
54306,0.3756721
54406,0.05150251
54606,0.02229657
55006,0.014157467
55206,0.040007547
55406,0.005432258
55506,0.08942586
55606,0.006495256
56206,0.023972865
56506,0.015269236
56706,0.010083405
56806,0.0409302
57006,0.018114077
57106,0.022218293
57206,0.010218563
57306,0.008606271
57506,0.021733264
57906,0.031195747
58006,0.015335449
58206,0.017565904
58306,0.008749711
58506,0.0353833
58906,0.06426157
59106,0.09818722
59206,0.04016394
59506,0.011547181
59606,0.100634195
59806,0.06518954
59906,0.012941583
60406,0.011999883
60506,0.06562074
60806,0.15856472
61106,0.1037818
61306,0.09096238
61406,0.13690767
61706,0.008290013
62106,0.5329994
62406,0.31085813
62706,0.13849437
62806,0.017859971
63506,0.07164359
63606,0.1393435
63706,0.040192276
63806,0.020714091
63906,0.011370916
64306,0.04896556
64406,0.018404268
7,0.0030495878
107,0.003168517
407,0.018420221
607,0.030210143
707,0.03875852
1007,0.008284384
1207,0.0043271487
1707,0.013936932
2207,0.12395427
2707,0.017623493
2807,0.048937935
2907,0.081357904
3007,0.033462286
3107,0.040892158
3207,0.10944812
3307,0.07895594
3407,0.117754065
3707,0.20234677
4007,0.034167048
4107,0.033397302
4207,0.09932591
4407,0.075643264
4707,0.03889005
4807,0.10735256
4907,0.036265
5107,0.026737941
5207,0.12158482
5707,0.19298008
5907,0.06046698
6207,0.2616737
6307,0.19941929
6507,0.11173889
6607,0.09205854
6807,0.06656426
6907,0.09105994
7007,0.024289213
7207,0.058347814
7407,0.010465033
7507,0.0069618057
7707,0.33617505
7907,0.096099414
8107,0.023935776
8207,0.030559644
8307,0.07596313
8407,0.13272391
8507,0.083470315
8607,0.16414726
8707,0.01320797
8907,0.0394767
9007,0.022217708
9207,0.03417879
9507,0.13200557
9807,0.13211033
9907,0.0660311
10107,0.1748275
10407,0.4317728
10507,0.3327032
10607,0.20731305
10707,0.23017745
10907,0.08213713
11207,0.014917636
11307,0.049098823
11707,0.07193367
11907,0.11676926
12107,0.22870734
12407,0.03682665
12707,0.06391327
12907,0.042105768
13007,0.13570346
13407,0.15485653
13507,0.016773915
13607,0.2740593
13707,0.13880987
13907,0.18414858
14307,0.07220651
14407,0.014560258
15407,0.028709995
15607,0.06940977
15707,0.12963498
15807,0.20146023
15907,0.08152211
16107,0.05764314
16207,0.096853144
16307,0.003769996
16407,0.0028054386
16507,0.0014409948
16607,0.006111185
17007,0.033546552
17107,0.018947704
17207,0.020909304
17307,0.01845428
17407,0.01581571
17607,0.029019238
17707,0.01883431
17907,0.10450179
18007,0.01940629
18107,0.019114066
18207,0.044733517
18407,0.085771225
18507,0.0909963
18707,0.030278673
18807,0.38641763
19107,0.02165189
19507,0.03176869
19607,0.09479307
19707,0.027532758
19807,0.09691298
20707,0.12502465
20807,0.07833313
20907,0.014752642
21107,0.09553178
21207,0.33743742
21407,0.02898086
21807,0.052670624
22007,0.01683631
22307,0.26728702
22407,0.08123863
22507,0.030318588
22607,0.11375978
22907,0.23553695
23007,0.059247237
23207,0.039442413
23307,0.30852738
23607,0.030042246
23707,0.08292931
23807,0.025335249
23907,0.12404493
24107,0.10889654
24207,0.058684945
24407,0.038125265
24507,0.07077502
24607,0.030702831
24707,0.015490934
25307,0.041201264
25407,0.09571949
25807,0.01348974
26007,0.021971142
26107,0.03619844
26207,0.30867746
26307,0.07034815
26407,0.042103715
26607,0.03619593
26707,0.07745507
26807,0.020430647
26907,0.042239744
27007,0.06749662
27307,0.04252028
27407,0.012035554
27507,0.050713908
27907,0.010806014
28007,0.055797547
28107,0.013714204
28307,0.10641461
28407,0.05051118
29007,0.011232706
29107,0.1346539
29307,0.10379747
29607,0.29882205
29707,0.056975286
29807,0.04702389
29907,0.040115323
30007,0.15282026
30107,0.050887097
30307,0.030961655
30407,0.11582865
30707,0.015805537
30807,0.06194848
31107,0.036846954
31207,0.24514236
31607,0.071072325
31707,0.048641015
31807,0.064039856
31907,0.11738882
32007,0.08435944
32107,0.02190854
32807,0.04447905
33007,0.018142436
33107,0.007193879
33507,0.01983497
33707,0.12289498
33807,0.016963081
33907,0.04346684
34007,0.020035308
34207,0.12552902
34307,0.05063556
34407,0.013607696
34507,0.037480738
34607,0.13281567
34807,0.08596082
35007,0.04383316
35207,0.066235155
35307,0.033724625
35507,0.09856762
35607,0.12421751
35707,0.008189261
35907,0.06273158
36007,0.028548071
36107,0.111571394
36607,0.020079717
37207,0.022913024
37407,0.08409475
37507,0.12414267
37607,0.03645449
37707,0.026662609
38107,0.043229174
38207,0.029089576
38307,0.18427496
38407,0.03925048
38607,0.006807789
38807,0.023260064
39107,0.061215326
39207,0.20092313
39307,0.05445328
39407,0.069844104
39607,0.09739517
39707,0.0033166
39907,0.12537993
40007,0.16479239
40207,0.03425154
40507,0.23395896
40607,0.11371265
41807,0.04045948
42007,0.11816694
42707,0.03848946
42907,0.16600893
43607,0.038816165
44207,0.06759454
44507,0.08398879
44707,0.024866732
44907,0.013911625
45207,0.006129184
45307,0.05295562
45507,0.04460458
45607,0.25246543
46107,0.012762054
46307,0.04869533
46507,0.020049436
46907,0.30318186
47007,0.015208874
47107,0.003734967
47207,0.055243507
47307,0.04178354
47607,0.2595594
47707,0.020628272
47807,0.11506838
47907,0.11265107
48207,0.11432815
48607,0.011325334
48707,0.0014585493
49107,0.056730624
49207,0.09055943
49607,0.16760091
49707,0.0071257656
49907,0.025609886
50107,0.011595502
50307,0.06930226
50407,0.012498626
50607,0.18077257
50807,0.030560736
50907,0.05211126
51007,0.07151132
51207,0.12000389
51607,0.20187454
51807,0.19526064
52007,0.49545506
52107,0.027406499
52507,0.21264721
52607,0.0786863
52707,0.0017099624
53207,0.16546531
53307,0.079405755
53407,0.06475005
53607,0.06496131
53907,0.024119405
54107,0.022823123
54207,0.1337629
54307,0.081726566
54407,0.10885928
54607,0.02624317
55007,0.025929578
55207,0.07403473
55407,0.029507816
55507,0.04358092
55607,0.007717921
56207,0.04351057
56507,0.044830296
56707,0.09864241
56807,0.07602027
57007,0.018419737
57107,0.03722218
57207,0.3173532
57307,0.2651741
57507,0.14445503
57907,0.20413792
58007,0.23836929
58207,0.011099296
58307,0.16451305
58507,0.16849571
58907,0.05679547
59107,0.026789498
59207,0.037160937
59507,0.010273712
59607,0.038733322
59807,0.025813209
59907,0.032137796
60407,0.013083804
60507,0.03133008
60807,0.09923413
61107,0.072884224
61307,0.021495197
61407,0.08435835
61707,0.010803087
62107,0.057960443
62407,0.09155387
62707,0.12528707
62807,0.11000041
63507,0.043592047
63607,0.14983541
63707,0.03515444
63807,0.0343194
63907,0.03493476
64307,0.10948839
64407,0.22030097
8,0.115379125
108,0.14355533
408,0.018428808
608,0.15026909
708,0.13709657
1008,0.028233044
1208,0.034019407
1708,0.09384415
2208,0.007287757
2708,0.09548977
2808,0.02001944
2908,0.0075791883
3008,0.019536333
3108,0.06255298
3208,0.036860257
3308,0.026826875
3408,0.0037631462
3708,0.034429867
4008,0.004514825
4108,0.31874424
4208,0.014505691
4408,0.055988662
4708,0.004006685
4808,0.015549917
4908,0.010695041
5108,0.020117275
5208,0.040514413
5708,0.011838067
5908,0.13363737
6208,0.069329776
6308,0.06178047
6508,0.08862319
6608,0.11253042
6808,0.16694158
6908,0.028796185
7008,0.028157692
7208,0.0076440643
7408,0.044540294
7508,0.017142892
7708,0.021114467
7908,0.062910534
8108,0.08917738
8208,0.03931217
8308,0.035626337
8408,0.025841733
8508,0.08617024
8608,0.047802057
8708,0.17159718
8908,0.37722522
9008,0.044016168
9208,0.13444087
9508,0.01636079
9808,0.05811812
9908,0.08149863
10108,0.031486392
10408,0.030584108
10508,0.15914784
10608,0.19828425
10708,0.040202834
10908,0.06565143
11208,0.12396275
11308,0.04841463
11708,0.020410674
11908,0.019758467
12108,0.0035939347
12408,0.025481772
12708,0.054862276
12908,0.007826339
13008,0.025205603
13408,0.01813638
13508,0.11715637
13608,0.02495014
13708,0.039467648
13908,0.033116862
14308,0.01141395
14408,0.17391898
15408,0.027431626
15608,0.1468196
15708,0.00574112
15808,0.015464201
15908,0.07975283
16108,0.02331113
16208,0.06672515
16308,0.06625382
16408,0.17941995
16508,0.007853846
16608,0.03241586
17008,0.061719324
17108,0.008622187
17208,0.012255299
17308,0.016564123
17408,0.01631861
17608,0.04210371
17708,0.019491442
17908,0.023721373
18008,0.09621519
18108,0.021753382
18208,0.038531326
18408,0.0030737428
18508,0.064976655
18708,0.081024066
18808,0.007309988
19108,0.015806869
19508,0.030319396
19608,0.016439863
19708,0.033781447
19808,0.039817132
20708,0.00842093
20808,0.04851082
20908,0.057590403
21108,0.041591275
21208,0.0081143305
21408,0.08982322
21808,0.04544732
22008,0.029325573
22308,0.011366692
22408,0.08865426
22508,0.090307966
22608,0.11760438
22908,0.0042131445
23008,0.0049828785
23208,0.042583223
23308,0.030542836
23608,0.14639972
23708,0.022556093
23808,0.014985446
23908,0.0010432937
24108,0.008144981
24208,0.088043526
24408,0.036819093
24508,0.01381542
24608,0.032882
24708,0.2553398
25308,0.016161913
25408,0.032258365
25808,0.15775034
26008,0.025222821
26108,0.15156236
26208,0.014147947
26308,0.018321939
26408,0.003382676
26608,0.31549907
26708,0.031333487
26808,0.09270722
26908,0.21964292
27008,0.12792921
27308,0.13802378
27408,0.21695462
27508,0.035185453
27908,0.08774353
28008,0.054477513
28108,0.1822988
28308,0.02387836
28408,0.02330716
29008,0.042632002
29108,0.075400785
29308,0.016339088
29608,0.05870753
29708,0.027015766
29808,0.021662077
29908,0.014058143
30008,0.015791634
30108,0.04302088
30308,0.032935694
30408,0.00822811
30708,0.19770716
30808,0.014491547
31108,0.049370762
31208,0.009140258
31608,0.09891914
31708,0.045139357
31808,0.10179319
31908,0.054628693
32008,0.015384995
32108,0.039941832
32808,0.10106603
33008,0.012391479
33108,0.019339902
33508,0.0897028
33708,0.036599264
33808,0.0814894
33908,0.056212302
34008,0.015641803
34208,0.0024802387
34308,0.0803412
34408,0.028848605
34508,0.08555498
34608,0.04575283
34808,0.0019663305
35008,0.012496349
35208,0.024769079
35308,0.11688294
35508,0.009950637
35608,0.006769735
35708,0.022466691
35908,0.03252843
36008,0.13041393
36108,0.19615865
36608,0.025724823
37208,0.0069497395
37408,0.021746032
37508,0.004994366
37608,0.04499103
37708,0.19798386
38108,0.10373312
38208,0.021526271
38308,0.021804355
38408,0.019755356
38608,0.4807965
38808,0.034389578
39108,0.079264656
39208,0.004002703
39308,0.08111597
39408,0.029673757
39608,0.010380043
39708,0.0052554617
39908,0.016782407
40008,0.0135188885
40208,0.039220463
40508,0.0075219655
40608,0.029409254
41808,0.022065718
42008,0.053400803
42708,0.037547186
42908,0.21922787
43608,0.068734586
44208,0.015613065
44508,0.018042479
44708,0.15684077
44908,0.035207156
45208,0.0015392735
45308,0.03160195
45508,0.025675938
45608,0.020544196
46108,0.020492138
46308,0.07804377
46508,0.09144453
46908,0.018780703
47008,0.18457209
47108,0.25905612
47208,0.025031418
47308,0.016022578
47608,0.008006339
47708,0.031880118
47808,0.0069055483
47908,0.040977713
48208,0.021761809
48608,0.046749566
48708,0.0086258985
49108,0.014620183
49208,0.02291145
49608,0.009094313
49708,0.040189695
49908,0.030756198
50108,0.086967826
50308,0.0246209
50408,0.039269477
50608,0.0048356545
50808,0.05608026
50908,0.048375376
51008,0.053179428
51208,0.005737505
51608,0.00753054
51808,0.013676388
52008,0.016168801
52108,0.06871303
52508,0.018836673
52608,0.008831576
52708,0.017174521
53208,0.0055583483
53308,0.058502607
53408,0.012059122
53608,0.036954727
53908,0.02880506
54108,0.15813887
54208,0.01734048
54308,0.025938908
54408,0.036586225
54608,0.048391636
55008,0.2852036
55208,0.029769244
55408,0.06050838
55508,0.070670485
55608,0.054812305
56208,0.11348384
56508,0.2582391
56708,0.016636385
56808,0.023390183
57008,0.087000564
57108,0.080321334
57208,0.013980946
57308,0.011390167
57508,0.03174254
57908,0.033166908
58008,0.011256283
58208,0.3313298
58308,0.038427692
58508,0.005624918
58908,0.06500538
59108,0.14550145
59208,0.16679904
59508,0.29002678
59608,0.026861222
59808,0.05181553
59908,0.031788245
60408,0.2153934
60508,0.035776626
60808,0.07400746
61108,0.0744501
61308,0.17438845
61408,0.017854163
61708,0.036423665
62108,0.014272328
62408,0.031281732
62708,0.036228854
62808,0.057928976
63508,0.05182269
63608,0.044435784
63708,0.037301254
63808,0.056997765
63908,0.05506486
64308,0.0016316926
64408,0.006542434
9,0.020735312
109,0.0118274605
409,0.0027214307
609,0.06660493
709,0.0745296
1009,0.009466502
1209,0.0021916
1709,0.0557604
2209,0.0147849
2709,0.017160762
2809,0.017799634
2909,0.068149656
3009,0.10414982
3109,0.0034207357
3209,0.018512057
3309,0.0786328
3409,0.0054840017
3709,0.056145936
4009,0.019369045
4109,0.3369562
4209,0.010545374
4409,0.037333246
4709,0.021726757
4809,0.08816289
4909,0.01905823
5109,0.021533841
5209,0.01894072
5709,0.028285079
5909,0.2408534
6209,0.006545641
6309,0.03326152
6509,0.034504697
6609,0.049694143
6809,0.026325358
6909,0.005709718
7009,0.03754455
7209,0.005827047
7409,0.004903324
7509,0.17445624
7709,0.0076383348
7909,0.017232316
8109,0.41100785
8209,0.029165292
8309,0.005781064
8409,0.010904211
8509,0.03860635
8609,0.009703654
8709,0.015112733
8909,0.051514477
9009,0.0951941
9209,0.06517023
9509,0.049988307
9809,0.053248078
9909,0.17633119
10109,0.021440882
10409,0.018615559
10509,0.029040953
10609,0.034893602
10709,0.0035168317
10909,0.03679172
11209,0.0057302476
11309,0.0134742465
11709,0.0061540673
11909,0.08392476
12109,0.026723735
12409,0.02047181
12709,0.014148589
12909,0.30810785
13009,0.015592383
13409,0.028335055
13509,0.08677243
13609,0.020324972
13709,0.013034319
13909,0.0038795643
14309,0.02128733
14409,0.022770708
15409,0.02876689
15609,0.120332226
15709,0.029131094
15809,0.007649252
15909,0.016581327
16109,0.004837704
16209,0.0345942
16309,0.0035213127
16409,0.0126353325
16509,0.000755677
16609,0.0030251765
17009,0.31456703
17109,0.011544145
17209,0.077420615
17309,0.0039850953
17409,0.0023163017
17609,0.0065315366
17709,0.110285066
17909,0.04339812
18009,0.012348342
18109,0.003579401
18209,0.010437194
18409,0.009256415
18509,0.023039108
18709,0.0029551168
18809,0.01879315
19109,0.10067089
19509,0.018139891
19609,0.029713139
19709,0.07305469
19809,0.018240986
20709,0.008543065
20809,0.050127637
20909,0.005560501
21109,0.012072798
21209,0.008085337
21409,0.32057926
21809,0.010728528
22009,0.010111028
22309,0.0052577127
22409,0.02220141
22509,0.1076681
22609,0.04714248
22909,0.0031103722
23009,0.0038867125
23209,0.004218303
23309,0.0025567524
23609,0.02354872
23709,0.017006772
23809,0.055487167
23909,0.012997275
24109,0.022633547
24209,0.00929048
24409,0.009849942
24509,0.0097359745
24609,0.006201283
24709,0.04561864
25309,0.0077141356
25409,0.013066603
25809,0.0423215
26009,0.03692914
26109,0.20329273
26209,0.026085913
26309,0.36163658
26409,0.0065181954
26609,0.094170734
26709,0.018493852
26809,0.0039048747
26909,0.0045938897
27009,0.013543836
27309,0.067669906
27409,0.0068282774
27509,0.010172042
27909,0.0051828595
28009,0.0043731495
28109,0.030265752
28309,0.12414118
28409,0.17296654
29009,0.010308468
29109,0.06769645
29309,0.009241597
29609,0.0050800005
29709,0.0570894
29809,0.067600004
29909,0.009151
30009,0.02005652
30109,0.07108376
30309,0.0040977374
30409,0.04721053
30709,0.01851313
30809,0.010019481
31109,0.018315695
31209,0.09737786
31609,0.006822103
31709,0.06043864
31809,0.024682077
31909,0.04054637
32009,0.008654026
32109,0.03405808
32809,0.14507388
33009,0.022920297
33109,0.013298069
33509,0.04587725
33709,0.018023418
33809,0.03215313
33909,0.00440817
34009,0.008423151
34209,0.009891578
34309,0.04192672
34409,0.007772217
34509,0.017461816
34609,0.022793716
34809,0.0036868239
35009,0.056223262
35209,0.01436451
35309,0.016346632
35509,0.039744213
35609,0.097604506
35709,0.050843623
35909,0.010234376
36009,0.0356822
36109,0.068850674
36609,0.06663132
37209,0.12992677
37409,0.026027877
37509,0.030981474
37609,0.42178872
37709,0.19501023
38109,0.028382145
38209,0.022358952
38309,0.016933396
38409,0.4841329
38609,0.13905849
38809,0.058218017
39109,0.034297884
39209,0.0031487392
39309,0.022500578
39409,0.02196011
39609,0.0019462404
39709,0.2606818
39909,0.006651584
40009,0.036871772
40209,0.053094596
40509,0.0053560953
40609,0.09717375
41809,0.01530602
42009,0.043688796
42709,0.017064203
42909,0.029679986
43609,0.0100963265
44209,0.0076307375
44509,0.0044495794
44709,0.012271325
44909,0.13419849
45209,0.0022417721
45309,0.0074344203
45509,0.006250842
45609,0.026586374
46109,0.04323805
46309,0.023390288
46509,0.026697142
46909,0.009327123
47009,0.0036141577
47109,0.005313716
47209,0.007948488
47309,0.011631095
47609,0.0331745
47709,0.0555115
47809,0.17409396
47909,0.03247351
48209,0.011368454
48609,0.010349149
48709,0.0010041695
49109,0.019051112
49209,0.032500375
49609,0.0064889793
49709,0.003176526
49909,0.003654152
50109,0.03337435
50309,0.01872348
50409,0.0021633916
50609,0.010577716
50809,0.0056014676
50909,0.026110748
51009,0.025718845
51209,0.009768093
51609,0.016484626
51809,0.008156485
52009,0.0071369614
52109,0.014787722
52509,0.005454718
52609,0.12728865
52709,0.8626387
53209,0.040454723
53309,0.011067938
53409,0.14223683
53609,0.055221148
53909,0.25653303
54109,0.014331379
54209,0.045613844
54309,0.0504359
54409,0.09974252
54609,0.045639325
55009,0.07267552
55209,0.16110675
55409,0.014106137
55509,0.025392564
55609,0.0055073583
56209,0.043646082
56509,0.06941271
56709,0.0041886717
56809,0.009717063
57009,0.0834046
57109,0.050584983
57209,0.029139342
57309,0.0035535535
57509,0.03748928
57909,0.015320926
58009,0.04302938
58209,0.028851848
58309,0.013789754
58509,0.13058434
58909,0.015438832
59109,0.09610825
59209,0.028228048
59509,0.072918154
59609,0.06619069
59809,0.008825753
59909,0.016277008
60409,0.007891349
60509,0.018973725
60809,0.16028057
61109,0.045774136
61309,0.017919559
61409,0.040858183
61709,0.08842863
62109,0.010673763
62409,0.025374658
62709,0.2118916
62809,0.009286267
63509,0.018101824
63609,0.009012576
63709,0.007306277
63809,0.038362697
63909,0.028495975
64309,0.052744396
64409,0.004373887
10,0.528026
110,0.3213893
410,0.19110748
610,0.22748865
710,0.14118987
1010,0.6670076
1210,0.057967465
1710,0.24306095
2210,0.4408528
2710,0.01902485
2810,0.6173946
2910,0.61083716
3010,0.47985896
3110,0.049467403
3210,0.22926365
3310,0.10566216
3410,0.5560644
3710,0.108228356
4010,0.1716047
4110,0.0013728734
4210,0.1280942
4410,0.3452924
4710,0.16384207
4810,0.07032356
4910,0.47456405
5110,0.030795528
5210,0.08978464
5710,0.19546267
5910,0.12550798
6210,0.088689744
6310,0.034605578
6510,0.070944324
6610,0.2273181
6810,0.07435751
6910,0.021956077
7010,0.06130195
7210,0.015681854
7410,0.07800557
7510,0.37149623
7710,0.17167404
7910,0.1263742
8110,0.30187896
8210,0.064555146
8310,0.1663825
8410,0.39616814
8510,0.2787759
8610,0.10312366
8710,0.22022785
8910,0.18751615
9010,0.38007218
9210,0.013798633
9510,0.28045163
9810,0.20227127
9910,0.30985704
10110,0.26172113
10410,0.08164696
10510,0.049875364
10610,0.048492275
10710,0.025430286
10910,0.09063388
11210,0.14677891
11310,0.07232481
11710,0.031020295
11910,0.11473859
12110,0.5052817
12410,0.41479957
12710,0.3324448
12910,0.24256647
13010,0.21214029
13410,0.13549115
13510,0.06995115
13610,0.19333953
13710,0.02264781
13910,0.08850488
14310,0.16109066
14410,0.44410545
15410,0.44927838
15610,0.031855606
15710,0.3934072
15810,0.34281227
15910,0.19220942
16110,0.12534975
16210,0.1323931
16310,0.22587697
16410,0.2823131
16510,0.25381073
16610,0.27654728
17010,0.013861566
17110,0.664205
17210,0.5426442
17310,0.59644836
17410,0.2857463
17610,0.44988248
17710,0.4629851
17910,0.13305858
18010,0.33247367
18110,0.043769926
18210,0.08293302
18410,0.33893436
18510,0.33808318
18710,0.01405607
18810,0.44477034
19110,0.26178634
19510,0.54651976
19610,0.111276194
19710,0.1384326
19810,0.011728335
20710,0.2027468
20810,0.30218837
20910,0.25554845
21110,0.14084695
21210,0.14596575
21410,0.039644632
21810,0.051584654
22010,0.11432083
22310,0.04061972
22410,0.16545829
22510,0.02444333
22610,0.21109346
22910,0.012890448
23010,0.030634504
23210,0.042965326
23310,0.056973554
23610,0.046653442
23710,0.22935766
23810,0.44667074
23910,0.6902093
24110,0.28131932
24210,0.2005962
24410,0.027765311
24510,0.063542865
24610,0.008188051
24710,0.3201073
25310,0.266703
25410,0.09276708
25810,0.44716275
26010,0.29179937
26110,0.17426836
26210,0.20335168
26310,0.03324933
26410,0.38736328
26610,0.12161963
26710,0.21700318
26810,0.060700737
26910,0.035324942
27010,0.089168735
27310,0.20379873
27410,0.086159065
27510,0.019773059
27910,0.12210151
28010,0.07934591
28110,0.37298045
28310,0.37607643
28410,0.033677146
29010,0.42854163
29110,0.23290038
29310,0.14530925
29610,0.01968266
29710,0.24742872
29810,0.38570333
29910,0.071640946
30010,0.09614887
30110,0.41756415
30310,0.06537201
30410,0.24675442
30710,0.32357106
30810,0.3843725
31110,0.5676942
31210,0.32322234
31610,0.15862176
31710,0.43052474
31810,0.2293152
31910,0.066455126
32010,0.2532707
32110,0.26133284
32810,0.29698312
33010,0.6218484
33110,0.4362435
33510,0.27593702
33710,0.30509567
33810,0.3417044
33910,0.09219375
34010,0.17721581
34210,0.25724527
34310,0.34179702
34410,0.09485709
34510,0.09090205
34610,0.23192002
34810,0.3025031
35010,0.10271065
35210,0.014623506
35310,0.35558838
35510,0.62452376
35610,0.6299967
35710,0.11287649
35910,0.32848683
36010,0.32436642
36110,0.12403548
36610,0.32324785
37210,0.0060177827
37410,0.2164971
37510,0.4424181
37610,0.18700309
37710,0.098893054
38110,0.05456606
38210,0.08973088
38310,0.06465987
38410,0.09063645
38610,0.05679394
38810,0.15265171
39110,0.047941215
39210,0.01956199
39310,0.09938564
39410,0.055033512
39610,0.1304812
39710,0.17044647
39910,0.34998238
40010,0.45532885
40210,0.5697179
40510,0.19176486
40610,0.45127034
41810,0.3357076
42010,0.32147312
42710,0.10547775
42910,0.056368873
43610,0.24481878
44210,0.21843317
44510,0.19459574
44710,0.08433298
44910,0.027744072
45210,0.29695532
45310,0.03817673
45510,0.31106752
45610,0.07981006
46110,0.07951295
46310,0.04140009
46510,0.5108478
46910,0.30264613
47010,0.019060453
47110,0.3400196
47210,0.4108685
47310,0.29921773
47610,0.37555745
47710,0.17661765
47810,0.27266806
47910,0.30364648
48210,0.3878231
48610,0.4717009
48710,0.23904443
49110,0.54415
49210,0.17988516
49610,0.5066768
49710,0.030643092
49910,0.43886346
50110,0.24851884
50310,0.14720383
50410,0.024619747
50610,0.13388285
50810,0.017853472
50910,0.37065935
51010,0.27953178
51210,0.17868973
51610,0.021251537
51810,0.36290553
52010,0.23527236
52110,0.04445878
52510,0.13951147
52610,0.37722856
52710,0.10615875
53210,0.39699867
53310,0.1429858
53410,0.0073073627
53610,0.1461523
53910,0.30600145
54110,0.45127642
54210,0.22083844
54310,0.12495134
54410,0.09840835
54610,0.10595578
55010,0.03273543
55210,0.27671775
55410,0.009049382
55510,0.32541794
55610,0.11376948
56210,0.1498921
56510,0.09866552
56710,0.4626565
56810,0.22286072
57010,0.45855352
57110,0.326852
57210,0.33467215
57310,0.18921049
57510,0.35681218
57910,0.15716322
58010,0.3765484
58210,0.17859574
58310,0.020397712
58510,0.50866866
58910,0.102535054
59110,0.2382696
59210,0.24549788
59510,0.23147923
59610,0.46232378
59810,0.23871052
59910,0.08943682
60410,0.22374067
60510,0.23988844
60810,0.05016802
61110,0.23582774
61310,0.231019
61410,0.53446335
61710,0.051583204
62110,0.20805916
62410,0.058534503
62710,0.14372066
62810,0.0978301
63510,0.36719948
63610,0.12961648
63710,0.07985742
63810,0.07483829
63910,0.29607603
64310,0.4929156
64410,0.47612974
11,0.019811278
111,0.18510738
411,0.23867695
611,0.009071453
711,0.013640893
1011,0.01945907
1211,0.3142023
1711,0.014066074
2211,0.0012700822
2711,0.013798209
2811,0.0305328
2911,0.005526127
3011,0.009272853
3111,0.17433724
3211,0.03533702
3311,0.035816662
3411,0.009508143
3711,0.017677922
4011,0.0007849863
4111,0.009471241
4211,0.008837396
4411,0.018906675
4711,0.0005917895
4811,0.025980894
4911,0.0030402872
5111,0.015873127
5211,0.004487262
5711,0.014546763
5911,0.023587972
6211,0.008567633
6311,0.005082039
6511,0.013143862
6611,0.008221649
6811,0.078680955
6911,0.017188901
7011,0.0057479376
7211,0.010523904
7411,0.016500501
7511,0.054447804
7711,0.0032876437
7911,0.023875954
8111,0.005168793
8211,0.11249117
8311,0.09237269
8411,0.0767153
8511,0.005383476
8611,0.020451749
8711,0.0040737395
8911,0.007255731
9011,0.0035725865
9211,0.016486248
9511,0.02889309
9811,0.0045258994
9911,0.0026406217
10111,0.029583273
10411,0.0024535973
10511,0.0052237157
10611,0.0232877
10711,0.002067071
10911,0.0050857794
11211,0.027627617
11311,0.035398602
11711,0.053863246
11911,0.010003636
12111,0.011345575
12411,0.011043039
12711,0.0038853723
12911,0.0010690988
13011,0.0051268768
13411,0.0028141248
13511,0.15158547
13611,0.011518399
13711,0.019619562
13911,0.0052959276
14311,0.014210873
14411,0.0026612815
15411,0.014386337
15611,0.03965886
15711,0.0009195998
15811,0.004716697
15911,0.005910499
16111,0.14417936
16211,0.011874047
16311,0.40111965
16411,0.17588863
16511,0.4413803
16611,0.18254922
17011,0.0040305434
17111,0.10362059
17211,0.05095404
17311,0.06109276
17411,0.36132812
17611,0.040077515
17711,0.0103323525
17911,0.015181968
18011,0.004811034
18111,0.10394129
18211,0.0080975
18411,0.0017131262
18511,0.0036985849
18711,0.046435293
18811,0.0013688143
19111,0.010810531
19511,0.04478533
19611,0.016103677
19711,0.0041085677
19811,0.019433184
20711,0.027145695
20811,0.028379267
20911,0.110938855
21111,0.008738147
21211,0.019592835
21411,0.008347643
21811,0.017350042
22011,0.072004944
22311,0.0035456815
22411,0.0050535477
22511,0.0058541615
22611,0.025160303
22911,0.00716462
23011,0.0070608957
23211,0.012338356
23311,0.019239992
23611,0.013205059
23711,0.039875414
23811,0.0059138066
23911,0.0014867672
24111,0.029840875
24211,0.014677534
24411,0.011300787
24511,0.018636765
24611,0.012413458
24711,0.0033532705
25311,0.17599204
25411,0.010613386
25811,0.0015477748
26011,0.016128337
26111,0.009147541
26211,0.022578357
26311,0.0020313666
26411,0.00040984555
26611,0.013761869
26711,0.0069810534
26811,0.031120444
26911,0.040669996
27011,0.024773328
27311,0.029135065
27411,0.39765495
27511,0.040238336
27911,0.070168026
28011,0.038972337
28111,0.006602154
28311,0.009221573
28411,0.01063591
29011,0.006455813
29111,0.008519971
29311,0.003629259
29611,0.017997423
29711,0.0103458315
29811,0.01849078
29911,0.053847726
30011,0.0025182615
30111,0.0045712944
30311,0.13783485
30411,0.0044042207
30711,0.0072909547
30811,0.04157569
31111,0.0095377145
31211,0.0033575268
31611,0.04303329
31711,0.006833039
31811,0.03883906
31911,0.04379997
32011,0.06003222
32111,0.13036288
32811,0.019416632
33011,0.051862095
33111,0.31893528
33511,0.043543242
33711,0.004314423
33811,0.02612398
33911,0.015363153
34011,0.009740408
34211,0.0016834993
34311,0.002951123
34411,0.019147685
34511,0.007170798
34611,0.012375329
34811,0.0022185824
35011,0.011883235
35211,0.017739616
35311,0.00430602
35511,0.005562013
35611,0.0011741763
35711,0.0034558384
35911,0.045902476
36011,0.00579684
36111,0.060699884
36611,0.026514074
37211,0.008989065
37411,0.00950817
37511,0.0067131016
37611,0.0032046617
37711,0.028560601
38111,0.019661494
38211,0.016829506
38311,0.002849215
38411,0.0022034494
38611,0.10609674
38811,0.017921176
39111,0.0072043194
39211,0.007197593
39311,0.038925253
39411,0.02217597
39611,0.006054455
39711,0.10947374
39911,0.01793346
40011,0.0056541865
40211,0.02968475
40511,0.03593154
40611,0.003426468
41811,0.07195699
42011,0.0051932014
42711,0.015775377
42911,0.03175299
43611,0.09864393
44211,0.019793754
44511,0.04211001
44711,0.10386481
44911,0.008027726
45211,0.0010207326
45311,0.008854181
45511,0.037256137
45611,0.0023571057
46111,0.010686031
46311,0.010337514
46511,0.0021428324
46911,0.01282359
47011,0.03841385
47111,0.0024856788
47211,0.030095335
47311,0.01494815
47611,0.011463316
47711,0.021458859
47811,0.005400674
47911,0.0033231967
48211,0.044309206
48611,0.0336419
48711,0.43645102
49111,0.010451541
49211,0.01923521
49611,0.05410706
49711,0.16231215
49911,0.021178288
50111,0.07589633
50311,0.008510892
50411,0.064322636
50611,0.0044765254
50811,0.027249074
50911,0.0038952308
51011,0.008496938
51211,0.0020625982
51611,0.017180802
51811,0.012733389
52011,0.0052782805
52111,0.08300089
52511,0.05142215
52611,0.00088238367
52711,0.00044888922
53211,0.0061433846
53311,0.028019026
53411,0.020591363
53611,0.09808548
53911,0.005360159
54111,0.0038218296
54211,0.002177996
54311,0.008591989
54411,0.012445162
54611,0.12994887
55011,0.095160134
55211,0.0021562867
55411,0.020317843
55511,0.03312012
55611,0.015189208
56211,0.086713515
56511,0.01232488
56711,0.028914383
56811,0.044787254
57011,0.0020346188
57111,0.0071239537
57211,0.009735605
57311,0.0375937
57511,0.005654881
57911,0.007987333
58011,0.0013800719
58211,0.024102317
58311,0.0061169663
58511,0.0017122937
58911,0.04843605
59111,0.015339307
59211,0.01591408
59511,0.010369931
59611,0.018817002
59811,0.1248136
59911,0.15600428
60411,0.008285582
60511,0.043815106
60811,0.026493981
61111,0.027576847
61311,0.0074185906
61411,0.0035901545
61711,0.028213475
62111,0.0050862967
62411,0.006404921
62711,0.0020139876
62811,0.016186338
63511,0.038180783
63611,0.017813014
63711,0.13019629
63811,0.04544203
63911,0.0064249886
64311,0.0074829007
64411,0.027799224
12,0.005143464
112,0.034070306
412,0.028384801
612,0.01688802
712,0.045228682
1012,0.0020393892
1212,0.0013952422
1712,0.014630336
2212,0.0014357864
2712,0.0025886977
2812,0.0031039102
2912,0.0042506047
3012,0.0034337628
3112,0.028179828
3212,0.013001906
3312,0.03351274
3412,0.0042026597
3712,0.011933402
4012,0.0006521355
4112,0.09488072
4212,0.02188761
4412,0.017488623
4712,0.0007762226
4812,0.07074299
4912,0.0014268836
5112,0.010204562
5212,0.06256372
5712,0.047914248
5912,0.02733277
6212,0.009930142
6312,0.0612684
6512,0.034273382
6612,0.03453254
6812,0.06708743
6912,0.10072428
7012,0.010956456
7212,0.05773128
7412,0.011800552
7512,0.007958487
7712,0.003101741
7912,0.018248834
8112,0.0043073436
8212,0.012080668
8312,0.026386391
8412,0.024065288
8512,0.0039702323
8612,0.048424575
8712,0.0063666934
8912,0.013188757
9012,0.005256771
9212,0.01877714
9512,0.041876443
9812,0.0059591224
9912,0.0058078864
10112,0.015654799
10412,0.015991433
10512,0.026685063
10612,0.020306185
10712,0.020307148
10912,0.01901172
11212,0.0027536668
11312,0.024171665
11712,0.05690171
11912,0.03467348
12112,0.010357322
12412,0.003959272
12712,0.011159139
12912,0.0028217104
13012,0.010301978
13412,0.07545306
13512,0.057404634
13612,0.0066472483
13712,0.08869442
13912,0.011780106
14312,0.033450857
14412,0.002510917
15412,0.010098991
15612,0.041239522
15712,0.0025803668
15812,0.0060977917
15912,0.010308648
16112,0.017144969
16212,0.06296392
16312,0.025519675
16412,0.035343263
16512,0.008823353
16612,0.0028004819
17012,0.04253239
17112,0.014555368
17212,0.015227318
17312,0.002311022
17412,0.023631785
17612,0.004251289
17712,0.0070332494
17912,0.018866567
18012,0.002959494
18112,0.0055909795
18212,0.0028223684
18412,0.00282117
18512,0.0016492957
18712,0.008194931
18812,0.002692402
19112,0.008444343
19512,0.0031182729
19612,0.017268958
19712,0.010106528
19812,0.02463472
20712,0.079762295
20812,0.015203139
20912,0.006837011
21112,0.015972782
21212,0.038182672
21412,0.018022295
21812,0.025085505
22012,0.016789194
22312,0.008208011
22412,0.05528387
22512,0.06218917
22612,0.019233309
22912,0.21774481
23012,0.026349148
23212,0.017150212
23312,0.014759855
23612,0.029434728
23712,0.027460018
23812,0.0057888962
23912,0.001929674
24112,0.012030377
24212,0.02615629
24412,0.020772845
24512,0.022375336
24612,0.025164718
24712,0.0054846406
25312,0.022058254
25412,0.025567576
25812,0.0015116446
26012,0.012542536
26112,0.011709446
26212,0.020480307
26312,0.014658174
26412,0.0006727344
26612,0.03155043
26712,0.011209562
26812,0.002729226
26912,0.005042063
27012,0.028764926
27312,0.04789245
27412,0.017170804
27512,0.041324876
27912,0.003367887
28012,0.008345177
28112,0.0056309933
28312,0.005577345
28412,0.09051367
29012,0.0032612658
29112,0.020033974
29312,0.023647375
29612,0.043238107
29712,0.05254215
29812,0.008451269
29912,0.04122455
30012,0.049945377
30112,0.010748
30312,0.015533479
30412,0.026842488
30712,0.011862306
30812,0.010516781
31112,0.0024583233
31212,0.01993598
31612,0.03300756
31712,0.0071482663
31812,0.021000642
31912,0.09016581
32012,0.017495433
32112,0.051789634
32812,0.011260367
33012,0.0077117025
33112,0.029577775
33512,0.0057329
33712,0.0042146826
33812,0.008303492
33912,0.005861741
34012,0.0029736909
34212,0.007872236
34312,0.0016052232
34412,0.0017433787
34512,0.0059645995
34612,0.0036467423
34812,0.004734068
35012,0.006777543
35212,0.08873826
35312,0.0048088604
35512,0.0025525999
35612,0.0011807657
35712,0.0072389934
35912,0.0067435275
36012,0.009084241
36112,0.025414716
36612,0.012998017
37212,0.19167402
37412,0.014206175
37512,0.0117370775
37612,0.004074006
37712,0.014794025
38112,0.08873118
38212,0.015198157
38312,0.04241069
38412,0.008262092
38612,0.01620485
38812,0.013592966
39112,0.05267333
39212,0.21121061
39312,0.015779698
39412,0.042402904
39612,0.0031293356
39712,0.041853882
39912,0.011925427
40012,0.008500824
40212,0.0045103715
40512,0.038828466
40612,0.0065833842
41812,0.008606051
42012,0.005518537
42712,0.02149964
42912,0.023181845
43612,0.03698005
44212,0.0071413442
44512,0.0057348567
44712,0.041387636
44912,0.052060314
45212,0.00029338003
45312,0.019417755
45512,0.010936343
45612,0.039338183
46112,0.0410412
46312,0.21173094
46512,0.0036580646
46912,0.012072386
47012,0.004640241
47112,0.002098261
47212,0.004393911
47312,0.012684178
47612,0.0127082225
47712,0.008776514
47812,0.0058572413
47912,0.009849542
48212,0.017047105
48612,0.0022160884
48712,0.008436902
49112,0.0015150021
49212,0.064158104
49612,0.02305185
49712,0.0022613835
49912,0.007154263
50112,0.037678055
50312,0.0064112484
50412,0.0019960075
50612,0.027594103
50812,0.008475841
50912,0.0022797233
51012,0.0054432414
51212,0.014322066
51612,0.07868485
51812,0.0072419983
52012,0.0046949154
52112,0.021531943
52512,0.034622807
52612,0.0031207532
52712,0.00065354403
53212,0.006700017
53312,0.016602607
53412,0.11392356
53612,0.019248111
53912,0.006115589
54112,0.003999258
54212,0.030748425
54312,0.033412643
54412,0.075654835
54612,0.04463495
55012,0.063941024
55212,0.005065337
55412,0.017021002
55512,0.0095785875
55612,0.008255449
56212,0.022157451
56512,0.024393257
56712,0.012472566
56812,0.031754512
57012,0.0014143913
57112,0.0051725283
57212,0.0066019963
57312,0.021296205
57512,0.00508086
57912,0.036021095
58012,0.0031972642
58212,0.008201553
58312,0.01785441
58512,0.0033388825
58912,0.026619632
59112,0.009272725
59212,0.004724111
59512,0.0038604813
59612,0.0039167553
59812,0.011629711
59912,0.02607187
60412,0.0008600238
60512,0.009631187
60812,0.041644994
61112,0.011197237
61312,0.027541239
61412,0.004496741
61712,0.024280822
62112,0.0101004625
62412,0.0387953
62712,0.044313047
62812,0.015108935
63512,0.01529784
63612,0.058636956
63712,0.022145374
63812,0.023047881
63912,0.00703826
64312,0.008719079
64412,0.008109678
13,0.006898727
113,0.010379862
413,0.0053434977
613,0.004488568
713,0.0068123415
1013,0.003849282
1213,0.0013502366
1713,0.035479885
2213,0.0007727101
2713,0.0004019752
2813,0.0044910265
2913,0.0061968323
3013,0.006928514
3113,0.0023987177
3213,0.013043576
3313,0.01267007
3413,0.001306238
3713,0.07408598
4013,0.0057766032
4113,0.00063059706
4213,0.0017973885
4413,0.0029602281
4713,0.005719507
4813,0.016310282
4913,0.0016145158
5113,0.0025605317
5213,0.004893608
5713,0.004074159
5913,0.010254007
6213,0.0045264023
6313,0.0026513722
6513,0.0074453047
6613,0.026327541
6813,0.021496974
6913,0.0007589293
7013,0.0007957927
7213,0.0003707082
7413,0.0014494592
7513,0.034535952
7713,0.0010550073
7913,0.0016182667
8113,0.0063207247
8213,0.0031910334
8313,0.0043281517
8413,0.014975459
8513,0.0020727902
8613,0.0028449532
8713,0.0047014477
8913,0.0032511714
9013,0.0018614383
9213,0.0009230342
9513,0.051228683
9813,0.026644055
9913,0.014177278
10113,0.017357353
10413,0.0034647675
10513,0.0028102624
10613,0.022304002
10713,0.0026220751
10913,0.0034935602
11213,0.0020603086
11313,0.0016288325
11713,0.0027599481
11913,0.004507805
12113,0.011429912
12413,0.007212237
12713,0.0014912111
12913,0.00053519773
13013,0.0034640448
13413,0.0067978757
13513,0.0198371
13613,0.005182205
13713,0.013642573
13913,0.0012129496
14313,0.049765132
14413,0.0041243862
15413,0.006433989
15613,0.004763087
15713,0.00055232795
15813,0.0015311473
15913,0.0016705561
16113,0.0084643215
16213,0.003659493
16313,0.0022270677
16413,0.007811662
16513,0.0017435489
16613,0.0020660853
17013,0.0020740554
17113,0.0023474186
17213,0.018944262
17313,0.0018123633
17413,0.0057732332
17613,0.003728028
17713,0.021185579
17913,0.015978487
18013,0.0074603567
18113,0.0010883542
18213,0.000556516
18413,0.0006394121
18513,0.002960513
18713,0.00050743046
18813,0.0020265419
19113,0.1524707
19513,0.01174592
19613,0.002621249
19713,0.2145853
19813,0.0023529767
20713,0.0058332467
20813,0.0148381675
20913,0.004252563
21113,0.003800004
21213,0.0014269344
21413,0.004490401
21813,0.007773026
22013,0.062298585
22313,0.002909944
22413,0.007917215
22513,0.005838988
22613,0.0066450443
22913,0.00048973504
23013,0.0003510662
23213,0.001971812
23313,0.0029641741
23613,0.0056072334
23713,0.0028201528
23813,0.0036437886
23913,0.00044282235
24113,0.0033513468
24213,0.0085343085
24413,0.00057577837
24513,0.0015251829
24613,0.00031371444
24713,0.003383192
25313,0.008360636
25413,0.002881506
25813,0.0026789352
26013,0.12150944
26113,0.0054704645
26213,0.009117525
26313,0.00060350006
26413,0.00019188404
26613,0.0068660495
26713,0.0021453619
26813,0.0014135016
26913,0.0016786453
27013,0.010303705
27313,0.042367276
27413,0.0053833555
27513,0.0014229113
27913,0.0023261835
28013,0.0014668325
28113,0.0041551497
28313,0.009862161
28413,0.0079909265
29013,0.0015870042
29113,0.020668842
29313,0.0033582817
29613,0.011278743
29713,0.07192434
29813,0.011594822
29913,0.07603831
30013,0.0031056427
30113,0.012395093
30313,0.015495739
30413,0.006654478
30713,0.0048543853
30813,0.004271121
31113,0.0020990889
31213,0.003179843
31613,0.0062041543
31713,0.015331352
31813,0.008442727
31913,0.012753523
32013,0.07383317
32113,0.042490922
32813,0.0029391365
33013,0.0118730655
33113,0.012019841
33513,0.004814975
33713,0.0018849875
33813,0.024797197
33913,0.0007724367
34013,0.0004997825
34213,0.00067369355
34313,0.002125366
34413,0.00057030784
34513,0.0013118197
34613,0.004383457
34813,0.0005700993
35013,0.002071397
35213,0.001214879
35313,0.006343087
35513,0.007881119
35613,0.0038554214
35713,0.32137424
35913,0.0067144684
36013,0.017940782
36113,0.01663126
36613,0.14411844
37213,0.0029797603
37413,0.0026081952
37513,0.0015649006
37613,0.0015851824
37713,0.0025522162
38113,0.011543364
38213,0.037124615
38313,0.0029544563
38413,0.00058521645
38613,0.012398207
38813,0.10353295
39113,0.002099841
39213,0.0005228578
39313,0.003998011
39413,0.0017739971
39613,0.00039270692
39713,0.066464804
39913,0.003681346
40013,0.001660052
40213,0.010191578
40513,0.0029193354
40613,0.0036593322
41813,0.047415573
42013,0.02489439
42713,0.0036983646
42913,0.024697417
43613,0.0056312853
44213,0.009908801
44513,0.001850697
44713,0.008885243
44913,0.04339405
45213,0.00011964004
45313,0.0025730368
45513,0.0019193011
45613,0.00495591
46113,0.31458345
46313,0.037099034
46513,0.0019493442
46913,0.003659021
47013,0.00051383657
47113,0.0021644954
47213,0.0032391348
47313,0.00271972
47613,0.009105243
47713,0.0023305046
47813,0.0010185597
47913,0.0011931059
48213,0.009265336
48613,0.006340592
48713,0.0026316228
49113,0.009606361
49213,0.01168972
49613,0.0025972705
49713,0.0012957159
49913,0.0060658585
50113,0.016602404
50313,0.001388827
50413,0.0006432192
50613,0.0012815513
50813,0.00059748814
50913,0.0026768106
51013,0.0066997088
51213,0.000611327
51613,0.0010163063
51813,0.0020244506
52013,0.004765908
52113,0.004478588
52513,0.0028150002
52613,0.001022733
52713,0.00059382676
53213,0.0038453043
53313,0.005814821
53413,0.006232409
53613,0.049994163
53913,0.019653687
54113,0.0034348033
54213,0.0034217862
54313,0.0043649995
54413,0.030132608
54613,0.18128867
55013,0.019785898
55213,0.0010882155
55413,0.0003963522
55513,0.013876317
55613,0.0021183526
56213,0.007661388
56513,0.0046549975
56713,0.0030170933
56813,0.0036396373
57013,0.0017670991
57113,0.0026760995
57213,0.0036324058
57313,0.0022982326
57513,0.018465506
57913,0.019428495
58013,0.0033916046
58213,0.0043208315
58313,0.0006024645
58513,0.001903593
58913,0.011207326
59113,0.006008007
59213,0.0035793248
59513,0.0017614885
59613,0.007661716
59813,0.0052741193
59913,0.013014203
60413,0.0038647777
60513,0.0023707272
60813,0.0075341226
61113,0.029990885
61313,0.013028864
61413,0.003262871
61713,0.2501254
62113,0.0019195636
62413,0.008745248
62713,0.0019446714
62813,0.03275188
63513,0.01556966
63613,0.0072969957
63713,0.006888941
63813,0.0145676695
63913,0.0012476017
64313,0.0028461185
64413,0.0037543047
14,0.05083861
114,0.039943356
414,0.010651612
614,0.07256506
714,0.030160315
1014,0.037979893
1214,0.0075534545
1714,0.19525437
2214,0.008137518
2714,0.0023690688
2814,0.012559384
2914,0.021337207
3014,0.014327598
3114,0.009704945
3214,0.024631668
3314,0.010692506
3414,0.0034818386
3714,0.044137374
4014,0.0036839494
4114,0.0014845215
4214,0.017683957
4414,0.01432215
4714,0.002821586
4814,0.028734494
4914,0.0069449064
5114,0.010706483
5214,0.038123354
5714,0.015391219
5914,0.0224329
6214,0.031967252
6314,0.005916945
6514,0.03541473
6614,0.062231764
6814,0.044404615
6914,0.004269764
7014,0.007935472
7214,0.0034867986
7414,0.002023718
7514,0.005205087
7714,0.0035112188
7914,0.0063543534
8114,0.027922867
8214,0.0078002303
8314,0.02122806
8414,0.02846441
8514,0.024706954
8614,0.019527026
8714,0.24986507
8914,0.09649173
9014,0.040029146
9214,0.0054537836
9514,0.041488145
9814,0.056630556
9914,0.09308834
10114,0.029325578
10414,0.0073764413
10514,0.014346033
10614,0.013553588
10714,0.0015296458
10914,0.07129685
11214,0.025353706
11314,0.007098603
11714,0.011577232
11914,0.018783463
12114,0.017809313
12414,0.05742008
12714,0.038234696
12914,0.005313629
13014,0.0056952126
13414,0.011324852
13514,0.055190373
13614,0.017251367
13714,0.144718
13914,0.0036540143
14314,0.11611184
14414,0.18408462
15414,0.03251906
15614,0.013332285
15714,0.0052600643
15814,0.008019681
15914,0.023631746
16114,0.027313327
16214,0.008246035
16314,0.012376538
16414,0.044215698
16514,0.0035877477
16614,0.020689681
17014,0.009315932
17114,0.0053638895
17214,0.01252184
17314,0.00992148
17414,0.020269275
17614,0.021149786
17714,0.13215351
17914,0.016065314
18014,0.07563662
18114,0.0040336023
18214,0.0038448083
18414,0.0039994083
18514,0.041127075
18714,0.0025720524
18814,0.0031181548
19114,0.17924376
19514,0.035568748
19614,0.0037162134
19714,0.2143378
19814,0.0045039062
20714,0.044572804
20814,0.0124924155
20914,0.018028941
21114,0.055512723
21214,0.0040004556
21414,0.034079604
21814,0.13280995
22014,0.4272251
22314,0.0019034058
22414,0.041155815
22514,0.05375994
22614,0.010429086
22914,0.0035190794
23014,0.0015973917
23214,0.003153881
23314,0.009165601
23614,0.04179436
23714,0.015554875
23814,0.01806105
23914,0.0018850772
24114,0.012221021
24214,0.051603295
24414,0.0035081734
24514,0.010226936
24614,0.0025898307
24714,0.14424951
25314,0.022977164
25414,0.0037220812
25814,0.18627433
26014,0.17981261
26114,0.026331171
26214,0.01790271
26314,0.0028142885
26414,0.001058801
26614,0.03550647
26714,0.01809709
26814,0.01846124
26914,0.006331991
27014,0.042902473
27314,0.060512137
27414,0.018039947
27514,0.006155565
27914,0.020450868
28014,0.006527839
28114,0.14733511
28314,0.009755726
28414,0.027661063
29014,0.043599397
29114,0.034153193
29314,0.03462484
29614,0.032457355
29714,0.07162604
29814,0.02974136
29914,0.37366462
30014,0.060132317
30114,0.07814902
30314,0.13935077
30414,0.03517073
30714,0.15645485
30814,0.028194312
31114,0.028180474
31214,0.0064340136
31614,0.050813824
31714,0.05897875
31814,0.033889193
31914,0.020323198
32014,0.14471123
32114,0.09463136
32814,0.028319288
33014,0.014267726
33114,0.015105668
33514,0.043019935
33714,0.01899297
33814,0.1088148
33914,0.0066646053
34014,0.0063915895
34214,0.002224456
34314,0.04172593
34414,0.005545269
34514,0.022898372
34614,0.012187288
34814,0.0029796707
35014,0.0069052856
35214,0.006474138
35314,0.110469855
35514,0.017093744
35614,0.006319843
35714,0.33189118
35914,0.014887396
36014,0.117076255
36114,0.024940368
36614,0.03177465
37214,0.0023854238
37414,0.014408796
37514,0.006863047
37614,0.016488466
37714,0.029181136
38114,0.08636372
38214,0.34574875
38314,0.038230747
38414,0.008287432
38614,0.026888633
38814,0.2458179
39114,0.041516557
39214,0.0029089337
39314,0.028522156
39414,0.007164579
39614,0.0012877777
39714,0.029847031
39914,0.012498401
40014,0.007832841
40214,0.024179354
40514,0.0072180536
40614,0.020896679
41814,0.105391875
42014,0.074405365
42714,0.107238464
42914,0.01747391
43614,0.027251776
44214,0.023482235
44514,0.008413117
44714,0.029461985
44914,0.08382314
45214,0.00413135
45314,0.0019143319
45514,0.020294806
45614,0.020681312
46114,0.28517252
46314,0.042869054
46514,0.087238885
46914,0.0058487807
47014,0.0047006574
47114,0.27337795
47214,0.02464521
47314,0.02146411
47614,0.011113401
47714,0.03166638
47814,0.0040159477
47914,0.021604994
48214,0.019938251
48614,0.036632493
48714,0.0055303746
49114,0.015253609
49214,0.044167
49614,0.0029709989
49714,0.009688319
49914,0.13406764
50114,0.043686703
50314,0.007917703
50414,0.005258213
50614,0.0057300176
50814,0.0065768836
50914,0.042772356
51014,0.044520315
51214,0.0030083642
51614,0.008081047
51814,0.011851501
52014,0.006348447
52114,0.013186581
52514,0.016180646
52614,0.0091658905
52714,0.00083970954
53214,0.006250927
53314,0.034624115
53414,0.01428601
53614,0.067110576
53914,0.019801749
54114,0.12444826
54214,0.028129518
54314,0.03700019
54414,0.042141426
54614,0.16631624
55014,0.027636753
55214,0.009643952
55414,0.0028931121
55514,0.088354126
55614,0.005111561
56214,0.01655455
56514,0.03455332
56714,0.017373279
56814,0.012135205
57014,0.061505333
57114,0.04218261
57214,0.0041744905
57314,0.0035701948
57514,0.03239772
57914,0.0563312
58014,0.006818365
58214,0.06433523
58314,0.001595776
58514,0.0033572677
58914,0.01570041
59114,0.087311074
59214,0.048190475
59514,0.03889026
59614,0.018379046
59814,0.033841696
59914,0.02103965
60414,0.14291146
60514,0.01421779
60814,0.028372388
61114,0.0406036
61314,0.17278832
61414,0.021647071
61714,0.34381318
62114,0.02236608
62414,0.09707734
62714,0.015983496
62814,0.102934584
63514,0.044523913
63614,0.106239386
63714,0.04495947
63814,0.06656286
63914,0.020645045
64314,0.007809585
64414,0.0067050857
15,0.045607097
115,0.06323592
415,0.01034514
615,0.027291758
715,0.041602038
1015,0.014423394
1215,0.0022081656
1715,0.024263943
2215,0.00057351514
2715,0.0016371638
2815,0.07506659
2915,0.015128096
3015,0.036615435
3115,0.018701255
3215,0.018280735
3315,0.012765098
3415,0.0015593643
3715,0.046767533
4015,0.003812409
4115,0.0053383633
4215,0.042058386
4415,0.009322903
4715,0.0037766986
4815,0.014872607
4915,0.17347981
5115,0.01567535
5215,0.013796008
5715,0.0130528025
5915,0.021410344
6215,0.04011508
6315,0.14689635
6515,0.012980378
6615,0.028322222
6815,0.022902329
6915,0.021874286
7015,0.0023881602
7215,0.0071505983
7415,0.39399797
7515,0.0031744558
7715,0.004225802
7915,0.04291117
8115,0.007385797
8215,0.019229645
8315,0.032041073
8415,0.026365846
8515,0.003385004
8615,0.012705843
8715,0.0068912036
8915,0.004455279
9015,0.011085417
9215,0.014269414
9515,0.025412895
9815,0.03366804
9915,0.011088789
10115,0.08264431
10415,0.050573062
10515,0.05397092
10615,0.036283996
10715,0.34982532
10915,0.017186971
11215,0.0162268
11315,0.00473842
11715,0.010924502
11915,0.03669925
12115,0.048445158
12415,0.028987987
12715,0.023438856
12915,0.006293338
13015,0.18737228
13415,0.068977594
13515,0.014270414
13615,0.09407472
13715,0.01840772
13915,0.28867754
14315,0.011921096
14415,0.0061639296
15415,0.061930455
15615,0.02500811
15715,0.01507505
15815,0.0017364357
15915,0.0031626937
16115,0.01863637
16215,0.11255266
16315,0.09389216
16415,0.047118567
16515,0.0011898575
16615,0.024445685
17015,0.013085022
17115,0.030192949
17215,0.020357212
17315,0.012807418
17415,0.006403842
17615,0.06984464
17715,0.02240343
17915,0.020964907
18015,0.03304557
18115,0.0030006692
18215,0.000824881
18415,0.00022896206
18515,0.002396541
18715,0.023748832
18815,0.0065990626
19115,0.026561594
19515,0.009183946
19615,0.0040870435
19715,0.019918194
19815,0.04937229
20715,0.004995468
20815,0.107565284
20915,0.03274613
21115,0.043753497
21215,0.029450359
21415,0.00694605
21815,0.017458726
22015,0.012449018
22315,0.51089084
22415,0.037325427
22515,0.008852218
22615,0.07667436
22915,0.0058137258
23015,0.0008453437
23215,0.40038618
23315,0.22249
23615,0.015808353
23715,0.03701742
23815,0.0023539935
23915,0.0032180822
24115,0.013042282
24215,0.021689098
24415,0.008417195
24515,0.0066327956
24615,0.0061712884
24715,0.008507907
25315,0.017778894
25415,0.36433986
25815,0.0045662103
26015,0.029659806
26115,0.009460128
26215,0.026619103
26315,0.013183815
26415,0.008093318
26615,0.033061195
26715,0.068019375
26815,0.014759298
26915,0.029604316
27015,0.018625611
27315,0.048446573
27415,0.019336829
27515,0.019619737
27915,0.010321324
28015,0.13894929
28115,0.0116501795
28315,0.04985856
28415,0.014781423
29015,0.065666355
29115,0.03659801
29315,0.031641327
29615,0.05711807
29715,0.0069532674
29815,0.079954885
29915,0.015688896
30015,0.007715226
30115,0.013009714
30315,0.010634352
30415,0.008851822
30715,0.017208353
30815,0.012524625
31115,0.059393894
31215,0.019549884
31615,0.018499136
31715,0.0370811
31815,0.08438543
31915,0.018935543
32015,0.010195169
32115,0.11178062
32815,0.013204642
33015,0.0053662076
33115,0.013722986
33515,0.0607906
33715,0.026509691
33815,0.01649476
33915,0.0015710756
34015,0.00094192557
34215,0.00034808792
34315,0.001532245
34415,0.0009910577
34515,0.002385221
34615,0.013287174
34815,0.00014200667
35015,0.0050529423
35215,0.0064395075
35315,0.017838173
35515,0.008500312
35615,0.012963154
35715,0.005716996
35915,0.014639612
36015,0.020178393
36115,0.038887195
36615,0.0043787975
37215,0.0038696714
37415,0.041563265
37515,0.022254465
37615,0.006424855
37715,0.014387776
38115,0.024322208
38215,0.012751775
38315,0.014390692
38415,0.006374105
38615,0.0062338207
38815,0.013129005
39115,0.006112361
39215,0.004491157
39315,0.03106077
39415,0.011536727
39615,0.5147656
39715,0.00064454693
39915,0.0017612998
40015,0.009013126
40215,0.024418186
40515,0.0071475497
40615,0.008321487
41815,0.017926326
42015,0.010516434
42715,0.008216944
42915,0.03973733
43615,0.067301266
44215,0.014916981
44515,0.04254094
44715,0.04188985
44915,0.013933753
45215,0.008905799
45315,0.41375843
45515,0.07842377
45615,0.03574795
46115,0.008298424
46315,0.025760781
46515,0.008248594
46915,0.0036191128
47015,0.019484153
47115,0.007226376
47215,0.049006294
47315,0.0277898
47615,0.009679066
47715,0.027106903
47815,0.046856593
47915,0.0033991518
48215,0.020856155
48615,0.016712854
48715,0.0008903328
49115,0.029280948
49215,0.024610363
49615,0.026060246
49715,0.0052698017
49915,0.020921491
50115,0.06918807
50315,0.0010528133
50415,0.007502774
50615,0.0015439248
50815,0.005716854
50915,0.0016048959
51015,0.011857293
51215,0.00051332754
51615,0.018808369
51815,0.030936204
52015,0.007921185
52115,0.10174671
52515,0.046160925
52615,0.008918068
52715,5.206161e-05
53215,0.08582913
53315,0.037034325
53415,0.011957451
53615,0.010245585
53915,0.0058422107
54115,0.03803173
54215,0.013846821
54315,0.0089652445
54415,0.04809066
54615,0.010004087
55015,0.055348076
55215,0.002898633
55415,0.008399163
55515,0.025508199
55615,0.3326896
56215,0.06578802
56515,0.018346347
56715,0.011944637
56815,0.016598834
57015,0.0010156155
57115,0.0076239086
57215,0.02525799
57315,0.0037497159
57515,0.016958844
57915,0.042994086
58015,0.025782764
58215,0.011715453
58315,0.123193845
58515,0.039525177
58915,0.20768079
59115,0.013399677
59215,0.01327116
59515,0.0026295632
59615,0.03797424
59815,0.027934674
59915,0.008973729
60415,0.0037723028
60515,0.06509493
60815,0.038940538
61115,0.04573056
61315,0.018225886
61415,0.011418589
61715,0.012867144
62115,0.018223394
62415,0.019806094
62715,0.01321902
62815,0.019729858
63515,0.06476193
63615,0.013784239
63715,0.01461838
63815,0.016093899
63915,0.001979085
64315,0.03151991
64415,0.0075482484
16,0.0060824268
116,0.00668907
416,0.0022777917
616,0.0069685117
716,0.019956648
1016,0.0021514716
1216,0.00080352044
1716,0.010885965
2216,0.00049437647
2716,0.00024367918
2816,0.0125644915
2916,0.022466717
3016,0.005804381
3116,0.0019075746
3216,0.005613773
3316,0.0050100693
3416,0.00075097766
3716,0.10454811
4016,0.0006008224
4116,0.0008338787
4216,0.0036474592
4416,0.004152726
4716,0.00056180335
4816,0.028227245
4916,0.0037154318
5116,0.0008949608
5216,0.008252315
5716,0.0048597604
5916,0.03084651
6216,0.0028514846
6316,0.0033481056
6516,0.007341216
6616,0.008921773
6816,0.021158185
6916,0.00078835717
7016,0.0009269245
7216,0.0004780605
7416,0.0028825689
7516,0.0017694619
7716,0.0008739552
7916,0.0028873992
8116,0.008410976
8216,0.0058457833
8316,0.0050755274
8416,0.006985118
8516,0.001720504
8616,0.0024123746
8716,0.0021621832
8916,0.0031432197
9016,0.0033359814
9216,0.002375811
9516,0.044475604
9816,0.023395048
9916,0.0227596
10116,0.024258785
10416,0.004803846
10516,0.003542002
10616,0.019775502
10716,0.0040322784
10916,0.0033545932
11216,0.0015259667
11316,0.001015098
11716,0.002110877
11916,0.016757227
12116,0.019785974
12416,0.0074328734
12716,0.002391144
12916,0.003024965
13016,0.0063422904
13416,0.011672296
13516,0.011471216
13616,0.00676951
13716,0.0056019365
13916,0.0016997672
14316,0.033290606
14416,0.0033857266
15416,0.01740702
15616,0.0055938703
15716,0.0027178782
15816,0.0007720881
15916,0.0010103371
16116,0.0070487265
16216,0.011257362
16316,0.001975004
16416,0.0045763035
16516,0.00026805644
16616,0.002823219
17016,0.004170771
17116,0.001762364
17216,0.0048451954
17316,0.001096856
17416,0.001969555
17616,0.0035679808
17716,0.03227345
17916,0.0051849973
18016,0.0024845619
18116,0.0007929397
18216,0.00024124609
18416,0.00028863165
18516,0.001426538
18716,0.00061292876
18816,0.0023639377
19116,0.07967251
19516,0.008140263
19616,0.0033891764
19716,0.045951318
19816,0.0060156286
20716,0.005129634
20816,0.014358717
20916,0.0028970966
21116,0.0051364484
21216,0.0026966687
21416,0.0070695416
21816,0.006141054
22016,0.011269711
22316,0.005226926
22416,0.009398253
22516,0.011230086
22616,0.011778485
22916,0.00033732856
23016,0.00024959672
23216,0.0032762224
23316,0.0031181637
23616,0.007982603
23716,0.0045698355
23816,0.0038043812
23916,0.0009403569
24116,0.005816763
24216,0.008394255
24416,0.0007137153
24516,0.0020740665
24616,0.00035562474
24716,0.003913514
25316,0.008171847
25416,0.006774788
25816,0.0029014165
26016,0.028909732
26116,0.011968055
26216,0.006633185
26316,0.0040063257
26416,0.0007368502
26616,0.009146458
26716,0.0042503006
26816,0.0007519808
26916,0.0013434932
27016,0.010387257
27316,0.11229232
27416,0.004954539
27516,0.0015463472
27916,0.0013116499
28016,0.0022874866
28116,0.0029086499
28316,0.005676998
28416,0.008873437
29016,0.0024380474
29116,0.009223246
29316,0.0061131795
29616,0.007175861
29716,0.019171536
29816,0.030942436
29916,0.012886857
30016,0.005322833
30116,0.015501252
30316,0.008506583
30416,0.013658671
30716,0.0062735397
30816,0.0034919532
31116,0.005236891
31216,0.012908958
31616,0.0041668257
31716,0.028031288
31816,0.011380272
31916,0.012401327
32016,0.016863246
32116,0.00969043
32816,0.00832843
33016,0.0013360069
33116,0.002036321
33516,0.0045328024
33716,0.0014633178
33816,0.0061111245
33916,0.0002250109
34016,0.00028538256
34216,0.00029382762
34316,0.0010094822
34416,0.00030436076
34516,0.000531384
34616,0.004224115
34816,0.00019598583
35016,0.007812958
35216,0.001296858
35316,0.0024248904
35516,0.01047574
35616,0.016739614
35716,0.042040423
35916,0.0027213458
36016,0.012208972
36116,0.035794992
36616,0.010303982
37216,0.00047351656
37416,0.00861094
37516,0.008189498
37616,0.0035132838
37716,0.005482195
38116,0.009990643
38216,0.017852297
38316,0.0047345315
38416,0.0027069077
38616,0.014129426
38816,0.06037349
39116,0.0024968535
39216,0.00032925163
39316,0.002865245
39416,0.0021234578
39616,0.0011898276
39716,0.001467378
39916,0.0011879026
40016,0.0036961827
40216,0.03304082
40516,0.001949467
40616,0.006728892
41816,0.037395284
42016,0.009797464
42716,0.004462528
42916,0.019280773
43616,0.006709791
44216,0.0037581474
44516,0.0027215616
44716,0.008391086
44916,0.029934192
45216,0.0004659421
45316,0.004304869
45516,0.0033742979
45616,0.00565271
46116,0.030001279
46316,0.026270565
46516,0.0021357783
46916,0.0017982203
47016,0.00041644188
47116,0.0014022585
47216,0.0022945162
47316,0.0046586003
47616,0.014480044
47716,0.006432533
47816,0.004110803
47916,0.0010719311
48216,0.0065998803
48616,0.0024397254
48716,0.0002981125
49116,0.006694742
49216,0.028836621
49616,0.0026322443
49716,0.001000035
49916,0.0029648691
50116,0.009975641
50316,0.00076253567
50416,0.0005736481
50616,0.000777424
50816,0.00048115122
50916,0.0010758201
51016,0.0068201898
51216,0.0003055978
51616,0.0011453616
51816,0.0026318363
52016,0.0016803921
52116,0.0074530616
52516,0.0032798827
52616,0.0044344207
52716,5.777723e-05
53216,0.035372727
53316,0.004997093
53416,0.0017078127
53616,0.06158308
53916,0.0047101886
54116,0.0031265398
54216,0.0103855245
54316,0.011056073
54416,0.038952153
54616,0.03711058
55016,0.018063178
55216,0.0020604688
55416,0.00040780453
55516,0.011215732
55616,0.0040686685
56216,0.013652535
56516,0.010034003
56716,0.0019402115
56816,0.0028062458
57016,0.0011226342
57116,0.0035046474
57216,0.0046712076
57316,0.0010087527
57516,0.00897809
57916,0.003914228
58016,0.0077828085
58216,0.0030096092
58316,0.0015603121
58516,0.024478188
58916,0.011028981
59116,0.008032018
59216,0.0019879818
59516,0.0010496929
59616,0.010127923
59816,0.0037278356
59916,0.008570327
60416,0.0013548117
60516,0.004766538
60816,0.014730062
61116,0.035200723
61316,0.009352501
61416,0.0054592853
61716,0.064825125
62116,0.0028961652
62416,0.008241679
62716,0.007982647
62816,0.017033594
63516,0.014127941
63616,0.004219242
63716,0.0046720295
63816,0.010345908
63916,0.000985686
64316,0.0045632278
64416,0.0019192997
17,0.0012543283
117,0.0015778554
417,0.004838881
617,0.010830021
717,0.009743278
1017,0.0036342924
1217,0.0012766817
1717,0.0067946673
2217,0.00032516458
2717,0.0064801
2817,0.00639507
2917,0.0017385298
3017,0.013541489
3117,0.012125179
3217,0.03599073
3317,0.042265277
3417,0.0004176244
3717,0.011531522
4017,0.0101491045
4117,0.018113608
4217,0.006992487
4417,0.0031342069
4717,0.0074021956
4817,0.013869545
4917,0.00623359
5117,0.38130063
5217,0.0050495113
5717,0.019313332
5917,0.009309222
6217,0.014748143
6317,0.022846995
6517,0.007884777
6617,0.010855457
6817,0.015628789
6917,0.02032262
7017,0.0046315542
7217,0.021953406
7417,0.0044497075
7517,0.002344173
7717,0.009167465
7917,0.029769968
8117,0.001690467
8217,0.0146403145
8317,0.014945983
8417,0.012717207
8517,0.002792137
8617,0.016988773
8717,0.0016826475
8917,0.0018223717
9017,0.002509365
9217,0.0680232
9517,0.0073867845
9817,0.017555295
9917,0.0038901488
10117,0.009798702
10417,0.016884604
10517,0.020462908
10617,0.010237905
10717,0.0048796437
10917,0.026159355
11217,0.0113866795
11317,0.0061189113
11717,0.017460369
11917,0.01363432
12117,0.002530364
12417,0.010422636
12717,0.0036693325
12917,0.0015007214
13017,0.007768855
13417,0.0068068625
13517,0.04446478
13617,0.01884316
13717,0.04192736
13917,0.012361185
14317,0.0091172075
14417,0.0007315796
15417,0.005812062
15617,0.044424243
15717,0.0020116568
15817,0.0012548278
15917,0.0043882946
16117,0.013447085
16217,0.00691916
16317,0.009028139
16417,0.0022542225
16517,0.000544172
16617,0.006955047
17017,0.023968302
17117,0.0048902663
17217,0.00802886
17317,0.004082421
17417,0.0022568896
17617,0.01811058
17717,0.0023357342
17917,0.051092684
18017,0.006588939
18117,0.004250512
18217,0.001492563
18417,9.337617e-05
18517,0.0030161156
18717,0.032682307
18817,0.0020105515
19117,0.005510435
19517,0.0020113143
19617,0.0035233658
19717,0.012653589
19817,0.03998061
20717,0.0029220693
20817,0.017250093
20917,0.0074819922
21117,0.011329944
21217,0.014384208
21417,0.026864557
21817,0.04519532
22017,0.010759793
22317,0.0071550556
22417,0.0061086062
22517,0.025223432
22617,0.011212674
22917,0.0075137755
23017,0.0017171858
23217,0.011398953
23317,0.027034882
23617,0.05817641
23717,0.0100945085
23817,0.0006758605
23917,0.0004518388
24117,0.008523896
24217,0.01048802
24417,0.029642481
24517,0.0098955445
24617,0.08490404
24717,0.001468938
25317,0.0051183505
25417,0.012593902
25817,0.0004463815
26017,0.013136264
26117,0.0035534736
26217,0.03675969
26317,0.017155046
26417,0.00035421617
26617,0.0039178594
26717,0.010595924
26817,0.01823101
26917,0.015794436
27017,0.019734412
27317,0.004444938
27417,0.005383566
27517,0.037092622
27917,0.0065785735
28017,0.024642115
28117,0.0017734565
28317,0.012280448
28417,0.028657472
29017,0.0071373386
29117,0.017875925
29317,0.0062377537
29617,0.010777491
29717,0.0068674013
29817,0.0130626615
29917,0.01791329
30017,0.005064075
30117,0.0032158627
30317,0.009608823
30417,0.009363669
30717,0.0025634782
30817,0.0052794092
31117,0.005167857
31217,0.0048241555
31617,0.007519783
31717,0.006924443
31817,0.014930941
31917,0.018877182
32017,0.005623288
32117,0.018274192
32817,0.0033098836
33017,0.005102104
33117,0.0039026006
33517,0.03500888
33717,0.024380969
33817,0.013047544
33917,0.0016805633
34017,0.00081848865
34217,0.00023994461
34317,0.0011484886
34417,0.001130274
34517,0.007140492
34617,0.020886501
34817,6.527452e-05
35017,0.0053296187
35217,0.04301683
35317,0.01310702
35517,0.0024501148
35617,0.0017621786
35717,0.004145699
35917,0.017378272
36017,0.009085471
36117,0.0070354426
36617,0.0049516307
37217,0.045937974
37417,0.009498529
37517,0.0033284074
37617,0.0030317262
37717,0.010665125
38117,0.021577967
38217,0.020779854
38317,0.006468496
38417,0.006314352
38617,0.0039484925
38817,0.011220758
39117,0.011861207
39217,0.005847089
39317,0.050344948
39417,0.019013463
39617,0.010615163
39717,0.02202139
39917,0.001326534
40017,0.0019626452
40217,0.002346973
40517,0.0068626083
40617,0.0041286834
41817,0.0061527756
42017,0.013274906
42717,0.0083978465
42917,0.012437732
43617,0.011820443
44217,0.007895068
44517,0.0119291805
44717,0.015165861
44917,0.02040215
45217,0.0009264266
45317,0.010824478
45517,0.009882698
45617,0.03160886
46117,0.008271816
46317,0.006535361
46517,0.00081565813
46917,0.0028350109
47017,0.04955227
47117,0.00043605408
47217,0.02259504
47317,0.009683482
47617,0.006343337
47717,0.0117826015
47817,0.015194666
47917,0.0023628024
48217,0.011996139
48617,0.010479383
48717,0.0005953546
49117,0.010623
49217,0.007950892
49617,0.0043970784
49717,0.009038974
49917,0.0035260776
50117,0.007901657
50317,0.00095056207
50417,0.016788384
50617,0.0017446807
50817,0.026623726
50917,0.0012663354
51017,0.015012641
51217,0.0007572838
51617,0.04159533
51817,0.005214434
52017,0.003963455
52117,0.023590852
52517,0.014935291
52617,0.0022939835
52717,1.525783e-05
53217,0.0054448913
53317,0.016469738
53417,0.20452121
53617,0.016200114
53917,0.00475043
54117,0.0028928192
54217,0.003653933
54317,0.006341411
54417,0.018712845
54617,0.013369786
55017,0.018638598
55217,0.0015544174
55417,0.075889885
55517,0.0111721745
55617,0.0027962844
56217,0.019153027
56517,0.014076808
56717,0.0057444265
56817,0.008512818
57017,0.00023238792
57117,0.0026925034
57217,0.0187166
57317,0.003258462
57517,0.019107124
57917,0.045962866
58017,0.007264739
58217,0.004321235
58317,0.08914473
58517,0.0021719902
58917,0.02725533
59117,0.005552822
59217,0.009255918
59517,0.00061514333
59617,0.011701204
59817,0.01973543
59917,0.008000489
60417,0.0024370223
60517,0.0118141435
60817,0.030809827
61117,0.019915855
61317,0.004352202
61417,0.002344823
61717,0.0053484025
62117,0.0067272778
62417,0.034101542
62717,0.008782278
62817,0.02605614
63517,0.014062997
63617,0.010588526
63717,0.03257329
63817,0.043140143
63917,0.0006706415
64317,0.006395229
64417,0.0035595743
18,0.010155727
118,0.0033823533
418,0.0075834054
618,0.0059489985
718,0.0049925884
1018,0.010834804
1218,0.0024918336
1718,0.018557118
2218,0.0007019802
2718,0.0029589606
2818,0.033220727
2918,0.004124759
3018,0.1048245
3118,0.0037880149
3218,0.18311015
3318,0.33863378
3418,0.00094688794
3718,0.024216408
4018,0.71356267
4118,0.0349167
4218,0.0019859052
4418,0.004338512
4718,0.7274042
4818,0.009938569
4918,0.010842339
5118,0.21498697
5218,0.0017224441
5718,0.035853736
5918,0.019208135
6218,0.006367362
6318,0.006943067
6518,0.0048268787
6618,0.036514483
6818,0.009143209
6918,0.003581962
7018,0.0026494656
7218,0.002970703
7418,0.004732738
7518,0.23802823
7718,0.00848349
7918,0.01314666
8118,0.018060483
8218,0.008231316
8318,0.0028488948
8418,0.015201964
8518,0.0026814293
8618,0.004154171
8718,0.0021682167
8918,0.0016504119
9018,0.0054727206
9218,0.012840604
9518,0.023889387
9818,0.044327073
9918,0.009819291
10118,0.0086648
10418,0.01588192
10518,0.011557589
10618,0.011581591
10718,0.0036522504
10918,0.008177355
11218,0.005032534
11318,0.0046984274
11718,0.004985803
11918,0.013507285
12118,0.01139252
12418,0.018516755
12718,0.0023442956
12918,0.0036155267
13018,0.00920297
13418,0.004470226
13518,0.034951434
13618,0.027949521
13718,0.009305232
13918,0.0044301176
14318,0.017013168
14418,0.0024795146
15418,0.008834864
15618,0.036894776
15718,0.0056300466
15818,0.0017200594
15918,0.0030615886
16118,0.009082875
16218,0.0022967898
16318,0.003235211
16418,0.0059074224
16518,0.0021389644
16618,0.0036469358
17018,0.0059015243
17118,0.00932543
17218,0.12435794
17318,0.009595767
17418,0.0030384106
17618,0.044146787
17718,0.0048508113
17918,0.30084512
18018,0.031132821
18118,0.0020638467
18218,0.0009239635
18418,0.00030224837
18518,0.005191355
18718,0.0038289477
18818,0.015689759
19118,0.03499552
19518,0.0056785583
19618,0.006311748
19718,0.045804933
19818,0.0040408266
20718,0.002650413
20818,0.058310706
20918,0.0078048953
21118,0.0033574183
21218,0.01875334
21418,0.0157984
21818,0.008847822
22018,0.009015784
22318,0.0068965033
22418,0.0030058222
22518,0.0068978136
22618,0.016240906
22918,0.0025894125
23018,0.0009680066
23218,0.0063777016
23318,0.008197923
23618,0.016935887
23718,0.005367563
23818,0.0027325298
23918,0.0010603302
24118,0.01206413
24218,0.004099795
24418,0.0054375515
24518,0.0035005566
24618,0.0067195664
24718,0.0028259126
25318,0.0058290716
25418,0.008443723
25818,0.0010694143
26018,0.03712837
26118,0.0057162237
26218,0.1156313
26318,0.013816178
26418,0.001856068
26618,0.0027526426
26718,0.0060302923
26818,0.004929281
26918,0.0043704216
27018,0.0051512765
27318,0.010230774
27418,0.0048104962
27518,0.00680914
27918,0.0040252707
28018,0.004713078
28118,0.0034318455
28318,0.080106236
28418,0.01664836
29018,0.0075552654
29118,0.07864775
29318,0.002749815
29618,0.0025721553
29718,0.041029386
29818,0.015024917
29918,0.013469237
30018,0.0017969266
30118,0.011211361
30318,0.0044680852
30418,0.025857365
30718,0.002739349
30818,0.008661978
31118,0.015331689
31218,0.015847713
31618,0.0031592278
31718,0.029106406
31818,0.012416367
31918,0.017721305
32018,0.016849652
32118,0.081323095
32818,0.0033190125
33018,0.07910014
33118,0.021410994
33518,0.033660423
33718,0.037388768
33818,0.058032878
33918,0.00084838085
34018,0.00082949706
34218,0.00065856805
34318,0.0030244738
34418,0.0011456681
34518,0.0049973326
34618,0.019580713
34818,0.00025155398
35018,0.00462349
35218,0.009177077
35318,0.035122585
35518,0.010629491
35618,0.017837703
35718,0.020445686
35918,0.11249505
36018,0.04715531
36118,0.009561331
36618,0.19787385
37218,0.5182775
37418,0.008601099
37518,0.005577168
37618,0.0044322493
37718,0.007365304
38118,0.005878764
38218,0.01007678
38318,0.0026259518
38418,0.0030090408
38618,0.013994911
38818,0.028367808
39118,0.002263304
39218,0.002465882
39318,0.01585695
39418,0.010103666
39618,0.0068128086
39718,0.19133697
39918,0.002538326
40018,0.0034586561
40218,0.0038952406
40518,0.008026473
40618,0.013280938
41818,0.014811036
42018,0.08884544
42718,0.0028419546
42918,0.0140721565
43618,0.007221751
44218,0.015238528
44518,0.004970238
44718,0.0056733033
44918,0.023469988
45218,0.0011467696
45318,0.004323221
45518,0.0046737352
45618,0.025602045
46118,0.04055261
46318,0.0060471394
46518,0.0021209025
46918,0.004218484
47018,0.009308075
47118,0.00080429076
47218,0.048794422
47318,0.0041617565
47618,0.039199788
47718,0.005813776
47818,0.057129208
47918,0.0017653622
48218,0.028879195
48618,0.03592757
48718,0.0026024547
49118,0.18810603
49218,0.0048467107
49618,0.01355928
49718,0.00355792
49918,0.0028143781
50118,0.029697722
50318,0.0010855502
50418,0.0028632774
50618,0.0017639373
50818,0.0040699188
50918,0.0027633838
51018,0.015174246
51218,0.0006817423
51618,0.011089002
51818,0.0034619225
52018,0.011163425
52118,0.0039194063
52518,0.0057007046
52618,0.0059288796
52718,0.003797031
53218,0.024788246
53318,0.0074300473
53418,0.32477742
53618,0.05006791
53918,0.043058153
54118,0.0072364425
54218,0.0025280213
54318,0.00449384
54418,0.013762959
54618,0.021794718
55018,0.011956087
55218,0.0022122413
55418,0.0074952967
55518,0.012982964
55618,0.0034268163
56218,0.015420686
56518,0.005388261
56718,0.0042244797
56818,0.0062858905
57018,0.0009826256
57118,0.0025790685
57218,0.061701193
57318,0.00786289
57518,0.120033085
57918,0.06675757
58018,0.024904652
58218,0.00335073
58318,0.030592598
58518,0.010252976
58918,0.012986871
59118,0.0060455757
59218,0.016123908
59518,0.0018282402
59618,0.060957827
59818,0.033783358
59918,0.010130664
60418,0.0034232882
60518,0.0046573556
60818,0.02479073
61118,0.035878737
61318,0.0072377017
61418,0.009948144
61718,0.012850243
62118,0.006813175
62418,0.008696819
62718,0.006328799
62818,0.014293142
63518,0.03183801
63618,0.003831072
63718,0.008496187
63818,0.03143746
63918,0.0009277651
64318,0.01013907
64418,0.016473169
