Id,Probability
0,0.14948137
100,0.33977884
400,0.032659367
600,0.076580666
700,0.10665016
1000,0.17879331
1200,0.0386116
1700,0.12530659
2200,0.1285899
2700,0.10065278
2800,0.039621893
2900,0.0852194
3000,0.082674146
3100,0.07207119
3200,0.055320714
3300,0.08702862
3400,0.047199138
3700,0.047505967
4000,0.23818004
4100,0.9996099
4200,0.04225253
4400,0.067094244
4700,0.07567873
4800,0.13251172
4900,0.041028388
5100,0.097163714
5200,0.14461763
5700,0.050907183
5900,0.0443898
6200,0.09207331
6300,0.054838978
6500,0.10243193
6600,0.12474596
6800,0.15437908
6900,0.044657998
7000,0.052364644
7200,0.08311762
7400,0.13139722
7500,0.11607802
7700,0.09137701
7900,0.067385234
8100,0.04085215
8200,0.06415236
8300,0.030023718
8400,0.07075789
8500,0.10090298
8600,0.039907105
8700,0.08437069
8900,0.12330469
9000,0.042589866
9200,0.05579275
9500,0.036527
9800,0.17308445
9900,0.023597328
10100,0.03253711
10400,0.053387627
10500,0.16798133
10600,0.10669491
10700,0.13184331
10900,0.13919353
11200,0.035208076
11300,0.03148855
11700,0.049413018
11900,0.058915265
12100,0.07413047
12400,0.05293878
12700,0.08693663
12900,0.060944907
13000,0.1286416
13400,0.05522664
13500,0.0968802
13600,0.034842815
13700,0.09015291
13900,0.070595294
14300,0.09788317
14400,0.040726926
15400,0.08834809
15600,0.106204815
15700,0.053648856
15800,0.04132907
15900,0.040347088
16100,0.03314168
16200,0.069128215
16300,0.09679425
16400,0.15903255
16500,0.029709168
16600,0.10246059
17000,0.06366205
17100,0.17165819
17200,0.1263559
17300,0.021010522
17400,0.10477826
17600,0.04777212
17700,0.032300606
17900,0.26788834
18000,0.38148263
18100,0.078999
18200,0.11076953
18400,0.07265784
18500,0.06537155
18700,0.06354913
18800,0.10415794
19100,0.115591735
19500,0.027318146
19600,0.07809633
19700,0.1814363
19800,0.025011662
20700,0.033325568
20800,0.07137487
20900,0.15007311
21100,0.15710919
21200,0.096098185
21400,0.061643627
21800,0.078927346
22000,0.11092704
22300,0.516557
22400,0.107539564
22500,0.07810469
22600,0.10520437
22900,0.076153606
23000,0.042708356
23200,0.06537015
23300,0.08005206
23600,0.059748847
23700,0.059324216
23800,0.036758643
23900,0.07570293
24100,0.03734817
24200,0.04322169
24400,0.033241
24500,0.05475022
24600,0.036143802
24700,0.01967061
25300,0.09198451
25400,0.044491615
25800,0.037397616
26000,0.038767464
26100,0.056912445
26200,0.07136959
26300,0.072021924
26400,0.106432326
26600,0.13379005
26700,0.1014771
26800,0.12894514
26900,0.044684943
27000,0.04427549
27300,0.085671015
27400,0.024333144
27500,0.07299647
27900,0.066784315
28000,0.055232063
28100,0.071376815
28300,0.076129295
28400,0.092355296
29000,0.051863234
29100,0.08276343
29300,0.075540535
29600,0.0659888
29700,0.15604986
29800,0.0481406
29900,0.23658304
30000,0.14110662
30100,0.020556588
30300,0.07606417
30400,0.05069017
30700,0.048090532
30800,0.033230092
31100,0.047252037
31200,0.117792584
31600,0.04539093
31700,0.046324227
31800,0.039801046
31900,0.07851564
32000,0.066993095
32100,0.13287862
32800,0.05022347
33000,0.20820512
33100,0.20729822
33500,0.09163865
33700,0.18446201
33800,0.31334898
33900,0.067029566
34000,0.05473605
34200,0.067836404
34300,0.19063564
34400,0.04614113
34500,0.07018457
34600,0.025709318
34800,0.08827261
35000,0.046760704
35200,0.059230693
35300,0.23510835
35500,0.06016007
35600,0.06822319
35700,0.07561028
35900,0.043346405
36000,0.037729923
36100,0.0686319
36600,0.1133681
37200,0.09097222
37400,0.08743922
37500,0.08306587
37600,0.1099948
37700,0.03775835
38100,0.1040279
38200,0.07047985
38300,0.055960633
38400,0.09297875
38600,0.052651145
38800,0.094071984
39100,0.038379807
39200,0.055894192
39300,0.10422214
39400,0.037236307
39600,0.060919713
39700,0.37804496
39900,0.04785801
40000,0.039134804
40200,0.045480512
40500,0.050110012
40600,0.088732764
41800,0.05250161
42000,0.11826208
42700,0.14528416
42900,0.02877354
43600,0.07283451
44200,0.037719604
44500,0.052149635
44700,0.053477697
44900,0.21520789
45200,0.020099545
45300,0.04481601
45500,0.06317596
45600,0.15627314
46100,0.13053124
46300,0.070356525
46500,0.04430753
46900,0.066892795
47000,0.060262717
47100,0.049672205
47200,0.13137287
47300,0.103496656
47600,0.1096529
47700,0.046592183
47800,0.103579074
47900,0.028203791
48200,0.042959087
48600,0.10437678
48700,0.053309493
49100,0.07473497
49200,0.07508781
49600,0.0647901
49700,0.059167847
49900,0.22293498
50100,0.31260538
50300,0.03101632
50400,0.038812004
50600,0.08609867
50800,0.048353728
50900,0.05028015
51000,0.067664504
51200,0.12205997
51600,0.10462847
51800,0.035948154
52000,0.043869294
52100,0.078237794
52500,0.17999169
52600,0.04076418
52700,0.7791703
53200,0.052080348
53300,0.047447637
53400,0.30580372
53600,0.13124369
53900,0.27815524
54100,0.08751012
54200,0.30439788
54300,0.046916455
54400,0.12165154
54600,0.1423066
55000,0.07556801
55200,0.099108815
55400,0.14108755
55500,0.07271979
55600,0.09053494
56200,0.025555652
56500,0.030714644
56700,0.047627904
56800,0.05614187
57000,0.15710077
57100,0.044646956
57200,0.08867428
57300,0.021287644
57500,0.084879525
57900,0.04917947
58000,0.0543386
58200,0.038390055
58300,0.08751264
58500,0.056653827
58900,0.09771247
59100,0.08200294
59200,0.019045414
59500,0.100373626
59600,0.044342674
59800,0.089161865
59900,0.07390803
60400,0.035419457
60500,0.121273346
60800,0.09212825
61100,0.2330485
61300,0.03347035
61400,0.11823294
61700,0.048307665
62100,0.14258671
62400,0.13870211
62700,0.10824511
62800,0.051167212
63500,0.03618772
63600,0.09383054
63700,0.27104512
63800,0.06781753
63900,0.05756387
64300,0.096307226
64400,0.04265635
1,0.0778577
101,0.064371526
401,0.05953477
601,0.029211456
701,0.04211001
1001,0.06419908
1201,0.04889103
1701,0.08413551
2201,0.062812984
2701,0.28201008
2801,0.050014652
2901,0.08913826
3001,0.086115785
3101,0.03978798
3201,0.047769755
3301,0.08207749
3401,0.044118926
3701,0.085236624
4001,0.019990193
4101,5.2729835e-08
4201,0.06841725
4401,0.056912396
4701,0.07873708
4801,0.046765257
4901,0.058919165
5101,0.04650915
5201,0.04951227
5701,0.039205424
5901,0.042836465
6201,0.03325106
6301,0.043046333
6501,0.048651263
6601,0.03435672
6801,0.049593143
6901,0.06468346
7001,0.14875802
7201,0.09592266
7401,0.046289727
7501,0.041878447
7701,0.063860185
7901,0.05046691
8101,0.058018733
8201,0.07086843
8301,0.055772446
8401,0.048503436
8501,0.09163216
8601,0.06921787
8701,0.10804599
8901,0.026947897
9001,0.099352136
9201,0.03362925
9501,0.1017253
9801,0.07170072
9901,0.053424094
10101,0.04191088
10401,0.07711308
10501,0.026452608
10601,0.047215633
10701,0.03377704
10901,0.034703583
11201,0.07621142
11301,0.05071666
11701,0.05769584
11901,0.040575046
12101,0.019124124
12401,0.017803552
12701,0.06331422
12901,0.06581094
13001,0.051567584
13401,0.068231046
13501,0.07562627
13601,0.030820435
13701,0.07981358
13901,0.023347437
14301,0.039424993
14401,0.04342038
15401,0.079294965
15601,0.02758202
15701,0.048540324
15801,0.09393436
15901,0.045245863
16101,0.065822475
16201,0.021087809
16301,0.079799205
16401,0.10298108
16501,0.038618032
16601,0.24584275
17001,0.030457685
17101,0.054798093
17201,0.039476164
17301,0.22702427
17401,0.059153285
17601,0.033594895
17701,0.03742551
17901,0.11600649
18001,0.07943106
18101,0.07760673
18201,0.14279822
18401,0.111374885
18501,0.10803824
18701,0.33515292
18801,0.11337971
19101,0.030644007
19501,0.18400879
19601,0.086101785
19701,0.13060555
19801,0.029095002
20701,0.061753094
20801,0.041814156
20901,0.027056606
21101,0.03636181
21201,0.05999952
21401,0.04611307
21801,0.049109336
22001,0.0367208
22301,0.046778988
22401,0.014872683
22501,0.037136346
22601,0.022575872
22901,0.15278392
23001,0.066316925
23201,0.041243132
23301,0.03479942
23601,0.048470303
23701,0.08145
23801,0.06368791
23901,0.032176975
24101,0.0818606
24201,0.03607447
24401,0.034102708
24501,0.049650427
24601,0.101927444
24701,0.11712253
25301,0.044614628
25401,0.037876368
25801,0.048825584
26001,0.038566437
26101,0.06372083
26201,0.014563362
26301,0.013643132
26401,0.02134185
26601,0.01512902
26701,0.0353557
26801,0.058468837
26901,0.08182639
27001,0.066324845
27301,0.04424011
27401,0.05582754
27501,0.10106511
27901,0.06896236
28001,0.061699115
28101,0.047011662
28301,0.03904564
28401,0.05234823
29001,0.061951287
29101,0.04488368
29301,0.032485064
29601,0.059165
29701,0.025679564
29801,0.047130067
29901,0.019143417
30001,0.047326013
30101,0.07174811
30301,0.02406908
30401,0.029086743
30701,0.050023917
30801,0.027849123
31101,0.0990267
31201,0.028578721
31601,0.06410065
31701,0.14317372
31801,0.0478784
31901,0.038303427
32001,0.06381238
32101,0.19381349
32801,0.024138946
33001,0.035670117
33101,0.030262688
33501,0.03743119
33701,0.06877018
33801,0.05490609
33901,0.07691699
34001,0.07871363
34201,0.07958156
34301,0.032473188
34401,0.17612378
34501,0.060276188
34601,0.09581036
34801,0.1948095
35001,0.037032966
35201,0.07284555
35301,0.022614963
35501,0.05979608
35601,0.08065348
35701,0.06439686
35901,0.042267457
36001,0.045725018
36101,0.05188735
36601,0.03544606
37201,0.06199175
37401,0.03291986
37501,0.040887993
37601,0.08148861
37701,0.039201528
38101,0.06828238
38201,0.025818521
38301,0.029457783
38401,0.036031842
38601,0.029227965
38801,0.08649336
39101,0.10428925
39201,0.20110063
39301,0.07556733
39401,0.07191286
39601,0.050133806
39701,0.019046577
39901,0.062443472
40001,0.17537963
40201,0.12212363
40501,0.06811165
40601,0.050961327
41801,0.08135915
42001,0.04667934
42701,0.045233104
42901,0.029506845
43601,0.04708837
44201,0.045394465
44501,0.055276766
44701,0.033786725
44901,0.02566705
45201,0.037209153
45301,0.034420565
45501,0.020380065
45601,0.045655582
46101,0.04811673
46301,0.08208319
46501,0.03372005
46901,0.12060436
47001,0.09944981
47101,0.22913554
47201,0.029028548
47301,0.033955965
47601,0.034684792
47701,0.05451905
47801,0.05982647
47901,0.059218343
48201,0.055536084
48601,0.110208176
48701,0.12765166
49101,0.082092434
49201,0.056073695
49601,0.030063791
49701,0.10126536
49901,0.044737156
50101,0.12213016
50301,0.15566202
50401,0.0967588
50601,0.12281404
50801,0.11862403
50901,0.10983774
51001,0.10056345
51201,0.12844683
51601,0.06115766
51801,0.0982928
52001,0.07264348
52101,0.061385963
52501,0.058841757
52601,0.08524715
52701,0.00034522585
53201,0.04477021
53301,0.080957204
53401,0.03546091
53601,0.046779394
53901,0.30938658
54101,0.06379687
54201,0.063974775
54301,0.06852142
54401,0.027268067
54601,0.0429486
55001,0.03672508
55201,0.121527575
55401,0.09043929
55501,0.103095196
55601,0.082733884
56201,0.06497219
56501,0.04372845
56701,0.07245606
56801,0.06434931
57001,0.08013849
57101,0.0388804
57201,0.044997636
57301,0.040374387
57501,0.103074424
57901,0.084436454
58001,0.0512158
58201,0.07758819
58301,0.048303112
58501,0.0653207
58901,0.026970815
59101,0.08479689
59201,0.03379759
59501,0.080994055
59601,0.061764576
59801,0.12167428
59901,0.029746812
60401,0.03870937
60501,0.10622386
60801,0.060971096
61101,0.026640533
61301,0.041683294
61401,0.11492792
61701,0.033956308
62101,0.065275505
62401,0.03563678
62701,0.06950044
62801,0.057948224
63501,0.04219849
63601,0.05769301
63701,0.029525077
63801,0.045369573
63901,0.044597883
64301,0.035028566
64401,0.035648145
2,0.035874948
102,0.044772085
402,0.04216255
602,0.051013928
702,0.04323898
1002,0.20495318
1202,0.025192475
1702,0.04142112
2202,0.07501668
2702,0.109714836
2802,0.060092945
2902,0.03259674
3002,0.03174902
3102,0.039833322
3202,0.044744663
3302,0.040672887
3402,0.0684439
3702,0.071260884
4002,0.035774574
4102,3.5743802e-10
4202,0.052819125
4402,0.038263354
4702,0.04002603
4802,0.048167568
4902,0.05035034
5102,0.035671677
5202,0.04271349
5702,0.052199215
5902,0.03511595
6202,0.05302709
6302,0.058633257
6502,0.04103701
6602,0.02724865
6802,0.034193996
6902,0.024505828
7002,0.050162666
7202,0.05485166
7402,0.011106707
7502,0.014861471
7702,0.03959414
7902,0.050894924
8102,0.0648029
8202,0.0593042
8302,0.03627619
8402,0.05889945
8502,0.09523193
8602,0.09276538
8702,0.10204152
8902,0.06008491
9002,0.056242477
9202,0.04521355
9502,0.023418803
9802,0.03740107
9902,0.02997058
10102,0.037765007
10402,0.09873643
10502,0.0346552
10602,0.019132908
10702,0.022645798
10902,0.024815226
11202,0.06784866
11302,0.05793502
11702,0.044758663
11902,0.046244044
12102,0.041449197
12402,0.022380257
12702,0.05734188
12902,0.061996523
13002,0.004837949
13402,0.057611708
13502,0.028275808
13602,0.03266786
13702,0.05413125
13902,0.010606118
14302,0.028536329
14402,0.021195
15402,0.052539647
15602,0.027152678
15702,0.035828944
15802,0.09766081
15902,0.06254874
16102,0.041912787
16202,0.04458765
16302,0.07680282
16402,0.061978113
16502,0.016177619
16602,0.11846854
17002,0.030651756
17102,0.03370259
17202,0.046026964
17302,0.23213601
17402,0.055740695
17602,0.03533366
17702,0.04060916
17902,0.06586604
18002,0.051022537
18102,0.07934079
18202,0.03521183
18402,0.039846268
18502,0.12729833
18702,0.071156524
18802,0.09137869
19102,0.0552503
19502,0.051797803
19602,0.05979247
19702,0.042107
19802,0.02876758
20702,0.047050375
20802,0.039346937
20902,0.029202025
21102,0.052551813
21202,0.057980735
21402,0.045859914
21802,0.0570416
22002,0.04689274
22302,0.041973464
22402,0.04229982
22502,0.06060225
22602,0.030261282
22902,0.050087158
23002,0.03787407
23202,0.020826126
23302,0.037013803
23602,0.08147571
23702,0.028830174
23802,0.0372505
23902,0.053368885
24102,0.10529268
24202,0.025505636
24402,0.0352776
24502,0.09422028
24602,0.044773683
24702,0.04658751
25302,0.02582595
25402,0.033222713
25802,0.043680076
26002,0.0532577
26102,0.09318599
26202,0.018294586
26302,0.051849283
26402,0.018912587
26602,0.05588158
26702,0.036966875
26802,0.03206702
26902,0.056473527
27002,0.0729903
27302,0.038783804
27402,0.056644488
27502,0.02453848
27902,0.062599845
28002,0.0682616
28102,0.07193087
28302,0.051097076
28402,0.041491512
29002,0.06304567
29102,0.03495235
29302,0.025172817
29602,0.035485256
29702,0.028157031
29802,0.046791926
29902,0.033298094
30002,0.07060466
30102,0.055701233
30302,0.029633235
30402,0.014079599
30702,0.048382692
30802,0.029459847
31102,0.100093685
31202,0.040116765
31602,0.055411525
31702,0.049050566
31802,0.05242017
31902,0.080175124
32002,0.059841346
32102,0.052399807
32802,0.025256068
33002,0.061598852
33102,0.054154236
33502,0.035421897
33702,0.047290143
33802,0.03223319
33902,0.065036796
34002,0.03188695
34202,0.101330355
34302,0.077311724
34402,0.083343185
34502,0.045864638
34602,0.03984919
34802,0.05737665
35002,0.040794637
35202,0.046936445
35302,0.03214693
35502,0.035990737
35602,0.08176614
35702,0.02677027
35902,0.05064529
36002,0.050771575
36102,0.06047722
36602,0.033025168
37202,0.04178815
37402,0.04641738
37502,0.021464128
37602,0.02962547
37702,0.048830286
38102,0.06232313
38202,0.013196982
38302,0.030051107
38402,0.044966854
38602,0.057335928
38802,0.016354708
39102,0.056131143
39202,0.108442575
39302,0.04893689
39402,0.023064021
39602,0.024050279
39702,0.0036729556
39902,0.057782724
40002,0.11532047
40202,0.051635463
40502,0.047307733
40602,0.060108095
41802,0.049570657
42002,0.039512664
42702,0.026082555
42902,0.01536465
43602,0.027669147
44202,0.033302497
44502,0.049069937
44702,0.048281696
44902,0.040606894
45202,0.032306943
45302,0.050345417
45502,0.015625875
45602,0.06749553
46102,0.01946653
46302,0.049446687
46502,0.052308287
46902,0.036903627
47002,0.045286205
47102,0.07971461
47202,0.026226278
47302,0.020578453
47602,0.050073117
47702,0.03790427
47802,0.058238756
47902,0.04730678
48202,0.049834512
48602,0.037173066
48702,0.039224908
49102,0.06317342
49202,0.03814039
49602,0.04106179
49702,0.07578116
49902,0.0634398
50102,0.07851687
50302,0.05449674
50402,0.042720623
50602,0.05807015
50802,0.06427811
50902,0.14374766
51002,0.13075604
51202,0.0548653
51602,0.06900353
51802,0.080040805
52002,0.040594313
52102,0.043048434
52502,0.018845962
52602,0.02043999
52702,6.343716e-06
53202,0.04928063
53302,0.05472379
53402,0.0375185
53602,0.05013032
53902,0.02129961
54102,0.04217042
54202,0.05827072
54302,0.0485354
54402,0.055080064
54602,0.005569297
55002,0.04437464
55202,0.07917411
55402,0.033968803
55502,0.025131863
55602,0.04596468
56202,0.0515972
56502,0.032133907
56702,0.06481849
56802,0.045363244
57002,0.1138867
57102,0.070152335
57202,0.0647271
57302,0.071052864
57502,0.043741036
57902,0.0511176
58002,0.07169685
58202,0.076467656
58302,0.033754744
58502,0.07029841
58902,0.009955827
59102,0.05921519
59202,0.042962387
59502,0.13195278
59602,0.026847817
59802,0.07198124
59902,0.025178
60402,0.0471418
60502,0.039422814
60802,0.040818974
61102,0.021074023
61302,0.027826509
61402,0.07017122
61702,0.04020271
62102,0.09366972
62402,0.022207713
62702,0.09708978
62802,0.048096005
63502,0.031567235
63602,0.047546797
63702,0.02013217
63802,0.024907943
63902,0.059412137
64302,0.041867826
64402,0.040131215
3,0.010238575
103,0.019621229
403,0.11303001
603,0.09571727
703,0.049861915
1003,0.020321267
1203,0.054094777
1703,0.04247175
2203,0.02676221
2703,0.034977015
2803,0.03851012
2903,0.031414833
3003,0.09654257
3103,0.07190551
3203,0.043402217
3303,0.053638093
3403,0.042450592
3703,0.044677563
4003,0.01358137
4103,2.2615234e-08
4203,0.06870394
4403,0.03780872
4703,0.034313988
4803,0.02809014
4903,0.07827957
5103,0.035035837
5203,0.059255093
5703,0.048013497
5903,0.056048937
6203,0.05593886
6303,0.037309807
6503,0.14445086
6603,0.024607288
6803,0.0617481
6903,0.050070863
7003,0.032323096
7203,0.033039823
7403,0.09834189
7503,0.05139181
7703,0.038755182
7903,0.046691086
8103,0.045764536
8203,0.06332022
8303,0.0722942
8403,0.0681673
8503,0.04853152
8603,0.042388838
8703,0.05238408
8903,0.042677253
9003,0.06545323
9203,0.03330286
9503,0.07679964
9803,0.092634864
9903,0.046582755
10103,0.03668838
10403,0.050100926
10503,0.15306982
10603,0.061278563
10703,0.04854284
10903,0.027390154
11203,0.11449788
11303,0.049593538
11703,0.063026465
11903,0.041727617
12103,0.12122623
12403,0.045791157
12703,0.05313741
12903,0.036950734
13003,0.0523321
13403,0.05952725
13503,0.050939728
13603,0.07043975
13703,0.071739115
13903,0.06985834
14303,0.028118042
14403,0.04018894
15403,0.04540761
15603,0.10218104
15703,0.03962835
15803,0.049974706
15903,0.060263984
16103,0.053766
16203,0.045471914
16303,0.0531399
16403,0.04359917
16503,0.13864355
16603,0.06421658
17003,0.07048775
17103,0.025635514
17203,0.1592598
17303,0.04070334
17403,0.0765615
17603,0.032517232
17703,0.053142842
17903,0.03991993
18003,0.06967226
18103,0.05053327
18203,0.060287092
18403,0.023052024
18503,0.08784411
18703,0.04307867
18803,0.07837343
19103,0.025833827
19503,0.032309983
19603,0.021044465
19703,0.020390484
19803,0.0699
20703,0.019875579
20803,0.062286526
20903,0.13087621
21103,0.054612502
21203,0.062475193
21403,0.04341612
21803,0.018450402
22003,0.04314206
22303,0.10799294
22403,0.033527546
22503,0.03786005
22603,0.059088923
22903,0.06978274
23003,0.054546162
23203,0.06779486
23303,0.10994134
23603,0.08752438
23703,0.0613603
23803,0.039430257
23903,0.06030016
24103,0.08592058
24203,0.05771388
24403,0.02240428
24503,0.04740677
24603,0.050378725
24703,0.09797969
25303,0.05255899
25403,0.06283318
25803,0.04209995
26003,0.03504416
26103,0.056575067
26203,0.04537121
26303,0.1260954
26403,0.11145427
26603,0.041946054
26703,0.012761789
26803,0.027880466
26903,0.036031153
27003,0.07314932
27303,0.048738204
27403,0.072259806
27503,0.08164181
27903,0.09443907
28003,0.086720966
28103,0.024372721
28303,0.05423317
28403,0.03812973
29003,0.063365944
29103,0.045847457
29303,0.06833126
29603,0.038272683
29703,0.045515973
29803,0.06017721
29903,0.02577501
30003,0.07870368
30103,0.07846177
30303,0.061895236
30403,0.043969583
30703,0.08431646
30803,0.08287318
31103,0.08585694
31203,0.04755369
31603,0.058395814
31703,0.023421492
31803,0.049931124
31903,0.028341241
32003,0.06015762
32103,0.035207495
32803,0.03983527
33003,0.026006486
33103,0.028573079
33503,0.041505203
33703,0.035862718
33803,0.06400147
33903,0.05428848
34003,0.0694411
34203,0.037382748
34303,0.034525596
34403,0.04860079
34503,0.07167047
34603,0.0574084
34803,0.02046395
35003,0.061207592
35203,0.059572637
35303,0.048601165
35503,0.04870988
35603,0.050417148
35703,0.060779817
35903,0.061486457
36003,0.044146597
36103,0.038700793
36603,0.041415516
37203,0.06987802
37403,0.03875825
37503,0.06935431
37603,0.031055221
37703,0.03824051
38103,0.024274293
38203,0.14239621
38303,0.07773073
38403,0.05450173
38603,0.051240742
38803,0.060943946
39103,0.024631934
39203,0.072416514
39303,0.037459012
39403,0.043085657
39603,0.102065936
39703,0.007790206
39903,0.052948892
40003,0.058024906
40203,0.04352873
40503,0.033949215
40603,0.07239699
41803,0.06292939
42003,0.05051222
42703,0.031716827
42903,0.07890743
43603,0.034425013
44203,0.07875748
44503,0.09393512
44703,0.031211866
44903,0.013913217
45203,0.111742266
45303,0.07246701
45503,0.062863454
45603,0.016537245
46103,0.11008023
46303,0.05902581
46503,0.043272495
46903,0.073081635
47003,0.09618649
47103,0.04898059
47203,0.037372805
47303,0.063348554
47603,0.025353717
47703,0.04379879
47803,0.077965185
47903,0.051161397
48203,0.046619844
48603,0.038822867
48703,0.082833
49103,0.058181047
49203,0.061601467
49603,0.05971703
49703,0.0730522
49903,0.031478956
50103,0.08737542
50303,0.06335089
50403,0.096361205
50603,0.022251846
50803,0.0948795
50903,0.034758016
51003,0.032513782
51203,0.019752169
51603,0.0489176
51803,0.07650245
52003,0.0729018
52103,0.06572371
52503,0.06763693
52603,0.08897297
52703,1.6817272e-06
53203,0.08702933
53303,0.049532894
53403,0.067663655
53603,0.048590135
53903,0.0065327003
54103,0.036277045
54203,0.02889484
54303,0.081789136
54403,0.042763993
54603,0.050490815
55003,0.04133427
55203,0.031142455
55403,0.05598181
55503,0.04784523
55603,0.036157493
56203,0.052729566
56503,0.040962756
56703,0.07459195
56803,0.041393444
57003,0.046351608
57103,0.07261192
57203,0.021138266
57303,0.088570334
57503,0.04351824
57903,0.07930589
58003,0.07519768
58203,0.08247366
58303,0.07147382
58503,0.08836701
58903,0.04421553
59103,0.041175853
59203,0.08197102
59503,0.09540733
59603,0.07026186
59803,0.06163706
59903,0.06564303
60403,0.045117572
60503,0.10163932
60803,0.056846667
61103,0.04244135
61303,0.039559048
61403,0.031545535
61703,0.056505248
62103,0.030110428
62403,0.032791372
62703,0.04851678
62803,0.07917697
63503,0.04373914
63603,0.044154372
63703,0.03842052
63803,0.05394657
63903,0.028435552
64303,0.04427132
64403,0.061798487
4,0.035895992
104,0.011582148
404,0.06128748
604,0.040751487
704,0.044019397
1004,0.025997091
1204,0.09753388
1704,0.03551416
2204,0.031491872
2704,0.014732174
2804,0.035551343
2904,0.040035058
3004,0.04765499
3104,0.033359636
3204,0.046493106
3304,0.082605034
3404,0.050918136
3704,0.035263173
4004,0.050260145
4104,9.759546e-13
4204,0.064262114
4404,0.08469613
4704,0.10630473
4804,0.07548665
4904,0.013637035
5104,0.02482106
5204,0.0530575
5704,0.09157079
5904,0.063888215
6204,0.08866802
6304,0.03644721
6504,0.039436556
6604,0.076541685
6804,0.040323615
6904,0.12488166
7004,0.100313485
7204,0.11949424
7404,0.03343414
7504,0.049509343
7704,0.054140408
7904,0.11035045
8104,0.04196031
8204,0.02118845
8304,0.05822125
8404,0.04835304
8504,0.041217122
8604,0.069155544
8704,0.037629858
8904,0.04700783
9004,0.024541182
9204,0.08270325
9504,0.048272416
9804,0.038325585
9904,0.1260638
10104,0.044057284
10404,0.031993266
10504,0.02232405
10604,0.0447057
10704,0.034931116
10904,0.07647806
11204,0.048867434
11304,0.06285815
11704,0.112977795
11904,0.06670552
12104,0.041395005
12404,0.08683414
12704,0.027702672
12904,0.084396064
13004,0.046573337
13404,0.026395798
13504,0.044178493
13604,0.05948457
13704,0.051171068
13904,0.024977122
14304,0.06975737
14404,0.037017398
15404,0.044981807
15604,0.071502745
15704,0.06661428
15804,0.056239106
15904,0.044134747
16104,0.04129645
16204,0.030991692
16304,0.072752744
16404,0.022462029
16504,0.035181317
16604,0.028340062
17004,0.07526296
17104,0.06691283
17204,0.024579352
17304,0.029284075
17404,0.026816359
17604,0.11922383
17704,0.062888816
17904,0.058350187
18004,0.032487255
18104,0.05561481
18204,0.034211975
18404,0.04952489
18504,0.03783863
18704,0.06980394
18804,0.046612613
19104,0.025027337
19504,0.07693822
19604,0.036664926
19704,0.04084426
19804,0.060323585
20704,0.0875759
20804,0.035169445
20904,0.052565243
21104,0.050868858
21204,0.079111464
21404,0.18932518
21804,0.04811267
22004,0.04783375
22304,0.007020599
22404,0.0436621
22504,0.043647695
22604,0.024386276
22904,0.07223793
23004,0.11372251
23204,0.042849883
23304,0.03602179
23604,0.058867514
23704,0.046392456
23804,0.16702773
23904,0.051601816
24104,0.028125674
24204,0.06902756
24404,0.25810936
24504,0.08137078
24604,0.090649605
24704,0.01769227
25304,0.06033398
25404,0.053107213
25804,0.09946363
26004,0.054576844
26104,0.03831063
26204,0.0356994
26304,0.041806873
26404,0.015678199
26604,0.04591994
26704,0.055342086
26804,0.03978412
26904,0.07356489
27004,0.04705678
27304,0.07294131
27404,0.06668979
27504,0.053052507
27904,0.05819437
28004,0.061933473
28104,0.09852324
28304,0.10870626
28404,0.08151516
29004,0.069017865
29104,0.062998064
29304,0.031956222
29604,0.046396162
29704,0.0462736
29804,0.03796783
29904,0.04096668
30004,0.046184868
30104,0.06067557
30304,0.038970754
30404,0.09129336
30704,0.050052054
30804,0.04837094
31104,0.01806108
31204,0.035685208
31604,0.056074783
31704,0.114495285
31804,0.030037548
31904,0.03512915
32004,0.08530539
32104,0.031180523
32804,0.02304505
33004,0.055448774
33104,0.01635572
33504,0.092375554
33704,0.10416229
33804,0.045992244
33904,0.090867646
34004,0.05545058
34204,0.09748347
34304,0.016376168
34404,0.033825673
34504,0.07246774
34604,0.11494157
34804,0.061235666
35004,0.06354736
35204,0.060847014
35304,0.09110928
35504,0.08497037
35604,0.020124864
35704,0.052110292
35904,0.07110634
36004,0.0870128
36104,0.06642585
36604,0.056299902
37204,0.045677483
37404,0.062445335
37504,0.031215271
37604,0.12415131
37704,0.0542004
38104,0.06980123
38204,0.03144498
38304,0.052082397
38404,0.032743957
38604,0.063799724
38804,0.055203304
39104,0.086470805
39204,0.040629394
39304,0.06752858
39404,0.15781601
39604,0.042219207
39704,0.020259827
39904,0.051730983
40004,0.037857268
40204,0.06248076
40504,0.055718966
40604,0.03563008
41804,0.074434
42004,0.036071595
42704,0.05470624
42904,0.032949157
43604,0.12205524
44204,0.029411262
44504,0.015462894
44704,0.036172356
44904,0.034890395
45204,0.031066174
45304,0.05041358
45504,0.049289674
45604,0.014252673
46104,0.04132668
46304,0.03111851
46504,0.059527114
46904,0.07325663
47004,0.054971486
47104,0.037451867
47204,0.102991626
47304,0.09214902
47604,0.06146355
47704,0.08835683
47804,0.05000946
47904,0.08897768
48204,0.06578965
48604,0.049098503
48704,0.030510489
49104,0.02109635
49204,0.070157446
49604,0.05530214
49704,0.06969702
49904,0.057288434
50104,0.027422657
50304,0.07453991
50404,0.062102925
50604,0.13392787
50804,0.04102513
50904,0.019815821
51004,0.017849308
51204,0.12616533
51604,0.026328849
51804,0.019201959
52004,0.050142396
52104,0.037691846
52504,0.058267117
52604,0.07093352
52704,3.5647743e-05
53204,0.041083623
53304,0.044845488
53404,0.05024444
53604,0.020578144
53904,0.0054361313
54104,0.050330188
54204,0.023531293
54304,0.051197045
54404,0.03232817
54604,0.023528451
55004,0.07733134
55204,0.04505857
55404,0.11386288
55504,0.042865723
55604,0.087256506
56204,0.083781086
56504,0.04258098
56704,0.047171578
56804,0.08351384
57004,0.059370965
57104,0.06087791
57204,0.025976293
57304,0.040746335
57504,0.06784886
57904,0.021355672
58004,0.04007137
58204,0.039818
58304,0.029907547
58504,0.09039831
58904,0.037046712
59104,0.036780648
59204,0.04438907
59504,0.018903177
59604,0.025230557
59804,0.04861651
59904,0.027332852
60404,0.09599945
60504,0.042352874
60804,0.03756182
61104,0.08336069
61304,0.034101643
61404,0.045683756
61704,0.1450355
62104,0.04367991
62404,0.032884862
62704,0.021825051
62804,0.050616216
63504,0.06852498
63604,0.04027959
63704,0.024369443
63804,0.07394887
63904,0.10215407
64304,0.049624156
64404,0.063592255
5,0.02173782
105,0.033351712
405,0.027149595
605,0.034968488
705,0.06815502
1005,0.0159757
1205,0.10801927
1705,0.17745544
2205,0.043133702
2705,0.06124962
2805,0.057821967
2905,0.096598156
3005,0.069393106
3105,0.04940316
3205,0.05404421
3305,0.13467455
3405,0.05999666
3705,0.06982988
4005,0.11147588
4105,3.0680247e-05
4205,0.04403665
4405,0.1022221
4705,0.08165178
4805,0.056564253
4905,0.041303262
5105,0.17182462
5205,0.04784613
5705,0.03034516
5905,0.04707254
6205,0.042005576
6305,0.047468398
6505,0.08078266
6605,0.10983141
6805,0.05814077
6905,0.066873305
7005,0.05422775
7205,0.033443253
7405,0.17548302
7505,0.051115174
7705,0.066777125
7905,0.047304228
8105,0.052796256
8205,0.023249393
8305,0.058355983
8405,0.07573315
8505,0.054373965
8605,0.05400202
8705,0.03571601
8905,0.09239873
9005,0.04631563
9205,0.043276645
9505,0.05261122
9805,0.0791749
9905,0.05892199
10105,0.041249786
10405,0.06333039
10505,0.121190734
10605,0.15760592
10705,0.06560712
10905,0.08445245
11205,0.056230962
11305,0.1124112
11705,0.04195692
11905,0.047165662
12105,0.14832453
12405,0.070838
12705,0.0549186
12905,0.06966321
13005,0.1069771
13405,0.035567045
13505,0.06603473
13605,0.09300982
13705,0.04938067
13905,0.07634468
14305,0.09027087
14405,0.09968974
15405,0.043635506
15605,0.0998505
15705,0.0680313
15805,0.06299419
15905,0.039217897
16105,0.08036236
16205,0.069973856
16305,0.058998585
16405,0.0877257
16505,0.15886661
16605,0.03539099
17005,0.096915685
17105,0.27201587
17205,0.044321302
17305,0.03294663
17405,0.11755583
17605,0.061786555
17705,0.06839442
17905,0.06388603
18005,0.060672257
18105,0.044354968
18205,0.074625865
18405,0.03971229
18505,0.046921436
18705,0.014181593
18805,0.033397906
19105,0.07354307
19505,0.018586248
19605,0.061000098
19705,0.054416012
19805,0.050425507
20705,0.064706616
20805,0.054356974
20905,0.074933715
21105,0.056411754
21205,0.045552034
21405,0.09485252
21805,0.11382761
22005,0.09365346
22305,0.028847676
22405,0.05393016
22505,0.1365136
22605,0.10179583
22905,0.03567608
23005,0.08887653
23205,0.09134755
23305,0.043249644
23605,0.027661614
23705,0.055807106
23805,0.07955727
23905,0.098262735
24105,0.038277622
24205,0.03356861
24405,0.094582535
24505,0.059140563
24605,0.06401607
24705,0.03892092
25305,0.09319492
25405,0.07092871
25805,0.07590945
26005,0.09184427
26105,0.037338138
26205,0.10304304
26305,0.027997993
26405,0.08942025
26605,0.10481513
26705,0.051460553
26805,0.06971654
26905,0.045454044
27005,0.04316751
27305,0.09052455
27405,0.07278861
27505,0.04719082
27905,0.055417314
28005,0.042007323
28105,0.028585216
28305,0.047010314
28405,0.086252145
29005,0.07910501
29105,0.098837465
29305,0.13301148
29605,0.12501514
29705,0.0606217
29805,0.09412582
29905,0.07389768
30005,0.024774317
30105,0.055490684
30305,0.07963818
30405,0.092403814
30705,0.059403382
30805,0.071983896
31105,0.04737945
31205,0.061129212
31605,0.055638004
31705,0.1010607
31805,0.05190473
31905,0.023062713
32005,0.042664573
32105,0.038306266
32805,0.06208122
33005,0.050341766
33105,0.091679454
33505,0.039136447
33705,0.11927484
33805,0.07371641
33905,0.06157138
34005,0.06717362
34205,0.093466744
34305,0.054775815
34405,0.027849082
34505,0.07091681
34605,0.012030291
34805,0.084354684
35005,0.08479474
35205,0.06514319
35305,0.050357744
35505,0.0597435
35605,0.064299315
35705,0.09894737
35905,0.0593165
36005,0.077959076
36105,0.064322636
36605,0.110847026
37205,0.09606698
37405,0.0314883
37505,0.092249274
37605,0.03934341
37705,0.04255998
38105,0.060669955
38205,0.059029166
38305,0.09779151
38405,0.08049838
38605,0.092496976
38805,0.07500091
39105,0.054661606
39205,0.05175341
39305,0.041779313
39405,0.054458883
39605,0.0458907
39705,0.017936895
39905,0.07186742
40005,0.042155843
40205,0.10417454
40505,0.058154855
40605,0.04561779
41805,0.06359398
42005,0.04238101
42705,0.045740467
42905,0.17582855
43605,0.08900303
44205,0.08884736
44505,0.042054128
44705,0.06370714
44905,0.05841015
45205,0.09907734
45305,0.057834644
45505,0.088298954
45605,0.10264183
46105,0.11006501
46305,0.07671001
46505,0.088255405
46905,0.03449756
47005,0.085484885
47105,0.027334211
47205,0.044066783
47305,0.051226556
47605,0.060478084
47705,0.03831915
47805,0.104969665
47905,0.073555544
48205,0.0530597
48605,0.11425296
48705,0.06861418
49105,0.07409847
49205,0.07681929
49605,0.058795907
49705,0.051131215
49905,0.07479249
50105,0.06858168
50305,0.030853244
50405,0.043515995
50605,0.033216078
50805,0.0678973
50905,0.034284905
51005,0.03291375
51205,0.07153429
51605,0.052928578
51805,0.04653923
52005,0.033416547
52105,0.07394747
52505,0.05782685
52605,0.11813098
52705,5.0329807e-05
53205,0.07186071
53305,0.10247798
53405,0.041600298
53605,0.045468934
53905,0.025757976
54105,0.109269805
54205,0.032416392
54305,0.05333958
54405,0.09123057
54605,0.061687212
55005,0.05688535
55205,0.02503102
55405,0.03037596
55505,0.11542056
55605,0.06418811
56205,0.060345486
56505,0.016327834
56705,0.07047649
56805,0.043208305
57005,0.112582736
57105,0.038743395
57205,0.044794198
57305,0.058239378
57505,0.109360084
57905,0.041455463
58005,0.05365525
58205,0.08451103
58305,0.08058314
58505,0.038825106
58905,0.14984763
59105,0.09995986
59205,0.10039793
59505,0.10484413
59605,0.04165592
59805,0.10834975
59905,0.069250256
60405,0.04049338
60505,0.081641905
60805,0.058263585
61105,0.07871672
61305,0.06740912
61405,0.07462176
61705,0.06412559
62105,0.032186758
62405,0.043300483
62705,0.024112128
62805,0.037288714
63505,0.06127106
63605,0.06971309
63705,0.028475322
63805,0.049600307
63905,0.066928394
64305,0.09514998
64405,0.048622575
6,0.030801557
106,0.019966358
406,0.057085324
606,0.08318618
706,0.069878146
1006,0.02794143
1206,0.03489432
1706,0.06678423
2206,0.119747914
2706,0.028879633
2806,0.10275939
2906,0.030549547
3006,0.032123215
3106,0.05090928
3206,0.055153977
3306,0.03007643
3406,0.061035138
3706,0.046765387
4006,0.054729793
4106,3.5657282e-05
4206,0.043378096
4406,0.065939635
4706,0.033155482
4806,0.055414725
4906,0.11395392
5106,0.04363162
5206,0.07155051
5706,0.049676802
5906,0.06236046
6206,0.035141703
6306,0.065504715
6506,0.02672987
6606,0.07916859
6806,0.05681165
6906,0.027682226
7006,0.024702739
7206,0.05125389
7406,0.09064011
7506,0.07384275
7706,0.05767732
7906,0.049416073
8106,0.048502777
8206,0.055356093
8306,0.04638339
8406,0.025129069
8506,0.05055836
8606,0.05632996
8706,0.089729786
8906,0.07392669
9006,0.08045388
9206,0.06387824
9506,0.040286273
9806,0.0333823
9906,0.037575018
10106,0.040976096
10406,0.052388404
10506,0.040824298
10606,0.047587834
10706,0.02818715
10906,0.045050383
11206,0.04394156
11306,0.05892048
11706,0.06804029
11906,0.0752556
12106,0.10877257
12406,0.051093683
12706,0.11517517
12906,0.08621215
13006,0.05224171
13406,0.0693904
13506,0.09339364
13606,0.04246869
13706,0.023243109
13906,0.08331617
14306,0.060919456
14406,0.01930255
15406,0.029887738
15606,0.058186315
15706,0.078800544
15806,0.022372229
15906,0.07995212
16106,0.032823943
16206,0.091097794
16306,0.065692596
16406,0.048458796
16506,0.05250549
16606,0.019963909
17006,0.103837766
17106,0.05528667
17206,0.047413938
17306,0.027551208
17406,0.06911085
17606,0.05211889
17706,0.0773628
17906,0.067806184
18006,0.026589412
18106,0.08090786
18206,0.060316656
18406,0.042300817
18506,0.04365489
18706,0.035318714
18806,0.045860566
19106,0.121521026
19506,0.052336067
19606,0.051736526
19706,0.018124688
19806,0.023609005
20706,0.08001285
20806,0.057752233
20906,0.08164158
21106,0.080181226
21206,0.03604949
21406,0.05049226
21806,0.06979863
22006,0.1469677
22306,0.07558823
22406,0.07774789
22506,0.056507956
22606,0.09394338
22906,0.024885898
23006,0.043962147
23206,0.11184433
23306,0.041165307
23606,0.105995886
23706,0.107143454
23806,0.047066633
23906,0.050488643
24106,0.037967734
24206,0.050677143
24406,0.031003416
24506,0.061327513
24606,0.036084715
24706,0.049662832
25306,0.07238757
25406,0.06421615
25806,0.039666418
26006,0.053342123
26106,0.048457693
26206,0.03356121
26306,0.06855344
26406,0.088366196
26606,0.12935139
26706,0.11706599
26806,0.043890905
26906,0.044413105
27006,0.06887771
27306,0.042094633
27406,0.06353039
27506,0.0438641
27906,0.051585037
28006,0.04936039
28106,0.055196702
28306,0.032081626
28406,0.04286953
29006,0.082849614
29106,0.06319033
29306,0.061280955
29606,0.036250014
29706,0.06793326
29806,0.09103968
29906,0.07214912
30006,0.08557178
30106,0.034153625
30306,0.05334626
30406,0.033342414
30706,0.035331924
30806,0.08625922
31106,0.08420058
31206,0.05148569
31606,0.045882296
31706,0.02160789
31806,0.06433784
31906,0.13804667
32006,0.051415324
32106,0.031679314
32806,0.09799033
33006,0.18351273
33106,0.09970681
33506,0.050055012
33706,0.043825906
33806,0.10277264
33906,0.053659353
34006,0.1057945
34206,0.048823215
34306,0.15096988
34406,0.0476398
34506,0.061328873
34606,0.034648187
34806,0.016094642
35006,0.03824245
35206,0.044301167
35306,0.03426895
35506,0.06956577
35606,0.05585013
35706,0.0324577
35906,0.050605353
36006,0.01492681
36106,0.076097295
36606,0.06760978
37206,0.18129386
37406,0.10533192
37506,0.056347296
37606,0.039285857
37706,0.048801485
38106,0.06482055
38206,0.037945073
38306,0.03142871
38406,0.09780618
38606,0.11770043
38806,0.06988402
39106,0.056466106
39206,0.035645556
39306,0.05372094
39406,0.040129915
39606,0.12592399
39706,0.49987411
39906,0.049066287
40006,0.037392512
40206,0.06024005
40506,0.033725724
40606,0.09378908
41806,0.04602816
42006,0.034492243
42706,0.026426129
42906,0.09342129
43606,0.042710785
44206,0.04316016
44506,0.13754934
44706,0.086780354
44906,0.111880355
45206,0.045675773
45306,0.07033809
45506,0.1463382
45606,0.100732
46106,0.040706176
46306,0.07389376
46506,0.11936904
46906,0.062293056
47006,0.060623556
47106,0.047836605
47206,0.045948282
47306,0.034874458
47606,0.11967805
47706,0.07787115
47806,0.043384522
47906,0.035677478
48206,0.0541114
48606,0.038679
48706,0.076780476
49106,0.050061114
49206,0.036168214
49606,0.06104239
49706,0.039562497
49906,0.034995463
50106,0.036020912
50306,0.08799147
50406,0.05858581
50606,0.054744348
50806,0.04703128
50906,0.025695885
51006,0.06541834
51206,0.01873332
51606,0.07587968
51806,0.038052574
52006,0.03685327
52106,0.049476672
52506,0.083370246
52606,0.03499507
52706,0.21669446
53206,0.07417225
53306,0.054172993
53406,0.048215777
53606,0.03539676
53906,0.21889478
54106,0.069990344
54206,0.07073627
54306,0.038485046
54406,0.06613435
54606,0.24253279
55006,0.06495749
55206,0.07779378
55406,0.046008643
55506,0.02831067
55606,0.10624121
56206,0.037491363
56506,0.08691309
56706,0.05523223
56806,0.049932886
57006,0.055821717
57106,0.06387285
57206,0.051961664
57306,0.048900638
57506,0.04048887
57906,0.052128192
58006,0.042704288
58206,0.047894403
58306,0.0577149
58506,0.040323522
58906,0.079631776
59106,0.038419813
59206,0.022070386
59506,0.089051954
59606,0.070814006
59806,0.04805586
59906,0.085837714
60406,0.035367656
60506,0.028111475
60806,0.12492445
61106,0.09853054
61306,0.026221013
61406,0.038773797
61706,0.050599616
62106,0.06382047
62406,0.054524515
62706,0.105591096
62806,0.059503157
63506,0.06888198
63606,0.045492977
63706,0.030765476
63806,0.04085975
63906,0.05901982
64306,0.090225875
64406,0.03025083
7,0.013274453
107,0.019701518
407,0.18892962
607,0.04724518
707,0.088646345
1007,0.024236789
1207,0.10463474
1707,0.048790034
2207,0.04406582
2707,0.00974551
2807,0.043322872
2907,0.035309162
3007,0.036139138
3107,0.06289518
3207,0.06708385
3307,0.0635509
3407,0.058493476
3707,0.05913751
4007,0.013376967
4107,1.7162004e-14
4207,0.049465764
4407,0.03633684
4707,0.032211713
4807,0.021932742
4907,0.04471215
5107,0.010796859
5207,0.05628043
5707,0.06799416
5907,0.09371119
6207,0.0555552
6307,0.087664686
6507,0.04062404
6607,0.04291119
6807,0.027363945
6907,0.054077454
7007,0.032633435
7207,0.12893122
7407,0.06199785
7507,0.108045906
7707,0.059905812
7907,0.036634687
8107,0.058021832
8207,0.038248006
8307,0.053638168
8407,0.026871178
8507,0.030639643
8607,0.033169728
8707,0.030607149
8907,0.023934733
9007,0.050750595
9207,0.06748125
9507,0.11545666
9807,0.08038999
9907,0.097586766
10107,0.1106863
10407,0.027827127
10507,0.019306557
10607,0.03412316
10707,0.035224024
10907,0.028732175
11207,0.0736938
11307,0.07683234
11707,0.08731329
11907,0.049341757
12107,0.03227285
12407,0.13836512
12707,0.052066185
12907,0.04925462
13007,0.03313
13407,0.05748421
13507,0.04080366
13607,0.038545445
13707,0.03438068
13907,0.10258503
14307,0.044705372
14407,0.06542897
15407,0.041837893
15607,0.06474402
15707,0.033190798
15807,0.036870323
15907,0.07232575
16107,0.060790334
16207,0.055149082
16307,0.0496981
16407,0.06953862
16507,0.08787822
16607,0.029684218
17007,0.05843072
17107,0.01208729
17207,0.102030925
17307,0.012354147
17407,0.033993434
17607,0.057765353
17707,0.052076396
17907,0.020741237
18007,0.026768886
18107,0.04368314
18207,0.038967546
18407,0.03321441
18507,0.020201579
18707,0.04711461
18807,0.030869571
19107,0.026657108
19507,0.033156622
19607,0.022372821
19707,0.03695116
19807,0.21535878
20707,0.07202127
20807,0.051887855
20907,0.038252577
21107,0.03223804
21207,0.049503304
21407,0.06217126
21807,0.022560542
22007,0.021842487
22307,0.0082858885
22407,0.051723365
22507,0.031762097
22607,0.06423789
22907,0.17631778
23007,0.03722224
23207,0.06599221
23307,0.09625437
23607,0.050230917
23707,0.056028422
23807,0.081551544
23907,0.048635792
24107,0.047338426
24207,0.0777137
24407,0.03247594
24507,0.029170947
24607,0.07972593
24707,0.083897166
25307,0.08729469
25407,0.088605136
25807,0.10020727
26007,0.048607618
26107,0.06501159
26207,0.055929627
26307,0.061939392
26407,0.019965958
26607,0.018632483
26707,0.042552724
26807,0.055151127
26907,0.071579054
27007,0.048570633
27307,0.034628164
27407,0.066988
27507,0.10660026
27907,0.088275574
28007,0.043722767
28107,0.066543944
28307,0.062172413
28407,0.03264464
29007,0.036956504
29107,0.107561484
29307,0.044160474
29607,0.06943499
29707,0.02713909
29807,0.058403432
29907,0.0180736
30007,0.03841448
30107,0.105606705
30307,0.06481116
30407,0.075610936
30707,0.08627223
30807,0.07130765
31107,0.049059752
31207,0.07713833
31607,0.07440427
31707,0.053600997
31807,0.07068442
31907,0.036062114
32007,0.026107304
32107,0.033625837
32807,0.06580999
33007,0.03644693
33107,0.016193373
33507,0.04597015
33707,0.060911864
33807,0.032099128
33907,0.046256725
34007,0.12242148
34207,0.022037182
34307,0.03820565
34407,0.034530643
34507,0.05501615
34607,0.05915073
34807,0.025954766
35007,0.075656496
35207,0.04721224
35307,0.07995363
35507,0.036976468
35607,0.04016135
35707,0.067587726
35907,0.052718014
36007,0.084419824
36107,0.044714544
36607,0.07961489
37207,0.030560017
37407,0.062525384
37507,0.08082286
37607,0.030749928
37707,0.059574533
38107,0.03940089
38207,0.031392276
38307,0.06022055
38407,0.046325244
38607,0.05412156
38807,0.07051533
39107,0.04266516
39207,0.03459741
39307,0.11186982
39407,0.09820674
39607,0.039665956
39707,0.0029192858
39907,0.052436523
40007,0.03207127
40207,0.065313496
40507,0.03766073
40607,0.077920355
41807,0.08254562
42007,0.044059236
42707,0.030574383
42907,0.022428337
43607,0.06743287
44207,0.055398308
44507,0.05465198
44707,0.041941214
44907,0.03137721
45207,0.07980617
45307,0.12356091
45507,0.030176433
45607,0.027767222
46107,0.059285667
46307,0.0293282
46507,0.035166565
46907,0.06250207
47007,0.04220214
47107,0.01515619
47207,0.065438285
47307,0.03973634
47607,0.043350205
47707,0.08716469
47807,0.04121875
47907,0.04772019
48207,0.058597557
48607,0.034988333
48707,0.032187697
49107,0.042427022
49207,0.047876388
49607,0.07818365
49707,0.05939417
49907,0.016530806
50107,0.010088979
50307,0.06605772
50407,0.083735704
50607,0.037228867
50807,0.08556556
50907,0.020674745
51007,0.02648195
51207,0.010131485
51607,0.044481575
51807,0.04167128
52007,0.14898425
52107,0.06444227
52507,0.07060486
52607,0.12077273
52707,3.4780408e-07
53207,0.030449342
53307,0.06519476
53407,0.019528471
53607,0.035274476
53907,0.001678011
54107,0.04136677
54207,0.01987906
54307,0.09617791
54407,0.049991947
54607,0.076715544
55007,0.07886275
55207,0.05445254
55407,0.022758191
55507,0.052556247
55607,0.03230698
56207,0.08944489
56507,0.07259589
56707,0.06862812
56807,0.025065137
57007,0.012533147
57107,0.06272075
57207,0.024564087
57307,0.0839654
57507,0.09856471
57907,0.023081781
58007,0.09287223
58207,0.05591704
58307,0.106075086
58507,0.052128125
58907,0.020560252
59107,0.03901299
59207,0.12572947
59507,0.01689474
59607,0.07736391
59807,0.022647452
59907,0.135148
60407,0.069448546
60507,0.045256097
60807,0.041165452
61107,0.028961942
61307,0.057924464
61407,0.032269407
61707,0.07456749
62107,0.035983082
62407,0.03285444
62707,0.03418615
62807,0.05162844
63507,0.0885122
63607,0.01639953
63707,0.013402838
63807,0.06677327
63907,0.0362492
64307,0.07216358
64407,0.07534026
8,0.004176027
108,0.016974358
408,0.071283996
608,0.019765103
708,0.03925234
1008,0.008780872
1208,0.05566533
1708,0.006764016
2208,0.046391033
2708,0.03385645
2808,0.13695477
2908,0.024897018
3008,0.025272511
3108,0.09381145
3208,0.060773753
3308,0.054919537
3408,0.04835061
3708,0.063838124
4008,0.048119035
4108,1.0318959e-11
4208,0.028116338
4408,0.029598614
4708,0.053817257
4808,0.031469744
4908,0.03570203
5108,0.025870085
5208,0.0645459
5708,0.036427546
5908,0.06536103
6208,0.021992883
6308,0.08662584
6508,0.06275731
6608,0.022518117
6808,0.023976902
6908,0.061559595
7008,0.074790366
7208,0.047011923
7408,0.02981193
7508,0.028607674
7708,0.06279568
7908,0.06626975
8108,0.07629044
8208,0.06016895
8308,0.040520858
8408,0.04015739
8508,0.047272034
8608,0.052105695
8708,0.022357212
8908,0.051746495
9008,0.04859293
9208,0.054579154
9508,0.056363944
9808,0.008420819
9908,0.032732267
10108,0.057635542
10408,0.03204516
10508,0.07418459
10608,0.030945236
10708,0.033595204
10908,0.023809915
11208,0.05040361
11308,0.041558113
11708,0.057358533
11908,0.055075996
12108,0.048001286
12408,0.039657917
12708,0.02172898
12908,0.059025366
13008,0.028442573
13408,0.026706869
13508,0.056623735
13608,0.045521762
13708,0.051755343
13908,0.03019337
14308,0.05442096
14408,0.057623103
15408,0.051741656
15608,0.026122876
15708,0.033316962
15808,0.029715074
15908,0.07433572
16108,0.06262343
16208,0.086570874
16308,0.010858317
16408,0.0068990015
16508,0.03389274
16608,0.019141186
17008,0.032417204
17108,0.017436946
17208,0.014244692
17308,0.031777445
17408,0.026222428
17608,0.030952428
17708,0.07085041
17908,0.004648846
18008,0.0018150803
18108,0.061938602
18208,0.035301168
18408,0.05554565
18508,0.03884737
18708,0.026486728
18808,0.038720142
19108,0.06629048
19508,0.039718926
19608,0.03592601
19708,0.036980644
19808,0.06542937
20708,0.04555894
20808,0.040292233
20908,0.055406727
21108,0.054384608
21208,0.07885049
21408,0.055201262
21808,0.039375577
22008,0.022471042
22308,0.0046797837
22408,0.12122448
22508,0.06152807
22608,0.1026159
22908,0.031964917
23008,0.053703196
23208,0.018939324
23308,0.041839767
23608,0.031829145
23708,0.03326119
23808,0.04201753
23908,0.06324826
24108,0.024955612
24208,0.069913685
24408,0.060936324
24508,0.027989052
24608,0.05499188
24708,0.06506117
25308,0.043232825
25408,0.048891965
25808,0.043202106
26008,0.1022265
26108,0.061406035
26208,0.03207383
26308,0.06844604
26408,0.016432602
26608,0.03423145
26708,0.028660834
26808,0.028772194
26908,0.03607252
27008,0.040451154
27308,0.078705065
27408,0.06551903
27508,0.029612532
27908,0.014499379
28008,0.05424586
28108,0.034085605
28308,0.040236957
28408,0.052764192
29008,0.0667534
29108,0.0945488
29308,0.045399416
29608,0.040895596
29708,0.02097778
29808,0.045531813
29908,0.026254402
30008,0.047313172
30108,0.028060578
30308,0.08253374
30408,0.027947892
30708,0.047501564
30808,0.035273243
31108,0.044015143
31208,0.039744522
31608,0.047691517
31708,0.030750655
31808,0.035634685
31908,0.055148404
32008,0.05126697
32108,0.005199095
32808,0.09236878
33008,0.036205757
33108,0.02534333
33508,0.0432829
33708,0.005149091
33808,0.008451638
33908,0.0652785
34008,0.037688155
34208,0.030575885
34308,0.0288891
34408,0.04695984
34508,0.066055045
34608,0.054815486
34808,0.030868493
35008,0.05679516
35208,0.049448524
35308,0.030721646
35508,0.04911808
35608,0.03708105
35708,0.030657863
35908,0.053244855
36008,0.04666252
36108,0.070280366
36608,0.07378999
37208,0.09273205
37408,0.0442131
37508,0.0404934
37608,0.044202577
37708,0.06418619
38108,0.047635112
38208,0.038857214
38308,0.036039446
38408,0.08154272
38608,0.061031163
38808,0.03676663
39108,0.036662515
39208,0.035877205
39308,0.01567025
39408,0.029156327
39608,0.022055859
39708,0.0013479409
39908,0.059759766
40008,0.043696392
40208,0.04380984
40508,0.057310596
40608,0.029199911
41808,0.04391667
42008,0.008996863
42708,0.047684953
42908,0.019673571
43608,0.05908548
44208,0.07026227
44508,0.06819847
44708,0.047745556
44908,0.05835695
45208,0.01982647
45308,0.053184103
45508,0.047315076
45608,0.024349447
46108,0.022460496
46308,0.051786948
46508,0.016257245
46908,0.037511993
47008,0.039126053
47108,0.043909203
47208,0.029527375
47308,0.045714196
47608,0.07161705
47708,0.034515113
47808,0.06509428
47908,0.08985519
48208,0.07230675
48608,0.02797261
48708,0.08418731
49108,0.05380629
49208,0.04354466
49608,0.027687054
49708,0.032673173
49908,0.022454755
50108,0.008802115
50308,0.02360235
50408,0.04117502
50608,0.040243495
50808,0.02984073
50908,0.028943308
51008,0.07197999
51208,0.018262131
51608,0.035431188
51808,0.053454116
52008,0.03549618
52108,0.034824543
52508,0.009762502
52608,0.02557641
52708,7.2688727e-07
53208,0.079646766
53308,0.053984996
53408,0.008186163
53608,0.046526566
53908,0.034914788
54108,0.044847094
54208,0.04632925
54308,0.054886483
54408,0.036935784
54608,0.011562076
55008,0.0624038
55208,0.03231124
55408,0.018465938
55508,0.038943324
55608,0.05952715
56208,0.038996786
56508,0.046143718
56708,0.061507493
56808,0.06140951
57008,0.024727222
57108,0.051095195
57208,0.066569835
57308,0.028391222
57508,0.030359881
57908,0.09093838
58008,0.02853173
58208,0.028025502
58308,0.049889125
58508,0.017721718
58908,0.028419796
59108,0.084324166
59208,0.031955086
59508,0.025142903
59608,0.111066304
59808,0.044501424
59908,0.05489719
60408,0.019962372
60508,0.06094147
60808,0.044901725
61108,0.04460612
61308,0.030122682
61408,0.03940096
61708,0.03298348
62108,0.08720125
62408,0.0683183
62708,0.042901326
62808,0.04285401
63508,0.04594304
63608,0.03854993
63708,0.09384814
63808,0.045011293
63908,0.054522395
64308,0.047019348
64408,0.08220455
9,0.0022484758
109,0.018513015
409,0.0127985785
609,0.028338166
709,0.043902103
1009,0.0050220285
1209,0.04216056
1709,0.002265639
2209,0.023871453
2709,0.03353439
2809,0.03027727
2909,0.038788617
3009,0.03712077
3109,0.0509425
3209,0.06759539
3309,0.033602994
3409,0.03784173
3709,0.05433277
4009,0.08020572
4109,2.0298335e-14
4209,0.04174874
4409,0.025587821
4709,0.075456716
4809,0.054378614
4909,0.011494163
5109,0.016405866
5209,0.041984964
5709,0.042433713
5909,0.054393817
6209,0.045348942
6309,0.029081034
6509,0.03190696
6609,0.043706108
6809,0.054532874
6909,0.09220083
7009,0.060046483
7209,0.041788448
7409,0.03710345
7509,0.030360218
7709,0.027694276
7909,0.048583917
8109,0.04213638
8209,0.051813632
8309,0.06528845
8409,0.03684072
8509,0.02154287
8609,0.06159492
8709,0.01860529
8909,0.0662894
9009,0.028830016
9209,0.07320991
9509,0.02388422
9809,0.05277417
9909,0.01675423
10109,0.054917905
10409,0.030143287
10509,0.029429255
10609,0.07887761
10709,0.024423903
10909,0.030557247
11209,0.040347632
11309,0.05720994
11709,0.045361433
11909,0.060059592
12109,0.038203973
12409,0.0782712
12709,0.01867895
12909,0.03467545
13009,0.030734388
13409,0.056435186
13509,0.039394192
13609,0.060675412
13709,0.06898336
13909,0.06008605
14309,0.056081243
14409,0.045413386
15409,0.03745115
15609,0.029160377
15709,0.054800995
15809,0.053556763
15909,0.061463
16109,0.0841879
16209,0.056375816
16309,0.015841557
16409,0.012746768
16509,0.102747574
16609,0.0065882048
17009,0.055751793
17109,0.008064226
17209,0.019413585
17309,0.021651853
17409,0.024055315
17609,0.028890703
17709,0.042018004
17909,0.011545899
18009,0.004368686
18109,0.05194241
18209,0.02130243
18409,0.034084532
18509,0.027927471
18709,0.010519341
18809,0.022524996
19109,0.064466745
19509,0.022991208
19609,0.045342408
19709,0.034007363
19809,0.015554374
20709,0.06936502
20809,0.023114562
20909,0.016934998
21109,0.027389355
21209,0.039298326
21409,0.02591752
21809,0.023948906
22009,0.034706336
22309,0.0032956093
22409,0.04295659
22509,0.050411
22609,0.032514498
22909,0.025838828
23009,0.07573378
23209,0.05573323
23309,0.025758995
23609,0.02855876
23709,0.0252709
23809,0.07227121
23909,0.03548268
24109,0.019573431
24209,0.08569866
24409,0.082908854
24509,0.07708105
24609,0.0689691
24709,0.03971735
25309,0.07874359
25409,0.07565348
25809,0.043501876
26009,0.054924354
26109,0.043091007
26209,0.08602831
26309,0.038814656
26409,0.050999507
26609,0.022364184
26709,0.036312655
26809,0.04358387
26909,0.041170448
27009,0.04502673
27309,0.05020795
27409,0.027277673
27509,0.030586084
27909,0.022343552
28009,0.028301405
28109,0.09333026
28309,0.022358969
28409,0.06795852
29009,0.030867195
29109,0.05029402
29309,0.036741935
29609,0.094045
29709,0.020059017
29809,0.06578351
29909,0.05012578
30009,0.04173095
30109,0.041468743
30309,0.079536825
30409,0.039091382
30709,0.03982725
30809,0.033790816
31109,0.01946415
31209,0.072262354
31609,0.058273286
31709,0.041423157
31809,0.05575506
31909,0.04123142
32009,0.036977924
32109,0.004932273
32809,0.04031686
33009,0.03524756
33109,0.029104294
33509,0.047319748
33709,0.017583301
33809,0.0088025285
33909,0.024796663
34009,0.035165515
34209,0.0643545
34309,0.008074615
34409,0.03959878
34509,0.050371062
34609,0.023842558
34809,0.034487832
35009,0.06504153
35209,0.07691005
35309,0.0216402
35509,0.04327498
35609,0.046745833
35709,0.044099107
35909,0.06572213
36009,0.045140125
36109,0.03458252
36609,0.032668494
37209,0.030490596
37409,0.02277773
37509,0.07196791
37609,0.03713985
37709,0.06440376
38109,0.049629066
38209,0.06523493
38309,0.06520218
38409,0.033107534
38609,0.043744992
38809,0.038135357
39109,0.057117175
39209,0.0459048
39309,0.017476464
39409,0.10044465
39609,0.04818306
39709,0.00017396428
39909,0.05122004
40009,0.027400728
40209,0.04076311
40509,0.05785608
40609,0.023509502
41809,0.037287712
42009,0.019800939
42709,0.054125827
42909,0.042518586
43609,0.096094474
44209,0.051410772
44509,0.04082728
44709,0.0449042
44909,0.027168017
45209,0.041326467
45309,0.030965164
45509,0.04264264
45609,0.033276055
46109,0.048652273
46309,0.036459107
46509,0.0328966
46909,0.008044234
47009,0.04289759
47109,0.02796366
47209,0.032615487
47309,0.066659726
47609,0.034654915
47709,0.040039353
47809,0.03490446
47909,0.06925256
48209,0.04020558
48609,0.040475167
48709,0.030996295
49109,0.034208506
49209,0.05994044
49609,0.022419693
49709,0.02828673
49909,0.023496816
50109,0.005342483
50309,0.011584466
50409,0.02697835
50609,0.041294158
50809,0.034638148
50909,0.02458879
51009,0.03620192
51209,0.017235313
51609,0.051305775
51809,0.02670408
52009,0.026124151
52109,0.040005896
52509,0.017243903
52609,0.070655555
52709,1.2933185e-07
53209,0.060327437
53309,0.019323507
53409,0.020251067
53609,0.060089152
53909,0.00046857016
54109,0.05265033
54209,0.014520209
54309,0.05488769
54409,0.036986284
54609,0.007672854
55009,0.040727362
55209,0.01873183
55409,0.035178874
55509,0.17725144
55609,0.031040752
56209,0.039583478
56509,0.020333035
56709,0.055582985
56809,0.023328708
57009,0.03389817
57109,0.03930617
57209,0.08945253
57309,0.035265602
57509,0.038792204
57909,0.059347607
58009,0.03972463
58209,0.06515673
58309,0.032580204
58509,0.015870111
58909,0.044434305
59109,0.02685884
59209,0.049723804
59509,0.040363543
59609,0.052308816
59809,0.046081893
59909,0.048433524
60409,0.030677775
60509,0.033992324
60809,0.028796662
61109,0.021905286
61309,0.07046212
61409,0.04149237
61709,0.03769921
62109,0.04598893
62409,0.037571784
62709,0.046895385
62809,0.04020946
63509,0.04573626
63609,0.06102302
63709,0.022267774
63809,0.05595098
63909,0.028308045
64309,0.037241314
64409,0.07080969
10,0.012642218
110,0.00832924
410,0.036433592
610,0.030923104
710,0.02146409
1010,0.036662266
1210,0.041529503
1710,0.066554084
2210,0.06666366
2710,0.019910002
2810,0.116575636
2910,0.044189535
3010,0.009802253
3110,0.049871016
3210,0.040467635
3310,0.055145293
3410,0.04381024
3710,0.04185952
4010,0.02760095
4110,1.0386763e-12
4210,0.0389421
4410,0.074131586
4710,0.020523544
4810,0.05646179
4910,0.023013692
5110,0.021163128
5210,0.014024356
5710,0.038726203
5910,0.04299442
6210,0.02218523
6310,0.08758438
6510,0.033574093
6610,0.01833847
6810,0.014623274
6910,0.04720599
7010,0.029352374
7210,0.048778865
7410,0.008322349
7510,0.03133616
7710,0.0633229
7910,0.054526135
8110,0.06816294
8210,0.036558222
8310,0.05871187
8410,0.062756404
8510,0.09012883
8610,0.10517847
8710,0.074137874
8910,0.031599294
9010,0.11558737
9210,0.042430107
9510,0.029865004
9810,0.020262783
9910,0.039399594
10110,0.053480085
10410,0.11359433
10510,0.02413656
10610,0.008148478
10710,0.009855065
10910,0.023229823
11210,0.04780879
11310,0.05415921
11710,0.04202103
11910,0.054118942
12110,0.056894854
12410,0.016521547
12710,0.018566163
12910,0.070692785
13010,0.004532471
13410,0.043785054
13510,0.052431684
13610,0.040502388
13710,0.023398394
13910,0.012042138
14310,0.033172987
14410,0.042328462
15410,0.031354867
15610,0.035288423
15710,0.02707343
15810,0.023960827
15910,0.055649515
16110,0.0335876
16210,0.038008362
16310,0.018154534
16410,0.02802679
16510,0.020584298
16610,0.026653169
17010,0.024900392
17110,0.04268912
17210,0.030300006
17310,0.108767964
17410,0.0853141
17610,0.056784827
17710,0.059585348
17910,0.034310028
18010,0.018211637
18110,0.06276907
18210,0.052909125
18410,0.08145762
18510,0.078798935
18710,0.03028304
18810,0.06666403
19110,0.016209371
19510,0.095125176
19610,0.057785887
19710,0.020912074
19810,0.037911624
20710,0.040756043
20810,0.011987606
20910,0.015964124
21110,0.033794157
21210,0.026185885
21410,0.032777835
21810,0.023823084
22010,0.062423695
22310,0.0011980229
22410,0.07528883
22510,0.03346275
22610,0.022066383
22910,0.031246644
23010,0.04166588
23210,0.016983256
23310,0.011417007
23610,0.093042284
23710,0.030308202
23810,0.034594223
23910,0.059533596
24110,0.12733242
24210,0.031378597
24410,0.028257973
24510,0.051520765
24610,0.06027764
24710,0.04280904
25310,0.025720648
25410,0.025683086
25810,0.032675408
26010,0.07419513
26110,0.029752279
26210,0.041966427
26310,0.019839816
26410,0.011419275
26610,0.047956776
26710,0.02262437
26810,0.023246184
26910,0.04862451
27010,0.06740634
27310,0.039881308
27410,0.14438947
27510,0.02117778
27910,0.019819489
28010,0.035452414
28110,0.035176817
28310,0.040732425
28410,0.053452563
29010,0.045522954
29110,0.035690162
29310,0.02216289
29610,0.022686852
29710,0.0090693245
29810,0.02708758
29910,0.037173074
30010,0.02527995
30110,0.073109366
30310,0.03632185
30410,0.038007095
30710,0.014943271
30810,0.07645202
31110,0.11415882
31210,0.024007212
31610,0.053094804
31710,0.056411233
31810,0.049045548
31910,0.04615075
32010,0.09433997
32110,0.027553301
32810,0.04951745
33010,0.037919406
33110,0.054413162
33510,0.039634544
33710,0.03807661
33810,0.04422531
33910,0.086694464
34010,0.053897806
34210,0.033740517
34310,0.08933805
34410,0.050130606
34510,0.03378669
34610,0.08352365
34810,0.036170308
35010,0.03200735
35210,0.026310546
35310,0.016070819
35510,0.055256613
35610,0.0308289
35710,0.034079555
35910,0.04925202
36010,0.063007966
36110,0.046702415
36610,0.02936498
37210,0.046928532
37410,0.032033015
37510,0.009847448
37610,0.02842563
37710,0.028890317
38110,0.039055042
38210,0.030221125
38310,0.020424312
38410,0.0416518
38610,0.03047494
38810,0.037149824
39110,0.07133321
39210,0.020006578
39310,0.01549664
39410,0.031867307
39610,0.060085483
39710,0.011195127
39910,0.07101569
40010,0.0922476
40210,0.05233336
40510,0.043318264
40610,0.07867294
41810,0.036158368
42010,0.04216883
42710,0.07859659
42910,0.023249654
43610,0.017511815
44210,0.039255247
44510,0.06446117
44710,0.03465488
44910,0.027333327
45210,0.037853554
45310,0.010982699
45510,0.03193615
45610,0.016157966
46110,0.01630839
46310,0.04342113
46510,0.09689706
46910,0.058867536
47010,0.03613178
47110,0.0446827
47210,0.042659953
47310,0.019540029
47610,0.02459121
47710,0.045866605
47810,0.022535529
47910,0.026211945
48210,0.05183512
48610,0.037712276
48710,0.06180687
49110,0.083160006
49210,0.03825329
49610,0.050491385
49710,0.019896436
49910,0.03609226
50110,0.041760746
50310,0.07334536
50410,0.058140855
50610,0.09376488
50810,0.029895226
50910,0.047397856
51010,0.09659868
51210,0.04876811
51610,0.05078896
51810,0.08125408
52010,0.047305822
52110,0.022073748
52510,0.0107709635
52610,0.018338146
52710,4.7166868e-08
53210,0.03506013
53310,0.01784729
53410,0.007887704
53610,0.016009973
53910,0.03173407
54110,0.007246267
54210,0.012519549
54310,0.0429937
54410,0.018623244
54610,0.017767366
55010,0.04090722
55210,0.037529472
55410,0.035225723
55510,0.02623419
55610,0.052890956
56210,0.045372147
56510,0.10148404
56710,0.024112457
56810,0.12717779
57010,0.05652794
57110,0.045732755
57210,0.044369433
57310,0.07175284
57510,0.048870012
57910,0.032823674
58010,0.037937727
58210,0.02776809
58310,0.022874117
58510,0.07552598
58910,0.036113463
59110,0.056135684
59210,0.07526927
59510,0.01813979
59610,0.056165904
59810,0.018340189
59910,0.02165524
60410,0.09226029
60510,0.031783666
60810,0.040026374
61110,0.030348005
61310,0.023279343
61410,0.02069761
61710,0.040120833
62110,0.023243383
62410,0.024618624
62710,0.037028234
62810,0.06071922
63510,0.050004207
63610,0.0670511
63710,0.02019229
63810,0.04017659
63910,0.0861678
64310,0.01962764
64410,0.042495586
11,0.031125229
111,0.048770603
411,0.026067931
611,0.050624844
711,0.06367246
1011,0.014488308
1211,0.049449977
1711,0.071001224
2211,0.0775913
2711,0.042226635
2811,0.024053656
2911,0.07105328
3011,0.037587848
3111,0.05066598
3211,0.1007343
3311,0.04240639
3411,0.072117954
3711,0.09547915
4011,0.035565298
4111,8.053711e-11
4211,0.076287076
4411,0.03128942
4711,0.030707596
4811,0.062235937
4911,0.020443764
5111,0.04213566
5211,0.031462856
5711,0.04871136
5911,0.056200705
6211,0.03161659
6311,0.07370787
6511,0.036193892
6611,0.037638783
6811,0.040266436
6911,0.025572652
7011,0.038096964
7211,0.03588992
7411,0.053015254
7511,0.0892194
7711,0.042608034
7911,0.039910123
8111,0.08380045
8211,0.04224184
8311,0.049247246
8411,0.046169676
8511,0.033010837
8611,0.049758647
8711,0.06661985
8911,0.07211477
9011,0.07618634
9211,0.09073743
9511,0.06872524
9811,0.033679035
9911,0.05365201
10111,0.095232725
10411,0.026669824
10511,0.020730732
10611,0.01876429
10711,0.03131785
10911,0.048272394
11211,0.07698142
11311,0.048053283
11711,0.037367817
11911,0.08901417
12111,0.05051617
12411,0.05076333
12711,0.05483334
12911,0.059751727
13011,0.03337331
13411,0.084742315
13511,0.07142822
13611,0.027440634
13711,0.01961546
13911,0.031602595
14311,0.07881377
14411,0.059557438
15411,0.046812195
15611,0.033049013
15711,0.06299029
15811,0.055416506
15911,0.053918306
16111,0.06943817
16211,0.05863465
16311,0.08779537
16411,0.030383056
16511,0.06048067
16611,0.032061163
17011,0.067202464
17111,0.02802667
17211,0.041820206
17311,0.01533784
17411,0.029859504
17611,0.07139993
17711,0.06653735
17911,0.06039178
18011,0.013860774
18111,0.05562482
18211,0.0923397
18411,0.119544365
18511,0.05183614
18711,0.024518844
18811,0.052545585
19111,0.06714569
19511,0.091891825
19611,0.12010076
19711,0.050430752
19811,0.081500776
20711,0.09111559
20811,0.0428275
20911,0.032662112
21111,0.045146953
21211,0.030408407
21411,0.03217681
21811,0.0657076
22011,0.03372817
22311,0.024965582
22411,0.042789765
22511,0.039506916
22611,0.05434403
22911,0.024704417
23011,0.06305125
23211,0.13171534
23311,0.023995599
23611,0.036736675
23711,0.038481787
23811,0.062120155
23911,0.080711976
24111,0.04841412
24211,0.06394069
24411,0.036390003
24511,0.06291856
24611,0.04390877
24711,0.064261064
25311,0.07121915
25411,0.06763506
25811,0.066738516
26011,0.033759415
26111,0.051388167
26211,0.06658627
26311,0.034904532
26411,0.018658703
26611,0.032883175
26711,0.13282368
26811,0.0735764
26911,0.09153449
27011,0.04684691
27311,0.02425913
27411,0.043545324
27511,0.06440407
27911,0.037577547
28011,0.06866765
28111,0.067186594
28311,0.029987244
28411,0.051983163
29011,0.046951067
29111,0.03733535
29311,0.042337153
29611,0.03083987
29711,0.0321218
29811,0.07133673
29911,0.051460233
30011,0.05182103
30111,0.075306736
30311,0.057226304
30411,0.03153231
30711,0.07457213
30811,0.07576861
31111,0.026035948
31211,0.060753483
31611,0.06506752
31711,0.038656686
31811,0.06598228
31911,0.086688384
32011,0.027464513
32111,0.045805853
32811,0.08327653
33011,0.04356451
33111,0.07744435
33511,0.057883248
33711,0.06505704
33811,0.04586007
33911,0.08185403
34011,0.07326139
34211,0.059572227
34311,0.043918498
34411,0.09179437
34511,0.05340232
34611,0.054145858
34811,0.0409779
35011,0.043812532
35211,0.05777143
35311,0.040901702
35511,0.052307013
35611,0.036960013
35711,0.06449187
35911,0.05739926
36011,0.019092288
36111,0.057127528
36611,0.060793936
37211,0.06540773
37411,0.06306043
37511,0.06919076
37611,0.0714037
37711,0.0984976
38111,0.06456817
38211,0.04688814
38311,0.04199755
38411,0.07018492
38611,0.074671246
38811,0.06646603
39111,0.06702159
39211,0.028596332
39311,0.045057688
39411,0.046774257
39611,0.07503609
39711,0.013582798
39911,0.057874456
40011,0.027115477
40211,0.05762405
40511,0.06339723
40611,0.06024217
41811,0.051859573
42011,0.0829468
42711,0.038096424
42911,0.04251432
43611,0.03326257
44211,0.03914879
44511,0.0649879
44711,0.10314226
44911,0.046847586
45211,0.06297692
45311,0.1040833
45511,0.06997294
45611,0.06574984
46111,0.0404895
46311,0.04821038
46511,0.05013344
46911,0.03198707
47011,0.06459561
47111,0.0125499405
47211,0.07633197
47311,0.02841322
47611,0.07185967
47711,0.057584412
47811,0.0256772
47911,0.052480303
48211,0.06560315
48611,0.050611224
48711,0.058567517
49111,0.050911408
49211,0.05944987
49611,0.105127074
49711,0.03189348
49911,0.019028356
50111,0.033589613
50311,0.06950635
50411,0.047947433
50611,0.039922465
50811,0.04938588
50911,0.06438185
51011,0.043231267
51211,0.037424576
51611,0.044706196
51811,0.03781982
52011,0.09369848
52111,0.0660358
52511,0.054166935
52611,0.07402126
52711,9.160622e-05
53211,0.069145136
53311,0.023239944
53411,0.009191394
53611,0.03255511
53911,0.001513436
54111,0.06397995
54211,0.024131585
54311,0.040623166
54411,0.07375791
54611,0.067273624
55011,0.04180777
55211,0.06968967
55411,0.0353621
55511,0.052827477
55611,0.06795117
56211,0.07433539
56511,0.04569938
56711,0.0605591
56811,0.04834819
57011,0.04113928
57111,0.06267056
57211,0.069142945
57311,0.09049261
57511,0.034910996
57911,0.039241504
58011,0.071660854
58211,0.048958465
58311,0.050383784
58511,0.045771368
58911,0.038542498
59111,0.047314968
59211,0.053535305
59511,0.04451731
59611,0.06997567
59811,0.046105795
59911,0.11073866
60411,0.07837329
60511,0.07870029
60811,0.049432978
61111,0.06518944
61311,0.07577011
61411,0.06050845
61711,0.05909995
62111,0.040879406
62411,0.093725234
62711,0.05384119
62811,0.044459824
63511,0.049326465
63611,0.022576885
63711,0.02363811
63811,0.048726723
63911,0.044603165
64311,0.04829884
64411,0.032771386
12,0.010301476
112,0.004264042
412,0.03158098
612,0.05773723
712,0.027201619
1012,0.009233392
1212,0.048798986
1712,0.011340682
2212,0.01461513
2712,0.010831696
2812,0.015593397
2912,0.09294642
3012,0.025475055
3112,0.04541823
3212,0.033215303
3312,0.024557708
3412,0.04036849
3712,0.034526397
4012,0.0074103368
4112,2.451782e-15
4212,0.028930893
4412,0.062063083
4712,0.029229505
4812,0.043644447
4912,0.073920295
5112,0.026795061
5212,0.025854746
5712,0.06875752
5912,0.036268078
6212,0.027900774
6312,0.030738309
6512,0.042088803
6612,0.023250436
6812,0.023630444
6912,0.08181803
7012,0.032071117
7212,0.035369296
7412,0.0066642184
7512,0.046530873
7712,0.023321183
7912,0.035687465
8112,0.050971176
8212,0.047673352
8312,0.047954984
8412,0.033282455
8512,0.0309278
8612,0.028389819
8712,0.014520269
8912,0.012156686
9012,0.012262493
9212,0.025877776
9512,0.057483803
9812,0.028599935
9912,0.0688299
10112,0.04367369
10412,0.031848133
10512,0.012061177
10612,0.0050000977
10712,0.035088032
10912,0.025740046
11212,0.034861084
11312,0.05447624
11712,0.036406357
11912,0.02320982
12112,0.016589858
12412,0.015840294
12712,0.04846524
12912,0.032434773
13012,0.022207044
13412,0.041147307
13512,0.016126214
13612,0.038965456
13712,0.023548096
13912,0.061987594
14312,0.018371522
14412,0.028870702
15412,0.041555658
15612,0.03876439
15712,0.020077806
15812,0.043103203
15912,0.031998474
16112,0.036248982
16212,0.02949134
16312,0.018310174
16412,0.019015443
16512,0.02895915
16612,0.011646592
17012,0.03225626
17112,0.011085402
17212,0.012611596
17312,0.016421916
17412,0.021731507
17612,0.07177802
17712,0.027292194
17912,0.008975463
18012,0.0064038173
18112,0.028981587
18212,0.024435405
18412,0.024964683
18512,0.013416566
18712,0.050111398
18812,0.0150455525
19112,0.01752926
19512,0.023674482
19612,0.025851784
19712,0.019567482
19812,0.0440818
20712,0.029394595
20812,0.046255402
20912,0.016097646
21112,0.030736886
21212,0.03312355
21412,0.0325393
21812,0.02521985
22012,0.013645404
22312,0.0017339394
22412,0.018775184
22512,0.0145852305
22612,0.037113
22912,0.046400417
23012,0.019888524
23212,0.0044724634
23312,0.06159784
23612,0.02330001
23712,0.058759857
23812,0.02946016
23912,0.0108990595
24112,0.0339032
24212,0.05677306
24412,0.020684382
24512,0.03485243
24612,0.054325424
24712,0.027477153
25312,0.03805061
25412,0.03235909
25812,0.056620214
26012,0.051496226
26112,0.039415002
26212,0.043656945
26312,0.040755987
26412,0.014479548
26612,0.018269712
26712,0.012087396
26812,0.08230677
26912,0.041728746
27012,0.04267326
27312,0.054948565
27412,0.015860908
27512,0.023498496
27912,0.057942048
28012,0.030624038
28112,0.022137007
28312,0.06421245
28412,0.025803365
29012,0.023451189
29112,0.025347821
29312,0.049758513
29612,0.028357955
29712,0.029163564
29812,0.028038887
29912,0.011509699
30012,0.036207587
30112,0.03731755
30312,0.017031865
30412,0.02911165
30712,0.028432736
30812,0.02745601
31112,0.03331752
31212,0.03513445
31612,0.03928064
31712,0.08055926
31812,0.045714594
31912,0.029213835
32012,0.03679769
32112,0.01712537
32812,0.032883346
33012,0.008082856
33112,0.008298407
33512,0.06459907
33712,0.0062083635
33812,0.0110288635
33912,0.022088744
34012,0.02508304
34212,0.019583397
34312,0.008280148
34412,0.017846458
34512,0.029427681
34612,0.03207192
34812,0.052009363
35012,0.049582288
35212,0.029669518
35312,0.0144985765
35512,0.048818596
35612,0.04918648
35712,0.017257765
35912,0.04468188
36012,0.08703224
36112,0.04960364
36612,0.03521481
37212,0.003620257
37412,0.04817196
37512,0.038780574
37612,0.012611428
37712,0.05235777
38112,0.016453981
38212,0.037653014
38312,0.032366604
38412,0.026864551
38612,0.029606616
38812,0.015431537
39112,0.04322083
39212,0.06315015
39312,0.10086702
39412,0.031807363
39612,0.026445486
39712,0.0001505801
39912,0.050467305
40012,0.054222547
40212,0.042488087
40512,0.08012825
40612,0.019905027
41812,0.043657966
42012,0.027434362
42712,0.0898093
42912,0.0035758512
43612,0.017509826
44212,0.039566785
44512,0.026455767
44712,0.0318711
44912,0.020790301
45212,0.07221183
45312,0.026777668
45512,0.009409604
45612,0.016559996
46112,0.0110917315
46312,0.03625581
46512,0.021614743
46912,0.052650522
47012,0.02069035
47112,0.025004389
47212,0.034127124
47312,0.060305882
47612,0.019700926
47712,0.06839795
47812,0.026211036
47912,0.0540943
48212,0.030059695
48612,0.018470962
48712,0.004212082
49112,0.029047651
49212,0.032674465
49612,0.033335358
49712,0.07805924
49912,0.027108578
50112,0.004404068
50312,0.01489289
50412,0.070474744
50612,0.035838585
50812,0.055285446
50912,0.035073012
51012,0.02014084
51212,0.021458859
51612,0.043839205
51812,0.03853053
52012,0.066903494
52112,0.045737017
52512,0.04424661
52612,0.019171374
52712,2.5102696e-12
53212,0.010413343
53312,0.060151123
53412,0.014936833
53612,0.051786773
53912,0.0007147551
54112,0.011715106
54212,0.023045637
54312,0.036355197
54412,0.050135747
54612,0.002824449
55012,0.032572944
55212,0.064968444
55412,0.03158255
55512,0.006594507
55612,0.012108847
56212,0.063140385
56512,0.05265653
56712,0.03501089
56812,0.024346115
57012,0.022168025
57112,0.06627424
57212,0.045878675
57312,0.036860388
57512,0.024805348
57912,0.04243015
58012,0.04200818
58212,0.032015998
58312,0.050640352
58512,0.040475257
58912,0.005717081
59112,0.018204553
59212,0.041843545
59512,0.0099864835
59612,0.042187337
59812,0.011770372
59912,0.025246665
60412,0.038601704
60512,0.031450704
60812,0.0251292
61112,0.013528181
61312,0.03373703
61412,0.031855926
61712,0.019555753
62112,0.013306804
62412,0.03293287
62712,0.026255421
62812,0.025101984
63512,0.07852708
63612,0.021451956
63712,0.03771311
63812,0.06692289
63912,0.039069146
64312,0.050406203
64412,0.04728541
13,0.23379174
113,0.2029408
413,0.0222779
613,0.051096067
713,0.06468109
1013,0.15282676
1213,0.078978285
1713,0.09565464
2213,0.06329553
2713,0.04844286
2813,0.030340998
2913,0.07098872
3013,0.11433496
3113,0.113129735
3213,0.055224657
3313,0.09035987
3413,0.08768891
3713,0.054287285
4013,0.09024978
4113,0.00032326288
4213,0.07602626
4413,0.026630681
4713,0.121759996
4813,0.08656606
4913,0.067943245
5113,0.1976247
5213,0.04509607
5713,0.029622126
5913,0.040827516
6213,0.0437116
6313,0.073728174
6513,0.08562338
6613,0.04296133
6813,0.116335884
6913,0.057727683
7013,0.054230925
7213,0.049118675
7413,0.06281682
7513,0.03282369
7713,0.03765331
7913,0.03498508
8113,0.054293066
8213,0.106618196
8313,0.064928904
8413,0.0759569
8513,0.079100356
8613,0.03596818
8713,0.051463224
8913,0.08625863
9013,0.022940423
9213,0.030060422
9513,0.051730696
9813,0.03925747
9913,0.0585307
10113,0.05720598
10413,0.06891262
10513,0.11209689
10613,0.07236613
10713,0.2298288
10913,0.07437822
11213,0.036512148
11313,0.049001217
11713,0.063357376
11913,0.04887804
12113,0.02319053
12413,0.04953474
12713,0.099258214
12913,0.028373474
13013,0.08638397
13413,0.057894945
13513,0.033563428
13613,0.06333947
13713,0.054110743
13913,0.059440203
14313,0.0472603
14413,0.06433796
15413,0.08855577
15613,0.016650636
15713,0.051261026
15813,0.15825775
15913,0.035532836
16113,0.09580859
16213,0.051273108
16313,0.12974757
16413,0.11879588
16513,0.037827678
16613,0.042344578
17013,0.054217525
17113,0.06394919
17213,0.057584826
17313,0.027944012
17413,0.027334882
17613,0.021836167
17713,0.04377665
17913,0.07933869
18013,0.06795304
18113,0.03314468
18213,0.036241148
18413,0.034689244
18513,0.06937067
18713,0.025458796
18813,0.04197069
19113,0.11337962
19513,0.03478172
19613,0.090330854
19713,0.095219925
19813,0.06794171
20713,0.044744458
20813,0.28945687
20913,0.09350267
21113,0.09176186
21213,0.04705334
21413,0.043274783
21813,0.11780777
22013,0.027874004
22313,0.050404806
22413,0.04623479
22513,0.10792619
22613,0.07685188
22913,0.03531008
23013,0.07480557
23213,0.053041305
23313,0.023749545
23613,0.02651053
23713,0.055465147
23813,0.058838934
23913,0.07176973
24113,0.034067653
24213,0.050652627
24413,0.078290276
24513,0.053987283
24613,0.04285515
24713,0.03237256
25313,0.02690616
25413,0.04822981
25813,0.0796641
26013,0.06606181
26113,0.08397474
26213,0.07494102
26313,0.11996212
26413,0.08486706
26613,0.12025841
26713,0.062819876
26813,0.1366453
26913,0.05505256
27013,0.028970629
27313,0.102950156
27413,0.022233296
27513,0.056946956
27913,0.05451024
28013,0.110072695
28113,0.052666366
28313,0.043145683
28413,0.053690996
29013,0.0686019
29113,0.043132313
29313,0.1342341
29613,0.061515436
29713,0.17687622
29813,0.06219644
29913,0.100670494
30013,0.07049196
30113,0.033491988
30313,0.06369253
30413,0.039409555
30713,0.1404328
30813,0.022765571
31113,0.028318876
31213,0.08035018
31613,0.03947317
31713,0.06701763
31813,0.055571456
31913,0.06074317
32013,0.04258269
32113,0.14373702
32813,0.052683223
33013,0.04142624
33113,0.08014501
33513,0.041282035
33713,0.06030614
33813,0.022746312
33913,0.03782119
34013,0.03826683
34213,0.08301799
34313,0.028811274
34413,0.036914345
34513,0.058087673
34613,0.026726786
34813,0.1264066
35013,0.07761614
35213,0.099489585
35313,0.05834131
35513,0.05998568
35613,0.089509666
35713,0.108731866
35913,0.062206738
36013,0.0774478
36113,0.04821563
36613,0.027958984
37213,0.039625205
37413,0.0869969
37513,0.076736264
37613,0.061551336
37713,0.084318
38113,0.045625612
38213,0.12771463
38313,0.07519537
38413,0.051573697
38613,0.043459766
38813,0.030932019
39113,0.043023843
39213,0.069424264
39313,0.11715921
39413,0.03593394
39613,0.081150845
39713,0.0041211266
39913,0.051969055
40013,0.021862293
40213,0.039949592
40513,0.074725546
40613,0.032760333
41813,0.04152939
42013,0.11061591
42713,0.03990427
42913,0.10550175
43613,0.09058456
44213,0.07172152
44513,0.026328057
44713,0.078211255
44913,0.065996565
45213,0.046978336
45313,0.09761021
45513,0.12580314
45613,0.10762596
46113,0.051803064
46313,0.063513935
46513,0.038468268
46913,0.01654945
47013,0.04420186
47113,0.043264113
47213,0.041922964
47313,0.07904141
47613,0.032329865
47713,0.029048162
47813,0.07640546
47913,0.08440309
48213,0.035775505
48613,0.09782068
48713,0.026728364
49113,0.09382254
49213,0.055276792
49613,0.062459704
49713,0.045962106
49913,0.09686928
50113,0.012463665
50313,0.030791502
50413,0.034072597
50613,0.044212356
50813,0.048754465
50913,0.10242311
51013,0.037896305
51213,0.08437456
51613,0.034790065
51813,0.050819725
52013,0.028769795
52113,0.05006392
52513,0.033931874
52613,0.0955618
52713,0.0019266238
53213,0.111311786
53313,0.060709998
53413,0.034266464
53613,0.17235655
53913,0.05133056
54113,0.1809793
54213,0.11289592
54313,0.06320649
54413,0.14449427
54613,0.005725226
55013,0.040499423
55213,0.041519757
55413,0.084788635
55513,0.043526884
55613,0.046620753
56213,0.06312292
56513,0.048990373
56713,0.06576715
56813,0.053919245
57013,0.028751938
57113,0.03224304
57213,0.123647675
57313,0.048502818
57513,0.052341696
57913,0.06376282
58013,0.06531952
58213,0.06947733
58313,0.07132049
58513,0.042615518
58913,0.06329822
59113,0.042424742
59213,0.058359083
59513,0.053490516
59613,0.038872197
59813,0.0888576
59913,0.07106526
60413,0.04263292
60513,0.035529524
60813,0.053803436
61113,0.026567698
61313,0.21536167
61413,0.08387684
61713,0.058400948
62113,0.08435894
62413,0.12812175
62713,0.06984504
62813,0.04230308
63513,0.028623493
63613,0.051851094
63713,0.19127248
63813,0.05687191
63913,0.059384085
64313,0.052909896
64413,0.07746036
14,0.013968912
114,0.06540938
414,0.028296506
614,0.09910587
714,0.060589083
1014,0.022605073
1214,0.038203634
1714,0.008753567
2214,0.02458095
2714,0.057555225
2814,0.027902037
2914,0.031854738
3014,0.052212056
3114,0.06693352
3214,0.056468368
3314,0.024410335
3414,0.039764214
3714,0.06017964
4014,0.047625724
4114,3.8980894e-10
4214,0.026098296
4414,0.078332
4714,0.06409532
4814,0.060284056
4914,0.12177458
5114,0.027348373
5214,0.06604146
5714,0.10151769
5914,0.02453814
6214,0.08083631
6314,0.050360102
6514,0.030724574
6614,0.05627795
6814,0.050369
6914,0.029465508
7014,0.07106145
7214,0.037137493
7414,0.031718176
7514,0.09594438
7714,0.022397567
7914,0.07300555
8114,0.04592546
8214,0.070352025
8314,0.07412215
8414,0.02368093
8514,0.030855283
8614,0.042866345
8714,0.035235163
8914,0.029707892
9014,0.044405106
9214,0.04323011
9514,0.06844174
9814,0.03030166
9914,0.029393774
10114,0.058662858
10414,0.045756746
10514,0.011767424
10614,0.02203708
10714,0.11711993
10914,0.08240684
11214,0.031183703
11314,0.039648894
11714,0.029964805
11914,0.054895394
12114,0.049389224
12414,0.03544868
12714,0.05744224
12914,0.04852629
13014,0.045645397
13414,0.049751252
13514,0.02509125
13614,0.04685816
13714,0.06017381
13914,0.07909529
14314,0.045686904
14414,0.065151736
15414,0.09226852
15614,0.069476366
15714,0.09570715
15814,0.045240305
15914,0.054986708
16114,0.059957713
16214,0.059126463
16314,0.02975573
16414,0.032010723
16514,0.02140438
16614,0.06992164
17014,0.048760004
17114,0.023665795
17214,0.017942945
17314,0.029733703
17414,0.07965511
17614,0.05263074
17714,0.0670412
17914,0.016719239
18014,0.02363851
18114,0.06077339
18214,0.04184809
18414,0.049890056
18514,0.036635593
18714,0.05129638
18814,0.033602018
19114,0.06305321
19514,0.047807187
19614,0.045693535
19714,0.096309535
19814,0.02766763
20714,0.051043965
20814,0.026055615
20914,0.025365397
21114,0.04110647
21214,0.06310505
21414,0.02324388
21814,0.06966086
22014,0.019426642
22314,0.008268838
22414,0.03918526
22514,0.043251887
22614,0.04190066
22914,0.0383975
23014,0.02380186
23214,0.024131848
23314,0.12233756
23614,0.053291332
23714,0.050796613
23814,0.02931937
23914,0.04004795
24114,0.047330044
24214,0.07654802
24414,0.031278428
24514,0.036986623
24614,0.033423763
24714,0.066968545
25314,0.0616543
25414,0.06433035
25814,0.059914503
26014,0.06901072
26114,0.11359368
26214,0.07240515
26314,0.05653492
26414,0.06656568
26614,0.022343282
26714,0.06700647
26814,0.075423375
26914,0.041117318
27014,0.056531917
27314,0.027448295
27414,0.016466435
27514,0.037889726
27914,0.05526199
28014,0.03870329
28114,0.07158767
28314,0.065545976
28414,0.038238306
29014,0.034469236
29114,0.058591686
29314,0.06237301
29614,0.0965207
29714,0.040844277
29814,0.04857103
29914,0.06014542
30014,0.057606976
30114,0.027112402
30314,0.061387997
30414,0.032534685
30714,0.05849049
30814,0.026399061
31114,0.044011
31214,0.04655819
31614,0.04556287
31714,0.039781716
31814,0.045224875
31914,0.06755566
32014,0.043678954
32114,0.03821948
32814,0.046518046
33014,0.024487363
33114,0.01973264
33514,0.06648976
33714,0.012554515
33814,0.016498767
33914,0.017550832
34014,0.03546476
34214,0.05198817
34314,0.022177448
34414,0.0758062
34514,0.046393596
34614,0.046995286
34814,0.044105757
35014,0.05856346
35214,0.05937837
35314,0.04366005
35514,0.0348411
35614,0.10135233
35714,0.053322535
35914,0.033063393
36014,0.0355732
36114,0.051914364
36614,0.0746255
37214,0.012894754
37414,0.056780916
37514,0.065399766
37614,0.032614324
37714,0.053735834
38114,0.03243281
38214,0.036182884
38314,0.08485854
38414,0.023010945
38614,0.04274482
38814,0.020991247
39114,0.05381838
39214,0.04182998
39314,0.05586619
39414,0.05906981
39614,0.02338007
39714,0.0010046144
39914,0.042271785
40014,0.05580375
40214,0.03974375
40514,0.05858802
40614,0.046045713
41814,0.045537207
42014,0.03635921
42714,0.055613454
42914,0.01291969
43614,0.05117321
44214,0.07752708
44514,0.039296262
44714,0.10494409
44914,0.022568336
45214,0.077580556
45314,0.034800716
45514,0.036311433
45614,0.047064595
46114,0.020349983
46314,0.04263897
46514,0.07468148
46914,0.12555674
47014,0.043416064
47114,0.08597052
47214,0.033285644
47314,0.056563072
47614,0.0481912
47714,0.05598556
47814,0.043390024
47914,0.05570045
48214,0.062012225
48614,0.06731642
48714,0.012726014
49114,0.015845034
49214,0.056634977
49614,0.03442352
49714,0.05631064
49914,0.073563054
50114,0.014639367
50314,0.02896317
50414,0.03842563
50614,0.029926358
50814,0.059239965
50914,0.13268904
51014,0.03734132
51214,0.018503048
51614,0.068063304
51814,0.048350584
52014,0.031250447
52114,0.08521706
52514,0.05395406
52614,0.020905072
52714,1.8323565e-09
53214,0.0356761
53314,0.041781306
53414,0.13385409
53614,0.096991844
53914,0.00030989846
54114,0.03859526
54214,0.031534284
54314,0.026499918
54414,0.043603767
54614,0.017450279
55014,0.032248728
55214,0.072033
55414,0.047397114
55514,0.033719275
55614,0.017569168
56214,0.029114883
56514,0.036657494
56714,0.06101249
56814,0.023787713
57014,0.055283982
57114,0.060084164
57214,0.06745952
57314,0.02595025
57514,0.03173699
57914,0.079669654
58014,0.081258744
58214,0.06443121
58314,0.079803325
58514,0.0632844
58914,0.012231025
59114,0.05180107
59214,0.024948098
59514,0.05720243
59614,0.058131885
59814,0.042044595
59914,0.039271615
60414,0.022803364
60514,0.028548965
60814,0.028600154
61114,0.027057098
61314,0.0598481
61414,0.07653614
61714,0.024592137
62114,0.038324725
62414,0.041914903
62714,0.044236686
62814,0.06000311
63514,0.071287714
63614,0.039051972
63714,0.0556611
63814,0.04028933
63914,0.03910938
64314,0.07440989
64414,0.031167468
15,0.29525557
115,0.058067355
415,0.042797055
615,0.061841995
715,0.060547
1015,0.12059895
1215,0.052759517
1715,0.044443898
2215,0.06080815
2715,0.047728065
2815,0.033209328
2915,0.021028707
3015,0.05043189
3115,0.031553052
3215,0.033584468
3315,0.02156713
3415,0.08460066
3715,0.031121427
4015,0.006554147
4115,1.1569301e-11
4215,0.08304603
4415,0.02688178
4715,0.019301273
4815,0.025771262
4915,0.038772997
5115,0.07799465
5215,0.049743637
5715,0.048312988
5915,0.051692538
6215,0.03385567
6315,0.038814414
6515,0.03160926
6615,0.09586675
6815,0.0644939
6915,0.023846325
7015,0.043327898
7215,0.038489256
7415,0.051631957
7515,0.02278578
7715,0.06015594
7915,0.030825736
8115,0.059476323
8215,0.037079435
8315,0.041966476
8415,0.031453043
8515,0.04536497
8615,0.047445074
8715,0.08843712
8915,0.0300793
9015,0.050450094
9215,0.044012137
9515,0.051588286
9815,0.040580552
9915,0.07639333
10115,0.040088188
10415,0.04900519
10515,0.023181552
10615,0.025990456
10715,0.034399465
10915,0.041851353
11215,0.035827838
11315,0.027528407
11715,0.040333986
11915,0.05029808
12115,0.02517005
12415,0.03476132
12715,0.065019466
12915,0.03822625
13015,0.034231953
13415,0.030536655
13515,0.029161854
13615,0.033249997
13715,0.044766314
13915,0.015490512
14315,0.046711106
14415,0.03421278
15415,0.06093625
15615,0.05304736
15715,0.051753454
15815,0.037525248
15915,0.04386094
16115,0.03640875
16215,0.03243082
16315,0.070400394
16415,0.1270489
16515,0.03585155
16615,0.044526402
17015,0.04718451
17115,0.013313223
17215,0.05454259
17315,0.052144267
17415,0.026496265
17615,0.05527377
17715,0.03949454
17915,0.027765049
18015,0.067975596
18115,0.033919103
18215,0.056752697
18415,0.060520776
18515,0.057027534
18715,0.017963488
18815,0.017685827
19115,0.053010803
19515,0.093293704
19615,0.012443793
19715,0.041783445
19815,0.023518521
20715,0.044470996
20815,0.028536523
20915,0.04293444
21115,0.04386596
21215,0.039107487
21415,0.057597093
21815,0.029896712
22015,0.02844815
22315,0.03347318
22415,0.033833172
22515,0.024161333
22615,0.042407516
22915,0.034253277
23015,0.038140494
23215,0.05870701
23315,0.027343526
23615,0.043064278
23715,0.096941
23815,0.034258384
23915,0.05444176
24115,0.06702872
24215,0.046318237
24415,0.014085743
24515,0.02604047
24615,0.020474734
24715,0.06202785
25315,0.015046664
25415,0.057834532
25815,0.02417536
26015,0.02721089
26115,0.03204618
26215,0.01406019
26315,0.06377272
26415,0.043579616
26615,0.05309552
26715,0.08644215
26815,0.009629767
26915,0.044876862
27015,0.03000086
27315,0.025035812
27415,0.026486289
27515,0.09678547
27915,0.085850134
28015,0.022420056
28115,0.032430258
28315,0.028798286
28415,0.050314277
29015,0.07160153
29115,0.018837398
29315,0.043386884
29615,0.022932963
29715,0.061128013
29815,0.045893442
29915,0.044254173
30015,0.03598713
30115,0.025922615
30315,0.0310433
30415,0.06562996
30715,0.03421021
30815,0.023547174
31115,0.041195963
31215,0.09617417
31615,0.049001098
31715,0.018473018
31815,0.1221465
31915,0.0557917
32015,0.045221437
32115,0.12994806
32815,0.021738416
33015,0.029441323
33115,0.06933077
33515,0.060770456
33715,0.038215615
33815,0.016708152
33915,0.019397274
34015,0.027258517
34215,0.019002028
34315,0.10911624
34415,0.04038006
34515,0.03791969
34615,0.07052661
34815,0.0124499425
35015,0.045117006
35215,0.04163966
35315,0.07536186
35515,0.044611786
35615,0.037470218
35715,0.036400184
35915,0.026417896
36015,0.025690105
36115,0.035952497
36615,0.04665065
37215,0.018412512
37415,0.055273626
37515,0.06409129
37615,0.025005274
37715,0.05504129
38115,0.05470858
38215,0.061822996
38315,0.04615117
38415,0.014973347
38615,0.028669333
38815,0.067326285
39115,0.048151795
39215,0.028180106
39315,0.030647144
39415,0.045750625
39615,0.09437267
39715,0.004221183
39915,0.03455789
40015,0.03435953
40215,0.04058412
40515,0.041411143
40615,0.06672158
41815,0.061380666
42015,0.01283049
42715,0.033181556
42915,0.033022404
43615,0.04172087
44215,0.05713094
44515,0.022393955
44715,0.035562236
44915,0.028835054
45215,0.03708805
45315,0.05063252
45515,0.040331747
45615,0.070725895
46115,0.026021563
46315,0.031969726
46515,0.022131227
46915,0.06325282
47015,0.039909862
47115,0.07095852
47215,0.07887158
47315,0.06931089
47615,0.038849097
47715,0.03692286
47815,0.027257591
47915,0.034866557
48215,0.03481045
48615,0.039729882
48715,0.016020264
49115,0.04454497
49215,0.045013025
49615,0.031343706
49715,0.052355185
49915,0.06495507
50115,0.009691537
50315,0.047720935
50415,0.03927917
50615,0.029044598
50815,0.034838036
50915,0.03559463
51015,0.084463574
51215,0.015962897
51615,0.014745748
51815,0.034921885
52015,0.019965291
52115,0.05928138
52515,0.05920542
52615,0.015981479
52715,0.0016735892
53215,0.024061156
53315,0.13159302
53415,0.020830492
53615,0.024481136
53915,0.0019080923
54115,0.045230918
54215,0.016470948
54315,0.043920886
54415,0.063078545
54615,0.010024823
55015,0.032361116
55215,0.02391443
55415,0.043039605
55515,0.012428356
55615,0.034346666
56215,0.041131824
56515,0.13185234
56715,0.04263579
56815,0.026052564
57015,0.016942823
57115,0.06497056
57215,0.048135236
57315,0.035528157
57515,0.051456165
57915,0.02162596
58015,0.054771706
58215,0.040425483
58315,0.035935182
58515,0.033358566
58915,0.029867588
59115,0.026862776
59215,0.022501988
59515,0.039130844
59615,0.037155237
59815,0.017138425
59915,0.02177878
60415,0.024975246
60515,0.01617721
60815,0.03668638
61115,0.021062145
61315,0.04260314
61415,0.02298323
61715,0.045875996
62115,0.04044436
62415,0.08318145
62715,0.036852974
62815,0.06546283
63515,0.044618066
63615,0.020585682
63715,0.038328428
63815,0.05109193
63915,0.036996014
64315,0.04611414
64415,0.03690592
16,0.0034993268
116,0.001482208
416,0.049220677
616,0.05531347
716,0.016838657
1016,0.007810392
1216,0.02028889
1716,0.005285799
2216,0.023371214
2716,0.0049916524
2816,0.05974031
2916,0.028194396
3016,0.016433526
3116,0.034513958
3216,0.045674425
3316,0.013786343
3416,0.038707834
3716,0.025896285
4016,0.007192589
4116,1.7097704e-18
4216,0.022524806
4416,0.053109743
4716,0.016378595
4816,0.043331698
4916,0.021278407
5116,0.0145370355
5216,0.017238712
5716,0.0716505
5916,0.06365543
6216,0.041193336
6316,0.031918097
6516,0.02218008
6616,0.017914698
6816,0.012286246
6916,0.029799303
7016,0.02148417
7216,0.021128962
7416,0.013582366
7516,0.019875316
7716,0.037960637
7916,0.050689552
8116,0.036149032
8216,0.034697942
8316,0.044301502
8416,0.03865916
8516,0.01960249
8616,0.04249502
8716,0.02498803
8916,0.023824032
9016,0.031750094
9216,0.05485368
9516,0.0367066
9816,0.007238936
9916,0.04652027
10116,0.04164422
10416,0.051153786
10516,0.010929101
10616,0.0041707563
10716,0.01535167
10916,0.017092278
11216,0.03375092
11316,0.030726202
11716,0.02829259
11916,0.046091232
12116,0.031796426
12416,0.034069505
12716,0.019120531
12916,0.047614582
13016,0.00863295
13416,0.06983699
13516,0.03215907
13616,0.041846517
13716,0.011669974
13916,0.019224681
14316,0.039140135
14416,0.025116017
15416,0.027410666
15616,0.043780908
15716,0.024099175
15816,0.01122936
15916,0.049972374
16116,0.021410283
16216,0.050517485
16316,0.008151762
16416,0.010114481
16516,0.019572856
16616,0.004385677
17016,0.027792528
17116,0.0135571165
17216,0.0077715423
17316,0.011798799
17416,0.013957124
17616,0.056201823
17716,0.043921538
17916,0.0049028043
18016,0.0017890766
18116,0.030001597
18216,0.03160589
18416,0.062056627
18516,0.017038118
18716,0.0092435
18816,0.014171034
19116,0.016426504
19516,0.030726654
19616,0.030746622
19716,0.010532947
19816,0.036632083
20716,0.03748344
20816,0.010381045
20916,0.03188282
21116,0.027735654
21216,0.035795864
21416,0.026873907
21816,0.016770223
22016,0.025886469
22316,0.000451853
22416,0.07344636
22516,0.024196576
22616,0.025012268
22916,0.014882018
23016,0.028928647
23216,0.013452285
23316,0.018427161
23616,0.07358077
23716,0.04309505
23816,0.02313791
23916,0.021064617
24116,0.06795731
24216,0.054735173
24416,0.033921737
24516,0.054047197
24616,0.02546187
24716,0.027375165
25316,0.031814646
25416,0.039477255
25816,0.03205195
26016,0.031540386
26116,0.019837344
26216,0.029477172
26316,0.036090538
26416,0.017293056
26616,0.06397891
26716,0.021809204
26816,0.023937678
26916,0.043174542
27016,0.042839643
27316,0.0336122
27416,0.0453342
27516,0.0224854
27916,0.023819918
28016,0.018669285
28116,0.045199905
28316,0.06536087
28416,0.040206913
29016,0.03122345
29116,0.027823314
29316,0.019365165
29616,0.0120829595
29716,0.013211328
29816,0.03142002
29916,0.022240212
30016,0.026792321
30116,0.033489693
30316,0.025153544
30416,0.036334388
30716,0.015900651
30816,0.06103563
31116,0.018277673
31216,0.030070528
31616,0.031763777
31716,0.020010287
31816,0.0616848
31916,0.030893235
32016,0.050590713
32116,0.003685855
32816,0.023975365
33016,0.014057229
33116,0.019807978
33516,0.044219818
33716,0.004700326
33816,0.004217078
33916,0.037354626
34016,0.025555471
34216,0.018432185
34316,0.027728572
34416,0.023785306
34516,0.030256374
34616,0.0736621
34816,0.01747505
35016,0.03843457
35216,0.02050208
35316,0.02950097
35516,0.052988697
35616,0.01917881
35716,0.019403525
35916,0.058695357
36016,0.035817552
36116,0.049536392
36616,0.025818331
37216,0.0061970362
37416,0.037671547
37516,0.016003402
37616,0.015590385
37716,0.037547782
38116,0.032069184
38216,0.037595112
38316,0.032223072
38416,0.02199926
38616,0.048433393
38816,0.014719625
39116,0.04192727
39216,0.0057153394
39316,0.0142546445
39416,0.044151388
39616,0.03360822
39716,0.0003960997
39916,0.048927713
40016,0.022762628
40216,0.018991925
40516,0.056673877
40616,0.024025325
41816,0.02651501
42016,0.012397739
42716,0.06583275
42916,0.011729848
43616,0.023803752
44216,0.025823157
44516,0.039317973
44716,0.03508967
44916,0.01904545
45216,0.056764927
45316,0.01637941
45516,0.0253012
45616,0.0062658032
46116,0.008919013
46316,0.020084219
46516,0.06477953
46916,0.019646073
47016,0.035083313
47116,0.017106898
47216,0.053009335
47316,0.037280183
47616,0.019583318
47716,0.07524099
47816,0.022636637
47916,0.029832669
48216,0.082258746
48616,0.012012597
48716,0.008044891
49116,0.018325346
49216,0.03324848
49616,0.06316774
49716,0.022808425
49916,0.021633
50116,0.0016892881
50316,0.025160922
50416,0.036911458
50616,0.033773053
50816,0.019804569
50916,0.017651645
51016,0.026508508
51216,0.033598315
51616,0.034778725
51816,0.02644008
52016,0.0180654
52116,0.02414512
52516,0.011952701
52616,0.005802749
52716,1.5835289e-10
53216,0.0177883
53316,0.00978605
53416,0.010328945
53616,0.014453384
53916,0.00046404512
54116,0.0064150337
54216,0.008469217
54316,0.024403088
54416,0.013002599
54616,0.00263509
55016,0.060572535
55216,0.028374428
55416,0.035577364
55516,0.0032498236
55616,0.03142557
56216,0.0343619
56516,0.09313361
56716,0.019382667
56816,0.09778976
57016,0.021222979
57116,0.04019391
57216,0.03295407
57316,0.04799309
57516,0.015347493
57916,0.024249375
58016,0.016155059
58216,0.02616089
58316,0.020067492
58516,0.028154433
58916,0.02025276
59116,0.028799096
59216,0.03066199
59516,0.006326531
59616,0.055540726
59816,0.011428094
59916,0.014516137
60416,0.05985579
60516,0.012985133
60816,0.026221467
61116,0.03632897
61316,0.026787173
61416,0.013745647
61716,0.03321665
62116,0.013993802
62416,0.030123554
62716,0.031877283
62816,0.047767982
63516,0.05392094
63616,0.02996578
63716,0.014334023
63816,0.04634675
63916,0.08354512
64316,0.025922572
64416,0.055189025
17,0.01179144
117,0.01252134
417,0.021869002
617,0.033167534
717,0.05273312
1017,0.051303223
1217,0.031663645
1717,0.022266598
2217,0.04235627
2717,0.025013156
2817,0.035651732
2917,0.10159825
3017,0.097034186
3117,0.024485722
3217,0.046608023
3317,0.027032102
3417,0.038040712
3717,0.031417944
4017,0.016210249
4117,4.6178126e-08
4217,0.056253456
4417,0.061768
4717,0.037864625
4817,0.03339386
4917,0.06743753
5117,0.042929526
5217,0.059400674
5717,0.04437701
5917,0.06487643
6217,0.07472702
6317,0.03345851
6517,0.02722056
6617,0.05074951
6817,0.062240407
6917,0.043920085
7017,0.03431215
7217,0.017394258
7417,0.010965503
7517,0.06472488
7717,0.051027864
7917,0.03192716
8117,0.031816404
8217,0.0522831
8317,0.0417369
8417,0.06387299
8517,0.05748885
8617,0.024654513
8717,0.026487408
8917,0.02705026
9017,0.028214455
9217,0.040250003
9517,0.020756697
9817,0.09044655
9917,0.07236106
10117,0.051392525
10417,0.05891779
10517,0.029230544
10617,0.04375727
10717,0.01724766
10917,0.05687373
11217,0.032333504
11317,0.03612939
11717,0.036000382
11917,0.05554649
12117,0.032892965
12417,0.08728314
12717,0.023722138
12917,0.030912085
13017,0.14466497
13417,0.05185764
13517,0.07125049
13617,0.1167427
13717,0.06480349
13917,0.10104916
14317,0.0430264
14417,0.05598596
15417,0.042963758
15617,0.044156216
15717,0.033701357
15817,0.03597321
15917,0.049387272
16117,0.023210535
16217,0.042871892
16317,0.036467467
16417,0.010060752
16517,0.054041363
16617,0.04871919
17017,0.040202934
17117,0.042941716
17217,0.07572851
17317,0.011878314
17417,0.047953427
17617,0.062340636
17717,0.038396858
17917,0.011783675
18017,0.04993042
18117,0.030463165
18217,0.007868349
18417,0.018719247
18517,0.02175833
18717,0.023564845
18817,0.07420018
19117,0.026340857
19517,0.015443959
19617,0.04402245
19717,0.03978904
19817,0.046761442
20717,0.046169408
20817,0.025181578
20917,0.027600784
21117,0.041881803
21217,0.06012582
21417,0.032409627
21817,0.0197937
22017,0.08486547
22317,0.023499401
22417,0.039084118
22517,0.03024701
22617,0.02779023
22917,0.012768118
23017,0.025909267
23217,0.0393929
23317,0.11003141
23617,0.02520788
23717,0.024698503
23817,0.02568515
23917,0.02528498
24117,0.022634951
24217,0.031115578
24417,0.043439545
24517,0.026012862
24617,0.033094965
24717,0.02036709
25317,0.05836713
25417,0.04023242
25817,0.038208302
26017,0.035162363
26117,0.030823166
26217,0.07153367
26317,0.031334892
26417,0.082597755
26617,0.020370241
26717,0.014150013
26817,0.018074598
26917,0.039319526
27017,0.07211884
27317,0.05090007
27417,0.048907474
27517,0.033400867
27917,0.04082271
28017,0.07119655
28117,0.039229505
28317,0.08211076
28417,0.05297066
29017,0.029756939
29117,0.011839331
29317,0.023370355
29617,0.03310183
29717,0.08535566
29817,0.021491468
29917,0.03294518
30017,0.035735622
30117,0.069183886
30317,0.043034576
30417,0.10829161
30717,0.038906246
30817,0.069174156
31117,0.020957248
31217,0.029829595
31617,0.043620728
31717,0.020037448
31817,0.024666037
31917,0.035927795
32017,0.023253543
32117,0.024637101
32817,0.07195184
33017,0.042400762
33117,0.03304551
33517,0.046497293
33717,0.03582064
33817,0.06718168
33917,0.020065108
34017,0.03690899
34217,0.023061713
34317,0.02937191
34417,0.02599733
34517,0.03559769
34617,0.03346661
34817,0.018090744
35017,0.0547521
35217,0.046141088
35317,0.04184811
35517,0.040431812
35617,0.04717425
35717,0.05667545
35917,0.049781073
36017,0.05667894
36117,0.034631632
36617,0.038639337
37217,0.026302414
37417,0.045923945
37517,0.038023617
37617,0.08326887
37717,0.036597565
38117,0.053990107
38217,0.044485085
38317,0.040381033
38417,0.036171127
38617,0.032441355
38817,0.026742797
39117,0.023223056
39217,0.014938948
39317,0.02421925
39417,0.019836212
39617,0.01908208
39717,0.009975931
39917,0.044231445
40017,0.028541207
40217,0.032540552
40517,0.04627442
40617,0.04360821
41817,0.024106722
42017,0.16725093
42717,0.032977715
42917,0.02345576
43617,0.027345901
44217,0.03438032
44517,0.03843714
44717,0.026289301
44917,0.09137152
45217,0.023554776
45317,0.027601644
45517,0.025014434
45617,0.042243555
46117,0.08293277
46317,0.049581677
46517,0.035036337
46917,0.035858095
47017,0.025598297
47117,0.026861446
47217,0.040130965
47317,0.04599284
47617,0.06739247
47717,0.031539317
47817,0.042362984
47917,0.026462302
48217,0.03711712
48617,0.033387315
48717,0.03656072
49117,0.047313016
49217,0.048509296
49617,0.079433545
49717,0.051355865
49917,0.03549108
50117,0.06808126
50317,0.016417596
50417,0.015883585
50617,0.019803096
50817,0.024647478
50917,0.04236123
51017,0.032541428
51217,0.01908959
51617,0.0434492
51817,0.044945244
52017,0.07859363
52117,0.057529185
52517,0.06799324
52617,0.013184249
52717,1.3305764e-06
53217,0.027160665
53317,0.039928548
53417,0.06786664
53617,0.038529057
53917,0.0038885658
54117,0.023419673
54217,0.059539497
54317,0.039761722
54417,0.010397264
54617,0.08136013
55017,0.06136152
55217,0.037599694
55417,0.029944377
55517,0.016040714
55617,0.02936735
56217,0.022199668
56517,0.020636424
56717,0.024600588
56817,0.03822037
57017,0.038087334
57117,0.04431807
57217,0.023343997
57317,0.038461782
57517,0.05271069
57917,0.033549786
58017,0.04690844
58217,0.055073716
58317,0.052942645
58517,0.08261008
58917,0.1027015
59117,0.01886012
59217,0.06282986
59517,0.021098817
59617,0.01867071
59817,0.033818364
59917,0.061729673
60417,0.09502968
60517,0.03044674
60817,0.066729255
61117,0.054865237
61317,0.029411303
61417,0.032041475
61717,0.062283095
62117,0.04527963
62417,0.023267485
62717,0.043258555
62817,0.06633717
63517,0.03528041
63617,0.07011841
63717,0.027550401
63817,0.05650219
63917,0.028892774
64317,0.03455307
64417,0.057233915
18,0.006037251
118,0.009582246
418,0.075535044
618,0.05341201
718,0.036558334
1018,0.008250905
1218,0.028629629
1718,0.043791004
2218,0.024834264
2718,0.033948366
2818,0.062005647
2918,0.033599146
3018,0.05190299
3118,0.018509597
3218,0.045641232
3318,0.037888248
3418,0.036052737
3718,0.04738441
4018,0.095897175
4118,3.3726585e-07
4218,0.08869051
4418,0.041333936
4718,0.048785977
4818,0.037529416
4918,0.07603551
5118,0.04174133
5218,0.059773583
5718,0.039551217
5918,0.053768348
6218,0.12097086
6318,0.033069856
6518,0.07197693
6618,0.071366556
6818,0.054690246
6918,0.04945123
7018,0.045740146
7218,0.027838523
7418,0.04567722
7518,0.031068733
7718,0.09897538
7918,0.074445836
8118,0.040258776
8218,0.06482615
8318,0.060255338
8418,0.124755844
8518,0.031618025
8618,0.05260687
8718,0.036623556
8918,0.07889061
9018,0.075081676
9218,0.07548148
9518,0.03935651
9818,0.04234425
9918,0.031710654
10118,0.060195427
10418,0.037075866
10518,0.06644755
10618,0.17159794
10718,0.05101408
10918,0.11497258
11218,0.0634895
11318,0.0607532
11718,0.05835337
11918,0.036881737
12118,0.040659666
12418,0.07180361
12718,0.0625719
12918,0.034537997
13018,0.08484962
13418,0.05787173
13518,0.07663732
13618,0.08257817
13718,0.12316255
13918,0.06815811
14318,0.07769917
14418,0.15443242
15418,0.053016186
15618,0.05309919
15718,0.12093493
15818,0.044646963
15918,0.044858657
16118,0.067201905
16218,0.06721123
16318,0.020838745
16418,0.009122145
16518,0.02705781
16618,0.0496446
17018,0.0396079
17118,0.04317356
17218,0.07857528
17318,0.049533747
17418,0.07371009
17618,0.051798474
17718,0.076885425
17918,0.039154135
18018,0.015927013
18118,0.039401047
18218,0.042207237
18418,0.046843775
18518,0.05017443
18718,0.051197477
18818,0.07883957
19118,0.022078965
19518,0.028093154
19618,0.074946426
19718,0.029591354
19818,0.05050967
20718,0.033576347
20818,0.04192217
20918,0.057047185
21118,0.04186101
21218,0.060175832
21418,0.044114012
21818,0.11016761
22018,0.09854464
22318,0.014984153
22418,0.04187837
22518,0.08858832
22618,0.03588982
22918,0.046308696
23018,0.06914248
23218,0.076162726
23318,0.05500389
23618,0.044903114
23718,0.04658561
23818,0.03596656
23918,0.066977546
24118,0.044670932
24218,0.039423008
24418,0.028609786
24518,0.071526326
24618,0.05851667
24718,0.0800294
25318,0.021048997
25418,0.044391878
25818,0.035997733
26018,0.04040563
26118,0.035160013
26218,0.08943898
26318,0.02563631
26418,0.12153553
26618,0.018782597
26718,0.06228055
26818,0.028899746
26918,0.06330146
27018,0.06272102
27318,0.054429606
27418,0.06491819
27518,0.05226315
27918,0.04129514
28018,0.052709054
28118,0.043428764
28318,0.04703445
28418,0.045010842
29018,0.042646114
29118,0.055525586
29318,0.048931826
29618,0.08101287
29718,0.053823065
29818,0.06887247
29918,0.043334622
30018,0.03834688
30118,0.07314211
30318,0.07460946
30418,0.12163291
30718,0.04490943
30818,0.09700389
31118,0.07931745
31218,0.025635092
31618,0.07187243
31718,0.034143984
31818,0.031578805
31918,0.033019576
32018,0.09152857
32118,0.010065318
32818,0.09638978
33018,0.02993623
33118,0.039110877
33518,0.05448699
33718,0.051768392
33818,0.03520936
33918,0.07147155
34018,0.025831595
34218,0.04872982
34318,0.009020511
34418,0.05273266
34518,0.050976783
34618,0.06067504
34818,0.038395483
35018,0.0302409
35218,0.036650226
35318,0.033293746
35518,0.06245261
35618,0.043016788
35718,0.05621988
35918,0.06804358
36018,0.06516564
36118,0.050195355
36618,0.016848544
37218,0.039160427
37418,0.03977108
37518,0.034058463
37618,0.102492094
37718,0.05525681
38118,0.07023184
38218,0.061641812
38318,0.090437196
38418,0.11306718
38618,0.046147864
38818,0.11687119
39118,0.050804604
39218,0.045896646
39318,0.02220144
39418,0.02929767
39618,0.02573052
39718,0.0042856717
39918,0.041570485
40018,0.054651134
40218,0.036194526
40518,0.03557773
40618,0.0501526
41818,0.07508813
42018,0.06722751
42718,0.058413316
42918,0.20465882
43618,0.038688533
44218,0.081781946
44518,0.06914609
44718,0.06222632
44918,0.059733704
45218,0.066854775
45318,0.042786308
45518,0.06981306
45618,0.038625706
46118,0.11139295
46318,0.104115315
46518,0.07117747
46918,0.020043584
47018,0.06388192
47118,0.0664467
47218,0.055072118
47318,0.05181256
47618,0.06649584
47718,0.05033355
47818,0.07433291
47918,0.04501932
48218,0.06150787
48618,0.046891127
48718,0.14903787
49118,0.063150354
49218,0.06552998
49618,0.041154407
49718,0.0513473
49918,0.033109646
50118,0.056793924
50318,0.09404613
50418,0.0681181
50618,0.043825116
50818,0.04601555
50918,0.02980057
51018,0.038935035
51218,0.1336338
51618,0.094775684
51818,0.12051054
52018,0.0544221
52118,0.041132156
52518,0.041386377
52618,0.06054531
52718,1.6052021e-06
53218,0.07868275
53318,0.042301394
53418,0.06636451
53618,0.032758534
53918,0.0056121945
54118,0.024209369
54218,0.04844265
54318,0.087499775
54418,0.022535842
54618,0.12992482
55018,0.07849866
55218,0.040039204
55418,0.06895453
55518,0.10123876
55618,0.07176773
56218,0.08272313
56518,0.036455452
56718,0.048825588
56818,0.06665197
57018,0.023464158
57118,0.040604796
57218,0.022212513
57318,0.087664284
57518,0.027192798
57918,0.11030054
58018,0.0339713
58218,0.03944661
58318,0.018238233
58518,0.05229749
58918,0.15248062
59118,0.11704964
59218,0.078008674
59518,0.046178978
59618,0.041643843
59818,0.06778928
59918,0.018622458
60418,0.08713042
60518,0.07352223
60818,0.086992
61118,0.045767646
61318,0.064421825
61418,0.050635077
61718,0.07287177
62118,0.059666194
62418,0.043321725
62718,0.057941314
62818,0.06935632
63518,0.05584951
63618,0.1626644
63718,0.019058133
63818,0.068885535
63918,0.045041203
64318,0.038858514
64418,0.068436556
