Id,Probability
0,0.002536497
100,0.002709872
400,0.004936876
600,0.016631948
700,0.10912623
1000,0.009102662
1200,0.0019328124
1700,0.009207715
2200,0.006241939
2700,0.0030007365
2800,0.00074724236
2900,0.0035702824
3000,0.027898302
3100,0.0067077433
3200,0.002690252
3300,0.0055625946
3400,0.00249181
3700,0.007796746
4000,0.00042203386
4100,0.0024379708
4200,0.004576522
4400,0.00690804
4700,0.0002580047
4800,0.021181284
4900,0.00679772
5100,0.0148540335
5200,0.035224084
5700,0.0057913824
5900,0.022062046
6200,0.010223893
6300,0.121248744
6500,0.02551585
6600,0.044522755
6800,0.009360278
6900,0.007427677
7000,0.0028442065
7200,0.004925451
7400,0.00462069
7500,0.00706946
7700,0.017291034
7900,0.010173925
8100,0.0036507705
8200,0.012227878
8300,0.004156368
8400,0.0052074785
8500,0.008080632
8600,0.041339383
8700,0.01032984
8900,0.011501586
9000,0.007892328
9200,0.021581074
9500,0.010005724
9800,0.0024523214
9900,0.008792288
10100,0.0034416788
10400,0.008806068
10500,0.08728629
10600,0.012293892
10700,0.024989532
10900,0.012682542
11200,0.0026473524
11300,0.0042060167
11700,0.0057859267
11900,0.052194867
12100,0.002756417
12400,0.005994024
12700,0.015664535
12900,0.13089915
13000,0.004728779
13400,0.050363194
13500,0.015520521
13600,0.038961727
13700,0.030198038
13900,0.01278021
14300,0.010360731
14400,0.008561107
15400,0.021303982
15600,0.064264104
15700,0.0039162505
15800,0.007392522
15900,0.0054521738
16100,0.004493645
16200,0.034029935
16300,0.0033238034
16400,0.00233871
16500,0.001864608
16600,0.0030068322
17000,0.124264374
17100,0.00979105
17200,0.094222985
17300,0.0070725065
17400,0.0033920137
17600,0.0029323571
17700,0.0057889717
17900,0.009134267
18000,0.0059266035
18100,0.0034165496
18200,0.002638548
18400,0.0020858757
18500,0.010173902
18700,0.0064818617
18800,0.0027937226
19100,0.011675008
19500,0.0021653317
19600,0.0028149174
19700,0.0020686707
19800,0.011561568
20700,0.004494607
20800,0.0064914827
20900,0.0042159795
21100,0.00917877
21200,0.006925825
21400,0.30105326
21800,0.025187016
22000,0.04839248
22300,0.011493153
22400,0.011438614
22500,0.18308116
22600,0.0039776554
22900,0.0022938438
23000,0.0033879462
23200,0.0051349564
23300,0.0033290023
23600,0.034883946
23700,0.0024564846
23800,0.010661083
23900,0.0022260873
24100,0.006450442
24200,0.008104188
24400,0.008987333
24500,0.008762218
24600,0.0020940197
24700,0.004285269
25300,0.003804421
25400,0.007153394
25800,0.0064556426
26000,0.020604873
26100,0.00999371
26200,0.010287324
26300,0.10348327
26400,0.004911554
26600,0.18542507
26700,0.028423443
26800,0.0056310855
26900,0.0032698452
27000,0.00533409
27300,0.0048464923
27400,0.009577731
27500,0.010378473
27900,0.005681643
28000,0.012983014
28100,0.026191944
28300,0.01641788
28400,0.021951523
29000,0.0089438455
29100,0.013272254
29300,0.047482256
29600,0.0109636905
29700,0.0392061
29800,0.015022425
29900,0.06539136
30000,0.016345242
30100,0.009927585
30300,0.015346921
30400,0.017224764
30700,0.009337048
30800,0.0013318027
31100,0.003638524
31200,0.005034749
31600,0.0034506947
31700,0.0024934104
31800,0.009180128
31900,0.009470009
32000,0.008168153
32100,0.0027427352
32800,0.02381349
33000,0.008861897
33100,0.0053752223
33500,0.014184975
33700,0.004119585
33800,0.008155224
33900,0.002191883
34000,0.0068459995
34200,0.0022497852
34300,0.009878973
34400,0.0027094486
34500,0.003038064
34600,0.003257025
34800,0.0016813318
35000,0.002632984
35200,0.013233125
35300,0.0028291612
35500,0.0010277119
35600,0.0012679689
35700,0.001279792
35900,0.00465353
36000,0.0020328707
36100,0.0077857836
36600,0.0053083734
37200,0.0048771813
37400,0.0067266095
37500,0.013367961
37600,0.35245314
37700,0.04704595
38100,0.007366025
38200,0.14336729
38300,0.17505436
38400,0.039384294
38600,0.03769884
38800,0.08706069
39100,0.01594062
39200,0.0021444482
39300,0.007152934
39400,0.0125540765
39600,0.0046115676
39700,0.0059193484
39900,0.0012998899
40000,0.029645229
40200,0.0029759952
40500,0.0036993136
40600,0.009020496
41800,0.004587769
42000,0.004597701
42700,0.0032866122
42900,0.011452657
43600,0.003746174
44200,0.0013035237
44500,0.004882049
44700,0.0062394324
44900,0.23459876
45200,0.0018248693
45300,0.014637182
45500,0.0013162533
45600,0.011578973
46100,0.049277436
46300,0.0077220025
46500,0.006768433
46900,0.0035280925
47000,0.0074700234
47100,0.004072258
47200,0.006055882
47300,0.010192997
47600,0.007982615
47700,0.106675945
47800,0.07533353
47900,0.005005849
48200,0.00404431
48600,0.009631635
48700,0.002705542
49100,0.0006070623
49200,0.0069632735
49600,0.0027994036
49700,0.005033255
49900,0.0011853791
50100,0.008889127
50300,0.0026594312
50400,0.0033025192
50600,0.0038124437
50800,0.0028908192
50900,0.0071416
51000,0.0025011327
51200,0.005061689
51600,0.0066540856
51800,0.0015463075
52000,0.002715859
52100,0.011758781
52500,0.0064133857
52600,0.009031558
52700,0.00040208787
53200,0.017676348
53300,0.0038227274
53400,0.007769811
53600,0.023780212
53900,0.003059989
54100,0.015424271
54200,0.009181658
54300,0.005725733
54400,0.034569323
54600,0.01534789
55000,0.03523319
55200,0.027806027
55400,0.0084483465
55500,0.0017320748
55600,0.003024521
56200,0.020686263
56500,0.032818723
56700,0.012073728
56800,0.007185577
57000,0.0034661582
57100,0.008855991
57200,0.0029731214
57300,0.0030700534
57500,0.0036739667
57900,0.0052474993
58000,0.00096409983
58200,0.028491993
58300,0.015004971
58500,0.005954059
58900,0.0024900876
59100,0.06292229
59200,0.009055927
59500,0.008298181
59600,0.0117078945
59800,0.00406492
59900,0.007319745
60400,0.006870867
60500,0.0027620378
60800,0.026119966
61100,0.0094205765
61300,0.008841544
61400,0.006558664
61700,0.05799165
62100,0.004677196
62400,0.038838904
62700,0.020524371
62800,0.066356435
63500,0.005257441
63600,0.0044981535
63700,0.09822132
63800,0.06184621
63900,0.0016478982
64300,0.025685083
64400,0.0042284513
1,0.004222993
101,0.0063701165
401,0.44794142
601,0.104052894
701,0.2590925
1001,0.09439215
1201,0.35802212
1701,0.017518194
2201,0.22189254
2701,0.5439885
2801,0.02745874
2901,0.023653332
3001,0.06732883
3101,0.49672702
3201,0.19325486
3301,0.08355077
3401,0.13669509
3701,0.076894894
4001,0.011660666
4101,0.041154504
4201,0.4051234
4401,0.12905066
4701,0.0109043
4801,0.46563777
4901,0.055187628
5101,0.13881178
5201,0.0688797
5701,0.17343745
5901,0.051483292
6201,0.096791536
6301,0.27973378
6501,0.03102488
6601,0.084980935
6801,0.08129566
6901,0.442191
7001,0.3940217
7201,0.6798247
7401,0.023930378
7501,0.08937806
7701,0.33424696
7901,0.4871718
8101,0.039903678
8201,0.37942585
8301,0.036705162
8401,0.019569097
8501,0.06352274
8601,0.11423233
8701,0.082194574
8901,0.06199667
9001,0.18940349
9201,0.114932455
9501,0.07854653
9801,0.01779021
9901,0.036404878
10101,0.05628938
10401,0.016732011
10501,0.053582378
10601,0.009999146
10701,0.042214576
10901,0.04178562
11201,0.07996718
11301,0.52344
11701,0.61409086
11901,0.08589615
12101,0.013413932
12401,0.0525565
12701,0.23390456
12901,0.022155564
13001,0.040635724
13401,0.11091287
13501,0.07893184
13601,0.044622187
13701,0.14247306
13901,0.17175429
14301,0.18852526
14401,0.05238928
15401,0.06801186
15601,0.11956707
15701,0.01849827
15801,0.22109228
15901,0.26090083
16101,0.21231502
16201,0.12748462
16301,0.014144831
16401,0.004049852
16501,0.31786966
16601,0.13730651
17001,0.10460803
17101,0.039294317
17201,0.0765011
17301,0.18263023
17401,0.04861718
17601,0.047356613
17701,0.06204375
17901,0.02559428
18001,0.009813912
18101,0.4901551
18201,0.54751396
18401,0.5864666
18501,0.17038059
18701,0.5712188
18801,0.027653458
19101,0.049018055
19501,0.021617478
19601,0.46989086
19701,0.022499021
19801,0.24483153
20701,0.08529825
20801,0.0770848
20901,0.2609459
21101,0.3472057
21201,0.1787451
21401,0.027770488
21801,0.11343723
22001,0.06602043
22301,0.21490322
22401,0.07453435
22501,0.19587949
22601,0.04607047
22901,0.45359674
23001,0.64005494
23201,0.028907258
23301,0.17175068
23601,0.21788768
23701,0.26022437
23801,0.14364262
23901,0.043728128
24101,0.12680389
24201,0.28209043
24401,0.28807446
24501,0.5432186
24601,0.08904568
24701,0.10925503
25301,0.24342096
25401,0.07641001
25801,0.013343158
26001,0.04440704
26101,0.08795561
26201,0.04789546
26301,0.07490311
26401,0.023986364
26601,0.04940843
26701,0.08070901
26801,0.41309264
26901,0.092079386
27001,0.067338005
27301,0.027231587
27401,0.16789688
27501,0.45845625
27901,0.19008437
28001,0.30300513
28101,0.106446125
28301,0.05045032
28401,0.20639063
29001,0.105228364
29101,0.05481935
29301,0.21212064
29601,0.109143086
29701,0.0637495
29801,0.034026787
29901,0.04665539
30001,0.11130187
30101,0.03525399
30301,0.14563373
30401,0.27392328
30701,0.18443546
30801,0.1260124
31101,0.050587837
31201,0.04492888
31601,0.10766593
31701,0.015725728
31801,0.10160927
31901,0.36379507
32001,0.076338224
32101,0.0062851747
32801,0.016665218
33001,0.054769415
33101,0.033867285
33501,0.096946605
33701,0.017638862
33801,0.014617187
33901,0.46694976
34001,0.59860545
34201,0.7598814
34301,0.11626559
34401,0.86035144
34501,0.42168164
34601,0.061881166
34801,0.6848166
35001,0.38793746
35201,0.58115387
35301,0.027677972
35501,0.06461354
35601,0.039083578
35701,0.011305964
35901,0.21237569
36001,0.024465544
36101,0.16969256
36601,0.03399845
37201,0.120456435
37401,0.24770966
37501,0.3211348
37601,0.012590484
37701,0.09624051
38101,0.1436645
38201,0.02794952
38301,0.08784604
38401,0.15438671
38601,0.09008969
38801,0.05041966
39101,0.5138233
39201,0.46230412
39301,0.46729523
39401,0.43977493
39601,0.15904656
39701,0.07338872
39901,0.09364089
40001,0.39966583
40201,0.041400287
40501,0.23659919
40601,0.16627568
41801,0.16452853
42001,0.024663102
42701,0.17691092
42901,0.011761951
43601,0.043568626
44201,0.07123654
44501,0.16334763
44701,0.3143902
44901,0.0319422
45201,0.0286285
45301,0.04411667
45501,0.011426922
45601,0.036921848
46101,0.03483537
46301,0.15653498
46501,0.094691254
46901,0.04646792
47001,0.421025
47101,0.022652471
47201,0.30671945
47301,0.050400164
47601,0.03838388
47701,0.24197583
47801,0.07064097
47901,0.13713306
48201,0.17390122
48601,0.14639427
48701,0.19312273
49101,0.0111082215
49201,0.34119833
49601,0.011741679
49701,0.52925557
49901,0.023290435
50101,0.0106532965
50301,0.61517894
50401,0.37099156
50601,0.5123674
50801,0.64508224
50901,0.108142145
51001,0.14854732
51201,0.63988703
51601,0.48161465
51801,0.10427629
52001,0.06861329
52101,0.33293486
52501,0.27074406
52601,0.032691397
52701,0.00015182412
53201,0.11195829
53301,0.17896815
53401,0.016313469
53601,0.40568718
53901,0.010322715
54101,0.04509437
54201,0.038652282
54301,0.030843528
54401,0.082645915
54601,0.01617001
55001,0.1559349
55201,0.2557739
55401,0.6284664
55501,0.04905728
55601,0.018420206
56201,0.4045603
56501,0.06779069
56701,0.113653615
56801,0.098923884
57001,0.08241999
57101,0.07474759
57201,0.018255362
57301,0.10197733
57501,0.014057925
57901,0.12273788
58001,0.006731471
58201,0.058694407
58301,0.11496263
58501,0.0060408553
58901,0.008934879
59101,0.059942834
59201,0.15048595
59501,0.33222798
59601,0.12047636
59801,0.20124051
59901,0.37206534
60401,0.10336818
60501,0.23596868
60801,0.050590288
61101,0.12448703
61301,0.05085538
61401,0.25933737
61701,0.07416274
62101,0.028177371
62401,0.24132197
62701,0.07703112
62801,0.29050595
63501,0.10258037
63601,0.061113067
63701,0.32484517
63801,0.053773955
63901,0.107988045
64301,0.19229756
64401,0.17245904
2,0.00643674
102,0.018626787
402,0.030407634
602,0.021485066
702,0.10360544
1002,0.035904296
1202,0.33955586
1702,0.006466148
2202,0.021608524
2702,0.29151922
2802,0.039509036
2902,0.0063679796
3002,0.0053264042
3102,0.18775494
3202,0.010140596
3302,0.0030746092
3402,0.07360792
3702,0.06610226
4002,0.00052935234
4102,0.06545985
4202,0.12291611
4402,0.02747522
4702,0.00035049356
4802,0.101856895
4902,0.011556082
5102,0.006796715
5202,0.12504068
5702,0.021222746
5902,0.011207415
6202,0.06010548
6302,0.069089815
6502,0.02115816
6602,0.0736471
6802,0.018089896
6902,0.040399753
7002,0.33213884
7202,0.065115765
7402,0.0059050173
7502,0.02190917
7702,0.04725775
7902,0.15023787
8102,0.012355051
8202,0.08860211
8302,0.04248307
8402,0.022047954
8502,0.042961854
8602,0.10320352
8702,0.022528535
8902,0.14497556
9002,0.024903163
9202,0.032504037
9502,0.12754986
9802,0.020247309
9902,0.025456017
10102,0.21723472
10402,0.009142949
10502,0.026296588
10602,0.0040717064
10702,0.011029459
10902,0.0119033735
11202,0.076277345
11302,0.2712066
11702,0.04016546
11902,0.037920605
12102,0.033133607
12402,0.11765665
12702,0.05644152
12902,0.014425572
13002,0.009500779
13402,0.053198725
13502,0.02108186
13602,0.036347836
13702,0.22121672
13902,0.015975956
14302,0.14610682
14402,0.01132319
15402,0.030260582
15602,0.078208975
15702,0.006799136
15802,0.2488444
15902,0.05218573
16102,0.10856409
16202,0.10438798
16302,0.025735054
16402,0.012611847
16502,0.013345456
16602,0.37852225
17002,0.015248611
17102,0.0070608533
17202,0.016880339
17302,0.13706417
17402,0.05196485
17602,0.019728094
17702,0.0367016
17902,0.0055613765
18002,0.0058494424
18102,0.23700413
18202,0.2875391
18402,0.034553453
18502,0.03241293
18702,0.19096714
18802,0.09591831
19102,0.006004879
19502,0.045837276
19602,0.2445098
19702,0.07361466
19802,0.07894745
20702,0.026908573
20802,0.0342187
20902,0.11686533
21102,0.19609609
21202,0.031782962
21402,0.016380312
21802,0.031170428
22002,0.055964194
22302,0.005057543
22402,0.020820519
22502,0.09002936
22602,0.018432997
22902,0.012311141
23002,0.08569832
23202,0.0045145857
23302,0.009477225
23602,0.09114763
23702,0.030121528
23802,0.09270026
23902,0.042798143
24102,0.04747749
24202,0.22062817
24402,0.032342333
24502,0.16181594
24602,0.019282792
24702,0.035302226
25302,0.09844197
25402,0.030246936
25802,0.006299405
26002,0.030948605
26102,0.09178648
26202,0.07007112
26302,0.010376965
26402,0.0066697113
26602,0.031938467
26702,0.049711958
26802,0.20291145
26902,0.3608591
27002,0.13753049
27302,0.04329504
27402,0.106525235
27502,0.08278164
27902,0.31621253
28002,0.19551551
28102,0.049253635
28302,0.015580037
28402,0.11989026
29002,0.034115084
29102,0.024206424
29302,0.02403557
29602,0.048285685
29702,0.033662997
29802,0.060705833
29902,0.07432065
30002,0.040796615
30102,0.018326806
30302,0.014813406
30402,0.04261802
30702,0.057245277
30802,0.40694478
31102,0.019264452
31202,0.0022864987
31602,0.31306833
31702,0.008762733
31802,0.06299614
31902,0.12885645
32002,0.29708338
32102,0.021288037
32802,0.0073030978
33002,0.034674723
33102,0.0052955123
33502,0.020743323
33702,0.003572867
33802,0.008626623
33902,0.3343089
34002,0.09576472
34202,0.07457619
34302,0.016023686
34402,0.047385756
34502,0.30240715
34602,0.459948
34802,0.11478663
35002,0.077372506
35202,0.07234737
35302,0.0064444123
35502,0.10364997
35602,0.026405657
35702,0.012472506
35902,0.05306161
36002,0.008735946
36102,0.032775402
36602,0.015103747
37202,0.0017509536
37402,0.053349163
37502,0.11508
37602,0.004653151
37702,0.06211949
38102,0.023640966
38202,0.07446737
38302,0.031052949
38402,0.066261195
38602,0.017764626
38802,0.050588455
39102,0.092120826
39202,0.009772198
39302,0.071818426
39402,0.11188292
39602,0.013960773
39702,0.0032133516
39902,0.12831599
40002,0.21897122
40202,0.054301295
40502,0.099872224
40602,0.033133212
41802,0.29521653
42002,0.04443878
42702,0.022534097
42902,0.00641691
43602,0.060959674
44202,0.3942039
44502,0.3294098
44702,0.18935408
44902,0.031825244
45202,0.0053296406
45302,0.008734354
45502,0.013222599
45602,0.017290175
46102,0.025905373
46302,0.09373363
46502,0.014690704
46902,0.05488425
47002,0.1535035
47102,0.022787943
47202,0.25580782
47302,0.049882937
47602,0.0034454886
47702,0.027780134
47802,0.011112951
47902,0.030481612
48202,0.06719215
48602,0.1768563
48702,0.0143198455
49102,0.0048387735
49202,0.10833316
49602,0.014281152
49702,0.20010674
49902,0.34321138
50102,0.0065967236
50302,0.20009284
50402,0.4305677
50602,0.1874333
50802,0.21710719
50902,0.1510116
51002,0.077415965
51202,0.205899
51602,0.10490201
51802,0.31734663
52002,0.26909772
52102,0.20609315
52502,0.111364074
52602,0.009006615
52702,0.00017482617
53202,0.008287373
53302,0.029168054
53402,0.0026633437
53602,0.11458576
53902,0.0029107763
54102,0.0068898443
54202,0.0117460955
54302,0.013339127
54402,0.17394178
54602,0.009082845
55002,0.100806296
55202,0.24984437
55402,0.08816841
55502,0.13206278
55602,0.019329073
56202,0.0812212
56502,0.048140988
56702,0.15026636
56802,0.079698116
57002,0.03753365
57102,0.16972765
57202,0.015004011
57302,0.1822379
57502,0.11147358
57902,0.03148439
58002,0.0074605374
58202,0.052078284
58302,0.06740593
58502,0.0024428312
58902,0.0048330664
59102,0.08972962
59202,0.16406742
59502,0.13532585
59602,0.078606166
59802,0.24887002
59902,0.24403477
60402,0.26648444
60502,0.33089912
60802,0.01515718
61102,0.05340028
61302,0.015952494
61402,0.08898382
61702,0.056100946
62102,0.007554585
62402,0.028796721
62702,0.0061388416
62802,0.22334342
63502,0.054462377
63602,0.03720245
63702,0.09483264
63802,0.044692967
63902,0.13953435
64302,0.14383101
64402,0.022886205
3,0.0003413655
103,0.00070148904
403,0.002561728
603,0.0036510176
703,0.03174528
1003,0.00044422038
1203,0.004570351
1703,0.0018229078
2203,0.0036354037
2703,0.0019416523
2803,0.0046955515
2903,0.0068379003
3003,0.0013159175
3103,0.0054523447
3203,0.003988842
3303,0.0025554793
3403,0.0026229878
3703,0.045232583
4003,0.00033208498
4103,0.062870845
4203,0.031025814
4403,0.005572794
4703,0.00023623573
4803,0.024297886
4903,0.0034532882
5103,0.0011928529
5203,0.09670664
5703,0.027357956
5903,0.006664562
6203,0.15797994
6303,0.0140169
6503,0.06503361
6603,0.0922735
6803,0.035344496
6903,0.0047212285
7003,0.002668027
7203,0.008719836
7403,0.0025731728
7503,0.0012822489
7703,0.0036268653
7903,0.0045795026
8103,0.0028409206
8203,0.05359454
8303,0.0073920577
8403,0.03805228
8503,0.0016219133
8603,0.06051425
8703,0.002222681
8903,0.009410902
9003,0.0013330542
9203,0.006991323
9503,0.080762915
9803,0.006569813
9903,0.013776434
10103,0.124144875
10403,0.012761856
10503,0.018067246
10603,0.070048474
10703,0.023993606
10903,0.02453184
11203,0.0066718212
11303,0.007880215
11703,0.0070891134
11903,0.09773882
12103,0.022365073
12403,0.13263448
12703,0.010317818
12903,0.006345968
13003,0.0047395
13403,0.036739834
13503,0.009650803
13603,0.09979723
13703,0.20401222
13903,0.011995509
14303,0.26698896
14403,0.005699314
15403,0.002077102
15603,0.05718036
15703,0.012864564
15803,0.023798252
15903,0.0024782168
16103,0.025686359
16203,0.037922908
16303,0.0016949512
16403,0.00036032483
16503,0.00019053566
16603,0.02769071
17003,0.010590515
17103,0.0006739932
17203,0.0034989752
17303,0.0023087566
17403,0.007062171
17603,0.006739085
17703,0.00561126
17903,0.0036467637
18003,0.0007984404
18103,0.010578282
18203,0.002601827
18403,0.0005841709
18503,0.0031311368
18703,0.0049383007
18803,0.019969564
19103,0.0013434561
19503,0.0027554138
19603,0.04266741
19703,0.004651964
19803,0.047820583
20703,0.020409526
20803,0.0066081136
20903,0.0077085653
21103,0.057236668
21203,0.017599838
21403,0.008162745
21803,0.033284564
22003,0.081478104
22303,0.002181492
22403,0.013380448
22503,0.028045459
22603,0.06056155
22903,0.0035401408
23003,0.0034276566
23203,0.0031296203
23303,0.0039552753
23603,0.014337957
23703,0.007441046
23803,0.023003416
23903,0.010051412
24103,0.009231077
24203,0.013300908
24403,0.0027702793
24503,0.021497197
24603,0.001379976
24703,0.0017362515
25303,0.02841595
25403,0.020051373
25803,0.0013198503
26003,0.005208812
26103,0.016284727
26203,0.028703578
26303,0.010643748
26403,0.025457157
26603,0.02851353
26703,0.05016402
26803,0.013416799
26903,0.015372511
27003,0.0115815755
27303,0.0060619954
27403,0.02266009
27503,0.012130087
27903,0.012626719
28003,0.043192986
28103,0.0063549625
28303,0.007117167
28403,0.06946298
29003,0.00471175
29103,0.03498717
29303,0.04369357
29603,0.1647796
29703,0.010636292
29803,0.065001406
29903,0.045658376
30003,0.04293174
30103,0.0104980115
30303,0.018750196
30403,0.03300212
30703,0.0064411927
30803,0.06332603
31103,0.003412664
31203,0.009782658
31603,0.06132849
31703,0.0033238959
31803,0.02074669
31903,0.01595182
32003,0.062452484
32103,0.0006923302
32803,0.002320917
33003,0.0035835498
33103,0.00093507185
33503,0.003086107
33703,0.0010210958
33803,0.000862856
33903,0.0027487078
34003,0.004243726
34203,0.0013628523
34303,0.00088129897
34403,0.0010499699
34503,0.010086553
34603,0.033485338
34803,0.0020322225
35003,0.0012946912
35203,0.008154854
35303,0.0055784932
35503,0.010254494
35603,0.0019177446
35703,0.0011967557
35903,0.012724802
36003,0.0050091343
36103,0.009008566
36603,0.0014021867
37203,0.0009442331
37403,0.010661986
37503,0.047127932
37603,0.0013433704
37703,0.017248616
38103,0.009506228
38203,0.04567653
38303,0.03487465
38403,0.0114879785
38603,0.008558488
38803,0.061312232
39103,0.009357542
39203,0.002447769
39303,0.013719512
39403,0.010299524
39603,0.0048579965
39703,0.00024542073
39903,0.0032978344
40003,0.036358126
40203,0.002666265
40503,0.025749134
40603,0.016252106
41803,0.018001258
42003,0.013628805
42703,0.010767133
42903,0.03360716
43603,0.013204988
44203,0.20449065
44503,0.13844654
44703,0.022132182
44903,0.017485993
45203,0.0021467055
45303,0.016117733
45503,0.0071495795
45603,0.0263917
46103,0.020258587
46303,0.03329195
46503,0.00156407
46903,0.0051732548
47003,0.003840965
47103,0.0007310681
47203,0.026730906
47303,0.011150492
47603,0.013998053
47703,0.0046753082
47803,0.0063019586
47903,0.010184322
48203,0.015565625
48603,0.0084867515
48703,0.00068261713
49103,0.0016638131
49203,0.010427111
49603,0.011787745
49703,0.004609217
49903,0.0026947383
50103,0.0016216214
50303,0.002930919
50403,0.0322023
50603,0.017453093
50803,0.004665924
50903,0.0025581156
51003,0.0066848868
51203,0.0021241638
51603,0.03721593
51803,0.12220548
52003,0.30441746
52103,0.030763855
52503,0.022863733
52603,0.006395118
52703,0.00022214562
53203,0.011045437
53303,0.016302625
53403,0.0053930604
53603,0.06233909
53903,0.0004836264
54103,0.004105626
54203,0.009254853
54303,0.015305034
54403,0.13608967
54603,0.08538427
55003,0.03584372
55203,0.021423412
55403,0.006252734
55503,0.006894999
55603,0.002010953
56203,0.014040914
56503,0.012733018
56703,0.051608168
56803,0.015959999
57003,0.0012776358
57103,0.0029384696
57203,0.017660787
57303,0.093323804
57503,0.012345152
57903,0.02608302
58003,0.0016692134
58203,0.007811681
58303,0.014449453
58503,0.0033279343
58903,0.00328385
59103,0.032361273
59203,0.036538903
59503,0.0011204852
59603,0.03109219
59803,0.030809073
59903,0.026964681
60403,0.0035180508
60503,0.009108938
60803,0.04067573
61103,0.016071217
61303,0.0021560343
61403,0.0048039705
61703,0.045786776
62103,0.007858725
62403,0.023883117
62703,0.011389523
62803,0.0027779324
63503,0.0049004387
63603,0.030575752
63703,0.013681461
63803,0.060987696
63903,0.007289492
64303,0.015445187
64403,0.018896155
4,0.13893402
104,0.10913851
404,0.034081664
604,0.032222085
704,0.016514027
1004,0.011412353
1204,0.0068283626
1704,0.24626431
2204,0.05590294
2704,0.0010649365
2804,0.059722625
2904,0.061947927
3004,0.0043739784
3104,0.0055674226
3204,0.06568242
3304,0.0075481785
3404,0.010345738
3704,0.034988336
4004,0.004364153
4104,0.0021209442
4204,0.045756094
4404,0.27636844
4704,0.0034719622
4804,0.004742813
4904,0.014560584
5104,0.004028886
5204,0.10952433
5704,0.06085875
5904,0.06080409
6204,0.046259314
6304,0.00932062
6504,0.10897544
6604,0.15809691
6804,0.11361434
6904,0.12774548
7004,0.002553426
7204,0.021268852
7404,0.21086423
7504,0.024759546
7704,0.027986456
7904,0.004212427
8104,0.02824367
8204,0.024468014
8304,0.29580685
8404,0.24294123
8504,0.015421036
8604,0.043131795
8704,0.017773123
8904,0.061022557
9004,0.0039042593
9204,0.07256745
9504,0.019734774
9804,0.35303968
9904,0.09885239
10104,0.15584554
10404,0.32859686
10504,0.007706537
10604,0.14286834
10704,0.068373896
10904,0.032787155
11204,0.089749575
11304,0.0053029116
11704,0.014364623
11904,0.046577055
12104,0.07363782
12404,0.057422444
12704,0.086876065
12904,0.008992364
13004,0.03763747
13404,0.13927345
13504,0.05147144
13604,0.03538373
13704,0.054748867
13904,0.08155536
14304,0.033864766
14404,0.06343483
15404,0.020193186
15604,0.020233534
15704,0.056018006
15804,0.12909459
15904,0.06080595
16104,0.23486103
16204,0.15183151
16304,0.1395121
16404,0.11081015
16504,0.002491299
16604,0.05324641
17004,0.017208768
17104,0.008532644
17204,0.005073013
17304,0.041398395
17404,0.026380606
17604,0.31668282
17704,0.004702455
17904,0.17617697
18004,0.22719134
18104,0.018815376
18204,0.0025616386
18404,0.010250623
18504,0.105629
18704,0.0061832075
18804,0.026347231
19104,0.002202834
19504,0.14752452
19604,0.019332305
19704,0.019440299
19804,0.015207928
20704,0.24148569
20804,0.08167117
20904,0.011081873
21104,0.034461353
21204,0.09417424
21404,0.0066354135
21804,0.11790072
22004,0.06236004
22304,0.0017534767
22404,0.13066104
22504,0.011710718
22604,0.04952556
22904,0.009289089
23004,0.005954611
23204,0.19843017
23304,0.01848134
23604,0.040840045
23704,0.043099992
23804,0.021169966
23904,0.029822282
24104,0.019559512
24204,0.04094515
24404,0.10693694
24504,0.021360172
24604,0.1956129
24704,0.0223027
25304,0.036857426
25404,0.18315291
25804,0.14022414
26004,0.028892906
26104,0.05123834
26204,0.05879072
26304,0.026966954
26404,0.0129834805
26604,0.011597628
26704,0.044088613
26804,0.014553492
26904,0.04075411
27004,0.15114687
27304,0.09204193
27404,0.025908446
27504,0.031353604
27904,0.07055299
28004,0.041895933
28104,0.0365126
28304,0.036695123
28404,0.06033667
29004,0.11353325
29104,0.06567946
29304,0.029550966
29604,0.053394485
29704,0.021606853
29804,0.09632024
29904,0.085686065
30004,0.062509045
30104,0.19941789
30304,0.22154306
30404,0.021123772
30704,0.025130522
30804,0.053695183
31104,0.03769295
31204,0.040676128
31604,0.16054896
31704,0.30365923
31804,0.16634233
31904,0.009570916
32004,0.070072286
32104,0.058565572
32804,0.03426771
33004,0.011897343
33104,0.00841214
33504,0.019578513
33704,0.16769029
33804,0.16454482
33904,0.0018707903
34004,0.0037965076
34204,0.0044413316
34304,0.014424313
34404,0.00046101693
34504,0.015225197
34604,0.071004115
34804,0.003906398
35004,0.016562488
35204,0.008387859
35304,0.032064937
35504,0.060318902
35604,0.071146466
35704,0.01298222
35904,0.14004304
36004,0.18333903
36104,0.140895
36604,0.018552542
37204,0.0010092102
37404,0.028105717
37504,0.074108735
37604,0.0040087393
37704,0.017042905
38104,0.23377822
38204,0.1164721
38304,0.035627946
38404,0.043347634
38604,0.042311724
38804,0.013830808
39104,0.08859686
39204,0.009958431
39304,0.033740472
39404,0.04534899
39604,0.021260045
39704,0.00013833653
39904,0.023844434
40004,0.0052053174
40204,0.050678033
40504,0.061179757
40604,0.04093694
41804,0.03346414
42004,0.11143921
42704,0.04236031
42904,0.14626044
43604,0.3074704
44204,0.03993364
44504,0.017332388
44704,0.03747767
44904,0.036402375
45204,0.004733987
45304,0.17285205
45504,0.27106
45604,0.24027121
46104,0.01676048
46304,0.052653704
46504,0.016779624
46904,0.032609303
47004,0.01057415
47104,0.035623137
47204,0.046327036
47304,0.12717062
47604,0.05373696
47704,0.0070109935
47804,0.0048133745
47904,0.15485364
48204,0.19837505
48604,0.11352292
48704,0.005955571
49104,0.16902086
49204,0.07309932
49604,0.28675148
49704,0.005074057
49904,0.020235091
50104,0.18196298
50304,0.0049244645
50404,0.013566596
50604,0.03168507
50804,0.0019887257
50904,0.035527125
51004,0.032113794
51204,0.0029337513
51604,0.010663921
51804,0.060512222
52004,0.078729175
52104,0.064002104
52504,0.09521959
52604,0.15401152
52704,0.0028985096
53204,0.008365972
53304,0.04963635
53404,0.0033932074
53604,0.006722733
53904,0.0095718345
54104,0.008727058
54204,0.029683711
54304,0.10746881
54404,0.046394177
54604,0.028814426
55004,0.045484383
55204,0.012903664
55404,0.014449438
55504,0.022581909
55604,0.15371384
56204,0.03841088
56504,0.03551442
56704,0.08970325
56804,0.28675237
57004,0.024511809
57104,0.012552634
57204,0.11426949
57304,0.10234182
57504,0.05090183
57904,0.07885893
58004,0.25646445
58204,0.028480455
58304,0.0544043
58504,0.14179122
58904,0.22263119
59104,0.046384875
59204,0.030243648
59504,0.0077964016
59604,0.034498516
59804,0.0643439
59904,0.0074574947
60404,0.022534342
60504,0.018513013
60804,0.07087329
61104,0.039548993
61304,0.054432858
61404,0.032047667
61704,0.016856145
62104,0.038544152
62404,0.025016233
62704,0.09110332
62804,0.032067686
63504,0.17960607
63604,0.18928084
63704,0.020724872
63804,0.101010956
63904,0.12523675
64304,0.052914057
64404,0.050059013
5,0.0012568283
105,0.0011717246
405,0.002862066
605,0.0018275634
705,0.026516791
1005,0.0012219271
1205,0.00028362626
1705,0.004560099
2205,0.0025895296
2705,0.00076204655
2805,0.0018113524
2905,0.003948382
3005,0.003896983
3105,0.0012421308
3205,0.0019327421
3305,0.0033271443
3405,0.0010471963
3705,0.013099734
4005,0.00033920107
4105,0.02019006
4205,0.003015009
4405,0.0046196897
4705,0.0002597124
4805,0.030342119
4905,0.0029195754
5105,0.0022579343
5205,0.02107015
5705,0.009023652
5905,0.039326526
6205,0.05693366
6305,0.017122097
6505,0.03066729
6605,0.04216675
6805,0.014745079
6905,0.008120341
7005,0.0010314904
7205,0.00699032
7405,0.005796014
7505,0.002020634
7705,0.0061495337
7905,0.0026729607
8105,0.0005749507
8205,0.009835442
8305,0.002299616
8405,0.0038729266
8505,0.0007742041
8605,0.014612052
8705,0.0023676814
8905,0.005721047
9005,0.0036614358
9205,0.005198236
9505,0.029633196
9805,0.0015872224
9905,0.0029651127
10105,0.008979102
10405,0.008391006
10505,0.024366807
10605,0.04828188
10705,0.043131813
10905,0.0056099114
11205,0.0014607114
11305,0.002012671
11705,0.009711168
11905,0.07284323
12105,0.0027715408
12405,0.020686021
12705,0.009530176
12905,0.011185645
13005,0.0049533513
13405,0.047127284
13505,0.010167217
13605,0.18126722
13705,0.063769266
13905,0.03014956
14305,0.024900196
14405,0.0054942225
15405,0.0031848424
15605,0.015074348
15705,0.0024200636
15805,0.0057789106
15905,0.0014175747
16105,0.003680411
16205,0.038036544
16305,0.00067272043
16405,0.0013537726
16505,0.00011498932
16605,0.00064882083
17005,0.03334429
17105,0.0006347191
17205,0.0021317939
17305,0.0017290502
17405,0.00074392726
17605,0.0036270607
17705,0.0022199196
17905,0.0049664117
18005,0.0024138056
18105,0.00097259507
18205,0.000493523
18405,0.0003932275
18505,0.0026517818
18705,0.0017526364
18805,0.0029095924
19105,0.003136381
19505,0.001684022
19605,0.0021780091
19705,0.0024205907
19805,0.020015333
20705,0.005133215
20805,0.008176613
20905,0.0019856724
21105,0.0034241704
21205,0.01967262
21405,0.02208729
21805,0.015470267
22005,0.12886535
22305,0.007791455
22405,0.020784546
22505,0.026391795
22605,0.008089294
22905,0.01443604
23005,0.0029202984
23205,0.013710543
23305,0.011771959
23605,0.0073864874
23705,0.0021657983
23805,0.005930244
23905,0.0011639651
24105,0.002034429
24205,0.0021259638
24405,0.005446442
24505,0.0072120596
24605,0.0026843743
24705,0.0010565654
25305,0.0063338755
25405,0.020350397
25805,0.0020288131
26005,0.0054421225
26105,0.006024814
26205,0.013903834
26305,0.0393817
26405,0.01910602
26605,0.009326798
26705,0.020785632
26805,0.002119537
26905,0.003808434
27005,0.0049016317
27305,0.024266435
27405,0.0029293487
27505,0.008132619
27905,0.001998032
28005,0.003788926
28105,0.009453604
28305,0.0031145322
28405,0.04991105
29005,0.002551757
29105,0.005691653
29305,0.026508398
29605,0.070307545
29705,0.22357287
29805,0.029735934
29905,0.20501241
30005,0.012500252
30105,0.005167688
30305,0.016386753
30405,0.037265286
30705,0.004626441
30805,0.0020163457
31105,0.0019639216
31205,0.00598331
31605,0.0022126967
31705,0.002412098
31805,0.011283895
31905,0.009337382
32005,0.024438996
32105,0.0013071632
32805,0.004069353
33005,0.00051376474
33105,0.00031521212
33505,0.0015739641
33705,0.0025684452
33805,0.0049167643
33905,0.0008746737
34005,0.0010842637
34205,0.0020133315
34305,0.0022604542
34405,0.00069436734
34505,0.0015336596
34605,0.0019265496
34805,0.0007144528
35005,0.00082969083
35205,0.025257066
35305,0.0012326237
35505,0.00092955714
35605,0.0010092782
35705,0.0008571383
35905,0.0048563993
36005,0.0028065243
36105,0.041995596
36605,0.006003865
37205,0.0032211829
37405,0.002799382
37505,0.0119920485
37605,0.0050715944
37705,0.0057945093
38105,0.010141089
38205,0.26254192
38305,0.16653988
38405,0.0063899197
38605,0.01496821
38805,0.08920969
39105,0.0053784368
39205,0.011905181
39305,0.0051460746
39405,0.0073863044
39605,0.011641533
39705,0.0010038321
39905,0.0011561422
40005,0.006188953
40205,0.0015814228
40505,0.0036774452
40605,0.0036772056
41805,0.00278789
42005,0.004479494
42705,0.0020922937
42905,0.034174968
43605,0.004432758
44205,0.0017481234
44505,0.0053596217
44705,0.0019731533
44905,0.19542152
45205,0.0006302617
45305,0.03452231
45505,0.0015634099
45605,0.009353351
46105,0.3323412
46305,0.025355762
46505,0.0023285935
46905,0.0024123876
47005,0.0015507872
47105,0.0022996883
47205,0.0039459798
47305,0.006693987
47605,0.013408208
47705,0.016839642
47805,0.01483118
47905,0.0019904147
48205,0.0045230817
48605,0.0030438337
48705,0.00025227395
49105,0.0010455818
49205,0.003529739
49605,0.0019879332
49705,0.0005208313
49905,0.0034020273
50105,0.0031578967
50305,0.0008855759
50405,0.0008882458
50605,0.00330938
50805,0.0010257845
50905,0.0048156395
51005,0.001589978
51205,0.0022598132
51605,0.027482733
51805,0.001774805
52005,0.00623107
52105,0.004317682
52505,0.0074056704
52605,0.003809889
52705,1.9152169e-05
53205,0.018143391
53305,0.003460534
53405,0.008416389
53605,0.020395555
53905,0.00075154606
54105,0.0040361383
54205,0.005426716
54305,0.006984263
54405,0.06643333
54605,0.077445686
55005,0.087225825
55205,0.0055628056
55405,0.0063730096
55505,0.0031525174
55605,0.0039545535
56205,0.005044102
56505,0.0037774937
56705,0.008524843
56805,0.0080104275
57005,0.0025727428
57105,0.00425103
57205,0.0019374487
57305,0.003972306
57505,0.00199487
57905,0.012461538
58005,0.00071932503
58205,0.0020719324
58305,0.015937544
58505,0.0015467368
58905,0.004712786
59105,0.03477239
59205,0.010643761
59505,0.0010334362
59605,0.019060608
59805,0.004470749
59905,0.0021370477
60405,0.0052142637
60505,0.00087919424
60805,0.016381526
61105,0.020419745
61305,0.0030065605
61405,0.0035564492
61705,0.05659903
62105,0.0054986756
62405,0.026680846
62705,0.013908515
62805,0.03493082
63505,0.003136221
63605,0.0029840823
63705,0.027810525
63805,0.034437705
63905,0.0010544506
64305,0.01167741
64405,0.007871694
6,0.008543834
106,0.0076131164
406,0.0130599225
606,0.16544913
706,0.01190548
1006,0.02088496
1206,0.0007730866
1706,0.029303832
2206,0.032419387
2706,0.0006517716
2806,0.029538859
2906,0.15782964
3006,0.08509904
3106,0.00060378725
3206,0.098700404
3306,0.019706761
3406,0.023419615
3706,0.0077429838
4006,0.0029851245
4106,0.0020574627
4206,0.15920992
4406,0.027434347
4706,0.007206
4806,0.012742563
4906,0.21085103
5106,0.02910308
5206,0.11341505
5706,0.26153663
5906,0.056021668
6206,0.04049242
6306,0.010535528
6506,0.1040957
6606,0.021046216
6806,0.12812021
6906,0.0038432656
7006,0.0015148919
7206,0.012660976
7406,0.040501695
7506,0.04156856
7706,0.015941393
7906,0.0044505885
8106,0.040946074
8206,0.017491113
8306,0.039924167
8406,0.074770674
8506,0.021075096
8606,0.048133112
8706,0.043766204
8906,0.06483777
9006,0.054095164
9206,0.029713046
9506,0.01732777
9806,0.1153678
9906,0.13600728
10106,0.033242267
10406,0.042709276
10506,0.03135412
10606,0.07189803
10706,0.056795996
10906,0.23972563
11206,0.029591668
11306,0.0019722464
11706,0.008652655
11906,0.023487074
12106,0.16588813
12406,0.10917651
12706,0.034509532
12906,0.046016615
13006,0.19045395
13406,0.024684807
13506,0.042677782
13606,0.048726138
13706,0.017240504
13906,0.03008245
14306,0.02425479
14406,0.13014716
15406,0.035924416
15606,0.011708979
15706,0.32938692
15806,0.034658957
15906,0.01664204
16106,0.02002249
16206,0.017908935
16306,0.018758614
16406,0.00737812
16506,0.0025481735
16606,0.004576779
17006,0.03335052
17106,0.034485325
17206,0.031091178
17306,0.006468902
17406,0.014835008
17606,0.024377566
17706,0.021917265
17906,0.09172998
18006,0.01786089
18106,0.0024487253
18206,0.0009845871
18406,0.016231881
18506,0.017550603
18706,0.00094645936
18806,0.07795976
19106,0.048699632
19506,0.018975329
19606,0.0057456275
19706,0.0074398173
19806,0.011729016
20706,0.103398636
20806,0.01837635
20906,0.026054945
21106,0.013508352
21206,0.033769183
21406,0.021928312
21806,0.12350605
22006,0.05158513
22306,0.030204833
22406,0.027910631
22506,0.01594774
22606,0.2574424
22906,0.008435914
23006,0.0020442093
23206,0.018794004
23306,0.025073525
23606,0.041133694
23706,0.3136081
23806,0.031457886
23906,0.14190947
24106,0.05335385
24206,0.004990961
24406,0.023878066
24506,0.009714336
24606,0.009899619
24706,0.06660227
25306,0.05559178
25406,0.032329224
25806,0.04952734
26006,0.07196961
26106,0.029505812
26206,0.081687756
26306,0.059355684
26406,0.3382413
26606,0.017055621
26706,0.08316901
26806,0.0038359107
26906,0.009095965
27006,0.014375546
27306,0.027773675
27406,0.0065271854
27506,0.00458956
27906,0.0038265986
28006,0.007353404
28106,0.074616574
28306,0.013869924
28406,0.017339574
29006,0.13725053
29106,0.019735837
29306,0.1293689
29606,0.054635767
29706,0.013283031
29806,0.044919115
29906,0.020827409
30006,0.28390962
30106,0.16482393
30306,0.056992233
30406,0.14576702
30706,0.11162089
30806,0.018930312
31106,0.18368757
31206,0.19242544
31606,0.032354616
31706,0.050688136
31806,0.028401168
31906,0.00708985
32006,0.02358628
32106,0.022012971
32806,0.015132825
33006,0.0056601963
33106,0.007862802
33506,0.11273422
33706,0.025920808
33806,0.014947253
33906,0.000480496
34006,0.018777039
34206,0.0071108453
34306,0.045033872
34406,0.0044774134
34506,0.007699196
34606,0.009753495
34806,0.0015380017
35006,0.025206242
35206,0.0048247743
35306,0.0702559
35506,0.03613485
35606,0.021187257
35706,0.01216849
35906,0.011165513
36006,0.037282832
36106,0.010829197
36606,0.0098392125
37206,0.023352662
37406,0.09136586
37506,0.03712972
37606,0.026765624
37706,0.037744433
38106,0.052801516
38206,0.01598026
38306,0.056616
38406,0.07766338
38606,0.032563094
38806,0.05700593
39106,0.04286669
39206,0.006059598
39306,0.013064999
39406,0.008885256
39606,0.018273974
39706,0.010708423
39906,0.00799308
40006,0.0081244055
40206,0.010139289
40506,0.03974445
40606,0.27184582
41806,0.015460965
42006,0.17067853
42706,0.41464853
42906,0.07251505
43606,0.05646876
44206,0.010383453
44506,0.02351127
44706,0.005564046
44906,0.010194325
45206,0.5657661
45306,0.030861204
45506,0.08683558
45606,0.10046896
46106,0.022022394
46306,0.07708489
46506,0.15734558
46906,0.029386068
47006,0.001766833
47106,0.01728526
47206,0.009792396
47306,0.024591815
47606,0.1309221
47706,0.032880478
47806,0.102741845
47906,0.1425992
48206,0.04263326
48606,0.009502338
48706,0.0035467132
49106,0.029815232
49206,0.04629604
49606,0.06779306
49706,0.0011394009
49906,0.013210611
50106,0.015308804
50306,0.005317389
50406,0.0023901626
50606,0.022922903
50806,0.0017221387
50906,0.023049854
51006,0.05771636
51206,0.0015551553
51606,0.009607558
51806,0.06382449
52006,0.019007819
52106,0.020906407
52506,0.016775403
52606,0.21075487
52706,0.0012657049
53206,0.058717817
53306,0.22952315
53406,0.014542913
53606,0.006303407
53906,0.005092687
54106,0.28253815
54206,0.4367481
54306,0.39956167
54406,0.0366396
54606,0.021917017
55006,0.0095573
55206,0.018505225
55406,0.0049627107
55506,0.09797987
55606,0.020826057
56206,0.01931186
56506,0.017783703
56706,0.06379401
56806,0.034955032
57006,0.0652323
57106,0.031297766
57206,0.056254394
57306,0.014513999
57506,0.036557958
57906,0.04351193
58006,0.012876793
58206,0.024616167
58306,0.019242333
58506,0.10499081
58906,0.048348818
59106,0.03847087
59206,0.03531809
59506,0.002287361
59606,0.029932676
59806,0.036984716
59906,0.005763298
60406,0.010701312
60506,0.010213329
60806,0.2975012
61106,0.09049907
61306,0.029487798
61406,0.04382364
61706,0.051244646
62106,0.27264112
62406,0.062830076
62706,0.07034833
62806,0.004985465
63506,0.017754255
63606,0.14124736
63706,0.00689525
63806,0.044564947
63906,0.04120657
64306,0.05601508
64406,0.0440055
7,0.0033306445
107,0.0020068043
407,0.026319928
607,0.0092703095
707,0.053477246
1007,0.0046114125
1207,0.0016904608
1707,0.022832638
2207,0.06606733
2707,0.006913895
2807,0.01484845
2907,0.24108073
3007,0.010947901
3107,0.0077141398
3207,0.046287492
3307,0.042300317
3407,0.009449035
3707,0.048036937
4007,0.008889352
4107,0.05755952
4207,0.018399186
4407,0.1194096
4707,0.00928588
4807,0.026582463
4907,0.011818667
5107,0.005150868
5207,0.052700877
5707,0.1518942
5907,0.05109175
6207,0.2786875
6307,0.023542887
6507,0.25934833
6607,0.071567774
6807,0.15903378
6907,0.06895938
7007,0.004536178
7207,0.036110416
7407,0.021440862
7507,0.0023982618
7707,0.1057105
7907,0.016851913
8107,0.007906444
8207,0.054549254
8307,0.05200163
8407,0.14848593
8507,0.004575371
8607,0.042156685
8707,0.006086987
8907,0.029709991
9007,0.008939862
9207,0.06505727
9507,0.044994235
9807,0.034555104
9907,0.061740674
10107,0.0902696
10407,0.4031099
10507,0.071217604
10607,0.26733354
10707,0.08244689
10907,0.065209895
11207,0.013358251
11307,0.018945523
11707,0.052479923
11907,0.23825975
12107,0.17388478
12407,0.10082496
12707,0.057605315
12907,0.020457359
13007,0.017061658
13407,0.13055444
13507,0.036615707
13607,0.23663945
13707,0.074566
13907,0.16685446
14307,0.038863573
14407,0.147125
15407,0.0053722616
15607,0.054882605
15707,0.18030897
15807,0.09508972
15907,0.013716073
16107,0.031562947
16207,0.13255799
16307,0.003963698
16407,0.0024524059
16507,0.00094449765
16607,0.0031397596
17007,0.0903853
17107,0.043504667
17207,0.012663514
17307,0.039181788
17407,0.018098729
17607,0.041930605
17707,0.00707403
17907,0.09863067
18007,0.018531397
18107,0.015325577
18207,0.010495471
18407,0.016144799
18507,0.028981477
18707,0.019165702
18807,0.11739304
19107,0.019783743
19507,0.005426937
19607,0.016048616
19707,0.00789724
19807,0.10974557
20707,0.21935485
20807,0.011593017
20907,0.0053839344
21107,0.01570586
21207,0.2160779
21407,0.033617526
21807,0.10835812
22007,0.11672374
22307,0.10401022
22407,0.05113589
22507,0.024151862
22607,0.1143227
22907,0.14068268
23007,0.021776538
23207,0.07390271
23307,0.24689473
23607,0.041006885
23707,0.04272686
23807,0.019078497
23907,0.059732366
24107,0.034731094
24207,0.008411857
24407,0.026868584
24507,0.020292562
24607,0.037213404
24707,0.007274203
25307,0.01649619
25407,0.08763875
25807,0.0120552145
26007,0.0131876515
26107,0.026296005
26207,0.19629903
26307,0.059925385
26407,0.1099944
26607,0.029304883
26707,0.05180702
26807,0.023601571
26907,0.020730924
27007,0.013981141
27307,0.021711966
27407,0.022630183
27507,0.0282199
27907,0.013683478
28007,0.017958071
28107,0.022221152
28307,0.0092996005
28407,0.09029384
29007,0.017589074
29107,0.043757096
29307,0.05965855
29607,0.22548656
29707,0.027777663
29807,0.079881065
29907,0.056557182
30007,0.12093644
30107,0.05945815
30307,0.20374395
30407,0.06328156
30707,0.03570886
30807,0.014464542
31107,0.018583005
31207,0.3328661
31607,0.022123074
31707,0.023510152
31807,0.04413109
31907,0.021313546
32007,0.036781088
32107,0.005915512
32807,0.014092802
33007,0.005146239
33107,0.0068633896
33507,0.014321262
33707,0.106185116
33807,0.021436144
33907,0.010178122
34007,0.0026115645
34207,0.0255346
34307,0.00803768
34407,0.0047684163
34507,0.0061671915
34607,0.018647349
34807,0.006451377
35007,0.006172952
35207,0.033667773
35307,0.0214675
35507,0.0046220296
35607,0.006147027
35707,0.0049659237
35907,0.041863993
36007,0.019612331
36107,0.12267739
36607,0.0043599224
37207,0.092680305
37407,0.0064657573
37507,0.080321126
37607,0.013228824
37707,0.061499856
38107,0.062196225
38207,0.09139771
38307,0.07920183
38407,0.026013656
38607,0.10956128
38807,0.094343804
39107,0.02666542
39207,0.114089355
39307,0.033178367
39407,0.03951295
39607,0.18157
39707,0.017678738
39907,0.006731304
40007,0.045180764
40207,0.0055203605
40507,0.17140259
40607,0.016401445
41807,0.012510925
42007,0.07539524
42707,0.05806608
42907,0.12863475
43607,0.030889444
44207,0.006245711
44507,0.05304549
44707,0.0060934057
44907,0.052061394
45207,0.0102457255
45307,0.11262554
45507,0.08590664
45607,0.2904095
46107,0.05613601
46307,0.036895905
46507,0.02366924
46907,0.09473896
47007,0.013991216
47107,0.0058495263
47207,0.015471392
47307,0.013751573
47607,0.3032542
47707,0.012808427
47807,0.032842614
47907,0.03771281
48207,0.037829004
48607,0.007260943
48707,0.0020238224
49107,0.028987624
49207,0.016647378
49607,0.24872525
49707,0.004744621
49907,0.0034161878
50107,0.010397299
50307,0.01042872
50407,0.019790579
50607,0.04145207
50807,0.01229558
50907,0.0072743567
51007,0.007658803
51207,0.009793689
51607,0.13937628
51807,0.024925284
52007,0.055415772
52107,0.018665615
52507,0.1822763
52607,0.107002705
52707,0.0006407387
53207,0.24644539
53307,0.050056074
53407,0.029973479
53607,0.045558464
53907,0.0018943601
54107,0.06284496
54207,0.044941146
54307,0.09339683
54407,0.07412857
54607,0.12444291
55007,0.1301476
55207,0.06519266
55407,0.059324484
55507,0.014346086
55607,0.008976572
56207,0.021656204
56507,0.02966115
56707,0.019777723
56807,0.05701108
57007,0.0067886417
57107,0.0032925718
57207,0.1413332
57307,0.21907419
57507,0.012788264
57907,0.16971517
58007,0.0135463765
58207,0.02288034
58307,0.08982026
58507,0.060329877
58907,0.024433961
59107,0.02983753
59207,0.16702393
59507,0.0073219356
59607,0.025299035
59807,0.017866733
59907,0.0055956147
60407,0.044304848
60507,0.005592116
60807,0.1512178
61107,0.065543994
61307,0.013629887
61407,0.021871759
61707,0.03997668
62107,0.08038719
62407,0.07189924
62707,0.32840496
62807,0.022503218
63507,0.01468827
63607,0.17897111
63707,0.023654444
63807,0.16408622
63907,0.005066086
64307,0.019052608
64407,0.2907489
8,0.32051522
108,0.27160266
408,0.0076017757
608,0.023503631
708,0.1329487
1008,0.13576868
1208,0.051817983
1708,0.17659612
2208,0.018445121
2708,0.11626154
2808,0.06235169
2908,0.035709243
3008,0.013937374
3108,0.03589927
3208,0.022756616
3308,0.008648464
3408,0.056608647
3708,0.07380572
4008,0.0067069163
4108,0.18728995
4208,0.0114478115
4408,0.088125065
4708,0.0070259175
4808,0.019159582
4908,0.01730162
5108,0.012705418
5208,0.020077303
5708,0.022670723
5908,0.059956178
6208,0.045729075
6308,0.091282785
6508,0.06093069
6608,0.055606134
6808,0.025994195
6908,0.11576497
7008,0.17430407
7208,0.01212063
7408,0.08309397
7508,0.02437666
7708,0.07100964
7908,0.1773871
8108,0.17138168
8208,0.042349957
8308,0.06733096
8408,0.026024384
8508,0.20603563
8608,0.099709675
8708,0.07933545
8908,0.28864765
9008,0.057142884
9208,0.25167564
9508,0.07416817
9808,0.042632427
9908,0.086086825
10108,0.033280104
10408,0.016577862
10508,0.15586135
10608,0.10700514
10708,0.051169015
10908,0.03546017
11208,0.3189418
11308,0.08103757
11708,0.016283344
11908,0.08956756
12108,0.008247422
12408,0.045864873
12708,0.11495252
12908,0.010808803
13008,0.039151456
13408,0.10991924
13508,0.16884808
13608,0.07027417
13708,0.031979434
13908,0.056577604
14308,0.014962454
14408,0.019509451
15408,0.029393496
15608,0.14286211
15708,0.00816481
15808,0.040873446
15908,0.26664746
16108,0.03831561
16208,0.10900354
16308,0.25909492
16408,0.30911896
16508,0.0036345823
16608,0.025328448
17008,0.08369975
17108,0.07863229
17208,0.08927588
17308,0.14742842
17408,0.023480179
17608,0.079267934
17708,0.02886494
17908,0.11243793
18008,0.24925724
18108,0.061193094
18208,0.09547649
18408,0.0077312407
18508,0.07601174
18708,0.14110814
18808,0.045463
19108,0.028694145
19508,0.052095912
19608,0.026695302
19708,0.10371263
19808,0.050895963
20708,0.0093424795
20808,0.06197956
20908,0.035828404
21108,0.03203276
21208,0.048122685
21408,0.02967625
21808,0.01883214
22008,0.0402577
22308,0.016308347
22408,0.07134998
22508,0.076485604
22608,0.029575815
22908,0.008408671
23008,0.019040126
23208,0.057645947
23308,0.017681075
23608,0.19950072
23708,0.022726081
23808,0.061346237
23908,0.020596368
24108,0.08051501
24208,0.080149926
24408,0.15839842
24508,0.05521444
24608,0.09699105
24708,0.30795687
25308,0.012358473
25408,0.077026814
25808,0.112846375
26008,0.09545177
26108,0.17416272
26208,0.025021411
26308,0.04638535
26408,0.03570052
26608,0.15903883
26708,0.052432556
26808,0.17228372
26908,0.14429443
27008,0.26283947
27308,0.23747386
27408,0.04289612
27508,0.054525837
27908,0.19989337
28008,0.11591776
28108,0.04131711
28308,0.06019219
28408,0.04650671
29008,0.13702609
29108,0.044591743
29308,0.021692604
29608,0.040971495
29708,0.036669597
29808,0.038400494
29908,0.06810784
30008,0.017185664
30108,0.033389196
30308,0.016858384
30408,0.010448279
30708,0.0485683
30808,0.02333333
31108,0.0634373
31208,0.041364577
31608,0.03340805
31708,0.08332278
31808,0.09469052
31908,0.040151723
32008,0.024538264
32108,0.1583568
32808,0.01696925
33008,0.053070925
33108,0.029246375
33508,0.07873946
33708,0.07832109
33808,0.24196322
33908,0.13498347
34008,0.012304733
34208,0.024171116
34308,0.13584396
34408,0.010468768
34508,0.06077567
34608,0.075595714
34808,0.010764131
35008,0.050333746
35208,0.038478177
35308,0.03025301
35508,0.0437779
35608,0.0740526
35708,0.05838813
35908,0.07251354
36008,0.081720755
36108,0.14783794
36608,0.016462918
37208,0.012014181
37408,0.009171251
37508,0.031615607
37608,0.015786331
37708,0.2071483
38108,0.05052905
38208,0.044332966
38308,0.025839023
38408,0.04191097
38608,0.23767765
38808,0.049043953
39108,0.048978254
39208,0.010157703
39308,0.029074823
39408,0.14797597
39608,0.042114116
39708,0.01161342
39908,0.11344519
40008,0.10387573
40208,0.091989405
40508,0.07477083
40608,0.01357255
41808,0.050959155
42008,0.027234282
42708,0.018621773
42908,0.14975329
43608,0.054510918
44208,0.018091416
44508,0.044302158
44708,0.045073282
44908,0.07907022
45208,0.0024243318
45308,0.07762759
45508,0.027498782
45608,0.025259178
46108,0.039665025
46308,0.065558165
46508,0.047744226
46908,0.03610613
47008,0.28570047
47108,0.32407802
47208,0.08962038
47308,0.025307298
47608,0.023383599
47708,0.03208697
47808,0.019668762
47908,0.0664548
48208,0.06364076
48608,0.09987972
48708,0.0073186234
49108,0.048185304
49208,0.019922068
49608,0.028213268
49708,0.040643297
49908,0.02601363
50108,0.24046521
50308,0.06605246
50408,0.050291333
50608,0.015737096
50808,0.072831824
50908,0.09928345
51008,0.06513611
51208,0.052044842
51608,0.037037577
51808,0.03371881
52008,0.011792793
52108,0.08272769
52508,0.059347842
52608,0.01544806
52708,0.049493693
53208,0.029825155
53308,0.026191134
53408,0.015558436
53608,0.050970636
53908,0.010893785
54108,0.104605444
54208,0.013265047
54308,0.013376541
54408,0.025875978
54608,0.123495646
55008,0.19664824
55208,0.12217656
55408,0.062707104
55508,0.08599771
55608,0.14211197
56208,0.106960304
56508,0.25966245
56708,0.010723291
56808,0.068324655
57008,0.16397668
57108,0.072433814
57208,0.06493208
57308,0.023296218
57508,0.0295423
57908,0.09483151
58008,0.043184247
58208,0.32964426
58308,0.17515747
58508,0.032177966
58908,0.059768844
59108,0.07951127
59208,0.08198491
59508,0.3737301
59608,0.14237337
59808,0.023570573
59908,0.015250226
60408,0.24657448
60508,0.048385642
60808,0.028895043
61108,0.22150093
61308,0.2359723
61408,0.117903076
61708,0.04639251
62108,0.013153266
62408,0.030700913
62708,0.033943977
62808,0.069018744
63508,0.083404765
63608,0.027999323
63708,0.02927229
63808,0.07450689
63908,0.06387147
64308,0.023975918
64408,0.0319511
9,0.004336339
109,0.005836412
409,0.007896926
609,0.25269634
709,0.020623399
1009,0.007510416
1209,0.0018086132
1709,0.013066553
2209,0.023189852
2709,0.0026277057
2809,0.007571528
2909,0.044140846
3009,0.24685858
3109,0.0013597424
3209,0.033486158
3309,0.11929341
3409,0.011695167
3709,0.008817695
4009,0.0637602
4109,0.2251861
4209,0.011818306
4409,0.018037975
4709,0.07728255
4809,0.012913309
4909,0.07250604
5109,0.13027129
5209,0.12560724
5709,0.033954844
5909,0.16813248
6209,0.024204975
6309,0.077279
6509,0.083320126
6609,0.02748147
6809,0.07134974
6909,0.003518862
7009,0.0053159557
7209,0.004736884
7409,0.024186296
7509,0.0753185
7709,0.008907796
7909,0.00794664
8109,0.46088645
8209,0.020725908
8309,0.018405307
8409,0.016429117
8509,0.049133904
8609,0.06430493
8709,0.019708518
8909,0.03573301
9009,0.013898008
9209,0.14949957
9509,0.011323545
9809,0.038028203
9909,0.23067616
10109,0.0064879125
10409,0.017490136
10509,0.38692465
10609,0.03892176
10709,0.0395183
10909,0.30149603
11209,0.06483304
11309,0.0067290105
11709,0.009323766
11909,0.03650184
12109,0.0212887
12409,0.025681064
12709,0.01395873
12909,0.5566589
13009,0.058420163
13409,0.044622395
13509,0.085073136
13609,0.04914616
13709,0.014742068
13909,0.0063442932
14309,0.015090546
14409,0.08337698
15409,0.15449816
15609,0.14085284
15709,0.038555514
15809,0.0126291225
15909,0.020831287
16109,0.005063773
16209,0.025750263
16309,0.0058751283
16409,0.0035071285
16509,0.0023962944
16609,0.0046739406
17009,0.27219102
17109,0.008132466
17209,0.07068405
17309,0.0015739083
17409,0.006134094
17609,0.014102638
17709,0.024778884
17909,0.020375116
18009,0.004534308
18109,0.0054173116
18209,0.0019554559
18409,0.004363702
18509,0.0188432
18709,0.002666113
18809,0.007907648
19109,0.07235128
19509,0.021697424
19609,0.006426905
19709,0.012776978
19809,0.007489094
20709,0.013339254
20809,0.06362934
20909,0.010392996
21109,0.015595778
21209,0.009141459
21409,0.41217867
21809,0.06754944
22009,0.057643976
22309,0.010134462
22409,0.07382839
22509,0.047368094
22609,0.05903272
22909,0.008160907
23009,0.0032641257
23209,0.00699028
23309,0.0042194654
23609,0.120814
23709,0.018657017
23809,0.02317958
23909,0.013592774
24109,0.033185236
24209,0.0147202285
24409,0.008685193
24509,0.0086256815
24609,0.005529747
24709,0.047091287
25309,0.008289786
25409,0.0070455647
25809,0.096352756
26009,0.15787977
26109,0.123266466
26209,0.01752998
26309,0.2716213
26409,0.025201937
26609,0.25559998
26709,0.105394356
26809,0.01912382
26909,0.008960949
27009,0.020787327
27309,0.0057500224
27409,0.008844096
27509,0.013294366
27909,0.011098239
28009,0.017978378
28109,0.112920225
28309,0.2594315
28409,0.02923851
29009,0.029343246
29109,0.18851447
29309,0.04475161
29609,0.014171592
29709,0.059751574
29809,0.074774675
29909,0.009364666
30009,0.050987445
30109,0.08588337
30309,0.017060248
30409,0.056592666
30709,0.032108694
30809,0.005240038
31109,0.022484131
31209,0.054835204
31609,0.012027516
31709,0.025970886
31809,0.064292766
31909,0.01642914
32009,0.013974641
32109,0.002157566
32809,0.26909623
33009,0.009942778
33109,0.010041228
33509,0.19633389
33709,0.0075574215
33809,0.0064132134
33909,0.0014062555
34009,0.014013882
34209,0.0031452202
34309,0.032487042
34409,0.0018702222
34509,0.0076609743
34609,0.00837745
34809,0.0013459566
35009,0.011168332
35209,0.007243535
35309,0.2702034
35509,0.012608282
35609,0.015051251
35709,0.02015237
35909,0.014764738
36009,0.06765749
36109,0.004818495
36609,0.16497688
37209,0.032928552
37409,0.050871875
37509,0.007814549
37609,0.44388276
37709,0.31448177
38109,0.038200997
38209,0.020039743
38309,0.10702132
38409,0.30504006
38609,0.1413942
38809,0.14653096
39109,0.017478997
39209,0.0062611806
39309,0.040543325
39409,0.014427986
39609,0.0038307754
39709,0.012404881
39909,0.009416462
40009,0.012999873
40209,0.011159544
40509,0.0063351984
40609,0.048168276
41809,0.011044104
42009,0.032463316
42709,0.019095408
42909,0.03186178
43609,0.009795111
44209,0.0154660335
44509,0.00593909
44709,0.012671334
44909,0.066003636
45209,0.004881224
45309,0.016708786
45509,0.00685405
45609,0.08018122
46109,0.07395322
46309,0.030320313
46509,0.03585938
46909,0.003424492
47009,0.009189053
47109,0.007260597
47209,0.008661109
47309,0.10412877
47609,0.10746231
47709,0.12549466
47809,0.4101776
47909,0.062676385
48209,0.018208241
48609,0.0101832105
48709,0.00856353
49109,0.019977244
49209,0.009135563
49609,0.00890534
49709,0.0040104026
49909,0.002059616
50109,0.01104531
50309,0.0039324095
50409,0.00472391
50609,0.0116783
50809,0.0017098535
50909,0.015214703
51009,0.017354568
51209,0.0030547366
51609,0.010580565
51809,0.026147587
52009,0.0076732165
52109,0.05007381
52509,0.0046070972
52609,0.07800357
52709,0.79979146
53209,0.018015385
53309,0.04378814
53409,0.2965538
53609,0.007223643
53909,0.4493582
54109,0.0625147
54209,0.07782782
54309,0.06711333
54409,0.053861316
54609,0.022515398
55009,0.0145951975
55209,0.091263965
55409,0.009112888
55509,0.012008011
55609,0.004033858
56209,0.04286885
56509,0.317742
56709,0.011681764
56809,0.009541959
57009,0.033085775
57109,0.019595614
57209,0.039221145
57309,0.004347917
57509,0.022366455
57909,0.015801167
58009,0.015774604
58209,0.24429587
58309,0.018070431
58509,0.23542483
58909,0.01913679
59109,0.14157814
59209,0.043367803
59509,0.016579483
59609,0.09061094
59809,0.012518255
59909,0.013686214
60409,0.00957543
60509,0.005250069
60809,0.10529321
61109,0.024858411
61309,0.030002471
61409,0.033902783
61709,0.08594218
62109,0.08341846
62409,0.10153933
62709,0.09951442
62809,0.0050835186
63509,0.008795611
63609,0.010540995
63709,0.013769725
63809,0.08758929
63909,0.012763363
64309,0.019801551
64409,0.008412528
10,0.25035125
110,0.18563396
410,0.11809455
610,0.22679876
710,0.033900812
1010,0.54318154
1210,0.071689524
1710,0.1766189
2210,0.46413878
2710,0.01166537
2810,0.542571
2910,0.20834963
3010,0.3684454
3110,0.020855872
3210,0.10127212
3310,0.08718542
3410,0.5473772
3710,0.03186409
4010,0.2912135
4110,0.010764395
4210,0.050659895
4410,0.1116247
4710,0.106247
4810,0.028068751
4910,0.431652
5110,0.15340027
5210,0.08479754
5710,0.059912957
5910,0.22536351
6210,0.041029263
6310,0.043202646
6510,0.031403605
6610,0.04432953
6810,0.07423032
6910,0.023795169
7010,0.029960211
7210,0.02256701
7410,0.12743275
7510,0.39588892
7710,0.21806039
7910,0.016876077
8110,0.06637907
8210,0.022675054
8310,0.14680886
8410,0.03716791
8510,0.29731423
8610,0.023337198
8710,0.053482044
8910,0.077008024
9010,0.041740563
9210,0.0501394
9510,0.055600695
9810,0.1822234
9910,0.07762659
10110,0.12016249
10410,0.038532645
10510,0.02785156
10610,0.06663872
10710,0.117988534
10910,0.026354512
11210,0.08666298
11310,0.0229235
11710,0.028926173
11910,0.013954762
12110,0.40378153
12410,0.1910487
12710,0.13224016
12910,0.09520215
13010,0.38490012
13410,0.03085534
13510,0.056357246
13610,0.041901104
13710,0.013583407
13910,0.049977764
14310,0.0465797
14410,0.39329526
15410,0.38965985
15610,0.017866425
15710,0.29746073
15810,0.0913405
15910,0.113397695
16110,0.08243936
16210,0.03795862
16310,0.17586412
16410,0.24902059
16510,0.14125152
16610,0.1439939
17010,0.019836292
17110,0.5167516
17210,0.066858895
17310,0.3198362
17410,0.101246156
17610,0.1645275
17710,0.064687416
17910,0.10254499
18010,0.23042932
18110,0.07313157
18210,0.026740132
18410,0.27596298
18510,0.4096057
18710,0.010745647
18810,0.4401401
19110,0.053838544
19510,0.45045027
19610,0.028562795
19710,0.087513074
19810,0.025568685
20710,0.08610562
20810,0.28284433
20910,0.12575763
21110,0.038388338
21210,0.065935716
21410,0.04181107
21810,0.06881166
22010,0.062050495
22310,0.022048656
22410,0.17957643
22510,0.027206406
22610,0.1908492
22910,0.03631811
23010,0.029383564
23210,0.053058274
23310,0.064007655
23610,0.016116856
23710,0.12527998
23810,0.051755402
23910,0.5159302
24110,0.4116057
24210,0.14111188
24410,0.061150886
24510,0.014919864
24610,0.0663225
24710,0.13643701
25310,0.09423756
25410,0.07718873
25810,0.39651364
26010,0.2191042
26110,0.116172545
26210,0.32098576
26310,0.034447566
26410,0.31827617
26610,0.014569801
26710,0.21059458
26810,0.024067748
26910,0.1586113
27010,0.07000768
27310,0.17856231
27410,0.028114026
27510,0.04370677
27910,0.0779608
28010,0.052783664
28110,0.37033135
28310,0.18450595
28410,0.04624035
29010,0.1888603
29110,0.12558122
29310,0.02402209
29610,0.03736785
29710,0.13706133
29810,0.18622734
29910,0.051774975
30010,0.09040784
30110,0.19642171
30310,0.038624477
30410,0.048197635
30710,0.3815615
30810,0.15364553
31110,0.4708616
31210,0.09300932
31610,0.056380004
31710,0.2141882
31810,0.12474796
31910,0.12375906
32010,0.13770413
32110,0.25224245
32810,0.4798438
33010,0.08719364
33110,0.09706007
33510,0.2883927
33710,0.22235624
33810,0.24424015
33910,0.018854609
34010,0.051309865
34210,0.060169034
34310,0.27500924
34410,0.010603126
34510,0.05611534
34610,0.14664951
34810,0.05624825
35010,0.29293412
35210,0.012527733
35310,0.16319595
35510,0.2049045
35610,0.5315868
35710,0.09489985
35910,0.118677184
36010,0.24944134
36110,0.08849807
36610,0.38494423
37210,0.016957575
37410,0.14880255
37510,0.056814786
37610,0.068660356
37710,0.01486671
38110,0.037958957
38210,0.037633974
38310,0.026623208
38410,0.08200552
38610,0.04986568
38810,0.06911067
39110,0.021325774
39210,0.032880984
39310,0.06475557
39410,0.03039991
39610,0.043924086
39710,0.008198655
39910,0.4109603
40010,0.028576022
40210,0.42662314
40510,0.14800349
40610,0.053100307
41810,0.20400113
42010,0.34225965
42710,0.123176746
42910,0.07497296
43610,0.17434235
44210,0.117873415
44510,0.10426659
44710,0.08635113
44910,0.022377217
45210,0.32841414
45310,0.061361983
45510,0.1893618
45610,0.023811685
46110,0.0869975
46310,0.11918047
46510,0.507764
46910,0.5544094
47010,0.012369778
47110,0.31190556
47210,0.069252
47310,0.36068487
47610,0.13069236
47710,0.07662391
47810,0.07271911
47910,0.12763664
48210,0.10429292
48610,0.106746055
48710,0.13128644
49110,0.39602503
49210,0.07687847
49610,0.09881685
49710,0.03886646
49910,0.37729552
50110,0.19808151
50310,0.04776408
50410,0.021814553
50610,0.07607439
50810,0.013354097
50910,0.27166465
51010,0.09081236
51210,0.020600853
51610,0.018642046
51810,0.0945012
52010,0.08088025
52110,0.027543694
52510,0.066358685
52610,0.2620947
52710,0.006443584
53210,0.02632716
53310,0.18602502
53410,0.05736636
53610,0.016661095
53910,0.3337667
54110,0.2279601
54210,0.24563158
54310,0.14829944
54410,0.08412854
54610,0.021966133
55010,0.020252148
55210,0.06380933
55410,0.020812022
55510,0.24438894
55610,0.14933485
56210,0.025595546
56510,0.029548198
56710,0.04992417
56810,0.07485294
57010,0.28650525
57110,0.1677719
57210,0.12757929
57310,0.13646802
57510,0.45523804
57910,0.08705043
58010,0.27641615
58210,0.06533279
58310,0.02881468
58510,0.174515
58910,0.16814995
59110,0.15712155
59210,0.1906724
59510,0.05761047
59610,0.19801213
59810,0.1661142
59910,0.047344837
60410,0.17062995
60510,0.20916021
60810,0.05171035
61110,0.11706482
61310,0.34940735
61410,0.23342995
61710,0.06043997
62110,0.37433255
62410,0.019825011
62710,0.04410922
62810,0.11197189
63510,0.30969012
63610,0.06320819
63710,0.059401087
63810,0.017758349
63910,0.24140646
64310,0.20095545
64410,0.188388
11,0.003937437
111,0.037869792
411,0.18758523
611,0.028890742
711,0.0894538
1011,0.04716759
1211,0.13969497
1711,0.014150933
2211,0.016141012
2711,0.0059352177
2811,0.03785961
2911,0.015479338
3011,0.017176783
3111,0.20449898
3211,0.15494262
3311,0.12052299
3411,0.02309879
3711,0.016503464
4011,0.007344929
4111,0.010274634
4211,0.043104667
4411,0.039541826
4711,0.0060933637
4811,0.0308193
4911,0.016686581
5111,0.035490204
5211,0.034573596
5711,0.041988414
5911,0.014458754
6211,0.02106149
6311,0.11009658
6511,0.03414899
6611,0.086178176
6811,0.06517361
6911,0.035166092
7011,0.0088985255
7211,0.052184347
7411,0.01215993
7511,0.057587586
7711,0.032220256
7911,0.012619884
8111,0.01605232
8211,0.084956825
8311,0.022553692
8411,0.23373377
8511,0.03763895
8611,0.10151842
8711,0.01835789
8911,0.021867866
9011,0.0027284392
9211,0.011503802
9511,0.02194152
9811,0.02386581
9911,0.005791297
10111,0.023078216
10411,0.0113012055
10511,0.010607902
10611,0.0036597739
10711,0.014071701
10911,0.010187833
11211,0.0138697
11311,0.027602341
11711,0.07648492
11911,0.014616545
12111,0.007509186
12411,0.012633041
12711,0.09948071
12911,0.004253057
13011,0.016632253
13411,0.022423174
13511,0.04809954
13611,0.009806691
13711,0.051241692
13911,0.021903994
14311,0.047005598
14411,0.0060174745
15411,0.034320157
15611,0.12832844
15711,0.005185399
15811,0.032574974
15911,0.049646977
16111,0.12772371
16211,0.023164542
16311,0.16412333
16411,0.013044601
16511,0.46064147
16611,0.17989309
17011,0.015191871
17111,0.112148665
17211,0.29784647
17311,0.052284177
17411,0.61843336
17611,0.048596676
17711,0.011515081
17911,0.017619224
18011,0.011450834
18111,0.05617713
18211,0.01051699
18411,0.020071674
18511,0.021697339
18711,0.019894188
18811,0.019976996
19111,0.0031468163
19511,0.028601835
19611,0.07573161
19711,0.0059227976
19811,0.01781234
20711,0.09240787
20811,0.04129765
20911,0.12666668
21111,0.15180352
21211,0.015853323
21411,0.009221887
21811,0.0863888
22011,0.034779925
22311,0.0048402254
22411,0.037461672
22511,0.11263011
22611,0.038244322
22911,0.03969068
23011,0.08693894
23211,0.0072796396
23311,0.009517042
23611,0.013320922
23711,0.024692336
23811,0.027437486
23911,0.027309068
24111,0.05908892
24211,0.12552421
24411,0.015942857
24511,0.037466045
24611,0.0059053306
24711,0.0075664637
25311,0.20269944
25411,0.018263344
25811,0.00393366
26011,0.016808344
26111,0.008884669
26211,0.058267042
26311,0.03161484
26411,0.0040205857
26611,0.10310797
26711,0.066215925
26811,0.04925427
26911,0.015213275
27011,0.023394844
27311,0.0075418847
27411,0.47280994
27511,0.12256748
27911,0.03524286
28011,0.0798287
28111,0.015738195
28311,0.07096897
28411,0.048538726
29011,0.04274577
29111,0.091773435
29311,0.04820041
29611,0.027036447
29711,0.0063431985
29811,0.011045116
29911,0.020033265
30011,0.04291805
30111,0.012743904
30311,0.05097461
30411,0.018806288
30711,0.020927234
30811,0.06554248
31111,0.0131607
31211,0.012089042
31611,0.1302074
31711,0.006841717
31811,0.025206406
31911,0.12716027
32011,0.06102733
32111,0.0073844893
32811,0.013129896
33011,0.6647821
33111,0.6917896
33511,0.01682255
33711,0.00799492
33811,0.015496363
33911,0.0144487005
34011,0.056047965
34211,0.010320454
34311,0.0063806437
34411,0.007278036
34511,0.022001998
34611,0.018203648
34811,0.09452617
35011,0.03127778
35211,0.040984754
35311,0.032792542
35511,0.033782285
35611,0.010136036
35711,0.0045282505
35911,0.13630725
36011,0.0156192975
36111,0.015761454
36611,0.012236305
37211,0.002029102
37411,0.15595691
37511,0.08979045
37611,0.004559206
37711,0.029466439
38111,0.077936225
38211,0.014940603
38311,0.014360795
38411,0.026792899
38611,0.029726582
38811,0.0076308306
39111,0.022388306
39211,0.035138033
39311,0.09893921
39411,0.025631627
39611,0.0099404715
39711,0.0010962922
39911,0.088767484
40011,0.046955913
40211,0.09172857
40511,0.06308759
40611,0.037722997
41811,0.05651893
42011,0.013513603
42711,0.035976235
42911,0.0069227107
43611,0.028795553
44211,0.036504947
44511,0.02700956
44711,0.17118837
44911,0.0042543993
45211,0.004578804
45311,0.011674998
45511,0.0061807106
45611,0.013213127
46111,0.004099995
46311,0.029254064
46511,0.00563771
46911,0.051697623
47011,0.02238588
47111,0.00932488
47211,0.07466379
47311,0.031889334
47611,0.01317347
47711,0.11243155
47811,0.026875485
47911,0.036162093
48211,0.105896175
48611,0.18161857
48711,0.54527956
49111,0.0077818288
49211,0.18085463
49611,0.08574178
49711,0.14282723
49911,0.015209142
50111,0.046268504
50311,0.006244448
50411,0.02824002
50611,0.028241584
50811,0.0070573115
50911,0.008177243
51011,0.0057781558
51211,0.027242
51611,0.027359674
51811,0.017668651
52011,0.03243956
52111,0.048697148
52511,0.019503228
52611,0.0059565883
52711,0.014100702
53211,0.004355289
53311,0.048254643
53411,0.019676631
53611,0.064432554
53911,0.004292126
54111,0.007695095
54211,0.005847747
54311,0.009331708
54411,0.026127104
54611,0.007593763
55011,0.010938918
55211,0.00948722
55411,0.028698297
55511,0.013446911
55611,0.017459612
56211,0.08036724
56511,0.038407404
56711,0.30188352
56811,0.036039438
57011,0.003267256
57111,0.009889899
57211,0.20994017
57311,0.07100135
57511,0.036757108
57911,0.040853374
58011,0.004502671
58211,0.039951466
58311,0.0060226656
58511,0.0043708635
58911,0.004574269
59111,0.01445651
59211,0.010693288
59511,0.015499525
59611,0.03306623
59811,0.08470191
59911,0.1824542
60411,0.0059906067
60511,0.056963723
60811,0.011561393
61111,0.006027858
61311,0.04801014
61411,0.015857058
61711,0.013755184
62111,0.0066776993
62411,0.029997766
62711,0.030390335
62811,0.040944785
63511,0.04375394
63611,0.16648524
63711,0.19915883
63811,0.093242824
63911,0.029746465
64311,0.06106787
64411,0.036043257
12,0.0034438309
112,0.0058778916
412,0.07984271
612,0.010716323
712,0.02327984
1012,0.006723375
1212,0.004851709
1712,0.0090596825
2212,0.0077733584
2712,0.0016214645
2812,0.008886718
2912,0.0065356684
3012,0.0097504975
3112,0.010084959
3212,0.041516095
3312,0.13977621
3412,0.005548697
3712,0.010501431
4012,0.005156814
4112,0.2087341
4212,0.010904685
4412,0.03023454
4712,0.0042377785
4812,0.02866223
4912,0.003316148
5112,0.017526496
5212,0.0227212
5712,0.030240174
5912,0.08681466
6212,0.041223526
6312,0.039793815
6512,0.07314678
6612,0.07434997
6812,0.057621032
6912,0.055143263
7012,0.006043564
7212,0.027219744
7412,0.010316768
7512,0.032434657
7712,0.004474508
7912,0.0038944704
8112,0.005358724
8212,0.022004606
8312,0.014443522
8412,0.06488342
8512,0.0023374348
8612,0.045650035
8712,0.0020721518
8912,0.02111469
9012,0.0013542263
9212,0.01115306
9512,0.033896007
9812,0.0071497248
9912,0.0050298055
10112,0.023551034
10412,0.013465999
10512,0.014071449
10612,0.009393892
10712,0.0090768775
10912,0.0089932475
11212,0.007136569
11312,0.009018638
11712,0.059907038
11912,0.025156528
12112,0.0062897904
12412,0.03070112
12712,0.05353814
12912,0.017351734
13012,0.006415525
13412,0.037390783
13512,0.029150449
13612,0.033907585
13712,0.035341427
13912,0.014467349
14312,0.02661513
14412,0.009640737
15412,0.019096043
15612,0.050702177
15712,0.004221113
15812,0.009657035
15912,0.01239398
16112,0.025940651
16212,0.04383876
16312,0.03354711
16412,0.0051607895
16512,0.028296897
16612,0.0060736644
17012,0.012786879
17112,0.013809348
17212,0.020837585
17312,0.009034197
17412,0.054174818
17612,0.015688004
17712,0.0025780734
17912,0.009431602
18012,0.0068478864
18112,0.0038559602
18212,0.0010194636
18412,0.0020516727
18512,0.006298666
18712,0.003227497
18812,0.007358019
19112,0.001086055
19512,0.005742726
19612,0.016585855
19712,0.0039384207
19812,0.012306002
20712,0.043341693
20812,0.038894046
20912,0.011750634
21112,0.012608796
21212,0.024015786
21412,0.024460495
21812,0.035663653
22012,0.07299355
22312,0.0020464864
22412,0.05247979
22512,0.034331862
22612,0.014342165
22912,0.22425316
23012,0.08374602
23212,0.006211582
23312,0.006293438
23612,0.00851696
23712,0.013036652
23812,0.009712049
23912,0.0024937857
24112,0.021723144
24212,0.010105363
24412,0.011767374
24512,0.01465376
24612,0.008987001
24712,0.002584997
25312,0.040256824
25412,0.037970357
25812,0.0058195475
26012,0.009451824
26112,0.012383185
26212,0.016091956
26312,0.06228152
26412,0.0041198367
26612,0.041008815
26712,0.037713263
26812,0.008130671
26912,0.014097363
27012,0.021159591
27312,0.05796694
27412,0.057804253
27512,0.039035898
27912,0.008245507
28012,0.0071884044
28112,0.051713467
28312,0.020292383
28412,0.11086439
29012,0.025624335
29112,0.030795936
29312,0.0125856325
29612,0.045477208
29712,0.23245367
29812,0.032798376
29912,0.056094307
30012,0.033863015
30112,0.022990298
30312,0.015517949
30412,0.021607922
30712,0.019002376
30812,0.018058702
31112,0.0066801743
31212,0.009489755
31612,0.020481022
31712,0.015559922
31812,0.03314954
31912,0.06097248
32012,0.059350982
32112,0.001572319
32812,0.02494225
33012,0.021598155
33112,0.07173545
33512,0.0074436916
33712,0.0058055427
33812,0.013622868
33912,0.0035773949
34012,0.0046606236
34212,0.008009393
34312,0.002150653
34412,0.0010769808
34512,0.009305184
34612,0.0060049286
34812,0.013380281
35012,0.009308647
35212,0.09006418
35312,0.010493356
35512,0.0031983666
35612,0.0032995094
35712,0.00092932006
35912,0.03888365
36012,0.010063886
36112,0.05424106
36612,0.018714944
37212,0.0046647787
37412,0.024535906
37512,0.035961963
37612,0.013826175
37712,0.022931153
38112,0.06431362
38212,0.051483266
38312,0.024018042
38412,0.021911804
38612,0.020227607
38812,0.025085969
39112,0.0068763704
39212,0.2661378
39312,0.028370315
39412,0.022792459
39612,0.0056122555
39712,0.0011263522
39912,0.017174833
40012,0.00429663
40212,0.01023576
40512,0.01883158
40612,0.005753752
41812,0.019511309
42012,0.004837828
42712,0.013208035
42912,0.01140519
43612,0.026980674
44212,0.008860107
44512,0.011822793
44712,0.014312292
44912,0.15168445
45212,0.00087497
45312,0.014790288
45512,0.009388924
45612,0.017701086
46112,0.121734515
46312,0.089687906
46512,0.005700848
46912,0.005909494
47012,0.005267859
47112,0.0041370117
47212,0.01920015
47312,0.023180345
47612,0.023645358
47712,0.091423966
47812,0.019169869
47912,0.019397285
48212,0.039211612
48612,0.014580789
48712,0.05241582
49112,0.004239342
49212,0.049739506
49612,0.045088965
49712,0.00413476
49912,0.0067686825
50112,0.017695006
50312,0.0018384715
50412,0.001821001
50612,0.009300524
50812,0.0012491532
50912,0.0077178264
51012,0.0015269984
51212,0.013293312
51612,0.034555066
51812,0.005659781
52012,0.013155566
52112,0.014738832
52512,0.014318194
52612,0.022656463
52712,0.040186316
53212,0.0036997262
53312,0.013495132
53412,0.12114223
53612,0.022895498
53912,0.0054518064
54112,0.0024534795
54212,0.015746208
54312,0.026282687
54412,0.0728109
54612,0.018572232
55012,0.051712792
55212,0.011014807
55412,0.017529467
55512,0.011104049
55612,0.006166434
56212,0.009482011
56512,0.0148181245
56712,0.03549035
56812,0.025226232
57012,0.003878468
57112,0.004029291
57212,0.051567134
57312,0.012323478
57512,0.005590037
57912,0.027497414
58012,0.0047782194
58212,0.016833771
58312,0.0067791496
58512,0.0056253327
58912,0.008573194
59112,0.0730579
59212,0.013788023
59512,0.007818456
59612,0.051007714
59812,0.03714779
59912,0.019065624
60412,0.006557849
60512,0.007317362
60812,0.013988799
61112,0.02458473
61312,0.0124195
61412,0.02123026
61712,0.019597253
62112,0.008806529
62412,0.015290531
62712,0.023201538
62812,0.020786526
63512,0.030173244
63612,0.049135894
63712,0.040196784
63812,0.09115989
63912,0.0059036356
64312,0.045025535
64412,0.016313396
13,0.0065845214
113,0.01114629
413,0.0021346775
613,0.006188565
713,0.0078394
1013,0.003524724
1213,0.002041334
1713,0.0053746845
2213,0.003585803
2713,0.0011533134
2813,0.007558517
2913,0.014660145
3013,0.017184684
3113,0.0021122575
3213,0.0083600385
3313,0.004893352
3413,0.011425069
3713,0.21164684
4013,0.0028515963
4113,0.004764919
4213,0.0045687812
4413,0.0027416958
4713,0.0022940785
4813,0.03199427
4913,0.021675153
5113,0.029899767
5213,0.0055683027
5713,0.00483557
5913,0.009347817
6213,0.005404168
6313,0.010325287
6513,0.0043981513
6613,0.013147945
6813,0.008040038
6913,0.0019725242
7013,0.0036350004
7213,0.0032434831
7413,0.008421373
7513,0.017662339
7713,0.005379099
7913,0.020002896
8113,0.011491172
8213,0.0253939
8313,0.0013165828
8413,0.002001002
8513,0.026756417
8613,0.023919176
8713,0.060533393
8913,0.0069756885
9013,0.07547574
9213,0.0042607626
9513,0.120927215
9813,0.0048542307
9913,0.012774093
10113,0.002748386
10413,0.0012875678
10513,0.01139185
10613,0.011488007
10713,0.044781722
10913,0.0068824063
11213,0.010601263
11313,0.0022796046
11713,0.007459137
11913,0.017140416
12113,0.004347596
12413,0.0062330314
12713,0.003439691
12913,0.00835121
13013,0.021557348
13413,0.0060746935
13513,0.040040746
13613,0.0077210353
13713,0.0031492445
13913,0.023024801
14313,0.021759521
14413,0.005251376
15413,0.043609213
15613,0.0071943835
15713,0.0016927788
15813,0.001603123
15913,0.006184857
16113,0.0035847207
16213,0.003925436
16313,0.00414392
16413,0.0071818023
16513,0.0010962611
16613,0.0026879823
17013,0.013023568
17113,0.002640545
17213,0.029297078
17313,0.00086537097
17413,0.001221242
17613,0.008175555
17713,0.19859587
17913,0.013607001
18013,0.0049410765
18113,0.00172068
18213,0.0006483594
18413,0.0006662972
18513,0.0049533327
18713,0.0015676288
18813,0.011211524
19113,0.2988512
19513,0.01805315
19613,0.007139153
19713,0.16139677
19813,0.087678485
20713,0.0015028259
20813,0.05683065
20913,0.066134475
21113,0.009480778
21213,0.0052029546
21413,0.0070086876
21813,0.005505067
22013,0.011428643
22313,0.052342303
22413,0.014427293
22513,0.015055621
22613,0.0053940816
22913,0.0024806813
23013,0.0012482607
23213,0.012475019
23313,0.014992606
23613,0.011216736
23713,0.0038677745
23813,0.120916635
23913,0.007517801
24113,0.0041259406
24213,0.0043725073
24413,0.011295263
24513,0.009344266
24613,0.0025177496
24713,0.01727449
25313,0.024610812
25413,0.011299351
25813,0.012472412
26013,0.07683853
26113,0.03531845
26213,0.0017021415
26313,0.0059534726
26413,0.008630394
26613,0.007247388
26713,0.009183567
26813,0.0060540424
26913,0.007872673
27013,0.010174334
27313,0.013847805
27413,0.001957842
27513,0.016452156
27913,0.0031141937
28013,0.013609218
28113,0.006677958
28313,0.011065493
28413,0.007981974
29013,0.0043202317
29113,0.008939837
29313,0.022457348
29613,0.0076283007
29713,0.01311574
29813,0.022759302
29913,0.018517794
30013,0.0043677418
30113,0.007619554
30313,0.0069621555
30413,0.015637208
30713,0.0040637697
30813,0.002886254
31113,0.008588203
31213,0.0054226276
31613,0.0021118473
31713,0.0048604636
31813,0.010505006
31913,0.007968366
32013,0.01285732
32113,0.015730862
32813,0.005095297
33013,0.0023231304
33113,0.0008865899
33513,0.0072879894
33713,0.0036269065
33813,0.006835016
33913,0.00061409216
34013,0.014292517
34213,0.00080125773
34313,0.026658757
34413,0.0041686264
34513,0.008005756
34613,0.0054947995
34813,0.0005839149
35013,0.005190107
35213,0.006287518
35313,0.0050713066
35513,0.04297521
35613,0.015812373
35713,0.3254003
35913,0.0091036875
36013,0.021545226
36113,0.0063384715
36613,0.1290877
37213,0.044542514
37413,0.014369337
37513,0.0037634582
37613,0.005156194
37713,0.00579974
38113,0.0077073327
38213,0.005706696
38313,0.01111778
38413,0.0065005007
38613,0.014424941
38813,0.045787606
39113,0.0029509002
39213,0.0017505015
39313,0.008409437
39413,0.005838419
39613,0.024490153
39713,0.15098785
39913,0.0070773712
40013,0.006288321
40213,0.017966006
40513,0.0012698794
40613,0.012984142
41813,0.013667124
42013,0.0074739447
42713,0.0022299844
42913,0.028817847
43613,0.0022158134
44213,0.015066468
44513,0.009539631
44713,0.01646573
44913,0.010392808
45213,0.001911122
45313,0.025495805
45513,0.0005476891
45613,0.0021675085
46113,0.02150379
46313,0.021395495
46513,0.006467637
46913,0.003839322
47013,0.0038283356
47113,0.011792103
47213,0.0061659613
47313,0.008665172
47613,0.0060583544
47713,0.0066921525
47813,0.012445541
47913,0.0043430105
48213,0.0067356844
48613,0.008058157
48713,0.0017253184
49113,0.0039917026
49213,0.0029049064
49613,0.0012218287
49713,0.0026149675
49913,0.0048900363
50113,0.0066191754
50313,0.0019652494
50413,0.0015415127
50613,0.002250652
50813,0.0012349144
50913,0.014407218
51013,0.043313958
51213,0.001076516
51613,0.0051860465
51813,0.010615408
52013,0.005113473
52113,0.006218469
52513,0.00222828
52613,0.0033931907
52713,0.00060786086
53213,0.05752263
53313,0.006434389
53413,0.0063765664
53613,0.03984198
53913,0.056574322
54113,0.031795684
54213,0.0031343987
54313,0.0023849725
54413,0.011994286
54613,0.074414805
55013,0.008120878
55213,0.004219535
55413,0.003982871
55513,0.022302562
55613,0.020406967
56213,0.015240597
56513,0.006071758
56713,0.005151543
56813,0.0037006624
57013,0.015380893
57113,0.025992641
57213,0.0034244035
57313,0.00096192583
57513,0.01884662
57913,0.02222468
58013,0.0010509752
58213,0.007804104
58313,0.024976667
58513,0.0026975917
58913,0.0041312333
59113,0.021690777
59213,0.0032011287
59513,0.0029537485
59613,0.017220015
59813,0.004258448
59913,0.010446903
60413,0.004152458
60513,0.0056633246
60813,0.006340379
61113,0.015956098
61313,0.015554927
61413,0.015149145
61713,0.07126499
62113,0.006779046
62413,0.023932423
62713,0.0040503917
62813,0.0048944093
63513,0.0058372994
63613,0.0008654601
63713,0.0038216913
63813,0.0042811115
63913,0.0078117433
64313,0.0057633286
64413,0.0031238466
14,0.2142266
114,0.2989169
414,0.008425837
614,0.0274748
714,0.019673092
1014,0.041766528
1214,0.0068730363
1714,0.10619495
2214,0.028128179
2714,0.0049025333
2814,0.038557094
2914,0.042021435
3014,0.0149810985
3114,0.0029114732
3214,0.025818428
3314,0.0060544186
3414,0.049242716
3714,0.18355814
4014,0.0014456873
4114,0.0029268276
4214,0.03455731
4414,0.010642037
4714,0.0020357794
4814,0.07168841
4914,0.034065664
5114,0.015709857
5214,0.020860659
5714,0.024709469
5914,0.024778683
6214,0.015913146
6314,0.014119179
6514,0.011452805
6614,0.027503991
6814,0.017332865
6914,0.0048968773
7014,0.019819085
7214,0.0073488457
7414,0.025132297
7514,0.0546075
7714,0.03055907
7914,0.051097155
8114,0.03263252
8214,0.030789115
8314,0.014854579
8414,0.009955708
8514,0.1762726
8614,0.07545281
8714,0.50833154
8914,0.1271652
9014,0.4415086
9214,0.021702118
9514,0.16461305
9814,0.0620369
9914,0.11122456
10114,0.022315828
10414,0.0045129033
10514,0.021004513
10614,0.025135232
10714,0.04573674
10914,0.02484088
11214,0.08896559
11314,0.006715999
11714,0.012499074
11914,0.034333427
12114,0.025365911
12414,0.040977977
12714,0.017946962
12914,0.014034093
13014,0.041692376
13414,0.015542837
13514,0.07530739
13614,0.015783321
13714,0.014208948
13914,0.026804874
14314,0.039553043
14414,0.031319484
15414,0.042458165
15614,0.0099188555
15714,0.012611425
15814,0.019662827
15914,0.058429267
16114,0.014546232
16214,0.013289062
16314,0.06679484
16414,0.23686172
16514,0.002686744
16614,0.014724933
17014,0.02418377
17114,0.008259663
17214,0.08557644
17314,0.0089299455
17414,0.0054242797
17614,0.023409763
17714,0.45455152
17914,0.12768164
18014,0.1434622
18114,0.00625233
18214,0.0050407588
18414,0.015699754
18514,0.064810626
18714,0.0053176563
18814,0.048233245
19114,0.32461622
19514,0.117514536
19614,0.013394411
19714,0.43373543
19814,0.0780101
20714,0.0071860575
20814,0.03840064
20914,0.08540167
21114,0.024132488
21214,0.008632056
21414,0.010734649
21814,0.012760754
22014,0.031240707
22314,0.03920293
22414,0.021001324
22514,0.030715572
22614,0.020019695
22914,0.009046263
23014,0.0022740995
23214,0.023435902
23314,0.017542535
23614,0.053885497
23714,0.03337727
23814,0.23700783
23914,0.04538126
24114,0.015705654
24214,0.014852091
24414,0.052123867
24514,0.02579106
24614,0.013445988
24714,0.180386
25314,0.05356654
25414,0.024858851
25814,0.08659066
26014,0.10732821
26114,0.112153165
26214,0.012943026
26314,0.018625347
26414,0.025486246
26614,0.015454806
26714,0.022448784
26814,0.012285776
26914,0.059013974
27014,0.10554351
27314,0.11710845
27414,0.006193051
27514,0.0126712695
27914,0.024091708
28014,0.026117573
28114,0.028614258
28314,0.015118968
28414,0.014152071
29014,0.032523032
29114,0.010725135
29314,0.077412166
29614,0.028202789
29714,0.029316347
29814,0.03840856
29914,0.10502654
30014,0.021884618
30114,0.024612553
30314,0.023837574
30414,0.07929987
30714,0.032546304
30814,0.022535585
31114,0.056035507
31214,0.017600132
31614,0.016193423
31714,0.03316794
31814,0.026864175
31914,0.016849123
32014,0.048214037
32114,0.41640243
32814,0.006920612
33014,0.011177409
33114,0.0034994455
33514,0.028712146
33714,0.03247089
33814,0.13462335
33914,0.0031642728
34014,0.063709006
34214,0.006449678
34314,0.26460323
34414,0.014962313
34514,0.048031878
34614,0.05619488
34814,0.0021386992
35014,0.039005656
35214,0.0130888
35314,0.0105625875
35514,0.32403052
35614,0.10254409
35714,0.39691037
35914,0.009532397
36014,0.053952876
36114,0.024995623
36614,0.03445884
37214,0.10298025
37414,0.03804758
37514,0.010987382
37614,0.007983179
37714,0.01572654
38114,0.017428227
38214,0.018966425
38314,0.02718531
38414,0.021500487
38614,0.031572267
38814,0.08098002
39114,0.03154799
39214,0.006700718
39314,0.017793408
39414,0.013630986
39614,0.025733406
39714,0.5253608
39914,0.040878344
40014,0.013324965
40214,0.10795775
40514,0.008409736
40614,0.18386357
41814,0.044922747
42014,0.07101135
42714,0.025367474
42914,0.07169455
43614,0.023367725
44214,0.032687385
44514,0.0253408
44714,0.019920541
44914,0.01832652
45214,0.008749533
45314,0.03154822
45514,0.006447941
45614,0.009949352
46114,0.041025802
46314,0.06143591
46514,0.05024443
46914,0.023685932
47014,0.010936553
47114,0.20375587
47214,0.02053401
47314,0.016516373
47614,0.010296459
47714,0.013959161
47814,0.017387986
47914,0.04949579
48214,0.02100698
48614,0.07293152
48714,0.0033858242
49114,0.019431515
49214,0.017929038
49614,0.005067924
49714,0.004479689
49914,0.14327018
50114,0.12521671
50314,0.022360176
50414,0.004996354
50614,0.019704357
50814,0.0070839603
50914,0.21554485
51014,0.3953589
51214,0.0040101022
51614,0.0069334647
51814,0.079369426
52014,0.0164712
52114,0.021150572
52514,0.008061119
52614,0.0148112355
52714,0.0001971477
53214,0.060133535
53314,0.026023408
53414,0.002494726
53614,0.04970536
53914,0.008694382
54114,0.09243577
54214,0.018740445
54314,0.014096717
54414,0.023313642
54614,0.20340283
55014,0.024990989
55214,0.017626183
55414,0.007903069
55514,0.20986469
55614,0.13760196
56214,0.040812317
56514,0.019751113
56714,0.038947664
56814,0.024864463
57014,0.22766519
57114,0.34897757
57214,0.010568245
57314,0.0043064235
57514,0.13871522
57914,0.035929088
58014,0.015290947
58214,0.034836106
58314,0.094742686
58514,0.010522089
58914,0.015792288
59114,0.04210475
59214,0.022040201
59514,0.017603563
59614,0.03733725
59814,0.022073487
59914,0.014010779
60414,0.07508298
60514,0.03068606
60814,0.024554128
61114,0.0789434
61314,0.0872339
61414,0.05661519
61714,0.18452123
62114,0.021620344
62414,0.043736912
62714,0.014256013
62814,0.044416796
63514,0.031889666
63614,0.008583982
63714,0.009304229
63814,0.012324915
63914,0.16799507
64314,0.015170248
64414,0.0127842035
15,0.024911143
115,0.017081555
415,0.008147717
615,0.011330516
715,0.015715437
1015,0.017122703
1215,0.0004763289
1715,0.1308687
2215,0.0077933217
2715,0.00034341938
2815,0.07626073
2915,0.03747658
3015,0.011762815
3115,0.0007560502
3215,0.012251975
3315,0.0077042496
3415,0.009347059
3715,0.052635998
4015,0.0027433916
4115,0.0013293761
4215,0.014594306
4415,0.06929001
4715,0.0023708888
4815,0.0049966695
4915,0.020257972
5115,0.0074393917
5215,0.017199483
5715,0.020290075
5915,0.029150788
6215,0.021737518
6315,0.006281064
6515,0.01175691
6615,0.015819144
6815,0.014000438
6915,0.04054279
7015,0.0014531019
7215,0.013292111
7415,0.33542487
7515,0.02032352
7715,0.021825617
7915,0.005590429
8115,0.0074062077
8215,0.03562513
8315,0.2124436
8415,0.011192169
8515,0.006374405
8615,0.026000097
8715,0.0070547927
8915,0.012106902
9015,0.0081066955
9215,0.09957321
9515,0.021468319
9815,0.049524676
9915,0.038771667
10115,0.066518515
10415,0.04236734
10515,0.0068758335
10615,0.067877784
10715,0.14738624
10915,0.014574119
11215,0.045345124
11315,0.0007373469
11715,0.0072477027
11915,0.03734486
12115,0.022978969
12415,0.030143455
12715,0.028463602
12915,0.0061053904
13015,0.04005211
13415,0.078252725
13515,0.059567865
13615,0.012853171
13715,0.0056498665
13915,0.2025174
14315,0.005644989
14415,0.006218445
15415,0.007336246
15615,0.0049715666
15715,0.008484548
15815,0.009825104
15915,0.017411081
16115,0.035390075
16215,0.07395346
16315,0.06866841
16415,0.024912396
16515,0.0021987
16615,0.0025418818
17015,0.027204977
17115,0.07979482
17215,0.012904407
17315,0.030195763
17415,0.0050592357
17615,0.11344382
17715,0.0023326008
17915,0.08360665
18015,0.041474253
18115,0.0008563131
18215,0.00023644968
18415,0.0006131314
18515,0.006787538
18715,0.0025561631
18815,0.030016033
19115,0.0046336576
19515,0.01639746
19615,0.0035937496
19715,0.01125678
19815,0.09042472
20715,0.017877625
20815,0.038416613
20915,0.0065097846
21115,0.0034605956
21215,0.17976524
21415,0.0038554566
21815,0.023350554
22015,0.016924577
22315,0.09994015
22415,0.043530397
22515,0.007204322
22615,0.012720485
22915,0.012366519
23015,0.0019740656
23215,0.4212389
23315,0.31016195
23615,0.031396236
23715,0.027121572
23815,0.018199053
23915,0.012427144
24115,0.043905493
24215,0.0026531196
24415,0.14070673
24515,0.009267071
24615,0.41920397
24715,0.016682964
25315,0.013179998
25415,0.25478572
25815,0.034119334
26015,0.025070108
26115,0.044079628
26215,0.008879096
26315,0.025049446
26415,0.01265997
26615,0.004244555
26715,0.017320443
26815,0.0020543833
26915,0.0297357
27015,0.049353465
27315,0.10603932
27415,0.0018077288
27515,0.009818416
27915,0.009110734
28015,0.013818244
28115,0.013333268
28315,0.014896157
28415,0.022181446
29015,0.08220649
29115,0.0064832233
29315,0.023161363
29615,0.028695991
29715,0.0053587
29815,0.11008159
29915,0.024224639
30015,0.01638284
30115,0.07569671
30315,0.041767895
30415,0.009812994
30715,0.007940827
30815,0.008636298
31115,0.019989377
31215,0.020477077
31615,0.008229279
31715,0.18148275
31815,0.11289457
31915,0.0018749778
32015,0.009473095
32115,0.014974249
32815,0.017063372
33015,0.002732687
33115,0.0072972695
33515,0.04238087
33715,0.27835098
33815,0.071451746
33915,0.00045452724
34015,0.0016759294
34215,0.0022073416
34315,0.0070210365
34415,0.00074760994
34515,0.002329791
34615,0.01177838
34815,0.0002940818
35015,0.00930464
35215,0.006259825
35315,0.005356651
35515,0.008372569
35615,0.04108807
35715,0.0030204102
35915,0.029350117
36015,0.06263165
36115,0.0904595
36615,0.00304651
37215,0.025856134
37415,0.006211075
37515,0.03380784
37615,0.00546388
37715,0.009456666
38115,0.043289352
38215,0.009244157
38315,0.014385691
38415,0.01772374
38615,0.03560968
38815,0.008248533
39115,0.02544318
39215,0.010906434
39315,0.005990572
39415,0.034775913
39615,0.34739468
39715,0.0074145957
39915,0.013214045
40015,0.0028802142
40215,0.029220328
40515,0.013475861
40615,0.013626009
41815,0.0072072535
42015,0.019559432
42715,0.007950732
42915,0.10412674
43615,0.1424861
44215,0.0024586117
44515,0.01584243
44715,0.0045029507
44915,0.010464874
45215,0.004404785
45315,0.24259956
45515,0.26643553
45615,0.040076338
46115,0.0058360826
46315,0.03517343
46515,0.00823417
46915,0.02945587
47015,0.008788284
47115,0.0056399354
47215,0.014032926
47315,0.03086429
47615,0.017516334
47715,0.0057385443
47815,0.0043874593
47915,0.051561404
48215,0.040893666
48615,0.0049430477
48715,0.003567758
49115,0.17494678
49215,0.0120513765
49615,0.053289797
49715,0.00040290275
49915,0.0037729407
50115,0.088463336
50315,0.0006887601
50415,0.0010764233
50615,0.0019941078
50815,0.0008892075
50915,0.0053090774
51015,0.006804884
51215,0.0007816762
51615,0.015483534
51815,0.010019502
52015,0.013667278
52115,0.019333012
52515,0.09224572
52615,0.046251833
52715,0.00018756879
53215,0.15304123
53315,0.010373684
53415,0.0043849223
53615,0.007153811
53915,0.0015077804
54115,0.0075606154
54215,0.016400706
54315,0.024547959
54415,0.012745521
54615,0.038660582
55015,0.0401392
55215,0.006153492
55415,0.010641616
55515,0.046381187
55615,0.252269
56215,0.016259998
56515,0.01773915
56715,0.0065842345
56815,0.14527118
57015,0.014762158
57115,0.0047799074
57215,0.029282901
57315,0.014843821
57515,0.017550316
57915,0.07338549
58015,0.32457483
58215,0.011232372
58315,0.1781407
58515,0.15738529
58915,0.3675131
59115,0.0288416
59215,0.011929214
59515,0.0021634665
59615,0.015542106
59815,0.011953104
59915,0.0007209507
60415,0.0077853287
60515,0.00329295
60815,0.03062471
61115,0.055545975
61315,0.008521427
61415,0.0093781445
61715,0.014388074
62115,0.009586852
62415,0.0297202
62715,0.022142857
62815,0.0026093163
63515,0.077709846
63615,0.0068988455
63715,0.0025130352
63815,0.011024566
63915,0.015035433
64315,0.048773903
64415,0.017330902
16,0.0026664985
116,0.010834165
416,0.006056744
616,0.017390337
716,0.0118641155
1016,0.004952336
1216,0.0032730193
1716,0.0053619184
2216,0.003125552
2716,0.00059077865
2816,0.0062318295
2916,0.0051619755
3016,0.010606482
3116,0.0021616414
3216,0.010088652
3316,0.0047029452
3416,0.015941622
3716,0.069691695
4016,0.00038047598
4116,0.00075899914
4216,0.0068400837
4416,0.0044950796
4716,0.000485367
4816,0.0145239
4916,0.008648236
5116,0.01065319
5216,0.013386564
5716,0.006209426
5916,0.01815312
6216,0.005025516
6316,0.014157344
6516,0.00605858
6616,0.012344268
6816,0.0068475804
6916,0.0013982676
7016,0.0033686138
7216,0.0026844274
7416,0.0071378285
7516,0.09258324
7716,0.004299058
7916,0.008448448
8116,0.013742636
8216,0.013529784
8316,0.0020544091
8416,0.0026187492
8516,0.021664174
8616,0.022529934
8716,0.03348287
8916,0.0051644314
9016,0.027348805
9216,0.0039969324
9516,0.06658626
9816,0.007154486
9916,0.008735954
10116,0.003768051
10416,0.0014082986
10516,0.010555333
10616,0.011038451
10716,0.028570224
10916,0.0049245832
11216,0.006303351
11316,0.00189864
11716,0.006009935
11916,0.010831656
12116,0.0041729277
12416,0.0065347916
12716,0.0077536996
12916,0.007879787
13016,0.0181494
13416,0.00479025
13516,0.045587894
13616,0.009261341
13716,0.00364564
13916,0.013499673
14316,0.014002958
14416,0.006081689
15416,0.069336936
15616,0.00668049
15716,0.0023111477
15816,0.002578989
15916,0.006900352
16116,0.005314203
16216,0.0044710683
16316,0.004716487
16416,0.0052765706
16516,0.0026626063
16616,0.0032495474
17016,0.008623587
17116,0.0015825005
17216,0.03308173
17316,0.0009063494
17416,0.0021380812
17616,0.0063507035
17716,0.04497815
17916,0.006879098
18016,0.0031806023
18116,0.0015960104
18216,0.000577549
18416,0.0027466628
18516,0.0031977093
18716,0.0009774526
18816,0.00453459
19116,0.019353574
19516,0.016704313
19616,0.0060414323
19716,0.024082216
19816,0.024386939
20716,0.0041198577
20816,0.03817579
20916,0.07454496
21116,0.01251333
21216,0.0038425755
21416,0.00640052
21816,0.0076274876
22016,0.024018347
22316,0.005534964
22416,0.012796516
22516,0.029165117
22616,0.005481767
22916,0.0021674265
23016,0.0015251058
23216,0.0060383608
23316,0.0039074323
23616,0.0072736563
23716,0.006324566
23816,0.0757336
23916,0.00830023
24116,0.009391341
24216,0.006396519
24416,0.008900536
24516,0.0052129193
24616,0.0017327508
24716,0.013315681
25316,0.03162196
25416,0.009173637
25816,0.0071099894
26016,0.039777268
26116,0.023865629
26216,0.0036926565
26316,0.012310403
26416,0.0053846706
26616,0.010203083
26716,0.014402704
26816,0.0026933823
26916,0.008139908
27016,0.0067851315
27316,0.02078099
27416,0.004254155
27516,0.010589372
27916,0.0026851506
28016,0.011944315
28116,0.012754885
28316,0.010530947
28416,0.0068354555
29016,0.007543242
29116,0.007052418
29316,0.018559517
29616,0.014547229
29716,0.014920171
29816,0.014627456
29916,0.02557623
30016,0.0090101855
30116,0.010618579
30316,0.005133779
30416,0.013973171
30716,0.009712391
30816,0.0057369014
31116,0.008628806
31216,0.0031636183
31616,0.0028952705
31716,0.0045622047
31816,0.012086394
31916,0.010996917
32016,0.014043774
32116,0.004369882
32816,0.011121274
33016,0.0029072952
33116,0.0020373045
33516,0.011570772
33716,0.00178285
33816,0.004473024
33916,0.00056789577
34016,0.015578905
34216,0.0013835868
34316,0.00826462
34416,0.0018699429
34516,0.009018492
34616,0.003185854
34816,0.0012130818
35016,0.021602826
35216,0.0037682264
35316,0.0031985764
35516,0.023362147
35616,0.0148417475
35716,0.02091949
35916,0.007759772
36016,0.00851499
36116,0.010069746
36616,0.033005547
37216,0.000989847
37416,0.059887726
37516,0.0076705497
37616,0.0053770957
37716,0.005627805
38116,0.0090983985
38216,0.007344578
38316,0.013891569
38416,0.015632251
38616,0.022363529
38816,0.022148987
39116,0.004340913
39216,0.0015852938
39316,0.007876126
39416,0.0038425215
39616,0.005901486
39716,0.0012469859
39916,0.0105205625
40016,0.003998198
40216,0.019980418
40516,0.00147896
40616,0.024810283
41816,0.037643004
42016,0.005854487
42716,0.0044474895
42916,0.022131145
43616,0.0035834287
44216,0.008985019
44516,0.008799898
44716,0.015463071
44916,0.0076579945
45216,0.00149301
45316,0.015141838
45516,0.0007298991
45616,0.0025624589
46116,0.015383848
46316,0.037856586
46516,0.0068515716
46916,0.0024064684
47016,0.0015309845
47116,0.006313635
47216,0.007111355
47316,0.009541474
47616,0.008297192
47716,0.013629702
47816,0.02296005
47916,0.0071717026
48216,0.011253373
48616,0.01013231
48716,0.0047935843
49116,0.002904348
49216,0.012526819
49616,0.0012196623
49716,0.0021480166
49916,0.0056808298
50116,0.009745066
50316,0.0021673273
50416,0.0008460917
50616,0.0050324453
50816,0.0007514364
50916,0.01211175
51016,0.015683586
51216,0.001223931
51616,0.0035244736
51816,0.007283639
52016,0.0044178995
52116,0.006179373
52516,0.0024845866
52616,0.0077003175
52716,0.0017512076
53216,0.009363271
53316,0.006738682
53416,0.0035905133
53616,0.0267802
53916,0.0072674463
54116,0.0075670783
54216,0.0060046106
54316,0.0059762765
54416,0.014165875
54616,0.041993592
55016,0.0086141
55216,0.0057794303
55416,0.0023849548
55516,0.014171812
55616,0.01595654
56216,0.016172113
56516,0.007422467
56716,0.012454964
56816,0.004459092
57016,0.010953195
57116,0.022701664
57216,0.0050410344
57316,0.0013231792
57516,0.0074331798
57916,0.010011393
58016,0.0011935203
58216,0.006446293
58316,0.010899543
58516,0.0039290027
58916,0.005354872
59116,0.02227624
59216,0.0032749916
59516,0.0017684511
59616,0.015973398
59816,0.014257617
59916,0.013498838
60416,0.0034465033
60516,0.013659068
60816,0.0052660075
61116,0.013446733
61316,0.010949157
61416,0.018519321
61716,0.041350976
62116,0.0053533744
62416,0.0124704465
62716,0.006288869
62816,0.012297095
63516,0.0130187245
63616,0.00169392
63716,0.0071670073
63816,0.004784954
63916,0.012784017
64316,0.010948019
64416,0.0018216042
17,0.00094374205
117,0.0015296161
417,0.0041456264
617,0.00581546
717,0.025701243
1017,0.011136142
1217,0.0026689451
1717,0.0071881055
2217,0.0033719684
2717,0.0034806184
2817,0.005745105
2917,0.011150104
3017,0.029961742
3117,0.006606508
3217,0.007357623
3317,0.012457141
3417,0.0045371163
3717,0.012921644
4017,0.003411812
4117,0.0036973932
4217,0.012866031
4417,0.0046491716
4717,0.0015866713
4817,0.040484913
4917,0.02675523
5117,0.14094603
5217,0.0076459534
5717,0.006633875
5917,0.0051511433
6217,0.004905681
6317,0.030688586
6517,0.0045350576
6617,0.011342679
6817,0.007206576
6917,0.004649285
7017,0.003767444
7217,0.00967179
7417,0.014860372
7517,0.00992033
7717,0.024617942
7917,0.011650328
8117,0.0014932093
8217,0.02251435
8317,0.0033961593
8417,0.0049217385
8517,0.005575674
8617,0.01702333
8717,0.010215415
8917,0.0045558563
9017,0.024541808
9217,0.010034593
9517,0.00828465
9817,0.0020886331
9917,0.0035247821
10117,0.0041232337
10417,0.0030571017
10517,0.0073713227
10617,0.0068460875
10717,0.089197084
10917,0.008210805
11217,0.0069286376
11317,0.002536364
11717,0.0055020344
11917,0.019289535
12117,0.0024858185
12417,0.005131629
12717,0.005924872
12917,0.005012308
13017,0.017082788
13417,0.019035796
13517,0.021058595
13617,0.0071384716
13717,0.006605615
13917,0.034937035
14317,0.010106093
14417,0.0015118322
15417,0.006966446
15617,0.015340266
15717,0.0023325318
15817,0.0034680301
15917,0.0051638503
16117,0.008079314
16217,0.008125207
16317,0.0036833943
16417,0.0013190564
16517,0.0137093775
16617,0.0049892133
17017,0.029682662
17117,0.027536832
17217,0.036448114
17317,0.008517902
17417,0.0069799544
17617,0.006739024
17717,0.0066568763
17917,0.0149841765
18017,0.004186261
18117,0.0032193752
18217,0.0017188576
18417,0.0009671256
18517,0.0036212099
18717,0.007227196
18817,0.008374583
19117,0.024548922
19517,0.0028588704
19617,0.004870757
19717,0.003968188
19817,0.04314547
20717,0.0032402705
20817,0.009579802
20917,0.014744919
21117,0.0072449916
21217,0.018606192
21417,0.0072662397
21817,0.024119211
22017,0.011613232
22317,0.34901026
22417,0.008960962
22517,0.034233052
22617,0.0100933695
22917,0.0010834653
23017,0.002355165
23217,0.024921712
23317,0.03905781
23617,0.015659474
23717,0.0054156035
23817,0.010293854
23917,0.004138714
24117,0.006171227
24217,0.0043431125
24417,0.017786097
24517,0.01579235
24617,0.0066191396
24717,0.004992409
25317,0.014237086
25417,0.010057936
25817,0.0012839234
26017,0.011198183
26117,0.006656722
26217,0.008066507
26317,0.014723103
26417,0.010923834
26617,0.010137133
26717,0.010660796
26817,0.006523461
26917,0.0033807496
27017,0.006067682
27317,0.0029766911
27417,0.005458621
27517,0.014428851
27917,0.004449114
28017,0.01693809
28117,0.00347586
28317,0.010785218
28417,0.007227426
29017,0.007607209
29117,0.006709116
29317,0.05199629
29617,0.0049673365
29717,0.0056010913
29817,0.010854972
29917,0.011058438
30017,0.0063584065
30117,0.0037968908
30317,0.017915731
30417,0.020321723
30717,0.0026830179
30817,0.0032360628
31117,0.0033966256
31217,0.006586749
31617,0.0042470265
31717,0.0021604325
31817,0.0059445365
31917,0.006646194
32017,0.008083951
32117,0.00407855
32817,0.003067944
33017,0.012007871
33117,0.008527794
33517,0.008703329
33717,0.009790643
33817,0.007963209
33917,0.0015532561
34017,0.027309073
34217,0.0024578327
34317,0.014161302
34417,0.022609865
34517,0.003915125
34617,0.0039561763
34817,0.0019144481
35017,0.0044782953
35217,0.016069066
35317,0.003911331
35517,0.0040424396
35617,0.003359788
35717,0.0028159106
35917,0.01168586
36017,0.0049816067
36117,0.0050609317
36617,0.007081457
37217,0.1658707
37417,0.011674753
37517,0.013713084
37617,0.005144396
37717,0.0060804756
38117,0.0076652705
38217,0.0071105347
38317,0.024109606
38417,0.0072344597
38617,0.008778584
38817,0.015668884
39117,0.010722145
39217,0.0007796696
39317,0.005710463
39417,0.010788783
39617,0.055502683
39717,0.13888066
39917,0.00449742
40017,0.023910597
40217,0.005709485
40517,0.0078013074
40617,0.012591132
41817,0.0034782353
42017,0.005572152
42717,0.0036688102
42917,0.012451064
43617,0.0034679654
44217,0.0038367626
44517,0.008512074
44717,0.010675027
44917,0.005698505
45217,0.021393852
45317,0.026853707
45517,0.0019425562
45617,0.004359486
46117,0.0055770962
46317,0.004741232
46517,0.0025363017
46917,0.011934352
47017,0.019027105
47117,0.0014326326
47217,0.009102764
47317,0.0073941974
47617,0.006039118
47717,0.045078624
47817,0.021251142
47917,0.0041086557
48217,0.005561279
48617,0.006223492
48717,0.011086413
49117,0.003588302
49217,0.0043268246
49617,0.0045351633
49717,0.0064169164
49917,0.002646908
50117,0.0044529266
50317,0.0021894712
50417,0.0060344203
50617,0.0018327587
50817,0.0052552605
50917,0.0047087665
51017,0.005894955
51217,0.00474403
51617,0.0088898605
51817,0.0043626777
52017,0.0043495763
52117,0.012117741
52517,0.00939814
52617,0.0022862921
52717,7.4956675e-05
53217,0.12750962
53317,0.0081397435
53417,0.012624115
53617,0.018347092
53917,0.0023251956
54117,0.009504274
54217,0.0032846713
54317,0.0024431914
54417,0.007859049
54617,0.008951594
55017,0.011514641
55217,0.003835789
55417,0.008070577
55517,0.0050918185
55617,0.013897477
56217,0.014417051
56517,0.0054669487
56717,0.009445527
56817,0.00678636
57017,0.0048612314
57117,0.008597186
57217,0.004883483
57317,0.004469318
57517,0.0070581506
57917,0.016853528
58017,0.0011138511
58217,0.0038877013
58317,0.03994002
58517,0.0023249749
58917,0.005768194
59117,0.007881003
59217,0.0033239555
59517,0.0037577865
59617,0.0055515077
59817,0.0049215797
59917,0.0076592597
60417,0.0035159108
60517,0.003142579
60817,0.013364828
61117,0.009280344
61317,0.0033876183
61417,0.0035404426
61717,0.026760455
62117,0.0035109676
62417,0.04033432
62717,0.0040904037
62817,0.008076719
63517,0.0034628997
63617,0.0032574914
63717,0.019059563
63817,0.0070113316
63917,0.002497224
64317,0.03845452
64417,0.012680479
18,0.0024804936
118,0.0053322315
418,0.007897046
618,0.034604542
718,0.007017145
1018,0.0031719564
1218,0.0011478201
1718,0.017543627
2218,0.013949406
2718,0.0015751799
2818,0.028074333
2918,0.07407883
3018,0.053147323
3118,0.0009836531
3218,0.15947212
3318,0.32113552
3418,0.0054984353
3718,0.028158875
4018,0.5854626
4118,0.09042218
4218,0.008616099
4418,0.023779152
4718,0.75836796
4818,0.02930498
4918,0.029990796
5118,0.24376194
5218,0.025000686
5718,0.037431642
5918,0.060031515
6218,0.026291948
6318,0.01816332
6518,0.033029083
6618,0.043594696
6818,0.09259993
6918,0.0097438
7018,0.0021256017
7218,0.009314429
7418,0.036201555
7518,0.028910667
7718,0.020436097
7918,0.004135492
8118,0.07675451
8218,0.039241146
8318,0.015623365
8418,0.03612444
8518,0.0128638325
8618,0.033231277
8718,0.020156223
8918,0.010484595
9018,0.01202139
9218,0.037915982
9518,0.012635567
9818,0.028832035
9918,0.03576318
10118,0.0045189713
10418,0.019748967
10518,0.027606593
10618,0.025200149
10718,0.059527837
10918,0.12383945
11218,0.050688066
11318,0.003554807
11718,0.018017193
11918,0.04634535
12118,0.0056808344
12418,0.008098592
12718,0.01745139
12918,0.013864363
13018,0.04623528
13418,0.038238086
13518,0.104791805
13618,0.02046152
13718,0.011627903
13918,0.028797457
14318,0.024814874
14418,0.013603221
15418,0.016997047
15618,0.05416241
15718,0.008767828
15818,0.010037277
15918,0.029394591
16118,0.012416227
16218,0.012359569
16318,0.005682496
16418,0.0032412414
16518,0.002056213
16618,0.0037053071
17018,0.064575195
17118,0.006733752
17218,0.0151262805
17318,0.002573928
17418,0.004614172
17618,0.056324303
17718,0.014401359
17918,0.07539182
18018,0.011850195
18118,0.007863852
18218,0.0012408918
18418,0.0024151083
18518,0.013261565
18718,0.0030581113
18818,0.005839648
19118,0.027015645
19518,0.023897016
19618,0.00777035
19718,0.011664474
19818,0.022423284
20718,0.01505308
20818,0.08573129
20918,0.0080256155
21118,0.015921617
21218,0.022134384
21418,0.009750773
21818,0.081076786
22018,0.025659373
22318,0.021195777
22418,0.13392112
22518,0.010366665
22618,0.05582375
22918,0.011438421
23018,0.002986102
23218,0.034180634
23318,0.021885222
23618,0.033674605
23718,0.017657
23818,0.016774314
23918,0.010880796
24118,0.0149405245
24218,0.015173328
24418,0.017938282
24518,0.009839495
24618,0.015531862
24718,0.017897367
25318,0.015578937
25418,0.014996681
25818,0.011704091
26018,0.020430218
26118,0.02397131
26218,0.019181596
26318,0.091950856
26418,0.008245875
26618,0.016817233
26718,0.04477428
26818,0.018366156
26918,0.004709327
27018,0.01769763
27318,0.004722495
27418,0.0052051316
27518,0.026867438
27918,0.009441924
28018,0.018182648
28118,0.012072816
28318,0.18966761
28418,0.02465636
29018,0.018276386
29118,0.21668416
29318,0.08274216
29618,0.013937299
29718,0.02591336
29818,0.034409348
29918,0.010112379
30018,0.01540334
30118,0.023353176
30318,0.0721369
30418,0.071096495
30718,0.006339838
30818,0.0044273515
31118,0.007906565
31218,0.10197813
31618,0.011066378
31718,0.017307311
31818,0.0449274
31918,0.02180671
32018,0.011811464
32118,0.003920775
32818,0.035084724
33018,0.0071568512
33118,0.0089523075
33518,0.030443553
33718,0.02322547
33818,0.014810905
33918,0.00077216484
34018,0.0073680403
34218,0.003714802
34318,0.014613753
34418,0.0024466463
34518,0.0050012097
34618,0.0046556233
34818,0.001663928
35018,0.0073868195
35218,0.018201416
35318,0.29741043
35518,0.017394776
35618,0.020062618
35718,0.014806795
35918,0.07067716
36018,0.1405867
36118,0.016259203
36618,0.10141639
37218,0.3428742
37418,0.03328699
37518,0.00779784
37618,0.004045578
37718,0.023678085
38118,0.1027778
38218,0.0053444793
38318,0.044633973
38418,0.028812537
38618,0.054843348
38818,0.025992364
39118,0.013197457
39218,0.009020607
39318,0.047420636
39418,0.014250399
39618,0.020333447
39718,0.0293734
39918,0.017768398
40018,0.0035538166
40218,0.018166566
40518,0.014611477
40618,0.03626412
41818,0.0044890177
42018,0.020899158
42718,0.015591365
42918,0.041038826
43618,0.009713522
44218,0.010624183
44518,0.0032901908
44718,0.020152122
44918,0.014137608
45218,0.001568541
45318,0.041730184
45518,0.006131061
45618,0.048032887
46118,0.026686396
46318,0.02212373
46518,0.005122176
46918,0.007930725
47018,0.0072531123
47118,0.0030583965
47218,0.010804651
47318,0.0879933
47618,0.088304006
47718,0.026193947
47818,0.054338615
47918,0.05103119
48218,0.039235644
48618,0.010004182
48718,0.007968009
49118,0.07184158
49218,0.007236548
49618,0.02203169
49718,0.0029717255
49918,0.001746691
50118,0.013359363
50318,0.0023787776
50418,0.004914612
50618,0.007718079
50818,0.0018046544
50918,0.0063400627
51018,0.018107247
51218,0.002413765
51618,0.014290484
51818,0.014241795
52018,0.005811095
52118,0.021777285
52518,0.008384916
52618,0.008694005
52718,0.08139053
53218,0.029566862
53318,0.06359821
53418,0.37176612
53618,0.010615779
53918,0.08578076
54118,0.01624745
54218,0.008482217
54318,0.013522215
54418,0.016275428
54618,0.059828255
55018,0.012239633
55218,0.0076217707
55418,0.011711523
55518,0.0074348357
55618,0.010505601
56218,0.026892217
56518,0.035150226
56718,0.008311358
56818,0.012436536
57018,0.011861156
57118,0.0075669014
57218,0.0858723
57318,0.006146959
57518,0.017109117
57918,0.08546156
58018,0.011687644
58218,0.0146098705
58318,0.025228506
58518,0.044602696
58918,0.021568721
59118,0.017058514
59218,0.012346416
59518,0.0051032645
59618,0.042631846
59818,0.009832463
59918,0.004524167
60418,0.003692146
60518,0.002542723
60818,0.039884172
61118,0.01339974
61318,0.020178655
61418,0.01349123
61718,0.036868513
62118,0.021421907
62418,0.13318512
62718,0.099162996
62818,0.0024291447
63518,0.009878354
63618,0.015457973
63718,0.0056700455
63818,0.03091519
63918,0.011161355
64318,0.013145675
64418,0.05999577
