Id,Probability
0,0.04677936
100,0.0037157533
400,0.0015105117
600,0.012684986
700,0.06048945
1000,0.0024370498
1200,0.0009931414
1700,0.025199419
2200,0.0035059634
2700,0.0015462927
2800,0.0047467607
2900,0.005266542
3000,0.010461819
3100,0.004029714
3200,0.011024117
3300,0.010492662
3400,0.0009266815
3700,0.006283984
4000,0.0024067007
4100,0.0003746005
4200,0.0029031183
4400,0.009540953
4700,0.0041136043
4800,0.020350337
4900,0.0055422927
5100,0.007473148
5200,0.031916406
5700,0.020867791
5900,0.011367466
6200,0.021011153
6300,0.049579974
6500,0.010052292
6600,0.033872243
6800,0.015535489
6900,0.0051076403
7000,0.0019356777
7200,0.0022245576
7400,0.0032778273
7500,0.0020280727
7700,0.004895874
7900,0.003480875
8100,0.0074872794
8200,0.026704464
8300,0.0066527063
8400,0.019964747
8500,0.010465618
8600,0.010247761
8700,0.02752674
8900,0.012345864
9000,0.024555735
9200,0.012153237
9500,0.003616178
9800,0.011605551
9900,0.024526495
10100,0.0062226392
10400,0.11994564
10500,0.043373656
10600,0.003952679
10700,0.009662878
10900,0.121867634
11200,0.003869759
11300,0.0035201367
11700,0.009374435
11900,0.059873182
12100,0.0032029818
12400,0.0015653265
12700,0.014472952
12900,0.1342674
13000,0.0034605984
13400,0.032057162
13500,0.005529654
13600,0.0379885
13700,0.07975097
13900,0.0046851644
14300,0.026314706
14400,0.008537726
15400,0.010328669
15600,0.12279119
15700,0.0030952895
15800,0.00781474
15900,0.0033232546
16100,0.009638298
16200,0.018277671
16300,0.0065893303
16400,0.018875908
16500,0.00021692623
16600,0.0018209226
17000,0.071095265
17100,0.0036132974
17200,0.0025183898
17300,0.0012607794
17400,0.0006339089
17600,0.008755453
17700,0.025725653
17900,0.038104337
18000,0.037615232
18100,0.0016827724
18200,0.0010779661
18400,0.0007310441
18500,0.004848627
18700,0.0014146675
18800,0.0025591017
19100,0.015273381
19500,0.0029875285
19600,0.0010780087
19700,0.011347907
19800,0.003852526
20700,0.0028485223
20800,0.003361789
20900,0.0048863506
21100,0.024324927
21200,0.0029222828
21400,0.43084034
21800,0.05557417
22000,0.008020173
22300,0.00799485
22400,0.032179266
22500,0.20455514
22600,0.007509945
22900,0.005274641
23000,0.00089181383
23200,0.0041088504
23300,0.0073314435
23600,0.020261897
23700,0.0027818272
23800,0.0043842783
23900,0.00448635
24100,0.016397564
24200,0.010910052
24400,0.0068976064
24500,0.0039149434
24600,0.0014147148
24700,0.013373714
25300,0.0010045245
25400,0.00292619
25800,0.0064966613
26000,0.009816208
26100,0.015117458
26200,0.008804882
26300,0.1412446
26400,0.0017381428
26600,0.0749676
26700,0.049581952
26800,0.008387016
26900,0.004331875
27000,0.006909125
27300,0.004707795
27400,0.0030717878
27500,0.007938408
27900,0.0035821535
28000,0.0042228173
28100,0.0033558605
28300,0.055728164
28400,0.087073185
29000,0.020047322
29100,0.06152212
29300,0.12640716
29600,0.003994963
29700,0.006910666
29800,0.034171265
29900,0.0035937624
30000,0.0357364
30100,0.011627941
30300,0.013301332
30400,0.06335409
30700,0.0154223535
30800,0.0038996614
31100,0.010089461
31200,0.052053176
31600,0.006155052
31700,0.01200822
31800,0.0152758295
31900,0.03815711
32000,0.0030080187
32100,0.05102211
32800,0.011359821
33000,0.0029378387
33100,0.0017855866
33500,0.025358604
33700,0.021713762
33800,0.010417651
33900,0.00086427573
34000,0.0008919568
34200,0.0022216425
34300,0.009690379
34400,0.0023845457
34500,0.0018776534
34600,0.0059293453
34800,0.00061245967
35000,0.0017896108
35200,0.0027447576
35300,0.031950552
35500,0.007949462
35600,0.005262402
35700,0.009463285
35900,0.0053514866
36000,0.012274663
36100,0.010156169
36600,0.0049928236
37200,0.016664095
37400,0.0030402578
37500,0.0046502044
37600,0.19399449
37700,0.05038942
38100,0.017689519
38200,0.025838837
38300,0.17364663
38400,0.028467888
38600,0.03554833
38800,0.02338588
39100,0.007156754
39200,0.008657079
39300,0.006314368
39400,0.0086930245
39600,0.010546767
39700,0.002108004
39900,0.0029442154
40000,0.009064549
40200,0.0077802124
40500,0.004184251
40600,0.019847017
41800,0.008977688
42000,0.020982834
42700,0.02825534
42900,0.004403475
43600,0.0034521283
44200,0.0052620787
44500,0.0025824485
44700,0.011812363
44900,0.15688823
45200,0.0035405045
45300,0.003660928
45500,0.014593234
45600,0.04764347
46100,0.0046095834
46300,0.015312145
46500,0.008009339
46900,0.005293674
47000,0.0032522168
47100,0.007541203
47200,0.010101969
47300,0.01748628
47600,0.044413388
47700,0.066860184
47800,0.0423995
47900,0.006239415
48200,0.010093586
48600,0.016075702
48700,0.0004219929
49100,0.008374956
49200,0.018443497
49600,0.0024078933
49700,0.0026817613
49900,0.00522148
50100,0.01965807
50300,0.0018180418
50400,0.0016240644
50600,0.009756537
50800,0.0017177684
50900,0.0026687835
51000,0.0073822113
51200,0.0016790741
51600,0.011255942
51800,0.00787445
52000,0.0045125494
52100,0.0104694385
52500,0.004971064
52600,0.0104585765
52700,0.055754267
53200,0.0029718224
53300,0.005619043
53400,0.0010541335
53600,0.0106101
53900,0.071922325
54100,0.04501951
54200,0.011068155
54300,0.0051601552
54400,0.08982568
54600,0.002599915
55000,0.0091748405
55200,0.035738707
55400,0.0030780723
55500,0.0037250314
55600,0.0016378183
56200,0.005246394
56500,0.009508238
56700,0.023287052
56800,0.006263265
57000,0.0073144548
57100,0.013372324
57200,0.005391079
57300,0.001858033
57500,0.01956879
57900,0.011913266
58000,0.01245261
58200,0.017283704
58300,0.005382177
58500,0.017240157
58900,0.0018678191
59100,0.0769912
59200,0.01238398
59500,0.0047883075
59600,0.012344042
59800,0.010340806
59900,0.011183268
60400,0.0053388807
60500,0.0017413324
60800,0.053113703
61100,0.006798417
61300,0.01291684
61400,0.01024603
61700,0.012101998
62100,0.0043390826
62400,0.046728358
62700,0.022197524
62800,0.018819643
63500,0.012367167
63600,0.0147544155
63700,0.021514239
63800,0.025998482
63900,0.003966556
64300,0.0040757232
64400,0.010208847
1,0.051549327
101,0.20754266
401,0.3362734
601,0.098450154
701,0.2737843
1001,0.23404256
1201,0.3296889
1701,0.09391498
2201,0.27573305
2701,0.4124303
2801,0.0718205
2901,0.1852402
3001,0.034172043
3101,0.7809146
3201,0.18368924
3301,0.033129986
3401,0.5226574
3701,0.4566073
4001,0.0066355765
4101,0.00055328006
4201,0.33481354
4401,0.18709168
4701,0.013397493
4801,0.5020636
4901,0.03930129
5101,0.022508614
5201,0.1093344
5701,0.4187908
5901,0.06603478
6201,0.09509271
6301,0.24489936
6501,0.095056996
6601,0.02971741
6801,0.08109678
6901,0.49411604
7001,0.7750498
7201,0.6444778
7401,0.20348912
7501,0.042941134
7701,0.4345499
7901,0.644231
8101,0.042608872
8201,0.44034317
8301,0.36519346
8401,0.14777955
8501,0.17861567
8601,0.5670454
8701,0.3090181
8901,0.09648584
9001,0.43048763
9201,0.46422914
9501,0.14865577
9801,0.16948104
9901,0.08709022
10101,0.19699931
10401,0.13339783
10501,0.37114555
10601,0.04529615
10701,0.05893803
10901,0.063709185
11201,0.18124777
11301,0.4943397
11701,0.35124174
11901,0.21327944
12101,0.023306368
12401,0.008150585
12701,0.16567566
12901,0.021872902
13001,0.023370547
13401,0.07957415
13501,0.33095807
13601,0.04470956
13701,0.24750529
13901,0.12320091
14301,0.12742756
14401,0.038719296
15401,0.05342393
15601,0.089401856
15701,0.03887155
15801,0.43034455
15901,0.577323
16101,0.30535442
16201,0.11626294
16301,0.32778028
16401,0.17555907
16501,0.36700687
16601,0.16522558
17001,0.23102996
17101,0.2762467
17201,0.3115074
17301,0.51956075
17401,0.2115222
17601,0.07167996
17701,0.25148702
17901,0.14677347
18001,0.060673796
18101,0.5863581
18201,0.6909412
18401,0.5531027
18501,0.21520339
18701,0.5818985
18801,0.5791134
19101,0.20363674
19501,0.1397575
19601,0.8068359
19701,0.24460275
19801,0.6302769
20701,0.24578442
20801,0.010132126
20901,0.060836766
21101,0.2678771
21201,0.44305798
21401,0.023916053
21801,0.27567196
22001,0.05768328
22301,0.14598127
22401,0.054669194
22501,0.1314574
22601,0.06015846
22901,0.37248424
23001,0.63481075
23201,0.33248842
23301,0.20593087
23601,0.38662314
23701,0.2970938
23801,0.40767995
23901,0.5339417
24101,0.36311373
24201,0.1837204
24401,0.6286077
24501,0.7951662
24601,0.53582424
24701,0.18177053
25301,0.34989002
25401,0.12089092
25801,0.013535715
26001,0.028716588
26101,0.34792054
26201,0.16524626
26301,0.19021004
26401,0.025614746
26601,0.07248102
26701,0.064628564
26801,0.34798744
26901,0.40745345
27001,0.39983365
27301,0.057196945
27401,0.16995168
27501,0.3231179
27901,0.296951
28001,0.2821847
28101,0.015610525
28301,0.04583418
28401,0.19428767
29001,0.025389755
29101,0.03557473
29301,0.11797206
29601,0.17519316
29701,0.029799223
29801,0.071253404
29901,0.01909005
30001,0.18483274
30101,0.06848467
30301,0.2758737
30401,0.1724887
30701,0.042266477
30801,0.30086467
31101,0.053164016
31201,0.17098859
31601,0.5077834
31701,0.018604064
31801,0.09429839
31901,0.26159093
32001,0.034311112
32101,0.04291793
32801,0.029879697
33001,0.3663739
33101,0.16876009
33501,0.16016881
33701,0.21124442
33801,0.27178207
33901,0.40830928
34001,0.58894396
34201,0.6563085
34301,0.13119546
34401,0.70440847
34501,0.68576664
34601,0.45754766
34801,0.6443389
35001,0.16502933
35201,0.7739922
35301,0.034500077
35501,0.1755
35601,0.15612678
35701,0.08008075
35901,0.05749758
36001,0.036525495
36101,0.4030141
36601,0.005758758
37201,0.20500197
37401,0.048146594
37501,0.17621513
37601,0.010875809
37701,0.23522325
38101,0.26423562
38201,0.06376508
38301,0.07560805
38401,0.18856955
38601,0.21418189
38801,0.033035316
39101,0.64048165
39201,0.40205076
39301,0.2064456
39401,0.45921192
39601,0.08441086
39701,0.21897855
39901,0.35592595
40001,0.7124603
40201,0.09706311
40501,0.70930135
40601,0.21503514
41801,0.052685227
42001,0.044591095
42701,0.50437176
42901,0.08688251
43601,0.030316345
44201,0.051693663
44501,0.41000307
44701,0.20917206
44901,0.011890545
45201,0.24833423
45301,0.06129892
45501,0.14193888
45601,0.13108444
46101,0.012896231
46301,0.17705017
46501,0.07329479
46901,0.19139972
47001,0.50539976
47101,0.016812185
47201,0.25406694
47301,0.07820006
47601,0.1295381
47701,0.23984371
47801,0.14618862
47901,0.5220652
48201,0.25489023
48601,0.2034325
48701,0.37321544
49101,0.032350525
49201,0.32075557
49601,0.3487277
49701,0.3922924
49901,0.13625775
50101,0.076303504
50301,0.6209433
50401,0.32019645
50601,0.5708299
50801,0.59874356
50901,0.48260078
51001,0.39841348
51201,0.5780618
51601,0.31942135
51801,0.40190193
52001,0.28320315
52101,0.31201944
52501,0.48365125
52601,0.07795411
52701,0.0006260694
53201,0.11850863
53301,0.11255232
53401,0.004709351
53601,0.17055443
53901,0.0048756404
54101,0.05188864
54201,0.082618706
54301,0.059514206
54401,0.07418276
54601,0.040534195
55001,0.39713842
55201,0.15079048
55401,0.69530547
55501,0.15253088
55601,0.31707665
56201,0.2609579
56501,0.10555849
56701,0.36505032
56801,0.44893682
57001,0.15664895
57101,0.28191227
57201,0.45314953
57301,0.6926531
57501,0.14201558
57901,0.13764717
58001,0.21763912
58201,0.14568911
58301,0.47298208
58501,0.08278184
58901,0.04295125
59101,0.04569297
59201,0.14535116
59501,0.18407552
59601,0.010569004
59801,0.07887406
59901,0.37116575
60401,0.070963204
60501,0.10209213
60801,0.14086148
61101,0.30983266
61301,0.028205883
61401,0.21181957
61701,0.10106397
62101,0.036268357
62401,0.1196154
62701,0.271617
62801,0.4490863
63501,0.05090898
63601,0.34028968
63701,0.41096842
63801,0.21893167
63901,0.36353093
64301,0.13073167
64401,0.24442871
2,0.040980544
102,0.04721423
402,0.028495243
602,0.07505808
702,0.19456834
1002,0.14343044
1202,0.14409284
1702,0.014450571
2202,0.029875236
2702,0.34185386
2802,0.022524381
2902,0.01145528
3002,0.04346939
3102,0.06273628
3202,0.024803165
3302,0.003360514
3402,0.019929068
3702,0.07375202
4002,0.0035387324
4102,0.0003233076
4202,0.02880447
4402,0.033300977
4702,0.0026485997
4802,0.043929834
4902,0.018271334
5102,0.013225555
5202,0.05143109
5702,0.01958339
5902,0.013945042
6202,0.014503534
6302,0.10663046
6502,0.030758215
6602,0.03400674
6802,0.017602054
6902,0.042664863
7002,0.04414251
7202,0.018019058
7402,0.026987279
7502,0.022290478
7702,0.1895337
7902,0.10532217
8102,0.1349759
8202,0.16312036
8302,0.054962084
8402,0.012521307
8502,0.07694572
8602,0.061685674
8702,0.03127677
8902,0.030877205
9002,0.045314185
9202,0.17551193
9502,0.051261805
9802,0.059367165
9902,0.0082036005
10102,0.021679759
10402,0.03413549
10502,0.11159696
10602,0.0074240374
10702,0.00925458
10902,0.018209567
11202,0.353616
11302,0.10700118
11702,0.023224752
11902,0.054348342
12102,0.011547629
12402,0.0078868475
12702,0.055846334
12902,0.0095998105
13002,0.007003982
13402,0.19365725
13502,0.035868987
13602,0.011617477
13702,0.024724878
13902,0.0108414
14302,0.023962444
14402,0.02129244
15402,0.08252832
15602,0.049097326
15702,0.004161919
15802,0.072920464
15902,0.101715036
16102,0.027418321
16202,0.11852702
16302,0.1647446
16402,0.112656005
16502,0.02760657
16602,0.19702554
17002,0.04857925
17102,0.04508438
17202,0.06352252
17302,0.073118925
17402,0.033316668
17602,0.009470402
17702,0.018140396
17902,0.04771483
18002,0.025820574
18102,0.09042002
18202,0.09813187
18402,0.006497336
18502,0.04933367
18702,0.16402476
18802,0.013083991
19102,0.042354975
19502,0.05814869
19602,0.030489855
19702,0.17147739
19802,0.046572167
20702,0.005593392
20802,0.005642068
20902,0.07268465
21102,0.0834036
21202,0.026111396
21402,0.011795415
21802,0.026057368
22002,0.023311904
22302,0.011142002
22402,0.10370275
22502,0.031561393
22602,0.020227427
22902,0.015572773
23002,0.047090184
23202,0.017888397
23302,0.0149274655
23602,0.23211391
23702,0.025938855
23802,0.04089226
23902,0.029118905
24102,0.15310237
24202,0.3148592
24402,0.035708673
24502,0.02459289
24602,0.1673347
24702,0.056017503
25302,0.01658718
25402,0.024305804
25802,0.029068407
26002,0.04773302
26102,0.05385259
26202,0.012261619
26302,0.019736258
26402,0.0035683033
26602,0.041917447
26702,0.033798948
26802,0.06592182
26902,0.1552998
27002,0.14264274
27302,0.040685754
27402,0.029138237
27502,0.0667688
27902,0.2073321
28002,0.15212215
28102,0.020062804
28302,0.058170393
28402,0.053559687
29002,0.02173692
29102,0.0701463
29302,0.028974218
29602,0.0078874435
29702,0.014339984
29802,0.07145179
29902,0.030119646
30002,0.018996174
30102,0.031070437
30302,0.035241045
30402,0.015909592
30702,0.052165076
30802,0.038945254
31102,0.040489536
31202,0.014208484
31602,0.05883931
31702,0.018293755
31802,0.116802126
31902,0.05903131
32002,0.030167004
32102,0.060926575
32802,0.041750003
33002,0.07473323
33102,0.027534261
33502,0.07318253
33702,0.055952664
33802,0.019433198
33902,0.23497355
34002,0.027362447
34202,0.05096616
34302,0.08737889
34402,0.053308662
34502,0.035562567
34602,0.07262411
34802,0.012748968
35002,0.017878598
35202,0.028333921
35302,0.018396452
35502,0.025624245
35602,0.040588763
35702,0.025657143
35902,0.02520061
36002,0.013744337
36102,0.045533415
36602,0.013048921
37202,0.021531789
37402,0.01801757
37502,0.013453856
37602,0.020106087
37702,0.031475905
38102,0.07196184
38202,0.032171655
38302,0.024222089
38402,0.19907036
38602,0.030837579
38802,0.017004564
39102,0.0572193
39202,0.014029865
39302,0.048801895
39402,0.04475425
39602,0.026047882
39702,0.020701094
39902,0.18330057
40002,0.026323011
40202,0.046087097
40502,0.017591229
40602,0.028629769
41802,0.085145645
42002,0.020723296
42702,0.055204492
42902,0.009883627
43602,0.016542671
44202,0.14547579
44502,0.07175937
44702,0.23259558
44902,0.011853157
45202,0.016063876
45302,0.017152859
45502,0.018837214
45602,0.020071795
46102,0.014131324
46302,0.098063424
46502,0.048353966
46902,0.13426481
47002,0.16004561
47102,0.03416476
47202,0.13834187
47302,0.274856
47602,0.009083169
47702,0.07753466
47802,0.0417664
47902,0.067833476
48202,0.037203316
48602,0.06809673
48702,0.0433941
49102,0.037266847
49202,0.08043338
49602,0.012816565
49702,0.12833065
49902,0.09357203
50102,0.03508051
50302,0.08680368
50402,0.31031048
50602,0.023242924
50802,0.17868571
50902,0.020644983
51002,0.076371185
51202,0.11640191
51602,0.0084893685
51802,0.12869959
52002,0.022982394
52102,0.10106739
52502,0.08392176
52602,0.019948663
52702,0.0029196425
53202,0.01156056
53302,0.009357483
53402,0.0014252161
53602,0.021151224
53902,0.011391561
54102,0.03225936
54202,0.02139082
54302,0.014147519
54402,0.082769714
54602,0.026499376
55002,0.05646768
55202,0.07832412
55402,0.046553154
55502,0.054578263
55602,0.05643033
56202,0.055067636
56502,0.14225721
56702,0.04456297
56802,0.042516127
57002,0.03959929
57102,0.095030025
57202,0.023108818
57302,0.027035851
57502,0.021206051
57902,0.028771464
58002,0.026131343
58202,0.12675224
58302,0.18848489
58502,0.009827056
58902,0.009274222
59102,0.062623836
59202,0.038405303
59502,0.058988668
59602,0.028383903
59802,0.04285504
59902,0.08868952
60402,0.19709955
60502,0.028111158
60802,0.040595017
61102,0.15176871
61302,0.025050953
61402,0.058010083
61702,0.033652987
62102,0.009562492
62402,0.022542275
62702,0.0198986
62802,0.14186937
63502,0.03924341
63602,0.007970783
63702,0.08649944
63802,0.109474644
63902,0.058266252
64302,0.08430677
64402,0.030594809
3,0.016958375
103,0.011069572
403,0.012564241
603,0.04446788
703,0.040719014
1003,0.0042186347
1203,0.0023038646
1703,0.00604594
2203,0.0060152384
2703,0.00086990546
2803,0.0098724
2903,0.021349642
3003,0.022422586
3103,0.0031901065
3203,0.011966578
3303,0.0064730183
3403,0.0029866297
3703,0.013628078
4003,0.001975302
4103,0.00011865199
4203,0.02346304
4403,0.0037421393
4703,0.0032316053
4803,0.02095591
4903,0.031926423
5103,0.008214582
5203,0.120494254
5703,0.02177
5903,0.0115927635
6203,0.019499546
6303,0.018912101
6503,0.028518092
6603,0.05576463
6803,0.024749033
6903,0.0020981925
7003,0.0018414928
7203,0.005174269
7403,0.04434592
7503,0.0118979765
7703,0.0053192377
7903,0.0014133297
8103,0.056062996
8203,0.016394153
8303,0.00594281
8403,0.026331533
8503,0.0066765165
8603,0.004916428
8703,0.0037334438
8903,0.0058989557
9003,0.0038203013
9203,0.012086493
9503,0.01614876
9803,0.004361037
9903,0.007322659
10103,0.024361618
10403,0.014902163
10503,0.0128871305
10603,0.02209909
10703,0.13644008
10903,0.046892263
11203,0.026067046
11303,0.0015183637
11703,0.0048282617
11903,0.05380577
12103,0.013146961
12403,0.0060703065
12703,0.020849932
12903,0.004833124
13003,0.022307213
13403,0.079232596
13503,0.023365557
13603,0.03199743
13703,0.05958347
13903,0.023877913
14303,0.058460347
14403,0.004011961
15403,0.018285563
15603,0.04540985
15703,0.002499949
15803,0.007825408
15903,0.0017572322
16103,0.01746277
16203,0.044111222
16303,0.0078580305
16403,0.014121154
16503,0.0029269115
16603,0.006142059
17003,0.045818597
17103,0.0060632303
17203,0.005745757
17303,0.0018487712
17403,0.007069472
17603,0.006214327
17703,0.009900288
17903,0.01526004
18003,0.012756526
18103,0.0033275392
18203,0.0011447415
18403,0.0010862156
18503,0.0048892237
18703,0.002299859
18803,0.0044159936
19103,0.028346667
19503,0.0024146743
19603,0.0018029641
19703,0.008590003
19803,0.006855584
20703,0.010581126
20803,0.00428625
20903,0.027008673
21103,0.028171316
21203,0.015069602
21403,0.0031989499
21803,0.03109195
22003,0.053839996
22303,0.08616085
22403,0.05729077
22503,0.053122804
22603,0.028268682
22903,0.0040444117
23003,0.0025587177
23203,0.01738878
23303,0.028632462
23603,0.009756151
23703,0.017324854
23803,0.0055515496
23903,0.010623211
24103,0.022607872
24203,0.03280492
24403,0.0013006775
24503,0.003836118
24603,0.0003691877
24703,0.010027323
25303,0.012041949
25403,0.021089299
25803,0.0020099985
26003,0.029030152
26103,0.0030897283
26203,0.025958044
26303,0.008019737
26403,0.006584166
26603,0.06444858
26703,0.026276655
26803,0.006118977
26903,0.005021365
27003,0.00842004
27303,0.013684605
27403,0.010401738
27503,0.0086416835
27903,0.0066612987
28003,0.019018652
28103,0.0024558008
28303,0.042145286
28403,0.08937085
29003,0.007420076
29103,0.067532755
29303,0.02731511
29603,0.018079909
29703,0.01793888
29803,0.114379786
29903,0.044440698
30003,0.030728683
30103,0.012438306
30303,0.035637558
30403,0.01796054
30703,0.0139327515
30803,0.018364951
31103,0.004710224
31203,0.025919287
31603,0.010246928
31703,0.01041057
31803,0.02803829
31903,0.019664032
32003,0.062093403
32103,0.059966065
32803,0.011451538
33003,0.0060168826
33103,0.0033357637
33503,0.024724107
33703,0.006743673
33803,0.0039225435
33903,0.0002794536
34003,0.0018877467
34203,0.00078378886
34303,0.00845976
34403,0.0017683855
34503,0.00095058925
34603,0.006626463
34803,0.0005558422
35003,0.009281652
35203,0.005036391
35303,0.0123334965
35503,0.009801732
35603,0.0023037335
35703,0.010244849
35903,0.009115354
36003,0.020655662
36103,0.01556798
36603,0.0045874943
37203,0.010650775
37403,0.020074148
37503,0.020414492
37603,0.0011404556
37703,0.020753326
38103,0.09186644
38203,0.04987054
38303,0.051515777
38403,0.07292222
38603,0.014258319
38803,0.017238863
39103,0.0072509833
39203,0.002149676
39303,0.010954983
39403,0.0050540026
39603,0.03065745
39703,0.03282045
39903,0.005196217
40003,0.0032044586
40203,0.0051941616
40503,0.003723691
40603,0.010811281
41803,0.019982575
42003,0.013630788
42703,0.0112054655
42903,0.04071826
43603,0.010674058
44203,0.13113783
44503,0.010454484
44703,0.059881303
44903,0.013015732
45203,0.017654717
45303,0.029190922
45503,0.04792723
45603,0.04887836
46103,0.019844158
46303,0.0889284
46503,0.003762325
46903,0.021242453
47003,0.0028669853
47103,0.0048539834
47203,0.039094213
47303,0.11944606
47603,0.016522665
47703,0.0217076
47803,0.024229001
47903,0.006526568
48203,0.016436642
48603,0.015676592
48703,0.004528999
49103,0.019774178
49203,0.031399943
49603,0.008029431
49703,0.0057083513
49903,0.018698897
50103,0.0101555325
50303,0.0032689692
50403,0.0036500199
50603,0.0028653396
50803,0.0014098304
50903,0.0016877553
51003,0.007993613
51203,0.0005883883
51603,0.005120291
51803,0.013111246
52003,0.021034503
52103,0.028107686
52503,0.016232366
52603,0.0063895667
52703,0.0004531161
53203,0.03548864
53303,0.007179032
53403,0.0008948235
53603,0.022589227
53903,0.002447603
54103,0.015744291
54203,0.009505825
54303,0.011255766
54403,0.06996495
54603,0.04307962
55003,0.027938118
55203,0.0026197059
55403,0.0030594622
55503,0.015007318
55603,0.012264516
56203,0.02153645
56503,0.06021023
56703,0.007527284
56803,0.008579236
57003,0.0023752742
57103,0.0038745827
57203,0.0057446277
57303,0.005229499
57503,0.015140155
57903,0.028535465
58003,0.0071059912
58203,0.007075863
58303,0.002474804
58503,0.0068816934
58903,0.009471455
59103,0.03951165
59203,0.0056855446
59503,0.0013701837
59603,0.011843738
59803,0.014329481
59903,0.027069552
60403,0.0037097738
60503,0.0076712794
60803,0.10454215
61103,0.0045361393
61303,0.0068618385
61403,0.0068814117
61703,0.04132531
62103,0.008529629
62403,0.08397058
62703,0.019191349
62803,0.0042737937
63503,0.011175079
63603,0.0043031108
63703,0.048924707
63803,0.11387059
63903,0.004462241
64303,0.03219922
64403,0.035780914
4,0.21865486
104,0.066138305
404,0.007295484
604,0.0145524535
704,0.02582283
1004,0.08061443
1204,0.01927486
1704,0.29313773
2204,0.018007016
2704,0.0027273952
2804,0.024952127
2904,0.023741437
3004,0.01729185
3104,0.00468486
3204,0.023158485
3304,0.0041478453
3404,0.007666168
3704,0.04878407
4004,0.006662589
4104,0.00023322945
4204,0.008399341
4404,0.12391684
4704,0.01013923
4804,0.0047120466
4904,0.018657038
5104,0.00831697
5204,0.020155685
5704,0.025525853
5904,0.007360883
6204,0.020497827
6304,0.036437336
6504,0.008969042
6604,0.039472118
6804,0.011089813
6904,0.024801528
7004,0.005379745
7204,0.010362636
7404,0.010876263
7504,0.007027526
7704,0.011105635
7904,0.0046466803
8104,0.02260297
8204,0.026895903
8304,0.11686121
8404,0.097944245
8504,0.01720975
8604,0.019992994
8704,0.028793933
8904,0.0154173635
9004,0.010427358
9204,0.031011643
9504,0.0108312825
9804,0.05742082
9904,0.05313048
10104,0.1681467
10404,0.01888033
10504,0.01634773
10604,0.012230283
10704,0.007811614
10904,0.030042155
11204,0.05762181
11304,0.0062748557
11704,0.021932038
11904,0.026307326
12104,0.04068828
12404,0.008910073
12704,0.02823692
12904,0.008402091
13004,0.016782766
13404,0.053321596
13504,0.011675004
13604,0.019641165
13704,0.023476692
13904,0.016070174
14304,0.0110634025
14404,0.050812136
15404,0.020126915
15604,0.0125210425
15704,0.011002771
15804,0.01742295
15904,0.021757782
16104,0.11498732
16204,0.053965617
16304,0.05935441
16404,0.13989007
16504,0.0028572767
16604,0.06449376
17004,0.022213135
17104,0.027088577
17204,0.03053275
17304,0.02649965
17404,0.016583573
17604,0.16514364
17704,0.0085578
17904,0.037051644
18004,0.12296777
18104,0.015363724
18204,0.0049660853
18404,0.0038172326
18504,0.021441948
18704,0.0101738535
18804,0.018925546
19104,0.009353007
19504,0.030168882
19604,0.006439604
19704,0.05062136
19804,0.020951405
20704,0.022834482
20804,0.015666084
20904,0.011798334
21104,0.0174697
21204,0.008938614
21404,0.012998758
21804,0.027536301
22004,0.018033879
22304,0.005574153
22404,0.034117352
22504,0.028205903
22604,0.009578803
22904,0.016033003
23004,0.0040801642
23204,0.018862382
23304,0.012805795
23604,0.034671925
23704,0.012742045
23804,0.00544192
23904,0.013709951
24104,0.016085044
24204,0.034133058
24404,0.02075457
24504,0.012503022
24604,0.0037083016
24704,0.046796083
25304,0.008851322
25404,0.011398759
25804,0.10765464
26004,0.028575337
26104,0.01715832
26204,0.013910964
26304,0.01000953
26404,0.006567156
26604,0.018128902
26704,0.06741446
26804,0.024507053
26904,0.012923546
27004,0.04813079
27304,0.011955065
27404,0.009257693
27504,0.0148081025
27904,0.075715475
28004,0.034770392
28104,0.0078087472
28304,0.030425709
28404,0.01397304
29004,0.101317994
29104,0.034795925
29304,0.02156061
29604,0.008448908
29704,0.014362748
29804,0.036680155
29904,0.0031522445
30004,0.07698163
30104,0.041897543
30304,0.017590595
30404,0.005754516
30704,0.037845932
30804,0.02554857
31104,0.041023098
31204,0.012826178
31604,0.029191002
31704,0.15765823
31804,0.063282326
31904,0.007628764
32004,0.01426882
32104,0.09921816
32804,0.014209705
33004,0.031870514
33104,0.045087367
33504,0.020727618
33704,0.05643492
33804,0.07861223
33904,0.0011746371
34004,0.007305512
34204,0.0064652227
34304,0.019995762
34404,0.00686502
34504,0.008483271
34604,0.052542638
34804,0.0032605722
35004,0.0058688787
35204,0.0041884175
35304,0.11289749
35504,0.023534939
35604,0.03365143
35704,0.07588346
35904,0.08332288
36004,0.09048522
36104,0.022700181
36604,0.018091684
37204,0.002479571
37404,0.006469827
37504,0.0269842
37604,0.006260351
37704,0.017192418
38104,0.016254177
38204,0.051421694
38304,0.021967778
38404,0.016402815
38604,0.011339154
38804,0.0068045277
39104,0.019091507
39204,0.026676094
39304,0.050127134
39404,0.039586406
39604,0.040861078
39704,0.0036290227
39904,0.014244058
40004,0.013217571
40204,0.04171174
40504,0.014851367
40604,0.02213808
41804,0.04255348
42004,0.058908638
42704,0.011397633
42904,0.005789109
43604,0.016066534
44204,0.02514157
44504,0.03943934
44704,0.01920957
44904,0.0034542417
45204,0.008258068
45304,0.010254058
45504,0.13331936
45604,0.08946756
46104,0.0033594714
46304,0.017288396
46504,0.0126852
46904,0.019987278
47004,0.023251288
47104,0.041331604
47204,0.026765514
47304,0.023817614
47604,0.008260725
47704,0.007850482
47804,0.013789077
47904,0.028637495
48204,0.06839488
48604,0.08043761
48704,0.004050072
49104,0.037251044
49204,0.010966324
49604,0.06630412
49704,0.009097253
49904,0.054677803
50104,0.1288821
50304,0.008122012
50404,0.034182392
50604,0.018907413
50804,0.004811503
50904,0.017028501
51004,0.033565193
51204,0.0041397107
51604,0.02657672
51804,0.03679567
52004,0.09970878
52104,0.022680247
52504,0.016904624
52604,0.08480233
52704,0.0016659754
53204,0.008328069
53304,0.024269843
53404,0.011973642
53604,0.0042020474
53904,0.0074045365
54104,0.025087176
54204,0.014512342
54304,0.006713803
54404,0.022263631
54604,0.0078092944
55004,0.004637602
55204,0.0116136465
55404,0.01095508
55504,0.017306654
55604,0.015588759
56204,0.015921392
56504,0.06300816
56704,0.03035014
56804,0.04570452
57004,0.010893432
57104,0.013442676
57204,0.054953147
57304,0.0058596167
57504,0.071083866
57904,0.07168489
58004,0.18351102
58204,0.11854468
58304,0.005030073
58504,0.08885678
58904,0.009260252
59104,0.026919669
59204,0.0431154
59504,0.012765896
59604,0.009329927
59804,0.046533514
59904,0.012049533
60404,0.036374565
60504,0.011300008
60804,0.016941221
61104,0.006901361
61304,0.05828219
61404,0.018255161
61704,0.008254364
62104,0.012561145
62404,0.010234392
62704,0.012459351
62804,0.012579434
63504,0.16426373
63604,0.04986934
63704,0.012647091
63804,0.029224021
63904,0.022927111
64304,0.0066086976
64404,0.012279566
5,0.0068199066
105,0.0024779262
405,0.0067544305
605,0.01191601
705,0.0078038415
1005,0.000839752
1205,0.0007496574
1705,0.0036881403
2205,0.0021764385
2705,0.0010081421
2805,0.0030176248
2905,0.008850827
3005,0.0066301953
3105,0.0010352469
3205,0.0034597162
3305,0.00538699
3405,0.00057456736
3705,0.0025785374
4005,0.00091572956
4105,0.0055585117
4205,0.009759676
4405,0.003645929
4705,0.0029868656
4805,0.010065489
4905,0.018429708
5105,0.008466862
5205,0.038986273
5705,0.0066310717
5905,0.0150758205
6205,0.01707452
6305,0.008022113
6505,0.013734542
6605,0.012448642
6805,0.018710535
6905,0.0023907223
7005,0.0013408611
7205,0.0037565175
7405,0.07398452
7505,0.008237028
7705,0.0017381184
7905,0.0008832326
8105,0.008850772
8205,0.004214799
8305,0.0012087089
8405,0.009207347
8505,0.0023958085
8605,0.0015206024
8705,0.0026330925
8905,0.0035682148
9005,0.0028652397
9205,0.0019676485
9505,0.007125721
9805,0.004090801
9905,0.0074305683
10105,0.0043093036
10405,0.013841553
10505,0.0040268935
10605,0.023348365
10705,0.16390485
10905,0.03819587
11205,0.0020341075
11305,0.0014667159
11705,0.0038579777
11905,0.013819742
12105,0.0029483552
12405,0.0028886828
12705,0.0073474655
12905,0.047163848
13005,0.019604212
13405,0.0088335825
13505,0.012628994
13605,0.018864583
13705,0.023791969
13905,0.020534493
14305,0.020897387
14405,0.0031939445
15405,0.0078696655
15605,0.039295375
15705,0.002711082
15805,0.0045128674
15905,0.00062058476
16105,0.0032187956
16205,0.011133506
16305,0.0015276758
16405,0.0037729607
16505,0.001265926
16605,0.00085061096
17005,0.017880192
17105,0.0017897144
17205,0.0013165609
17305,0.0004486073
17405,0.0022979206
17605,0.0017680698
17705,0.0069789332
17905,0.008947141
18005,0.005316907
18105,0.0009435798
18205,0.0006113124
18405,0.0005726725
18505,0.0018188613
18705,0.0009178216
18805,0.0019111728
19105,0.0111435
19505,0.0010208833
19605,0.000777188
19705,0.0028697469
19805,0.0023410213
20705,0.004426664
20805,0.0054679452
20905,0.008461102
21105,0.009084356
21205,0.0086362455
21405,0.039331485
21805,0.01008207
22005,0.01742511
22305,0.111316204
22405,0.013453977
22505,0.017503873
22605,0.014540903
22905,0.0034771701
23005,0.0021724754
23205,0.017506981
23305,0.028381124
23605,0.0019289822
23705,0.0052695544
23805,0.008683882
23905,0.002741768
24105,0.0054298267
24205,0.004384693
24405,0.00074908946
24505,0.0012144468
24605,0.00072501606
24705,0.0020312981
25305,0.004913037
25405,0.027229037
25805,0.0007664488
26005,0.0048298547
26105,0.002462396
26205,0.012546232
26305,0.011201283
26405,0.010498132
26605,0.033257943
26705,0.011985361
26805,0.0027080104
26905,0.0019298282
27005,0.0011763161
27305,0.0076678474
27405,0.00800636
27505,0.0068669314
27905,0.0015889829
28005,0.0035890574
28105,0.0057618767
28305,0.017710203
28405,0.0675635
29005,0.0043510715
29105,0.02068674
29305,0.012416155
29605,0.016247848
29705,0.022466013
29805,0.018868182
29905,0.00985446
30005,0.008293645
30105,0.0054853926
30305,0.008386022
30405,0.018648803
30705,0.0067898612
30805,0.0075565446
31105,0.0030641186
31205,0.020887714
31605,0.0037788593
31705,0.004047309
31805,0.006575258
31905,0.0073294262
32005,0.010208288
32105,0.0082416935
32805,0.005730814
33005,0.0016705102
33105,0.00068705116
33505,0.0065835244
33705,0.00560169
33805,0.0021475058
33905,0.0003421166
34005,0.0005483771
34205,0.0013055357
34305,0.0033479263
34405,0.00075553794
34505,0.00078004936
34605,0.0013660468
34805,0.00082437746
35005,0.002763716
35205,0.00243187
35305,0.0090517225
35505,0.0037521992
35605,0.0011716983
35705,0.003404173
35905,0.0043186047
36005,0.008221612
36105,0.0058835098
36605,0.0043446487
37205,0.013784328
37405,0.012411776
37505,0.007267317
37605,0.0408116
37705,0.022481132
38105,0.017664671
38205,0.008859996
38305,0.027790202
38405,0.018348457
38605,0.013351542
38805,0.025725704
39105,0.00268626
39205,0.002146032
39305,0.005157216
39405,0.003370931
39605,0.012195804
39705,0.027567292
39905,0.0021971585
40005,0.0013434673
40205,0.0024984435
40505,0.001199162
40605,0.010251883
41805,0.0039682207
42005,0.016835414
42705,0.0052951067
42905,0.04396827
43605,0.0048190057
44205,0.007273055
44505,0.0021848632
44705,0.010347575
44905,0.09805782
45205,0.012446974
45305,0.03168295
45505,0.00850835
45605,0.0054039545
46105,0.010686084
46305,0.017565476
46505,0.0036569224
46905,0.008548859
47005,0.0009814389
47105,0.001745065
47205,0.0067241695
47305,0.010656008
47605,0.0351061
47705,0.028594535
47805,0.011838583
47905,0.0012591289
48205,0.0046125283
48605,0.0042265747
48705,0.0022354294
49105,0.004806661
49205,0.008665933
49605,0.0018983472
49705,0.0016185989
49905,0.0030895765
50105,0.0054561384
50305,0.0013207161
50405,0.0009823858
50605,0.003330612
50805,0.0008438115
50905,0.00083911675
51005,0.002337125
51205,0.0011531351
51605,0.0031759988
51805,0.0027598168
52005,0.004097205
52105,0.008979119
52505,0.0067534843
52605,0.0066524865
52705,0.023833543
53205,0.017379908
53305,0.0063044727
53405,0.0027756328
53605,0.015380177
53905,0.014920835
54105,0.0046521043
54205,0.0107550565
54305,0.010788057
54405,0.022344396
54605,0.034750447
55005,0.020930009
55205,0.011913166
55405,0.0016819205
55505,0.013710563
55605,0.012423811
56205,0.0079095345
56505,0.0042655678
56705,0.0036783589
56805,0.008303205
57005,0.003516407
57105,0.0036979285
57205,0.000998019
57305,0.0023812358
57505,0.008728212
57905,0.0045201406
58005,0.0029020638
58205,0.0021998875
58305,0.005329979
58505,0.004525198
58905,0.009344004
59105,0.030157872
59205,0.004938846
59505,0.001040455
59605,0.021703593
59805,0.011790123
59905,0.01104643
60405,0.0034305416
60505,0.004149216
60805,0.041419096
61105,0.007731151
61305,0.0029097823
61405,0.007909156
61705,0.03172518
62105,0.0051494674
62405,0.050904553
62705,0.010656727
62805,0.0012889222
63505,0.0025131786
63605,0.0017046763
63705,0.008935778
63805,0.01181313
63905,0.0015718762
64305,0.0051863655
64405,0.016518561
6,0.012010693
106,0.0089262575
406,0.051412623
606,0.042972963
706,0.0039471923
1006,0.006452718
1206,0.002486313
1706,0.011485549
2206,0.007353093
2706,0.0014247651
2806,0.014792241
2906,0.08117357
3006,0.024732765
3106,0.0016459455
3206,0.020339038
3306,0.007024291
3406,0.002239574
3706,0.0028340835
4006,0.0080870595
4106,0.00015776852
4206,0.10447224
4406,0.007935793
4706,0.0126349665
4806,0.0039130477
4906,0.08557161
5106,0.0066537987
5206,0.0998985
5706,0.030834494
5906,0.0636992
6206,0.1707197
6306,0.009587873
6506,0.29469126
6606,0.067550614
6806,0.14531168
6906,0.019353129
7006,0.0019422087
7206,0.04219327
7406,0.08209348
7506,0.0795134
7706,0.004565524
7906,0.0015887911
8106,0.005259533
8206,0.0037635104
8306,0.0047429223
8406,0.023838555
8506,0.0036373402
8606,0.004145984
8706,0.0074575334
8906,0.0027754137
9006,0.0048567783
9206,0.0030804088
9506,0.021242281
9806,0.0073231515
9906,0.0046878643
10106,0.052449696
10406,0.0066869333
10506,0.0035157485
10606,0.31335944
10706,0.06504247
10906,0.027840504
11206,0.0023515625
11306,0.003959463
11706,0.087786846
11906,0.007950701
12106,0.072773814
12406,0.16345023
12706,0.122556396
12906,0.016156837
13006,0.14622813
13406,0.010474249
13506,0.011064244
13606,0.016106583
13706,0.021707306
13906,0.17719346
14306,0.029730167
14406,0.047261693
15406,0.028153453
15606,0.015819468
15706,0.46236756
15806,0.010286909
15906,0.0028257133
16106,0.01746425
16206,0.009654514
16306,0.003912099
16406,0.009812184
16506,0.006889735
16606,0.0035471984
17006,0.01074636
17106,0.009018296
17206,0.00823585
17306,0.0037142274
17406,0.020842552
17606,0.01296634
17706,0.004900519
17906,0.01718671
18006,0.0094131855
18106,0.0049009197
18206,0.002352445
18406,0.00274965
18506,0.0061318963
18706,0.002402562
18806,0.0073032114
19106,0.009203231
19506,0.002602097
19606,0.0009923517
19706,0.0038523895
19806,0.0022983882
20706,0.1856435
20806,0.08156089
20906,0.015613497
21106,0.013451413
21206,0.04761352
21406,0.01463204
21806,0.039096724
22006,0.0203338
22306,0.07666684
22406,0.0789459
22506,0.025241379
22606,0.26403385
22906,0.056321725
23006,0.006438965
23206,0.059527397
23306,0.0642316
23606,0.0046323505
23706,0.057711888
23806,0.015496298
23906,0.0048831543
24106,0.0056960075
24206,0.0058269403
24406,0.0018777526
24506,0.0023039975
24606,0.0017530939
24706,0.006929298
25306,0.05442695
25406,0.17145161
25806,0.0046152766
26006,0.004055928
26106,0.0018544327
26206,0.08346891
26306,0.012551591
26406,0.53446794
26606,0.022935202
26706,0.040023778
26806,0.037798975
26906,0.003038446
27006,0.0028755986
27306,0.035705186
27406,0.030018598
27506,0.021316662
27906,0.005209128
28006,0.007848677
28106,0.10685396
28306,0.03129555
28406,0.038888767
29006,0.06752258
29106,0.038613133
29306,0.10777736
29606,0.29780403
29706,0.16256744
29806,0.011142284
29906,0.0052744495
30006,0.14568906
30106,0.046784334
30306,0.016118878
30406,0.020462412
30706,0.0443635
30806,0.056362774
31106,0.07116657
31206,0.017253296
31606,0.021999607
31706,0.023419365
31806,0.010151311
31906,0.006859464
32006,0.036814373
32106,0.013565108
32806,0.009366956
33006,0.01091027
33106,0.006974143
33506,0.008082365
33706,0.010041203
33806,0.010681107
33906,0.00115026
34006,0.0025042077
34206,0.0035085613
34306,0.0057319524
34406,0.004115339
34506,0.0040160073
34606,0.004687958
34806,0.004610406
35006,0.05266218
35206,0.0027138966
35306,0.08446365
35506,0.003633111
35606,0.0025060317
35706,0.005053219
35906,0.016212516
36006,0.047668528
36106,0.005392929
36606,0.013358916
37206,0.00789398
37406,0.16231294
37506,0.16573805
37606,0.006756615
37706,0.030986601
38106,0.013684913
38206,0.08983918
38306,0.08850502
38406,0.05799411
38606,0.003855619
38806,0.04237581
39106,0.005167717
39206,0.043367703
39306,0.073358
39406,0.006367104
39606,0.006626667
39706,0.09429651
39906,0.0053939587
40006,0.004118055
40206,0.0030589113
40506,0.0063805743
40606,0.018670032
41806,0.009350334
42006,0.018464608
42706,0.03944846
42906,0.2680629
43606,0.17823449
44206,0.006600519
44506,0.006573604
44706,0.0061862143
44906,0.008953912
45206,0.2594739
45306,0.16293012
45506,0.014855455
45606,0.012795875
46106,0.01291606
46306,0.016650489
46506,0.04187913
46906,0.013224502
47006,0.0017421631
47106,0.011287165
47206,0.0043010684
47306,0.009401719
47606,0.023139415
47706,0.0231871
47806,0.028846076
47906,0.008266493
48206,0.0070257043
48606,0.020386025
48706,0.009088939
49106,0.0069552325
49206,0.05018654
49606,0.019598067
49706,0.005759257
49906,0.005014383
50106,0.01090389
50306,0.0037762746
50406,0.0067877914
50606,0.034144454
50806,0.0026608664
50906,0.0033727048
51006,0.0054221186
51206,0.0028763553
51606,0.08344185
51806,0.00556332
52006,0.030932292
52106,0.008379345
52506,0.014068625
52606,0.1344719
52706,0.001164921
53206,0.2168201
53306,0.21775836
53406,0.0063534295
53606,0.038053703
53906,0.00517554
54106,0.012793977
54206,0.36808366
54306,0.36247346
54406,0.026395077
54606,0.08004996
55006,0.028157797
55206,0.006879003
55406,0.0040945592
55506,0.114750095
55606,0.07291458
56206,0.007851806
56506,0.0031450314
56706,0.011951847
56806,0.064112104
57006,0.0041835676
57106,0.0046060323
57206,0.008320303
57306,0.018015223
57506,0.008690345
57906,0.0043069157
58006,0.00387812
58206,0.006745422
58306,0.008963574
58506,0.003928665
58906,0.30280712
59106,0.012112321
59206,0.060652275
59506,0.0030204544
59606,0.021860309
59806,0.028475448
59906,0.012302734
60406,0.0035398807
60506,0.09026888
60806,0.039997417
61106,0.013680398
61306,0.07299872
61406,0.0358469
61706,0.0351065
62106,0.36246616
62406,0.053958707
62706,0.037602864
62806,0.0023406814
63506,0.006811526
63606,0.042934608
63706,0.01644093
63806,0.0060459855
63906,0.0051024347
64306,0.016520578
64406,0.032301605
7,0.17050555
107,0.03747166
407,0.022687897
607,0.040801495
707,0.034961373
1007,0.044404622
1207,0.006045366
1707,0.08183059
2207,0.22807445
2707,0.005309963
2807,0.07275211
2907,0.07664614
3007,0.020651313
3107,0.015674355
3207,0.12583917
3307,0.04869068
3407,0.034831323
3707,0.04886326
4007,0.031758476
4107,0.0021060612
4207,0.037346143
4407,0.021914361
4707,0.033827703
4807,0.033473015
4907,0.06665877
5107,0.007909508
5207,0.0838095
5707,0.10138534
5907,0.078675725
6207,0.25081924
6307,0.060862523
6507,0.079251714
6607,0.105381206
6807,0.11877524
6907,0.040951274
7007,0.0061269454
7207,0.025558263
7407,0.03399705
7507,0.01886243
7707,0.079328686
7907,0.010438005
8107,0.019276414
8207,0.053182647
8307,0.1582166
8407,0.06526728
8507,0.08802182
8607,0.12068381
8707,0.06757222
8907,0.028054181
9007,0.08242262
9207,0.08310539
9507,0.03134306
9807,0.011255606
9907,0.027854342
10107,0.173112
10407,0.054010574
10507,0.10280293
10607,0.18178286
10707,0.101157784
10907,0.06513787
11207,0.04727302
11307,0.01711092
11707,0.08736951
11907,0.07522131
12107,0.119493894
12407,0.11779624
12707,0.07622293
12907,0.008919065
13007,0.09404084
13407,0.039371032
13507,0.019025788
13607,0.30130127
13707,0.13790415
13907,0.12667939
14307,0.14988431
14407,0.06510836
15407,0.013552699
15607,0.064990915
15707,0.10527264
15807,0.081019536
15907,0.042669002
16107,0.066802844
16207,0.027438002
16307,0.037925776
16407,0.082928084
16507,0.0029857198
16607,0.011571765
17007,0.04259317
17107,0.16627029
17207,0.05803345
17307,0.041064054
17407,0.012878767
17607,0.14416726
17707,0.04541186
17907,0.22004041
18007,0.2275017
18107,0.04258329
18207,0.02480603
18407,0.0901897
18507,0.26217255
18707,0.012602135
18807,0.078701325
19107,0.02472072
19507,0.016140198
19607,0.010802028
19707,0.05296387
19807,0.02535862
20707,0.13196425
20807,0.06782177
20907,0.012737633
21107,0.04282589
21207,0.05986673
21407,0.029312141
21807,0.12941033
22007,0.032543343
22307,0.08663497
22407,0.08801879
22507,0.08026463
22607,0.12188767
22907,0.083607584
23007,0.0067900377
23207,0.022934677
23307,0.09109413
23607,0.08827792
23707,0.056080144
23807,0.015535563
23907,0.061195176
24107,0.08931862
24207,0.036554456
24407,0.021253759
24507,0.026723834
24607,0.0024206266
24707,0.17589469
25307,0.0413712
25407,0.06076928
25807,0.011853254
26007,0.014848704
26107,0.021889292
26207,0.08566869
26307,0.08702502
26407,0.08858291
26607,0.025904037
26707,0.07550384
26807,0.11285135
26907,0.015336826
27007,0.11156743
27307,0.035594244
27407,0.013697252
27507,0.030815605
27907,0.037185173
28007,0.050902035
28107,0.0148433475
28307,0.05294338
28407,0.06469
29007,0.030423978
29107,0.091181815
29307,0.12754637
29607,0.10269967
29707,0.07539311
29807,0.04020574
29907,0.0065224892
30007,0.1708167
30107,0.03990758
30307,0.055684563
30407,0.09439383
30707,0.043192547
30807,0.032554936
31107,0.039072968
31207,0.13005675
31607,0.08240277
31707,0.048049837
31807,0.055115458
31907,0.11037679
32007,0.11500735
32107,0.12011406
32807,0.01488045
33007,0.0887175
33107,0.032364678
33507,0.023020662
33707,0.097135566
33807,0.13075253
33907,0.0061476985
34007,0.02222718
34207,0.011298551
34307,0.20264545
34407,0.06082422
34507,0.01492902
34607,0.1097026
34807,0.01078941
35007,0.028081458
35207,0.012948814
35307,0.10460402
35507,0.033830877
35607,0.025169702
35707,0.033519246
35907,0.035946604
36007,0.063883685
36107,0.07823757
36607,0.011435583
37207,0.037423838
37407,0.038915455
37507,0.09457121
37607,0.0031227213
37707,0.040908206
38107,0.049133915
38207,0.14645725
38307,0.21486782
38407,0.033970293
38607,0.024004504
38807,0.06153549
39107,0.024949914
39207,0.07807057
39307,0.087657236
39407,0.026587388
39607,0.06225136
39707,0.028573012
39907,0.029677195
40007,0.054437287
40207,0.01554371
40507,0.09748525
40607,0.034234747
41807,0.021102944
42007,0.015963085
42707,0.07734016
42907,0.14592479
43607,0.043566283
44207,0.07095817
44507,0.082151204
44707,0.020486137
44907,0.021176346
45207,0.06465036
45307,0.052512232
45507,0.065764494
45607,0.19811058
46107,0.017295735
46307,0.042610757
46507,0.021981888
46907,0.13095595
47007,0.021857612
47107,0.020793958
47207,0.030347766
47307,0.021505423
47607,0.054169487
47707,0.023300389
47807,0.113171004
47907,0.08742245
48207,0.046336394
48607,0.05313125
48707,0.0049364637
49107,0.04165529
49207,0.06104633
49607,0.09960242
49707,0.017127344
49907,0.034137756
50107,0.059074603
50307,0.034026127
50407,0.042802054
50607,0.04345717
50807,0.016610892
50907,0.045115113
51007,0.13697577
51207,0.0054136836
51607,0.21916187
51807,0.15144825
52007,0.18157648
52107,0.015586338
52507,0.07735854
52607,0.05777057
52707,0.0021846497
53207,0.07481432
53307,0.14795156
53407,0.024124997
53607,0.07784648
53907,0.006399048
54107,0.08648227
54207,0.09287873
54307,0.10747833
54407,0.15576422
54607,0.033487324
55007,0.03640905
55207,0.010466155
55407,0.022403616
55507,0.01888458
55607,0.011285617
56207,0.024410898
56507,0.041364018
56707,0.15902093
56807,0.020669766
57007,0.015184576
57107,0.024957769
57207,0.1829586
57307,0.033994798
57507,0.049069837
57907,0.10272368
58007,0.06495137
58207,0.060014155
58307,0.0075957454
58507,0.033448394
58907,0.08209891
59107,0.021338912
59207,0.04892278
59507,0.019587759
59607,0.009468724
59807,0.019944005
59907,0.027760325
60407,0.006052509
60507,0.02755423
60807,0.04100049
61107,0.012259099
61307,0.05127807
61407,0.017575793
61707,0.04203046
62107,0.11001821
62407,0.08138568
62707,0.22799437
62807,0.048615634
63507,0.03709032
63607,0.29869708
63707,0.048951823
63807,0.041223835
63907,0.03205648
64307,0.027081579
64407,0.2496531
8,0.20009138
108,0.06314097
408,0.0127871595
608,0.03459964
708,0.07006278
1008,0.020147325
1208,0.019700484
1708,0.1471437
2208,0.04335702
2708,0.15897855
2808,0.104626745
2908,0.037987996
3008,0.020589102
3108,0.024704345
3208,0.03309281
3308,0.0042576473
3408,0.010052157
3708,0.02562807
4008,0.0068813274
4108,0.0008458591
4208,0.021370346
4408,0.28993365
4708,0.017288016
4808,0.07662748
4908,0.028878417
5108,0.022154795
5208,0.042062655
5708,0.02143212
5908,0.02393449
6208,0.039021883
6308,0.1562644
6508,0.028889883
6608,0.045124315
6808,0.021989534
6908,0.10156823
7008,0.05877996
7208,0.012922257
7408,0.051237065
7508,0.008743233
7708,0.13922063
7908,0.15520135
8108,0.08087536
8208,0.06843766
8308,0.03905291
8408,0.17019792
8508,0.46777478
8608,0.09079726
8708,0.31165755
8908,0.5551985
9008,0.1889433
9208,0.05043236
9508,0.049099244
9808,0.3289439
9908,0.26787367
10108,0.023991711
10408,0.42167768
10508,0.19575097
10608,0.032336242
10708,0.12684911
10908,0.18904659
11208,0.06949355
11308,0.25996688
11708,0.03926566
11908,0.05048708
12108,0.021979656
12408,0.008608163
12708,0.035793625
12908,0.023925854
13008,0.034704775
13408,0.033930093
13508,0.08768947
13608,0.094332196
13708,0.12563768
13908,0.03655798
14308,0.01730694
14408,0.13058327
15408,0.046226323
15608,0.05629491
15708,0.0072606094
15808,0.20083591
15908,0.10412961
16108,0.04964122
16208,0.13538054
16308,0.02858347
16408,0.10257301
16508,0.0031518517
16608,0.007861192
17008,0.03015873
17108,0.048800096
17208,0.024078716
17308,0.018656176
17408,0.0074721505
17608,0.08344108
17708,0.24889836
17908,0.30108207
18008,0.26624054
18108,0.03693435
18208,0.0764014
18408,0.013740701
18508,0.07232718
18708,0.042174842
18808,0.029932315
19108,0.08464113
19508,0.058819752
19608,0.02644378
19708,0.15074216
19808,0.016395072
20708,0.01294421
20808,0.010304447
20908,0.04467022
21108,0.1536038
21208,0.018190421
21408,0.06491688
21808,0.045405436
22008,0.048633676
22308,0.080964945
22408,0.05223935
22508,0.12150451
22608,0.03568841
22908,0.018667137
23008,0.024950959
23208,0.033461627
23308,0.03176073
23608,0.07890713
23708,0.026275389
23808,0.09861142
23908,0.050997537
24108,0.096091196
24208,0.025240062
24408,0.16920696
24508,0.023880808
24608,0.21706755
24708,0.13126402
25308,0.016859947
25408,0.019033132
25808,0.28706545
26008,0.05378385
26108,0.378226
26208,0.030330664
26308,0.061658915
26408,0.01237253
26608,0.13577603
26708,0.108584076
26808,0.09299547
26908,0.22661297
27008,0.07513931
27308,0.055817284
27408,0.22713205
27508,0.10235491
27908,0.08281419
28008,0.03182212
28108,0.016349707
28308,0.04359021
28408,0.025475625
29008,0.12521313
29108,0.045159623
29308,0.07352608
29608,0.03497877
29708,0.011485802
29808,0.06882926
29908,0.033214103
30008,0.021169756
30108,0.124810845
30308,0.036138218
30408,0.024622347
30708,0.11136722
30808,0.06096956
31108,0.16514747
31208,0.073084556
31608,0.072287515
31708,0.13417858
31808,0.18617101
31908,0.031567182
32008,0.016939545
32108,0.12774387
32808,0.07775739
33008,0.03805273
33108,0.008218905
33508,0.1876681
33708,0.25976995
33808,0.109839626
33908,0.31450462
34008,0.00814078
34208,0.083098195
34308,0.31105116
34408,0.05800927
34508,0.08323576
34608,0.030617451
34808,0.013007426
35008,0.0061367312
35208,0.034708545
35308,0.113912635
35508,0.07867266
35608,0.06223703
35708,0.06301584
35908,0.093635514
36008,0.12560171
36108,0.17676747
36608,0.025505165
37208,0.041128397
37408,0.013924095
37508,0.016312944
37608,0.04267426
37708,0.12583743
38108,0.029130625
38208,0.029697781
38308,0.11006435
38408,0.016563334
38608,0.25705832
38808,0.022626037
39108,0.07103029
39208,0.026266502
39308,0.027306432
39408,0.14979126
39608,0.062303323
39708,0.017219916
39908,0.19441152
40008,0.08418382
40208,0.28132606
40508,0.02506359
40608,0.07084765
41808,0.07973752
42008,0.22390282
42708,0.07041534
42908,0.056067955
43608,0.03174112
44208,0.036885347
44508,0.01566456
44708,0.04514547
44908,0.01307108
45208,0.01215245
45308,0.02830754
45508,0.07002629
45608,0.043801047
46108,0.015432678
46308,0.05278532
46508,0.18958436
46908,0.19854677
47008,0.15623055
47108,0.23228785
47208,0.06452843
47308,0.016471373
47608,0.048875
47708,0.059405666
47808,0.027440937
47908,0.045265637
48208,0.1235063
48608,0.09049992
48708,0.010574794
49108,0.046293546
49208,0.05366157
49608,0.017656766
49708,0.021966416
49908,0.050191015
50108,0.16617444
50308,0.06870044
50408,0.01967732
50608,0.05336866
50808,0.09656631
50908,0.04621912
51008,0.056500986
51208,0.19471608
51608,0.019958943
51808,0.10413983
52008,0.0153927235
52108,0.050621465
52508,0.0732363
52608,0.06721915
52708,0.003619043
53208,0.017001372
53308,0.019868372
53408,0.006282414
53608,0.017863506
53908,0.016002763
54108,0.36670673
54208,0.015041548
54308,0.0125381695
54408,0.055567414
54608,0.05023711
55008,0.061186235
55208,0.34133813
55408,0.041105703
55508,0.049329225
55608,0.019141357
56208,0.1124195
56508,0.031935148
56708,0.15915298
56808,0.052064657
57008,0.41262284
57108,0.2987007
57208,0.058207486
57308,0.016340058
57508,0.10261254
57908,0.059662726
58008,0.109057665
58208,0.33487353
58308,0.081677645
58508,0.27777827
58908,0.014584898
59108,0.1796776
59208,0.17741391
59508,0.60711753
59608,0.020273672
59808,0.09603185
59908,0.056112587
60408,0.32275584
60508,0.0045028045
60808,0.063641
61108,0.2814415
61308,0.13044973
61408,0.23716532
61708,0.08918284
62108,0.015309387
62408,0.04074819
62708,0.021079283
62808,0.1916204
63508,0.13465224
63608,0.041142974
63708,0.017611112
63808,0.029325394
63908,0.188339
64308,0.005326869
64408,0.028335776
9,0.010117406
109,0.011309364
409,0.015606405
609,0.04131365
709,0.019611074
1009,0.0071014273
1209,0.005994612
1709,0.040697932
2209,0.0073459353
2709,0.0067508607
2809,0.02558546
2909,0.15121226
3009,0.07421562
3109,0.0018536358
3209,0.013025142
3309,0.0366547
3409,0.0023803406
3709,0.0151893785
4009,0.013557117
4109,0.15713786
4209,0.016571507
4409,0.0884224
4709,0.024784282
4809,0.01856037
4909,0.14183302
5109,0.099824496
5209,0.05115996
5709,0.019058973
5909,0.18049194
6209,0.021386294
6309,0.03500092
6509,0.048523474
6609,0.03802667
6809,0.047709797
6909,0.016764948
7009,0.0057443297
7209,0.011027212
7409,0.030571403
7509,0.11671959
7709,0.00797665
7909,0.0049020257
8109,0.09898138
8209,0.024845531
8309,0.006356695
8409,0.14082728
8509,0.024017725
8609,0.008706648
8709,0.024499986
8909,0.086820796
9009,0.010159251
9209,0.006937341
9509,0.054495156
9809,0.07542051
9909,0.29441768
10109,0.03572562
10409,0.070013896
10509,0.016269267
10609,0.04173952
10709,0.024999648
10909,0.07482636
11209,0.013127008
11309,0.011893607
11709,0.021000527
11909,0.039769754
12109,0.11424655
12409,0.052812647
12709,0.030135255
12909,0.5954794
13009,0.11456596
13409,0.02289694
13509,0.07317527
13609,0.026320703
13709,0.017249247
13909,0.07568476
14309,0.023179788
14409,0.012777502
15409,0.08875754
15609,0.09785457
15709,0.027938906
15809,0.021681502
15909,0.0060426234
16109,0.02388977
16209,0.06528212
16309,0.0048919525
16409,0.008285408
16509,0.0029352624
16609,0.0065604905
17009,0.09291184
17109,0.0062949182
17209,0.014719381
17309,0.00417652
17409,0.013809664
17609,0.031014571
17709,0.0799731
17909,0.016629316
18009,0.01124246
18109,0.00742485
18209,0.0036682698
18409,0.0011975836
18509,0.004970539
18709,0.006307738
18809,0.008022324
19109,0.047032733
19509,0.021025106
19609,0.006111279
19709,0.015665485
19809,0.0057406304
20709,0.04114205
20809,0.1806673
20909,0.05769915
21109,0.019776268
21209,0.01634559
21409,0.24821597
21809,0.022877924
22009,0.03787154
22309,0.021398515
22409,0.019404585
22509,0.040073894
22609,0.03943168
22909,0.022829723
23009,0.008208161
23209,0.009458938
23309,0.03137554
23609,0.0069283107
23709,0.03035275
23809,0.06092501
23909,0.027338112
24109,0.021458032
24209,0.008050898
24409,0.007933511
24509,0.0042426535
24609,0.0039160857
24709,0.020264706
25309,0.026368016
25409,0.05561916
25809,0.020313594
26009,0.037984166
26109,0.058883686
26209,0.023777472
26309,0.0672686
26409,0.032102425
26609,0.19077629
26709,0.04689138
26809,0.019664535
26909,0.010955876
27009,0.007976933
27309,0.028098106
27409,0.034380145
27509,0.044933964
27909,0.01578961
28009,0.017537327
28109,0.02169505
28309,0.058069333
28409,0.07595461
29009,0.094705544
29109,0.070324
29309,0.02911112
29609,0.028831031
29709,0.09459549
29809,0.09195896
29909,0.006712134
30009,0.035643093
30109,0.09302753
30309,0.00958385
30409,0.037059106
30709,0.023090439
30809,0.041341625
31109,0.036386702
31209,0.07408379
31609,0.015655797
31709,0.056575537
31809,0.03303578
31909,0.012108242
32009,0.015757153
32109,0.005423954
32809,0.25047827
33009,0.008341755
33109,0.005363942
33509,0.065663755
33709,0.036703043
33809,0.017560108
33909,0.0016139761
34009,0.0031839935
34209,0.005229389
34309,0.0085969055
34409,0.0044210805
34509,0.004833044
34609,0.008979946
34809,0.0017327638
35009,0.01833679
35209,0.00459934
35309,0.04837753
35509,0.070528604
35609,0.020284168
35709,0.04092674
35909,0.08346729
36009,0.08259535
36109,0.010115119
36609,0.20742944
37209,0.036441147
37409,0.10056816
37509,0.06664523
37609,0.5454398
37709,0.15406859
38109,0.030655215
38209,0.025474835
38309,0.030052137
38409,0.035382945
38609,0.10549511
38809,0.09750504
39109,0.022229282
39209,0.013133182
39309,0.054435093
39409,0.04103395
39609,0.032637008
39709,0.033569872
39909,0.01057694
40009,0.005446081
40209,0.0713745
40509,0.004145774
40609,0.15900181
41809,0.046295673
42009,0.19212241
42709,0.00940424
42909,0.036285568
43609,0.06075271
44209,0.023018057
44509,0.009450647
44709,0.013572417
44909,0.21935044
45209,0.01696199
45309,0.11668092
45509,0.024604734
45609,0.03030393
46109,0.020454299
46309,0.032290712
46509,0.0071397647
46909,0.01714882
47009,0.014576627
47109,0.0061117574
47209,0.02121817
47309,0.01358787
47609,0.16206126
47709,0.10144239
47809,0.06617664
47909,0.0088822115
48209,0.040359195
48609,0.023172991
48709,0.0056587276
49109,0.04235503
49209,0.022185111
49609,0.015168474
49709,0.010161373
49909,0.006189129
50109,0.07171867
50309,0.009614657
50409,0.0063124974
50609,0.018676883
50809,0.0050168694
50909,0.006048787
51009,0.01037984
51209,0.005299443
51609,0.027596904
51809,0.010124034
52009,0.033036444
52109,0.020815723
52509,0.015459388
52609,0.15770479
52709,0.63590795
53209,0.081363454
53309,0.066204384
53409,0.2124179
53609,0.055359837
53909,0.5258493
54109,0.013095279
54209,0.043295052
54309,0.06354753
54409,0.028768556
54609,0.03359983
55009,0.029544199
55209,0.2231968
55409,0.015435513
55509,0.04398649
55609,0.010542067
56209,0.09201607
56509,0.019926397
56709,0.01159204
56809,0.024820082
57009,0.02048635
57109,0.026502164
57209,0.017875332
57309,0.0039786133
57509,0.17139862
57909,0.010475554
58009,0.04678227
58209,0.026510406
58309,0.011970727
58509,0.26403248
58909,0.055985305
59109,0.16484126
59209,0.081943
59509,0.015610183
59609,0.29480574
59809,0.07975234
59909,0.054802094
60409,0.014585932
60509,0.02210761
60809,0.0589006
61109,0.022649221
61309,0.022843193
61409,0.038458273
61709,0.09138192
62109,0.021401718
62409,0.041006774
62709,0.023790509
62809,0.0028501581
63509,0.024013283
63609,0.006067164
63709,0.011633925
63809,0.034344
63909,0.020752013
64309,0.014264621
64409,0.0063395174
10,0.049254507
110,0.04512795
410,0.1947584
610,0.30209917
710,0.04962573
1010,0.30928704
1210,0.26388943
1710,0.09434562
2210,0.31825408
2710,0.01963352
2810,0.46959585
2910,0.16017005
3010,0.51085955
3110,0.014455224
3210,0.16394684
3310,0.022288999
3410,0.3248631
3710,0.06171531
4010,0.110595755
4110,0.0014338194
4210,0.06830347
4410,0.08761444
4710,0.02741212
4810,0.04125898
4910,0.22280955
5110,0.109286785
5210,0.03195371
5710,0.051232312
5910,0.32832682
6210,0.03506754
6310,0.027101915
6510,0.12733592
6610,0.103897795
6810,0.08465911
6910,0.031553864
7010,0.04705665
7210,0.076322295
7410,0.0884646
7510,0.5246893
7710,0.055145502
7910,0.020447979
8110,0.34704182
8210,0.027601266
8310,0.103497945
8410,0.025152836
8510,0.07354897
8610,0.042449985
8710,0.08456859
8910,0.09010492
9010,0.11254843
9210,0.06367324
9510,0.37017462
9810,0.09170187
9910,0.04238143
10110,0.10884962
10410,0.0058399024
10510,0.03543548
10610,0.114801474
10710,0.016278597
10910,0.0106390035
11210,0.12556006
11310,0.01620859
11710,0.027438812
11910,0.0561305
12110,0.43570563
12410,0.51291907
12710,0.22626588
12910,0.052988876
13010,0.25567544
13410,0.1721145
13510,0.10571069
13610,0.024900513
13710,0.0074750604
13910,0.08790078
14310,0.06212849
14410,0.41520414
15410,0.4118531
15610,0.02641707
15710,0.27390656
15810,0.049768597
15910,0.08284507
16110,0.0680943
16210,0.11125948
16310,0.018393796
16410,0.03471006
16510,0.23285638
16610,0.2715727
17010,0.08280651
17110,0.30016387
17210,0.25814044
17310,0.16165297
17410,0.26806796
17610,0.24590191
17710,0.099157386
17910,0.014872436
18010,0.094351456
18110,0.068344034
18210,0.049091604
18410,0.30469456
18510,0.30542865
18710,0.025931925
18810,0.18106765
19110,0.08119527
19510,0.5776257
19610,0.0507141
19710,0.090785876
19810,0.059682664
20710,0.1489773
20810,0.45900542
20910,0.2650411
21110,0.013121066
21210,0.17061442
21410,0.01807944
21810,0.012645483
22010,0.044209037
22310,0.016759096
22410,0.16044728
22510,0.012466371
22610,0.1716776
22910,0.046750665
23010,0.13568668
23210,0.03081774
23310,0.031760816
23610,0.041080285
23710,0.18424664
23810,0.19750097
23910,0.17170385
24110,0.1070722
24210,0.107081994
24410,0.052930262
24510,0.022732843
24610,0.025550727
24710,0.2792982
25310,0.18166867
25410,0.27183348
25810,0.3149207
26010,0.16525145
26110,0.03202296
26210,0.058574367
26310,0.059342705
26410,0.20983468
26610,0.04125196
26710,0.07843693
26810,0.04022836
26910,0.08177995
27010,0.10907717
27310,0.4786618
27410,0.057219677
27510,0.044178054
27910,0.093476854
28010,0.106281854
28110,0.7320872
28310,0.1259343
28410,0.029692322
29010,0.29577255
29110,0.09399646
29310,0.03181433
29610,0.031657748
29710,0.2914013
29810,0.12234382
29910,0.03210549
30010,0.061329763
30110,0.2985763
30310,0.04878859
30410,0.052567285
30710,0.41412896
30810,0.15380241
31110,0.37852046
31210,0.059268694
31610,0.04027612
31710,0.30220348
31810,0.16047604
31910,0.0366162
32010,0.28702566
32110,0.0277618
32810,0.4602619
33010,0.19883612
33110,0.5311311
33510,0.122609854
33710,0.090441145
33810,0.23111139
33910,0.005055898
34010,0.26652706
34210,0.13467404
34310,0.15850611
34410,0.050206885
34510,0.11919099
34610,0.15634713
34810,0.26810884
35010,0.5988455
35210,0.027278775
35310,0.08215792
35510,0.3623034
35610,0.54446673
35710,0.13878672
35910,0.24734613
36010,0.1402285
36110,0.07807186
36610,0.40830085
37210,0.053273153
37410,0.3871417
37510,0.2202045
37610,0.06310607
37710,0.053944353
38110,0.040307652
38210,0.10639886
38310,0.011312017
38410,0.120217115
38610,0.044888318
38810,0.10893763
39110,0.041683692
39210,0.03839693
39310,0.12778017
39410,0.055048216
39610,0.09101519
39710,0.19601382
39910,0.11650317
40010,0.021156428
40210,0.31561953
40510,0.03775308
40610,0.22870016
41810,0.30541602
42010,0.06268208
42710,0.013617878
42910,0.062629156
43610,0.44648647
44210,0.30599543
44510,0.17149891
44710,0.05569477
44910,0.03712504
45210,0.11857886
45310,0.2544185
45510,0.03664221
45610,0.025646254
46110,0.0798062
46310,0.07066836
46510,0.34856483
46910,0.1450395
47010,0.026670529
47110,0.33100155
47210,0.13701868
47310,0.13364194
47610,0.03790077
47710,0.10958991
47810,0.12840393
47910,0.122269355
48210,0.10988838
48610,0.041581444
48710,0.15815468
49110,0.40472788
49210,0.077652685
49610,0.1158943
49710,0.039970372
49910,0.44540486
50110,0.21577209
50310,0.089064114
50410,0.07471472
50610,0.0798428
50810,0.01218918
50910,0.32442048
51010,0.17458029
51210,0.042305175
51610,0.05654155
51810,0.04118579
52010,0.13550603
52110,0.045828424
52510,0.049745016
52610,0.20315018
52710,0.072291695
53210,0.19488123
53310,0.11149354
53410,0.055538315
53610,0.12315128
53910,0.11787388
54110,0.07622788
54210,0.20165275
54310,0.236943
54410,0.0781344
54610,0.14100176
55010,0.10819524
55210,0.044449974
55410,0.024449484
55510,0.2434544
55610,0.16648526
56210,0.13680919
56510,0.32479757
56710,0.06991666
56810,0.058279697
57010,0.21986361
57110,0.15044396
57210,0.10571316
57310,0.03605491
57510,0.14666441
57910,0.1399222
58010,0.08288175
58210,0.061337836
58310,0.12498139
58510,0.046020534
58910,0.32048878
59110,0.0956702
59210,0.24893792
59510,0.0411002
59610,0.39701456
59810,0.16273744
59910,0.1340473
60410,0.19125907
60510,0.5997856
60810,0.026634056
61110,0.057089627
61310,0.3354829
61410,0.17427395
61710,0.057723537
62110,0.26897648
62410,0.015342254
62710,0.0741827
62810,0.04369518
63510,0.27900276
63610,0.038470484
63710,0.03396586
63810,0.054754417
63910,0.23350435
64310,0.5223649
64410,0.11195148
11,0.022407658
111,0.40245444
411,0.22126992
611,0.082778394
711,0.06499832
1011,0.11029743
1211,0.1757529
1711,0.023086501
2211,0.022819042
2711,0.027459161
2811,0.020800242
2911,0.118204676
3011,0.037881102
3111,0.04449982
3211,0.024521355
3311,0.011642148
3411,0.049440574
3711,0.04998069
4011,0.0037919069
4111,0.0015031947
4211,0.24158011
4411,0.03411215
4711,0.017767224
4811,0.01954782
4911,0.081292264
5111,0.033863604
5211,0.076191284
5711,0.029577713
5911,0.021368831
6211,0.027174978
6311,0.089292005
6511,0.05423242
6611,0.015096525
6811,0.022130901
6911,0.057819866
7011,0.020707808
7211,0.06929202
7411,0.16538408
7511,0.046985056
7711,0.033949755
7911,0.017952213
8111,0.07946354
8211,0.06457739
8311,0.044926204
8411,0.093252294
8511,0.011993028
8611,0.018240282
8711,0.0132830655
8911,0.010625135
9011,0.0072440393
9211,0.035632502
9511,0.05268043
9811,0.016642807
9911,0.011799736
10111,0.06045863
10411,0.011670863
10511,0.015301966
10611,0.03685958
10711,0.059767336
10911,0.04212679
11211,0.072596
11311,0.033726234
11711,0.08225298
11911,0.02198107
12111,0.031402934
12411,0.007849996
12711,0.08751757
12911,0.006728914
13011,0.062278606
13411,0.04125718
13511,0.09477167
13611,0.0045291367
13711,0.021076335
13911,0.09384944
14311,0.013640044
14411,0.0068692714
15411,0.07330666
15611,0.033918437
15711,0.01268085
15811,0.02759511
15911,0.025862891
16111,0.09755482
16211,0.10923234
16311,0.27262914
16411,0.1447602
16511,0.3271769
16611,0.21771206
17011,0.037670236
17111,0.062372867
17211,0.16971226
17311,0.11873652
17411,0.35482207
17611,0.03434412
17711,0.016234888
17911,0.023967344
18011,0.011636885
18111,0.10613215
18211,0.028106602
18411,0.0068405084
18511,0.01327135
18711,0.11980768
18811,0.026094528
19111,0.021711
19511,0.025794897
19611,0.02902744
19711,0.015511319
19811,0.059065897
20711,0.07818364
20811,0.01745143
20911,0.14253944
21111,0.21854366
21211,0.083536044
21411,0.0035160424
21811,0.037661392
22011,0.037756618
22311,0.078789465
22411,0.026494779
22511,0.027100574
22611,0.0797867
22911,0.06310319
23011,0.08026907
23211,0.11497513
23311,0.07825618
23611,0.03769374
23711,0.1911167
23811,0.054577254
23911,0.039562628
24111,0.041802295
24211,0.16647552
24411,0.0071806945
24511,0.035333
24611,0.012478191
24711,0.016786855
25311,0.2081554
25411,0.07014217
25811,0.004123219
26011,0.007125378
26111,0.018592753
26211,0.04384579
26311,0.011291008
26411,0.01708577
26611,0.08008292
26711,0.069759816
26811,0.13574077
26911,0.02653141
27011,0.036026336
27311,0.025310053
27411,0.31484997
27511,0.18656659
27911,0.11635453
28011,0.21309938
28111,0.006965863
28311,0.05055523
28411,0.041034095
29011,0.026725728
29111,0.024450777
29311,0.016162938
29611,0.07698715
29711,0.026989534
29811,0.02462927
29911,0.003993694
30011,0.027854694
30111,0.025748912
30311,0.034833115
30411,0.007061527
30711,0.019757627
30811,0.06910593
31111,0.037173964
31211,0.013410127
31611,0.090539165
31711,0.011648245
31811,0.04917366
31911,0.017781151
32011,0.021126864
32111,0.04397179
32811,0.022475163
33011,0.12075045
33111,0.13256563
33511,0.15101647
33711,0.022014422
33811,0.02496104
33911,0.007764365
34011,0.05130191
34211,0.005635863
34311,0.0087518515
34411,0.030491462
34511,0.007273957
34611,0.029078338
34811,0.0107529545
35011,0.04865221
35211,0.027724922
35311,0.03170212
35511,0.023848997
35611,0.013256711
35711,0.008204945
35911,0.028862162
36011,0.032294642
36111,0.033948023
36611,0.017094804
37211,0.018330134
37411,0.08330113
37511,0.07229524
37611,0.0029051527
37711,0.038753144
38111,0.042336017
38211,0.0127487155
38311,0.01485921
38411,0.06331907
38611,0.037180465
38811,0.00923897
39111,0.050066866
39211,0.028468989
39311,0.13948476
39411,0.06914461
39611,0.032460406
39711,0.21067117
39911,0.039633147
40011,0.021774037
40211,0.035560478
40511,0.027620861
40611,0.03619754
41811,0.048414905
42011,0.029763564
42711,0.06528693
42911,0.05805443
43611,0.05100858
44211,0.06253923
44511,0.10433828
44711,0.2048232
44911,0.0037138439
45211,0.110983305
45311,0.09578726
45511,0.065987766
45611,0.014302599
46111,0.0036505116
46311,0.0727253
46511,0.0070659756
46911,0.04231467
47011,0.047483154
47111,0.004361562
47211,0.11293629
47311,0.087425806
47611,0.031625737
47711,0.06305126
47811,0.013358588
47911,0.05466921
48211,0.09927995
48611,0.15182173
48711,0.35515186
49111,0.013293994
49211,0.0647078
49611,0.2164249
49711,0.3132862
49911,0.01976988
50111,0.050427865
50311,0.04366091
50411,0.15141538
50611,0.016506283
50811,0.050896816
50911,0.008314925
51011,0.016917864
51211,0.010873889
51611,0.025432803
51811,0.031958535
52011,0.03910813
52111,0.2705338
52511,0.078127116
52611,0.025262559
52711,0.0006062655
53211,0.10259224
53311,0.061083008
53411,0.0067343856
53611,0.05139022
53911,0.002505503
54111,0.0059191
54211,0.023969587
54311,0.029932607
54411,0.010566071
54611,0.055960543
55011,0.028271751
55211,0.01800294
55411,0.05466993
55511,0.07238735
55611,0.19068252
56211,0.13523458
56511,0.06814023
56711,0.015505167
56811,0.06004642
57011,0.0034895446
57111,0.011549862
57211,0.040787734
57311,0.10373916
57511,0.03651518
57911,0.014639677
58011,0.016197214
58211,0.031045612
58311,0.024415035
58511,0.035054203
58911,0.036264215
59111,0.036726523
59211,0.029201431
59511,0.021146469
59611,0.02551465
59811,0.03694022
59911,0.05862135
60411,0.005030427
60511,0.04813739
60811,0.058137197
61111,0.03136951
61311,0.018837908
61411,0.030377483
61711,0.023792364
62111,0.02910181
62411,0.03567338
62711,0.01357745
62811,0.0071027246
63511,0.03656319
63611,0.019438198
63711,0.103569694
63811,0.036450196
63911,0.017246297
64311,0.052085515
64411,0.031165596
12,0.037552353
112,0.042547822
412,0.018850101
612,0.010357085
712,0.004780022
1012,0.0053755254
1212,0.0055463496
1712,0.020055132
2212,0.0053023705
2712,0.009249425
2812,0.0033090566
2912,0.010059011
3012,0.004655514
3112,0.008045889
3212,0.011356756
3312,0.009687773
3412,0.0021434417
3712,0.0070133
4012,0.003347374
4112,0.49984023
4212,0.0095778555
4412,0.010103806
4712,0.020384206
4812,0.0060295905
4912,0.024634179
5112,0.026694912
5212,0.017149461
5712,0.011171653
5912,0.018639604
6212,0.07532956
6312,0.023753319
6512,0.007988335
6612,0.0106067555
6812,0.020106317
6912,0.11941875
7012,0.0048779324
7212,0.027557848
7412,0.06343483
7512,0.016063847
7712,0.0061027687
7912,0.005797443
8112,0.002269369
8212,0.0069508576
8312,0.006150955
8412,0.01217853
8512,0.0030325684
8612,0.0061743828
8712,0.0046666693
8912,0.0018231751
9012,0.004967496
9212,0.004907503
9512,0.012555608
9812,0.007220104
9912,0.00572604
10112,0.010652403
10412,0.009600634
10512,0.0058138845
10612,0.022585679
10712,0.04315777
10912,0.034016773
11212,0.0025201037
11312,0.020695811
11712,0.1518554
11912,0.0042989273
12112,0.009428672
12412,0.004065239
12712,0.016295828
12912,0.004582638
13012,0.040626664
13412,0.0044570654
13512,0.009405841
13612,0.012015487
13712,0.014173887
13912,0.0546134
14312,0.006245697
14412,0.008533822
15412,0.0048885075
15612,0.018167866
15712,0.0072576813
15812,0.0089256065
15912,0.0053909887
16112,0.017403971
16212,0.012713089
16312,0.02769386
16412,0.07550767
16512,0.005791227
16612,0.0029151854
17012,0.0043211416
17112,0.009743979
17212,0.010439511
17312,0.009971029
17412,0.015555654
17612,0.012908314
17712,0.0029090643
17912,0.02406964
18012,0.016479652
18112,0.014054305
18212,0.008205595
18412,0.0034229413
18512,0.0056321896
18712,0.013262737
18812,0.006123701
19112,0.0032855743
19512,0.0023147303
19612,0.0047472795
19712,0.006728605
19812,0.010111804
20712,0.01720392
20812,0.024269572
20912,0.012309319
21112,0.02025753
21212,0.026616184
21412,0.021653565
21812,0.032374334
22012,0.017460685
22312,0.027656097
22412,0.010251299
22512,0.0065541533
22612,0.016203275
22912,0.22754094
23012,0.023811923
23212,0.037238136
23312,0.08305983
23612,0.005732067
23712,0.008796646
23812,0.014634554
23912,0.0023825925
24112,0.006333139
24212,0.009667257
24412,0.006226799
24512,0.005664983
24612,0.00968536
24712,0.0030339237
25312,0.015262409
25412,0.03788887
25812,0.0015424928
26012,0.00216077
26112,0.003282395
26212,0.030094786
26312,0.008094336
26412,0.012378185
26612,0.0047124024
26712,0.04654407
26812,0.04808674
26912,0.00516132
27012,0.0049169497
27312,0.011137445
27412,0.020040862
27512,0.06548465
27912,0.009573946
28012,0.0096410215
28112,0.006163948
28312,0.014737912
28412,0.024500655
29012,0.0077611706
29112,0.010331547
29312,0.0072091916
29612,0.032336466
29712,0.06529516
29812,0.002982431
29912,0.0019027997
30012,0.013314557
30112,0.005268752
30312,0.008046184
30412,0.011555465
30712,0.00620191
30812,0.02859797
31112,0.0085620675
31212,0.0068950513
31612,0.010012321
31712,0.008735566
31812,0.0073485584
31912,0.010215989
32012,0.0050823656
32112,0.048606034
32812,0.0028449525
33012,0.018896129
33112,0.005268591
33512,0.0051280875
33712,0.018993765
33812,0.024765214
33912,0.010529021
34012,0.0019438264
34212,0.012672843
34312,0.005159827
34412,0.0056398427
34512,0.0072519933
34612,0.004430916
34812,0.013881846
35012,0.0037601807
35212,0.011990317
35312,0.08206869
35512,0.0025468445
35612,0.0020924883
35712,0.004647494
35912,0.019516967
36012,0.016416393
36112,0.005620497
36612,0.012405634
37212,0.015507854
37412,0.01656092
37512,0.0131959375
37612,0.0073376643
37712,0.008238838
38112,0.0071035656
38212,0.008030684
38312,0.0144103635
38412,0.007217972
38612,0.007423315
38812,0.010607255
39112,0.004191198
39212,0.25967014
39312,0.07542545
39412,0.013852882
39612,0.022145042
39712,0.01114426
39912,0.005882812
40012,0.0069996654
40212,0.0034121205
40512,0.012934293
40612,0.0070261
41812,0.004574798
42012,0.02938728
42712,0.025071613
42912,0.02447863
43612,0.008524107
44212,0.0036209875
44512,0.008507712
44712,0.012496353
44912,0.014634183
45212,0.013338673
45312,0.031092754
45512,0.021504477
45612,0.010317782
46112,0.004227582
46312,0.010790808
46512,0.005053748
46912,0.009518005
47012,0.0067684413
47112,0.0022555785
47212,0.00994606
47312,0.0066490322
47612,0.043351714
47712,0.012678261
47812,0.005940159
47912,0.006790202
48212,0.010969924
48612,0.02260235
48712,0.007454253
49112,0.0034620191
49212,0.007439165
49612,0.017293872
49712,0.02752076
49912,0.003963281
50112,0.015093842
50312,0.008083457
50412,0.00699307
50612,0.049936097
50812,0.017009342
50912,0.003833732
51012,0.0052124215
51212,0.019547887
51612,0.097264625
51812,0.0068662725
52012,0.010019546
52112,0.0061217193
52512,0.008653095
52612,0.017405728
52712,0.01597281
53212,0.010932992
53312,0.08592427
53412,0.15442666
53612,0.02103054
53912,0.005971156
54112,0.003293338
54212,0.0244462
54312,0.012101147
54412,0.011449746
54612,0.018790603
55012,0.012134212
55212,0.012853306
55412,0.039281573
55512,0.03592789
55612,0.021705583
56212,0.0058953017
56512,0.0022926908
56712,0.009108459
56812,0.020922825
57012,0.004147006
57112,0.0037116017
57212,0.0067417803
57312,0.02468575
57512,0.008574497
57912,0.010869737
58012,0.0066610365
58212,0.006362396
58312,0.012957709
58512,0.0059342436
58912,0.018703101
59112,0.008255641
59212,0.010080443
59512,0.004061918
59612,0.018226955
59812,0.032587904
59912,0.009661733
60412,0.0059553217
60512,0.0066661243
60812,0.008859897
61112,0.017331094
61312,0.0074121533
61412,0.009572138
61712,0.011257948
62112,0.013349819
62412,0.019427847
62712,0.010018781
62812,0.0063722963
63512,0.00660578
63612,0.04048366
63712,0.015363579
63812,0.0047233026
63912,0.003494296
64312,0.0027931088
64412,0.017804464
13,0.016705016
113,0.011927594
413,0.011609035
613,0.020283874
713,0.010717627
1013,0.0042969584
1213,0.0029114983
1713,0.010574568
2213,0.0049846093
2713,0.0037660748
2813,0.026299128
2913,0.018377533
3013,0.018563844
3113,0.0034247683
3213,0.015137244
3313,0.01631418
3413,0.0018044426
3713,0.022179842
4013,0.007142273
4113,0.0005884165
4213,0.016216489
4413,0.014202909
4713,0.00593679
4813,0.049984694
4913,0.033205356
5113,0.025988875
5213,0.041011
5713,0.020604493
5913,0.025622705
6213,0.025777489
6313,0.011789551
6513,0.04025738
6613,0.08536029
6813,0.082172684
6913,0.008845087
7013,0.006084236
7213,0.009774872
7413,0.021079283
7513,0.021671917
7713,0.005651256
7913,0.007083264
8113,0.008688376
8213,0.007025191
8313,0.0068320255
8413,0.032404676
8513,0.008800013
8613,0.0076698265
8713,0.019693352
8913,0.014827519
9013,0.014022615
9213,0.004592915
9513,0.040909845
9813,0.032632645
9913,0.021474617
10113,0.016180739
10413,0.023884097
10513,0.011076529
10613,0.017116698
10713,0.016791094
10913,0.02447803
11213,0.005903658
11313,0.0068495707
11713,0.019998636
11913,0.03743635
12113,0.013790293
12413,0.009855476
12713,0.018894939
12913,0.018611794
13013,0.018619075
13413,0.03563368
13513,0.054607205
13613,0.05038399
13713,0.032386117
13913,0.024246303
14313,0.10610406
14413,0.007608389
15413,0.027656382
15613,0.028001567
15713,0.005561835
15813,0.018937435
15913,0.0048482404
16113,0.033488672
16213,0.032002337
16313,0.0033461351
16413,0.017371286
16513,0.001957871
16613,0.0037434916
17013,0.020989107
17113,0.006390501
17213,0.006465577
17313,0.002685061
17413,0.005110763
17613,0.01577331
17713,0.057743914
17913,0.028896084
18013,0.012034135
18113,0.0035389056
18213,0.0029977285
18413,0.0015245307
18513,0.005551577
18713,0.0037618016
18813,0.0059861317
19113,0.19083892
19513,0.0085996725
19613,0.0041833073
19713,0.04742928
19813,0.009425067
20713,0.010057372
20813,0.010789084
20913,0.037807137
21113,0.017654818
21213,0.008594199
21413,0.010228984
21813,0.029037086
22013,0.10238826
22313,0.030570371
22413,0.058546644
22513,0.04020491
22613,0.013666156
22913,0.0109216925
23013,0.004808172
23213,0.04038953
23313,0.057720035
23613,0.007814906
23713,0.013234592
23813,0.019742658
23913,0.0093994485
24113,0.009115559
24213,0.0055262093
24413,0.007836441
24513,0.0052712886
24613,0.0078058047
24713,0.00666027
25313,0.008603642
25413,0.01837732
25813,0.0067693
26013,0.25478917
26113,0.013589328
26213,0.047266185
26313,0.029788535
26413,0.00530338
26613,0.03003953
26713,0.021149123
26813,0.014280491
26913,0.010846613
27013,0.0058389665
27313,0.034825742
27413,0.013952801
27513,0.015286863
27913,0.008644101
28013,0.0075629074
28113,0.0025153058
28313,0.026580436
28413,0.028853372
29013,0.018147629
29113,0.049548868
29313,0.07483736
29613,0.021259626
29713,0.02223391
29813,0.080027126
29913,0.26923853
30013,0.032890778
30113,0.03452194
30313,0.07970019
30413,0.0950301
30713,0.02208535
30813,0.034048762
31113,0.017301682
31213,0.052383572
31613,0.013243479
31713,0.018173771
31813,0.034848433
31913,0.022839481
32013,0.070872694
32113,0.070337564
32813,0.008084132
33013,0.0059522106
33113,0.0031962248
33513,0.01388047
33713,0.020558335
33813,0.005894756
33913,0.0034123226
34013,0.0027084004
34213,0.0046961447
34313,0.006459405
34413,0.0046213223
34513,0.0055775032
34613,0.005030745
34813,0.0013566815
35013,0.0057775183
35213,0.00607722
35313,0.014394753
35513,0.04585468
35613,0.010943475
35713,0.14990057
35913,0.020988591
36013,0.046104528
36113,0.018394781
36613,0.026139116
37213,0.10308586
37413,0.010323825
37513,0.013588783
37613,0.0103346
37713,0.035711683
38113,0.052488837
38213,0.09062241
38313,0.027302375
38413,0.034385856
38613,0.04789953
38813,0.14517367
39113,0.01108982
39213,0.007906104
39313,0.011992339
39413,0.017887853
39613,0.040448412
39713,0.03327137
39913,0.008774296
40013,0.0052973
40213,0.012968707
40513,0.0059012044
40613,0.025476705
41813,0.070224084
42013,0.025135346
42713,0.020463122
42913,0.017902108
43613,0.012559764
44213,0.015950186
44513,0.005092289
44713,0.0117304465
44913,0.10057385
45213,0.016699942
45313,0.018179795
45513,0.03738158
45613,0.023858583
46113,0.27663743
46313,0.04521223
46513,0.015718687
46913,0.0126178665
47013,0.0071186414
47113,0.010825636
47213,0.022231711
47313,0.030989908
47613,0.04535236
47713,0.024167966
47813,0.05259335
47913,0.004276201
48213,0.026483469
48613,0.07007443
48713,0.003053173
49113,0.05620686
49213,0.058058582
49613,0.0065632863
49713,0.0036734105
49913,0.019551015
50113,0.015452728
50313,0.004393083
50413,0.0035317
50613,0.011784618
50813,0.004108522
50913,0.0058951834
51013,0.008083232
51213,0.0047009946
51613,0.0153714605
51813,0.010708133
52013,0.016933845
52113,0.012994315
52513,0.018794114
52613,0.014525182
52713,0.007209754
53213,0.016316518
53313,0.015355757
53413,0.0058632856
53613,0.041799545
53913,0.05870022
54113,0.045441
54213,0.014503125
54313,0.011901683
54413,0.06627773
54613,0.06652311
55013,0.06775212
55213,0.013214296
55413,0.008318868
55513,0.023265721
55613,0.016153414
56213,0.01771763
56513,0.009654797
56713,0.023664245
56813,0.030130573
57013,0.008151963
57113,0.0177156
57213,0.0052345376
57313,0.0043336484
57513,0.031319562
57913,0.07369468
58013,0.012561997
58213,0.012082204
58313,0.0132415565
58513,0.010346204
58913,0.0119023025
59113,0.04185208
59213,0.014252449
59513,0.0057717813
59613,0.009510498
59813,0.05093108
59913,0.026853643
60413,0.011917247
60513,0.0068575772
60813,0.07031458
61113,0.026271982
61313,0.022842005
61413,0.030922852
61713,0.17388843
62113,0.013098403
62413,0.07641297
62713,0.021266913
62813,0.017071763
63513,0.024424473
63613,0.011463805
63713,0.015916824
63813,0.055498067
63913,0.008206259
64313,0.017675148
64413,0.024342978
14,0.028132847
114,0.012951289
414,0.018069845
614,0.036835745
714,0.008032946
1014,0.0034198603
1214,0.0019220507
1714,0.027443346
2214,0.005078033
2714,0.00080205733
2814,0.059273448
2914,0.030560754
3014,0.015975691
3114,0.0011787011
3214,0.023328567
3314,0.013646024
3414,0.0020027414
3714,0.010611473
4014,0.016822904
4114,0.00037150495
4214,0.027451715
4414,0.019812372
4714,0.016809545
4814,0.042477943
4914,0.04249146
5114,0.013877583
5214,0.06423043
5714,0.024291003
5914,0.02671999
6214,0.05713348
6314,0.008097987
6514,0.061069228
6614,0.1690966
6814,0.12689921
6914,0.009558275
7014,0.0034040357
7214,0.015384021
7414,0.044213973
7514,0.008394912
7714,0.0024307417
7914,0.0020183125
8114,0.0168599
8214,0.0027216861
8314,0.005115053
8414,0.046292827
8514,0.010947327
8614,0.003973566
8714,0.025893098
8914,0.025203979
9014,0.011436163
9214,0.002177411
9514,0.029565593
9814,0.06614635
9914,0.044101737
10114,0.021475354
10414,0.021526989
10514,0.0062010363
10614,0.059085913
10714,0.06907751
10914,0.044074565
11214,0.005311747
11314,0.0027109494
11714,0.027788324
11914,0.032422226
12114,0.036368575
12414,0.02408462
12714,0.03515929
12914,0.009966285
13014,0.033941347
13414,0.027028546
13514,0.04251957
13614,0.05975156
13714,0.0683875
13914,0.035951167
14314,0.10802541
14414,0.15456165
15414,0.02237795
15614,0.021230638
15714,0.019195264
15814,0.015954815
15914,0.0027710313
16114,0.028648717
16214,0.021726588
16314,0.0018391672
16414,0.016316306
16514,0.0016943242
16614,0.002615832
17014,0.01301793
17114,0.005809816
17214,0.0035491118
17314,0.0014685174
17414,0.0077205403
17614,0.021537127
17714,0.06566585
17914,0.023880206
18014,0.046914376
18114,0.0018939975
18214,0.001213572
18414,0.0039912225
18514,0.006867254
18714,0.0010169654
18814,0.011141498
19114,0.13963675
19514,0.008635517
19614,0.001808354
19714,0.025874725
19814,0.0038356131
20714,0.034763142
20814,0.010448675
20914,0.032436527
21114,0.015470283
21214,0.0067459573
21414,0.011539516
21814,0.03780013
22014,0.23587036
22314,0.09391084
22414,0.10404002
22514,0.056042932
22614,0.02943883
22914,0.017817726
23014,0.004240333
23214,0.18284418
23314,0.09793608
23614,0.0031031633
23714,0.022893783
23814,0.017471785
23914,0.012501698
24114,0.0067050084
24214,0.0056614312
24414,0.0068331156
24514,0.002993267
24614,0.0036832595
24714,0.008030275
25314,0.013296738
25414,0.0240187
25814,0.17323807
26014,0.19379106
26114,0.0066671683
26214,0.23959814
26314,0.017420923
26414,0.013575778
26614,0.034203805
26714,0.02096414
26814,0.011771138
26914,0.008021241
27014,0.0040217447
27314,0.07820466
27414,0.02241904
27514,0.009446683
27914,0.005507424
28014,0.0050157313
28114,0.02751896
28314,0.028243672
28414,0.024210606
29014,0.06460964
29114,0.05994091
29314,0.0787606
29614,0.08675123
29714,0.03693574
29814,0.08318733
29914,0.50133246
30014,0.0519811
30114,0.10004104
30314,0.12514655
30414,0.089318275
30714,0.1016435
30814,0.06733487
31114,0.052725933
31214,0.05112956
31614,0.013172739
31714,0.097929664
31814,0.038433652
31914,0.01612456
32014,0.17948298
32114,0.13753377
32814,0.00811873
33014,0.006073403
33114,0.005354221
33514,0.017771613
33714,0.02363926
33814,0.025336582
33914,0.0011756778
34014,0.0016003728
34214,0.01152628
34314,0.014808315
34414,0.0015883454
34514,0.012044144
34614,0.0024646749
34814,0.009315936
35014,0.0064474116
35214,0.003794443
35314,0.05599973
35514,0.040897835
35614,0.012261892
35714,0.12344679
35914,0.02194361
36014,0.1368186
36114,0.024964605
36614,0.016325865
37214,0.06355092
37414,0.012055236
37514,0.017849565
37614,0.011791641
37714,0.028228102
38114,0.0466037
38214,0.16091233
38314,0.044385515
38414,0.02172038
38614,0.037122797
38814,0.117725715
39114,0.007889694
39214,0.018183945
39314,0.022397012
39414,0.013844588
39614,0.027660266
39714,0.038121372
39914,0.00892563
40014,0.002964218
40214,0.02246695
40514,0.0059351954
40614,0.04625155
41814,0.052882086
42014,0.110467605
42714,0.019240368
42914,0.0698224
43614,0.025295872
44214,0.024391796
44514,0.0032862143
44714,0.0104163
44914,0.035398446
45214,0.0367902
45314,0.013560774
45514,0.047053017
45614,0.044644155
46114,0.4289986
46314,0.04876867
46514,0.19232179
46914,0.02475634
47014,0.0023765357
47114,0.25649524
47214,0.017277362
47314,0.023190944
47614,0.05748582
47714,0.011764981
47814,0.021933755
47914,0.0031980416
48214,0.023556475
48614,0.045150746
48714,0.002412564
49114,0.054090183
49214,0.06267027
49614,0.007969126
49714,0.001564902
49914,0.05659874
50114,0.024267724
50314,0.0023972807
50414,0.0013127921
50614,0.036021978
50814,0.00086718745
50914,0.0106126545
51014,0.0054590506
51214,0.006612908
51614,0.020660618
51814,0.0073798164
52014,0.023272827
52114,0.010252983
52514,0.011737273
52614,0.055865895
52714,0.003404109
53214,0.01638354
53314,0.038210597
53414,0.0072197444
53614,0.02581168
53914,0.01079912
54114,0.13898978
54214,0.026573315
54314,0.013372559
54414,0.05512811
54614,0.2906285
55014,0.057333272
55214,0.0118602775
55414,0.003165325
55514,0.09836798
55614,0.044156905
56214,0.01915255
56514,0.013382851
56714,0.022215927
56814,0.05671168
57014,0.07296418
57114,0.021403283
57214,0.0058593545
57314,0.004883873
57514,0.04556805
57914,0.082222104
58014,0.0131982295
58214,0.0164952
58314,0.007813219
58514,0.011070409
58914,0.024671558
59114,0.049241006
59214,0.041790202
59514,0.008704634
59614,0.009977359
59814,0.10191783
59914,0.015201823
60414,0.09721159
60514,0.010350318
60814,0.078905515
61114,0.014520283
61314,0.12703788
61414,0.06546746
61714,0.12753479
62114,0.040517163
62414,0.13515784
62714,0.021271149
62814,0.013499411
63514,0.034841463
63614,0.025676806
63714,0.012282089
63814,0.057474006
63914,0.019864988
64314,0.010825727
64414,0.03431428
15,0.051499434
115,0.00691106
415,0.0023925058
615,0.01767059
715,0.020909632
1015,0.014576983
1215,0.006089617
1715,0.08025176
2215,0.011970865
2715,0.0013007896
2815,0.016307782
2915,0.0037044466
3015,0.023306496
3115,0.0022469962
3215,0.023103036
3315,0.0053466638
3415,0.0041532884
3715,0.1121848
4015,0.006926236
4115,8.933333e-05
4215,0.0025004016
4415,0.038504865
4715,0.0071992935
4815,0.003118897
4915,0.009826867
5115,0.0122924065
5215,0.013440868
5715,0.007800549
5915,0.0039735693
6215,0.016226348
6315,0.023407962
6515,0.00542213
6615,0.020773932
6815,0.012060015
6915,0.0071429624
7015,0.0026070054
7215,0.00239515
7415,0.008801966
7515,0.0027897214
7715,0.003903115
7915,0.003569348
8115,0.010755876
8215,0.022252822
8315,0.056341443
8415,0.018729188
8515,0.0032735423
8615,0.013088491
8715,0.010564536
8915,0.004511902
9015,0.010159062
9215,0.019108877
9515,0.015164417
9815,0.033995528
9915,0.05583616
10115,0.023952566
10415,0.009937706
10515,0.009509987
10615,0.0043119993
10715,0.024683803
10915,0.023871051
11215,0.012205241
11315,0.0028327543
11715,0.004754857
11915,0.01936902
12115,0.008131603
12415,0.002596726
12715,0.011050905
12915,0.0038563446
13015,0.010848707
13415,0.0606997
13515,0.006420769
13615,0.014827103
13715,0.017677322
13915,0.006963374
14315,0.02404663
14415,0.005969948
15415,0.0131378835
15615,0.018896377
15715,0.0027189234
15815,0.007860507
15915,0.0057403827
16115,0.052159343
16215,0.032629307
16315,0.016858954
16415,0.022731004
16515,0.00066877145
16615,0.016384171
17015,0.019336402
17115,0.014608951
17215,0.015393236
17315,0.008233147
17415,0.0024206408
17615,0.06521079
17715,0.006050704
17915,0.014433502
18015,0.0159235
18115,0.00599882
18215,0.0016078022
18415,0.002025231
18515,0.009218978
18715,0.0042989505
18815,0.01222424
19115,0.013297332
19515,0.028511439
19615,0.007208291
19715,0.07856688
19815,0.05814886
20715,0.003432669
20815,0.0074299863
20915,0.010951053
21115,0.010120864
21215,0.0044759004
21415,0.00481263
21815,0.018006833
22015,0.017238302
22315,0.019907655
22415,0.023321237
22515,0.013950752
22615,0.007953978
22915,0.004911332
23015,0.0014971598
23215,0.022153836
23315,0.026131345
23615,0.015159394
23715,0.004720147
23815,0.0035925529
23915,0.00627275
24115,0.013113445
24215,0.015597993
24415,0.009530505
24515,0.007865658
24615,0.0023328487
24715,0.018529076
25315,0.0018143323
25415,0.01146106
25815,0.0060013197
26015,0.042320758
26115,0.008825863
26215,0.011460793
26315,0.0072265845
26415,0.0033295553
26615,0.015439588
26715,0.05225022
26815,0.005618828
26915,0.007115296
27015,0.0188465
27315,0.016312927
27415,0.0036212304
27515,0.008418911
27915,0.01756489
28015,0.020635447
28115,0.0029924167
28315,0.0481457
28415,0.01306523
29015,0.028218495
29115,0.023042023
29315,0.014450496
29615,0.0035796377
29715,0.010826246
29815,0.030190004
29915,0.005610594
30015,0.023492768
30115,0.01102378
30315,0.014549446
30415,0.010020876
30715,0.0128847705
30815,0.010039276
31115,0.010835873
31215,0.013926686
31615,0.0058890814
31715,0.027683327
31815,0.0342744
31915,0.0064094225
32015,0.012343424
32115,0.053176496
32815,0.011051523
33015,0.006858461
33115,0.010126217
33515,0.021062048
33715,0.04024517
33815,0.012875579
33915,0.0005703548
34015,0.0042023547
34215,0.003918767
34315,0.0037876156
34415,0.0037121733
34515,0.0029188248
34615,0.032065064
34815,0.0012399062
35015,0.0027454623
35215,0.0021492187
35315,0.023899788
35515,0.045061722
35615,0.049961846
35715,0.17863165
35915,0.06379853
36015,0.02221749
36115,0.015185804
36615,0.014944601
37215,0.0042665065
37415,0.005998865
37515,0.0057356055
37615,0.005081675
37715,0.008228848
38115,0.013026819
38215,0.01698557
38315,0.014942067
38415,0.010271658
38615,0.008705779
38815,0.006312988
39115,0.0059371423
39215,0.008675939
39315,0.007731029
39415,0.01820354
39615,0.3101705
39715,0.0016965658
39915,0.0033990785
40015,0.0039076027
40215,0.009444196
40515,0.005684957
40615,0.017015476
41815,0.02307951
42015,0.037155423
42715,0.0035439213
42915,0.0038584878
43615,0.0074222973
44215,0.023885567
44515,0.032842625
44715,0.01737858
44915,0.00737052
45215,0.0032750496
45315,0.0073180236
45515,0.16588745
45615,0.0436659
46115,0.005566055
46315,0.02500587
46515,0.0037106462
46915,0.004394774
47015,0.007718422
47115,0.0041048434
47215,0.028099021
47315,0.03633124
47615,0.007451606
47715,0.008075287
47815,0.013167314
47915,0.0066705495
48215,0.052185945
48615,0.016422285
48715,0.0008712532
49115,0.056790687
49215,0.0069627273
49615,0.009727688
49715,0.0042121443
49915,0.022609873
50115,0.04802658
50315,0.004043242
50415,0.00879204
50615,0.009228903
50815,0.0023359866
50915,0.011608065
51015,0.035857588
51215,0.0015837593
51615,0.009613545
51815,0.019874908
52015,0.025121678
52115,0.010237786
52515,0.011737486
52615,0.011175237
52715,0.0010128086
53215,0.004457179
53315,0.004939797
53415,0.0011090653
53615,0.0049575036
53915,0.0041366317
54115,0.007178437
54215,0.0063609583
54315,0.0029961965
54415,0.02461989
54615,0.0047185067
55015,0.0048792334
55215,0.008228281
55415,0.006519095
55515,0.006282092
55615,0.005415912
56215,0.012393475
56515,0.03413987
56715,0.019809233
56815,0.014309178
57015,0.002386747
57115,0.010361318
57215,0.008717983
57315,0.0018315327
57515,0.061458893
57915,0.15036273
58015,0.1684961
58215,0.009613379
58315,0.011759823
58515,0.066308714
58915,0.0035032316
59115,0.015964871
59215,0.010806468
59515,0.0015959798
59615,0.008670942
59815,0.058531847
59915,0.0077030533
60415,0.011587625
60515,0.008016521
60815,0.021439008
61115,0.008381724
61315,0.0116696255
61415,0.009785463
61715,0.0046385247
62115,0.0060681943
62415,0.028384635
62715,0.006842074
62815,0.004624342
63515,0.07899256
63615,0.010085546
63715,0.009656345
63815,0.026528472
63915,0.0044056093
64315,0.016556405
64415,0.02468198
16,0.006893677
116,0.012524369
416,0.029276086
616,0.0371905
716,0.007946673
1016,0.0039124363
1216,0.005091121
1716,0.015959213
2216,0.0023791888
2716,0.00075733964
2816,0.015388053
2916,0.037451908
3016,0.025707439
3116,0.000589556
3216,0.009014224
3316,0.0041890712
3416,0.0011981438
3716,0.0093065305
4016,0.0028262031
4116,0.00015843131
4216,0.03884176
4416,0.016053746
4716,0.0044531636
4816,0.004619403
4916,0.1035447
5116,0.020404581
5216,0.08481908
5716,0.0066384557
5916,0.023233715
6216,0.015924418
6316,0.009312441
6516,0.029530302
6616,0.03432605
6816,0.04045125
6916,0.0058980635
7016,0.001587239
7216,0.00954561
7416,0.026048947
7516,0.022842754
7716,0.0015324568
7916,0.0009176032
8116,0.03375847
8216,0.0060523776
8316,0.0039450577
8416,0.034061655
8516,0.0030773294
8616,0.0019726262
8716,0.007560181
8916,0.0075378343
9016,0.002298324
9216,0.0019313424
9516,0.051923875
9816,0.011933681
9916,0.023632478
10116,0.021302838
10416,0.0055712275
10516,0.0024028474
10616,0.023502821
10716,0.049902588
10916,0.02316488
11216,0.0053781644
11316,0.0018760352
11716,0.019848106
11916,0.009118975
12116,0.026265299
12416,0.006961257
12716,0.028275287
12916,0.013324794
13016,0.050047703
13416,0.026868526
13516,0.022828028
13616,0.006155617
13716,0.007150641
13916,0.053361457
14316,0.02036832
14416,0.004622687
15416,0.06499624
15616,0.029516097
15716,0.004922546
15816,0.0064627905
15916,0.0013536435
16116,0.025468852
16216,0.05619332
16316,0.0022507478
16416,0.0074330964
16516,0.0043965243
16616,0.008341297
17016,0.021417715
17116,0.0035686768
17216,0.009203232
17316,0.001700237
17416,0.014394359
17616,0.03355547
17716,0.009521636
17916,0.006333411
18016,0.006560206
18116,0.0024350996
18216,0.00055224524
18416,0.00039982988
18516,0.0013021483
18716,0.0020526932
18816,0.0040122927
19116,0.023511898
19516,0.0100411335
19616,0.0015422909
19716,0.008648388
19816,0.0036634002
20716,0.018219573
20816,0.035780836
20916,0.16226584
21116,0.017949736
21216,0.009311541
21416,0.0047760815
21816,0.012858384
22016,0.011111246
22316,0.08904551
22416,0.02488753
22516,0.014697063
22616,0.030608153
22916,0.014514493
23016,0.0032558413
23216,0.027653687
23316,0.07645761
23616,0.0022523906
23716,0.032904837
23816,0.013067332
23916,0.008099729
24116,0.006218432
24216,0.008625378
24416,0.0012512406
24516,0.0018432366
24616,0.00097144244
24716,0.0036690373
25316,0.031594627
25416,0.03285009
25816,0.005521872
26016,0.046686575
26116,0.005391069
26216,0.017277047
26316,0.0056317677
26416,0.008168762
26616,0.056820735
26716,0.027525712
26816,0.011030878
26916,0.0034109296
27016,0.0023956788
27316,0.035603236
27416,0.021081798
27516,0.026582427
27916,0.0070422417
28016,0.014670523
28116,0.0023820433
28316,0.0375924
28416,0.02871967
29016,0.01926208
29116,0.032586765
29316,0.013244334
29616,0.0393754
29716,0.05306058
29816,0.04396064
29916,0.00489386
30016,0.022633776
30116,0.02844322
30316,0.008075396
30416,0.008570258
30716,0.018325469
30816,0.024197333
31116,0.012953021
31216,0.010984831
31616,0.0087856455
31716,0.022980442
31816,0.041091036
31916,0.0041304757
32016,0.018022545
32116,0.017686805
32816,0.011183224
33016,0.0040508783
33116,0.008302253
33516,0.023200037
33716,0.012537818
33816,0.006259727
33916,0.00014039621
34016,0.0017177061
34216,0.0012500423
34316,0.001973938
34416,0.00092837174
34516,0.0013411026
34616,0.0027362525
34816,0.0008682455
35016,0.0064199395
35216,0.0014594031
35316,0.012219022
35516,0.01815734
35616,0.00911445
35716,0.03826958
35916,0.026294345
36016,0.059196297
36116,0.007934408
36616,0.06273973
37216,0.0063504986
37416,0.03407813
37516,0.02671485
37616,0.013086987
37716,0.021817937
38116,0.01731402
38216,0.013738481
38316,0.009916502
38416,0.028796969
38616,0.013454507
38816,0.013277866
39116,0.0063411584
39216,0.0069366293
39316,0.02614048
39416,0.015579462
39616,0.034561165
39716,0.011237371
39916,0.0043714345
40016,0.0010423877
40216,0.019390747
40516,0.0019756448
40616,0.041528486
41816,0.11253455
42016,0.028862502
42716,0.008124361
42916,0.0350638
43616,0.03214747
44216,0.022857374
44516,0.0046123406
44716,0.019510336
44916,0.01650242
45216,0.028942788
45316,0.02552493
45516,0.041089557
45616,0.007866862
46116,0.011314637
46316,0.02609099
46516,0.0044554365
46916,0.008504399
47016,0.0023587814
47116,0.0050427252
47216,0.030393654
47316,0.034735534
47616,0.029053854
47716,0.018023098
47816,0.013494838
47916,0.0026368033
48216,0.028484069
48616,0.06758831
48716,0.0053000967
49116,0.026978886
49216,0.023257347
49616,0.014751408
49716,0.0064664115
49916,0.00917693
50116,0.039170768
50316,0.0021888628
50416,0.0019529808
50616,0.008090919
50816,0.00080655044
50916,0.0020334483
51016,0.0033503543
51216,0.0008944653
51616,0.012371911
51816,0.0031997708
52016,0.015005475
52116,0.03647385
52516,0.0119098155
52616,0.02513691
52716,0.0066253645
53216,0.028429199
53316,0.037136007
53416,0.0034162772
53616,0.013474164
53916,0.028147561
54116,0.005585225
54216,0.017457722
54316,0.013935614
54416,0.013508907
54616,0.020926284
55016,0.015955659
55216,0.010951146
55416,0.005093813
55516,0.019906728
55616,0.01704348
56216,0.04568259
56516,0.01883938
56716,0.0066314857
56816,0.025653964
57016,0.0043863948
57116,0.006816842
57216,0.0038301954
57316,0.00318198
57516,0.0348479
57916,0.026364556
58016,0.011576134
58216,0.0075671794
58316,0.0047329566
58516,0.024363734
58916,0.015267706
59116,0.07174511
59216,0.010793711
59516,0.0019124891
59616,0.053028885
59816,0.03028931
59916,0.021506013
60416,0.0066778767
60516,0.012046033
60816,0.06149444
61116,0.008554427
61316,0.011385615
61416,0.013661891
61716,0.026062474
62116,0.015311103
62416,0.05462937
62716,0.0064185415
62816,0.0010772716
63516,0.0380217
63616,0.0037643346
63716,0.010214206
63816,0.01925589
63916,0.004472505
64316,0.017112615
64416,0.014825527
17,0.007411145
117,0.004039982
417,0.0065881247
617,0.01142901
717,0.06786527
1017,0.0038658704
1217,0.006160162
1717,0.005334844
2217,0.003018779
2717,0.0008080412
2817,0.0031580345
2917,0.0054321266
3017,0.024828082
3117,0.01569706
3217,0.015693381
3317,0.011480846
3417,0.007956363
3717,0.016292898
4017,0.0026569886
4117,0.0007116068
4217,0.0044297525
4417,0.0046525686
4717,0.0045908345
4817,0.012216654
4917,0.0057068323
5117,0.041734695
5217,0.007411928
5717,0.04193192
5917,0.0037084604
6217,0.005972537
6317,0.023014823
6517,0.003610407
6617,0.00760261
6817,0.004601455
6917,0.003417943
7017,0.0071596527
7217,0.010399836
7417,0.010640482
7517,0.013536006
7717,0.0020021126
7917,0.00300485
8117,0.008562541
8217,0.020159148
8317,0.008893533
8417,0.0064627044
8517,0.0012424728
8617,0.004027655
8717,0.0033671374
8917,0.0011649639
9017,0.004859646
9217,0.013660988
9517,0.005990407
9817,0.0032952067
9917,0.0025729707
10117,0.012973226
10417,0.0033254502
10517,0.008489216
10617,0.004490681
10717,0.0022153484
10917,0.016761182
11217,0.006994979
11317,0.0015262825
11717,0.0052361074
11917,0.038258895
12117,0.002022339
12417,0.0013027597
12717,0.007306034
12917,0.0044616447
13017,0.00501898
13417,0.02925082
13517,0.020573586
13617,0.003097096
13717,0.013044404
13917,0.0064940983
14317,0.013440945
14417,0.003436456
15417,0.005260713
15617,0.014528494
15717,0.0013384465
15817,0.0021449074
15917,0.0021854597
16117,0.02090529
16217,0.013517157
16317,0.011007156
16417,0.0078059705
16517,0.007271913
16617,0.010528305
17017,0.09707317
17117,0.0033579909
17217,0.0038637358
17317,0.0035050523
17417,0.0045804568
17617,0.0069745597
17717,0.0033861937
17917,0.0025529717
18017,0.0049282624
18117,0.0033730397
18217,0.0010849147
18417,0.0020506324
18517,0.0023161361
18717,0.0028436626
18817,0.00551161
19117,0.0075950264
19517,0.0021237535
19617,0.005533057
19717,0.0041562207
19817,0.027672788
20717,0.006927767
20817,0.0030395251
20917,0.006530873
21117,0.0072967494
21217,0.025870042
21417,0.0033722683
21817,0.023264486
22017,0.011144219
22317,0.0022433682
22417,0.007354719
22517,0.021635091
22617,0.0032491123
22917,0.0067354813
23017,0.0057102814
23217,0.005077584
23317,0.0065869596
23617,0.010488537
23717,0.0055211214
23817,0.0051464355
23917,0.0056189112
24117,0.007594043
24217,0.016239164
24417,0.0038177902
24517,0.0128356805
24617,0.00073193235
24717,0.004853338
25317,0.0043933108
25417,0.0042758575
25817,0.0012740568
26017,0.0048832214
26117,0.0027101976
26217,0.0071717883
26317,0.013207392
26417,0.0018391506
26617,0.014749983
26717,0.03517557
26817,0.0038574317
26917,0.0044683055
27017,0.0050249593
27317,0.0023120604
27417,0.0030219485
27517,0.0064649745
27917,0.0041800053
28017,0.00997376
28117,0.0009799394
28317,0.025061041
28417,0.033621226
29017,0.004885376
29117,0.01025331
29317,0.009772435
29617,0.0021732314
29717,0.00617007
29817,0.018260356
29917,0.0015241543
30017,0.021420913
30117,0.0042083827
30317,0.018373579
30417,0.006621362
30717,0.004177366
30817,0.007952493
31117,0.0029467002
31217,0.0077245804
31617,0.00445824
31717,0.0057621673
31817,0.006862029
31917,0.012681339
32017,0.0042544766
32117,0.0055074804
32817,0.0031156067
33017,0.0041681724
33117,0.0033762676
33517,0.019353593
33717,0.002441572
33817,0.0040970296
33917,0.00014748974
34017,0.005440497
34217,0.0011478469
34317,0.0017018988
34417,0.0019333703
34517,0.0014024081
34617,0.010106564
34817,0.0011776958
35017,0.012509842
35217,0.025837239
35317,0.011239468
35517,0.00565833
35617,0.0025294325
35717,0.0031954492
35917,0.015535003
36017,0.00600225
36117,0.007859301
36617,0.0062266425
37217,0.011646263
37417,0.0050406167
37517,0.016716518
37617,0.0013845552
37717,0.014838804
38117,0.0302529
38217,0.011478966
38317,0.0075108516
38417,0.027435964
38617,0.010795376
38817,0.0046191304
39117,0.009247305
39217,0.0061467052
39317,0.009784983
39417,0.006363207
39617,0.012542489
39717,0.012136852
39917,0.0017771475
40017,0.009581058
40217,0.0027867246
40517,0.009215024
40617,0.0027056623
41817,0.005125992
42017,0.006038761
42717,0.008600448
42917,0.0022802765
43617,0.0027917556
44217,0.007970318
44517,0.012617275
44717,0.021239271
44917,0.00596511
45217,0.007533383
45317,0.010546494
45517,0.01738623
45617,0.023238037
46117,0.001710816
46317,0.018653428
46517,0.0022314722
46917,0.002107884
47017,0.002838562
47117,0.0019653412
47217,0.018858261
47317,0.029606255
47617,0.0075608985
47717,0.028549064
47817,0.020310871
47917,0.008311476
48217,0.01419966
48617,0.004082514
48717,0.008622524
49117,0.00630094
49217,0.0060110115
49617,0.011879618
49717,0.005282406
49917,0.008048846
50117,0.0031817174
50317,0.0024868958
50417,0.002385079
50617,0.0034772349
50817,0.0011276654
50917,0.0030544533
51017,0.005543955
51217,0.0007328965
51617,0.010270329
51817,0.0040294537
52017,0.014693525
52117,0.021957852
52517,0.0054950146
52617,0.005878355
52717,0.0011745464
53217,0.01605107
53317,0.0070066317
53417,0.007510486
53617,0.021590402
53917,0.0044800225
54117,0.003920286
54217,0.003531445
54317,0.0025201072
54417,0.009690699
54617,0.0063083777
55017,0.0073210336
55217,0.0014161111
55417,0.006632816
55517,0.0057046944
55617,0.007111699
56217,0.008267442
56517,0.032556843
56717,0.0038365019
56817,0.0070926286
57017,0.001477657
57117,0.0018886765
57217,0.004965628
57317,0.009258121
57517,0.007711577
57917,0.010894356
58017,0.007489501
58217,0.0035657978
58317,0.0030847937
58517,0.003993474
58917,0.0061820443
59117,0.00665916
59217,0.0034962005
59517,0.0011550764
59617,0.0032429136
59817,0.0094986865
59917,0.019862903
60417,0.001905582
60517,0.004480517
60817,0.018817494
61117,0.0034738616
61317,0.0032988254
61417,0.0064681075
61717,0.0057741473
62117,0.0025040987
62417,0.0092032915
62717,0.011238184
62817,0.0056768553
63517,0.007404587
63617,0.008928309
63717,0.04917617
63817,0.055980057
63917,0.0023744744
64317,0.016681772
64417,0.010639783
18,0.005675965
118,0.0025088035
418,0.001798533
618,0.06453834
718,0.033353653
1018,0.0012789324
1218,0.0013068761
1718,0.005354506
2218,0.0047497205
2718,0.003323489
2818,0.03117812
2918,0.013115465
3018,0.06358556
3118,0.009392806
3218,0.26350108
3318,0.74578595
3418,0.0021938724
3718,0.016566368
4018,0.76347166
4118,0.3278945
4218,0.003195026
4418,0.0054984093
4718,0.77039444
4818,0.08609494
4918,0.021418815
5118,0.5111082
5218,0.014543428
5718,0.12087203
5918,0.07622817
6218,0.071767285
6318,0.058033057
6518,0.032108214
6618,0.0918749
6818,0.104349196
6918,0.006528617
7018,0.0042317593
7218,0.003612625
7418,0.011071945
7518,0.024765665
7718,0.011048315
7918,0.0071014827
8118,0.015618586
8218,0.014757071
8318,0.005107802
8418,0.017585501
8518,0.008324025
8618,0.012660598
8718,0.016233975
8918,0.0067581665
9018,0.028611815
9218,0.013799694
9518,0.027216036
9818,0.0071621677
9918,0.009937259
10118,0.017156158
10418,0.021151017
10518,0.028052224
10618,0.033676464
10718,0.0140648475
10918,0.10509964
11218,0.006828415
11318,0.006521794
11718,0.010944992
11918,0.18612131
12118,0.013550274
12418,0.052225705
12718,0.012096664
12918,0.014858267
13018,0.04087446
13418,0.049341273
13518,0.032181613
13618,0.22146001
13718,0.057297066
13918,0.021294365
14318,0.15777336
14418,0.01089522
15418,0.0072695385
15618,0.21584694
15718,0.007235698
15818,0.007685319
15918,0.0068384223
16118,0.020398073
16218,0.01069326
16318,0.0028135017
16418,0.0048905476
16518,0.0003430604
16618,0.0010879065
17018,0.09034119
17118,0.0037138283
17218,0.0030221182
17318,0.0016990091
17418,0.0009007545
17618,0.029173313
17718,0.0393563
17918,0.012204254
18018,0.011622802
18118,0.0042904783
18218,0.0030387484
18418,0.0013657421
18518,0.007273714
18718,0.0028068419
18818,0.0038698425
19118,0.0432221
19518,0.0032678423
19618,0.0034629938
19718,0.009565628
19818,0.007751533
20718,0.018472062
20818,0.046874728
20918,0.0137221115
21118,0.019596895
21218,0.017483378
21418,0.042863425
21818,0.1335477
22018,0.2051245
22318,0.0072830115
22418,0.050634634
22518,0.073857106
22618,0.046090256
22918,0.00939204
23018,0.0027283009
23218,0.0052237357
23318,0.025620013
23618,0.012573885
23718,0.004994298
23818,0.011064254
23918,0.005422657
24118,0.012745604
24218,0.008640361
24418,0.010102746
24518,0.0070811748
24618,0.002226901
24718,0.014769829
25318,0.0028966842
25418,0.014439287
25818,0.003229495
26018,0.023617882
26118,0.008463844
26218,0.082737386
26318,0.23907124
26418,0.006388452
26618,0.042105936
26718,0.12350546
26818,0.010444704
26918,0.009760979
27018,0.009179882
27318,0.026519123
27418,0.008737042
27518,0.010007912
27918,0.0048268535
28018,0.0091014365
28118,0.0035965927
28318,0.20723684
28418,0.065465845
29018,0.036488906
29118,0.16031218
29318,0.08114202
29618,0.0117136855
29718,0.0372282
29818,0.035478227
29918,0.017424438
30018,0.016193654
30118,0.016633142
30318,0.15893131
30418,0.2486009
30718,0.010358878
30818,0.018512389
31118,0.014666197
31218,0.19291517
31618,0.005282958
31718,0.021637771
31818,0.018746357
31918,0.3188882
32018,0.06321396
32118,0.0062787067
32818,0.006000214
33018,0.004788909
33118,0.00056781113
33518,0.030797698
33718,0.007787604
33818,0.009550174
33918,0.0018445778
34018,0.0015617409
34218,0.0032927853
34318,0.010757373
34418,0.0040175775
34518,0.0025645688
34618,0.0071160216
34818,0.0008167624
35018,0.0070129805
35218,0.021990243
35318,0.11583086
35518,0.022842983
35618,0.0060712313
35718,0.0076681236
35918,0.14164618
36018,0.039065044
36118,0.034652304
36618,0.1272693
37218,0.33098882
37418,0.021618728
37518,0.021446392
37618,0.013789477
37718,0.060922008
38118,0.14828953
38218,0.055687007
38318,0.037121218
38418,0.018943226
38618,0.082599595
38818,0.23686953
39118,0.00628945
39218,0.009067143
39318,0.008705874
39418,0.0056253998
39618,0.060458343
39718,0.0062434836
39918,0.0068654674
40018,0.013478839
40218,0.0067126113
40518,0.009053602
40618,0.005630841
41818,0.007948761
42018,0.04438247
42718,0.023713456
42918,0.027924223
43618,0.017598435
44218,0.02934301
44518,0.006940693
44718,0.018302092
44918,0.22100508
45218,0.0043207
45318,0.029899998
45518,0.026692498
45618,0.17889884
46118,0.056462426
46318,0.123538956
46518,0.010529731
46918,0.010133704
47018,0.006462725
47118,0.007018058
47218,0.027748803
47318,0.032000907
47618,0.2090479
47718,0.07437356
47818,0.21495143
47918,0.008780121
48218,0.026093377
48618,0.005540233
48718,0.00087467773
49118,0.10106513
49218,0.03549621
49618,0.0072860764
49718,0.0032800802
49918,0.00782668
50118,0.005199092
50318,0.0052878493
50418,0.002376697
50618,0.0065313163
50818,0.0035917298
50918,0.00400129
51018,0.00965381
51218,0.0024184515
51618,0.028273858
51818,0.012379214
52018,0.023862384
52118,0.0068730186
52518,0.011243599
52618,0.0182277
52718,0.16357346
53218,0.025719164
53318,0.02178552
53418,0.48617017
53618,0.26318398
53918,0.10099684
54118,0.05971556
54218,0.012354917
54318,0.022680072
54418,0.1027781
54618,0.042495344
55018,0.02657341
55218,0.0061437637
55418,0.008196557
55518,0.010893962
55618,0.0019396504
56218,0.015509491
56518,0.015017345
56718,0.013138421
56818,0.0048831557
57018,0.010307743
57118,0.0100123165
57218,0.0074427053
57318,0.004684987
57518,0.01782593
57918,0.030788762
58018,0.0065264716
58218,0.0062414664
58318,0.007121701
58518,0.007607873
58918,0.025371801
59118,0.014018116
59218,0.011828915
59518,0.006186568
59618,0.03423053
59818,0.087638974
59918,0.03436033
60418,0.004604517
60518,0.0041613407
60818,0.054385554
61118,0.015408679
61318,0.05023587
61418,0.017303022
61718,0.08350214
62118,0.025467122
62418,0.07467347
62718,0.16869664
62818,0.027535843
63518,0.011104648
63618,0.033954952
63718,0.065727845
63818,0.06908382
63918,0.005456327
64318,0.017602684
64418,0.06383249
