Id,Probability
0,0.03455705
100,0.24299355
400,0.01402328
600,0.42653263
700,0.60742486
1000,0.064703554
1200,0.015582223
1700,0.37027133
2200,0.122300655
2700,0.0033170064
2800,0.0357895
2900,0.16761759
3000,0.21005973
3100,0.21093003
3200,0.119365275
3300,0.2786328
3400,0.06448506
3700,0.355136
4000,0.0022585618
4100,0.0016696289
4200,0.22327612
4400,0.11281092
4700,0.00085349724
4800,0.4726944
4900,0.11088815
5100,0.024634952
5200,0.387671
5700,0.43891647
5900,0.47121254
6200,0.44264486
6300,0.45344642
6500,0.15477909
6600,0.60326296
6800,0.25237152
6900,0.0088210935
7000,0.02936593
7200,0.046252325
7400,0.08373111
7500,0.1215881
7700,0.13374259
7900,0.11245418
8100,0.062087633
8200,0.2667155
8300,0.14015141
8400,0.33614308
8500,0.2487484
8600,0.59795517
8700,0.52834576
8900,0.14078315
9000,0.27752745
9200,0.29741916
9500,0.055437844
9800,0.34638378
9900,0.17034432
10100,0.110407114
10400,0.440366
10500,0.5064898
10600,0.010028527
10700,0.051540315
10900,0.32472357
11200,0.07810086
11300,0.012915796
11700,0.04765701
11900,0.55732363
12100,0.005846359
12400,0.10058021
12700,0.36401126
12900,0.3342856
13000,0.087582454
13400,0.5553203
13500,0.38102403
13600,0.42672873
13700,0.3194394
13900,0.2725584
14300,0.5230697
14400,0.009102444
15400,0.20669493
15600,0.42667472
15700,0.08783205
15800,0.23413178
15900,0.12882932
16100,0.052900102
16200,0.40659574
16300,0.07227984
16400,0.12814356
16500,0.0035019538
16600,0.004355466
17000,0.70414454
17100,0.2656449
17200,0.24133506
17300,0.02520307
17400,0.14776146
17600,0.06006274
17700,0.1372077
17900,0.5081179
18000,0.20792675
18100,0.0036514648
18200,0.004908392
18400,0.012331528
18500,0.07978819
18700,0.021169446
18800,0.25091302
19100,0.12611079
19500,0.5077001
19600,0.023826422
19700,0.52754843
19800,0.15158993
20700,0.40067986
20800,0.13390382
20900,0.17565012
21100,0.37066442
21200,0.43699056
21400,0.6381809
21800,0.45802352
22000,0.09925815
22300,0.32242787
22400,0.5310902
22500,0.6338773
22600,0.39150915
22900,0.0066671534
23000,0.010012647
23200,0.3428959
23300,0.20306565
23600,0.48001182
23700,0.1144372
23800,0.39820433
23900,0.07365952
24100,0.43528324
24200,0.2298986
24400,0.26082292
24500,0.07892763
24600,0.022760447
24700,0.1618159
25300,0.14660963
25400,0.081176825
25800,0.0076279314
26000,0.020284018
26100,0.1230312
26200,0.14633524
26300,0.6639717
26400,0.022751791
26600,0.71425104
26700,0.5124761
26800,0.0069167484
26900,0.108813904
27000,0.45842063
27300,0.27145126
27400,0.05423621
27500,0.028217565
27900,0.014885968
28000,0.13505162
28100,0.066290535
28300,0.5097777
28400,0.60551274
29000,0.15751821
29100,0.4007968
29300,0.60652965
29600,0.21669935
29700,0.28909656
29800,0.09883647
29900,0.29094577
30000,0.4663827
30100,0.1428859
30300,0.48537597
30400,0.43732917
30700,0.22248866
30800,0.019851161
31100,0.072490565
31200,0.46256986
31600,0.113699734
31700,0.065379515
31800,0.06668889
31900,0.5841507
32000,0.084153995
32100,0.03462772
32800,0.22142097
33000,0.12431319
33100,0.12247471
33500,0.21935983
33700,0.35756156
33800,0.105176866
33900,0.0012861944
34000,0.2433473
34200,0.0062927697
34300,0.029740863
34400,0.008075804
34500,0.059677653
34600,0.45582864
34800,0.004214001
35000,0.43971416
35200,0.26393467
35300,0.027444685
35500,0.47141004
35600,0.060134564
35700,0.017051948
35900,0.031125203
36000,0.04336365
36100,0.44617978
36600,0.012596757
37200,0.059620667
37400,0.45186758
37500,0.48185566
37600,0.19353062
37700,0.60327846
38100,0.4507969
38200,0.24328782
38300,0.57522106
38400,0.42244393
38600,0.3182877
38800,0.11151129
39100,0.43554816
39200,0.007487658
39300,0.03145448
39400,0.04854352
39600,0.041159075
39700,0.11006727
39900,0.2223633
40000,0.20889576
40200,0.266158
40500,0.0648098
40600,0.24158472
41800,0.030874774
42000,0.14141376
42700,0.19698848
42900,0.08393544
43600,0.068945244
44200,0.014889093
44500,0.019626489
44700,0.20048392
44900,0.57806146
45200,0.16536279
45300,0.2744107
45500,0.06641737
45600,0.58583486
46100,0.027984682
46300,0.4834636
46500,0.015216778
46900,0.41269207
47000,0.0064596543
47100,0.0047378168
47200,0.29910302
47300,0.23907588
47600,0.41479668
47700,0.5407426
47800,0.46443054
47900,0.13084467
48200,0.099342085
48600,0.1195339
48700,0.010633384
49100,0.01908697
49200,0.423725
49600,0.03508781
49700,0.0027151166
49900,0.078543775
50100,0.3452923
50300,0.024081627
50400,0.0031179874
50600,0.026623374
50800,0.0058936267
50900,0.12751846
51000,0.43230796
51200,0.00491646
51600,0.06625001
51800,0.009902182
52000,0.20508921
52100,0.081718825
52500,0.18836017
52600,0.0703076
52700,0.0014003174
53200,0.27334613
53300,0.19018038
53400,0.0056774886
53600,0.5620225
53900,0.024783047
54100,0.19230935
54200,0.55361104
54300,0.17346878
54400,0.46838802
54600,0.023360707
55000,0.5140053
55200,0.031787354
55400,0.021897381
55500,0.033125862
55600,0.10548358
56200,0.48114914
56500,0.5206823
56700,0.44740424
56800,0.29119185
57000,0.010373215
57100,0.14628719
57200,0.3857004
57300,0.030817095
57500,0.37906533
57900,0.23285167
58000,0.36066985
58200,0.037091676
58300,0.62481725
58500,0.07506642
58900,0.08597176
59100,0.24388713
59200,0.04621058
59500,0.0068937023
59600,0.047139883
59800,0.06584081
59900,0.66237545
60400,0.00061008043
60500,0.22340602
60800,0.45058373
61100,0.04540784
61300,0.059619326
61400,0.011360442
61700,0.1696086
62100,0.063694395
62400,0.5201285
62700,0.5924537
62800,0.4200202
63500,0.027624037
63600,0.059081294
63700,0.6634334
63800,0.45487157
63900,0.23038985
64300,0.56664306
64400,0.25599536
1,0.09842839
101,0.3829904
401,0.8371178
601,0.39298755
701,0.6051395
1001,0.39037773
1201,0.65858555
1701,0.2992547
2201,0.70902234
2701,0.8957545
2801,0.15913142
2901,0.21018729
3001,0.2703508
3101,0.7527591
3201,0.29527682
3301,0.43920144
3401,0.9139021
3701,0.35665256
4001,0.02716684
4101,0.0028042113
4201,0.24644005
4401,0.47954097
4701,0.014243226
4801,0.6140821
4901,0.08969257
5101,0.47234592
5201,0.30377835
5701,0.60343
5901,0.28068566
6201,0.49822634
6301,0.6560613
6501,0.3252708
6601,0.5184376
6801,0.5005753
6901,0.28728297
7001,0.8473693
7201,0.6983016
7401,0.09872397
7501,0.10407812
7701,0.9062725
7901,0.72046304
8101,0.13306926
8201,0.81909525
8301,0.2812025
8401,0.45262864
8501,0.61047673
8601,0.74612755
8701,0.624989
8901,0.2821879
9001,0.616497
9201,0.7500915
9501,0.20245063
9801,0.2870172
9901,0.22943756
10101,0.2887578
10401,0.48964468
10501,0.6480515
10601,0.013093242
10701,0.018525785
10901,0.44427115
11201,0.5222559
11301,0.91409546
11701,0.6812241
11901,0.52896726
12101,0.018757343
12401,0.081140555
12701,0.53991526
12901,0.060868718
13001,0.02902702
13401,0.5861727
13501,0.45887864
13601,0.6187803
13701,0.58067065
13901,0.2705023
14301,0.6118404
14401,0.008376263
15401,0.024538945
15601,0.6169496
15701,0.072596714
15801,0.7850567
15901,0.849401
16101,0.2440062
16201,0.380771
16301,0.542979
16401,0.28644255
16501,0.6395511
16601,0.15142316
17001,0.5621797
17101,0.68522775
17201,0.35566315
17301,0.6180988
17401,0.74852854
17601,0.13538405
17701,0.22026166
17901,0.54595387
18001,0.29625344
18101,0.77164894
18201,0.9607739
18401,0.9688495
18501,0.6071546
18701,0.7005981
18801,0.49289694
19101,0.025029011
19501,0.6154554
19601,0.85211945
19701,0.4545117
19801,0.5590761
20701,0.55637413
20801,0.18999681
20901,0.38873842
21101,0.6103406
21201,0.58655226
21401,0.46879226
21801,0.62533003
22001,0.2832986
22301,0.2060152
22401,0.5130008
22501,0.53733754
22601,0.42669064
22901,0.8350332
23001,0.9447329
23201,0.38506186
23301,0.36017781
23601,0.5957924
23701,0.45489913
23801,0.4589189
23901,0.7814506
24101,0.77805585
24201,0.45196477
24401,0.58682936
24501,0.79036975
24601,0.23027335
24701,0.382807
25301,0.5836905
25401,0.07182022
25801,0.0043902034
26001,0.00660563
26101,0.5343379
26201,0.6984177
26301,0.54798645
26401,0.007806601
26601,0.43173012
26701,0.5251211
26801,0.5215931
26901,0.58624345
27001,0.53815603
27301,0.21572055
27401,0.35576355
27501,0.42537913
27901,0.30422872
28001,0.26397374
28101,0.12968116
28301,0.46879143
28401,0.582258
29001,0.13392629
29101,0.42983723
29301,0.5589943
29601,0.3315706
29701,0.10802912
29801,0.116033986
29901,0.42165047
30001,0.55244523
30101,0.022190623
30301,0.59567773
30401,0.6475664
30701,0.17355868
30801,0.40880245
31101,0.32927364
31201,0.55397075
31601,0.5511955
31701,0.038889606
31801,0.2015859
31901,0.6541533
32001,0.28832325
32101,0.1641751
32801,0.38284466
33001,0.78547746
33101,0.56229925
33501,0.6375257
33701,0.51921636
33801,0.2930067
33901,0.94892097
34001,0.8670962
34201,0.95135546
34301,0.1834167
34401,0.9498774
34501,0.9167035
34601,0.5133599
34801,0.9763191
35001,0.62370914
35201,0.71429026
35301,0.05522889
35501,0.46658653
35601,0.39664155
35701,0.010815793
35901,0.23315929
36001,0.01078226
36101,0.5755034
36601,0.030826928
37201,0.4907948
37401,0.45178914
37501,0.49236953
37601,0.052426632
37701,0.49958155
38101,0.60044456
38201,0.15390806
38301,0.5007545
38401,0.58941245
38601,0.43580064
38801,0.24562772
39101,0.6485528
39201,0.8092378
39301,0.22267891
39401,0.665788
39601,0.07122502
39701,0.033939354
39901,0.62596184
40001,0.8593293
40201,0.20978586
40501,0.81688863
40601,0.27526876
41801,0.07336828
42001,0.2764094
42701,0.75022006
42901,0.07616934
43601,0.07076058
44201,0.1686092
44501,0.13477331
44701,0.5948502
44901,0.38573626
45201,0.17373987
45301,0.17118986
45501,0.18323709
45601,0.5113259
46101,0.06337048
46301,0.526664
46501,0.079148695
46901,0.67266893
47001,0.55303735
47101,0.013624456
47201,0.46093005
47301,0.4237257
47601,0.63922614
47701,0.5323089
47801,0.6444013
47901,0.7690238
48201,0.21589606
48601,0.551248
48701,0.38011548
49101,0.026935931
49201,0.67218596
49601,0.15860064
49701,0.810512
49901,0.3246567
50101,0.23696356
50301,0.9373447
50401,0.35695544
50601,0.909002
50801,0.84789586
50901,0.7604358
51001,0.66940886
51201,0.93884605
51601,0.7086495
51801,0.26774395
52001,0.5451791
52101,0.26593277
52501,0.3520496
52601,0.04878054
52701,9.478863e-05
53201,0.2538113
53301,0.4775352
53401,0.06559957
53601,0.58100945
53901,0.04786535
54101,0.4129297
54201,0.517556
54301,0.14432828
54401,0.4911283
54601,0.067551896
55001,0.6035719
55201,0.583821
55401,0.71851784
55501,0.18434
55601,0.11368612
56201,0.36971277
56501,0.3484169
56701,0.7381092
56801,0.4276501
57001,0.04498172
57101,0.5039023
57201,0.56038254
57301,0.61396694
57501,0.4176598
57901,0.5821419
58001,0.40640002
58201,0.1037159
58301,0.47646633
58501,0.091060065
58901,0.0798633
59101,0.2033638
59201,0.54378754
59501,0.44031093
59601,0.07702809
59801,0.5069823
59901,0.66127074
60401,0.21675803
60501,0.31141925
60801,0.53430045
61101,0.47847193
61301,0.058963552
61401,0.11245687
61701,0.20609029
62101,0.16959709
62401,0.5996218
62701,0.5982014
62801,0.67192674
63501,0.063737385
63601,0.45742258
63701,0.7052109
63801,0.67174023
63901,0.73395425
64301,0.5501602
64401,0.54916024
2,0.19608968
102,0.63895965
402,0.027828189
602,0.18378486
702,0.5696102
1002,0.6757758
1202,0.7251043
1702,0.41293362
2202,0.08117582
2702,0.11798515
2802,0.07938723
2902,0.37323654
3002,0.025481312
3102,0.5122513
3202,0.10415462
3302,0.119499564
3402,0.024513774
3702,0.36837828
4002,0.014579111
4102,0.011676345
4202,0.2935659
4402,0.49095142
4702,0.008485583
4802,0.6835196
4902,0.08470093
5102,0.0335379
5202,0.3248347
5702,0.37963793
5902,0.3526376
6202,0.4182305
6302,0.37135735
6502,0.49082455
6602,0.49436602
6802,0.39294106
6902,0.007920589
7002,0.37853736
7202,0.010982077
7402,0.09046368
7502,0.10354176
7702,0.27645907
7902,0.5214317
8102,0.04124856
8202,0.292901
8302,0.17628811
8402,0.59866565
8502,0.53343636
8602,0.4531859
8702,0.30289564
8902,0.41400698
9002,0.05966211
9202,0.26622346
9502,0.37186924
9802,0.3584881
9902,0.4621679
10102,0.6370449
10402,0.5229511
10502,0.62354213
10602,0.09911421
10702,0.019409044
10902,0.29596606
11202,0.7386961
11302,0.16259193
11702,0.064416334
11902,0.42257452
12102,0.07701111
12402,0.110498115
12702,0.40864727
12902,0.01895232
13002,0.028110169
13402,0.47123796
13502,0.6115929
13602,0.61470723
13702,0.34412828
13902,0.09351387
14302,0.42217934
14402,0.008671821
15402,0.024748782
15602,0.50303143
15702,0.03044731
15802,0.61123866
15902,0.5121637
16102,0.043665558
16202,0.40757266
16302,0.56447816
16402,0.7218356
16502,0.017346224
16602,0.8559696
17002,0.52468073
17102,0.524377
17202,0.5706949
17302,0.75687915
17402,0.48277518
17602,0.048485413
17702,0.5092979
17902,0.523732
18002,0.49257687
18102,0.18877885
18202,0.089703135
18402,0.018808972
18502,0.15012082
18702,0.19145223
18802,0.65052533
19102,0.008897684
19502,0.3587583
19602,0.15142468
19702,0.44594127
19802,0.12506518
20702,0.24261864
20802,0.18623796
20902,0.73041415
21102,0.59589314
21202,0.3443584
21402,0.04430493
21802,0.36733508
22002,0.78451127
22302,0.0329483
22402,0.4960161
22502,0.58636975
22602,0.35179713
22902,0.0023763925
23002,0.06882022
23202,0.2953055
23302,0.2594487
23602,0.5039836
23702,0.197524
23802,0.30317855
23902,0.2050819
24102,0.30504116
24202,0.28394485
24402,0.123843625
24502,0.14501198
24602,0.062712945
24702,0.042320535
25302,0.06678852
25402,0.05987756
25802,0.012738271
26002,0.010910565
26102,0.24660268
26202,0.584036
26302,0.53685814
26402,0.017432299
26602,0.4038764
26702,0.30473143
26802,0.38706967
26902,0.6638874
27002,0.40587896
27302,0.303312
27402,0.23510407
27502,0.08028662
27902,0.5559928
28002,0.45148137
28102,0.023609303
28302,0.43875954
28402,0.39376807
29002,0.07733756
29102,0.44387603
29302,0.6049089
29602,0.5412839
29702,0.021274008
29802,0.45055723
29902,0.68357724
30002,0.17588247
30102,0.014070949
30302,0.5185477
30402,0.2987446
30702,0.013878949
30802,0.7809484
31102,0.07626662
31202,0.37326238
31602,0.6137455
31702,0.111754954
31802,0.6085222
31902,0.44605646
32002,0.7930448
32102,0.7023191
32802,0.08659708
33002,0.5898497
33102,0.3200357
33502,0.327396
33702,0.5762673
33802,0.59013397
33902,0.16672258
34002,0.019755831
34202,0.03024889
34302,0.06470132
34402,0.038640894
34502,0.1331238
34602,0.38895968
34802,0.018453516
35002,0.3341279
35202,0.30646056
35302,0.051565215
35502,0.5570287
35602,0.29101425
35702,0.027133947
35902,0.1385463
36002,0.03482512
36102,0.5569052
36602,0.011705198
37202,0.05656564
37402,0.40875828
37502,0.33234137
37602,0.04398954
37702,0.262353
38102,0.50043786
38202,0.21519798
38302,0.38555232
38402,0.43036425
38602,0.41875222
38802,0.49739298
39102,0.17628141
39202,0.005610153
39302,0.121458955
39402,0.023299567
39602,0.09384325
39702,0.0008304132
39902,0.7455836
40002,0.27768493
40202,0.3358757
40502,0.18572955
40602,0.3164711
41802,0.3754471
42002,0.54529876
42702,0.40746844
42902,0.16022748
43602,0.095574304
44202,0.43112642
44502,0.30402216
44702,0.63921267
44902,0.43533838
45202,0.0050348546
45302,0.09483676
45502,0.1902384
45602,0.553551
46102,0.030936064
46302,0.48266393
46502,0.014338235
46902,0.6972687
47002,0.30831626
47102,0.008605068
47202,0.48329446
47302,0.57701254
47602,0.2954825
47702,0.4826036
47802,0.26432166
47902,0.22647138
48202,0.2728965
48602,0.82407063
48702,0.037005924
49102,0.033159703
49202,0.5323308
49602,0.07130994
49702,0.38861543
49902,0.7127324
50102,0.46955878
50302,0.087499544
50402,0.43160564
50602,0.041577138
50802,0.17774726
50902,0.07900289
51002,0.08687115
51202,0.026907492
51602,0.04982265
51802,0.7193122
52002,0.119886115
52102,0.34703204
52502,0.57049185
52602,0.022483
52702,0.0029610523
53202,0.050076008
53302,0.24229124
53402,0.011668478
53602,0.6008904
53902,0.058659147
54102,0.24199045
54202,0.2764475
54302,0.22864023
54402,0.47417748
54602,0.09458777
55002,0.6131983
55202,0.040116634
55402,0.044548247
55502,0.62605554
55602,0.101969354
56202,0.10369912
56502,0.37060714
56702,0.54777265
56802,0.33677492
57002,0.030223273
57102,0.69867915
57202,0.47104746
57302,0.6107112
57502,0.3875593
57902,0.4539994
58002,0.30924135
58202,0.24054557
58302,0.3023699
58502,0.06434672
58902,0.18529166
59102,0.14794028
59202,0.5298624
59502,0.030683089
59602,0.08565384
59802,0.49978465
59902,0.23163094
60402,0.924364
60502,0.21223211
60802,0.44064456
61102,0.6637744
61302,0.020529393
61402,0.08030305
61702,0.60227257
62102,0.012688218
62402,0.42758447
62702,0.58673114
62802,0.69584715
63502,0.029752556
63602,0.28088474
63702,0.3873975
63802,0.5950659
63902,0.32435948
64302,0.5633019
64402,0.27723986
3,0.017225115
103,0.23386742
403,0.00895744
603,0.25278038
703,0.5355054
1003,0.06454856
1203,0.028278096
1703,0.25822887
2203,0.067785025
2703,0.002281228
2803,0.024973338
2903,0.32795683
3003,0.059657134
3103,0.28691703
3203,0.042426508
3303,0.1972569
3403,0.003148097
3703,0.18816544
4003,0.0047822883
4103,0.0008490987
4203,0.29840133
4403,0.13970757
4703,0.0038905533
4803,0.5407457
4903,0.073247805
5103,0.02293812
5203,0.62513936
5703,0.42287314
5903,0.42554653
6203,0.5519458
6303,0.46804214
6503,0.5661974
6603,0.5928844
6803,0.55824256
6903,0.009393211
7003,0.020635422
7203,0.0232797
7403,0.06609995
7503,0.14269592
7703,0.0384864
7903,0.04810875
8103,0.067544505
8203,0.14048544
8303,0.09547504
8403,0.5641647
8503,0.24482906
8603,0.42223746
8703,0.19929598
8903,0.26467696
9003,0.017279703
9203,0.19589171
9503,0.12407173
9803,0.28144845
9903,0.34404302
10103,0.45104292
10403,0.5401589
10503,0.57795006
10603,0.7766773
10703,0.20514381
10903,0.54188246
11203,0.2709439
11303,0.009061254
11703,0.078677535
11903,0.53724873
12103,0.026985245
12403,0.20238994
12703,0.36436385
12903,0.021430671
13003,0.06790844
13403,0.6217087
13503,0.4495624
13603,0.5165612
13703,0.6314468
13903,0.2991004
14303,0.6230167
14403,0.0018144941
15403,0.008576198
15603,0.5069535
15703,0.046059165
15803,0.3184846
15903,0.08428653
16103,0.025750972
16203,0.37023228
16303,0.107621275
16403,0.13904986
16503,0.001433209
16603,0.015457311
17003,0.49884778
17103,0.20150988
17203,0.27155522
17303,0.041554738
17403,0.14057156
17603,0.017295782
17703,0.1919968
17903,0.51186436
18003,0.15472324
18103,0.011778961
18203,0.0029764608
18403,0.0026547364
18503,0.041026924
18703,0.0288562
18803,0.33692726
19103,0.00587182
19503,0.23704286
19603,0.02722593
19703,0.28609374
19803,0.05431281
20703,0.3385874
20803,0.13166785
20903,0.37435588
21103,0.48865065
21203,0.3591494
21403,0.03788051
21803,0.5292778
22003,0.36671937
22303,0.06770844
22403,0.51925164
22503,0.56768847
22603,0.5852961
22903,0.0033732855
23003,0.0058344505
23203,0.4021863
23303,0.17989343
23603,0.41183472
23703,0.19977377
23803,0.18072586
23903,0.026512444
24103,0.19197977
24203,0.1328402
24403,0.07216497
24503,0.039194852
24603,0.0123284655
24703,0.012757895
25303,0.053462196
25403,0.035741217
25803,0.0009710607
26003,0.001730014
26103,0.05644541
26203,0.25647375
26303,0.51150364
26403,0.42253724
26603,0.4326295
26703,0.43739197
26803,0.047586255
26903,0.06489847
27003,0.36929703
27303,0.21755429
27403,0.063009046
27503,0.029794602
27903,0.041256573
28003,0.18134432
28103,0.011141926
28303,0.45111707
28403,0.51132387
29003,0.056697767
29103,0.4575074
29303,0.5602295
29603,0.72323287
29703,0.087911606
29803,0.17332846
29903,0.45569196
30003,0.41673133
30103,0.018152509
30303,0.56143963
30403,0.35303247
30703,0.011114832
30803,0.14127113
31103,0.012793673
31203,0.4534428
31603,0.5664823
31703,0.026664637
31803,0.14028156
31903,0.4148584
32003,0.3753668
32103,0.07103245
32803,0.046725042
33003,0.17443448
33103,0.07588036
33503,0.17585444
33703,0.41405565
33803,0.11470331
33903,0.0020033172
34003,0.007182356
34203,0.0020494454
34303,0.011931593
34403,0.0021209666
34503,0.0152980415
34603,0.26082423
34803,0.0007754063
35003,0.11736685
35203,0.30774665
35303,0.032540575
35503,0.3914476
35603,0.062679514
35703,0.002240327
35903,0.033430405
36003,0.002210152
36103,0.5803332
36603,0.0042807
37203,0.026229013
37403,0.43844298
37503,0.26336622
37603,0.014682379
37703,0.10863504
38103,0.5894262
38203,0.19227967
38303,0.6007197
38403,0.32782185
38603,0.1563116
38803,0.20559357
39103,0.23629266
39203,0.004207296
39303,0.045250572
39403,0.012038142
39603,0.016804773
39703,0.0019584747
39903,0.36239573
40003,0.0277956
40203,0.1414253
40503,0.04376876
40603,0.37468955
41803,0.04016834
42003,0.26224816
42703,0.39370468
42903,0.6605944
43603,0.106861986
44203,0.4878057
44503,0.033073075
44703,0.39371493
44903,0.33891737
45203,0.020924902
45303,0.21197094
45503,0.097548835
45603,0.59139496
46103,0.037980635
46303,0.6040534
46503,0.0027160128
46903,0.45285797
47003,0.01509198
47103,0.00047569672
47203,0.19739674
47303,0.3840456
47603,0.370503
47703,0.4216884
47803,0.327246
47903,0.121538915
48203,0.074835606
48603,0.19329344
48703,0.0055456436
49103,0.0047458094
49203,0.50327253
49603,0.055862773
49703,0.008282145
49903,0.12570857
50103,0.20461495
50303,0.00891875
50403,0.046952672
50603,0.011887409
50803,0.013549002
50903,0.0073593594
51003,0.11072443
51203,0.002386879
51603,0.05180511
51803,0.39720258
52003,0.07190792
52103,0.20825465
52503,0.22207928
52603,0.023025459
52703,0.00025202977
53203,0.12468014
53303,0.3238304
53403,0.020310625
53603,0.48609358
53903,0.016960608
54103,0.10836513
54203,0.48075104
54303,0.44645593
54403,0.40642583
54603,0.09975898
55003,0.60566723
55203,0.0061337072
55403,0.0069958214
55503,0.07194302
55603,0.05146396
56203,0.11491646
56503,0.36394677
56703,0.404822
56803,0.24648903
57003,0.0041529634
57103,0.12867953
57203,0.3001709
57303,0.1576638
57503,0.25492564
57903,0.2533208
58003,0.3225586
58203,0.013048719
58303,0.18872458
58503,0.056962013
58903,0.19904241
59103,0.094384894
59203,0.06251996
59503,0.0016093381
59603,0.13414909
59803,0.08135329
59903,0.18971367
60403,0.0037460278
60503,0.064446196
60803,0.6341296
61103,0.12902008
61303,0.009639395
61403,0.010722564
61703,0.3515983
62103,0.03393109
62403,0.56813496
62703,0.63764733
62803,0.3130613
63503,0.009587286
63603,0.2616193
63703,0.30383152
63803,0.57937515
63903,0.1728932
64303,0.57587767
64403,0.22229321
4,0.50037277
104,0.54363775
404,0.02943225
604,0.3434116
704,0.563772
1004,0.41456392
1204,0.045952532
1704,0.6314157
2204,0.059312213
2704,0.0020693785
2804,0.13454224
2904,0.34165332
3004,0.023391027
3104,0.31908125
3204,0.29809064
3304,0.25058633
3404,0.009171713
3704,0.58893424
4004,0.01084555
4104,0.3164578
4204,0.24331199
4404,0.5810586
4704,0.009105059
4804,0.5240897
4904,0.07805499
5104,0.033744898
5204,0.4315498
5704,0.2365165
5904,0.5336148
6204,0.47805807
6304,0.51211184
6504,0.19719137
6604,0.56483763
6804,0.32015908
6904,0.5564715
7004,0.054163575
7204,0.123349935
7404,0.84738255
7504,0.10191071
7704,0.024519116
7904,0.052090734
8104,0.01534805
8204,0.056010008
8304,0.7878046
8404,0.49774152
8504,0.16634232
8604,0.37908235
8704,0.22748104
8904,0.21039274
9004,0.017285896
9204,0.37316692
9504,0.073447585
9804,0.6834781
9904,0.4398423
10104,0.32916394
10404,0.5491371
10504,0.5162423
10604,0.1866986
10704,0.28143725
10904,0.395173
11204,0.3349403
11304,0.015950086
11704,0.2461477
11904,0.5750055
12104,0.14295022
12404,0.17051326
12704,0.52097887
12904,0.046856023
13004,0.34172288
13404,0.6522678
13504,0.6053726
13604,0.40609634
13704,0.5020926
13904,0.38439804
14304,0.41441026
14404,0.16045485
15404,0.05571776
15604,0.3851611
15704,0.20716177
15804,0.22776482
15904,0.079605095
16104,0.51342297
16204,0.760536
16304,0.11306893
16404,0.55925775
16504,0.021205174
16604,0.4496525
17004,0.5747606
17104,0.15592472
17204,0.3384186
17304,0.14601249
17404,0.15878141
17604,0.1738495
17704,0.22499661
17904,0.5349057
18004,0.5479988
18104,0.032514133
18204,0.0020336132
18404,0.0029857496
18504,0.0772813
18704,0.2735063
18804,0.38870007
19104,0.008901035
19504,0.32895374
19604,0.01574548
19704,0.65286684
19804,0.17316839
20704,0.49983078
20804,0.16070803
20904,0.2690132
21104,0.535997
21204,0.230558
21404,0.09347185
21804,0.5355844
22004,0.42697892
22304,0.06781084
22404,0.5894011
22504,0.4850284
22604,0.3080012
22904,0.0053270226
23004,0.007994591
23204,0.73821265
23304,0.38933927
23604,0.56386214
23704,0.05389598
23804,0.2517142
23904,0.019316185
24104,0.15345784
24204,0.54452014
24404,0.2880922
24504,0.15523535
24604,0.6960875
24704,0.04059677
25304,0.02349753
25404,0.5352067
25804,0.47376022
26004,0.043785077
26104,0.070694566
26204,0.19969283
26304,0.5295414
26404,0.0142302215
26604,0.40688547
26704,0.2870515
26804,0.039372765
26904,0.15142587
27004,0.6660407
27304,0.5123735
27404,0.027158398
27504,0.24983515
27904,0.5974388
28004,0.37072152
28104,0.040463116
28304,0.36642262
28404,0.48399678
29004,0.49241346
29104,0.30893335
29304,0.4837475
29604,0.29413453
29704,0.052283
29804,0.30832747
29904,0.48679727
30004,0.3217424
30104,0.1675748
30304,0.67324203
30404,0.29750168
30704,0.060861237
30804,0.1624523
31104,0.13853174
31204,0.4718741
31604,0.19562167
31704,0.75662595
31804,0.26651174
31904,0.26475087
32004,0.35719606
32104,0.32055068
32804,0.14972246
33004,0.16342351
33104,0.3662751
33504,0.07517752
33704,0.4961598
33804,0.464525
33904,0.0071831853
34004,0.013083856
34204,0.0038812899
34304,0.033139735
34404,0.0026805198
34504,0.05635381
34604,0.44595584
34804,0.002588667
35004,0.09666735
35204,0.3862986
35304,0.110537626
35504,0.39702412
35604,0.103022814
35704,0.10721219
35904,0.14459842
36004,0.760441
36104,0.67205
36604,0.007909765
37204,0.051665667
37404,0.29934487
37504,0.16740437
37604,0.21291049
37704,0.2409828
38104,0.62680805
38204,0.24428807
38304,0.42976445
38404,0.30466166
38604,0.22419187
38804,0.23177592
39104,0.40792978
39204,0.013939438
39304,0.49919724
39404,0.13906497
39604,0.3868739
39704,0.002461339
39904,0.45449787
40004,0.010142156
40204,0.4123706
40504,0.033989783
40604,0.36096773
41804,0.043038286
42004,0.39457372
42704,0.18639028
42904,0.3646557
43604,0.45268184
44204,0.054539807
44504,0.036784317
44704,0.5892298
44904,0.5017526
45204,0.017645422
45304,0.58428186
45504,0.6792212
45604,0.6202276
46104,0.028359668
46304,0.46960554
46504,0.056006312
46904,0.37634635
47004,0.054448027
47104,0.45093334
47204,0.3307138
47304,0.47023994
47604,0.33077112
47704,0.507977
47804,0.1711346
47904,0.07536053
48204,0.74487025
48604,0.3459658
48704,0.17814226
49104,0.3054949
49204,0.3510754
49604,0.16885814
49704,0.014842913
49904,0.48144636
50104,0.704344
50304,0.004494847
50404,0.066657186
50604,0.009947542
50804,0.015760556
50904,0.07657681
51004,0.20417078
51204,0.011537297
51604,0.041739378
51804,0.069486864
52004,0.34268618
52104,0.60806596
52504,0.23677611
52604,0.43533462
52704,0.010740059
53204,0.03275911
53304,0.17720795
53404,0.02704053
53604,0.3270281
53904,0.043607026
54104,0.14834797
54204,0.41820058
54304,0.21804193
54404,0.39782014
54604,0.071931906
55004,0.6331184
55204,0.008423659
55404,0.09425679
55504,0.15385701
55604,0.71672446
56204,0.16856758
56504,0.49444163
56704,0.35023102
56804,0.64896655
57004,0.023370752
57104,0.23000059
57204,0.2114337
57304,0.07540998
57504,0.4637543
57904,0.2931025
58004,0.71051955
58204,0.30768618
58304,0.40175062
58504,0.2071169
58904,0.4959306
59104,0.27133736
59204,0.05041983
59504,0.022295043
59604,0.016721457
59804,0.2060997
59904,0.22088848
60404,0.019919833
60504,0.16896589
60804,0.34466156
61104,0.11046923
61304,0.4793756
61404,0.3154146
61704,0.2600227
62104,0.04067134
62404,0.41404837
62704,0.57858163
62804,0.35807058
63504,0.77869964
63604,0.1845442
63704,0.20403361
63804,0.5278049
63904,0.2521266
64304,0.5173563
64404,0.32803166
5,0.036304027
105,0.3494319
405,0.010001664
605,0.39407718
705,0.5640512
1005,0.08959987
1205,0.005443515
1705,0.35978296
2205,0.121931456
2705,0.0010956958
2805,0.025599563
2905,0.3377429
3005,0.10306107
3105,0.28975984
3205,0.06720776
3305,0.25496864
3405,0.014474167
3705,0.24131702
4005,0.0020623435
4105,0.0012150949
4205,0.23637597
4405,0.13749012
4705,0.0014941165
4805,0.54620963
4905,0.050181992
5105,0.02127916
5205,0.62969404
5705,0.3624657
5905,0.49232233
6205,0.5890595
6305,0.4567029
6505,0.25787014
6605,0.62639564
6805,0.39512613
6905,0.028866615
7005,0.019159157
7205,0.053975996
7405,0.16732691
7505,0.19851458
7705,0.057309866
7905,0.028962458
8105,0.023949396
8205,0.11011364
8305,0.20876288
8405,0.5904176
8505,0.24297118
8605,0.57076234
8705,0.32547763
8905,0.18798219
9005,0.054202408
9205,0.31316453
9505,0.10359338
9805,0.33076993
9905,0.35127336
10105,0.41547954
10405,0.5821784
10505,0.5112036
10605,0.56058216
10705,0.51038647
10905,0.43055123
11205,0.09545699
11305,0.0058169835
11705,0.078649454
11905,0.5921228
12105,0.024206428
12405,0.15271808
12705,0.4339879
12905,0.067267954
13005,0.16966783
13405,0.615985
13505,0.47567677
13605,0.5363154
13705,0.64436734
13905,0.42386127
14305,0.6468065
14405,0.0077241957
15405,0.05398738
15605,0.36499998
15705,0.050423607
15805,0.22059657
15905,0.078185365
16105,0.05614775
16205,0.46358714
16305,0.04022584
16405,0.22710192
16505,0.0020950767
16605,0.004859246
17005,0.5197168
17105,0.18369524
17205,0.250851
17305,0.02007774
17405,0.113151215
17605,0.023555426
17705,0.21904254
17905,0.5877854
18005,0.24399185
18105,0.0024089792
18205,0.0017634904
18405,0.0030118804
18505,0.07040621
18705,0.02895861
18805,0.4624666
19105,0.03235475
19505,0.4471638
19605,0.0096879685
19705,0.46837068
19805,0.057237543
20705,0.54498386
20805,0.1764516
20905,0.26378617
21105,0.34982833
21205,0.31145048
21405,0.22876792
21805,0.5822038
22005,0.42841837
22305,0.15595224
22405,0.5189782
22505,0.55299795
22605,0.51903695
22905,0.008717459
23005,0.005480885
23205,0.559171
23305,0.18035568
23605,0.4635071
23705,0.056611843
23805,0.23314695
23905,0.02302603
24105,0.30078417
24205,0.2366714
24405,0.11950206
24505,0.053723074
24605,0.0289395
24705,0.029541887
25305,0.105738506
25405,0.1005717
25805,0.003452432
26005,0.0058234665
26105,0.060405456
26205,0.22019587
26305,0.53363574
26405,0.5239326
26605,0.48457894
26705,0.51499593
26805,0.007116473
26905,0.061753254
27005,0.5088756
27305,0.308022
27405,0.020466877
27505,0.023198776
27905,0.018440891
28005,0.07354657
28105,0.025039125
28305,0.40326986
28405,0.6002555
29005,0.091511056
29105,0.32807708
29305,0.546989
29605,0.72670496
29705,0.4820837
29805,0.15939686
29905,0.52467996
30005,0.61174977
30105,0.048059985
30305,0.54904586
30405,0.46816316
30705,0.069971286
30805,0.022272088
31105,0.022850022
31205,0.5631761
31605,0.19832635
31705,0.05044281
31805,0.08711037
31905,0.38586545
32005,0.43592116
32105,0.14744782
32805,0.15250549
33005,0.11319752
33105,0.12560926
33505,0.09659458
33705,0.4900431
33805,0.15429634
33905,0.0011500063
34005,0.0712067
34205,0.002450925
34305,0.02857183
34405,0.002496414
34505,0.040811326
34605,0.45111808
34805,0.0014331662
35005,0.14381395
35205,0.35217035
35305,0.027465612
35505,0.4804868
35605,0.051679224
35705,0.009767786
35905,0.015876824
36005,0.009953719
36105,0.5656684
36605,0.006953473
37205,0.037470084
37405,0.3460917
37505,0.28491348
37605,0.046895474
37705,0.24521638
38105,0.54901224
38205,0.34285548
38305,0.7207947
38405,0.28021747
38605,0.2077481
38805,0.3015931
39105,0.32427227
39205,0.008900833
39305,0.024575822
39405,0.032003865
39605,0.02917044
39705,0.008997024
39905,0.32837105
40005,0.038397487
40205,0.16790237
40505,0.023034256
40605,0.2430189
41805,0.038993537
42005,0.30643445
42705,0.23791336
42905,0.5905384
43605,0.08140888
44205,0.029410157
44505,0.019610664
44705,0.27215767
44905,0.5831027
45205,0.08372498
45305,0.30145106
45505,0.0963535
45605,0.61871094
46105,0.116900146
46305,0.49187222
46505,0.012090008
46905,0.50197136
47005,0.0051088305
47105,0.0043552737
47205,0.16535738
47305,0.30593866
47605,0.43305445
47705,0.48836312
47805,0.31166473
47905,0.08960838
48205,0.079747304
48605,0.20108889
48705,0.013318905
49105,0.00939863
49205,0.35639104
49605,0.04921677
49705,0.0022899315
49905,0.13599506
50105,0.31625772
50305,0.0076333694
50405,0.0040160604
50605,0.01132962
50805,0.004333166
50905,0.07221397
51005,0.4399068
51205,0.0044742534
51605,0.048648234
51805,0.027521227
52005,0.14491534
52105,0.09452645
52505,0.2683539
52605,0.02615394
52705,0.00014844307
53205,0.109312534
53305,0.1380249
53405,0.013684591
53605,0.42357224
53905,0.012582494
54105,0.11861708
54205,0.6516711
54305,0.26949695
54405,0.44467878
54605,0.23350225
55005,0.60928303
55205,0.007315144
55405,0.013012065
55505,0.041212577
55605,0.12933013
56205,0.2847455
56505,0.36425135
56705,0.4717591
56805,0.3803635
57005,0.006060523
57105,0.1663782
57205,0.2505961
57305,0.029517408
57505,0.36111888
57905,0.24473375
58005,0.42165267
58205,0.019106643
58305,0.27480888
58505,0.042231776
58905,0.19799574
59105,0.12857246
59205,0.036149994
59505,0.003259644
59605,0.05265003
59805,0.03929382
59905,0.45461136
60405,0.001973437
60505,0.12797825
60805,0.49259084
61105,0.05276379
61305,0.040991724
61405,0.015368028
61705,0.41179132
62105,0.049805995
62405,0.63600093
62705,0.6245149
62805,0.40323076
63505,0.036749847
63605,0.08154555
63705,0.42882073
63805,0.47426048
63905,0.23381712
64305,0.53861016
64405,0.22572704
6,0.07557909
106,0.22484489
406,0.05932706
606,0.5201409
706,0.4684816
1006,0.099544756
1206,0.01146164
1706,0.39454415
2206,0.16388339
2706,0.0014419922
2806,0.067610264
2906,0.5344485
3006,0.05662446
3106,0.10512896
3206,0.11545731
3306,0.18564916
3406,0.008759978
3706,0.1883927
4006,0.012774861
4106,0.00074047723
4206,0.6185991
4406,0.08394711
4706,0.0069193365
4806,0.49193037
4906,0.063377954
5106,0.0033854572
5206,0.7350205
5706,0.52055746
5906,0.61244345
6206,0.6308459
6306,0.33572248
6506,0.67491466
6606,0.6599994
6806,0.6570679
6906,0.0061916527
7006,0.0058533256
7206,0.08600581
7406,0.12189398
7506,0.10315076
7706,0.03731026
7906,0.0598509
8106,0.044253863
8206,0.03459089
8306,0.09721431
8406,0.46509337
8506,0.1482345
8606,0.25577092
8706,0.25994852
8906,0.18746144
9006,0.11394184
9206,0.06315982
9506,0.04724912
9806,0.41731346
9906,0.4526784
10106,0.37699613
10406,0.55952394
10506,0.51440424
10606,0.18451501
10706,0.11590997
10906,0.44095442
11206,0.13742746
11306,0.007226744
11706,0.06877763
11906,0.5906031
12106,0.21043731
12406,0.4610857
12706,0.5918401
12906,0.0894807
13006,0.5325689
13406,0.524429
13506,0.38201275
13606,0.5894713
13706,0.47356385
13906,0.28054503
14306,0.6564766
14406,0.05294898
15406,0.051375266
15606,0.36637336
15706,0.851988
15806,0.28397834
15906,0.06335597
16106,0.042166617
16206,0.38608447
16306,0.114732236
16406,0.13928893
16506,0.016353294
16606,0.040587615
17006,0.39560664
17106,0.21963076
17206,0.25991917
17306,0.05618643
17406,0.108456016
17606,0.07085556
17706,0.17668821
17906,0.535282
18006,0.27707207
18106,0.0057384428
18206,0.005090531
18406,0.016388131
18506,0.12098128
18706,0.0120955575
18806,0.4600403
19106,0.06515413
19506,0.17459759
19606,0.010328273
19706,0.3719077
19806,0.028037274
20706,0.56493795
20806,0.09920043
20906,0.23515522
21106,0.4814402
21206,0.3820946
21406,0.24274895
21806,0.43794557
22006,0.25991133
22306,0.30462736
22406,0.5798115
22506,0.46599582
22606,0.6878714
22906,0.003546175
23006,0.0013687091
23206,0.48588824
23306,0.19434987
23606,0.47823697
23706,0.07940157
23806,0.34967408
23906,0.06321284
24106,0.14850429
24206,0.13373986
24406,0.043185372
24506,0.020906832
24606,0.008147043
24706,0.07355994
25306,0.034627084
25406,0.25190485
25806,0.027028892
26006,0.077125184
26106,0.034533624
26206,0.34880126
26306,0.47614536
26406,0.46342972
26606,0.46080878
26706,0.26642632
26806,0.025286155
26906,0.037196387
27006,0.35230166
27306,0.30329382
27406,0.04462125
27506,0.01898521
27906,0.0366143
28006,0.15054835
28106,0.15628926
28306,0.35340446
28406,0.5349093
29006,0.3120347
29106,0.5254677
29306,0.56175417
29606,0.548404
29706,0.29503715
29806,0.19810662
29906,0.5064724
30006,0.7283171
30106,0.21908046
30306,0.47014993
30406,0.59868515
30706,0.1803313
30806,0.1049248
31106,0.14599656
31206,0.5735013
31606,0.2533382
31706,0.10513767
31806,0.100694105
31906,0.41331935
32006,0.28552577
32106,0.12560052
32806,0.06630953
33006,0.098235875
33106,0.097076215
33506,0.09444091
33706,0.48411503
33806,0.14051889
33906,0.00044156416
34006,0.028218653
34206,0.0031790652
34306,0.037989326
34406,0.004540254
34506,0.017251417
34606,0.33332098
34806,0.0018073461
35006,0.08621989
35206,0.094587475
35306,0.14246592
35506,0.35634086
35606,0.045809563
35706,0.05542898
35906,0.048699528
36006,0.13004713
36106,0.37381452
36606,0.013775956
37206,0.031162195
37406,0.5370127
37506,0.22586375
37606,0.10822188
37706,0.1744102
38106,0.4330006
38206,0.4356769
38306,0.62692076
38406,0.4419584
38606,0.0793092
38806,0.3233031
39106,0.21591175
39206,0.00864094
39306,0.15893687
39406,0.0073469398
39606,0.05273144
39706,0.096785806
39906,0.20637408
40006,0.024587484
40206,0.13736255
40506,0.057747867
40606,0.5397714
41806,0.026255367
42006,0.37852234
42706,0.21325237
42906,0.29534644
43606,0.32028955
44206,0.10102207
44506,0.06948585
44706,0.37527853
44906,0.2996868
45206,0.18069227
45306,0.23902757
45506,0.110723116
45606,0.6368971
46106,0.08960998
46306,0.6502271
46506,0.06104066
46906,0.3985097
47006,0.0020014378
47106,0.018103315
47206,0.099959426
47306,0.27002177
47606,0.41484404
47706,0.3642198
47806,0.3618428
47906,0.105443425
48206,0.1677521
48606,0.19032563
48706,0.0125917215
49106,0.07256185
49206,0.48625755
49606,0.06937154
49706,0.0033554742
49906,0.10143396
50106,0.25376734
50306,0.019248044
50406,0.0705414
50606,0.12164459
50806,0.011172421
50906,0.05552676
51006,0.65133244
51206,0.0016340393
51606,0.045383096
51806,0.07500868
52006,0.09967936
52106,0.11427021
52506,0.37706843
52606,0.55427676
52706,0.0014725076
53206,0.19072415
53306,0.40305376
53406,0.010257215
53606,0.4319014
53906,0.027164184
54106,0.5858167
54206,0.66940594
54306,0.79174405
54406,0.483217
54606,0.15659355
55006,0.43588442
55206,0.04795852
55406,0.003546394
55506,0.18063937
55606,0.26105607
56206,0.081740364
56506,0.24264699
56706,0.3765339
56806,0.26304498
57006,0.027428225
57106,0.10631097
57206,0.21412101
57306,0.11767784
57506,0.44734204
57906,0.32347608
58006,0.34704894
58206,0.041587267
58306,0.28215396
58506,0.18972202
58906,0.41189566
59106,0.13341433
59206,0.12221214
59506,0.0018079723
59606,0.03221385
59806,0.19059655
59906,0.22125478
60406,0.004137
60506,0.11541435
60806,0.64133257
61106,0.19729145
61306,0.12900096
61406,0.058448177
61706,0.2726076
62106,0.5534702
62406,0.6284351
62706,0.5911824
62806,0.2705757
63506,0.03575528
63606,0.4159867
63706,0.23511775
63806,0.46610913
63906,0.0818955
64306,0.5604603
64406,0.2529482
7,0.15114541
107,0.36774528
407,0.01716929
607,0.198307
707,0.53540033
1007,0.17697652
1207,0.071179755
1707,0.35906324
2207,0.42188403
2707,0.003776944
2807,0.07970212
2907,0.5019864
3007,0.07478884
3107,0.21462414
3207,0.25533983
3307,0.18503964
3407,0.052857667
3707,0.49921632
4007,0.02111906
4107,0.006308988
4207,0.3880754
4407,0.14417739
4707,0.026694685
4807,0.5352077
4907,0.1690106
5107,0.021511743
5207,0.62562543
5707,0.66467035
5907,0.43404877
6207,0.6888838
6307,0.5737204
6507,0.43040448
6607,0.5564085
6807,0.48098207
6907,0.2112582
7007,0.012393789
7207,0.118775055
7407,0.067159936
7507,0.03980092
7707,0.54044175
7907,0.09633771
8107,0.03417506
8207,0.10319504
8307,0.20884252
8407,0.7053979
8507,0.3139035
8607,0.53514034
8707,0.28091216
8907,0.45382
9007,0.08392028
9207,0.32357505
9507,0.15488492
9807,0.45741534
9907,0.46893626
10107,0.7154612
10407,0.79094934
10507,0.56296813
10607,0.7717769
10707,0.6352163
10907,0.49599254
11207,0.21692313
11307,0.12290201
11707,0.2567797
11907,0.45309526
12107,0.6191561
12407,0.25474152
12707,0.3476381
12907,0.034391448
13007,0.17728922
13407,0.5785046
13507,0.33851618
13607,0.6529216
13707,0.7239043
13907,0.5509728
14307,0.5295424
14407,0.03651927
15407,0.016657872
15607,0.41104385
15707,0.44583857
15807,0.6349822
15907,0.27335674
16107,0.04109428
16207,0.37123147
16307,0.14891787
16407,0.2075989
16507,0.008928074
16607,0.05515731
17007,0.59527874
17107,0.56154364
17207,0.31976345
17307,0.23863848
17407,0.47331786
17607,0.19808799
17707,0.1664863
17907,0.57772136
18007,0.34476015
18107,0.011820857
18207,0.011348574
18407,0.061971545
18507,0.30879515
18707,0.07663015
18807,0.73681515
19107,0.01199417
19507,0.21267377
19607,0.014527098
19707,0.46587327
19807,0.10726845
20707,0.5576645
20807,0.104503855
20907,0.2538404
21107,0.3944436
21207,0.7344041
21407,0.1297868
21807,0.48137972
22007,0.3371608
22307,0.3309419
22407,0.52917564
22507,0.42895705
22607,0.45568138
22907,0.49345216
23007,0.03429796
23207,0.52373135
23307,0.4356485
23607,0.5362258
23707,0.39984003
23807,0.22985503
23907,0.48672158
24107,0.39277434
24207,0.28030777
24407,0.15911447
24507,0.062537335
24607,0.011978098
24707,0.06109066
25307,0.3872467
25407,0.12945876
25807,0.014734033
26007,0.013716254
26107,0.06795449
26207,0.721674
26307,0.50518155
26407,0.32643184
26607,0.3467227
26707,0.41425273
26807,0.08232541
26907,0.107647054
27007,0.4714707
27307,0.31544507
27407,0.06660939
27507,0.038694397
27907,0.047082704
28007,0.17382321
28107,0.040570926
28307,0.39949006
28407,0.44861498
29007,0.055597603
29107,0.44405153
29307,0.4874445
29607,0.71698993
29707,0.047926903
29807,0.20516095
29907,0.48401168
30007,0.4893736
30107,0.035227362
30307,0.54644173
30407,0.54529935
30707,0.18900253
30807,0.08534868
31107,0.28232193
31207,0.65755767
31607,0.6231958
31707,0.053342614
31807,0.4466101
31907,0.5068373
32007,0.39463824
32107,0.19710898
32807,0.03471102
33007,0.29595354
33107,0.18788825
33507,0.20610107
33707,0.53910303
33807,0.17072438
33907,0.0063116965
34007,0.0077244546
34207,0.062855616
34307,0.052573565
34407,0.004799096
34507,0.04260964
34607,0.5895918
34807,0.054555126
35007,0.123423286
35207,0.4279267
35307,0.17919283
35507,0.36682704
35607,0.23891024
35707,0.017811496
35907,0.06837319
36007,0.06898965
36107,0.6125966
36607,0.008458509
37207,0.10632107
37407,0.23172694
37507,0.20503603
37607,0.045607623
37707,0.1965454
38107,0.4950925
38207,0.24007036
38307,0.6110281
38407,0.1878382
38607,0.11498025
38807,0.21490453
39107,0.27198514
39207,0.47099194
39307,0.1003797
39407,0.066842355
39607,0.29145178
39707,0.007559848
39907,0.54449576
40007,0.18633834
40207,0.11227615
40507,0.46692458
40607,0.4254838
41807,0.041034926
42007,0.47972378
42707,0.37302294
42907,0.55521417
43607,0.08603728
44207,0.15019643
44507,0.7885732
44707,0.21848905
44907,0.19824366
45207,0.038459595
45307,0.3997873
45507,0.057527225
45607,0.6545625
46107,0.06334183
46307,0.4297554
46507,0.041116543
46907,0.7577693
47007,0.026272379
47107,0.017615078
47207,0.24345592
47307,0.21661122
47607,0.69255346
47707,0.28091064
47807,0.3218988
47907,0.4977885
48207,0.17421284
48607,0.4005009
48707,0.008247959
49107,0.014295453
49207,0.45828423
49607,0.62505996
49707,0.007418609
49907,0.18882981
50107,0.23039837
50307,0.03349991
50407,0.021643361
50607,0.23006749
50807,0.027888833
50907,0.09938776
51007,0.31626815
51207,0.036966097
51607,0.7550645
51807,0.24803443
52007,0.8037194
52107,0.062353007
52507,0.7760812
52607,0.22474997
52707,0.0002806398
53207,0.15423074
53307,0.30469754
53407,0.13757405
53607,0.44576022
53907,0.00972234
54107,0.56321293
54207,0.45295268
54307,0.29059625
54407,0.4591298
54607,0.09772944
55007,0.5395316
55207,0.03727586
55407,0.041779518
55507,0.13774565
55607,0.09680834
56207,0.050348453
56507,0.25318602
56707,0.5909576
56807,0.43707263
57007,0.015929883
57107,0.19284704
57207,0.7474516
57307,0.75887406
57507,0.40622726
57907,0.6902388
58007,0.42499453
58207,0.06531791
58307,0.7265517
58507,0.10223808
58907,0.14428127
59107,0.05531456
59207,0.62100226
59507,0.011277734
59607,0.03961517
59807,0.06868965
59907,0.1553131
60407,0.010669262
60507,0.030906038
60807,0.38621354
61107,0.40698463
61307,0.07923184
61407,0.017840357
61707,0.21276845
62107,0.151339
62407,0.5518415
62707,0.6002978
62807,0.5141202
63507,0.015871562
63607,0.3764126
63707,0.43435115
63807,0.42827103
63907,0.153059
64307,0.46328884
64407,0.6272337
8,0.8085609
108,0.6743909
408,0.025697224
608,0.18309902
708,0.6091941
1008,0.55556446
1208,0.37568647
1708,0.6682515
2208,0.25123703
2708,0.07871837
2808,0.361449
2908,0.49394828
3008,0.044655062
3108,0.5412166
3208,0.29029998
3308,0.42094582
3408,0.0149730705
3708,0.27517152
4008,0.040379092
4108,0.0015845116
4208,0.08111523
4408,0.75936866
4708,0.016557416
4808,0.55036753
4908,0.09588893
5108,0.09254955
5208,0.27578756
5708,0.31020597
5908,0.63333416
6208,0.46023202
6308,0.49526215
6508,0.40770385
6608,0.49599886
6808,0.41734564
6908,0.08264748
7008,0.4078918
7208,0.0145624
7408,0.43063116
7508,0.056173854
7708,0.33848476
7908,0.6811217
8108,0.15754572
8208,0.15251374
8308,0.36860734
8408,0.664341
8508,0.72420424
8608,0.54742926
8708,0.7778206
8908,0.87807137
9008,0.40757182
9208,0.49267128
9508,0.077894345
9808,0.58010304
9908,0.72711384
10108,0.43299794
10408,0.6143572
10508,0.5632359
10608,0.76411605
10708,0.28014955
10908,0.40794718
11208,0.47062224
11308,0.13470283
11708,0.060993023
11908,0.5580112
12108,0.06807307
12408,0.32092845
12708,0.31529656
12908,0.06327085
13008,0.03593306
13408,0.6639123
13508,0.64809775
13608,0.5923134
13708,0.5648571
13908,0.2795559
14308,0.38184896
14408,0.7430163
15408,0.052044347
15608,0.51746196
15708,0.13920128
15808,0.4575502
15908,0.65035594
16108,0.30900535
16208,0.5693689
16308,0.19734211
16408,0.79126173
16508,0.025810508
16608,0.19555426
17008,0.5131549
17108,0.4752171
17208,0.532537
17308,0.33163133
17408,0.21301086
17608,0.11213123
17708,0.6097824
17908,0.6778822
18008,0.77585465
18108,0.020235311
18208,0.058283467
18408,0.009705111
18508,0.5711909
18708,0.18926455
18808,0.55355644
19108,0.016538173
19508,0.44367996
19608,0.0547535
19708,0.5547889
19808,0.118013434
20708,0.2915488
20808,0.100256145
20908,0.3539976
21108,0.36576483
21208,0.3663979
21408,0.09354051
21808,0.4133785
22008,0.540873
22308,0.06898606
22408,0.56232464
22508,0.5382822
22608,0.3600437
22908,0.002241984
23008,0.04333111
23208,0.59852874
23308,0.14001401
23608,0.4333691
23708,0.08479118
23808,0.32560557
23908,0.057490434
24108,0.21279828
24208,0.17469963
24408,0.6385536
24508,0.3762422
24608,0.5617494
24708,0.44546518
25308,0.037461877
25408,0.16512954
25808,0.8021976
26008,0.050579876
26108,0.52966094
26208,0.4210439
26308,0.6076201
26408,0.22425409
26608,0.56305444
26708,0.35120437
26808,0.17575878
26908,0.7256408
27008,0.54938406
27308,0.63455594
27408,0.80795723
27508,0.041863967
27908,0.33910593
28008,0.1101641
28108,0.48023683
28308,0.3734031
28408,0.31101048
29008,0.6191017
29108,0.30633602
29308,0.48297775
29608,0.56723386
29708,0.03659411
29808,0.28171673
29908,0.6203698
30008,0.21905543
30108,0.17300421
30308,0.65385914
30408,0.25737357
30708,0.276889
30808,0.39743713
31108,0.45722723
31208,0.46521944
31608,0.503307
31708,0.64961433
31808,0.21784244
31908,0.30607337
32008,0.47020364
32108,0.7228505
32808,0.2240197
33008,0.2993776
33108,0.31200582
33508,0.18065892
33708,0.7037574
33808,0.8223818
33908,0.18199466
34008,0.032200217
34208,0.017348386
34308,0.860086
34408,0.036788788
34508,0.26648498
34608,0.58413076
34808,0.011124292
35008,0.1898042
35208,0.5564389
35308,0.06953972
35508,0.44248793
35608,0.16479656
35708,0.04503533
35908,0.22636347
36008,0.3576399
36108,0.72253054
36608,0.0146544045
37208,0.10575147
37408,0.21439672
37508,0.2911585
37608,0.4341313
37708,0.69442093
38108,0.65923274
38208,0.3188009
38308,0.44632888
38408,0.16285346
38608,0.7699361
38808,0.4445098
39108,0.44295898
39208,0.005852504
39308,0.02352309
39408,0.062738374
39608,0.056830544
39708,0.01446631
39908,0.72181034
40008,0.4340173
40208,0.721579
40508,0.12306869
40608,0.52308595
41808,0.05738525
42008,0.67610866
42708,0.31597462
42908,0.70106214
43608,0.48014522
44208,0.04624377
44508,0.05314736
44708,0.37434012
44908,0.44742575
45208,0.01500416
45308,0.16023971
45508,0.37222442
45608,0.52110684
46108,0.14887635
46308,0.4461479
46508,0.7418434
46908,0.60876733
47008,0.31933984
47108,0.8901837
47208,0.37175685
47308,0.21006572
47608,0.376814
47708,0.5413884
47808,0.16259843
47908,0.17487189
48208,0.32883865
48608,0.5270695
48708,0.08764365
49108,0.28258526
49208,0.4674478
49608,0.091850676
49708,0.028943278
49908,0.55739635
50108,0.7347955
50308,0.0967861
50408,0.025041886
50608,0.017381959
50808,0.10687203
50908,0.162845
51008,0.27552217
51208,0.05848185
51608,0.041136336
51808,0.08116289
52008,0.06856239
52108,0.2420673
52508,0.39452076
52608,0.19284527
52708,0.007950508
53208,0.0840678
53308,0.09842394
53408,0.012633154
53608,0.41630998
53908,0.14682673
54108,0.58420396
54208,0.21724048
54308,0.22142185
54408,0.39169815
54608,0.54502475
55008,0.710653
55208,0.10894965
55408,0.03035667
55508,0.6570201
55608,0.5178636
56208,0.13917826
56508,0.4664864
56708,0.5338015
56808,0.58038735
57008,0.8793162
57108,0.7767248
57208,0.44887108
57308,0.20474482
57508,0.47410488
57908,0.33388117
58008,0.56939995
58208,0.8481902
58308,0.5005021
58508,0.2299409
58908,0.2550979
59108,0.55693376
59208,0.6470814
59508,0.8423345
59608,0.07592932
59808,0.547
59908,0.13339397
60408,0.86211175
60508,0.06362629
60808,0.35444188
61108,0.77633405
61308,0.81705236
61408,0.8426562
61708,0.38832617
62108,0.086194865
62408,0.4851331
62708,0.557865
62808,0.5090254
63508,0.6622148
63608,0.16433688
63708,0.30745253
63808,0.6232914
63908,0.6515491
64308,0.45777798
64408,0.31422013
9,0.11442363
109,0.2669041
409,0.009048594
609,0.56919384
709,0.48187342
1009,0.19107427
1209,0.040086534
1709,0.595662
2209,0.28772682
2709,0.027141882
2809,0.14652431
2909,0.514982
3009,0.5932878
3109,0.12620667
3209,0.07154478
3309,0.39486572
3409,0.024782795
3709,0.3323038
4009,0.019697273
4109,0.26959267
4209,0.19074042
4409,0.20067804
4709,0.0092327325
4809,0.42023712
4909,0.6347415
5109,0.07305167
5209,0.41451633
5709,0.21772115
5909,0.6614417
6209,0.30136895
6309,0.42076477
6509,0.29581338
6609,0.5761206
6809,0.29713997
6909,0.013532677
7009,0.074574865
7209,0.045744937
7409,0.16958924
7509,0.85354555
7709,0.04190387
7909,0.08427594
8109,0.68438345
8209,0.33454233
8309,0.085452184
8409,0.3700144
8509,0.5186225
8609,0.40012023
8709,0.4966743
8909,0.4504401
9009,0.21544607
9209,0.25969106
9509,0.528238
9809,0.6331386
9909,0.6052639
10109,0.24820566
10409,0.37335566
10509,0.47429675
10609,0.12509476
10709,0.030338509
10909,0.36075336
11209,0.20665824
11309,0.019005498
11709,0.0961122
11909,0.5418005
12109,0.21194111
12409,0.73023623
12709,0.2892998
12909,0.8850195
13009,0.13690765
13409,0.4458948
13509,0.49766308
13609,0.35891324
13709,0.21079698
13909,0.10931637
14309,0.513731
14409,0.07711031
15409,0.46111515
15609,0.34810314
15709,0.23068646
15809,0.18232176
15909,0.11236927
16109,0.07407651
16209,0.42075685
16309,0.09860582
16409,0.20715992
16509,0.0025167365
16609,0.03494342
17009,0.52090454
17109,0.24467185
17209,0.63430965
17309,0.0604587
17409,0.14300825
17609,0.08374812
17709,0.5940333
17909,0.5174299
18009,0.37484723
18109,0.019961476
18209,0.009946019
18409,0.0072738887
18509,0.26253286
18709,0.03236144
18809,0.34264764
19109,0.25356784
19509,0.63175625
19609,0.22871456
19709,0.47050792
19809,0.23575406
20709,0.280941
20809,0.7237771
20909,0.4505967
21109,0.3468417
21209,0.22648647
21409,0.65199155
21809,0.28005186
22009,0.337546
22309,0.30000505
22409,0.48190615
22509,0.4348856
22609,0.51860595
22909,0.0073427265
23009,0.019388845
23209,0.28051916
23309,0.20503381
23609,0.2717221
23709,0.31413904
23809,0.7299133
23909,0.07086734
24109,0.42148012
24209,0.17586015
24409,0.13289724
24509,0.08001092
24609,0.03444882
24709,0.4333313
25309,0.08936074
25409,0.13195057
25809,0.101791844
26009,0.15820408
26109,0.6021225
26209,0.1657301
26309,0.6104088
26409,0.07776914
26609,0.5796366
26709,0.4382333
26809,0.024108015
26909,0.11386921
27009,0.31599826
27309,0.44466066
27409,0.0823227
27509,0.21853691
27909,0.06863623
28009,0.30509156
28109,0.40185001
28309,0.62582475
28409,0.56707805
29009,0.4083096
29109,0.34150678
29309,0.50675774
29609,0.28958416
29709,0.6954678
29809,0.573715
29909,0.3216479
30009,0.32655212
30109,0.7349598
30309,0.36809042
30409,0.47132277
30709,0.19189383
30809,0.15444236
31109,0.06865914
31209,0.42856508
31609,0.19336382
31709,0.2863356
31809,0.43226466
31909,0.40119812
32009,0.28122514
32109,0.10111152
32809,0.7059324
33009,0.25884175
33109,0.19236954
33509,0.4889555
33709,0.47039354
33809,0.29733974
33909,0.0016091297
34009,0.28579906
34209,0.0071572876
34309,0.35414448
34409,0.021204118
34509,0.06094605
34609,0.34686652
34809,0.0013728216
35009,0.57195264
35209,0.14854153
35309,0.082257345
35509,0.6187261
35609,0.5117696
35709,0.06455786
35909,0.075180195
36009,0.26580203
36109,0.36800963
36609,0.3580489
37209,0.3046133
37409,0.58589137
37509,0.54847944
37609,0.8613413
37709,0.53399664
38109,0.35102314
38209,0.2515566
38309,0.39977032
38409,0.5537923
38609,0.5471229
38809,0.47508916
39109,0.42828858
39209,0.00817086
39309,0.11587048
39409,0.1186072
39609,0.07597487
39709,0.43131667
39909,0.23881358
40009,0.084578246
40209,0.5949439
40509,0.02399605
40609,0.70752364
41809,0.22710264
42009,0.5159027
42709,0.07876408
42909,0.2912791
43609,0.32135886
44209,0.17586851
44509,0.034087446
44709,0.24120538
44909,0.685414
45209,0.13406315
45309,0.27952686
45509,0.15398517
45609,0.4683833
46109,0.15160719
46309,0.52397555
46509,0.039664485
46909,0.3128346
47009,0.055677727
47109,0.008836576
47209,0.43604887
47309,0.3412296
47609,0.34070197
47709,0.62739253
47809,0.6195009
47909,0.16686158
48209,0.15296671
48609,0.19624823
48709,0.025500739
49109,0.08211382
49209,0.22002232
49609,0.057831
49709,0.016793322
49909,0.16649297
50109,0.53862196
50309,0.02164329
50409,0.028559994
50609,0.02446435
50809,0.016850727
50909,0.075294495
51009,0.21667784
51209,0.00737636
51609,0.044699173
51809,0.15283072
52009,0.093450904
52109,0.20226444
52509,0.09477415
52609,0.70392454
52709,0.99190027
53209,0.4956661
53309,0.31325093
53409,0.1307702
53609,0.50764716
53909,0.8189666
54109,0.13462047
54209,0.52819484
54309,0.37206605
54409,0.5774466
54609,0.20708731
55009,0.41987562
55209,0.34929124
55409,0.058245037
55509,0.19153473
55609,0.2064391
56209,0.68142116
56509,0.6317681
56709,0.34872794
56809,0.2008684
57009,0.29654464
57109,0.3870925
57209,0.21368344
57309,0.025927048
57509,0.54976016
57909,0.27683204
58009,0.43650457
58209,0.34854156
58309,0.28917927
58509,0.6950388
58909,0.5842843
59109,0.66873634
59209,0.06408442
59509,0.045272987
59609,0.7890485
59809,0.17859569
59909,0.66796607
60409,0.0056348206
60509,0.33832955
60809,0.5756867
61109,0.05234042
61309,0.048426908
61409,0.046608444
61709,0.4617064
62109,0.091368906
62409,0.4178859
62709,0.4898117
62809,0.27715296
63509,0.040569123
63609,0.052342467
63709,0.34991276
63809,0.38982326
63909,0.31570315
64309,0.57158995
64409,0.10933267
10,0.91887504
110,0.6889572
410,0.5515945
610,0.6176141
710,0.53923506
1010,0.8098928
1210,0.7213837
1710,0.6609187
2210,0.545352
2710,0.022671212
2810,0.9193349
2910,0.61847204
3010,0.70999503
3110,0.34215534
3210,0.31446186
3310,0.33087274
3410,0.8662043
3710,0.31154117
4010,0.4759391
4110,0.005453108
4210,0.21924211
4410,0.6539118
4710,0.081947565
4810,0.517355
4910,0.6698252
5110,0.022458317
5210,0.28096873
5710,0.33920625
5910,0.7012214
6210,0.34834632
6310,0.30884287
6510,0.37219864
6610,0.47408113
6810,0.27819592
6910,0.01131451
7010,0.36622918
7210,0.07316891
7410,0.52717656
7510,0.83363205
7710,0.33011365
7910,0.20355023
8110,0.5205314
8210,0.238025
8310,0.3412493
8410,0.44856837
8510,0.5065285
8610,0.4078649
8710,0.3613438
8910,0.36660212
9010,0.36651012
9210,0.29432863
9510,0.8080169
9810,0.49357772
9910,0.5003469
10110,0.632789
10410,0.4450478
10510,0.551744
10610,0.15658882
10710,0.030742547
10910,0.11525544
11210,0.5687048
11310,0.13995054
11710,0.045165546
11910,0.5804796
12110,0.6564634
12410,0.83790725
12710,0.48834604
12910,0.57037014
13010,0.19520216
13410,0.40509504
13510,0.6242365
13610,0.53019524
13710,0.21227625
13910,0.083394304
14310,0.48036104
14410,0.928471
15410,0.51895344
15610,0.18601274
15710,0.73470724
15810,0.56457764
15910,0.4220298
16110,0.31662455
16210,0.48679006
16310,0.27748305
16410,0.74468964
16510,0.7775519
16610,0.8522442
17010,0.32149902
17110,0.6055566
17210,0.59375507
17310,0.81113654
17410,0.7536695
17610,0.704247
17710,0.5922579
17910,0.44274437
18010,0.6764931
18110,0.11725263
18210,0.07901253
18410,0.6502915
18510,0.5937805
18710,0.03997142
18810,0.644342
19110,0.24221379
19510,0.68408316
19610,0.22164768
19710,0.5257683
19810,0.12861529
20710,0.5630327
20810,0.8214958
20910,0.62329656
21110,0.41441202
21210,0.43037784
21410,0.09473742
21810,0.23885007
22010,0.67739385
22310,0.09055207
22410,0.5506901
22510,0.34297314
22610,0.4895749
22910,0.0062405765
23010,0.05452729
23210,0.41342652
23310,0.19573756
23610,0.22083366
23710,0.41767228
23810,0.7129984
23910,0.8166606
24110,0.65725946
24210,0.60421807
24410,0.20118804
24510,0.111701235
24610,0.1900941
24710,0.5660817
25310,0.76393634
25410,0.41757742
25810,0.92979074
26010,0.2975871
26110,0.40791515
26210,0.6606598
26310,0.5049851
26410,0.2178869
26610,0.32404518
26710,0.30774203
26810,0.015360767
26910,0.5362523
27010,0.49719608
27310,0.7779901
27410,0.09995545
27510,0.061976895
27910,0.50748307
28010,0.41296843
28110,0.69949675
28310,0.50678265
28410,0.5108072
29010,0.7944242
29110,0.3620223
29310,0.4341735
29610,0.33699027
29710,0.6243731
29810,0.7833962
29910,0.5534801
30010,0.27604684
30110,0.8401337
30310,0.39673603
30410,0.46542895
30710,0.84645885
30810,0.7704512
31110,0.8917618
31210,0.5821834
31610,0.32696542
31710,0.9170814
31810,0.8221958
31910,0.50393623
32010,0.6849036
32110,0.7109908
32810,0.8289356
33010,0.71280134
33110,0.80704826
33510,0.5690703
33710,0.50797284
33810,0.7471567
33910,0.092836626
34010,0.17019787
34210,0.12407701
34310,0.654365
34410,0.12615418
34510,0.38121015
34610,0.4297976
34810,0.5098311
35010,0.62810296
35210,0.21593724
35310,0.117296115
35510,0.55710393
35610,0.8933777
35710,0.15708524
35910,0.5925807
36010,0.88795084
36110,0.5044741
36610,0.89052254
37210,0.1422426
37410,0.5394048
37510,0.49667323
37610,0.78869104
37710,0.21972974
38110,0.33493394
38210,0.3145909
38310,0.27407455
38410,0.5438022
38610,0.52552235
38810,0.57172817
39110,0.16413154
39210,0.013798849
39310,0.041871946
39410,0.06548729
39610,0.24955362
39710,0.020054828
39910,0.6090804
40010,0.18500909
40210,0.6810561
40510,0.42953435
40610,0.49623233
41810,0.6675121
42010,0.58802694
42710,0.1725009
42910,0.29493132
43610,0.84057045
44210,0.45014656
44510,0.8450708
44710,0.4911652
44910,0.5698011
45210,0.0589562
45310,0.08823999
45510,0.3709208
45610,0.45551553
46110,0.2563648
46310,0.48349896
46510,0.8646479
46910,0.58904237
47010,0.04762373
47110,0.9374629
47210,0.76790386
47310,0.6241265
47610,0.4412995
47710,0.6227557
47810,0.2819361
47910,0.63337374
48210,0.706719
48610,0.703457
48710,0.79986805
49110,0.92965275
49210,0.33828032
49610,0.34339064
49710,0.06728933
49910,0.8672591
50110,0.7091654
50310,0.13418941
50410,0.024782134
50610,0.19378562
50810,0.010006835
50910,0.7997666
51010,0.4709805
51210,0.0667936
51610,0.01877633
51810,0.45217
52010,0.4401524
52110,0.18710655
52510,0.43782276
52610,0.8184722
52710,0.22410533
53210,0.2876112
53310,0.33811373
53410,0.005765011
53610,0.47390592
53910,0.6021735
54110,0.68460727
54210,0.52967227
54310,0.57013077
54410,0.63175863
54610,0.54638815
55010,0.48369145
55210,0.25605705
55410,0.04163636
55510,0.8080669
55610,0.8241484
56210,0.38399264
56510,0.6081311
56710,0.57888114
56810,0.5195544
57010,0.7581067
57110,0.7210601
57210,0.35007617
57310,0.3949791
57510,0.49321043
57910,0.59573984
58010,0.5266384
58210,0.6904976
58310,0.20663312
58510,0.2951957
58910,0.6620575
59110,0.59238774
59210,0.5130118
59510,0.11832254
59610,0.744518
59810,0.7127696
59910,0.53101224
60410,0.82988775
60510,0.79730844
60810,0.43470395
61110,0.42427805
61310,0.6910589
61410,0.90249455
61710,0.45265085
62110,0.81602305
62410,0.2643778
62710,0.46589565
62810,0.5563544
63510,0.8392258
63610,0.18771017
63710,0.50424135
63810,0.34476107
63910,0.55301183
64310,0.5739995
64410,0.7039565
11,0.015200016
111,0.43375883
411,0.7935203
611,0.25727418
711,0.6220466
1011,0.1601654
1211,0.1931138
1711,0.3342169
2211,0.07886487
2711,0.0056019314
2811,0.05877056
2911,0.4092614
3011,0.04536175
3111,0.53649175
3211,0.12965812
3311,0.53767633
3411,0.05220495
3711,0.25674617
4011,0.034177076
4111,0.0010633967
4211,0.070694335
4411,0.109958656
4711,0.015973542
4811,0.56110495
4911,0.06551281
5111,0.065607496
5211,0.25854757
5711,0.5213407
5911,0.5399608
6211,0.3984438
6311,0.35962772
6511,0.3607185
6611,0.5651691
6811,0.46847215
6911,0.016867073
7011,0.02377415
7211,0.029635577
7411,0.10089962
7511,0.092337504
7711,0.07894069
7911,0.031123308
8111,0.03956494
8211,0.4630451
8311,0.11387773
8411,0.4223986
8511,0.21208078
8611,0.51603985
8711,0.21603851
8911,0.120346
9011,0.015137139
9211,0.15957859
9511,0.05728993
9811,0.29877004
9911,0.19599919
10111,0.14972644
10411,0.3853274
10511,0.53007215
10611,0.008529976
10711,0.006291023
10911,0.24195163
11211,0.14885895
11311,0.06260058
11711,0.08811291
11911,0.62418854
12111,0.24972796
12411,0.1710228
12711,0.4735139
12911,0.06920076
13011,0.023432871
13411,0.520582
13511,0.56506723
13611,0.48178902
13711,0.2793093
13911,0.07356438
14311,0.53628373
14411,0.004397717
15411,0.019163106
15611,0.4655143
15711,0.08862672
15811,0.2944833
15911,0.08026201
16111,0.12085241
16211,0.41728562
16311,0.910564
16411,0.21589866
16511,0.7335763
16611,0.10447408
17011,0.46793282
17111,0.50497204
17211,0.49898896
17311,0.17719355
17411,0.6221534
17611,0.09131821
17711,0.29939014
17911,0.46634358
18011,0.16480368
18111,0.15279159
18211,0.00951789
18411,0.025486931
18511,0.04149302
18711,0.05973901
18811,0.3214775
19111,0.032633573
19511,0.2752566
19611,0.09170681
19711,0.370325
19811,0.042275872
20711,0.42824385
20811,0.073203586
20911,0.25204456
21111,0.50975895
21211,0.36697698
21411,0.07717221
21811,0.44876635
22011,0.24578394
22311,0.05397689
22411,0.5518606
22511,0.5723283
22611,0.4712535
22911,0.007064649
23011,0.08355047
23211,0.372802
23311,0.20458134
23611,0.30338317
23711,0.108550206
23811,0.24921557
23911,0.0723507
24111,0.33014536
24211,0.24464951
24411,0.10794164
24511,0.04553129
24611,0.025361896
24711,0.029137887
25311,0.19187437
25411,0.043066364
25811,0.0028028595
26011,0.025974616
26111,0.06019328
26211,0.293798
26311,0.5539022
26411,0.010218863
26611,0.54477435
26711,0.3766425
26811,0.089789934
26911,0.071941935
27011,0.419563
27311,0.3781897
27411,0.7180594
27511,0.04468681
27911,0.09555438
28011,0.16101436
28111,0.044863205
28311,0.4418773
28411,0.44371673
29011,0.1312708
29111,0.54186016
29311,0.6594417
29611,0.2599606
29711,0.07907641
29811,0.1424359
29911,0.50329244
30011,0.24927197
30111,0.028298661
30311,0.5085336
30411,0.31764853
30711,0.049492985
30811,0.093219884
31111,0.06994949
31211,0.3519792
31611,0.22658871
31711,0.04215462
31811,0.05311468
31911,0.5192611
32011,0.2807351
32111,0.078181006
32811,0.10469197
33011,0.4075085
33111,0.5218958
33511,0.19514649
33711,0.37765163
33811,0.12951748
33911,0.013923724
34011,0.111486524
34211,0.0096629085
34311,0.012652218
34411,0.018952673
34511,0.0399586
34611,0.17493084
34811,0.03370061
35011,0.2128902
35211,0.35873774
35311,0.089894615
35511,0.4839728
35611,0.05478072
35711,0.032793544
35911,0.17144766
36011,0.021393068
36111,0.4785329
36611,0.031262074
37211,0.09047921
37411,0.39638114
37511,0.43516895
37611,0.050768346
37711,0.19633447
38111,0.39108184
38211,0.115924366
38311,0.45443946
38411,0.21551974
38611,0.36394072
38811,0.1818742
39111,0.152235
39211,0.014463307
39311,0.09375729
39411,0.024094895
39611,0.030245285
39711,0.023781545
39911,0.16784702
40011,0.073887356
40211,0.47164336
40511,0.2305855
40611,0.3942264
41811,0.03147561
42011,0.23017175
42711,0.49308515
42911,0.06819827
43611,0.19040528
44211,0.12883234
44511,0.023503326
44711,0.534523
44911,0.27539346
45211,0.034627732
45311,0.08164307
45511,0.13547035
45611,0.50011516
46111,0.030648557
46311,0.48501655
46511,0.011156225
46911,0.5207449
47011,0.04448865
47111,0.0034856177
47211,0.15726027
47311,0.41731012
47611,0.36424682
47711,0.54371834
47811,0.3584326
47911,0.14329448
48211,0.17229742
48611,0.24095166
48711,0.4760222
49111,0.0276655
49211,0.5592742
49611,0.24940446
49711,0.22376151
49911,0.110506296
50111,0.30513957
50311,0.021426588
50411,0.032510184
50611,0.028189424
50811,0.025148293
50911,0.01602108
51011,0.09780686
51211,0.018039506
51611,0.027216723
51811,0.04083386
52011,0.11718839
52111,0.13313341
52511,0.076738924
52611,0.091918126
52711,0.007051102
53211,0.13142942
53311,0.31119734
53411,0.020983566
53611,0.70721203
53911,0.04382339
54111,0.17239115
54211,0.37472543
54311,0.1834472
54411,0.43980816
54611,0.059572138
55011,0.5652503
55211,0.007428068
55411,0.016220082
55511,0.06724848
55611,0.15231213
56211,0.090472884
56511,0.26012695
56711,0.4601419
56811,0.14809236
57011,0.003613063
57111,0.07194473
57211,0.48167208
57311,0.114128344
57511,0.46671024
57911,0.27491674
58011,0.23664786
58211,0.021268768
58311,0.13147564
58511,0.15077236
58911,0.14342624
59111,0.10388871
59211,0.03812203
59511,0.006700163
59611,0.033910155
59811,0.12073314
59911,0.2649148
60411,0.001317034
60511,0.051100247
60811,0.54779065
61111,0.041513633
61311,0.27583283
61411,0.01862924
61711,0.33962876
62111,0.19189805
62411,0.44466862
62711,0.49560636
62811,0.35495156
63511,0.061661016
63611,0.37564084
63711,0.63286585
63811,0.53663343
63911,0.14349043
64311,0.5203717
64411,0.28747752
12,0.027518846
112,0.3268904
412,0.08112257
612,0.3582097
712,0.55977964
1012,0.075689405
1212,0.0129871955
1712,0.40420723
2212,0.05323127
2712,0.0036047038
2812,0.030481473
2912,0.1604273
3012,0.13097188
3112,0.38335586
3212,0.06677482
3312,0.2761537
3412,0.009070271
3712,0.12633
4012,0.004800515
4112,0.2329927
4212,0.18918788
4412,0.047021158
4712,0.0059971143
4812,0.5355363
4912,0.07287661
5112,0.028902985
5212,0.39845657
5712,0.3685638
5912,0.45467606
6212,0.42055726
6312,0.64277333
6512,0.1899229
6612,0.5986287
6812,0.24902797
6912,0.26517323
7012,0.01404442
7212,0.1880798
7412,0.08372536
7512,0.2532616
7712,0.013533421
7912,0.012727174
8112,0.021971118
8212,0.10169656
8312,0.11352173
8412,0.251157
8512,0.06386081
8612,0.29185057
8712,0.05818557
8912,0.08120913
9012,0.012846574
9212,0.22034657
9512,0.11672112
9812,0.26494232
9912,0.15622458
10112,0.10677824
10412,0.3420885
10512,0.5315157
10612,0.030454952
10712,0.06198007
10912,0.2752332
11212,0.08630621
11312,0.032130487
11712,0.3786133
11912,0.60307753
12112,0.03697525
12412,0.15051666
12712,0.5260424
12912,0.08181354
13012,0.08663916
13412,0.57411826
13512,0.46994746
13612,0.4131993
13712,0.36699864
13912,0.24068096
14312,0.58414143
14412,0.0018256338
15412,0.017338611
15612,0.30247515
15712,0.03872205
15812,0.12548281
15912,0.022490598
16112,0.037425034
16212,0.4354833
16312,0.22031938
16412,0.19589275
16512,0.037519634
16612,0.025031941
17012,0.5544918
17112,0.13944684
17212,0.32503483
17312,0.046608087
17412,0.13688001
17612,0.027122565
17712,0.1761375
17912,0.4250561
18012,0.22269334
18112,0.030468399
18212,0.00381405
18412,0.009034588
18512,0.04830917
18712,0.072753765
18812,0.1425584
19112,0.030545773
19512,0.23106319
19612,0.033541515
19712,0.3184121
19812,0.05840108
20712,0.532324
20812,0.14228277
20912,0.23571293
21112,0.4530616
21212,0.3201019
21412,0.060982693
21812,0.4021963
22012,0.24760863
22312,0.23492078
22412,0.49003512
22512,0.6223146
22612,0.39396924
22912,0.7800827
23012,0.0356433
23212,0.30505264
23312,0.21542677
23612,0.34288982
23712,0.118113905
23812,0.18660308
23912,0.029893834
24112,0.27298546
24212,0.37651798
24412,0.070479214
24512,0.028992917
24612,0.01850364
24712,0.018437969
25312,0.06426067
25412,0.08126568
25812,0.0014572816
26012,0.007688829
26112,0.03500724
26212,0.17009237
26312,0.4661902
26412,0.045726214
26612,0.43418106
26712,0.32448867
26812,0.012644983
26912,0.015868949
27012,0.46824384
27312,0.39019558
27412,0.031604532
27512,0.11450649
27912,0.053546637
28012,0.11980561
28112,0.022098998
28312,0.37215525
28412,0.6282246
29012,0.0640174
29112,0.3452341
29312,0.6041239
29612,0.27704558
29712,0.3796313
29812,0.08326779
29912,0.44792426
30012,0.3883268
30112,0.021307984
30312,0.40585887
30412,0.5060626
30712,0.023888597
30812,0.022966575
31112,0.02572027
31212,0.40558007
31612,0.11363067
31712,0.03758719
31812,0.07066806
31912,0.5126188
32012,0.22580425
32112,0.09459745
32812,0.11334185
33012,0.13511679
33112,0.19299923
33512,0.1287341
33712,0.2518532
33812,0.13061133
33912,0.003268199
34012,0.019599728
34212,0.015662627
34312,0.011138428
34412,0.007634128
34512,0.01734872
34612,0.08852726
34812,0.005200358
35012,0.12274118
35212,0.5698631
35312,0.049773455
35512,0.27385452
35612,0.057487365
35712,0.016721038
35912,0.03695749
36012,0.010804203
36112,0.49451756
36612,0.012240835
37212,0.17293307
37412,0.42124897
37512,0.23598629
37612,0.044762295
37712,0.08797694
38112,0.53927773
38212,0.16263473
38312,0.6220239
38412,0.37825924
38612,0.14231244
38812,0.20843968
39112,0.23992789
39212,0.61978054
39312,0.18105482
39412,0.11376044
39612,0.059784494
39712,0.09056381
39912,0.19922785
40012,0.005997603
40212,0.1970004
40512,0.05121248
40612,0.20308854
41812,0.03406867
42012,0.19297968
42712,0.22747561
42912,0.13240312
43612,0.06974311
44212,0.045100138
44512,0.009940885
44712,0.3977643
44912,0.47775033
45212,0.012487821
45312,0.23648567
45512,0.046732247
45612,0.56335115
46112,0.13354956
46312,0.51051986
46512,0.006956388
46912,0.23014684
47012,0.013494072
47112,0.0035397809
47212,0.1478459
47312,0.3712521
47612,0.532633
47712,0.45762044
47812,0.4510378
47912,0.09125767
48212,0.11698114
48612,0.10364782
48712,0.052757572
49112,0.00960155
49212,0.36101916
49612,0.03927082
49712,0.02434029
49912,0.113290586
50112,0.4192438
50312,0.0060681854
50412,0.016482608
50612,0.076135464
50812,0.015020743
50912,0.009487102
51012,0.081700124
51212,0.034416076
51612,0.3114959
51812,0.034535732
52012,0.06185667
52112,0.07853568
52512,0.0795159
52612,0.06346046
52712,0.05840306
53212,0.1529347
53312,0.1870243
53412,0.16331284
53612,0.46008056
53912,0.018086655
54112,0.15837462
54212,0.617284
54312,0.19015144
54412,0.43681073
54612,0.11974895
55012,0.55580205
55212,0.007567347
55412,0.071424395
55512,0.022643896
55612,0.096005425
56212,0.12239953
56512,0.39898866
56712,0.25976196
56812,0.086801834
57012,0.0026808141
57112,0.025928468
57212,0.13768272
57312,0.015160892
57512,0.24935749
57912,0.3209336
58012,0.19794412
58212,0.007645226
58312,0.21165888
58512,0.06392904
58912,0.15585886
59112,0.07453693
59212,0.012121213
59512,0.008117571
59612,0.05187739
59812,0.052833747
59912,0.34696004
60412,0.00023142171
60512,0.08262556
60812,0.4780303
61112,0.019122556
61312,0.126937
61412,0.0070532253
61712,0.35501498
62112,0.0534863
62412,0.5558024
62712,0.61398643
62812,0.26147795
63512,0.026666665
63612,0.1469618
63712,0.3456917
63812,0.40313104
63912,0.12456366
64312,0.5562297
64412,0.18092501
13,0.06512944
113,0.39061677
413,0.0057955296
613,0.2253475
713,0.45821527
1013,0.21359794
1213,0.017802918
1713,0.423509
2213,0.08397864
2713,0.00068174436
2813,0.051217176
2913,0.39695567
3013,0.07764401
3113,0.1651962
3213,0.06651912
3313,0.14200921
3413,0.015083994
3713,0.31161678
4013,0.021175992
4113,0.00016618353
4213,0.07992193
4413,0.08596189
4713,0.004216877
4813,0.62954104
4913,0.2010463
5113,0.008038966
5213,0.2722299
5713,0.2751515
5913,0.41725248
6213,0.43310982
6313,0.31784445
6513,0.10413574
6613,0.55713266
6813,0.20567895
6913,0.0013750406
7013,0.011258208
7213,0.0066938065
7413,0.053049292
7513,0.13936096
7713,0.034027483
7913,0.025497021
8113,0.019816717
8213,0.04484105
8313,0.053637933
8413,0.42617086
8513,0.13317354
8613,0.3123582
8713,0.17129421
8913,0.054618906
9013,0.041796915
9213,0.114648186
9513,0.30504867
9813,0.40815192
9913,0.4332114
10113,0.32738453
10413,0.46961513
10513,0.5387857
10613,0.017613033
10713,0.010655267
10913,0.22305153
11213,0.07866995
11313,0.0060637156
11713,0.022208277
11913,0.47452974
12113,0.12518232
12413,0.13464181
12713,0.24741821
12913,0.061740503
13013,0.01812029
13413,0.4912759
13513,0.48996273
13613,0.5763804
13713,0.26053166
13913,0.06760387
14313,0.580792
14413,0.008651909
15413,0.30695832
15613,0.22817673
15713,0.10113727
15813,0.18815978
15913,0.042835157
16113,0.02094496
16213,0.27665454
16313,0.11597582
16413,0.22640449
16513,0.0029058333
16613,0.03333232
17013,0.3290631
17113,0.2536471
17213,0.44240037
17313,0.07292578
17413,0.20188013
17613,0.07242563
17713,0.38902786
17913,0.5904547
18013,0.2570035
18113,0.0017454722
18213,0.00072593335
18413,0.0026304927
18513,0.04122135
18713,0.00613464
18813,0.41550976
19113,0.6064134
19513,0.30441767
19613,0.0072534545
19713,0.52245444
19813,0.030717207
20713,0.31136104
20813,0.25491154
20913,0.4686427
21113,0.2969021
21213,0.35394058
21413,0.10171488
21813,0.3260454
22013,0.516562
22313,0.18290646
22413,0.51198685
22513,0.5511241
22613,0.32590407
22913,0.0018735665
23013,0.0024513868
23213,0.4135297
23313,0.13841078
23613,0.2573049
23713,0.048437394
23813,0.27493155
23913,0.092430025
24113,0.2508681
24213,0.0918315
24413,0.043328803
24513,0.017647356
24613,0.0050824494
24713,0.02643087
25313,0.14534846
25413,0.04299087
25813,0.0054167015
26013,0.76786125
26113,0.047967575
26213,0.32573175
26313,0.50142086
26413,0.008127573
26613,0.6370471
26713,0.29820362
26813,0.0036398896
26913,0.049308367
27013,0.3075379
27313,0.21257606
27413,0.0155801
27513,0.007906213
27913,0.017894043
28013,0.05962072
28113,0.012425246
28313,0.44645095
28413,0.42132068
29013,0.07499455
29113,0.25165215
29313,0.5643021
29613,0.32562968
29713,0.107854135
29813,0.40469515
29913,0.5903894
30013,0.44555113
30113,0.11212546
30313,0.4370341
30413,0.53681976
30713,0.03941743
30813,0.042751215
31113,0.057139017
31213,0.51754415
31613,0.058100637
31713,0.06974555
31813,0.23922007
31913,0.3429331
32013,0.5706834
32113,0.3281595
32813,0.058187686
33013,0.18445663
33113,0.15909123
33513,0.10922862
33713,0.46325278
33813,0.13923883
33913,0.0003787085
34013,0.015265113
34213,0.002309304
34313,0.0085629625
34413,0.0016922553
34513,0.01244153
34613,0.25258428
34813,0.0016220999
35013,0.15892255
35213,0.1455175
35313,0.025833145
35513,0.5937054
35613,0.09131764
35713,0.84591997
35913,0.07563869
36013,0.061044168
36113,0.41110966
36613,0.26137474
37213,0.12436485
37413,0.28156045
37513,0.24858043
37613,0.05310872
37713,0.12926567
38113,0.4395207
38213,0.74807477
38313,0.5272342
38413,0.21410714
38613,0.12639748
38813,0.5822063
39113,0.11659286
39213,0.00503564
39313,0.0058014113
39413,0.00923441
39613,0.041033566
39713,0.27912128
39913,0.31317678
40013,0.0196708
40213,0.18706883
40513,0.031890463
40613,0.31053564
41813,0.47568557
42013,0.35133058
42713,0.08507394
42913,0.14015909
43613,0.0637218
44213,0.015678596
44513,0.06513231
44713,0.23014674
44913,0.40010124
45213,0.043649476
45313,0.06427744
45513,0.036795072
45613,0.5350855
46113,0.58826035
46313,0.38137105
46513,0.007704438
46913,0.4215447
47013,0.003596906
47113,0.002318221
47213,0.24895927
47313,0.23951007
47613,0.42441592
47713,0.33308622
47813,0.19322877
47913,0.05631884
48213,0.09041349
48613,0.3367523
48713,0.014517442
49113,0.034596216
49213,0.23686436
49613,0.0577147
49713,0.0038588978
49913,0.2158261
50113,0.338352
50313,0.0017947521
50413,0.001010257
50613,0.011111626
50813,0.0021184548
50913,0.098780476
51013,0.29248103
51213,0.0015863271
51613,0.017245531
51813,0.015943194
52013,0.2510841
52113,0.028035767
52513,0.1926383
52613,0.065675184
52713,0.009321065
53213,0.20786786
53313,0.09782633
53413,0.004334528
53613,0.42019907
53913,0.14413556
54113,0.26312903
54213,0.35257944
54313,0.08251551
54413,0.5285011
54613,0.1932935
55013,0.4930289
55213,0.003385995
55413,0.0036456387
55513,0.08738339
55613,0.12053467
56213,0.07350116
56513,0.18325128
56713,0.41257727
56813,0.18199706
57013,0.0031076425
57113,0.09286351
57213,0.21071663
57313,0.017828204
57513,0.5469024
57913,0.50959086
58013,0.32206276
58213,0.02171372
58313,0.16319714
58513,0.110829994
58913,0.23277476
59113,0.14725539
59213,0.028180419
59513,0.0008844677
59613,0.056209676
59813,0.079237714
59913,0.21556613
60413,0.0014512138
60513,0.059035752
60813,0.31734604
61113,0.037022628
61313,0.017201891
61413,0.0077772085
61713,0.75678766
62113,0.05683886
62413,0.6260106
62713,0.52793235
62813,0.4988016
63513,0.016893674
63613,0.04279188
63713,0.27305755
63813,0.37236392
63913,0.09132443
64313,0.5120821
64413,0.2720866
14,0.8489269
114,0.76528054
414,0.011142093
614,0.17294134
714,0.47258866
1014,0.67788535
1214,0.099248596
1714,0.73784673
2214,0.26734114
2714,0.0034603407
2814,0.10408707
2914,0.5614132
3014,0.025019715
3114,0.22188471
3214,0.026790483
3314,0.122211106
3414,0.022522192
3714,0.25256923
4014,0.0012916812
4114,0.00076448533
4214,0.13068058
4414,0.40072414
4714,0.000414039
4814,0.7050176
4914,0.070323974
5114,0.006010321
5214,0.32430774
5714,0.19981037
5914,0.36806318
6214,0.33407483
6314,0.3506589
6514,0.19689952
6614,0.530605
6814,0.29908052
6914,0.0023883418
7014,0.04599595
7214,0.011971301
7414,0.10336464
7514,0.07360603
7714,0.07773116
7914,0.070584744
8114,0.023157
8214,0.059127517
8314,0.074294135
8414,0.54776585
8514,0.38500825
8614,0.31534463
8714,0.42367104
8914,0.29993477
9014,0.11616067
9214,0.14051817
9514,0.25888726
9814,0.5994768
9914,0.68062186
10114,0.50684035
10414,0.42269754
10514,0.5849687
10614,0.05020287
10714,0.015184222
10914,0.24951264
11214,0.29968292
11314,0.013494315
11714,0.03424956
11914,0.45218045
12114,0.18692802
12414,0.14206152
12714,0.27587566
12914,0.057614114
13014,0.010765978
13414,0.46349844
13514,0.6608854
13614,0.66400516
13714,0.36800605
13914,0.07277997
14314,0.6069132
14414,0.65986
15414,0.29312956
15614,0.23041296
15714,0.09608955
15814,0.41168052
15914,0.22676691
16114,0.02876282
16214,0.32466522
16314,0.20243756
16414,0.8545079
16514,0.004997049
16614,0.308611
17014,0.3859587
17114,0.33666024
17214,0.62093586
17314,0.24405575
17414,0.27321905
17614,0.01605126
17714,0.76096123
17914,0.6703393
18014,0.83015925
18114,0.00627179
18214,0.006458697
18414,0.016942991
18514,0.42956415
18714,0.014012813
18814,0.6359331
19114,0.23447333
19514,0.32412213
19614,0.01842011
19714,0.6358346
19814,0.022713922
20714,0.27582726
20814,0.13115354
20914,0.5747291
21114,0.39315397
21214,0.16977161
21414,0.11621859
21814,0.31634283
22014,0.86730933
22314,0.13860036
22414,0.47336286
22514,0.637001
22614,0.3092368
22914,0.008593779
23014,0.004090151
23214,0.43490252
23314,0.08185095
23614,0.3404466
23714,0.043861173
23814,0.31514975
23914,0.15926673
24114,0.21511924
24214,0.14622013
24414,0.04486801
24514,0.03362751
24614,0.02322029
24714,0.060124293
25314,0.069935486
25414,0.031420548
25814,0.7668053
26014,0.6625884
26114,0.08436271
26214,0.6376753
26314,0.49152645
26414,0.036171563
26614,0.56238616
26714,0.18681885
26814,0.012692962
26914,0.2040496
27014,0.33121958
27314,0.4445931
27414,0.014489948
27514,0.015423084
27914,0.10110842
28014,0.07914529
28114,0.062140048
28314,0.33001548
28414,0.4552118
29014,0.20139854
29114,0.19953857
29314,0.61047006
29614,0.43873146
29714,0.07331896
29814,0.589639
29914,0.7691321
30014,0.54720396
30114,0.14756785
30314,0.43595377
30414,0.56795514
30714,0.104692906
30814,0.36067015
31114,0.21623161
31214,0.54757845
31614,0.18118873
31714,0.6590692
31814,0.39955953
31914,0.30552727
32014,0.87074715
32114,0.9448288
32814,0.10245511
33014,0.45928037
33114,0.39130822
33514,0.10916348
33714,0.68251884
33814,0.85275006
33914,0.002644916
34014,0.01313504
34214,0.006536466
34314,0.39029592
34414,0.0065033427
34514,0.07115719
34614,0.34875324
34814,0.0045251185
35014,0.15041992
35214,0.15492356
35314,0.011349768
35514,0.55659896
35614,0.2807398
35714,0.8990993
35914,0.026146691
36014,0.56538635
36114,0.50191534
36614,0.012825095
37214,0.089717984
37414,0.28439945
37514,0.21538018
37614,0.22756277
37714,0.116307765
38114,0.5066649
38214,0.8457189
38314,0.5724632
38414,0.36911732
38614,0.36637163
38814,0.84972095
39114,0.15674387
39214,0.011295078
39314,0.022004563
39414,0.009566992
39614,0.015098127
39714,0.29470825
39914,0.6334388
40014,0.03611702
40214,0.45371822
40514,0.026004657
40614,0.39513293
41814,0.46992564
42014,0.7416492
42714,0.10270568
42914,0.1524375
43614,0.12873212
44214,0.04222935
44514,0.04030099
44714,0.2915152
44914,0.54308087
45214,0.02596513
45314,0.034120236
45514,0.09231621
45614,0.5019516
46114,0.85595834
46314,0.4389439
46514,0.524163
46914,0.54598665
47014,0.008147888
47114,0.84732026
47214,0.28924382
47314,0.25651002
47614,0.3884111
47714,0.49697286
47814,0.20823106
47914,0.13602875
48214,0.110357404
48614,0.7492709
48714,0.027293824
49114,0.05301946
49214,0.299942
49614,0.009585195
49714,0.012173562
49914,0.75527817
50114,0.7426343
50314,0.012979472
50414,0.020437868
50614,0.07841869
50814,0.011782875
50914,0.36552247
51014,0.5214184
51214,0.004509257
51614,0.030397939
51814,0.099007346
52014,0.12912191
52114,0.07653004
52514,0.24397154
52614,0.12355493
52714,0.0064621526
53214,0.10386156
53314,0.1129209
53414,0.0051366077
53614,0.43733564
53914,0.07828895
54114,0.36543077
54214,0.33923963
54314,0.13846835
54414,0.48797834
54614,0.79670644
55014,0.5636153
55214,0.025223387
55414,0.004261481
55514,0.52165484
55614,0.35524723
56214,0.0767309
56514,0.29487056
56714,0.57760274
56814,0.33028525
57014,0.33965147
57114,0.6559535
57214,0.103700645
57314,0.058844015
57514,0.6455358
57914,0.47341827
58014,0.45878923
58214,0.42775863
58314,0.19217189
58514,0.056355573
58914,0.09073139
59114,0.26936072
59214,0.18993157
59514,0.011470411
59614,0.042597387
59814,0.2935036
59914,0.22077633
60414,0.6882601
60514,0.09855541
60814,0.40867034
61114,0.22495757
61314,0.11613478
61414,0.36269563
61714,0.8292096
62114,0.058745094
62414,0.6971572
62714,0.6184313
62814,0.5770669
63514,0.11834381
63614,0.078001596
63714,0.21629769
63814,0.45508912
63914,0.37698883
64314,0.5288759
64414,0.19003953
15,0.12283817
115,0.32668465
415,0.0028287913
615,0.31309912
715,0.45381904
1015,0.16425961
1215,0.019130783
1715,0.46754152
2215,0.049013905
2715,0.0032897443
2815,0.3487081
2915,0.33208907
3015,0.11216354
3115,0.13741189
3215,0.19695109
3315,0.21022354
3415,0.005572302
3715,0.43862173
4015,0.0057201213
4115,0.094095245
4215,0.42993355
4415,0.47735426
4715,0.0014860128
4815,0.5157316
4915,0.21216813
5115,0.030998038
5215,0.2840346
5715,0.19790217
5915,0.44586483
6215,0.4208965
6315,0.508266
6515,0.1389575
6615,0.4902089
6815,0.1974002
6915,0.22350258
7015,0.050617162
7215,0.1202412
7415,0.83532935
7515,0.12066835
7715,0.019860383
7915,0.1345492
8115,0.023532106
8215,0.08527161
8315,0.6418985
8415,0.4516087
8515,0.12656283
8615,0.24883938
8715,0.20639913
8915,0.10205341
9015,0.062085297
9215,0.2574991
9515,0.2617372
9815,0.43127587
9915,0.44920492
10115,0.29076424
10415,0.4441759
10515,0.4953938
10615,0.19253933
10715,0.46266362
10915,0.3644519
11215,0.12093642
11315,0.006399115
11715,0.16648905
11915,0.50925076
12115,0.022369033
12415,0.17546314
12715,0.3396927
12915,0.0436726
13015,0.48157227
13415,0.59344405
13515,0.59240407
13615,0.4346034
13715,0.36456808
13915,0.56650794
14315,0.41726616
14415,0.027096568
15415,0.09484934
15615,0.3460457
15715,0.070374414
15815,0.15182184
15915,0.04916308
16115,0.6214275
16215,0.5727878
16315,0.025007183
16415,0.30872807
16515,0.006504116
16615,0.021558745
17015,0.47295228
17115,0.17477527
17215,0.28900188
17315,0.040380668
17415,0.067500845
17615,0.19319913
17715,0.25122187
17915,0.50855994
18015,0.302866
18115,0.0054586213
18215,0.0017651798
18415,0.001312132
18515,0.034848135
18715,0.09446435
18815,0.3907678
19115,0.048435237
19515,0.27152014
19615,0.031484816
19715,0.38831228
19815,0.42690703
20715,0.3896875
20815,0.26055294
20915,0.40161005
21115,0.3774054
21215,0.3332567
21415,0.03181109
21815,0.44194785
22015,0.3774253
22315,0.47446105
22415,0.50268483
22515,0.41240788
22615,0.27932724
22915,0.0072604385
23015,0.005102651
23215,0.72542953
23315,0.61580026
23615,0.40920308
23715,0.13993898
23815,0.2746006
23915,0.026193963
24115,0.13723159
24215,0.1272436
24415,0.39449605
24515,0.1908579
24615,0.8191977
24715,0.04760797
25315,0.035019994
25415,0.80021185
25815,0.049477812
26015,0.033328798
26115,0.124183014
26215,0.16475625
26315,0.47813758
26415,0.038913798
26615,0.386855
26715,0.3277366
26815,0.008687352
26915,0.1414829
27015,0.4021562
27315,0.53864723
27415,0.009776117
27515,0.24793689
27915,0.057358358
28015,0.14109288
28115,0.03207181
28315,0.37864143
28415,0.36046574
29015,0.52448404
29115,0.17484896
29315,0.44963405
29615,0.3929148
29715,0.029396467
29815,0.3610616
29915,0.48159757
30015,0.23310338
30115,0.11697785
30315,0.54624057
30415,0.31168914
30715,0.031577956
30815,0.18626468
31115,0.08215711
31215,0.45749772
31615,0.12999144
31715,0.45421258
31815,0.29259938
31915,0.22785959
32015,0.3573247
32115,0.18336146
32815,0.14799426
33015,0.0747977
33115,0.12695256
33515,0.13076462
33715,0.5194498
33815,0.24965753
33915,0.0032974049
34015,0.01966455
34215,0.0040908144
34315,0.023000302
34415,0.0034948108
34515,0.01886962
34615,0.21982294
34815,0.0007932973
35015,0.10148115
35215,0.17388365
35315,0.015978891
35515,0.42913866
35615,0.13513973
35715,0.009506799
35915,0.08968026
36015,0.071587436
36115,0.52855015
36615,0.006484903
37215,0.113019146
37415,0.24861005
37515,0.3117716
37615,0.09539561
37715,0.20967652
38115,0.5078292
38215,0.15055737
38315,0.42008975
38415,0.1752704
38615,0.19493143
38815,0.21671534
39115,0.39948985
39215,0.012281063
39315,0.13843255
39415,0.24186689
39615,0.8402833
39715,0.0071398146
39915,0.2569419
40015,0.019315679
40215,0.46818826
40515,0.016876373
40615,0.28176537
41815,0.09782091
42015,0.3113669
42715,0.091316506
42915,0.4317403
43615,0.4216439
44215,0.010618912
44515,0.058934856
44715,0.33640346
44915,0.3318535
45215,0.054061096
45315,0.71929526
45515,0.62666523
45615,0.5352306
46115,0.017444452
46315,0.44804254
46515,0.028285453
46915,0.3051799
47015,0.026859757
47115,0.024905251
47215,0.36172158
47315,0.16764441
47615,0.3041945
47715,0.42810515
47815,0.18475649
47915,0.045850046
48215,0.42740053
48615,0.16904798
48715,0.09093179
49115,0.6683978
49215,0.2209527
49615,0.06763294
49715,0.004995491
49915,0.2726917
50115,0.4719432
50315,0.0053378325
50415,0.010426569
50615,0.005780594
50815,0.015040523
50915,0.02676525
51015,0.14420983
51215,0.0045450777
51615,0.14499208
51815,0.031117562
52015,0.09107264
52115,0.3427711
52515,0.40652478
52615,0.16890496
52715,0.0023301814
53215,0.24385606
53315,0.09614656
53415,0.007821881
53615,0.36085063
53915,0.0706836
54115,0.20706734
54215,0.30930132
54315,0.14807253
54415,0.42376938
54615,0.07988919
55015,0.5260216
55215,0.010696
55415,0.1175425
55515,0.40311518
55615,0.762084
56215,0.16040272
56515,0.2767119
56715,0.2941716
56815,0.49000126
57015,0.027166603
57115,0.16518258
57215,0.14827225
57315,0.02379379
57515,0.33392784
57915,0.36343563
58015,0.5800716
58215,0.051403124
58315,0.5426664
58515,0.247525
58915,0.63590705
59115,0.24707669
59215,0.03211582
59515,0.010829275
59615,0.033992514
59815,0.24485858
59915,0.15392375
60415,0.014877229
60515,0.0846253
60815,0.29904827
61115,0.17420809
61315,0.061633214
61415,0.31312326
61715,0.34837
62115,0.023550035
62415,0.44781932
62715,0.50530016
62815,0.2514391
63515,0.7445149
63615,0.030199736
63715,0.13612856
63815,0.42752963
63915,0.12946801
64315,0.51979333
64415,0.25806794
16,0.022547998
116,0.40606633
416,0.0015693076
616,0.20737872
716,0.51735425
1016,0.093736894
1216,0.038633548
1716,0.34102392
2216,0.040605016
2716,0.0019234106
2816,0.10211038
2916,0.31090987
3016,0.2691474
3116,0.2511198
3216,0.019847715
3316,0.13995479
3416,0.005595053
3716,0.16752385
4016,0.0012244736
4116,0.00018396442
4216,0.097466394
4416,0.13198523
4716,0.0003931695
4816,0.6754951
4916,0.14904673
5116,0.007536962
5216,0.15263693
5716,0.2132259
5916,0.41308662
6216,0.30381727
6316,0.3784378
6516,0.085871965
6616,0.503434
6816,0.14128044
6916,0.0015626879
7016,0.029446943
7216,0.008977718
7416,0.059052907
7516,0.49355513
7716,0.022333266
7916,0.047746312
8116,0.031633385
8216,0.12098386
8316,0.042313065
8416,0.32732412
8516,0.09742617
8616,0.2925004
8716,0.15488659
8916,0.033691965
9016,0.045204468
9216,0.09903374
9516,0.7691026
9816,0.23995985
9916,0.20099762
10116,0.22465108
10416,0.3178832
10516,0.57850426
10616,0.027085314
10716,0.013883015
10916,0.15334234
11216,0.10873084
11316,0.0071934345
11716,0.027640838
11916,0.55311716
12116,0.025098667
12416,0.22705163
12716,0.2210204
12916,0.26899892
13016,0.015083638
13416,0.5090222
13516,0.6460979
13616,0.49178976
13716,0.13634013
13916,0.07685401
14316,0.5424764
14416,0.0031510731
15416,0.39728844
15616,0.20028041
15716,0.011571606
15816,0.15180396
15916,0.042612765
16116,0.022970038
16216,0.33613747
16316,0.115706116
16416,0.2229129
16516,0.0011683672
16616,0.010581299
17016,0.3898286
17116,0.28279567
17216,0.4084437
17316,0.03965808
17416,0.18963853
17616,0.0147476345
17716,0.45745212
17916,0.45113984
18016,0.1749139
18116,0.0021550844
18216,0.0015888998
18416,0.0015924047
18516,0.027190179
18716,0.006192799
18816,0.3102301
19116,0.48331627
19516,0.3255174
19616,0.04603649
19716,0.34592035
19816,0.079497024
20716,0.1953049
20816,0.4949944
20916,0.6429248
21116,0.30473998
21216,0.30617756
21416,0.053470116
21816,0.26809913
22016,0.53505886
22316,0.19673851
22416,0.4827265
22516,0.5974353
22616,0.28840008
22916,0.0036212106
23016,0.006490327
23216,0.33611694
23316,0.15053438
23616,0.18725182
23716,0.12889227
23816,0.4616282
23916,0.110207684
24116,0.32166332
24216,0.04361858
24416,0.051697955
24516,0.02003115
24616,0.0086056795
24716,0.024871856
25316,0.15674703
25416,0.044330288
25816,0.0019261119
26016,0.055651456
26116,0.11820086
26216,0.22712864
26316,0.55430603
26416,0.027006874
26616,0.61536354
26716,0.28652984
26816,0.002433494
26916,0.07115181
27016,0.23961051
27316,0.5524913
27416,0.015654404
27516,0.023730092
27916,0.013278272
28016,0.039602775
28116,0.023136692
28316,0.36990356
28416,0.43187517
29016,0.094480656
29116,0.16290335
29316,0.5856926
29616,0.28800157
29716,0.060863663
29816,0.5095112
29916,0.5723253
30016,0.20082082
30116,0.06888876
30316,0.43447608
30416,0.51472867
30716,0.020037243
30816,0.13491721
31116,0.021986535
31216,0.41408154
31616,0.07829237
31716,0.09856727
31816,0.37653506
31916,0.39492208
32016,0.5859978
32116,0.14627871
32816,0.20835322
33016,0.18489066
33116,0.10441551
33516,0.31300706
33716,0.36164913
33816,0.113971874
33916,0.0006556232
34016,0.006607242
34216,0.0025735798
34316,0.008004183
34416,0.0020723185
34516,0.009677942
34616,0.12952663
34816,0.0004874361
35016,0.3567927
35216,0.22658284
35316,0.0046397904
35516,0.6337077
35616,0.3523373
35716,0.0540055
35916,0.021160277
36016,0.006273151
36116,0.4303183
36616,0.007224425
37216,0.06056143
37416,0.29227716
37516,0.56258816
37616,0.06730281
37716,0.14649045
38116,0.45905805
38216,0.44393915
38316,0.4806266
38416,0.26013646
38616,0.33715352
38816,0.46402732
39116,0.13712403
39216,0.004888893
39316,0.0046131588
39416,0.026342267
39616,0.037157945
39716,0.03538162
39916,0.22873521
40016,0.027324257
40216,0.46367618
40516,0.013492695
40616,0.2018236
41816,0.6839941
42016,0.1977393
42716,0.08168126
42916,0.14962152
43616,0.07875029
44216,0.028625717
44516,0.034917217
44716,0.29558045
44916,0.37078524
45216,0.015318447
45316,0.07158821
45516,0.05879396
45616,0.48579633
46116,0.20624797
46316,0.44685104
46516,0.0068168407
46916,0.3957648
47016,0.0066105635
47116,0.0008570219
47216,0.39694893
47316,0.16926277
47616,0.3243284
47716,0.5240295
47816,0.2308116
47916,0.052638326
48216,0.06928978
48616,0.22293721
48716,0.011207332
49116,0.020552872
49216,0.2259258
49616,0.0146821095
49716,0.0066568987
49916,0.27468237
50116,0.33619615
50316,0.0032465912
50416,0.0010765606
50616,0.008767081
50816,0.0028095671
50916,0.013440344
51016,0.077854834
51216,0.0020575258
51616,0.048704207
51816,0.052186478
52016,0.045395777
52116,0.07379742
52516,0.1672309
52616,0.040992398
52716,0.0012749782
53216,0.44844523
53316,0.06301385
53416,0.002250827
53616,0.6538754
53916,0.07842446
54116,0.12652259
54216,0.2679356
54316,0.0712051
54416,0.59221953
54616,0.10160602
55016,0.5572505
55216,0.013539221
55416,0.007245064
55516,0.1346269
55616,0.09809517
56216,0.09221109
56516,0.23417456
56716,0.3523268
56816,0.13668722
57016,0.0072911214
57116,0.08610904
57216,0.1354031
57316,0.012609266
57516,0.34660637
57916,0.43836054
58016,0.29159266
58216,0.010363747
58316,0.1591489
58516,0.047791082
58916,0.2456306
59116,0.1819382
59216,0.02177054
59516,0.0012902612
59616,0.37373045
59816,0.14426543
59916,0.29212454
60416,0.0021948314
60516,0.054102514
60816,0.35082546
61116,0.04876131
61316,0.008593986
61416,0.016439306
61716,0.7743683
62116,0.010135451
62416,0.54040086
62716,0.50755167
62816,0.43756744
63516,0.019139433
63616,0.020107409
63716,0.3319118
63816,0.39619222
63916,0.08000141
64316,0.6046182
64416,0.12368941
17,0.016187526
117,0.32184198
417,0.01168356
617,0.28228042
717,0.55569607
1017,0.16623269
1217,0.025557522
1717,0.29489917
2217,0.12293359
2717,0.00881083
2817,0.03453073
2917,0.31224343
3017,0.19625297
3117,0.32920754
3217,0.071965165
3317,0.47626165
3417,0.016316663
3717,0.30257943
4017,0.0044462862
4117,0.001216184
4217,0.1365423
4417,0.15908362
4717,0.0014155544
4817,0.583135
4917,0.118174784
5117,0.3886071
5217,0.3575623
5717,0.3125448
5917,0.34477982
6217,0.38753313
6317,0.5411357
6517,0.14214374
6617,0.5638924
6817,0.26583424
6917,0.057769105
7017,0.04937421
7217,0.11177569
7417,0.1020473
7517,0.07851446
7717,0.09562
7917,0.04692486
8117,0.042758446
8217,0.2851036
8317,0.124682166
8417,0.5225709
8517,0.24462149
8617,0.5882251
8717,0.27111495
8917,0.10690109
9017,0.03467328
9217,0.4395239
9517,0.17944154
9817,0.3536936
9917,0.32629398
10117,0.22314239
10417,0.519926
10517,0.5550885
10617,0.036024325
10717,0.02287428
10917,0.40203166
11217,0.1565837
11317,0.027481021
11717,0.16431035
11917,0.52579737
12117,0.03883519
12417,0.10732032
12717,0.25272623
12917,0.040613163
13017,0.031027248
13417,0.60596865
13517,0.4993952
13617,0.46824986
13717,0.4024931
13917,0.14503707
14317,0.5480623
14417,0.00062972767
15417,0.025905771
15617,0.41606563
15717,0.02883761
15817,0.25232574
15917,0.08923991
16117,0.22622074
16217,0.36937353
16317,0.37270775
16417,0.17208439
16517,0.0053394753
16617,0.010088377
17017,0.5596215
17117,0.3630291
17217,0.39730218
17317,0.053050347
17417,0.2370735
17617,0.0696231
17717,0.16037571
17917,0.57077885
18017,0.14242384
18117,0.016479632
18217,0.0057619866
18417,0.0039575044
18517,0.03822212
18717,0.07535548
18817,0.39445862
19117,0.022260984
19517,0.38705847
19617,0.08107944
19717,0.4768254
19817,0.29665935
20717,0.35080928
20817,0.16171202
20917,0.28999847
21117,0.32052085
21217,0.35187533
21417,0.16737345
21817,0.5221442
22017,0.20723075
22317,0.21879339
22417,0.48266152
22517,0.6175583
22617,0.35419995
22917,0.053016882
23017,0.08483699
23217,0.48492208
23317,0.20688312
23617,0.34777695
23717,0.23521025
23817,0.27844462
23917,0.048406754
24117,0.34600016
24217,0.11886349
24417,0.22451226
24517,0.14628676
24617,0.03156328
24717,0.051338937
25317,0.07946905
25417,0.04513752
25817,0.0005105871
26017,0.014363948
26117,0.14280055
26217,0.23754455
26317,0.5603222
26417,0.008583398
26617,0.59235686
26717,0.5042536
26817,0.022678843
26917,0.060890004
27017,0.41868472
27317,0.21339284
27417,0.05545312
27517,0.07886667
27917,0.026070891
28017,0.06825703
28117,0.007859036
28317,0.42189032
28417,0.4812647
29017,0.092423156
29117,0.24615923
29317,0.60047686
29617,0.37137073
29717,0.041523293
29817,0.101520464
29917,0.40508804
30017,0.3702206
30117,0.025508381
30317,0.5464819
30417,0.4777301
30717,0.011661913
30817,0.036379658
31117,0.01849849
31217,0.44490576
31617,0.22374976
31717,0.019452015
31817,0.138666
31917,0.3856017
32017,0.1950545
32117,0.058782857
32817,0.10835429
33017,0.22530364
33117,0.16463442
33517,0.34604067
33717,0.47508147
33817,0.10714542
33917,0.009097461
34017,0.062402915
34217,0.012650431
34317,0.006495636
34417,0.010942516
34517,0.03560836
34617,0.27804047
34817,0.0046574483
35017,0.19623603
35217,0.5444884
35317,0.024801787
35517,0.51356936
35617,0.14689063
35717,0.019308636
35917,0.06986749
36017,0.0046454687
36117,0.50593054
36617,0.0046072076
37217,0.52385736
37417,0.31362176
37517,0.433567
37617,0.019922117
37717,0.21339497
38117,0.5499397
38217,0.14656536
38317,0.57944804
38417,0.21094066
38617,0.17176001
38817,0.1544393
39117,0.3275492
39217,0.0520441
39317,0.021341212
39417,0.29331285
39617,0.030263934
39717,0.010587902
39917,0.2944617
40017,0.06461164
40217,0.16893274
40517,0.05283399
40617,0.3770497
41817,0.030726636
42017,0.22249055
42717,0.25165227
42917,0.1631737
43617,0.062925056
44217,0.03641804
44517,0.023135751
44717,0.22962467
44917,0.35306668
45217,0.2366777
45317,0.19586697
45517,0.060938004
45617,0.53813416
46117,0.016154312
46317,0.43514127
46517,0.0011172625
46917,0.51812613
47017,0.17427935
47117,0.00042240645
47217,0.3003274
47317,0.1800522
47617,0.42640966
47717,0.45432284
47817,0.45246273
47917,0.111052215
48217,0.1028122
48617,0.24947909
48717,0.02223421
49117,0.008519453
49217,0.33046854
49617,0.20196386
49717,0.07797171
49917,0.11385077
50117,0.27420917
50317,0.0104072075
50417,0.006823918
50617,0.015879111
50817,0.025390623
50917,0.041856714
51017,0.14135012
51217,0.051564578
51617,0.22988264
51817,0.04962512
52017,0.18536133
52117,0.12750587
52517,0.12784716
52617,0.03662107
52717,0.0001432954
53217,0.45610613
53317,0.15228648
53417,0.08217088
53617,0.55532295
53917,0.018703394
54117,0.06906953
54217,0.37502795
54317,0.09131653
54417,0.43578666
54617,0.023618413
55017,0.58818865
55217,0.011472764
55417,0.05745588
55517,0.05751667
55617,0.16469464
56217,0.2686258
56517,0.3371287
56717,0.43405816
56817,0.29849973
57017,0.0012366116
57117,0.12756404
57217,0.36280316
57317,0.047057163
57517,0.46083707
57917,0.4121833
58017,0.41704035
58217,0.015713153
58317,0.237692
58517,0.19048977
58917,0.07695568
59117,0.11966563
59217,0.025874492
59517,0.005141744
59617,0.052587684
59817,0.04217
59917,0.401019
60417,0.0008553029
60517,0.04481939
60817,0.44668946
61117,0.03456897
61317,0.020108163
61417,0.0063089845
61717,0.265766
62117,0.015242223
62417,0.6273695
62717,0.55974793
62817,0.4220531
63517,0.023428213
63617,0.072543494
63717,0.34688118
63817,0.508206
63917,0.17026852
64317,0.5496809
64417,0.18954054
18,0.15728627
118,0.19349723
418,0.034949698
618,0.4382907
718,0.4342232
1018,0.21701626
1218,0.065446824
1718,0.47622773
2218,0.056016345
2718,0.010029532
2818,0.18209471
2918,0.16079463
3018,0.16674753
3118,0.12354329
3218,0.72070575
3318,0.53062475
3418,0.010878359
3718,0.3032435
4018,0.9456309
4118,0.35907117
4218,0.12501231
4418,0.1773265
4718,0.9643085
4818,0.41180214
4918,0.545203
5118,0.5300003
5218,0.30112138
5718,0.43864357
5918,0.499183
6218,0.5791184
6318,0.47056195
6518,0.28289694
6618,0.6491262
6818,0.4342261
6918,0.029920453
7018,0.035217434
7218,0.03002973
7418,0.2091098
7518,0.39271727
7718,0.043094054
7918,0.08442632
8118,0.24449992
8218,0.09019779
8318,0.22197324
8418,0.25498703
8518,0.15128909
8618,0.21975751
8718,0.20501338
8918,0.13443035
9018,0.05075306
9218,0.18863639
9518,0.11068544
9818,0.33048457
9918,0.25662112
10118,0.14023945
10418,0.35234392
10518,0.530966
10618,0.048165776
10718,0.02774325
10918,0.6013887
11218,0.30910197
11318,0.03147295
11718,0.18981485
11918,0.4898706
12118,0.013001592
12418,0.24275611
12718,0.42180216
12918,0.03885145
13018,0.16511334
13418,0.5033909
13518,0.40315798
13618,0.43772542
13718,0.23830703
13918,0.17784324
14318,0.46802506
14418,0.020420115
15418,0.0105674
15618,0.56280994
15718,0.15651461
15818,0.22405823
15918,0.10647923
16118,0.1942198
16218,0.41488808
16318,0.05764786
16418,0.19512048
16518,0.012137947
16618,0.0796094
17018,0.41945145
17118,0.18255004
17218,0.41654533
17318,0.13575228
17418,0.14776425
17618,0.6234848
17718,0.14665504
17918,0.4901686
18018,0.3268695
18118,0.03623926
18218,0.0045833196
18418,0.004627927
18518,0.083465874
18718,0.057979092
18818,0.17362869
19118,0.005522514
19518,0.32447973
19618,0.026614442
19718,0.3434965
19818,0.10314611
20718,0.3586769
20818,0.38609585
20918,0.23780945
21118,0.4884804
21218,0.48390287
21418,0.08829699
21818,0.37859416
22018,0.20560282
22318,0.12733051
22418,0.60212415
22518,0.38004792
22618,0.6045415
22918,0.017589398
23018,0.009510481
23218,0.35654137
23318,0.3628192
23618,0.32239246
23718,0.2945085
23818,0.26124144
23918,0.028591515
24118,0.1994984
24218,0.2907825
24418,0.16294686
24518,0.069674574
24618,0.08206971
24718,0.0748967
25318,0.07687336
25418,0.11011884
25818,0.011163087
26018,0.008326605
26118,0.06609786
26218,0.19465557
26318,0.49356875
26418,0.02103953
26618,0.32507613
26718,0.42682055
26818,0.18118869
26918,0.05971865
27018,0.39691126
27318,0.28333473
27418,0.03384372
27518,0.13474686
27918,0.24791174
28018,0.4615021
28118,0.025087988
28318,0.69150496
28418,0.40693158
29018,0.33675295
29118,0.72101265
29318,0.47248754
29618,0.20760582
29718,0.23400429
29818,0.15679006
29918,0.2901468
30018,0.24250966
30118,0.09177421
30318,0.44355845
30418,0.3175261
30718,0.052992944
30818,0.1392501
31118,0.1462779
31218,0.36564216
31618,0.17528315
31718,0.16974705
31818,0.17446114
31918,0.4083678
32018,0.15510373
32118,0.060466208
32818,0.14634135
33018,0.20095758
33118,0.2353863
33518,0.24973859
33718,0.35926872
33818,0.25576493
33918,0.0045869173
34018,0.020629993
34218,0.008685051
34318,0.042734273
34418,0.011346665
34518,0.028537583
34618,0.21829614
34818,0.0027875933
35018,0.13224031
35218,0.16254967
35318,0.84412724
35518,0.32125837
35618,0.09098572
35718,0.013751804
35918,0.80698955
36018,0.22914295
36118,0.37227872
36618,0.6671106
37218,0.36276743
37418,0.49337813
37518,0.18437165
37618,0.069472246
37718,0.17735457
38118,0.44843864
38218,0.091447875
38318,0.3968784
38418,0.26377508
38618,0.10359077
38818,0.13490172
39118,0.21604759
39218,0.04990175
39318,0.15929294
39418,0.060351774
39618,0.09592589
39718,0.062892415
39918,0.26168773
40018,0.031192897
40218,0.16898306
40518,0.12886293
40618,0.28066623
41818,0.019511255
42018,0.24437445
42718,0.23214714
42918,0.1926756
43618,0.30231023
44218,0.24051216
44518,0.03681473
44718,0.48753992
44918,0.4162595
45218,0.012965516
45318,0.2962455
45518,0.15873447
45618,0.5830552
46118,0.08011038
46318,0.5346434
46518,0.011503374
46918,0.23998985
47018,0.051761944
47118,0.010590398
47218,0.4992631
47318,0.52797514
47618,0.4938382
47718,0.43458095
47818,0.4695857
47918,0.078852855
48218,0.6150322
48618,0.21590978
48718,0.086872086
49118,0.21537983
49218,0.28859526
49618,0.17404096
49718,0.018668232
49918,0.15866093
50118,0.47801945
50318,0.0088757565
50418,0.043993175
50618,0.02436598
50818,0.019970052
50918,0.032321148
51018,0.13132301
51218,0.007713955
51618,0.09844546
51818,0.1205085
52018,0.15307052
52118,0.18361966
52518,0.114037834
52618,0.11708839
52718,0.10799211
53218,0.11722312
53318,0.5489042
53418,0.73524404
53618,0.32213885
53918,0.21515386
54118,0.29067272
54218,0.4087331
54318,0.24045902
54418,0.4520734
54618,0.12649226
55018,0.3822296
55218,0.009383925
55418,0.044281337
55518,0.088365294
55618,0.24012595
56218,0.20265615
56518,0.4787765
56718,0.29062983
56818,0.23323019
57018,0.01822524
57118,0.17022552
57218,0.31899843
57318,0.08097195
57518,0.31356072
57918,0.37063995
58018,0.32602024
58218,0.0679865
58318,0.319122
58518,0.09022434
58918,0.57714164
59118,0.14219312
59218,0.093630195
59518,0.010088413
59618,0.10992776
59818,0.16808453
59918,0.1892147
60418,0.0020289638
60518,0.123737
60818,0.4923947
61118,0.08497728
61318,0.08420894
61418,0.042065118
61718,0.15009445
62118,0.1152986
62418,0.43290094
62718,0.5204983
62818,0.24423853
63518,0.103695266
63618,0.35752362
63718,0.2641766
63818,0.49143848
63918,0.13687395
64318,0.5141377
64418,0.48823237
