Id,Probability
0,0.45056978
100,0.48722595
400,0.350222
600,0.4554389
700,0.5450495
1000,0.48205817
1200,0.50099814
1700,0.4436951
2200,0.4540658
2700,0.49913222
2800,0.5279031
2900,0.5083053
3000,0.5075876
3100,0.5363889
3200,0.52415144
3300,0.4704471
3400,0.49894693
3700,0.490003
4000,0.4217097
4100,0.01236255
4200,0.54950684
4400,0.54448074
4700,0.37918139
4800,0.45822868
4900,0.38513803
5100,0.47473463
5200,0.49797437
5700,0.5484965
5900,0.5093854
6200,0.49598265
6300,0.5368723
6500,0.51478124
6600,0.52489567
6800,0.5069716
6900,0.27407196
7000,0.524005
7200,0.4009093
7400,0.36106935
7500,0.4847186
7700,0.5144329
7900,0.461107
8100,0.54538023
8200,0.528299
8300,0.5063791
8400,0.49957883
8500,0.48539063
8600,0.48714867
8700,0.45917824
8900,0.49152315
9000,0.45344853
9200,0.51189584
9500,0.41161644
9800,0.43121508
9900,0.43686032
10100,0.5068716
10400,0.55504316
10500,0.54753727
10600,0.30316022
10700,0.32062796
10900,0.44516057
11200,0.52217525
11300,0.44955358
11700,0.37178606
11900,0.5693179
12100,0.45896435
12400,0.5056712
12700,0.47679424
12900,0.5551534
13000,0.369011
13400,0.5656973
13500,0.46662655
13600,0.4258744
13700,0.534643
13900,0.3846033
14300,0.54957646
14400,0.55868185
15400,0.5371387
15600,0.4887893
15700,0.55881953
15800,0.50737965
15900,0.49029043
16100,0.45565602
16200,0.5428893
16300,0.45402002
16400,0.45753637
16500,0.4219402
16600,0.53769654
17000,0.50811684
17100,0.50136805
17200,0.47973147
17300,0.47942358
17400,0.46491486
17600,0.38486406
17700,0.47019988
17900,0.4183309
18000,0.41442755
18100,0.32969543
18200,0.40774763
18400,0.48330256
18500,0.5055803
18700,0.33048946
18800,0.41664955
19100,0.4514846
19500,0.5293984
19600,0.5346582
19700,0.45136148
19800,0.45054427
20700,0.536339
20800,0.41400704
20900,0.46710294
21100,0.455489
21200,0.50994945
21400,0.4879092
21800,0.521298
22000,0.48429078
22300,0.29731324
22400,0.48192772
22500,0.52806604
22600,0.49146843
22900,0.33632606
23000,0.47349623
23200,0.27019516
23300,0.3630602
23600,0.4859414
23700,0.37586072
23800,0.46644723
23900,0.4744272
24100,0.5429066
24200,0.493681
24400,0.52911586
24500,0.44350022
24600,0.46963525
24700,0.4839323
25300,0.45527565
25400,0.41246912
25800,0.514471
26000,0.5374125
26100,0.51241606
26200,0.4856484
26300,0.51295686
26400,0.33528045
26600,0.5367182
26700,0.5014031
26800,0.31744426
26900,0.51818657
27000,0.50544965
27300,0.499537
27400,0.53020656
27500,0.44897148
27900,0.38803738
28000,0.3888681
28100,0.53413004
28300,0.459979
28400,0.53846395
29000,0.49234307
29100,0.49209484
29300,0.44553757
29600,0.35113168
29700,0.45888916
29800,0.5110341
29900,0.54586214
30000,0.53497726
30100,0.55811715
30300,0.50202507
30400,0.5623879
30700,0.49354637
30800,0.4977147
31100,0.43903401
31200,0.5271448
31600,0.52499384
31700,0.54093045
31800,0.5183189
31900,0.5418833
32000,0.454836
32100,0.42425308
32800,0.523707
33000,0.46291155
33100,0.44796672
33500,0.5021268
33700,0.4985705
33800,0.43731037
33900,0.3963268
34000,0.4564861
34200,0.49384826
34300,0.45006666
34400,0.4487025
34500,0.43118522
34600,0.43601352
34800,0.45704684
35000,0.53885835
35200,0.5214043
35300,0.4539596
35500,0.5038867
35600,0.52833027
35700,0.5079487
35900,0.48988742
36000,0.44694647
36100,0.53974485
36600,0.47877583
37200,0.41207606
37400,0.5156598
37500,0.45404187
37600,0.47291833
37700,0.5412375
38100,0.5081326
38200,0.47947606
38300,0.50964755
38400,0.49405122
38600,0.5094705
38800,0.4164749
39100,0.5280015
39200,0.3173175
39300,0.30859032
39400,0.36189047
39600,0.39859223
39700,0.19490804
39900,0.49815193
40000,0.4515485
40200,0.5439769
40500,0.50543725
40600,0.45700988
41800,0.55240345
42000,0.41664773
42700,0.48990485
42900,0.4227505
43600,0.5422862
44200,0.52949375
44500,0.4024822
44700,0.49769676
44900,0.46802092
45200,0.40053445
45300,0.4325448
45500,0.443384
45600,0.5377314
46100,0.43479824
46300,0.5395105
46500,0.47266573
46900,0.49559283
47000,0.49730057
47100,0.47052738
47200,0.5534231
47300,0.50731826
47600,0.5485565
47700,0.49484405
47800,0.54243237
47900,0.48909423
48200,0.50837314
48600,0.497
48700,0.4018083
49100,0.51637644
49200,0.53097373
49600,0.5060973
49700,0.25309896
49900,0.4923185
50100,0.4390336
50300,0.48261723
50400,0.2732515
50600,0.41863096
50800,0.3716443
50900,0.43585816
51000,0.47991458
51200,0.4944706
51600,0.4407021
51800,0.51211745
52000,0.42921525
52100,0.50205755
52500,0.48775285
52600,0.4781388
52700,0.06453636
53200,0.3982095
53300,0.45440683
53400,0.25044757
53600,0.5210879
53900,0.3362151
54100,0.5384247
54200,0.511018
54300,0.53706855
54400,0.5322659
54600,0.27246866
55000,0.5499903
55200,0.45421264
55400,0.37744018
55500,0.47008735
55600,0.30586183
56200,0.4779465
56500,0.5026337
56700,0.5234251
56800,0.3902166
57000,0.49800673
57100,0.49843198
57200,0.5101285
57300,0.42551643
57500,0.41804042
57900,0.516866
58000,0.4857324
58200,0.4979468
58300,0.47582686
58500,0.50062895
58900,0.36572042
59100,0.4936803
59200,0.48532704
59500,0.45365798
59600,0.5353842
59800,0.5277658
59900,0.47134718
60400,0.54733866
60500,0.40675348
60800,0.5526011
61100,0.41075358
61300,0.3957805
61400,0.54765
61700,0.4120747
62100,0.51199144
62400,0.46235862
62700,0.5046555
62800,0.52017367
63500,0.49502724
63600,0.51061994
63700,0.51305765
63800,0.5615377
63900,0.4876938
64300,0.5137416
64400,0.57335836
1,0.5008246
101,0.41638494
401,0.44760153
601,0.48274586
701,0.50082564
1001,0.49554235
1201,0.4659496
1701,0.59776485
2201,0.46923134
2701,0.46054575
2801,0.4637741
2901,0.4683044
3001,0.48619625
3101,0.48654646
3201,0.46640375
3301,0.48750207
3401,0.47856304
3701,0.5432477
4001,0.47257861
4101,0.88950634
4201,0.4821801
4401,0.52583843
4701,0.5648442
4801,0.45450634
4901,0.56737304
5101,0.52589035
5201,0.53929985
5701,0.4740854
5901,0.47382823
6201,0.5118255
6301,0.4848249
6501,0.51484704
6601,0.50333214
6801,0.48874107
6901,0.4992602
7001,0.48536763
7201,0.5033406
7401,0.53556883
7501,0.48541287
7701,0.49755955
7901,0.47316852
8101,0.48981887
8201,0.469821
8301,0.48394918
8401,0.5164915
8501,0.46955532
8601,0.5098637
8701,0.53291774
8901,0.5002528
9001,0.5071024
9201,0.5326104
9501,0.52997845
9801,0.59919435
9901,0.52947897
10101,0.47624162
10401,0.487608
10501,0.48768997
10601,0.6208483
10701,0.6442604
10901,0.553557
11201,0.48965323
11301,0.49846792
11701,0.5073714
11901,0.5131125
12101,0.5444375
12401,0.44414347
12701,0.5377853
12901,0.479414
13001,0.5392022
13401,0.5117247
13501,0.4754233
13601,0.54302233
13701,0.48728508
13901,0.56191057
14301,0.47838175
14401,0.4352237
15401,0.46457538
15601,0.5021285
15701,0.47794545
15801,0.5267912
15901,0.49330288
16101,0.4768748
16201,0.504322
16301,0.5042054
16401,0.43328232
16501,0.5445391
16601,0.4882308
17001,0.5052437
17101,0.48845282
17201,0.5077252
17301,0.52284324
17401,0.53456855
17601,0.51450133
17701,0.5177571
17901,0.51883674
18001,0.5389966
18101,0.4970475
18201,0.53058726
18401,0.49731886
18501,0.47874695
18701,0.53453094
18801,0.5420492
19101,0.51889837
19501,0.48463893
19601,0.5290153
19701,0.49760357
19801,0.48435944
20701,0.488232
20801,0.5264482
20901,0.50866807
21101,0.50110865
21201,0.49972874
21401,0.5141665
21801,0.52122414
22001,0.5079328
22301,0.60216886
22401,0.4956498
22501,0.54071814
22601,0.5402174
22901,0.50947905
23001,0.517155
23201,0.59261185
23301,0.52876264
23601,0.513688
23701,0.4947507
23801,0.4477358
23901,0.5005417
24101,0.5193463
24201,0.48224056
24401,0.49678868
24501,0.51110876
24601,0.49189112
24701,0.48431402
25301,0.462623
25401,0.5301546
25801,0.5227592
26001,0.4552213
26101,0.48940077
26201,0.5940102
26301,0.505225
26401,0.49482697
26601,0.5132752
26701,0.46920046
26801,0.5103918
26901,0.47729802
27001,0.49496937
27301,0.47005394
27401,0.48185337
27501,0.46128
27901,0.521802
28001,0.48281193
28101,0.4635692
28301,0.49596792
28401,0.488802
29001,0.4768762
29101,0.5465508
29301,0.4919222
29601,0.5204598
29701,0.5158988
29801,0.4808065
29901,0.47054207
30001,0.50929296
30101,0.47613132
30301,0.50282216
30401,0.46324414
30701,0.47052845
30801,0.55546397
31101,0.4916831
31201,0.48108202
31601,0.52068835
31701,0.48528022
31801,0.48761687
31901,0.48645598
32001,0.47881925
32101,0.49935755
32801,0.50880647
33001,0.48062935
33101,0.5425128
33501,0.49325937
33701,0.5247634
33801,0.62285656
33901,0.51029444
34001,0.5375553
34201,0.49460015
34301,0.5512073
34401,0.50710756
34501,0.54843986
34601,0.50023407
34801,0.55204177
35001,0.48340663
35201,0.4475388
35301,0.49657255
35501,0.462829
35601,0.48842016
35701,0.5280491
35901,0.5092932
36001,0.5374291
36101,0.4662438
36601,0.53466314
37201,0.60896486
37401,0.49720266
37501,0.5020239
37601,0.45708865
37701,0.49550122
38101,0.48142302
38201,0.4599977
38301,0.52094096
38401,0.517921
38601,0.49281728
38801,0.4781168
39101,0.5062466
39201,0.5383758
39301,0.49324816
39401,0.48263216
39601,0.55237794
39701,0.7087994
39901,0.5152826
40001,0.47468433
40201,0.47748345
40501,0.51440424
40601,0.56768423
41801,0.4671295
42001,0.6698869
42701,0.4843959
42901,0.5147253
43601,0.51017046
44201,0.5085664
44501,0.47874254
44701,0.52984196
44901,0.5050051
45201,0.5812657
45301,0.5291541
45501,0.5399867
45601,0.49454665
46101,0.49117348
46301,0.5284068
46501,0.48130724
46901,0.5640259
47001,0.48497325
47101,0.47090775
47201,0.48342794
47301,0.48740217
47601,0.49102226
47701,0.5233314
47801,0.57151717
47901,0.49911648
48201,0.47795922
48601,0.5190296
48701,0.5495968
49101,0.47128204
49201,0.4765907
49601,0.49217534
49701,0.52432716
49901,0.5272562
50101,0.5656356
50301,0.54172117
50401,0.5369467
50601,0.5397911
50801,0.49770117
50901,0.5509054
51001,0.50974333
51201,0.49636286
51601,0.5310763
51801,0.5219785
52001,0.53581125
52101,0.48233297
52501,0.48544085
52601,0.5019096
52701,0.6308319
53201,0.4474695
53301,0.45854634
53401,0.6007213
53601,0.5089549
53901,0.5205051
54101,0.50841624
54201,0.47759753
54301,0.4500046
54401,0.49969772
54601,0.61940545
55001,0.461164
55201,0.52747166
55401,0.47994348
55501,0.60229564
55601,0.6009202
56201,0.4755949
56501,0.48329845
56701,0.50413847
56801,0.56307954
57001,0.5388519
57101,0.54332733
57201,0.5105749
57301,0.48913795
57501,0.5961181
57901,0.50021017
58001,0.5256869
58201,0.5006138
58301,0.4813246
58501,0.49886832
58901,0.5490625
59101,0.5187199
59201,0.4877141
59501,0.5220944
59601,0.5029207
59801,0.47220066
59901,0.49549094
60401,0.48417753
60501,0.51313394
60801,0.5432764
61101,0.47628197
61301,0.4952117
61401,0.4892503
61701,0.48540393
62101,0.48233032
62401,0.513272
62701,0.5049937
62801,0.46802926
63501,0.48001832
63601,0.4982512
63701,0.50088495
63801,0.4972552
63901,0.5206072
64301,0.5011685
64401,0.490385
2,0.49411157
102,0.45071548
402,0.36951685
602,0.4518236
702,0.49380955
1002,0.4315928
1202,0.42054865
1702,0.34388468
2202,0.45263526
2702,0.40011653
2802,0.5118666
2902,0.5039711
3002,0.46650138
3102,0.47504875
3202,0.45748535
3302,0.46289298
3402,0.43201208
3702,0.48290035
4002,0.46169782
4102,0.4252792
4202,0.460533
4402,0.4611195
4702,0.52147603
4802,0.47797456
4902,0.50325525
5102,0.5020181
5202,0.4672335
5702,0.47548035
5902,0.48939794
6202,0.49523962
6302,0.4831197
6502,0.50730777
6602,0.45760384
6802,0.4410127
6902,0.38668302
7002,0.42897138
7202,0.42718455
7402,0.46430454
7502,0.41117457
7702,0.43880138
7902,0.4114364
8102,0.46222365
8202,0.439967
8302,0.43572217
8402,0.47329557
8502,0.4276162
8602,0.43205485
8702,0.39518517
8902,0.4244769
9002,0.42840427
9202,0.46767762
9502,0.43442357
9802,0.4343836
9902,0.43429735
10102,0.4290285
10402,0.47630224
10502,0.49156046
10602,0.40147004
10702,0.5325966
10902,0.44033822
11202,0.42349043
11302,0.46250618
11702,0.41041324
11902,0.46005568
12102,0.46017274
12402,0.51152205
12702,0.46979806
12902,0.50405896
13002,0.5389379
13402,0.4820129
13502,0.46835783
13602,0.5138232
13702,0.44576886
13902,0.46421853
14302,0.48462462
14402,0.47862846
15402,0.49433285
15602,0.45179093
15702,0.4730787
15802,0.46358284
15902,0.4084463
16102,0.41690308
16202,0.50045276
16302,0.4026604
16402,0.49706477
16502,0.43277034
16602,0.456567
17002,0.5485038
17102,0.35831898
17202,0.41851854
17302,0.40116748
17402,0.3745728
17602,0.44934082
17702,0.4592193
17902,0.34008613
18002,0.3917114
18102,0.42122564
18202,0.41238967
18402,0.45537952
18502,0.39217645
18702,0.39973918
18802,0.39247268
19102,0.50124145
19502,0.4458463
19602,0.42082274
19702,0.45898807
19802,0.46469223
20702,0.48492208
20802,0.49483436
20902,0.48344478
21102,0.43034726
21202,0.48487487
21402,0.46280402
21802,0.45991397
22002,0.46307057
22302,0.47102925
22402,0.47704288
22502,0.48630485
22602,0.481323
22902,0.38723192
23002,0.36639503
23202,0.4749308
23302,0.3708455
23602,0.46509293
23702,0.4737742
23802,0.4357227
23902,0.45693398
24102,0.49626315
24202,0.49490362
24402,0.44560537
24502,0.39322913
24602,0.35185757
24702,0.4327683
25302,0.32158768
25402,0.47731528
25802,0.4848792
26002,0.48532078
26102,0.44581127
26202,0.45936632
26302,0.458091
26402,0.49274072
26602,0.48719436
26702,0.46824938
26802,0.44329667
26902,0.47398037
27002,0.47612944
27302,0.45053953
27402,0.45342794
27502,0.4486423
27902,0.4536528
28002,0.4203214
28102,0.49187234
28302,0.45812696
28402,0.47222355
29002,0.47300783
29102,0.50539386
29302,0.48340377
29602,0.42730057
29702,0.43580517
29802,0.4985267
29902,0.45274818
30002,0.47136205
30102,0.50267756
30302,0.48542294
30402,0.4964713
30702,0.48378703
30802,0.46959513
31102,0.4475817
31202,0.5008157
31602,0.5007446
31702,0.5074805
31802,0.49404877
31902,0.49198216
32002,0.48361516
32102,0.4639666
32802,0.4835563
33002,0.3656623
33102,0.38125426
33502,0.51353496
33702,0.3416962
33802,0.33593968
33902,0.41942605
34002,0.36856216
34202,0.43665597
34302,0.4026989
34402,0.40792143
34502,0.46778452
34602,0.40736622
34802,0.3844768
35002,0.49907696
35202,0.46690288
35302,0.50061965
35502,0.4106327
35602,0.47034395
35702,0.43094885
35902,0.45696384
36002,0.39703128
36102,0.43748325
36602,0.45701683
37202,0.459134
37402,0.4423847
37502,0.45142362
37602,0.49527505
37702,0.49056697
38102,0.49217355
38202,0.49695623
38302,0.53275216
38402,0.4681997
38602,0.5204887
38802,0.5358652
39102,0.4312128
39202,0.35062033
39302,0.48507234
39402,0.4397262
39602,0.4382485
39702,0.3262089
39902,0.45674416
40002,0.4160516
40202,0.5363866
40502,0.49218908
40602,0.4386867
41802,0.46686688
42002,0.37415078
42702,0.41572154
42902,0.4720692
43602,0.4717348
44202,0.46664077
44502,0.4544592
44702,0.47488126
44902,0.46050563
45202,0.49700624
45302,0.5126072
45502,0.48151177
45602,0.48663667
46102,0.51545143
46302,0.47859183
46502,0.44537872
46902,0.4132876
47002,0.42317548
47102,0.4776128
47202,0.42224455
47302,0.5289166
47602,0.49111798
47702,0.46521774
47802,0.49080294
47902,0.45235828
48202,0.44608462
48602,0.42966768
48702,0.39489675
49102,0.50217855
49202,0.46565846
49602,0.44477636
49702,0.43085694
49902,0.49078092
50102,0.3119357
50302,0.41106936
50402,0.43974832
50602,0.47725824
50802,0.3943409
50902,0.4454467
51002,0.463567
51202,0.33812398
51602,0.40706918
51802,0.4613885
52002,0.43277138
52102,0.49080816
52502,0.42143604
52602,0.4256064
52702,0.5709242
53202,0.38653475
53302,0.50898415
53402,0.3405507
53602,0.49410987
53902,0.54247403
54102,0.45996708
54202,0.49801636
54302,0.49441695
54402,0.5124664
54602,0.4459942
55002,0.47491476
55202,0.42626622
55402,0.4561778
55502,0.41090605
55602,0.4549235
56202,0.43550837
56502,0.48541477
56702,0.4494711
56802,0.4224041
57002,0.4232751
57102,0.43947247
57202,0.4787145
57302,0.39686105
57502,0.44471976
57902,0.50481147
58002,0.51398075
58202,0.4234837
58302,0.3969451
58502,0.46000212
58902,0.43620852
59102,0.514412
59202,0.4848702
59502,0.39875588
59602,0.5129169
59802,0.48232028
59902,0.4520844
60402,0.4270015
60502,0.48026967
60802,0.44376662
61102,0.4510245
61302,0.48777336
61402,0.5220303
61702,0.48978418
62102,0.4784218
62402,0.47945338
62702,0.4772583
62802,0.49588132
63502,0.48137787
63602,0.43190056
63702,0.47318146
63802,0.46849906
63902,0.4349095
64302,0.49062225
64402,0.46444973
3,0.57516426
103,0.57481724
403,0.5761075
603,0.5465409
703,0.5334523
1003,0.5357993
1203,0.55187434
1703,0.58902353
2203,0.5461958
2703,0.57850957
2803,0.5041779
2903,0.4713434
3003,0.5452706
3103,0.54463655
3203,0.52110463
3303,0.51579654
3403,0.5552318
3703,0.51168025
4003,0.5092126
4103,0.92171687
4203,0.5647338
4403,0.54920644
4703,0.5221355
4803,0.445862
4903,0.5081694
5103,0.51434475
5203,0.50834864
5703,0.51302505
5903,0.46010405
6203,0.5200474
6303,0.45826212
6503,0.5165087
6603,0.43996358
6803,0.50166047
6903,0.5934098
7003,0.5322955
7203,0.5264871
7403,0.60583925
7503,0.56564915
7703,0.50651634
7903,0.49958062
8103,0.5151609
8203,0.5563335
8303,0.5136602
8403,0.5049614
8503,0.5625018
8603,0.5098938
8703,0.5111211
8903,0.5147799
9003,0.5555996
9203,0.51545125
9503,0.49114406
9803,0.5397212
9903,0.5171612
10103,0.55364686
10403,0.5407459
10503,0.4854028
10603,0.6421892
10703,0.5914892
10903,0.51546335
11203,0.49212816
11303,0.5274816
11703,0.58281076
11903,0.52989644
12103,0.55431914
12403,0.47445822
12703,0.5429239
12903,0.49496746
13003,0.59296185
13403,0.53689885
13503,0.5021868
13603,0.49418032
13703,0.5429895
13903,0.54512006
14303,0.49884534
14403,0.5538128
15403,0.52967036
15603,0.50371754
15703,0.51662546
15803,0.5019479
15903,0.51389533
16103,0.5195407
16203,0.52571636
16303,0.57289404
16403,0.567001
16503,0.53634256
16603,0.5151123
17003,0.51870835
17103,0.61417246
17203,0.57985467
17303,0.50046194
17403,0.5585534
17603,0.53781486
17703,0.54238164
17903,0.6077237
18003,0.6377767
18103,0.5527133
18203,0.5685517
18403,0.51602143
18503,0.53923446
18703,0.543732
18803,0.5640124
19103,0.5281736
19503,0.49712962
19603,0.50716573
19703,0.48493332
19803,0.5412287
20703,0.48124444
20803,0.5347927
20903,0.5265544
21103,0.5080149
21203,0.5213817
21403,0.5174384
21803,0.5212603
22003,0.5215242
22303,0.5614332
22403,0.46835896
22503,0.520615
22603,0.51561385
22903,0.58465064
23003,0.53902644
23203,0.5561507
23303,0.5706276
23603,0.5190744
23703,0.56840026
23803,0.5202736
23903,0.52032673
24103,0.5023811
24203,0.5768997
24403,0.5352315
24503,0.5712321
24603,0.5257787
24703,0.5628634
25303,0.5831762
25403,0.5242709
25803,0.51918
26003,0.4887472
26103,0.5185207
26203,0.5275799
26303,0.46974227
26403,0.6117111
26603,0.4989754
26703,0.5091716
26803,0.5347802
26903,0.52302915
27003,0.55319935
27303,0.52216566
27403,0.5429278
27503,0.5534121
27903,0.5723449
28003,0.58651793
28103,0.52003074
28303,0.5803494
28403,0.5286669
29003,0.50775397
29103,0.5096662
29303,0.5501438
29603,0.60046244
29703,0.4844269
29803,0.49817455
29903,0.509405
30003,0.5286087
30103,0.51488197
30303,0.46831834
30403,0.48496312
30703,0.5217638
30803,0.5483437
31103,0.5104549
31203,0.521221
31603,0.5633077
31703,0.48692197
31803,0.49122262
31903,0.5121497
32003,0.47368488
32103,0.5201591
32803,0.49743354
33003,0.5671497
33103,0.57947683
33503,0.5358995
33703,0.58022124
33803,0.5565114
33903,0.5653387
34003,0.5864431
34203,0.53937316
34303,0.5747083
34403,0.56141883
34503,0.53153276
34603,0.5517312
34803,0.5694947
35003,0.49259907
35203,0.52071095
35303,0.58138037
35503,0.543395
35603,0.5277234
35703,0.5576366
35903,0.5068004
36003,0.5918932
36103,0.50346535
36603,0.55165744
37203,0.57601875
37403,0.5259565
37503,0.54412323
37603,0.48632225
37703,0.5195628
38103,0.4714405
38203,0.51273584
38303,0.5727844
38403,0.53000253
38603,0.452093
38803,0.47567788
39103,0.53717434
39203,0.5537751
39303,0.61057955
39403,0.5680109
39603,0.5213385
39703,0.67400146
39903,0.5265648
40003,0.53388464
40203,0.52013814
40503,0.5130437
40603,0.5175725
41803,0.5434053
42003,0.5614899
42703,0.5395793
42903,0.54898757
43603,0.5392182
44203,0.5258068
44503,0.53333974
44703,0.51796436
44903,0.48629558
45203,0.55450046
45303,0.52953684
45503,0.50465333
45603,0.51996744
46103,0.48442876
46303,0.4873296
46503,0.52916825
46903,0.5022217
47003,0.5612183
47103,0.5188482
47203,0.5170978
47303,0.5515666
47603,0.49943024
47703,0.49116093
47803,0.47439262
47903,0.5085789
48203,0.51080954
48603,0.524762
48703,0.55543065
49103,0.4937142
49203,0.50056994
49603,0.5401413
49703,0.53550214
49903,0.45326197
50103,0.618789
50303,0.5528733
50403,0.6270016
50603,0.56671226
50803,0.5626097
50903,0.5371073
51003,0.50371444
51203,0.56461674
51603,0.5279714
51803,0.52573943
52003,0.58454746
52103,0.51514775
52503,0.53671217
52603,0.5441666
52703,0.8367298
53203,0.5543254
53303,0.5941428
53403,0.6066038
53603,0.5186065
53903,0.59872353
54103,0.5025169
54203,0.47368988
54303,0.4859362
54403,0.50639296
54603,0.6394529
55003,0.4869082
55203,0.56241393
55403,0.5703772
55503,0.5776762
55603,0.5732492
56203,0.5500548
56503,0.5465812
56703,0.53596044
56803,0.548757
57003,0.5864911
57103,0.49524856
57203,0.47982648
57303,0.5458004
57503,0.54461205
57903,0.52822554
58003,0.507251
58203,0.5281393
58303,0.552533
58503,0.57746214
58903,0.57461405
59103,0.5292908
59203,0.53411156
59503,0.55351985
59603,0.5193699
59803,0.5146092
59903,0.51648563
60403,0.53055865
60503,0.553869
60803,0.51241696
61103,0.5545909
61303,0.57303584
61403,0.4969625
61703,0.4533034
62103,0.51825243
62403,0.5338177
62703,0.48889235
62803,0.5102424
63503,0.53325415
63603,0.53016937
63703,0.544937
63803,0.4998985
63903,0.5360583
64303,0.47012436
64403,0.5322557
4,0.36656108
104,0.40172702
404,0.32079518
604,0.42922583
704,0.4792049
1004,0.4090832
1204,0.43870988
1704,0.45849943
2204,0.42673853
2704,0.44683108
2804,0.45187253
2904,0.43928382
3004,0.43269116
3104,0.4883669
3204,0.46131027
3304,0.40103427
3404,0.46885732
3704,0.4613813
4004,0.33373073
4104,0.0130991405
4204,0.45526004
4404,0.43863222
4704,0.3878935
4804,0.45982277
4904,0.394119
5104,0.47124597
5204,0.42694178
5704,0.5326759
5904,0.42595392
6204,0.39938
6304,0.45359156
6504,0.4177043
6604,0.42571813
6804,0.40461293
6904,0.2704808
7004,0.503021
7204,0.36588413
7404,0.31623352
7504,0.4073655
7704,0.45865324
7904,0.42067668
8104,0.48908558
8204,0.48064023
8304,0.4786571
8404,0.4331366
8504,0.43661508
8604,0.48117435
8704,0.45743954
8904,0.43659672
9004,0.47679135
9204,0.51255506
9504,0.40654287
9804,0.39680827
9904,0.45028964
10104,0.44872737
10404,0.48009253
10504,0.4731842
10604,0.20945475
10704,0.23988014
10904,0.47917086
11204,0.52085966
11304,0.45297074
11704,0.31429514
11904,0.47651193
12104,0.41167837
12404,0.4594609
12704,0.4482889
12904,0.4875664
13004,0.26194838
13404,0.5077547
13504,0.43306017
13604,0.38764122
13704,0.42391452
13904,0.36151093
14304,0.4300131
14404,0.4290883
15404,0.49710825
15604,0.44610333
15704,0.46254286
15804,0.47928208
15904,0.4666524
16104,0.42361718
16204,0.5184779
16304,0.44291234
16404,0.4102479
16504,0.4327012
16604,0.53938806
17004,0.49800825
17104,0.42733452
17204,0.43009913
17304,0.4770241
17404,0.4280591
17604,0.3772776
17704,0.40970355
17904,0.4213208
18004,0.39781538
18104,0.36152035
18204,0.40888533
18404,0.44119135
18504,0.46339467
18704,0.3094107
18804,0.42094487
19104,0.44355124
19504,0.46567369
19604,0.4780416
19704,0.44363603
19804,0.4190928
20704,0.44245028
20804,0.38789287
20904,0.46326926
21104,0.47591394
21204,0.47852218
21404,0.43833074
21804,0.4767215
22004,0.3721437
22304,0.29507267
22404,0.442399
22504,0.47146818
22604,0.44178566
22904,0.2841145
23004,0.42272472
23204,0.23994826
23304,0.28142738
23604,0.47622886
23704,0.36161894
23804,0.4338032
23904,0.4597128
24104,0.5216776
24204,0.42621097
24404,0.48003566
24504,0.41994277
24604,0.45480588
24704,0.47097751
25304,0.3822762
25404,0.3928436
25804,0.444537
26004,0.5159241
26104,0.4975341
26204,0.3485425
26304,0.47164884
26404,0.25096154
26604,0.4395242
26704,0.451706
26804,0.28821874
26904,0.47343904
27004,0.42404163
27304,0.45300087
27404,0.43944332
27504,0.38749135
27904,0.3804019
28004,0.35093302
28104,0.44640544
28304,0.4020014
28404,0.49067846
29004,0.4951923
29104,0.45511532
29304,0.3875202
29604,0.29519007
29704,0.41026062
29804,0.40498406
29904,0.43478522
30004,0.48605934
30104,0.50808614
30304,0.46462372
30404,0.46177372
30704,0.43395513
30804,0.44748473
31104,0.4557333
31204,0.46933833
31604,0.45454758
31704,0.48277768
31804,0.49934357
31904,0.50202096
32004,0.4467262
32104,0.32893717
32804,0.4570506
33004,0.48366806
33104,0.4387966
33504,0.46295094
33704,0.48268598
33804,0.46522677
33904,0.37758368
34004,0.47244588
34204,0.42965084
34304,0.4669778
34404,0.40928772
34504,0.40764204
34604,0.41853282
34804,0.3973667
35004,0.52138686
35204,0.46061736
35304,0.38891196
35504,0.479266
35604,0.4595658
35704,0.405392
35904,0.46363434
36004,0.41659665
36104,0.4940653
36604,0.4154913
37204,0.35101938
37404,0.4596775
37504,0.39763567
37604,0.4320136
37704,0.52146614
38104,0.42285568
38204,0.43032208
38304,0.4320363
38404,0.4760677
38604,0.45497712
38804,0.35917133
39104,0.45165303
39204,0.3045624
39304,0.27208892
39404,0.374033
39604,0.37249753
39704,0.17425223
39904,0.40328476
40004,0.42972356
40204,0.37251148
40504,0.45330578
40604,0.4410973
41804,0.49394846
42004,0.39671028
42704,0.47243798
42904,0.29250917
43604,0.48807946
44204,0.49246204
44504,0.37418085
44704,0.5017655
44904,0.45872018
45204,0.3428148
45304,0.4254438
45504,0.4709498
45604,0.4965557
46104,0.31823042
46304,0.51469135
46504,0.49977887
46904,0.4188124
47004,0.3956938
47104,0.46389496
47204,0.49413294
47304,0.42396897
47604,0.43608403
47704,0.48368073
47804,0.4270173
47904,0.48165545
48204,0.511681
48604,0.44346568
48704,0.37756404
49104,0.47186545
49204,0.50277436
49604,0.41865417
49704,0.2544074
49904,0.4440587
50104,0.46969733
50304,0.4449659
50404,0.27062672
50604,0.36793518
50804,0.37843028
50904,0.43397337
51004,0.43860832
51204,0.46082273
51604,0.38215318
51804,0.45061687
52004,0.3449368
52104,0.5247517
52504,0.45116374
52604,0.43144137
52704,0.13442315
53204,0.35972768
53304,0.33658388
53404,0.2126493
53604,0.44807968
53904,0.28511104
54104,0.45864305
54204,0.46640196
54304,0.45454362
54404,0.42066965
54604,0.20386511
55004,0.44793394
55204,0.40701386
55404,0.37805805
55504,0.3737499
55604,0.34919617
56204,0.44501352
56504,0.45199084
56704,0.46770182
56804,0.370098
57004,0.44140056
57104,0.41329372
57204,0.48236048
57304,0.41191736
57504,0.38181764
57904,0.4831778
58004,0.46911436
58204,0.4797153
58304,0.40893295
58504,0.44939014
58904,0.33048967
59104,0.46737024
59204,0.46145195
59504,0.4336646
59604,0.5177598
59804,0.45544794
59904,0.45150718
60404,0.45542887
60504,0.38295025
60804,0.4787958
61104,0.39562494
61304,0.42199132
61404,0.49111083
61704,0.3804644
62104,0.4963886
62404,0.41008902
62704,0.45833376
62804,0.48848003
63504,0.50782466
63604,0.48079994
63704,0.49501336
63804,0.48973593
63904,0.46076408
64304,0.45974845
64404,0.48358956
5,0.46161315
105,0.48982367
405,0.3788902
605,0.41160995
705,0.40630618
1005,0.46177584
1205,0.4457085
1705,0.49407393
2205,0.48429725
2705,0.44319454
2805,0.44019526
2905,0.5215479
3005,0.37306735
3105,0.43213704
3205,0.438739
3305,0.4555166
3405,0.44473013
3705,0.41599008
4005,0.47695273
4105,0.17432564
4205,0.40556836
4405,0.46336102
4705,0.45023936
4805,0.4293445
4905,0.45730636
5105,0.40175948
5205,0.44313547
5705,0.45051512
5905,0.46189436
6205,0.3896463
6305,0.44297758
6505,0.4955681
6605,0.45908776
6805,0.43909812
6905,0.3713764
7005,0.46728325
7205,0.45958388
7405,0.39569807
7505,0.480794
7705,0.47570667
7905,0.43815503
8105,0.45820907
8205,0.42251283
8305,0.4744959
8405,0.4698414
8505,0.48908615
8605,0.48507598
8705,0.45852908
8905,0.49210602
9005,0.39364892
9205,0.43772283
9505,0.42737406
9805,0.5134213
9905,0.4776618
10105,0.42168757
10405,0.40631536
10505,0.41131687
10605,0.37298748
10705,0.49366796
10905,0.45864522
11205,0.47670224
11305,0.4280395
11705,0.40623114
11905,0.41851878
12105,0.4630406
12405,0.46736532
12705,0.41221443
12905,0.4486481
13005,0.3910034
13405,0.411076
13505,0.43821344
13605,0.40651965
13705,0.44175696
13905,0.4638998
14305,0.42623484
14405,0.44916567
15405,0.4570918
15605,0.40866882
15705,0.48333576
15805,0.5023217
15905,0.4847394
16105,0.42840832
16205,0.44959447
16305,0.4040318
16405,0.48611984
16505,0.4408838
16605,0.46589127
17005,0.44871745
17105,0.49560025
17205,0.45113456
17305,0.4860877
17405,0.48899493
17605,0.42131117
17705,0.4961926
17905,0.48931518
18005,0.48285472
18105,0.37953454
18205,0.41361275
18405,0.47171575
18505,0.46639186
18705,0.41798264
18805,0.44456166
19105,0.4610823
19505,0.50261205
19605,0.4170725
19705,0.45408812
19805,0.41411796
20705,0.47007528
20805,0.43664727
20905,0.45640144
21105,0.47036877
21205,0.42606458
21405,0.45361784
21805,0.42802653
22005,0.4127511
22305,0.37370268
22405,0.41220027
22505,0.4480037
22605,0.41191095
22905,0.4360205
23005,0.44298193
23205,0.44029197
23305,0.45583293
23605,0.4382293
23705,0.35310337
23805,0.4504156
23905,0.45764896
24105,0.47810304
24205,0.3876611
24405,0.4499597
24505,0.4299977
24605,0.4466041
24705,0.3756695
25305,0.3966781
25405,0.39067352
25805,0.5102217
26005,0.48262933
26105,0.45594195
26205,0.48173025
26305,0.405835
26405,0.38589895
26605,0.42700174
26705,0.44813943
26805,0.41875318
26905,0.42695883
27005,0.43968257
27305,0.46152928
27405,0.46386543
27505,0.41850647
27905,0.4041224
28005,0.38376558
28105,0.40011874
28305,0.3832346
28405,0.43157274
29005,0.44184187
29105,0.44190562
29305,0.34764388
29605,0.38918668
29705,0.44978413
29805,0.38781583
29905,0.42120752
30005,0.44436377
30105,0.45066777
30305,0.43068314
30405,0.3929282
30705,0.4251089
30805,0.4363055
31105,0.41152453
31205,0.41908365
31605,0.50213957
31705,0.48744285
31805,0.4794434
31905,0.41509888
32005,0.4391971
32105,0.51969934
32805,0.41663545
33005,0.51373416
33105,0.438125
33505,0.44026026
33705,0.44260827
33805,0.51045763
33905,0.35293707
34005,0.3984519
34205,0.44518024
34305,0.45861042
34405,0.39076886
34505,0.45255804
34605,0.42889094
34805,0.42786846
35005,0.44777897
35205,0.4225768
35305,0.46842554
35505,0.472134
35605,0.46517095
35705,0.452275
35905,0.45254812
36005,0.42882553
36105,0.47428295
36605,0.47969952
37205,0.4574755
37405,0.4148752
37505,0.4308929
37605,0.44621012
37705,0.46725172
38105,0.46253574
38205,0.413201
38305,0.3990339
38405,0.4536994
38605,0.41614172
38805,0.34789336
39105,0.44613254
39205,0.4171868
39305,0.3893472
39405,0.4024409
39605,0.48963293
39705,0.29253238
39905,0.53932077
40005,0.42796874
40205,0.5077841
40505,0.4497021
40605,0.47447398
41805,0.44141334
42005,0.4737232
42705,0.44130003
42905,0.4661887
43605,0.445301
44205,0.43955436
44505,0.4179819
44705,0.43148583
44905,0.46851608
45205,0.4665254
45305,0.412891
45505,0.42683887
45605,0.426054
46105,0.45975757
46305,0.43582577
46505,0.4225054
46905,0.53793263
47005,0.4077638
47105,0.42355412
47205,0.43497857
47305,0.40652663
47605,0.4987074
47705,0.43505707
47805,0.43864807
47905,0.47947386
48205,0.4504484
48605,0.47415328
48705,0.4829796
49105,0.47526664
49205,0.4313008
49605,0.47449142
49705,0.37463635
49905,0.41137528
50105,0.46548018
50305,0.45288372
50405,0.37549737
50605,0.41637707
50805,0.43887097
50905,0.42293027
51005,0.4776361
51205,0.42155313
51605,0.4644039
51805,0.4648432
52005,0.41892317
52105,0.45296296
52505,0.4527933
52605,0.4424051
52705,0.11174227
53205,0.37516072
53305,0.3943394
53405,0.44713858
53605,0.40802988
53905,0.4709321
54105,0.4427038
54205,0.43461233
54305,0.45581895
54405,0.43723068
54605,0.4125286
55005,0.46684372
55205,0.3997606
55405,0.42084292
55505,0.5298173
55605,0.44207367
56205,0.43751928
56505,0.41541192
56705,0.45848885
56805,0.43907866
57005,0.4837281
57105,0.4821046
57205,0.48794016
57305,0.40636477
57505,0.49129704
57905,0.45055616
58005,0.46741226
58205,0.47717702
58305,0.45733228
58505,0.42252508
58905,0.43093672
59105,0.4412399
59205,0.4475844
59505,0.41883734
59605,0.44383126
59805,0.4247189
59905,0.43463707
60405,0.455202
60505,0.44069538
60805,0.43619555
61105,0.4450925
61305,0.37868848
61405,0.44840845
61705,0.43022543
62105,0.44587576
62405,0.40770268
62705,0.39183092
62805,0.42382386
63505,0.46217763
63605,0.4709613
63705,0.4199541
63805,0.43089616
63905,0.44350064
64305,0.41961643
64405,0.43246785
6,0.39327446
106,0.38191995
406,0.405306
606,0.5230674
706,0.4998849
1006,0.3445768
1206,0.44764537
1706,0.29028174
2206,0.38665947
2706,0.38695803
2806,0.4136239
2906,0.36705598
3006,0.48724243
3106,0.44285667
3206,0.5104867
3306,0.4855389
3406,0.43494493
3706,0.49250153
4006,0.44479713
4106,0.07525454
4206,0.48932958
4406,0.44294062
4706,0.4724892
4806,0.4682475
4906,0.5207019
5106,0.46173063
5206,0.4943241
5706,0.48195192
5906,0.46507
6206,0.4500438
6306,0.42834565
6506,0.4553358
6606,0.4399169
6806,0.48179013
6906,0.41314313
7006,0.42444545
7206,0.4758267
7406,0.43086913
7506,0.40697813
7706,0.45225936
7906,0.47150287
8106,0.458488
8206,0.42333516
8306,0.43877774
8406,0.44560817
8506,0.41656923
8606,0.44602636
8706,0.42179897
8906,0.3993864
9006,0.44893533
9206,0.4702991
9506,0.42076516
9806,0.40970626
9906,0.398689
10106,0.45551497
10406,0.487904
10506,0.4583362
10606,0.4553359
10706,0.49658918
10906,0.41424662
11206,0.44139868
11306,0.47862384
11706,0.46546182
11906,0.48299325
12106,0.45334196
12406,0.46107864
12706,0.4365672
12906,0.4717137
13006,0.47562918
13406,0.4677206
13506,0.40152097
13606,0.47432664
13706,0.5148518
13906,0.55803686
14306,0.47436482
14406,0.4353108
15406,0.45687833
15606,0.49087226
15706,0.4319549
15806,0.42230597
15906,0.42754355
16106,0.44371015
16206,0.47123277
16306,0.43650082
16406,0.37607858
16506,0.4085066
16606,0.45769498
17006,0.49530977
17106,0.34205765
17206,0.3672009
17306,0.40149844
17406,0.31730232
17606,0.4782088
17706,0.3428675
17906,0.34422618
18006,0.26770258
18106,0.33802548
18206,0.36233023
18406,0.41437614
18506,0.30273715
18706,0.3711446
18806,0.44764438
19106,0.43379366
19506,0.40920782
19606,0.39914083
19706,0.50166357
19806,0.48156407
20706,0.47663015
20806,0.51753026
20906,0.48090827
21106,0.46588263
21206,0.4540433
21406,0.44737858
21806,0.4705779
22006,0.4966909
22306,0.5127449
22406,0.4805937
22506,0.4505149
22606,0.46293038
22906,0.36053827
23006,0.38327438
23206,0.5420106
23306,0.4735771
23606,0.48577428
23706,0.4614786
23806,0.3342384
23906,0.4409047
24106,0.4787024
24206,0.47226095
24406,0.43652445
24506,0.4029164
24606,0.3523049
24706,0.38619566
25306,0.3948879
25406,0.47972968
25806,0.38031617
26006,0.46279132
26106,0.43869188
26206,0.48915145
26306,0.4556541
26406,0.46037653
26606,0.4607065
26706,0.42898095
26806,0.389271
26906,0.4822657
27006,0.44560757
27306,0.4805809
27406,0.45988753
27506,0.5092648
27906,0.42011616
28006,0.5061149
28106,0.5067222
28306,0.42968687
28406,0.46569127
29006,0.4956841
29106,0.45778474
29306,0.5233432
29606,0.43637705
29706,0.48025262
29806,0.47994405
29906,0.50147784
30006,0.49367255
30106,0.47008678
30306,0.44913673
30406,0.5044596
30706,0.48002684
30806,0.44832388
31106,0.5153622
31206,0.46216008
31606,0.3986906
31706,0.44364673
31806,0.4712311
31906,0.49436003
32006,0.48415506
32106,0.33309707
32806,0.50073445
33006,0.39605057
33106,0.35591853
33506,0.4880397
33706,0.260479
33806,0.3180155
33906,0.3754285
34006,0.3679677
34206,0.37968564
34306,0.36488476
34406,0.42775685
34506,0.40949968
34606,0.43493655
34806,0.31608158
35006,0.45024917
35206,0.4850494
35306,0.40046498
35506,0.39811108
35606,0.40594727
35706,0.40767375
35906,0.44709054
36006,0.41547874
36106,0.4490349
36606,0.4222802
37206,0.33272073
37406,0.49247307
37506,0.49487284
37606,0.42609847
37706,0.46909663
38106,0.4599245
38206,0.46987602
38306,0.4796827
38406,0.44280097
38606,0.45495567
38806,0.37798372
39106,0.4458317
39206,0.44974437
39306,0.362196
39406,0.44672915
39606,0.5182283
39706,0.11975596
39906,0.42472273
40006,0.4616278
40206,0.31341073
40506,0.42462912
40606,0.44267884
41806,0.44615236
42006,0.3798983
42706,0.44594473
42906,0.34539235
43606,0.42987537
44206,0.45758733
44506,0.48368728
44706,0.5125619
44906,0.4636471
45206,0.47450227
45306,0.5105408
45506,0.50515056
45606,0.47367582
46106,0.48449272
46306,0.49131513
46506,0.44193152
46906,0.36134613
47006,0.42702058
47106,0.49155584
47206,0.44915566
47306,0.5078907
47606,0.43593845
47706,0.4293122
47806,0.4473247
47906,0.44449553
48206,0.4807311
48606,0.40794012
48706,0.39877373
49106,0.5051192
49206,0.49901456
49606,0.4726747
49706,0.33363795
49906,0.49287823
50106,0.34068364
50306,0.38057318
50406,0.3425259
50606,0.36865267
50806,0.33475077
50906,0.37418687
51006,0.43104354
51206,0.35108754
51606,0.49619654
51806,0.43250602
52006,0.45026106
52106,0.473664
52506,0.43072045
52606,0.4047162
52706,0.10565723
53206,0.45544577
53306,0.50295955
53406,0.4647295
53606,0.39922228
53906,0.3574971
54106,0.46209368
54206,0.45692188
54306,0.4886646
54406,0.47789142
54606,0.27142796
55006,0.4603723
55206,0.39389858
55406,0.3814963
55506,0.29103085
55606,0.49566442
56206,0.46059647
56506,0.49387896
56706,0.4292402
56806,0.42104396
57006,0.33518693
57106,0.38064352
57206,0.457659
57306,0.46835527
57506,0.32541853
57906,0.49492636
58006,0.4618726
58206,0.4481596
58306,0.43963942
58506,0.45724103
58906,0.3612012
59106,0.4644324
59206,0.49104416
59506,0.37871942
59606,0.4837298
59806,0.4773201
59906,0.47937107
60406,0.3710428
60506,0.48950967
60806,0.43821618
61106,0.49241987
61306,0.47387877
61406,0.42350835
61706,0.36888027
62106,0.47810012
62406,0.4840661
62706,0.49844098
62806,0.483962
63506,0.42594418
63606,0.47206393
63706,0.46179077
63806,0.5090195
63906,0.45371303
64306,0.42937022
64406,0.46533486
7,0.4270804
107,0.45210016
407,0.44254115
607,0.4606861
707,0.5148327
1007,0.46215189
1207,0.45347628
1707,0.48082748
2207,0.4482
2707,0.439444
2807,0.52530944
2907,0.46296304
3007,0.5124416
3107,0.4620272
3207,0.45041773
3307,0.46402988
3407,0.4786139
3707,0.46724638
4007,0.42380834
4107,0.63543606
4207,0.5073681
4407,0.5054142
4707,0.5054771
4807,0.50764406
4907,0.5028453
5107,0.4702608
5207,0.5152066
5707,0.51356274
5907,0.52955425
6207,0.5362351
6307,0.46226683
6507,0.5025351
6607,0.48585016
6807,0.5428847
6907,0.4490596
7007,0.4538494
7207,0.47858152
7407,0.4726767
7507,0.4372812
7707,0.4436543
7907,0.45856625
8107,0.48051098
8207,0.47273174
8307,0.44824913
8407,0.5075926
8507,0.44031018
8607,0.47224474
8707,0.4255946
8907,0.46621102
9007,0.4236256
9207,0.47218597
9507,0.51262987
9807,0.4924013
9907,0.48944736
10107,0.458573
10407,0.5119091
10507,0.49891832
10607,0.58531386
10707,0.60795736
10907,0.4937468
11207,0.4669906
11307,0.4815835
11707,0.4929567
11907,0.533252
12107,0.54062593
12407,0.49306375
12707,0.48645937
12907,0.48850933
13007,0.53648216
13407,0.48579237
13507,0.5271778
13607,0.5576765
13707,0.5384815
13907,0.54160416
14307,0.5149745
14407,0.4719548
15407,0.47302228
15607,0.46643084
15707,0.46952745
15807,0.5142425
15907,0.45313305
16107,0.4971977
16207,0.46583906
16307,0.5171179
16407,0.4222712
16507,0.48359025
16607,0.47104305
17007,0.5103323
17107,0.4482572
17207,0.5092951
17307,0.43511182
17407,0.47058058
17607,0.44441813
17707,0.5073115
17907,0.40259102
18007,0.45212784
18107,0.53058726
18207,0.504735
18407,0.4498484
18507,0.44159675
18707,0.52497494
18807,0.45720583
19107,0.5179378
19507,0.4831821
19607,0.44291687
19707,0.45775747
19807,0.49101165
20707,0.53629345
20807,0.5420908
20907,0.5065934
21107,0.46334407
21207,0.4884988
21407,0.47580534
21807,0.51415986
22007,0.585641
22307,0.4872965
22407,0.49215308
22507,0.47668985
22607,0.5185802
22907,0.4675122
23007,0.44140887
23207,0.4967804
23307,0.5379796
23607,0.46278545
23707,0.48612946
23807,0.4410978
23907,0.48213437
24107,0.50632054
24207,0.51459086
24407,0.446772
24507,0.47491217
24607,0.4084664
24707,0.44622687
25307,0.43397343
25407,0.48837164
25807,0.5216878
26007,0.45853353
26107,0.48977423
26207,0.52332187
26307,0.5121379
26407,0.5185933
26607,0.44676265
26707,0.47149074
26807,0.49809164
26907,0.49368978
27007,0.4660278
27307,0.4809594
27407,0.50022966
27507,0.52688235
27907,0.50624
28007,0.42321986
28107,0.4758432
28307,0.4492599
28407,0.4882909
29007,0.47691616
29107,0.48225236
29307,0.55437726
29607,0.52009356
29707,0.45667973
29807,0.50836766
29907,0.53299046
30007,0.5293506
30107,0.46364662
30307,0.53022325
30407,0.540428
30707,0.45212498
30807,0.5004101
31107,0.45177448
31207,0.49635285
31607,0.51699775
31707,0.46139947
31807,0.48993036
31907,0.49457502
32007,0.50901604
32107,0.42262664
32807,0.4801605
33007,0.42924044
33107,0.47426826
33507,0.470207
33707,0.4606329
33807,0.47946212
33907,0.5061593
34007,0.45047954
34207,0.48077556
34307,0.48707128
34407,0.43392357
34507,0.50298786
34607,0.42898658
34807,0.46724346
35007,0.4871763
35207,0.49296093
35307,0.47518703
35507,0.457183
35607,0.48713446
35707,0.5178896
35907,0.46733811
36007,0.46224
36107,0.47688192
36607,0.5032372
37207,0.53779554
37407,0.5112559
37507,0.505197
37607,0.51699054
37707,0.45426768
38107,0.48426592
38207,0.5320399
38307,0.49600583
38407,0.4982248
38607,0.54392046
38807,0.5784852
39107,0.47223216
39207,0.47893712
39307,0.4956447
39407,0.48152927
39607,0.5226876
39707,0.47652525
39907,0.46318308
40007,0.47256166
40207,0.58829
40507,0.48482606
40607,0.5140029
41807,0.46635744
42007,0.5316384
42707,0.48856363
42907,0.532326
43607,0.4813259
44207,0.48865554
44507,0.47540852
44707,0.5290769
44907,0.5443912
45207,0.5103704
45307,0.48069483
45507,0.48427355
45607,0.5230272
46107,0.4689456
46307,0.5356771
46507,0.50033176
46907,0.46794522
47007,0.47670075
47107,0.45942983
47207,0.4847955
47307,0.47098035
47607,0.47644126
47707,0.4665566
47807,0.5346718
47907,0.4738199
48207,0.4728862
48607,0.4475355
48707,0.47846287
49107,0.4715506
49207,0.4900616
49607,0.47530738
49707,0.48253354
49907,0.55314773
50107,0.44573465
50307,0.4569358
50407,0.5099056
50607,0.5259644
50807,0.4704968
50907,0.50354636
51007,0.47917792
51207,0.43070328
51607,0.4775114
51807,0.48187467
52007,0.48105624
52107,0.4638764
52507,0.4978783
52607,0.4677493
52707,0.53638417
53207,0.41481963
53307,0.52842665
53407,0.52440715
53607,0.474675
53907,0.40148214
54107,0.46923792
54207,0.48507085
54307,0.49533683
54407,0.5052649
54607,0.50208086
55007,0.52074164
55207,0.48372987
55407,0.49064547
55507,0.5051973
55607,0.48995677
56207,0.48827717
56507,0.45647672
56707,0.5138711
56807,0.44933197
57007,0.5245563
57107,0.5168799
57207,0.4870203
57307,0.4622786
57507,0.5552561
57907,0.5174692
58007,0.50165856
58207,0.47594255
58307,0.46993575
58507,0.55775034
58907,0.56092215
59107,0.5037229
59207,0.47786817
59507,0.5124369
59607,0.48641166
59807,0.47706375
59907,0.49893993
60407,0.49596667
60507,0.495308
60807,0.5232713
61107,0.5172849
61307,0.46531042
61407,0.47553444
61707,0.51975137
62107,0.49739373
62407,0.5094627
62707,0.5284743
62807,0.50536823
63507,0.46963128
63607,0.47951153
63707,0.51757973
63807,0.4935916
63907,0.44797015
64307,0.53165996
64407,0.47654524
8,0.44357786
108,0.4064466
408,0.45661542
608,0.47982666
708,0.47475958
1008,0.43436012
1208,0.42814344
1708,0.35218433
2208,0.44619688
2708,0.4354764
2808,0.4304666
2908,0.4616208
3008,0.50423175
3108,0.44056705
3208,0.4432282
3308,0.40384787
3408,0.45089108
3708,0.472318
4008,0.51535916
4108,0.042127244
4208,0.4456086
4408,0.44992754
4708,0.55715925
4808,0.48125526
4908,0.5406632
5108,0.5105477
5208,0.50321543
5708,0.5024714
5908,0.47114158
6208,0.4300333
6308,0.4822862
6508,0.43120462
6608,0.48760888
6808,0.44501275
6908,0.45911777
7008,0.44391546
7208,0.49842995
7408,0.5069369
7508,0.3958987
7708,0.44663024
7908,0.4598865
8108,0.4780012
8208,0.46661106
8308,0.46167877
8408,0.47963312
8508,0.4121076
8608,0.45107886
8708,0.41560423
8908,0.44285652
9008,0.45750004
9208,0.46650144
9508,0.47961685
9808,0.43667153
9908,0.4054476
10108,0.44045287
10408,0.47746024
10508,0.5259203
10608,0.41292897
10708,0.5996764
10908,0.5206177
11208,0.47347006
11308,0.46385035
11708,0.47987297
11908,0.46684277
12108,0.47069052
12408,0.48114374
12708,0.50542915
12908,0.4614901
13008,0.5101491
13408,0.4222823
13508,0.4648559
13608,0.52322894
13708,0.4813891
13908,0.57217556
14308,0.45891622
14408,0.41875485
15408,0.4584572
15608,0.4941965
15708,0.46177006
15808,0.45235208
15908,0.43744418
16108,0.46771613
16208,0.45541683
16308,0.4208427
16408,0.3788417
16508,0.43713057
16608,0.4637817
17008,0.45873806
17108,0.37132472
17208,0.4191132
17308,0.41506448
17408,0.41977617
17608,0.5342747
17708,0.4617604
17908,0.3509775
18008,0.436857
18108,0.5217734
18208,0.4480145
18408,0.46050853
18508,0.4572707
18708,0.49709257
18808,0.39140576
19108,0.46166894
19508,0.44442505
19608,0.46422318
19708,0.39655247
19808,0.45611942
20708,0.49312145
20808,0.490662
20908,0.49164182
21108,0.4841071
21208,0.48429528
21408,0.46284625
21808,0.50832987
22008,0.4918085
22308,0.510441
22408,0.49381137
22508,0.4367134
22608,0.51661646
22908,0.50138974
23008,0.43461663
23208,0.47374475
23308,0.5289868
23608,0.47719738
23708,0.53388256
23808,0.40776214
23908,0.4553498
24108,0.4634366
24208,0.4489996
24408,0.43600506
24508,0.44970256
24608,0.4572931
24708,0.49063176
25308,0.4511165
25408,0.4691313
25808,0.4398432
26008,0.4572629
26108,0.44887304
26208,0.47232562
26308,0.4984001
26408,0.5859307
26608,0.45893177
26708,0.49286783
26808,0.4894673
26908,0.45474026
27008,0.45986935
27308,0.44119164
27408,0.463406
27508,0.49751696
27908,0.4712421
28008,0.49196377
28108,0.44736627
28308,0.5081585
28408,0.46963617
29008,0.4659852
29108,0.46788186
29308,0.4749708
29608,0.4932419
29708,0.4355835
29808,0.49791884
29908,0.4614631
30008,0.48549837
30108,0.4487854
30308,0.48186502
30408,0.48309523
30708,0.48263752
30808,0.43956107
31108,0.48384613
31208,0.4456684
31608,0.45456627
31708,0.47566608
31808,0.4947737
31908,0.45825085
32008,0.48332903
32108,0.42193222
32808,0.4933251
33008,0.38643092
33108,0.42974806
33508,0.47757545
33708,0.40485504
33808,0.37216628
33908,0.46332848
34008,0.4146999
34208,0.45082405
34308,0.4406701
34408,0.4267987
34508,0.45976192
34608,0.45299783
34808,0.43474793
35008,0.44392052
35208,0.44761968
35308,0.4907348
35508,0.42277107
35608,0.4424072
35708,0.43644902
35908,0.44813448
36008,0.44657862
36108,0.45791158
36608,0.46293956
37208,0.34964034
37408,0.5019715
37508,0.51031095
37608,0.4430217
37708,0.45037305
38108,0.4717735
38208,0.47870797
38308,0.45052707
38408,0.4455282
38608,0.50983524
38808,0.4817096
39108,0.43813303
39208,0.4611461
39308,0.49934208
39408,0.46053702
39608,0.53480107
39708,0.5094446
39908,0.42960748
40008,0.4352774
40208,0.44984198
40508,0.47594184
40608,0.46017334
41808,0.46013498
42008,0.44784915
42708,0.43890443
42908,0.4899172
43608,0.45306495
44208,0.43699336
44508,0.4996665
44708,0.48270315
44908,0.48158386
45208,0.5042658
45308,0.50230527
45508,0.47313923
45608,0.46532705
46108,0.3985256
46308,0.48144883
46508,0.4772496
46908,0.40509942
47008,0.45641923
47108,0.45249176
47208,0.48042879
47308,0.48802522
47608,0.46571615
47708,0.45315683
47808,0.4783456
47908,0.4456317
48208,0.4607603
48608,0.41998845
48708,0.4424106
49108,0.45549604
49208,0.46526867
49608,0.41735816
49708,0.5062981
49908,0.50988895
50108,0.3304241
50308,0.43839765
50408,0.47364333
50608,0.4584219
50808,0.46917835
50908,0.50369954
51008,0.49879232
51208,0.436066
51608,0.5033667
51808,0.444773
52008,0.45429432
52108,0.4577962
52508,0.4653604
52608,0.45644715
52708,0.36764255
53208,0.4852727
53308,0.56479806
53408,0.49376902
53608,0.46356615
53908,0.33647937
54108,0.4552
54208,0.5033293
54308,0.47635978
54408,0.46925977
54608,0.3749904
55008,0.48866156
55208,0.44203827
55408,0.50718707
55508,0.368812
55608,0.43595254
56208,0.44783217
56508,0.4600223
56708,0.4397122
56808,0.42222708
57008,0.43526325
57108,0.43370405
57208,0.46856758
57308,0.40920234
57508,0.41235313
57908,0.4773007
58008,0.46864954
58208,0.466786
58308,0.43946528
58508,0.45447785
58908,0.506667
59108,0.46929204
59208,0.43352833
59508,0.44134274
59608,0.4708004
59808,0.48350847
59908,0.45581663
60408,0.4571403
60508,0.46852645
60808,0.49949467
61108,0.49042264
61308,0.48668537
61408,0.462581
61708,0.4658956
62108,0.47241628
62408,0.5329025
62708,0.48146445
62808,0.44255432
63508,0.43667868
63608,0.46101904
63708,0.4726579
63808,0.48713994
63908,0.4334253
64308,0.47347206
64408,0.49228597
9,0.53099287
109,0.47921622
409,0.48568812
609,0.49530703
709,0.4609877
1009,0.52819496
1209,0.49124712
1709,0.5356699
2209,0.52197725
2709,0.48777503
2809,0.46690893
2909,0.5132509
3009,0.54215133
3109,0.49741107
3209,0.45910004
3309,0.48246956
3409,0.48761937
3709,0.5013388
4009,0.5606008
4109,0.74993145
4209,0.51602376
4409,0.51683295
4709,0.5346753
4809,0.48561543
4909,0.51004845
5109,0.52906007
5209,0.5444859
5709,0.49119323
5909,0.5003344
6209,0.57863563
6309,0.49295965
6509,0.5608432
6609,0.50682455
6809,0.53393614
6909,0.52780837
7009,0.4916872
7209,0.46633813
7409,0.503665
7509,0.50702626
7709,0.48414308
7909,0.47256806
8109,0.5075244
8209,0.5061726
8309,0.4815113
8409,0.54508394
8509,0.4740177
8609,0.51379716
8709,0.4695251
8909,0.52235883
9009,0.48145187
9209,0.5113842
9509,0.4812015
9809,0.6055671
9909,0.535381
10109,0.49135262
10409,0.46998942
10509,0.48917726
10609,0.6258701
10709,0.5305535
10909,0.53797984
11209,0.49531662
11309,0.49851894
11709,0.53193855
11909,0.5010102
12109,0.5898414
12409,0.5354574
12709,0.5511601
12909,0.4887701
13009,0.600696
13409,0.43696102
13509,0.54809
13609,0.52072775
13709,0.44876748
13909,0.5357391
14309,0.503527
14409,0.5056381
15409,0.45819625
15609,0.5353122
15709,0.4710974
15809,0.5199526
15909,0.5250982
16109,0.5057405
16209,0.4570997
16309,0.52445716
16409,0.5438659
16509,0.45944497
16609,0.49527875
17009,0.48383388
17109,0.47265893
17209,0.5137363
17309,0.5142289
17409,0.5240332
17609,0.49803624
17709,0.52513754
17909,0.54139555
18009,0.5421573
18109,0.5031686
18209,0.52553076
18409,0.471967
18509,0.49123922
18709,0.49130845
18809,0.52992475
19109,0.52437514
19509,0.50314987
19609,0.4780669
19709,0.48829558
19809,0.4688021
20709,0.5525743
20809,0.50982684
20909,0.49884582
21109,0.51532215
21209,0.48699045
21409,0.53168744
21809,0.49693024
22009,0.53870314
22309,0.41452777
22409,0.56118006
22509,0.476851
22609,0.53026843
22909,0.5762364
23009,0.4987368
23209,0.5029167
23309,0.51588583
23609,0.50862145
23709,0.5343458
23809,0.49144095
23909,0.46360725
24109,0.51086557
24209,0.5386969
24409,0.48389846
24509,0.4949615
24609,0.48015302
24709,0.5199042
25309,0.44657755
25409,0.490896
25809,0.5086079
26009,0.4929174
26109,0.49914116
26209,0.54517037
26309,0.51639366
26409,0.5890208
26609,0.51682675
26709,0.5822004
26809,0.5176482
26909,0.48585275
27009,0.5438717
27309,0.48683092
27409,0.49686772
27509,0.51418227
27909,0.5198018
28009,0.52030313
28109,0.49990904
28309,0.52237463
28409,0.5143585
29009,0.5027392
29109,0.58206195
29309,0.52946115
29609,0.5117544
29709,0.5271469
29809,0.5559243
29909,0.44446743
30009,0.51263744
30109,0.49497616
30309,0.4851539
30409,0.509985
30709,0.53230387
30809,0.51622325
31109,0.45711148
31209,0.5032773
31609,0.50009483
31709,0.49658692
31809,0.503301
31909,0.48713502
32009,0.5049179
32109,0.5830269
32809,0.48385128
33009,0.48884478
33109,0.5356061
33509,0.4960763
33709,0.52895254
33809,0.5154857
33909,0.47253603
34009,0.5327105
34209,0.4724549
34309,0.5253239
34409,0.46535447
34509,0.49711218
34609,0.46707794
34809,0.50308275
35009,0.47935712
35209,0.49278292
35309,0.51835555
35509,0.46548796
35609,0.51326793
35709,0.50845224
35909,0.47081417
36009,0.5485897
36109,0.50321704
36609,0.47288448
37209,0.5748079
37409,0.4969446
37509,0.5161095
37609,0.48605612
37709,0.5095819
38109,0.547196
38209,0.49657032
38309,0.533155
38409,0.531001
38609,0.49759015
38809,0.63222194
39109,0.5155144
39209,0.5609658
39309,0.5894247
39409,0.49296048
39609,0.51524293
39709,0.6920263
39909,0.48942396
40009,0.47330755
40209,0.4547586
40509,0.51097333
40609,0.5445228
41809,0.4579977
42009,0.59457946
42709,0.49416393
42909,0.484677
43609,0.50944275
44209,0.52339387
44509,0.506927
44709,0.5131143
44909,0.5149241
45209,0.5120813
45309,0.52708584
45509,0.5195118
45609,0.48888794
46109,0.6001319
46309,0.518574
46509,0.50993574
46909,0.5368229
47009,0.5219468
47109,0.5173899
47209,0.48180157
47309,0.5100156
47609,0.45706007
47709,0.5442165
47809,0.5117635
47909,0.4970594
48209,0.47554424
48609,0.48669514
48709,0.439013
49109,0.5116269
49209,0.5036013
49609,0.52619535
49709,0.50479174
49909,0.51614964
50109,0.5253834
50309,0.5162669
50409,0.5763419
50609,0.5205357
50809,0.55172724
50909,0.53838295
51009,0.4865064
51209,0.49728703
51609,0.5171997
51809,0.49990755
52009,0.48102626
52109,0.50597095
52509,0.5220557
52609,0.50476325
52709,0.7251792
53209,0.47039318
53309,0.5527493
53409,0.5659328
53609,0.49457628
53909,0.5097799
54109,0.5249019
54209,0.5387158
54309,0.53468996
54409,0.55150414
54609,0.69115144
55009,0.47329372
55209,0.5227281
55409,0.5558285
55509,0.5594967
55609,0.5314432
56209,0.4603415
56509,0.49949026
56709,0.49384943
56809,0.52231294
57009,0.52087337
57109,0.4910562
57209,0.4984738
57309,0.519801
57509,0.6216103
57909,0.50867176
58009,0.5223827
58209,0.51777226
58309,0.46545824
58509,0.50717247
58909,0.51789916
59109,0.52374876
59209,0.50578964
59509,0.4892213
59609,0.5170151
59809,0.46772185
59909,0.4648674
60409,0.45602682
60509,0.47773087
60809,0.47035
61109,0.4853228
61309,0.538293
61409,0.49054846
61709,0.56841546
62109,0.52080065
62409,0.5092027
62709,0.5592228
62809,0.49396384
63509,0.49113232
63609,0.51305944
63709,0.4910748
63809,0.48965672
63909,0.50185347
64309,0.50283957
64409,0.4614182
10,0.41610447
110,0.43351108
410,0.5584701
610,0.48296997
710,0.44586384
1010,0.44545782
1210,0.5372064
1710,0.3466379
2210,0.49031553
2710,0.52184856
2810,0.43085924
2910,0.37496
3010,0.5194625
3110,0.50723636
3210,0.5343676
3310,0.44824356
3410,0.52716297
3710,0.55291444
4010,0.40519127
4110,0.034474857
4210,0.49820656
4410,0.47059283
4710,0.49614704
4810,0.448889
4910,0.57151896
5110,0.5219847
5210,0.4656994
5710,0.49023864
5910,0.47813615
6210,0.4868166
6310,0.49784765
6510,0.45078832
6610,0.44720057
6810,0.43527725
6910,0.51314956
7010,0.49820656
7210,0.57281256
7410,0.45088857
7510,0.44474506
7710,0.53347516
7910,0.49732456
8110,0.47941017
8210,0.48056647
8310,0.5255441
8410,0.43359265
8510,0.49777153
8610,0.5274288
8710,0.47856668
8910,0.53339326
9010,0.5190027
9210,0.51766044
9510,0.5365199
9810,0.4133081
9910,0.48396352
10110,0.5550597
10410,0.4775568
10510,0.4624324
10610,0.40714243
10710,0.62183344
10910,0.46456522
11210,0.5490232
11310,0.50448334
11710,0.5123706
11910,0.43381077
12110,0.39496088
12410,0.45868084
12710,0.50865674
12910,0.46090442
13010,0.5289143
13410,0.46315673
13510,0.43196034
13610,0.46819076
13710,0.43728215
13910,0.5500016
14310,0.44923356
14410,0.4739587
15410,0.5236731
15610,0.43727797
15710,0.4669623
15810,0.5102836
15910,0.5100606
16110,0.52866423
16210,0.5156887
16310,0.51690096
16410,0.38070923
16510,0.5304089
16610,0.5081028
17010,0.43848526
17110,0.44286415
17210,0.42154983
17310,0.5452906
17410,0.44759518
17610,0.540524
17710,0.40787873
17910,0.37816823
18010,0.38850096
18110,0.5446324
18210,0.52282816
18410,0.5791048
18510,0.54190946
18710,0.5490279
18810,0.4222754
19110,0.46578187
19510,0.5042211
19610,0.5775082
19710,0.53784317
19810,0.5366538
20710,0.4308773
20810,0.5459066
20910,0.55532163
21110,0.49523216
21210,0.5087059
21410,0.4626919
21810,0.5069325
22010,0.3980617
22310,0.5561138
22410,0.4240979
22510,0.45623133
22610,0.4885393
22910,0.57075864
23010,0.55890054
23210,0.49733636
23310,0.50703937
23610,0.511335
23710,0.5158249
23810,0.42875364
23910,0.5235114
24110,0.49940035
24210,0.5174869
24410,0.540381
24510,0.552424
24610,0.559146
24710,0.441971
25310,0.5572984
25410,0.50571156
25810,0.49361143
26010,0.5048162
26110,0.5353391
26210,0.40926132
26310,0.47489393
26410,0.49317843
26610,0.44259197
26710,0.41509986
26810,0.53292793
26910,0.5387238
27010,0.48880705
27310,0.4638789
27410,0.54923254
27510,0.5126924
27910,0.5072653
28010,0.5226599
28110,0.44725496
28310,0.4577252
28410,0.41966704
29010,0.4878496
29110,0.50137365
29310,0.4103733
29610,0.5056691
29710,0.4690959
29810,0.4218361
29910,0.42595452
30010,0.4673698
30110,0.513474
30310,0.4560932
30410,0.4628495
30710,0.49152905
30810,0.5048213
31110,0.52991194
31210,0.4787556
31610,0.48008752
31710,0.48624912
31810,0.51310796
31910,0.5009764
32010,0.39731535
32110,0.33370945
32810,0.4481535
33010,0.48065257
33110,0.41772053
33510,0.4659436
33710,0.43208617
33810,0.41536576
33910,0.55444676
34010,0.47371605
34210,0.5541731
34310,0.51349777
34410,0.5497918
34510,0.53537446
34610,0.53936934
34810,0.5169813
35010,0.48228598
35210,0.5043883
35310,0.42531288
35510,0.51938254
35610,0.4997856
35710,0.46840546
35910,0.52629626
36010,0.47235814
36110,0.46949184
36610,0.5673368
37210,0.30944696
37410,0.5240489
37510,0.5590276
37610,0.4501884
37710,0.54820967
38110,0.45691076
38210,0.41869137
38310,0.4189433
38410,0.45215032
38610,0.39094904
38810,0.31601572
39110,0.5248799
39210,0.5551284
39310,0.48781195
39410,0.47628674
39610,0.5502745
39710,0.22948426
39910,0.4664122
40010,0.5063169
40210,0.32848498
40510,0.55950797
40610,0.49037442
41810,0.5135241
42010,0.42869294
42710,0.5316705
42910,0.4676275
43610,0.52118355
44210,0.5304401
44510,0.5556776
44710,0.50517994
44910,0.43990865
45210,0.5074652
45310,0.48245203
45510,0.49039912
45610,0.47459427
46110,0.345387
46310,0.50976205
46510,0.49561313
46910,0.44231254
47010,0.5528398
47110,0.51368046
47210,0.525632
47310,0.45004034
47610,0.48473528
47710,0.4635028
47810,0.521331
47910,0.5051775
48210,0.5171208
48610,0.51132524
48710,0.5414463
49110,0.4491915
49210,0.49509054
49610,0.5403763
49710,0.5587232
49910,0.42667726
50110,0.4218259
50310,0.5472456
50410,0.48344716
50610,0.47088605
50810,0.5783649
50910,0.51543903
51010,0.5411533
51210,0.47848588
51610,0.47819206
51810,0.5652842
52010,0.49715468
52110,0.49601805
52510,0.5705681
52610,0.55515605
52710,0.11529427
53210,0.51862353
53310,0.50937915
53410,0.49006572
53610,0.43780637
53910,0.28955558
54110,0.49353266
54210,0.4129144
54310,0.43288484
54410,0.43881613
54610,0.24392545
55010,0.408086
55210,0.5435486
55410,0.4990364
55510,0.37095118
55610,0.5156218
56210,0.4993927
56510,0.4616615
56710,0.5032212
56810,0.50541484
57010,0.41033712
57110,0.46299282
57210,0.51396936
57310,0.52291435
57510,0.33864257
57910,0.48285082
58010,0.4889895
58210,0.5493067
58310,0.5123153
58510,0.45391372
58910,0.5208519
59110,0.44979203
59210,0.48028615
59510,0.51761526
59610,0.47066596
59810,0.46927863
59910,0.52583015
60410,0.503028
60510,0.5176563
60810,0.51793295
61110,0.47113296
61310,0.50783855
61410,0.47360197
61710,0.3356355
62110,0.5053835
62410,0.45027596
62710,0.49157903
62810,0.47622526
63510,0.51939684
63610,0.4909316
63710,0.51542234
63810,0.47588125
63910,0.54649657
64310,0.4083745
64410,0.4601388
11,0.5740743
111,0.5538929
411,0.48344803
611,0.48081693
711,0.48243308
1011,0.52993476
1211,0.47108525
1711,0.61469996
2211,0.5191409
2711,0.47289827
2811,0.5561138
2911,0.58798766
3011,0.47872967
3111,0.44201025
3211,0.44133076
3311,0.51928097
3411,0.46067894
3711,0.47052497
4011,0.48860088
4111,0.9827206
4211,0.46129894
4411,0.4379997
4711,0.4527231
4811,0.5324987
4911,0.41711262
5111,0.45257562
5211,0.5057515
5711,0.4833512
5911,0.46855217
6211,0.47263995
6311,0.48048592
6511,0.4918362
6611,0.46588272
6811,0.54441977
6911,0.40143898
7011,0.4630023
7211,0.42182577
7411,0.53337353
7511,0.48129985
7711,0.46001437
7911,0.46074232
8111,0.47417405
8211,0.49558678
8311,0.46860757
8411,0.5053948
8511,0.5478126
8611,0.48114228
8711,0.5294042
8911,0.50741243
9011,0.50155914
9211,0.4542875
9511,0.48305067
9811,0.5234393
9911,0.5438319
10111,0.41115236
10411,0.49085563
10511,0.5137969
10611,0.55553967
10711,0.49882078
10911,0.49419913
11211,0.47969446
11311,0.44312304
11711,0.4559591
11911,0.49806392
12111,0.49570584
12411,0.49553275
12711,0.44500217
12911,0.49625885
13011,0.5485538
13411,0.47516173
13511,0.5617525
13611,0.5490276
13711,0.51264286
13911,0.47075635
14311,0.51028013
14411,0.47571367
15411,0.49517834
15611,0.5160585
15711,0.5033505
15811,0.47220576
15911,0.47231773
16111,0.4599427
16211,0.44988906
16311,0.52373856
16411,0.60114694
16511,0.52688485
16611,0.4698051
17011,0.46866405
17111,0.6215864
17211,0.57644683
17311,0.49907762
17411,0.5478126
17611,0.45267463
17711,0.53520674
17911,0.6225143
18011,0.684461
18111,0.5079659
18211,0.47853845
18411,0.4776353
18511,0.55688137
18711,0.47526667
18811,0.52666175
19111,0.51141196
19511,0.4943518
19611,0.45592603
19711,0.48932728
19811,0.3998218
20711,0.4980147
20811,0.45019865
20911,0.4625195
21111,0.4905874
21211,0.45408085
21411,0.45595145
21811,0.47524196
22011,0.5519481
22311,0.4696315
22411,0.4902442
22511,0.48090747
22611,0.47431654
22911,0.4300562
23011,0.44178906
23211,0.55446595
23311,0.5337027
23611,0.46151027
23711,0.4389277
23811,0.53697675
23911,0.47518092
24111,0.46250775
24211,0.4887288
24411,0.4409621
24511,0.42798308
24611,0.4811338
24711,0.5493215
25311,0.44652772
25411,0.46533677
25811,0.482841
26011,0.4403538
26111,0.46456155
26211,0.5285531
26311,0.4715109
26411,0.5493072
26611,0.43818933
26711,0.5213738
26811,0.52761155
26911,0.45837572
27011,0.47333503
27311,0.45151722
27411,0.44388035
27511,0.45630983
27911,0.46496478
28011,0.44088274
28111,0.4453225
28311,0.47762305
28411,0.48298955
29011,0.4345732
29111,0.45657706
29311,0.57204986
29611,0.52117103
29711,0.5100733
29811,0.50609
29911,0.56310356
30011,0.49597102
30111,0.432924
30311,0.5086789
30411,0.5274615
30711,0.44595098
30811,0.45919445
31111,0.44596925
31211,0.4714777
31611,0.48619917
31711,0.43800333
31811,0.48096237
31911,0.46881998
32011,0.5293845
32111,0.6278782
32811,0.47521675
33011,0.56327105
33111,0.5976291
33511,0.46485138
33711,0.6237693
33811,0.6367666
33911,0.45730385
34011,0.5338197
34211,0.47207344
34311,0.57448643
34411,0.46350428
34511,0.45363566
34611,0.44776312
34811,0.505622
35011,0.4318528
35211,0.48761094
35311,0.5140315
35511,0.5359495
35611,0.48864934
35711,0.45115173
35911,0.44197622
36011,0.51177436
36111,0.46271053
36611,0.45487562
37211,0.6204863
37411,0.49625057
37511,0.467081
37611,0.5510058
37711,0.45177057
38111,0.5163023
38211,0.50164115
38311,0.5016504
38411,0.5311955
38611,0.54332864
38811,0.62370133
39111,0.43960613
39211,0.47345856
39311,0.5277726
39411,0.4220279
39611,0.45627427
39711,0.82291204
39911,0.5111269
40011,0.39382753
40211,0.5744485
40511,0.44319564
40611,0.5197134
41811,0.4707783
42011,0.54998934
42711,0.4303969
42911,0.45049205
43611,0.45815834
44211,0.41256768
44511,0.4079077
44711,0.42177618
44911,0.5288397
45211,0.5129324
45311,0.4494812
45511,0.44450605
45611,0.471669
46111,0.6054931
46311,0.4566566
46511,0.5024374
46911,0.5302397
47011,0.45563892
47111,0.47027138
47211,0.43902835
47311,0.47416225
47611,0.49036467
47711,0.49896145
47811,0.47218937
47911,0.49097136
48211,0.46594375
48611,0.46285692
48711,0.56528264
49111,0.4217252
49211,0.47048086
49611,0.4765384
49711,0.5286862
49911,0.46424946
50111,0.62787265
50311,0.48399678
50411,0.5380095
50611,0.46761084
50811,0.5025324
50911,0.4578952
51011,0.4723558
51211,0.5333885
51611,0.47101572
51811,0.4379665
52011,0.46471882
52111,0.4466073
52511,0.46891043
52611,0.48985854
52711,0.9496597
53211,0.44554386
53311,0.44709906
53411,0.5392095
53611,0.507704
53911,0.7207494
54111,0.43977627
54211,0.5044272
54311,0.47636297
54411,0.5165553
54611,0.6545946
55011,0.5140788
55211,0.46566737
55411,0.47791082
55511,0.576317
55611,0.4907563
56211,0.43622956
56511,0.4586799
56711,0.49863303
56811,0.4657324
57011,0.5339776
57111,0.4926777
57211,0.4836401
57311,0.42796886
57511,0.5772445
57911,0.46991375
58011,0.4796959
58211,0.46129358
58311,0.44375587
58511,0.5126802
58911,0.4802339
59111,0.45973232
59211,0.42998037
59511,0.4375602
59611,0.4581715
59811,0.44952202
59911,0.41789487
60411,0.48548135
60511,0.42616537
60811,0.49766904
61111,0.44314402
61311,0.47863734
61411,0.4820628
61711,0.5734481
62111,0.4916925
62411,0.5196461
62711,0.5060482
62811,0.46396503
63511,0.44399044
63611,0.45056897
63711,0.5265278
63811,0.46598834
63911,0.4704749
64311,0.5360925
64411,0.46204856
12,0.46454754
112,0.47478825
412,0.41274065
612,0.45490342
712,0.52716464
1012,0.44842637
1212,0.39707953
1712,0.46443978
2212,0.44582775
2712,0.3366149
2812,0.5216533
2912,0.59740096
3012,0.4991207
3112,0.48043153
3212,0.49015543
3312,0.43804008
3412,0.4278726
3712,0.3778241
4012,0.557565
4112,0.79619473
4212,0.494164
4412,0.462148
4712,0.43107188
4812,0.5178422
4912,0.33410534
5112,0.39065203
5212,0.5254017
5712,0.49952924
5912,0.5071938
6212,0.5364952
6312,0.50405324
6512,0.52654356
6612,0.549539
6812,0.5944913
6912,0.3142245
7012,0.4141255
7212,0.35816586
7412,0.31268212
7512,0.40240636
7712,0.42217025
7912,0.42948073
8112,0.48317665
8212,0.46250862
8312,0.46895418
8412,0.5066031
8512,0.4578769
8612,0.4352644
8712,0.42360768
8912,0.43458396
9012,0.36336073
9212,0.44233984
9512,0.40867358
9812,0.49654788
9912,0.4607446
10112,0.40477946
10412,0.48884818
10512,0.5300201
10612,0.46660492
10712,0.3796912
10912,0.50786775
11212,0.42542845
11312,0.4320065
11712,0.4358326
11912,0.5463058
12112,0.5023298
12412,0.5307885
12712,0.47243437
12912,0.5226142
13012,0.42605662
13412,0.47433835
13512,0.4996425
13612,0.5059961
13712,0.5409791
13912,0.42803854
14312,0.55843234
14412,0.5198956
15412,0.50887114
15612,0.5378123
15712,0.50944567
15812,0.46759817
15912,0.4640381
16112,0.45575002
16212,0.49522746
16312,0.41385472
16412,0.532647
16512,0.42349693
16612,0.49464762
17012,0.5490746
17112,0.484165
17212,0.47620228
17312,0.39101008
17412,0.38824776
17612,0.38822109
17712,0.50093675
17912,0.45793885
18012,0.42471242
18112,0.30901065
18212,0.33970892
18412,0.35944754
18512,0.3987758
18712,0.3343634
18812,0.40205288
19112,0.48203835
19512,0.4919723
19612,0.3596092
19712,0.3998451
19812,0.37830576
20712,0.55649126
20812,0.45451325
20912,0.46245453
21112,0.44958624
21212,0.46790993
21412,0.53563935
21812,0.5040517
22012,0.53541833
22312,0.21721455
22412,0.56377584
22512,0.51189876
22612,0.5306264
22912,0.36472043
23012,0.3486291
23212,0.36282092
23312,0.45856574
23612,0.41699326
23712,0.39193127
23812,0.43559647
23912,0.45249322
24112,0.48759565
24212,0.46973756
24412,0.39307082
24512,0.32987842
24612,0.3438997
24712,0.40204638
25312,0.33224866
25412,0.37466583
25812,0.4749802
26012,0.4744147
26112,0.39586946
26212,0.5104852
26312,0.4756929
26412,0.41259947
26612,0.53324145
26712,0.52804744
26812,0.39898083
26912,0.44666362
27012,0.43178827
27312,0.4703286
27412,0.4468003
27512,0.47311884
27912,0.3570666
28012,0.32065502
28112,0.52210164
28312,0.46423066
28412,0.54585594
29012,0.48613274
29112,0.46840665
29312,0.5698483
29612,0.3636811
29712,0.5081249
29812,0.5798979
29912,0.5534716
30012,0.56021374
30112,0.45991427
30312,0.53255075
30412,0.56344837
30712,0.48422027
30812,0.44036043
31112,0.40908808
31212,0.4865729
31612,0.47019002
31712,0.51858926
31812,0.5014732
31912,0.4906844
32012,0.5314588
32112,0.59130794
32812,0.49489674
33012,0.442315
33112,0.4380058
33512,0.5126087
33712,0.42089078
33812,0.4532368
33912,0.30358765
34012,0.35367143
34212,0.33727342
34312,0.4175373
34412,0.33103463
34512,0.36128944
34612,0.346385
34812,0.31032783
35012,0.45090926
35212,0.48728994
35312,0.5170873
35512,0.42549634
35612,0.49268863
35712,0.4507726
35912,0.46706015
36012,0.40620673
36112,0.49254206
36612,0.452556
37212,0.5834581
37412,0.5152348
37512,0.4401704
37612,0.5374146
37712,0.44924286
38112,0.56249166
38212,0.5523856
38312,0.5347627
38412,0.4750209
38612,0.5806973
38812,0.63536805
39112,0.4193271
39212,0.40118322
39312,0.43143117
39412,0.3774294
39612,0.4119185
39712,0.39032242
39912,0.49751112
40012,0.4142523
40212,0.6184478
40512,0.44505662
40612,0.45209342
41812,0.47592223
42012,0.43232283
42712,0.48053443
42912,0.40606776
43612,0.49035224
44212,0.47752073
44512,0.37547487
44712,0.46536347
44912,0.4998405
45212,0.41789794
45312,0.39285365
45512,0.44940683
45612,0.53364533
46112,0.6724021
46312,0.5067955
46512,0.48336196
46912,0.48635522
47012,0.3800659
47112,0.4223805
47212,0.48321095
47312,0.49576926
47612,0.47093898
47712,0.5153197
47812,0.49831378
47912,0.43907583
48212,0.46693784
48612,0.41474193
48712,0.33787188
49112,0.5027962
49212,0.4939507
49612,0.4223043
49712,0.3613645
49912,0.49239123
50112,0.37298906
50312,0.34815845
50412,0.36345503
50612,0.37691164
50812,0.3278762
50912,0.32881203
51012,0.38336384
51212,0.36313158
51612,0.48924887
51812,0.45319209
52012,0.36315435
52112,0.49333712
52512,0.42659864
52612,0.3858077
52712,0.6081931
53212,0.3521606
53312,0.47128123
53412,0.5305243
53612,0.48669344
53912,0.61317295
54112,0.47264022
54212,0.5729608
54312,0.55882865
54412,0.5198842
54612,0.55683833
55012,0.56949806
55212,0.356285
55412,0.3834531
55512,0.5010145
55612,0.31409445
56212,0.39945593
56512,0.4869919
56712,0.48966163
56812,0.35488793
57012,0.49329537
57112,0.47310492
57212,0.48614705
57312,0.41338566
57512,0.5746276
57912,0.5287349
58012,0.4416281
58212,0.42376405
58312,0.39353025
58512,0.4980175
58912,0.3706482
59112,0.4940921
59212,0.45537642
59512,0.34744957
59612,0.49014547
59812,0.4755552
59912,0.43304047
60412,0.39285895
60512,0.3679949
60812,0.5513139
61112,0.45706353
61312,0.41054285
61412,0.49076775
61712,0.5865411
62112,0.50060725
62412,0.5436081
62712,0.55106676
62812,0.49980122
63512,0.49153316
63612,0.4972857
63712,0.49844292
63812,0.5067418
63912,0.42040297
64312,0.52366906
64412,0.53964853
13,0.45190442
113,0.50327516
413,0.4309428
613,0.49571896
713,0.50434023
1013,0.48714435
1213,0.43227282
1713,0.4708699
2213,0.4896294
2713,0.40160346
2813,0.51762706
2913,0.49034652
3013,0.46603906
3113,0.46558198
3213,0.47393525
3313,0.47983852
3413,0.4898388
3713,0.41288894
4013,0.5183123
4113,0.43782818
4213,0.43917093
4413,0.46881506
4713,0.49324226
4813,0.5146727
4913,0.47695595
5113,0.44614875
5213,0.47056982
5713,0.5290041
5913,0.5310877
6213,0.53523517
6313,0.49496335
6513,0.47298366
6613,0.57228065
6813,0.532716
6913,0.46010363
7013,0.4368486
7213,0.47718063
7413,0.42193004
7513,0.43129134
7713,0.45285362
7913,0.44506246
8113,0.45140186
8213,0.47757226
8313,0.50973713
8413,0.46580666
8513,0.48712835
8613,0.4862947
8713,0.52083504
8913,0.5036896
9013,0.43988237
9213,0.42377555
9513,0.4589751
9813,0.49744955
9913,0.4923733
10113,0.45781428
10413,0.4960019
10513,0.4967094
10613,0.334456
10713,0.4648184
10913,0.48986992
11213,0.4496342
11313,0.46848962
11713,0.4468752
11913,0.5263949
12113,0.44790965
12413,0.50991064
12713,0.4638026
12913,0.5061293
13013,0.48696408
13413,0.5241282
13513,0.47109944
13613,0.49079508
13713,0.49018124
13913,0.44606435
14313,0.49368536
14413,0.4730085
15413,0.49420014
15613,0.45238715
15713,0.5192522
15813,0.49936354
15913,0.48146665
16113,0.4831936
16213,0.4966517
16313,0.48398852
16413,0.44438505
16513,0.5201043
16613,0.50188786
17013,0.48616505
17113,0.53120625
17213,0.52716136
17313,0.43913373
17413,0.46944177
17613,0.48683172
17713,0.53620183
17913,0.43510222
18013,0.47963724
18113,0.41505006
18213,0.4234763
18413,0.4731669
18513,0.54489934
18713,0.4625842
18813,0.5059584
19113,0.48252925
19513,0.5071509
19613,0.4151807
19713,0.50088596
19813,0.46471205
20713,0.48552898
20813,0.49677515
20913,0.5021306
21113,0.42177486
21213,0.48900786
21413,0.48896658
21813,0.47786525
22013,0.48573202
22313,0.3829565
22413,0.53780466
22513,0.52714247
22613,0.52805233
22913,0.4642479
23013,0.43549904
23213,0.41600594
23313,0.50652504
23613,0.44954795
23713,0.46400195
23813,0.49135527
23913,0.5311445
24113,0.49187332
24213,0.44928515
24413,0.45452976
24513,0.44519553
24613,0.43281206
24713,0.4268848
25313,0.41503292
25413,0.45064902
25813,0.47031447
26013,0.4659035
26113,0.4527502
26213,0.46616343
26313,0.4947826
26413,0.44074005
26613,0.49731547
26713,0.49326727
26813,0.5034119
26913,0.47411612
27013,0.42725456
27313,0.5074192
27413,0.44441906
27513,0.4683881
27913,0.4255071
28013,0.4191773
28113,0.52926296
28313,0.4538133
28413,0.5496883
29013,0.48313975
29113,0.48658872
29313,0.45726943
29613,0.41442487
29713,0.4668228
29813,0.48428875
29913,0.5274185
30013,0.47264752
30113,0.45977822
30313,0.57507735
30413,0.5253415
30713,0.52141744
30813,0.4567477
31113,0.4382038
31213,0.48342732
31613,0.4766688
31713,0.49042395
31813,0.4888372
31913,0.4792617
32013,0.50051665
32113,0.515867
32813,0.50808
33013,0.5094579
33113,0.5030525
33513,0.51515484
33713,0.5082444
33813,0.5105418
33913,0.44233268
34013,0.42011425
34213,0.45239383
34313,0.5045762
34413,0.43386447
34513,0.46603647
34613,0.4300161
34813,0.40987754
35013,0.47131935
35213,0.4982723
35313,0.4650271
35513,0.50588167
35613,0.53149927
35713,0.44638205
35913,0.4952253
36013,0.42579654
36113,0.5085141
36613,0.4367372
37213,0.57561797
37413,0.4790145
37513,0.44379622
37613,0.49252728
37713,0.43199888
38113,0.5375157
38213,0.542723
38313,0.45700595
38413,0.52344465
38613,0.5349133
38813,0.5145154
39113,0.4425295
39213,0.45845556
39313,0.49489862
39413,0.46945974
39613,0.48960933
39713,0.4737906
39913,0.52841204
40013,0.44724843
40213,0.599948
40513,0.46086556
40613,0.479066
41813,0.47393742
42013,0.4361581
42713,0.4783994
42913,0.41409993
43613,0.47667637
44213,0.47050685
44513,0.49106735
44713,0.4521323
44913,0.5586855
45213,0.4726216
45313,0.44870034
45513,0.46950266
45613,0.5020747
46113,0.462612
46313,0.50754046
46513,0.46501133
46913,0.5053946
47013,0.40467545
47113,0.42558357
47213,0.44740644
47313,0.43119302
47613,0.51268953
47713,0.5117993
47813,0.5078644
47913,0.45545807
48213,0.46652982
48613,0.47904766
48713,0.43427098
49113,0.49365923
49213,0.4748957
49613,0.46674117
49713,0.5043025
49913,0.5475113
50113,0.4793117
50313,0.39867088
50413,0.45714104
50613,0.46674928
50813,0.41435218
50913,0.47316208
51013,0.47683662
51213,0.41908464
51613,0.49333498
51813,0.4420287
52013,0.4288009
52113,0.5084778
52513,0.45160156
52613,0.4128277
52713,0.14652416
53213,0.4233608
53313,0.46379468
53413,0.4337435
53613,0.50346076
53913,0.4052521
54113,0.43413916
54213,0.49650475
54313,0.49598974
54413,0.5076353
54613,0.34712678
55013,0.54708326
55213,0.39809722
55413,0.4523627
55513,0.4702026
55613,0.45853668
56213,0.44632232
56513,0.4820692
56713,0.5457456
56813,0.46141174
57013,0.5050496
57113,0.54953647
57213,0.503919
57313,0.4656913
57513,0.59949243
57913,0.48414314
58013,0.47027108
58213,0.44261923
58313,0.44805315
58513,0.49652112
58913,0.42629412
59113,0.487915
59213,0.45369747
59513,0.4258657
59613,0.49261174
59813,0.4799922
59913,0.4668126
60413,0.46452332
60513,0.5177655
60813,0.51483715
61113,0.4689626
61313,0.460075
61413,0.50093955
61713,0.57233405
62113,0.47285083
62413,0.4435341
62713,0.5027348
62813,0.48395878
63513,0.5242386
63613,0.49068543
63713,0.4835437
63813,0.49841195
63913,0.47654182
64313,0.5353389
64413,0.5008424
14,0.5566767
114,0.5535586
414,0.4177887
614,0.49291426
714,0.53273934
1014,0.50262207
1214,0.42217055
1714,0.55324715
2214,0.4773282
2714,0.47280928
2814,0.477963
2914,0.5664106
3014,0.4437033
3114,0.45478117
3214,0.46998826
3314,0.51292384
3414,0.4663237
3714,0.43771267
4014,0.4941954
4114,0.5366509
4214,0.39023423
4414,0.4542214
4714,0.5545654
4814,0.5349695
4914,0.48977187
5114,0.49246457
5214,0.5136568
5714,0.52422637
5914,0.52985364
6214,0.46633062
6314,0.5133633
6514,0.46320373
6614,0.53446513
6814,0.48687583
6914,0.41772372
7014,0.466979
7214,0.4226829
7414,0.4611408
7514,0.45497385
7714,0.4333837
7914,0.45475996
8114,0.45903963
8214,0.47274235
8314,0.47265548
8414,0.52401036
8514,0.50301623
8614,0.48899397
8714,0.48025143
8914,0.46668318
9014,0.48163992
9214,0.47382414
9514,0.43917456
9814,0.4434394
9914,0.48964182
10114,0.42167485
10414,0.4871643
10514,0.54278105
10614,0.3496687
10714,0.49418122
10914,0.4715608
11214,0.47253734
11314,0.43669954
11714,0.4102025
11914,0.49974275
12114,0.47721192
12414,0.5044527
12714,0.4729538
12914,0.52726716
13014,0.42512512
13414,0.5115461
13514,0.5401489
13614,0.5685853
13714,0.50959593
13914,0.45654535
14314,0.47861102
14414,0.44357672
15414,0.46929187
15614,0.49208373
15714,0.4926571
15814,0.48650172
15914,0.41417024
16114,0.44016513
16214,0.49073553
16314,0.49657637
16414,0.54734004
16514,0.51477873
16614,0.4631457
17014,0.51608217
17114,0.50154686
17214,0.5603148
17314,0.45261824
17414,0.49645367
17614,0.48821893
17714,0.5499318
17914,0.50769234
18014,0.5708098
18114,0.45838004
18214,0.4549939
18414,0.4678905
18514,0.50342375
18714,0.44981807
18814,0.45262045
19114,0.4927036
19514,0.47575003
19614,0.42086706
19714,0.47717986
19814,0.42741334
20714,0.49952394
20814,0.4518711
20914,0.43600512
21114,0.5136208
21214,0.42132896
21414,0.46415555
21814,0.50766623
22014,0.4998839
22314,0.46106032
22414,0.5311126
22514,0.5586457
22614,0.5190902
22914,0.4269727
23014,0.42121482
23214,0.40824178
23314,0.4284059
23614,0.4572275
23714,0.50090504
23814,0.45870146
23914,0.5129289
24114,0.47584713
24214,0.42836174
24414,0.43840054
24514,0.41314512
24614,0.42584106
24714,0.48842874
25314,0.38791084
25414,0.43985364
25814,0.49701026
26014,0.49913433
26114,0.45124814
26214,0.4740977
26314,0.51866376
26414,0.46938848
26614,0.49807298
26714,0.5476673
26814,0.4255889
26914,0.45866194
27014,0.47172713
27314,0.48254627
27414,0.4230051
27514,0.45509532
27914,0.43469232
28014,0.4264487
28114,0.57072145
28314,0.50814176
28414,0.5017245
29014,0.4790433
29114,0.48527136
29314,0.5495487
29614,0.38812217
29714,0.45877138
29814,0.5094033
29914,0.5446562
30014,0.48824742
30114,0.46951512
30314,0.5532756
30414,0.5058254
30714,0.49866286
30814,0.46045536
31114,0.5062938
31214,0.464194
31614,0.4714681
31714,0.50597036
31814,0.5007131
31914,0.47654793
32014,0.51327235
32114,0.56407416
32814,0.53915226
33014,0.50184125
33114,0.56024396
33514,0.5327154
33714,0.50882304
33814,0.5366851
33914,0.44690177
34014,0.45849863
34214,0.45726585
34314,0.51190835
34414,0.43159708
34514,0.44060403
34614,0.42885792
34814,0.4368914
35014,0.48397997
35214,0.47433102
35314,0.5574987
35514,0.47894472
35614,0.45881364
35714,0.44101566
35914,0.44683757
36014,0.44578403
36114,0.4830119
36614,0.4351225
37214,0.51558846
37414,0.43350798
37514,0.45858917
37614,0.5089882
37714,0.459005
38114,0.53315544
38214,0.56585896
38314,0.46028432
38414,0.51546645
38614,0.5541267
38814,0.5542952
39114,0.41962862
39214,0.3947269
39314,0.43930626
39414,0.4506934
39614,0.49615195
39714,0.63689774
39914,0.48571014
40014,0.41647303
40214,0.60113794
40514,0.44002303
40614,0.49250937
41814,0.47561383
42014,0.44616675
42714,0.45458937
42914,0.4149522
43614,0.42461023
44214,0.45758155
44514,0.44084162
44714,0.48792624
44914,0.57561177
45214,0.5306169
45314,0.4946639
45514,0.45911914
45614,0.5415736
46114,0.5267698
46314,0.4882024
46514,0.51633596
46914,0.48568618
47014,0.4419005
47114,0.47144386
47214,0.4553728
47314,0.46524507
47614,0.51733714
47714,0.50180525
47814,0.46732256
47914,0.4838503
48214,0.44221228
48614,0.42650753
48714,0.4931941
49114,0.50889504
49214,0.481998
49614,0.4454587
49714,0.45407733
49914,0.5737335
50114,0.5410419
50314,0.43090072
50414,0.47819492
50614,0.46625528
50814,0.45220727
50914,0.48428896
51014,0.49677938
51214,0.46697602
51614,0.46259135
51814,0.39843392
52014,0.41242912
52114,0.5107299
52514,0.44348112
52614,0.45856053
52714,0.7330845
53214,0.42544225
53314,0.4588526
53414,0.40999714
53614,0.44418108
53914,0.5061792
54114,0.46172786
54214,0.5343027
54314,0.5119617
54414,0.54497457
54614,0.42147443
55014,0.5388624
55214,0.39997768
55414,0.4761339
55514,0.50521946
55614,0.45686808
56214,0.45996663
56514,0.49645168
56714,0.4801787
56814,0.4383278
57014,0.5207324
57114,0.5067516
57214,0.48640805
57314,0.38294372
57514,0.52149975
57914,0.46123502
58014,0.49899
58214,0.47157243
58314,0.41765007
58514,0.48620898
58914,0.40674886
59114,0.52863586
59214,0.4513768
59514,0.43605003
59614,0.50002337
59814,0.4918775
59914,0.4357327
60414,0.4582953
60514,0.4669597
60814,0.5029233
61114,0.46208385
61314,0.52688813
61414,0.50000596
61714,0.5591725
62114,0.4960724
62414,0.47197402
62714,0.52713823
62814,0.50191283
63514,0.4550164
63614,0.4621313
63714,0.46788165
63814,0.51706237
63914,0.44257042
64314,0.533718
64414,0.4782792
15,0.45892727
115,0.44733736
415,0.371575
615,0.42199913
715,0.46912068
1015,0.34866893
1215,0.46216035
1715,0.34424484
2215,0.36225516
2715,0.37850538
2815,0.52876455
2915,0.5176191
3015,0.4333924
3115,0.4522444
3215,0.47434896
3315,0.4815125
3415,0.46960205
3715,0.45816687
4015,0.44874176
4115,0.083715595
4215,0.45268548
4415,0.4556291
4715,0.29664108
4815,0.47367495
4915,0.41610897
5115,0.40029994
5215,0.46090463
5715,0.49786323
5915,0.5445261
6215,0.5335641
6315,0.5291138
6515,0.49675792
6615,0.55090547
6815,0.5021435
6915,0.297884
7015,0.43891677
7215,0.41942668
7415,0.39002824
7515,0.39103827
7715,0.48485926
7915,0.42798054
8115,0.5034801
8215,0.45346093
8315,0.44259697
8415,0.44564998
8515,0.43930098
8615,0.43864807
8715,0.41872427
8915,0.4114734
9015,0.3983448
9215,0.45788828
9515,0.40097558
9815,0.42081717
9915,0.4423357
10115,0.4261029
10415,0.49275404
10515,0.48583674
10615,0.44856822
10715,0.4025502
10915,0.47796065
11215,0.45258555
11315,0.47131804
11715,0.36692613
11915,0.48961654
12115,0.4278264
12415,0.50007284
12715,0.4324333
12915,0.4890561
13015,0.36856493
13415,0.5191882
13515,0.4969197
13615,0.4348322
13715,0.49222323
13915,0.41007736
14315,0.46145776
14415,0.45967326
15415,0.51877177
15615,0.4759285
15715,0.450044
15815,0.44599512
15915,0.46932393
16115,0.39652452
16215,0.5209808
16315,0.36130023
16415,0.46196517
16515,0.3788819
16615,0.509182
17015,0.4968295
17115,0.42851555
17215,0.425101
17315,0.41408768
17415,0.38536176
17615,0.31535664
17715,0.39943382
17915,0.34563318
18015,0.38653803
18115,0.30193198
18215,0.3555697
18415,0.4301546
18515,0.38188413
18715,0.30578217
18815,0.4076147
19115,0.38939288
19515,0.5100304
19615,0.42268786
19715,0.4819482
19815,0.46443567
20715,0.5176332
20815,0.431411
20915,0.4732072
21115,0.4829827
21215,0.47412837
21415,0.4229635
21815,0.49425957
22015,0.45436502
22315,0.30407292
22415,0.4997696
22515,0.53008634
22615,0.47310275
22915,0.2597115
23015,0.35834026
23215,0.37339166
23315,0.3423388
23615,0.4603665
23715,0.30193806
23815,0.43325803
23915,0.44326466
24115,0.50479484
24215,0.42250273
24415,0.45116448
24515,0.39824492
24615,0.39863095
24715,0.42976487
25315,0.3143264
25415,0.4244232
25815,0.45248172
26015,0.46322593
26115,0.44299448
26215,0.48705247
26315,0.47854626
26415,0.34657022
26615,0.45458576
26715,0.49517977
26815,0.3019727
26915,0.48019272
27015,0.40002513
27315,0.46105847
27415,0.47262704
27515,0.40875912
27915,0.38978845
28015,0.35991636
28115,0.49213746
28315,0.40009648
28415,0.4718994
29015,0.46896458
29115,0.48433644
29315,0.4431547
29615,0.3831071
29715,0.48664427
29815,0.44296992
29915,0.5055258
30015,0.4908499
30115,0.46166924
30315,0.45588323
30415,0.50928503
30715,0.43107852
30815,0.39839393
31115,0.3906546
31215,0.4751651
31615,0.45430714
31715,0.49465695
31815,0.47799549
31915,0.49562544
32015,0.47948325
32115,0.4086953
32815,0.4750974
33015,0.48806277
33115,0.33680528
33515,0.43530536
33715,0.40849784
33815,0.44048288
33915,0.32089728
34015,0.32693875
34215,0.384197
34315,0.4020684
34415,0.37092483
34515,0.4103656
34615,0.40626588
34815,0.2886301
35015,0.47598857
35215,0.4827021
35315,0.40763378
35515,0.47015575
35615,0.45778325
35715,0.46523643
35915,0.44980824
36015,0.34346512
36115,0.4707576
36615,0.4895093
37215,0.3743915
37415,0.4803258
37515,0.43814936
37615,0.54700285
37715,0.48956728
38115,0.4997089
38215,0.49935347
38315,0.4985721
38415,0.47134727
38615,0.4885101
38815,0.47743863
39115,0.45038033
39215,0.29777983
39315,0.27518207
39415,0.411919
39615,0.3841032
39715,0.18913679
39915,0.43006772
40015,0.43742657
40215,0.4932741
40515,0.4420275
40615,0.44531062
41815,0.43663752
42015,0.385616
42715,0.4599168
42915,0.56119543
43615,0.49293762
44215,0.4741709
44515,0.40342104
44715,0.46134338
44915,0.48070732
45215,0.3764877
45315,0.41081673
45515,0.42275676
45615,0.5020262
46115,0.5565949
46315,0.53302366
46515,0.4243913
46915,0.40232015
47015,0.38312468
47115,0.37784588
47215,0.44598138
47315,0.45475775
47615,0.5025004
47715,0.4849461
47815,0.48427927
47915,0.41707718
48215,0.47571543
48615,0.41874176
48715,0.3110736
49115,0.50147486
49215,0.5227343
49615,0.44575593
49715,0.2287105
49915,0.46072367
50115,0.37383902
50315,0.37862968
50415,0.26680556
50615,0.3625029
50815,0.31213784
50915,0.33113307
51015,0.43848905
51215,0.3504178
51615,0.43105122
51815,0.47478026
52015,0.39273083
52115,0.48461112
52515,0.4354235
52615,0.3824964
52715,0.33981127
53215,0.36975348
53315,0.35197496
53415,0.35628465
53615,0.46005455
53915,0.45000032
54115,0.46039292
54215,0.50604963
54315,0.54605806
54415,0.45770687
54615,0.44466794
55015,0.5389513
55215,0.38223663
55415,0.34685588
55515,0.38435122
55615,0.3708494
56215,0.45505932
56515,0.40033814
56715,0.46692976
56815,0.33991042
57015,0.39293176
57115,0.4651007
57215,0.4871905
57315,0.44228432
57515,0.43814752
57915,0.48014528
58015,0.44257125
58215,0.41354173
58315,0.46571243
58515,0.44019443
58915,0.44112974
59115,0.44373706
59215,0.45397967
59515,0.3467562
59615,0.49800718
59815,0.487787
59915,0.47331905
60415,0.41973773
60515,0.40144667
60815,0.48741004
61115,0.44193316
61315,0.4074814
61415,0.4694057
61715,0.49238443
62115,0.47906834
62415,0.47081247
62715,0.5528501
62815,0.47141767
63515,0.47447744
63615,0.4313569
63715,0.4629206
63815,0.49771598
63915,0.43710047
64315,0.5364227
64415,0.4728325
16,0.5114654
116,0.4854432
416,0.37624425
616,0.5506915
716,0.5457287
1016,0.4334459
1216,0.40549937
1716,0.50451976
2216,0.42547047
2716,0.383766
2816,0.5260804
2916,0.52169794
3016,0.52590436
3116,0.4724969
3216,0.46969765
3316,0.5206775
3416,0.45410365
3716,0.42043266
4016,0.57160944
4116,0.7799016
4216,0.48630178
4416,0.45971358
4716,0.49331176
4816,0.5118671
4916,0.46407202
5116,0.42115158
5216,0.4950326
5716,0.52900726
5916,0.49845058
6216,0.5401581
6316,0.5107285
6516,0.4933122
6616,0.5855934
6816,0.5754207
6916,0.3480444
7016,0.4773353
7216,0.40804815
7416,0.35559455
7516,0.4747226
7716,0.47143888
7916,0.40974855
8116,0.44656277
8216,0.4514489
8316,0.47820124
8416,0.48375347
8516,0.466126
8616,0.4856275
8716,0.51944685
8916,0.44880083
9016,0.48863986
9216,0.46495584
9516,0.44524732
9816,0.52068573
9916,0.48960605
10116,0.4259118
10416,0.5453202
10516,0.4993103
10616,0.4490571
10716,0.40473747
10916,0.5333658
11216,0.45970646
11316,0.46185872
11716,0.39775255
11916,0.5665646
12116,0.51039153
12416,0.5174229
12716,0.54389423
12916,0.49742395
13016,0.35974684
13416,0.5567977
13516,0.5138887
13616,0.56896216
13716,0.5722811
13916,0.4748022
14316,0.59156775
14416,0.4513416
15416,0.50261337
15616,0.5681142
15716,0.47975156
15816,0.46925876
15916,0.47077897
16116,0.43526524
16216,0.52655303
16316,0.46835148
16416,0.48407745
16516,0.48662364
16616,0.50771534
17016,0.5487016
17116,0.5322185
17216,0.44692552
17316,0.46864927
17416,0.40908092
17616,0.45123428
17716,0.4536418
17916,0.4995908
18016,0.44906953
18116,0.30360946
18216,0.39641953
18416,0.44093904
18516,0.4538459
18716,0.3182826
18816,0.46647447
19116,0.48218796
19516,0.47216803
19616,0.41577423
19716,0.45357996
19816,0.41122448
20716,0.5260395
20816,0.49277955
20916,0.4834925
21116,0.51514876
21216,0.50543296
21416,0.49016392
21816,0.5471176
22016,0.5293755
22316,0.32918462
22416,0.562125
22516,0.5776737
22616,0.5603897
22916,0.33232796
23016,0.41983056
23216,0.5089299
23316,0.39062762
23616,0.4927571
23716,0.43898812
23816,0.44748363
23916,0.4953394
24116,0.49743122
24216,0.4580103
24416,0.4478476
24516,0.3939514
24616,0.4532742
24716,0.48926476
25316,0.3800676
25416,0.430116
25816,0.4659041
26016,0.45042384
26116,0.4618206
26216,0.5634782
26316,0.5259624
26416,0.446352
26616,0.5565636
26716,0.5471293
26816,0.3094942
26916,0.4380846
27016,0.44784725
27316,0.47844914
27416,0.4365086
27516,0.42932788
27916,0.36833137
28016,0.35359153
28116,0.56573284
28316,0.563561
28416,0.55150825
29016,0.49782044
29116,0.5071363
29316,0.620137
29616,0.33624426
29716,0.54765517
29816,0.5894673
29916,0.61152667
30016,0.5671806
30116,0.45425618
30316,0.5579425
30416,0.537541
30716,0.54356796
30816,0.47089708
31116,0.5175196
31216,0.47277793
31616,0.47555956
31716,0.49481806
31816,0.44484878
31916,0.5169508
32016,0.55209166
32116,0.52855724
32816,0.5173151
33016,0.5024805
33116,0.48401773
33516,0.51842165
33716,0.42632595
33816,0.5355237
33916,0.35885024
34016,0.42705268
34216,0.4118174
34316,0.46722025
34416,0.39618978
34516,0.45525438
34616,0.40923327
34816,0.38228863
35016,0.4651262
35216,0.44277546
35316,0.52635354
35516,0.46243733
35616,0.44026515
35716,0.43475807
35916,0.47714493
36016,0.4451516
36116,0.49155653
36616,0.44115555
37216,0.57466704
37416,0.5500248
37516,0.42755228
37616,0.49267367
37716,0.479921
38116,0.53166854
38216,0.56469727
38316,0.59047836
38416,0.5485508
38616,0.5555697
38816,0.54906166
39116,0.43991467
39216,0.3759282
39316,0.2771203
39416,0.3890945
39616,0.4977787
39716,0.5087601
39916,0.5193189
40016,0.45584586
40216,0.52380294
40516,0.46924084
40616,0.48384076
41816,0.43925986
42016,0.5331236
42716,0.47502115
42916,0.33420232
43616,0.47146824
44216,0.49954236
44516,0.3818826
44716,0.5194115
44916,0.5210019
45216,0.37472567
45316,0.41100165
45516,0.51685345
45616,0.5596927
46116,0.61873746
46316,0.5443994
46516,0.4815642
46916,0.5089054
47016,0.39947122
47116,0.43089247
47216,0.5041586
47316,0.60191405
47616,0.4894713
47716,0.49607092
47816,0.5155345
47916,0.452818
48216,0.48068112
48616,0.46760225
48716,0.37733233
49116,0.5160537
49216,0.51302415
49616,0.43414906
49716,0.29110456
49916,0.5475615
50116,0.48489302
50316,0.4264814
50416,0.30998972
50616,0.41384855
50816,0.34591714
50916,0.45614287
51016,0.44881588
51216,0.40800557
51616,0.537348
51816,0.46456802
52016,0.4332183
52116,0.49200803
52516,0.39683148
52616,0.42806557
52716,0.6214318
53216,0.39118242
53316,0.46974522
53416,0.49283248
53616,0.45290205
53916,0.6009317
54116,0.48030156
54216,0.5640618
54316,0.53348976
54416,0.5488407
54616,0.43417394
55016,0.53110623
55216,0.405697
55416,0.3316065
55516,0.4478869
55616,0.50893843
56216,0.43312433
56516,0.56140447
56716,0.47602102
56816,0.4508386
57016,0.49357998
57116,0.50642073
57216,0.5026622
57316,0.42020744
57516,0.55954325
57916,0.546866
58016,0.46388492
58216,0.46691602
58316,0.4528784
58516,0.4699368
58916,0.41758236
59116,0.49292243
59216,0.44960618
59516,0.40215224
59616,0.502688
59816,0.45347396
59916,0.48088107
60416,0.42105067
60516,0.43909732
60816,0.5686482
61116,0.47956303
61316,0.5352024
61416,0.48220706
61716,0.5686028
62116,0.49508455
62416,0.52357274
62716,0.6102766
62816,0.49724364
63516,0.46479493
63616,0.5064615
63716,0.50202894
63816,0.5255441
63916,0.4746645
64316,0.54189634
64416,0.53944635
17,0.58731353
117,0.55930394
417,0.40431193
617,0.5216581
717,0.58006066
1017,0.47852403
1217,0.4521064
1717,0.5436851
2217,0.44978938
2717,0.42681348
2817,0.5452737
2917,0.51672584
3017,0.5520308
3117,0.51827526
3217,0.513658
3317,0.49361336
3417,0.472506
3717,0.47214758
4017,0.47309455
4117,0.7763956
4217,0.5087434
4417,0.50000733
4717,0.48531333
4817,0.49583906
4917,0.45224604
5117,0.46004102
5217,0.49615285
5717,0.5305467
5917,0.49042755
6217,0.5110114
6317,0.49690002
6517,0.5329236
6617,0.52595896
6817,0.5083082
6917,0.35221764
7017,0.49287814
7217,0.4177831
7417,0.41822302
7517,0.5634669
7717,0.47897205
7917,0.4694036
8117,0.492477
8217,0.4915361
8317,0.50366783
8417,0.48325083
8517,0.48159546
8617,0.4727044
8717,0.4589829
8917,0.41778463
9017,0.47004825
9217,0.48084962
9517,0.39613268
9817,0.4790398
9917,0.53590405
10117,0.47115415
10417,0.5342116
10517,0.50500923
10617,0.48812303
10717,0.4547564
10917,0.5318917
11217,0.48743075
11317,0.46288434
11717,0.4049737
11917,0.5389513
12117,0.500373
12417,0.51701987
12717,0.48026127
12917,0.52144676
13017,0.4269584
13417,0.5473452
13517,0.5380041
13617,0.5008145
13717,0.5323068
13917,0.4647859
14317,0.53965247
14417,0.5246035
15417,0.5102525
15617,0.55539316
15717,0.5246751
15817,0.4746788
15917,0.47156268
16117,0.4841665
16217,0.53462493
16317,0.4741915
16417,0.5666079
16517,0.4130322
16617,0.518713
17017,0.59250134
17117,0.5347057
17217,0.55257404
17317,0.46302775
17417,0.48217314
17617,0.42605063
17717,0.47617817
17917,0.542452
18017,0.58027864
18117,0.38275656
18217,0.42109528
18417,0.42400038
18517,0.49172032
18717,0.39367422
18817,0.4923796
19117,0.48628885
19517,0.47432557
19617,0.4478541
19717,0.46402997
19817,0.46460035
20717,0.48937458
20817,0.48728144
20917,0.49026465
21117,0.51380754
21217,0.5214786
21417,0.44777554
21817,0.48075458
22017,0.5018246
22317,0.45414987
22417,0.48172405
22517,0.5465432
22617,0.457983
22917,0.36983287
23017,0.42081308
23217,0.46710077
23317,0.37609747
23617,0.50147593
23717,0.40728444
23817,0.44875586
23917,0.47776008
24117,0.53194153
24217,0.49784094
24417,0.48207536
24517,0.39470136
24617,0.41994616
24717,0.5387626
25317,0.45070374
25417,0.4355943
25817,0.47129583
26017,0.5198669
26117,0.46669674
26217,0.46529606
26317,0.51324517
26417,0.5141413
26617,0.5281462
26717,0.47023493
26817,0.37116882
26917,0.48441064
27017,0.49157804
27317,0.5024059
27417,0.44746122
27517,0.4389364
27917,0.39703986
28017,0.439605
28117,0.51529086
28317,0.5759457
28417,0.55960584
29017,0.5415603
29117,0.47538573
29317,0.5762739
29617,0.3917023
29717,0.4680243
29817,0.59233195
29917,0.5627228
30017,0.5338996
30117,0.5283391
30317,0.5567231
30417,0.5284925
30717,0.5255837
30817,0.49003664
31117,0.5181551
31217,0.5198138
31617,0.47210297
31717,0.51315886
31817,0.46134847
31917,0.53025055
32017,0.4930128
32117,0.5302885
32817,0.53644943
33017,0.506186
33117,0.5432913
33517,0.5138406
33717,0.48171297
33817,0.54295135
33917,0.37583375
34017,0.46207255
34217,0.39792553
34317,0.5074189
34417,0.42380244
34517,0.4265374
34617,0.39179075
34817,0.402736
35017,0.5397094
35217,0.50186884
35317,0.49759138
35517,0.47287545
35617,0.47744378
35717,0.5058645
35917,0.46830007
36017,0.4231517
36117,0.5248511
36617,0.42005083
37217,0.54619586
37417,0.53339046
37517,0.43335634
37617,0.5034708
37717,0.49654114
38117,0.4875837
38217,0.5165615
38317,0.59373385
38417,0.5436419
38617,0.5228869
38817,0.545753
39117,0.4614681
39217,0.36040965
39317,0.36405268
39417,0.4011711
39617,0.50212216
39717,0.72766167
39917,0.47589403
40017,0.46905887
40217,0.5047773
40517,0.4889932
40617,0.51193315
41817,0.5384442
42017,0.5101283
42717,0.4600886
42917,0.39673972
43617,0.48246297
44217,0.52820176
44517,0.42115316
44717,0.5140789
44917,0.49068174
45217,0.4127689
45317,0.4869407
45517,0.49383682
45617,0.5293688
46117,0.5316446
46317,0.5073564
46517,0.4590196
46917,0.5240085
47017,0.44307697
47117,0.49583083
47217,0.5331578
47317,0.588789
47617,0.48267853
47717,0.4846949
47817,0.5196394
47917,0.47864082
48217,0.49400672
48617,0.4658147
48717,0.35576823
49117,0.5394043
49217,0.5055722
49617,0.470041
49717,0.36825734
49917,0.4949963
50117,0.49420297
50317,0.44734707
50417,0.35889778
50617,0.39801446
50817,0.39055723
50917,0.40891126
51017,0.42740366
51217,0.45337895
51617,0.45097804
51817,0.47908756
52017,0.43178043
52117,0.4917389
52517,0.41373911
52617,0.45871717
52717,0.585171
53217,0.47126025
53317,0.4512556
53417,0.38249847
53617,0.51021236
53917,0.6208035
54117,0.51667047
54217,0.5108634
54317,0.53468853
54417,0.5708819
54617,0.4184238
55017,0.5045445
55217,0.4320618
55417,0.40101895
55517,0.47709304
55617,0.43059018
56217,0.4600474
56517,0.56167513
56717,0.47835004
56817,0.44423294
57017,0.5339743
57117,0.45554727
57217,0.48900405
57317,0.42306578
57517,0.4766135
57917,0.5090536
58017,0.4939311
58217,0.46838713
58317,0.45599252
58517,0.5088227
58917,0.43561366
59117,0.513597
59217,0.50400925
59517,0.44708398
59617,0.49173722
59817,0.48853514
59917,0.49134973
60417,0.45378295
60517,0.4065942
60817,0.5166602
61117,0.46272558
61317,0.55543107
61417,0.49657947
61717,0.5248696
62117,0.4571717
62417,0.5466151
62717,0.51598847
62817,0.5232937
63517,0.50834537
63617,0.48767984
63717,0.5168201
63817,0.5111353
63917,0.46138135
64317,0.52559286
64417,0.55812466
18,0.5369403
118,0.4174657
418,0.44594884
618,0.43967456
718,0.51289725
1018,0.45115557
1218,0.4498519
1718,0.33726475
2218,0.41984448
2718,0.402663
2818,0.45282686
2918,0.5004716
3018,0.49756855
3118,0.47290677
3218,0.45317385
3318,0.4258902
3418,0.42609054
3718,0.46055117
4018,0.48030534
4118,0.05920472
4218,0.43265924
4418,0.45799828
4718,0.41639307
4818,0.44489884
4918,0.43425748
5118,0.47161314
5218,0.47393954
5718,0.4614603
5918,0.49490514
6218,0.47459635
6318,0.51674145
6518,0.4936872
6618,0.5172758
6818,0.4926486
6918,0.40256637
7018,0.42172205
7218,0.4448899
7418,0.440814
7518,0.3829548
7718,0.42757776
7918,0.41101116
8118,0.45970637
8218,0.45239213
8318,0.46621764
8418,0.4717437
8518,0.4131701
8618,0.45340225
8718,0.37511596
8918,0.41795436
9018,0.4239139
9218,0.4628372
9518,0.44967902
9818,0.3775918
9918,0.38414395
10118,0.4492333
10418,0.4938017
10518,0.50561225
10618,0.45523652
10718,0.44663915
10918,0.4687058
11218,0.45016736
11318,0.43150318
11718,0.39192742
11918,0.53935295
12118,0.41198948
12418,0.48465094
12718,0.46156222
12918,0.5002053
13018,0.47501805
13418,0.47706038
13518,0.45039505
13618,0.5006916
13718,0.4849528
13918,0.46847916
14318,0.51220137
14418,0.47212067
15418,0.47280064
15618,0.5089507
15718,0.511144
15818,0.4289998
15918,0.45488596
16118,0.428123
16218,0.48050836
16318,0.40468645
16418,0.46251315
16518,0.39529166
16618,0.4530821
17018,0.48182598
17118,0.34345353
17218,0.42140797
17318,0.41475317
17418,0.37209818
17618,0.40407965
17718,0.43432185
17918,0.34046218
18018,0.34626922
18118,0.448943
18218,0.41106904
18418,0.41727662
18518,0.3846325
18718,0.4350328
18818,0.31704667
19118,0.4476792
19518,0.4245634
19618,0.42733735
19718,0.37469
19818,0.43754825
20718,0.49050757
20818,0.45232248
20918,0.47745886
21118,0.45794165
21218,0.51756066
21418,0.42746344
21818,0.456617
22018,0.47714502
22318,0.38296473
22418,0.48790896
22518,0.51530534
22618,0.5135544
22918,0.43436
23018,0.42107803
23218,0.46821466
23318,0.4596713
23618,0.46146342
23718,0.46225598
23818,0.3814225
23918,0.45335424
24118,0.46857083
24218,0.44395372
24418,0.43512157
24518,0.39279827
24618,0.36931908
24718,0.4457778
25318,0.37088796
25418,0.43555307
25818,0.4256296
26018,0.45782626
26118,0.4222204
26218,0.48021078
26318,0.45389482
26418,0.4915717
26618,0.49537316
26718,0.48505473
26818,0.41146663
26918,0.47345257
27018,0.4771554
27318,0.44417545
27418,0.45442173
27518,0.45451418
27918,0.42566663
28018,0.42494008
28118,0.48273587
28318,0.47950235
28418,0.51083475
29018,0.4651059
29118,0.47199148
29318,0.50845706
29618,0.48928216
29718,0.46572164
29818,0.5302783
29918,0.51760995
30018,0.5097298
30118,0.4656126
30318,0.52205706
30418,0.5130251
30718,0.46609607
30818,0.45657876
31118,0.41685054
31218,0.49721038
31618,0.46841785
31718,0.46921596
31818,0.4597552
31918,0.48288578
32018,0.46533474
32118,0.46965602
32818,0.5224727
33018,0.3815317
33118,0.37360448
33518,0.45849752
33718,0.32774872
33818,0.32702836
33918,0.4109324
34018,0.34877452
34218,0.40369302
34318,0.39588687
34418,0.4217601
34518,0.41286126
34618,0.42649427
34818,0.35094512
35018,0.4440009
35218,0.4569242
35318,0.45081055
35518,0.3868005
35618,0.43141896
35718,0.4283439
35918,0.47101185
36018,0.427092
36118,0.48100471
36618,0.4737938
37218,0.36018947
37418,0.4774471
37518,0.4762456
37618,0.418033
37718,0.4468866
38118,0.509125
38218,0.4966703
38318,0.5120434
38418,0.46979335
38618,0.48799378
38818,0.50260794
39118,0.47117177
39218,0.38467312
39318,0.40193146
39418,0.4376399
39618,0.47785887
39718,0.2798664
39918,0.42248636
40018,0.41870937
40218,0.46951002
40518,0.48684114
40618,0.43288982
41818,0.50648457
42018,0.3505959
42718,0.43731436
42918,0.46891138
43618,0.49805236
44218,0.444344
44518,0.4073278
44718,0.4438405
44918,0.47849888
45218,0.4190951
45318,0.45771858
45518,0.45716855
45618,0.4877486
46118,0.5284032
46318,0.4865158
46518,0.42961952
46918,0.40417352
47018,0.43624267
47118,0.40921783
47218,0.43773648
47318,0.5021031
47618,0.5135046
47718,0.4830744
47818,0.5011307
47918,0.44611928
48218,0.45119184
48618,0.42682132
48718,0.3834113
49118,0.46462208
49218,0.47166404
49618,0.40353885
49718,0.3982907
49918,0.4806187
50118,0.2811593
50318,0.40603286
50418,0.4354909
50618,0.3950051
50818,0.40575373
50918,0.4216656
51018,0.4894328
51218,0.34436417
51618,0.4750783
51818,0.4508092
52018,0.42615005
52118,0.44115815
52518,0.39887846
52618,0.40651882
52718,0.29309872
53218,0.4789343
53318,0.45018166
53418,0.4582846
53618,0.4854853
53918,0.50860345
54118,0.4600612
54218,0.4830452
54318,0.49409223
54418,0.50823545
54618,0.41025317
55018,0.51428634
55218,0.38549027
55418,0.43798968
55518,0.34904292
55618,0.36437172
56218,0.43943128
56518,0.4727179
56718,0.432107
56818,0.36860132
57018,0.40160057
57118,0.39610848
57218,0.45377794
57318,0.40195635
57518,0.34941855
57918,0.48723534
58018,0.44406554
58218,0.4311032
58318,0.45232797
58518,0.42208323
58918,0.47946122
59118,0.4190064
59218,0.45239073
59518,0.40126273
59618,0.4559111
59818,0.5030167
59918,0.4273881
60418,0.36204222
60518,0.43744013
60818,0.49755397
61118,0.46387452
61318,0.46988127
61418,0.4680194
61718,0.44890615
62118,0.4497625
62418,0.47318786
62718,0.50845265
62818,0.4541946
63518,0.46125805
63618,0.48311007
63718,0.4858874
63818,0.4875937
63918,0.44167107
64318,0.4646779
64418,0.51050335
