Id,Probability
0,0.0033135682
100,0.005547373
400,0.0021994112
600,0.013466741
700,0.04980031
1000,0.0020136212
1200,0.0016299904
1700,0.00851147
2200,0.0063190307
2700,0.0015669084
2800,0.0014160622
2900,0.0035056872
3000,0.0044200467
3100,0.005515112
3200,0.0022158779
3300,0.003800402
3400,0.0014843603
3700,0.00073499326
4000,0.00032568388
4100,0.010271683
4200,0.0024934707
4400,0.0034721727
4700,0.00038128984
4800,0.004432291
4900,0.014214595
5100,0.001679717
5200,0.02248768
5700,0.004390864
5900,0.013668608
6200,0.006182959
6300,0.02951236
6500,0.07264498
6600,0.022165583
6800,0.021173785
6900,0.004331764
7000,0.0022686752
7200,0.0029777566
7400,0.0029479158
7500,0.0069715576
7700,0.0023742912
7900,0.0070704552
8100,0.005237057
8200,0.0028478338
8300,0.0029305178
8400,0.008682313
8500,0.004936362
8600,0.010342409
8700,0.006784308
8900,0.019169368
9000,0.013721966
9200,0.014580181
9500,0.002380241
9800,0.0010248793
9900,0.0026572612
10100,0.003146207
10400,0.015304416
10500,0.073056616
10600,0.007962609
10700,0.009002303
10900,0.057264294
11200,0.0021338437
11300,0.0013597029
11700,0.0016100975
11900,0.02584413
12100,0.0064549316
12400,0.0061543374
12700,0.01098277
12900,0.021694312
13000,0.004650837
13400,0.015646206
13500,0.0068958467
13600,0.013856044
13700,0.029968383
13900,0.009544894
14300,0.02111188
14400,0.00745098
15400,0.0059257834
15600,0.055572342
15700,0.007900916
15800,0.004681827
15900,0.0014232974
16100,0.0020624697
16200,0.025519235
16300,0.0065416535
16400,0.011110912
16500,0.0010640597
16600,0.0042987526
17000,0.05599235
17100,0.004969673
17200,0.010580101
17300,0.003213024
17400,0.0015716056
17600,0.0021724447
17700,0.005867639
17900,0.026856529
18000,0.013210389
18100,0.001383671
18200,0.0011636195
18400,0.0006864805
18500,0.002905224
18700,0.0032716356
18800,0.0039084833
19100,0.003021478
19500,0.002013242
19600,0.0012218856
19700,0.0002960505
19800,0.0025064342
20700,0.0032355962
20800,0.001841705
20900,0.003968049
21100,0.010509528
21200,0.0019244283
21400,0.12205811
21800,0.016135355
22000,0.005048833
22300,0.0025658475
22400,0.011139893
22500,0.20015298
22600,0.005630809
22900,0.0017645068
23000,0.0010661784
23200,0.0029261117
23300,0.0054652886
23600,0.0064351796
23700,0.0024236578
23800,0.002419634
23900,0.004156317
24100,0.00883403
24200,0.008584534
24400,0.0028877682
24500,0.0025765807
24600,0.0011303711
24700,0.0040055895
25300,0.004370451
25400,0.0018883109
25800,0.0017253311
26000,0.0007311655
26100,0.0067579565
26200,0.0060808216
26300,0.022018952
26400,0.0049599432
26600,0.066316016
26700,0.0074481075
26800,0.005378728
26900,0.008781302
27000,0.0036647664
27300,0.0100666
27400,0.0050169565
27500,0.0026351942
27900,0.0048385994
28000,0.0039690277
28100,0.017325224
28300,0.032609865
28400,0.020016579
29000,0.005363972
29100,0.04482592
29300,0.0955564
29600,0.00572465
29700,0.011875723
29800,0.009797041
29900,0.0036733078
30000,0.0075533325
30100,0.0057086553
30300,0.0099551035
30400,0.014338319
30700,0.014229741
30800,0.0032731595
31100,0.0035087632
31200,0.012123119
31600,0.0059809564
31700,0.007902774
31800,0.0059078233
31900,0.008328501
32000,0.0027612231
32100,0.02365093
32800,0.020791877
33000,0.006855841
33100,0.002551117
33500,0.0047721034
33700,0.0045854696
33800,0.023529137
33900,0.0008131209
34000,0.0014102972
34200,0.00084957527
34300,0.0029657795
34400,0.0006108061
34500,0.0013515233
34600,0.0032679862
34800,0.00050264836
35000,0.00254256
35200,0.003504328
35300,0.0072637303
35500,0.0014262827
35600,0.0012522598
35700,4.2179618e-05
35900,0.0023298447
36000,0.0020530226
36100,0.008136035
36600,0.0014802119
37200,0.002250942
37400,0.0038846654
37500,0.0024945636
37600,0.022856077
37700,0.039482586
38100,0.00586881
38200,0.028994562
38300,0.07416239
38400,0.007848202
38600,0.0099072065
38800,0.011766236
39100,0.002236782
39200,0.001794058
39300,0.0063072005
39400,0.0034917262
39600,0.0027226345
39700,0.07260888
39900,0.003128368
40000,0.009019847
40200,0.0033982277
40500,0.0020944846
40600,0.0048894123
41800,0.0056438516
42000,0.0056768055
42700,0.0038456656
42900,0.013152199
43600,0.0062885084
44200,0.0060438346
44500,0.0023226617
44700,0.0053793793
44900,0.22435527
45200,0.002496946
45300,0.0017156841
45500,0.0054705334
45600,0.017298507
46100,0.0007403592
46300,0.011739055
46500,0.0029865508
46900,0.003536815
47000,0.0049382397
47100,0.0013690947
47200,0.00825559
47300,0.085228354
47600,0.00467861
47700,0.15252595
47800,0.011804528
47900,0.001619267
48200,0.0028121653
48600,0.008870717
48700,0.0017006906
49100,0.0019154435
49200,0.0104980795
49600,0.004724158
49700,0.0024794545
49900,0.0071569453
50100,0.009553701
50300,0.0019106905
50400,0.0025074722
50600,0.0014566246
50800,0.0017647524
50900,0.0039878953
51000,0.002274634
51200,0.0010949532
51600,0.0030863578
51800,0.0031715126
52000,0.0021188217
52100,0.004472103
52500,0.0013890748
52600,0.006310796
52700,0.012689638
53200,0.009493623
53300,0.0036699246
53400,0.002774054
53600,0.0044155936
53900,0.0065492606
54100,0.008133494
54200,0.03518322
54300,0.025765283
54400,0.03827282
54600,0.0046117743
55000,0.011682167
55200,0.0051756618
55400,0.0035444703
55500,0.0046037966
55600,0.0009248011
56200,0.0051618856
56500,0.009574077
56700,0.006245096
56800,0.004057127
57000,0.004722816
57100,0.008778493
57200,0.006073147
57300,0.0019234997
57500,0.0014588452
57900,0.002758792
58000,0.0009852841
58200,0.007662957
58300,0.0022676333
58500,0.002930051
58900,0.0025521398
59100,0.020089228
59200,0.008173042
59500,0.0027673685
59600,0.0038043307
59800,0.0036012768
59900,0.005842616
60400,0.004378014
60500,0.0035473122
60800,0.017186714
61100,0.006206065
61300,0.0014030365
61400,0.0039232536
61700,0.0043663005
62100,0.0043704472
62400,0.022061666
62700,0.01577767
62800,0.044420604
63500,0.0021067732
63600,0.0030127822
63700,0.009409659
63800,0.06675148
63900,0.0021865005
64300,0.015701404
64400,0.0034587942
1,0.0031579582
101,0.033852927
401,0.31642118
601,0.03498199
701,0.04270734
1001,0.014517881
1201,0.28099602
1701,0.16121939
2201,0.22346257
2701,0.7064082
2801,0.07485613
2901,0.18579082
3001,0.045122255
3101,0.34618804
3201,0.06706663
3301,0.06429589
3401,0.13992368
3701,0.011242362
4001,0.0020268308
4101,0.08472452
4201,0.041927658
4401,0.30812517
4701,0.0028485877
4801,0.29528943
4901,0.007508209
5101,0.0096812425
5201,0.017489577
5701,0.03474049
5901,0.098781995
6201,0.018837849
6301,0.05120151
6501,0.012598235
6601,0.006991194
6801,0.03776776
6901,0.3681769
7001,0.6138614
7201,0.5905424
7401,0.002990111
7501,0.08637177
7701,0.49179995
7901,0.2964212
8101,0.025305428
8201,0.12803464
8301,0.016649367
8401,0.18536833
8501,0.12510376
8601,0.15487482
8701,0.13951638
8901,0.0385224
9001,0.07364418
9201,0.06315003
9501,0.043434974
9801,0.11067563
9901,0.038572818
10101,0.029025793
10401,0.04834666
10501,0.08293349
10601,0.005607802
10701,0.0025125511
10901,0.019245755
11201,0.0093045905
11301,0.61373824
11701,0.6478689
11901,0.019587472
12101,0.05078619
12401,0.019679325
12701,0.047405686
12901,0.019941377
13001,0.002901901
13401,0.020690529
13501,0.22195932
13601,0.01660888
13701,0.075451896
13901,0.0053894
14301,0.034139156
14401,0.023945782
15401,0.015908265
15601,0.031248752
15701,0.04460424
15801,0.21846205
15901,0.26011488
16101,0.16150585
16201,0.030432679
16301,0.0217029
16401,0.03614492
16501,0.3620564
16601,0.007867241
17001,0.10520867
17101,0.05940556
17201,0.096306525
17301,0.11362321
17401,0.40459135
17601,0.016397314
17701,0.10283442
17901,0.18250541
18001,0.060273718
18101,0.5680137
18201,0.62299246
18401,0.5414268
18501,0.23200908
18701,0.41669023
18801,0.27859607
19101,0.025800962
19501,0.11090671
19601,0.6316607
19701,0.00701651
19801,0.10976364
20701,0.33092448
20801,0.0061994125
20901,0.02195313
21101,0.07452714
21201,0.04257114
21401,0.038365167
21801,0.045506142
22001,0.07720319
22301,0.00086254725
22401,0.012969102
22501,0.021001562
22601,0.019720983
22901,0.52630913
23001,0.7457713
23201,0.0051649758
23301,0.013526716
23601,0.019121801
23701,0.09246107
23801,0.4533765
23901,0.121742815
24101,0.19962817
24201,0.054095253
24401,0.5498359
24501,0.3354405
24601,0.8210182
24701,0.012734139
25301,0.26709566
25401,0.004828047
25801,0.017201435
26001,0.0043872986
26101,0.063060746
26201,0.1091931
26301,0.24035203
26401,0.0021027585
26601,0.008905716
26701,0.027804103
26801,0.12416251
26901,0.096866086
27001,0.010164826
27301,0.014502324
27401,0.21272837
27501,0.5355839
27901,0.045308
28001,0.026564583
28101,0.017066745
28301,0.060418054
28401,0.13944396
29001,0.006544587
29101,0.021568466
29301,0.039202303
29601,0.016398022
29701,0.026585214
29801,0.011853991
29901,0.007154342
30001,0.021883072
30101,0.021623183
30301,0.075798
30401,0.043852564
30701,0.030178642
30801,0.3114601
31101,0.042795688
31201,0.15449764
31601,0.04130762
31701,0.020475587
31801,0.019393854
31901,0.14081968
32001,0.018797217
32101,0.04054748
32801,0.053225614
33001,0.27379403
33101,0.18562649
33501,0.037273094
33701,0.30195126
33801,0.17413239
33901,0.720127
34001,0.65836114
34201,0.6762265
34301,0.23454325
34401,0.8112091
34501,0.7065758
34601,0.030037431
34801,0.7624595
35001,0.23144583
35201,0.59930867
35301,0.011424766
35501,0.16173086
35601,0.10562373
35701,0.0016307918
35901,0.05126437
36001,0.010637024
36101,0.09097476
36601,0.0153197255
37201,0.03751951
37401,0.019396506
37501,0.025617957
37601,0.06611468
37701,0.028777733
38101,0.054168053
38201,0.009268035
38301,0.012424242
38401,0.029952584
38601,0.3855256
38801,0.03828249
39101,0.6195888
39201,0.5087949
39301,0.105324894
39401,0.51281315
39601,0.005244008
39701,0.013164297
39901,0.30461833
40001,0.43772116
40201,0.19265004
40501,0.3802065
40601,0.29300785
41801,0.06634581
42001,0.17383415
42701,0.14880429
42901,0.0045170104
43601,0.012632098
44201,0.0074927174
44501,0.018756298
44701,0.019588353
44901,0.018213922
45201,0.010731644
45301,0.0016906844
45501,0.072155744
45601,0.012829124
46101,0.0017813863
46301,0.026240753
46501,0.03322445
46901,0.2571804
47001,0.11221989
47101,0.005940815
47201,0.12513682
47301,0.01671374
47601,0.1389747
47701,0.10627756
47801,0.14127244
47901,0.14533207
48201,0.050601445
48601,0.09443614
48701,0.3471854
49101,0.010552393
49201,0.19899815
49601,0.117123045
49701,0.3138898
49901,0.05899475
50101,0.10575528
50301,0.6067858
50401,0.05143722
50601,0.5684292
50801,0.5564727
50901,0.18257223
51001,0.04321665
51201,0.7868044
51601,0.3634273
51801,0.027706226
52001,0.23746996
52101,0.15284717
52501,0.034404077
52601,0.19365235
52701,0.004181434
53201,0.018170407
53301,0.07104398
53401,0.0112255
53601,0.188243
53901,0.1400533
54101,0.0050616045
54201,0.018853309
54301,0.047403783
54401,0.026523262
54601,0.008614014
55001,0.19309422
55201,0.43772826
55401,0.48198703
55501,0.39663333
55601,0.0017728389
56201,0.057124346
56501,0.019893402
56701,0.30007002
56801,0.31166935
57001,0.27176374
57101,0.048485503
57201,0.1307492
57301,0.22343493
57501,0.03662193
57901,0.008749655
58001,0.020273944
58201,0.01715186
58301,0.024073116
58501,0.012617319
58901,0.004092156
59101,0.043723095
59201,0.20029283
59501,0.117101446
59601,0.02035264
59801,0.07518056
59901,0.28126785
60401,0.19572964
60501,0.027266502
60801,0.010369068
61101,0.016854404
61301,0.006143364
61401,0.20505694
61701,0.026202908
62101,0.013329966
62401,0.013895789
62701,0.028539088
62801,0.09398873
63501,0.009768081
63601,0.16013089
63701,0.23146902
63801,0.024649017
63901,0.32161483
64301,0.06400892
64401,0.05290163
2,0.0016463784
102,0.0026093905
402,0.0143371355
602,0.015088641
702,0.01837393
1002,0.0073769744
1202,0.022774443
1702,0.0052617635
2202,0.18149236
2702,0.076529
2802,0.0077204
2902,0.030031417
3002,0.004151256
3102,0.028478049
3202,0.0047108065
3302,0.008909166
3402,0.009189776
3702,0.004892403
4002,0.0005917517
4102,0.03960337
4202,0.03693493
4402,0.014029126
4702,0.0008736176
4802,0.0251354
4902,0.003856559
5102,0.002040932
5202,0.06655106
5702,0.0153938895
5902,0.013166714
6202,0.044214994
6302,0.014538006
6502,0.02016779
6602,0.011153944
6802,0.022778053
6902,0.01032232
7002,0.027693914
7202,0.0148796495
7402,0.0007378935
7502,0.005106984
7702,0.028953657
7902,0.005525999
8102,0.022321356
8202,0.008245881
8302,0.010561125
8402,0.036776252
8502,0.020793183
8602,0.041866723
8702,0.0091134375
8902,0.026700614
9002,0.008024389
9202,0.022165857
9502,0.00440687
9802,0.015639381
9902,0.039202824
10102,0.029227218
10402,0.010704809
10502,0.02483711
10602,0.004742041
10702,0.0030671512
10902,0.052615833
11202,0.047621492
11302,0.014477966
11702,0.013314591
11902,0.014002227
12102,0.018371934
12402,0.012123025
12702,0.01635488
12902,0.009633112
13002,0.0034485485
13402,0.0031982427
13502,0.028948352
13602,0.014727864
13702,0.028013052
13902,0.003254858
14302,0.0070529305
14402,0.01551677
15402,0.0052283783
15602,0.020372447
15702,0.012135593
15802,0.08510973
15902,0.0417734
16102,0.013818566
16202,0.0091262655
16302,0.002433612
16402,0.0037316645
16502,0.005378348
16602,0.18712452
17002,0.0062532723
17102,0.0033257527
17202,0.004654377
17302,0.008993579
17402,0.0051717386
17602,0.0028702717
17702,0.010744477
17902,0.0077965814
18002,0.0048426525
18102,0.09806689
18202,0.065194316
18402,0.010729296
18502,0.04840129
18702,0.16409853
18802,0.055467334
19102,0.004110591
19502,0.014220421
19602,0.011208482
19702,0.0066363886
19802,0.007809179
20702,0.013921434
20802,0.0014884359
20902,0.012697926
21102,0.098897934
21202,0.0066285217
21402,0.01715755
21802,0.026977552
22002,0.05086921
22302,0.00021156557
22402,0.012215364
22502,0.018502308
22602,0.01286462
22902,0.006892595
23002,0.017025108
23202,0.0011464574
23302,0.007982706
23602,0.11699705
23702,0.010573007
23802,0.0049954453
23902,0.020081732
24102,0.07251624
24202,0.08099653
24402,0.0034168863
24502,0.012205832
24602,0.0066509703
24702,0.014993068
25302,0.005261353
25402,0.0006120231
25802,0.015442135
26002,0.0042106076
26102,0.024479864
26202,0.029916912
26302,0.013134895
26402,0.007987274
26602,0.015197725
26702,0.025418965
26802,0.3210796
26902,0.13872533
27002,0.026716389
27302,0.0039912583
27402,0.05682385
27502,0.020655474
27902,0.35263148
28002,0.043979943
28102,0.026267568
28302,0.005386119
28402,0.023058591
29002,0.0074077505
29102,0.02134473
29302,0.012285682
29602,0.020790312
29702,0.015817475
29802,0.017723562
29902,0.006431531
30002,0.033921897
30102,0.009695173
30302,0.011390199
30402,0.007122475
30702,0.015802218
30802,0.05386504
31102,0.018032402
31202,0.0076842383
31602,0.2458859
31702,0.013062005
31802,0.015634261
31902,0.014924212
32002,0.018078504
32102,0.007893072
32802,0.013669085
33002,0.009970788
33102,0.0065563424
33502,0.037810214
33702,0.011117635
33802,0.0074807717
33902,0.0757984
34002,0.009920684
34202,0.006380583
34302,0.01955118
34402,0.008627204
34502,0.04457665
34602,0.27611578
34802,0.007388788
35002,0.020423539
35202,0.01663098
35302,0.021892568
35502,0.009175607
35602,0.016003594
35702,0.002174163
35902,0.008484841
36002,0.003006014
36102,0.020339807
36602,0.009256201
37202,0.00716429
37402,0.0105835805
37502,0.00909105
37602,0.033688817
37702,0.010391314
38102,0.020074489
38202,0.018303087
38302,0.008405051
38402,0.01978829
38602,0.013194669
38802,0.025174588
39102,0.01959927
39202,0.005934784
39302,0.18922098
39402,0.011471185
39602,0.000922424
39702,0.0012089172
39902,0.042536207
40002,0.013245084
40202,0.023950614
40502,0.007625833
40602,0.011947738
41802,0.06350599
42002,0.039500803
42702,0.06923758
42902,0.0018701208
43602,0.024492083
44202,0.10107008
44502,0.02059912
44702,0.058137458
44902,0.010302449
45202,0.015234544
45302,0.00025720577
45502,0.011822422
45602,0.023119539
46102,0.003421795
46302,0.012984684
46502,0.012980571
46902,0.060962643
47002,0.06302978
47102,0.006665089
47202,0.029639678
47302,0.060555346
47602,0.008335892
47702,0.018908843
47802,0.00569954
47902,0.018480863
48202,0.0109466
48602,0.023370264
48702,0.0060149445
49102,0.003376232
49202,0.01677048
49602,0.0055712988
49702,0.14162031
49902,0.058190644
50102,0.004025405
50302,0.097608484
50402,0.5753219
50602,0.01669701
50802,0.11569398
50902,0.12927514
51002,0.10206733
51202,0.015131649
51602,0.012494548
51802,0.13715287
52002,0.052884523
52102,0.0747605
52502,0.024201801
52602,0.01108704
52702,0.0059546945
53202,0.0023496542
53302,0.031657774
53402,0.004499691
53602,0.009425895
53902,0.06633843
54102,0.005625166
54202,0.011418765
54302,0.018000208
54402,0.014570639
54602,0.0027077813
55002,0.038832244
55202,0.07331118
55402,0.014322853
55502,0.03125551
55602,0.00029644874
56202,0.0039032984
56502,0.021934569
56702,0.03183813
56802,0.011301653
57002,0.020699155
57102,0.07698802
57202,0.031675637
57302,0.052052706
57502,0.034360837
57902,0.010017457
58002,0.011194937
58202,0.1737962
58302,0.0010670066
58502,0.0064704684
58902,0.0010943884
59102,0.015953153
59202,0.09249348
59502,0.022507438
59602,0.008921321
59802,0.02784521
59902,0.013355186
60402,0.23769656
60502,0.05111621
60802,0.011354675
61102,0.009695031
61302,0.0062859496
61402,0.03674408
61702,0.007925006
62102,0.0139925685
62402,0.024583753
62702,0.03046053
62802,0.052997213
63502,0.004795812
63602,0.01671089
63702,0.014026272
63802,0.016611699
63902,0.020250231
64302,0.0068732863
64402,0.022747764
3,0.0020806359
103,0.0011559675
403,0.00090350385
603,0.007060384
703,0.011132325
1003,0.0018622329
1203,0.0004131857
1703,0.0014872401
2203,0.01713778
2703,0.002378914
2803,0.0010966676
2903,0.0016999054
3003,0.0029772758
3103,0.004468958
3203,0.0015045302
3303,0.0026675134
3403,0.0007632049
3703,0.0014334476
4003,0.0002976861
4103,0.004038774
4203,0.009381013
4403,0.0015466841
4703,0.00036157994
4803,0.003276655
4903,0.003099469
5103,0.000801298
5203,0.05577238
5703,0.0060689896
5903,0.0025409171
6203,0.046491094
6303,0.0056018117
6503,0.05841001
6603,0.041114718
6803,0.030058406
6903,0.0016906927
7003,0.0012194506
7203,0.0017604455
7403,0.00083258015
7503,0.0014760752
7703,0.0011275607
7903,0.001280305
8103,0.002929873
8203,0.0014270014
8303,0.0022355393
8403,0.0076551936
8503,0.0016921654
8603,0.0072480543
8703,0.002066417
8903,0.0065988675
9003,0.002227896
9203,0.004127952
9503,0.0020879179
9803,0.0026676678
9903,0.009877915
10103,0.007977702
10403,0.0067118923
10503,0.0058412584
10603,0.0048155505
10703,0.003437919
10903,0.18581425
11203,0.0071492465
11303,0.00088766817
11703,0.0020843484
11903,0.015781233
12103,0.009401645
12403,0.004756261
12703,0.0059691444
12903,0.0016964796
13003,0.0044267513
13403,0.007083432
13503,0.0030487305
13603,0.012438919
13703,0.04077358
13903,0.0030295693
14303,0.023273684
14403,0.0035389487
15403,0.0028340095
15603,0.046996187
15703,0.0054311734
15803,0.008696786
15903,0.0014063561
16103,0.0035108593
16203,0.006377169
16303,0.001971817
16403,0.0025034116
16503,6.299657e-05
16603,0.0060759564
17003,0.003950669
17103,0.0013086665
17203,0.0012609597
17303,0.0011112218
17403,0.00019859389
17603,0.0014302472
17703,0.0018144383
17903,0.0040456024
18003,0.0031855744
18103,0.004958567
18203,0.0021970905
18403,0.0004311356
18503,0.0030335453
18703,0.013539302
18803,0.004294687
19103,0.0024657962
19503,0.0009107833
19603,0.00064549776
19703,0.0018395593
19803,0.0014053615
20703,0.003225937
20803,0.00088497874
20903,0.0061253635
21103,0.084119126
21203,0.0022017192
21403,0.023350278
21803,0.024301285
22003,0.0064060683
22303,0.0001257221
22403,0.011969519
22503,0.02876078
22603,0.009481996
22903,0.0010082748
23003,0.00043260108
23203,0.00097472384
23303,0.005458396
23603,0.012390811
23703,0.0024616607
23803,0.00041612476
23903,0.0021466326
24103,0.009774612
24203,0.01053783
24403,0.00043414225
24503,0.0026668424
24603,0.00037204262
24703,0.0020086346
25303,0.0006716175
25403,0.00042961733
25803,0.0012571894
26003,0.002346657
26103,0.0026362468
26203,0.006481272
26303,0.0047274632
26403,0.008378457
26603,0.03281483
26703,0.035143733
26803,0.05905186
26903,0.0060385126
27003,0.0072794985
27303,0.0023000182
27403,0.0067690737
27503,0.002677654
27903,0.037888736
28003,0.014955444
28103,0.004386106
28303,0.0073049897
28403,0.0040064934
29003,0.0018200947
29103,0.016461272
29303,0.03352851
29603,0.011773285
29703,0.026406873
29803,0.004835636
29903,0.0033948058
30003,0.013198908
30103,0.005319725
30303,0.0063728187
30403,0.008837829
30703,0.007457244
30803,0.0055372147
31103,0.0032720838
31203,0.0035829826
31603,0.042293683
31703,0.0051943366
31803,0.0043999474
31903,0.0063029095
32003,0.008279122
32103,0.007952269
32803,0.0025406927
33003,0.0009834629
33103,0.00035996182
33503,0.007039058
33703,0.0017579383
33803,0.0027037824
33903,0.001169144
34003,0.00038568676
34203,0.000287261
34303,0.0010590476
34403,0.00025052277
34503,0.0024942667
34603,0.026871523
34803,0.0001300878
35003,0.0007238677
35203,0.0019548042
35303,0.008639824
35503,0.0010004413
35603,0.0010100061
35703,0.0006195874
35903,0.0021213864
36003,0.00078941986
36103,0.003722278
36603,0.003086592
37203,0.0027344318
37403,0.0027582983
37503,0.0029376103
37603,0.0037055442
37703,0.005332414
38103,0.0054881983
38203,0.014968436
38303,0.038040727
38403,0.0031798284
38603,0.0014229883
38803,0.010962413
39103,0.0023101855
39203,0.0011083666
39303,0.013525171
39403,0.0016689292
39603,0.00068183517
39703,0.0013360358
39903,0.0015576787
40003,0.0016193923
40203,0.0009910876
40503,0.0017242732
40603,0.0010852416
41803,0.012186692
42003,0.006629612
42703,0.015693566
42903,0.0033033132
43603,0.011831967
44203,0.2308181
44503,0.0042266916
44703,0.026445715
44903,0.010193136
45203,0.004264578
45303,0.00023072524
45503,0.005880292
45603,0.026242843
46103,0.0021695178
46303,0.0155586675
46503,0.0015784508
46903,0.0019935674
47003,0.00483842
47103,0.000460146
47203,0.007189732
47303,0.033001363
47603,0.0028899773
47703,0.004197962
47803,0.0049457946
47903,0.0012712063
48203,0.002133116
48603,0.0061652265
48703,0.00015575977
49103,0.0017726321
49203,0.0043485365
49603,0.002367523
49703,0.007091768
49903,0.0057237404
50103,0.001884897
50303,0.0049919453
50403,0.068649374
50603,0.001506282
50803,0.011099468
50903,0.007727959
51003,0.013262418
51203,0.0003916519
51603,0.0024919047
51803,0.067046374
52003,0.011824056
52103,0.02120565
52503,0.0035231232
52603,0.0030566705
52703,0.00026095982
53203,0.0011600935
53303,0.010601616
53403,0.0022406487
53603,0.0026840458
53903,0.0052522104
54103,0.0043120165
54203,0.00455817
54303,0.010806751
54403,0.026991462
54603,0.0027326543
55003,0.0037464285
55203,0.005078022
55403,0.0012568911
55503,0.0030550256
55603,0.0002050285
56203,0.0010157785
56503,0.0056145065
56703,0.0031691724
56803,0.0025594474
57003,0.0013801709
57103,0.005363255
57203,0.0050495807
57303,0.005108645
57503,0.0035269298
57903,0.0068111434
58003,0.0018380814
58203,0.012821341
58303,0.0002153935
58503,0.0027187718
58903,0.000605362
59103,0.0067527066
59203,0.0069164387
59503,0.0014623723
59603,0.002531926
59803,0.00542946
59903,0.002021708
60403,0.0045146192
60503,0.008556334
60803,0.041265644
61103,0.003726026
61303,0.00075805135
61403,0.0036720817
61703,0.00354876
62103,0.009512029
62403,0.023173446
62703,0.0062527554
62803,0.0068676765
63503,0.001257165
63603,0.006716949
63703,0.005772021
63803,0.03285686
63903,0.0009532329
64303,0.004554495
64403,0.008405964
4,0.14773731
104,0.23590954
404,0.010532468
604,0.018199932
704,0.047631033
1004,0.02804285
1204,0.011695513
1704,0.05792098
2204,0.010782727
2704,0.0048664385
2804,0.025203636
2904,0.0111115575
3004,0.025294231
3104,0.013259358
3204,0.020154856
3304,0.0059063416
3404,0.007563486
3704,0.25929144
4004,0.0008326383
4104,0.017640581
4204,0.014752636
4404,0.007288717
4704,0.0019363496
4804,0.016016847
4904,0.09778145
5104,0.009991054
5204,0.0493858
5704,0.004117878
5904,0.051023204
6204,0.0090236245
6304,0.25922742
6504,0.05834571
6604,0.053760745
6804,0.011035551
6904,0.11586383
7004,0.0037022112
7204,0.013285961
7404,0.36482966
7504,0.121159524
7704,0.0021693085
7904,0.055245973
8104,0.07660934
8204,0.0132749025
8304,0.075561486
8404,0.015439013
8504,0.015859034
8604,0.04022658
8704,0.13487934
8904,0.029802302
9004,0.07758353
9204,0.08725573
9504,0.11426585
9804,0.06709876
9904,0.039192054
10104,0.01760881
10404,0.02355341
10504,0.04375266
10604,0.12981491
10704,0.26116088
10904,0.036426947
11204,0.18514849
11304,0.00230625
11704,0.015811067
11904,0.091398865
12104,0.011937122
12404,0.037941728
12704,0.044354655
12904,0.007494745
13004,0.39944547
13404,0.21092215
13504,0.057372414
13604,0.006681658
13704,0.00967881
13904,0.23221454
14304,0.017180126
14404,0.047870602
15404,0.10961203
15604,0.04224876
15704,0.010716496
15804,0.0039152955
15904,0.004923832
16104,0.06761859
16204,0.07155325
16304,0.34235534
16404,0.19960052
16504,0.0011309397
16604,0.18630661
17004,0.07594753
17104,0.021628732
17204,0.020912677
17304,0.014792509
17404,0.0018528866
17604,0.092401035
17704,0.013617271
17904,0.03887766
18004,0.11664398
18104,0.009330192
18204,0.0013020877
18404,0.0006662172
18504,0.032967083
18704,0.040900793
18804,0.005576857
19104,0.0275224
19504,0.025440445
19604,0.0033745966
19704,0.0878651
19804,0.22266223
20704,0.010323171
20804,0.2478346
20904,0.14588007
21104,0.108672954
21204,0.0034384662
21404,0.021720348
21804,0.017201733
22004,0.008621232
22304,0.10922012
22404,0.04020402
22504,0.043012872
22604,0.046702445
22904,0.009864979
23004,0.0014928005
23204,0.4237821
23304,0.06415716
23604,0.112036526
23704,0.0055453302
23804,0.0066417865
23904,0.0046028947
24104,0.007984878
24204,0.16080461
24404,0.010933562
24504,0.08902976
24604,0.005237753
24704,0.1101451
25304,0.019284638
25404,0.435358
25804,0.21848768
26004,0.047285285
26104,0.036183894
26204,0.0044329423
26304,0.016322367
26404,0.049025685
26604,0.068661675
26704,0.16156125
26804,0.043716352
26904,0.023099171
27004,0.27891064
27304,0.16856569
27404,0.024310399
27504,0.029193677
27904,0.10252169
28004,0.30715612
28104,0.0572094
28304,0.040334128
28404,0.041848727
29004,0.13381301
29104,0.02740355
29304,0.044801205
29604,0.038930528
29704,0.08292848
29804,0.10381341
29904,0.010846156
30004,0.021146731
30104,0.07941532
30304,0.02993667
30404,0.0064688884
30704,0.10278512
30804,0.00590275
31104,0.13348785
31204,0.011179371
31604,0.009720422
31704,0.08495338
31804,0.19452608
31904,0.008726859
32004,0.009857993
32104,0.061577793
32804,0.015777942
33004,0.0036953902
33104,0.006047594
33504,0.1009088
33704,0.042243056
33804,0.03587198
33904,0.0024454363
34004,0.0024048146
34204,0.00080021855
34304,0.021150105
34404,0.0012186909
34504,0.007076446
34604,0.034738608
34804,0.00044180805
35004,0.0039055583
35204,0.006577813
35304,0.04098488
35504,0.012756258
35604,0.009709364
35704,0.008553266
35904,0.038313683
36004,0.064955205
36104,0.038471367
36604,0.12815446
37204,0.0049954765
37404,0.008699782
37504,0.004178383
37604,0.053031653
37704,0.038308036
38104,0.0931919
38204,0.031988736
38304,0.037827548
38404,0.016244821
38604,0.02212374
38804,0.014846671
39104,0.01012848
39204,0.006972152
39304,0.07281657
39404,0.031533577
39604,0.14408094
39704,0.01860646
39904,0.0053410544
40004,0.0029055101
40204,0.007987907
40504,0.0020340993
40604,0.007749887
41804,0.029031174
42004,0.012262988
42704,0.0048932526
42904,0.24381398
43604,0.08322339
44204,0.08429384
44504,0.0066743963
44704,0.12801911
44904,0.020068001
45204,0.00969123
45304,0.41229692
45504,0.10376763
45604,0.05150173
46104,0.005431391
46304,0.11197915
46504,0.057075027
46904,0.0021737195
47004,0.15654117
47104,0.12433226
47204,0.04280619
47304,0.11536874
47604,0.01094063
47704,0.025393572
47804,0.0071476405
47904,0.0064186607
48204,0.06357315
48604,0.08125006
48704,0.005116785
49104,0.04437748
49204,0.011222491
49604,0.022260336
49704,0.02878454
49904,0.014142905
50104,0.084746085
50304,0.013070638
50404,0.030958174
50604,0.0013699364
50804,0.030033419
50904,0.01352971
51004,0.108416274
51204,0.0013983303
51604,0.0017010086
51804,0.04566033
52004,0.03475642
52104,0.11220439
52504,0.0017114306
52604,0.029717563
52704,0.0013377513
53204,0.086473994
53304,0.0068451366
53404,0.0021767376
53604,0.010310852
53904,0.016200654
54104,0.06527258
54204,0.02528117
54304,0.031190732
54404,0.05513605
54604,0.15435253
55004,0.031214932
55204,0.008083136
55404,0.007195626
55504,0.012962979
55604,0.45422563
56204,0.172815
56504,0.14104675
56704,0.002471058
56804,0.014718159
57004,0.0096959835
57104,0.025437878
57204,0.013460483
57304,0.0016286385
57504,0.013892558
57904,0.043529674
58004,0.20375967
58204,0.16192353
58304,0.42939124
58504,0.02105325
58904,0.49077597
59104,0.09441951
59204,0.0044073355
59504,0.105790384
59604,0.05496106
59804,0.017230289
59904,0.020547574
60404,0.0024489784
60504,0.08093909
60804,0.026939048
61104,0.21656755
61304,0.19950515
61404,0.016553476
61704,0.016799388
62104,0.020614319
62404,0.043573778
62704,0.03300697
62804,0.015157616
63504,0.19537267
63604,0.008190109
63704,0.002816585
63804,0.015821012
63904,0.008723203
64304,0.066461556
64404,0.004539323
5,0.0036173053
105,0.0036512425
405,0.0018444014
605,0.0018422337
705,0.009026635
1005,0.0013961366
1205,0.0008192402
1705,0.0061096516
2205,0.0018396559
2705,0.0008530312
2805,0.000941124
2905,0.00076674175
3005,0.0033968303
3105,0.008609063
3205,0.002005494
3305,0.0016456359
3405,0.0007978058
3705,0.0011273884
4005,0.00016056588
4105,0.0020221467
4205,0.002613728
4405,0.0017673459
4705,0.00017226578
4805,0.0025293177
4905,0.0073500955
5105,0.0006630978
5205,0.0025424284
5705,0.0033504127
5905,0.005305885
6205,0.007333136
6305,0.012550933
6505,0.022205932
6605,0.014710938
6805,0.0050457623
6905,0.009441791
7005,0.0010369872
7205,0.0023086264
7405,0.002113543
7505,0.0062074834
7705,0.0010974393
7905,0.0039405474
8105,0.0011778681
8205,0.0012429239
8305,0.0014415829
8405,0.002653798
8505,0.001104843
8605,0.0035430684
8705,0.0018023541
8905,0.005136692
9005,0.0019006447
9205,0.003770451
9505,0.003687966
9805,0.0010782027
9905,0.0012935459
10105,0.0033879199
10405,0.013603125
10505,0.015515317
10605,0.0033576644
10705,0.0073844013
10905,0.010914111
11205,0.00073964684
11305,0.0018572276
11705,0.0023114115
11905,0.011824821
12105,0.0029249743
12405,0.0026573555
12705,0.008205377
12905,0.0006491894
13005,0.0031336301
13405,0.043591302
13505,0.002875268
13605,0.0122371055
13705,0.016547758
13905,0.006172362
14305,0.02152442
14405,0.00334333
15405,0.0016221214
15605,0.013440507
15705,0.0027520566
15805,0.0028709741
15905,0.00071654486
16105,0.0015360279
16205,0.013675058
16305,0.004912744
16405,0.018350594
16505,0.0007395828
16605,0.00057716324
17005,0.021109888
17105,0.0019795517
17205,0.005348706
17305,0.002492991
17405,0.0010089552
17605,0.0013882328
17705,0.00085727574
17905,0.011211633
18005,0.011348377
18105,0.0013780242
18205,0.0011391657
18405,0.00058258895
18505,0.0015011267
18705,0.001614455
18805,0.0036851282
19105,0.0041462756
19505,0.00088019075
19605,0.0007056028
19705,0.0008939665
19805,0.0020412153
20705,0.004311163
20805,0.001057806
20905,0.0019206373
21105,0.005787174
21205,0.0034327228
21405,0.010953723
21805,0.004027892
22005,0.0012543214
22305,0.0016116225
22405,0.004133288
22505,0.015960243
22605,0.00274829
22905,0.0037179622
23005,0.0014536814
23205,0.0019465097
23305,0.004724704
23605,0.002285473
23705,0.0011038039
23805,0.00077361416
23905,0.0007174811
24105,0.006380973
24205,0.0021267105
24405,0.001509302
24505,0.0018692344
24605,0.0012823156
24705,0.00069479906
25305,0.0021968002
25405,0.0013597342
25805,0.0007430832
26005,0.0006531045
26105,0.0015200059
26205,0.0022907387
26305,0.0056730327
26405,0.005801491
26605,0.009273028
26705,0.015998721
26805,0.0021750582
26905,0.0017902632
27005,0.0050381287
27305,0.002844923
27405,0.0043933294
27505,0.0017524663
27905,0.0031495607
28005,0.0024683794
28105,0.0026964468
28305,0.019444201
28405,0.0048830207
29005,0.0012855951
29105,0.0076570874
29305,0.0255621
29605,0.006840811
29705,0.024584223
29805,0.0017021995
29905,0.0015750537
30005,0.0040308186
30105,0.003276817
30305,0.003563474
30405,0.005461072
30705,0.0074468595
30805,0.0018720921
31105,0.0022921802
31205,0.008227734
31605,0.003177989
31705,0.0033940577
31805,0.0023250738
31905,0.005021386
32005,0.0022694538
32105,0.020466372
32805,0.0037858847
33005,0.0033770017
33105,0.0011829113
33505,0.0021659597
33705,0.003990758
33805,0.014711707
33905,0.0023838324
34005,0.00031003793
34205,0.0010035405
34305,0.0010251786
34405,0.00041073922
34505,0.0015133702
34605,0.0016866352
34805,0.00073393394
35005,0.00043435913
35205,0.0029260397
35305,0.0019369273
35505,0.0005337231
35605,0.0004423099
35705,6.994363e-05
35905,0.001716343
36005,0.0007231765
36105,0.0033923255
36605,0.0039941967
37205,0.0008692957
37405,0.0009140411
37505,0.002048136
37605,0.002521978
37705,0.002996838
38105,0.0017473607
38205,0.005050892
38305,0.040542826
38405,0.0009868058
38605,0.0037930307
38805,0.002492068
39105,0.00134676
39205,0.004834828
39305,0.0026812588
39405,0.0024642544
39605,0.0015499677
39705,0.003337765
39905,0.0013280824
40005,0.0032996903
40205,0.0010546834
40505,0.003281325
40605,0.0009192604
41805,0.0023643146
42005,0.0040230365
42705,0.0024005114
42905,0.0030977675
43605,0.0023966155
44205,0.0044296947
44505,0.0023669356
44705,0.0021629625
44905,0.010943278
45205,0.0017818084
45305,0.0011410416
45505,0.0054219156
45605,0.0074321413
46105,0.00059814536
46305,0.0083861705
46505,0.0012178598
46905,0.0020130873
47005,0.00062893255
47105,0.00047909917
47205,0.0055155824
47305,0.008944092
47605,0.0032806187
47705,0.013155763
47805,0.0064916564
47905,0.0006566314
48205,0.0015168057
48605,0.008759454
48705,0.0010227609
49105,0.0016961298
49205,0.0018642348
49605,0.0052157706
49705,0.0012625527
49905,0.002210474
50105,0.00833718
50305,0.0019988231
50405,0.0009430096
50605,0.0020568378
50805,0.0023959856
50905,0.0024159728
51005,0.0011339607
51205,0.0018693178
51605,0.0032337843
51805,0.002609136
52005,0.003260137
52105,0.001561011
52505,0.0017989513
52605,0.002430977
52705,9.459734e-05
53205,0.0066407556
53305,0.0028296642
53405,0.0006960374
53605,0.0029705625
53905,0.0029702426
54105,0.0039067585
54205,0.0073620477
54305,0.004675912
54405,0.020418026
54605,0.0027114118
55005,0.004963422
55205,0.0015465942
55405,0.0015205526
55505,0.0039327056
55605,0.00049164623
56205,0.0011036518
56505,0.0017644789
56705,0.0030667672
56805,0.0042548957
57005,0.001319431
57105,0.0020757455
57205,0.0012267561
57305,0.0029949762
57505,0.0007036219
57905,0.0029340675
58005,0.0010000014
58205,0.001057709
58305,0.0012772558
58505,0.0010873951
58905,0.0010557009
59105,0.0038742214
59205,0.0047908314
59505,0.0015932352
59605,0.0010013909
59805,0.0013076669
59905,0.001267658
60405,0.00651933
60505,0.0017214472
60805,0.021828823
61105,0.0038475066
61305,0.0006661163
61405,0.0028259417
61705,0.0015373123
62105,0.002625187
62405,0.0057795946
62705,0.0011653199
62805,0.005179239
63505,0.0007569509
63605,0.0025526974
63705,0.008880327
63805,0.01296713
63905,0.00068968476
64305,0.007885114
64405,0.0034990967
6,0.008696666
106,0.0032861966
406,0.0045578554
606,0.07989688
706,0.03563365
1006,0.00417695
1206,0.0011800766
1706,0.004954997
2206,0.009081853
2706,0.0016524484
2806,0.0029080047
2906,0.0040311497
3006,0.020806229
3106,0.033402804
3206,0.014427824
3306,0.010201106
3406,0.0024230694
3706,0.0024766503
4006,0.0032019948
4106,0.011724325
4206,0.32812765
4406,0.011001385
4706,0.0038398965
4806,0.007026352
4906,0.06649872
5106,0.0057872967
5206,0.18524629
5706,0.19982614
5906,0.010495208
6206,0.14202864
6306,0.006390689
6506,0.101223744
6606,0.07247996
6806,0.22230308
6906,0.009484497
7006,0.0019609507
7206,0.016891615
7406,0.009629218
7506,0.01009995
7706,0.0013283252
7906,0.010255654
8106,0.009441358
8206,0.007415534
8306,0.012536759
8406,0.0075630723
8506,0.0027019768
8606,0.0035239179
8706,0.0050411476
8906,0.004233905
9006,0.0033196597
9206,0.008847186
9506,0.007047175
9806,0.009855031
9906,0.005397452
10106,0.07132514
10406,0.06767168
10506,0.008166282
10606,0.089966245
10706,0.07339573
10906,0.11065388
11206,0.008401551
11306,0.0039504776
11706,0.011757161
11906,0.013253452
12106,0.020017402
12406,0.011875563
12706,0.19545826
12906,0.022766165
13006,0.05165089
13406,0.02892601
13506,0.0042506717
13606,0.02189821
13706,0.085684605
13906,0.06589926
14306,0.08673574
14406,0.023716891
15406,0.023386646
15606,0.016574342
15706,0.13003753
15806,0.0078073735
15906,0.002401895
16106,0.023665419
16206,0.044173803
16306,0.005636685
16406,0.010928088
16506,0.0004575375
16606,0.027053427
17006,0.0091455905
17106,0.0040628244
17206,0.0037791813
17306,0.003532495
17406,0.0011831088
17606,0.005188192
17706,0.0025447884
17906,0.0073861973
18006,0.008708723
18106,0.0065604104
18206,0.0024104984
18406,0.002573228
18506,0.004906291
18706,0.0065724775
18806,0.0050604576
19106,0.0034089878
19506,0.0026101433
19606,0.002318109
19706,0.0016986165
19806,0.0075259525
20706,0.03354787
20806,0.006284939
20906,0.03794181
21106,0.11813178
21206,0.08774117
21406,0.026776332
21806,0.38535714
22006,0.014337599
22306,0.0030463755
22406,0.1100069
22506,0.08101018
22606,0.10838634
22906,0.007026244
23006,0.0017460297
23206,0.01255785
23306,0.09506632
23606,0.020573005
23706,0.051894743
23806,0.0028023326
23906,0.004478767
24106,0.010383256
24206,0.0437598
24406,0.0024882476
24506,0.0058549633
24606,0.0011271175
24706,0.008786576
25306,0.006555764
25406,0.005586643
25806,0.005802595
26006,0.002784924
26106,0.0022459647
26206,0.033932842
26306,0.0090121655
26406,0.49019504
26606,0.014845582
26706,0.026058089
26806,0.020676259
26906,0.004145019
27006,0.0056487606
27306,0.019595467
27406,0.012754597
27506,0.005107142
27906,0.010082966
28006,0.020415304
28106,0.019721348
28306,0.04476264
28406,0.06748389
29006,0.027687192
29106,0.043784704
29306,0.12952961
29606,0.29828542
29706,0.056379214
29806,0.0111618545
29906,0.014800177
30006,0.45545346
30106,0.014840587
30306,0.032186836
30406,0.092002176
30706,0.046614237
30806,0.012702261
31106,0.028635602
31206,0.026680352
31606,0.02568023
31706,0.028888639
31806,0.012342689
31906,0.03220534
32006,0.016291847
32106,0.011919268
32806,0.008408008
33006,0.0021821419
33106,0.0011055697
33506,0.009171767
33706,0.0033793626
33806,0.005910717
33906,0.001632191
34006,0.0008618779
34206,0.0019527787
34306,0.003343913
34406,0.00069378776
34506,0.003123375
34606,0.021030068
34806,0.0006630547
35006,0.0055793035
35206,0.0077071954
35306,0.051995073
35506,0.0024963133
35606,0.0020016895
35706,0.0008242887
35906,0.010476823
36006,0.0058251433
36106,0.011656947
36606,0.0057916176
37206,0.001931794
37406,0.23378251
37506,0.17714946
37606,0.022194946
37706,0.010212865
38106,0.052913312
38206,0.16370668
38306,0.13601765
38406,0.12087152
38606,0.003977493
38806,0.024800112
39106,0.009875765
39206,0.0070713414
39306,0.10086053
39406,0.004870154
39606,0.0045165303
39706,0.0031051114
39906,0.0020975694
40006,0.0038572852
40206,0.0018337659
40506,0.010411311
40606,0.0017241609
41806,0.018590445
42006,0.0076335752
42706,0.15692165
42906,0.029303981
43606,0.022985766
44206,0.017096674
44506,0.032581035
44706,0.011767536
44906,0.043533698
45206,0.6666465
45306,0.0027406134
45506,0.031906024
45606,0.12928899
46106,0.0063888025
46306,0.035092622
46506,0.0050601694
46906,0.0024173558
47006,0.0023846799
47106,0.004961832
47206,0.01949201
47306,0.06367416
47606,0.011607804
47706,0.035024844
47806,0.04838235
47906,0.004579993
48206,0.007794388
48606,0.023974203
48706,0.0007383459
49106,0.003971608
49206,0.05283605
49606,0.0079086805
49706,0.003080487
49906,0.007943725
50106,0.0052953893
50306,0.0039633964
50406,0.012797639
50606,0.0070276763
50806,0.009283297
50906,0.005858255
51006,0.013747607
51206,0.0011953837
51606,0.024676569
51806,0.032167945
52006,0.012274558
52106,0.010124655
52506,0.027209735
52606,0.040471297
52706,0.027462976
53206,0.016681524
53306,0.25449425
53406,0.004368549
53606,0.018221192
53906,0.030637225
54106,0.008657444
54206,0.3080032
54306,0.09979868
54406,0.0362461
54606,0.01817887
55006,0.0060730283
55206,0.005642852
55406,0.004368036
55506,0.008663407
55606,0.0028749297
56206,0.0042747543
56506,0.011542697
56706,0.0036303187
56806,0.015202741
57006,0.0029115786
57106,0.0035800477
57206,0.005475693
57306,0.019317394
57506,0.0037123293
57906,0.009758208
58006,0.004002521
58206,0.010923723
58306,0.0025200828
58506,0.001080322
58906,0.0106712915
59106,0.007682667
59206,0.007682909
59506,0.0013349494
59606,0.0038676483
59806,0.023889702
59906,0.01944424
60406,0.002476667
60506,0.0760288
60806,0.018311467
61106,0.04753022
61306,0.002836889
61406,0.012867476
61706,0.009948895
62106,0.09640988
62406,0.16929331
62706,0.07419146
62806,0.011654478
63506,0.005519573
63606,0.099671416
63706,0.10759437
63806,0.06047618
63906,0.0019961384
64306,0.0490464
64406,0.052694842
7,0.023817936
107,0.016167507
407,0.018959993
607,0.027751148
707,0.10843037
1007,0.0638399
1207,0.009785799
1707,0.037730422
2207,0.08084816
2707,0.041856214
2807,0.03298726
2907,0.032771185
3007,0.05463421
3107,0.05627232
3207,0.02661378
3307,0.017938064
3407,0.06484945
3707,0.056092206
4007,0.005826446
4107,0.027317623
4207,0.13910218
4407,0.12075876
4707,0.0038142095
4807,0.03949855
4907,0.19789416
5107,0.006386961
5207,0.10190733
5707,0.1806758
5907,0.033639967
6207,0.31444043
6307,0.0910348
6507,0.09488235
6607,0.05423475
6807,0.04899609
6907,0.0683432
7007,0.055898793
7207,0.07151063
7407,0.025952213
7507,0.03779028
7707,0.06420887
7907,0.14941989
8107,0.016582154
8207,0.12783436
8307,0.1933441
8407,0.12533478
8507,0.040667143
8607,0.069521226
8707,0.017806407
8907,0.038880747
9007,0.055159613
9207,0.14316548
9507,0.093406215
9807,0.018553238
9907,0.017230703
10107,0.2037444
10407,0.24849002
10507,0.08806538
10607,0.048985936
10707,0.1992021
10907,0.14732745
11207,0.032341324
11307,0.09681868
11707,0.04057035
11907,0.07958222
12107,0.108137116
12407,0.025696017
12707,0.095732436
12907,0.023624659
13007,0.057736658
13407,0.08034085
13507,0.018124579
13607,0.089213304
13707,0.12654501
13907,0.17418523
14307,0.094835185
14407,0.02047413
15407,0.018535964
15607,0.05212263
15707,0.082203604
15807,0.19131744
15907,0.05579267
16107,0.024125837
16207,0.12773548
16307,0.03640543
16407,0.03495071
16507,0.0062178527
16607,0.014025539
17007,0.17803639
17107,0.11130867
17207,0.044014685
17307,0.08518353
17407,0.019511715
17607,0.022880947
17707,0.022765102
17907,0.14519447
18007,0.0471704
18107,0.06689331
18207,0.090156294
18407,0.06734959
18507,0.029923152
18707,0.05803742
18807,0.10634053
19107,0.029295832
19507,0.014840868
19607,0.04665092
19707,0.010030926
19807,0.11887255
20707,0.08721111
20807,0.013894311
20907,0.033131912
21107,0.0854545
21207,0.32590383
21407,0.042588525
21807,0.0607387
22007,0.02640966
22307,0.23802719
22407,0.04467126
22507,0.05546508
22607,0.0513588
22907,0.13948676
23007,0.04325774
23207,0.03201125
23307,0.24586032
23607,0.14659235
23707,0.1629081
23807,0.046638668
23907,0.106170036
24107,0.08011861
24207,0.04688276
24407,0.04454358
24507,0.07656077
24607,0.01741536
24707,0.026884232
25307,0.06464388
25407,0.03814482
25807,0.004507262
26007,0.0036314793
26107,0.030770922
26207,0.082535245
26307,0.06371332
26407,0.07274484
26607,0.02326333
26707,0.08671508
26807,0.13158605
26907,0.035248134
27007,0.016033687
27307,0.032455478
27407,0.025137426
27507,0.035460494
27907,0.014478731
28007,0.23818535
28107,0.008781335
28307,0.19927658
28407,0.17981479
29007,0.0073923203
29107,0.050215006
29307,0.084589176
29607,0.14777736
29707,0.022016514
29807,0.032608513
29907,0.010554562
30007,0.10716773
30107,0.019862026
30307,0.04199723
30407,0.07289791
30707,0.032616984
30807,0.109816164
31107,0.011752621
31207,0.2064962
31607,0.16634248
31707,0.0197627
31807,0.053130876
31907,0.2693311
32007,0.044310987
32107,0.084761225
32807,0.02977637
33007,0.0470655
33107,0.015816841
33507,0.04742393
33707,0.075380355
33807,0.0536347
33907,0.02461738
34007,0.01100129
34207,0.08804046
34307,0.0152842505
34407,0.016360639
34507,0.027926313
34607,0.07916744
34807,0.021806678
35007,0.032123458
35207,0.063333966
35307,0.017408872
35507,0.026293537
35607,0.030398576
35707,0.00056598906
35907,0.026551118
36007,0.007658486
36107,0.14779517
36607,0.006547203
37207,0.01967098
37407,0.020117784
37507,0.1752766
37607,0.041957382
37707,0.036541436
38107,0.055908825
38207,0.060743336
38307,0.24176544
38407,0.08153547
38607,0.030211074
38807,0.01731266
39107,0.036183637
39207,0.13450786
39307,0.06701092
39407,0.08008034
39607,0.13663192
39707,0.55790216
39907,0.0512129
40007,0.14967051
40207,0.009397516
40507,0.20677891
40607,0.023700612
41807,0.015789185
42007,0.0451364
42707,0.08605096
42907,0.05371857
43607,0.024790086
44207,0.028257474
44507,0.34256294
44707,0.0130076315
44907,0.023169298
45207,0.025382336
45307,0.04201501
45507,0.097714536
45607,0.21889865
46107,0.005860062
46307,0.025328752
46507,0.0072558983
46907,0.044870693
47007,0.051231667
47107,0.0015557805
47207,0.09419729
47307,0.079691865
47607,0.06638767
47707,0.03508673
47807,0.09086076
47907,0.09575443
48207,0.02897812
48607,0.03353207
48707,0.008303895
49107,0.030103272
49207,0.04277088
49607,0.13142812
49707,0.019411106
49907,0.04218972
50107,0.038683403
50307,0.04341672
50407,0.09832321
50607,0.15739998
50807,0.062429655
50907,0.029926892
51007,0.023581909
51207,0.05027992
51607,0.30926073
51807,0.25025538
52007,0.11469718
52107,0.02430261
52507,0.36308673
52607,0.11283546
52707,0.0009789275
53207,0.23241483
53307,0.08620754
53407,0.010535762
53607,0.083877064
53907,0.012451524
54107,0.023673806
54207,0.09611985
54307,0.09047142
54407,0.061926074
54607,0.02997172
55007,0.038973067
55207,0.14394507
55407,0.2427351
55507,0.048756827
55607,0.012389162
56207,0.09550709
56507,0.03959176
56707,0.061649468
56807,0.117045686
57007,0.024971982
57107,0.013858371
57207,0.16336179
57307,0.22981206
57507,0.007974697
57907,0.09166401
58007,0.028680794
58207,0.013605046
58307,0.14184892
58507,0.027143542
58907,0.016307045
59107,0.00909651
59207,0.14615953
59507,0.009510473
59607,0.019644823
59807,0.013890446
59907,0.032983378
60407,0.07700943
60507,0.067227446
60807,0.08545797
61107,0.029607762
61307,0.0013335457
61407,0.049996883
61707,0.009176009
62107,0.037690524
62407,0.16394803
62707,0.10764677
62807,0.026442107
63507,0.005252009
63607,0.05337161
63707,0.08117692
63807,0.042963937
63907,0.018093392
64307,0.18345672
64407,0.19540308
8,0.11346067
108,0.20739849
408,0.019210093
608,0.02610152
708,0.11943418
1008,0.019002639
1208,0.04455927
1708,0.08144464
2208,0.041619882
2708,0.051134303
2808,0.04099296
2908,0.018646372
3008,0.01826817
3108,0.023041546
3208,0.029007938
3308,0.006166661
3408,0.020801378
3708,0.033370703
4008,0.00267134
4108,0.02303639
4208,0.0065861098
4408,0.030877084
4708,0.0044797054
4808,0.02556197
4908,0.020888748
5108,0.015888948
5208,0.020924872
5708,0.00701148
5908,0.103067085
6208,0.022040468
6308,0.16791044
6508,0.17644651
6608,0.16726403
6808,0.028591942
6908,0.057400957
7008,0.04828854
7208,0.016110247
7408,0.083301574
7508,0.049856633
7708,0.044570204
7908,0.09193198
8108,0.040524084
8208,0.010776342
8308,0.018149579
8408,0.08635518
8508,0.13378261
8608,0.14530788
8708,0.25431368
8908,0.55841416
9008,0.35965115
9208,0.15699688
9508,0.048670568
9808,0.03427772
9908,0.09610231
10108,0.02295319
10408,0.024525639
10508,0.25202635
10608,0.19492282
10708,0.09501708
10908,0.08263103
11208,0.056444686
11308,0.016726641
11708,0.016999803
11908,0.11963846
12108,0.02752305
12408,0.10351665
12708,0.020561498
12908,0.007355733
13008,0.10842043
13408,0.13608712
13508,0.14853927
13608,0.04467847
13708,0.055701204
13908,0.03235376
14308,0.023027591
14408,0.2121274
15408,0.07186897
15608,0.21674116
15708,0.027347803
15808,0.052588932
15908,0.02207852
16108,0.04942075
16208,0.055787914
16308,0.1558569
16408,0.17166264
16508,0.0057115713
16608,0.021828514
17008,0.05877531
17108,0.04767958
17208,0.05982411
17308,0.039713804
17408,0.008640579
17608,0.09090712
17708,0.035951216
17908,0.13541697
18008,0.17913668
18108,0.031500142
18208,0.04174125
18408,0.010186993
18508,0.087929
18708,0.080609344
18808,0.105825484
19108,0.04185977
19508,0.05807222
19608,0.012447561
19708,0.047851715
19808,0.030271998
20708,0.011260585
20808,0.11248208
20908,0.07208608
21108,0.046676036
21208,0.005576925
21408,0.1361993
21808,0.013430699
22008,0.025018897
22308,0.0043529873
22408,0.059885472
22508,0.11050144
22608,0.026792444
22908,0.008064122
23008,0.019292135
23208,0.04867176
23308,0.020212445
23608,0.020647084
23708,0.007852304
23808,0.026770147
23908,0.016752515
24108,0.034936838
24208,0.041010685
24408,0.051266447
24508,0.068705395
24608,0.0233207
24708,0.049283896
25308,0.022343328
25408,0.04299639
25808,0.18785816
26008,0.095975645
26108,0.20753327
26208,0.016815674
26308,0.054253858
26408,0.059474044
26608,0.29349107
26708,0.10254787
26808,0.07268393
26908,0.15582757
27008,0.28688154
27308,0.24732433
27408,0.10322511
27508,0.04515692
27908,0.19073254
28008,0.042546242
28108,0.2747067
28308,0.033888698
28408,0.0133322915
29008,0.16273302
29108,0.037466206
29308,0.08988028
29608,0.036392868
29708,0.1605664
29808,0.10045202
29908,0.022580212
30008,0.008456293
30108,0.1740858
30308,0.025858076
30408,0.020630741
30708,0.21817298
30808,0.035170462
31108,0.15113014
31208,0.027894817
31608,0.029772177
31708,0.14717321
31808,0.090525806
31908,0.015747862
32008,0.014208495
32108,0.17987625
32808,0.056003038
33008,0.03706407
33108,0.016092272
33508,0.057574622
33708,0.08551775
33808,0.13786447
33908,0.07998977
34008,0.01712603
34208,0.01125871
34308,0.065638795
34408,0.014285424
34508,0.065971404
34608,0.05531067
34808,0.013543399
35008,0.015730564
35208,0.024023857
35308,0.0440368
35508,0.02255538
35608,0.020384781
35708,0.0073944805
35908,0.04856011
36008,0.07114113
36108,0.0765508
36608,0.17760552
37208,0.010681591
37408,0.008207806
37508,0.0060490184
37608,0.0695817
37708,0.11070604
38108,0.01881139
38208,0.04703284
38308,0.05516714
38408,0.004980245
38608,0.055230465
38808,0.037308704
39108,0.021727849
39208,0.008333865
39308,0.019804949
39408,0.041115783
39608,0.026011515
39708,0.053657643
39908,0.053412367
40008,0.101216465
40208,0.059878707
40508,0.01040729
40608,0.04765806
41808,0.098059624
42008,0.09366591
42708,0.011104501
42908,0.28559944
43608,0.16359802
44208,0.17920057
44508,0.014124422
44708,0.19659461
44908,0.059337262
45208,0.004620932
45308,0.024383055
45508,0.042040158
45608,0.0196194
46108,0.019514265
46308,0.091302186
46508,0.38270256
46908,0.037593257
47008,0.18903829
47108,0.38538194
47208,0.06390966
47308,0.078170866
47608,0.021258522
47708,0.08451709
47808,0.009090701
47908,0.014252522
48208,0.05549929
48608,0.11241379
48708,0.014755403
49108,0.08443843
49208,0.015750201
49608,0.033237007
49708,0.09659093
49908,0.05473014
50108,0.11429557
50308,0.083917506
50408,0.031555705
50608,0.0169889
50808,0.05921026
50908,0.114327796
51008,0.048351284
51208,0.034735043
51608,0.0067610876
51808,0.019731829
52008,0.026286718
52108,0.08597599
52508,0.010133706
52608,0.05201326
52708,0.0006769057
53208,0.015990742
53308,0.009744101
53408,0.0032162182
53608,0.009891535
53908,0.03100281
54108,0.3287235
54208,0.012577748
54308,0.044170637
54408,0.13892095
54608,0.2087921
55008,0.08018683
55208,0.107952625
55408,0.018875282
55508,0.08811365
55608,0.056649096
56208,0.09701621
56508,0.097263835
56708,0.039104883
56808,0.04190332
57008,0.08717693
57108,0.21262862
57208,0.02793182
57308,0.014009872
57508,0.021366278
57908,0.05141953
58008,0.05169183
58208,0.16011149
58308,0.022742089
58508,0.0887669
58908,0.07938185
59108,0.3827908
59208,0.09241255
59508,0.48290583
59608,0.081633516
59808,0.051955905
59908,0.019451771
60408,0.23782468
60508,0.035060015
60808,0.11505604
61108,0.23890875
61308,0.47575825
61408,0.13077697
61708,0.019422257
62108,0.037574485
62408,0.033053175
62708,0.01061583
62808,0.1541372
63508,0.28170067
63608,0.014517094
63708,0.008273151
63808,0.056167863
63908,0.051385414
64308,0.021416716
64408,0.013191148
9,0.016138539
109,0.012797399
409,0.0065353266
609,0.12840453
709,0.114074156
1009,0.031012058
1209,0.011501946
1709,0.049731314
2209,0.052912597
2709,0.0101158
2809,0.047434587
2909,0.11251565
3009,0.08004879
3109,0.006723961
3209,0.028517159
3309,0.1347685
3409,0.033722963
3709,0.023184262
4009,0.0135631235
4109,0.12654923
4209,0.009205261
4409,0.032953944
4709,0.022072937
4809,0.0724916
4909,0.023658942
5109,0.09644361
5209,0.1269869
5709,0.011715448
5909,0.20173837
6209,0.0074869636
6309,0.08411
6509,0.062198576
6609,0.02886287
6809,0.043426756
6909,0.0065434817
7009,0.017643534
7209,0.008135623
7409,0.004306119
7509,0.051964916
7709,0.011989687
7909,0.013502932
8109,0.19466224
8209,0.05463547
8309,0.03113497
8409,0.06381374
8509,0.09686424
8609,0.09960396
8709,0.034445394
8909,0.06406088
9009,0.09158446
9209,0.08132079
9509,0.032615766
9809,0.11352214
9909,0.16565877
10109,0.007852607
10409,0.078238994
10509,0.11361677
10609,0.005033858
10709,0.0019835914
10909,0.07190268
11209,0.04121887
11309,0.0066948687
11709,0.0058607766
11909,0.11380867
12109,0.08382826
12409,0.09667811
12709,0.030008174
12909,0.56211793
13009,0.0035840734
13409,0.02463067
13509,0.09425658
13609,0.036438014
13709,0.035137147
13909,0.004740461
14309,0.08135484
14409,0.015099168
15409,0.078693874
15609,0.1624078
15709,0.031983923
15809,0.01562713
15909,0.008853711
16109,0.010713691
16209,0.17735782
16309,0.0033017125
16409,0.011534279
16509,0.004850816
16609,0.027302166
17009,0.21118566
17109,0.021817693
17209,0.119975194
17309,0.006174871
17409,0.0072913617
17609,0.025357455
17709,0.32030895
17909,0.04111592
18009,0.03169241
18109,0.007274518
18209,0.004854573
18409,0.0035446766
18509,0.022879558
18709,0.018511407
18809,0.017861683
19109,0.13298585
19509,0.05917383
19609,0.017953003
19709,0.035925377
19809,0.019660106
20709,0.0357558
20809,0.026366202
20909,0.013592555
21109,0.030933669
21209,0.005525992
21409,0.32732123
21809,0.031823542
22009,0.056116916
22309,0.00077923905
22409,0.023979606
22509,0.10113148
22609,0.03784858
22909,0.006295222
23009,0.004539329
23209,0.002889094
23309,0.0107058035
23609,0.045791246
23709,0.01886168
23809,0.020883903
23909,0.0738899
24109,0.02319935
24209,0.04005268
24409,0.012256539
24509,0.024688458
24609,0.0035014108
24709,0.16600071
25309,0.013285897
25409,0.0052974317
25809,0.03445093
26009,0.027598701
26109,0.3790776
26209,0.039659075
26309,0.1260251
26409,0.0016336663
26609,0.1696052
26709,0.027253926
26809,0.029241227
26909,0.060911827
27009,0.02346945
27309,0.020409143
27409,0.017489275
27509,0.014434628
27909,0.011883113
28009,0.028167633
28109,0.041615408
28309,0.083490744
28409,0.13005322
29009,0.023864808
29109,0.17748319
29309,0.047101416
29609,0.00708603
29709,0.020046886
29809,0.08441707
29909,0.015763847
30009,0.01562303
30109,0.055518705
30309,0.043192662
30409,0.0550857
30709,0.017620001
30809,0.023306338
31109,0.015190953
31209,0.065033436
31609,0.00966822
31709,0.02996957
31809,0.049528427
31909,0.040186305
32009,0.038635537
32109,0.024743052
32809,0.27490166
33009,0.027500406
33109,0.017752241
33509,0.058985595
33709,0.03647284
33809,0.046508197
33909,0.0020654416
34009,0.010845956
34209,0.0034939563
34309,0.04339485
34409,0.0029269662
34509,0.008713828
34609,0.017641835
34809,0.0015620955
35009,0.03323601
35209,0.0108220745
35309,0.038796045
35509,0.069078654
35609,0.041563082
35709,0.009426699
35909,0.039978124
36009,0.06702603
36109,0.03033177
36609,0.031341955
37209,0.2137615
37409,0.028188981
37509,0.008786987
37609,0.30555132
37709,0.515115
38109,0.06137416
38209,0.048843812
38309,0.062781505
38409,0.08998755
38609,0.061072428
38809,0.09846471
39109,0.018198885
39209,0.0069713276
39309,0.042019203
39409,0.024788672
39609,0.012418069
39709,0.030012676
39909,0.020330124
40009,0.017501513
40209,0.079491444
40509,0.0062391837
40609,0.08293046
41809,0.031170456
42009,0.09986872
42709,0.010793769
42909,0.0036157386
43609,0.017430471
44209,0.026591066
44509,0.0047937213
44709,0.020308029
44909,0.35097525
45209,0.0030658732
45309,0.0034225064
45509,0.018642167
45609,0.08667979
46109,0.011693429
46309,0.047560506
46509,0.010943608
46909,0.014570484
47009,0.056204624
47109,0.002983312
47209,0.018467054
47309,0.121472515
47609,0.094818406
47709,0.16853559
47809,0.12506153
47909,0.012005792
48209,0.035138626
48609,0.013627283
48709,0.0071441154
49109,0.04909418
49209,0.067669734
49609,0.011212303
49709,0.013390357
49909,0.021561746
50109,0.052628107
50309,0.010145636
50409,0.013850191
50609,0.0048623057
50809,0.0074745202
50909,0.029499313
51009,0.068364084
51209,0.003912883
51609,0.0112145925
51809,0.05002366
52009,0.056964964
52109,0.037978277
52509,0.002898617
52609,0.08909311
52709,0.632737
53209,0.010792624
53309,0.012457583
53409,0.120294616
53609,0.056521766
53909,0.1488405
54109,0.03353029
54209,0.09733741
54309,0.14605442
54409,0.08352263
54609,0.005245443
55009,0.080101505
55209,0.049895093
55409,0.019627694
55509,0.011520349
55609,0.002100455
56209,0.13344191
56509,0.15312526
56709,0.011826131
56809,0.008934555
57009,0.043767817
57109,0.045616325
57209,0.12814434
57309,0.004934934
57509,0.11109322
57909,0.04499837
58009,0.059949018
58209,0.046326715
58309,0.012903327
58509,0.5414013
58909,0.0024064265
59109,0.077574134
59209,0.01854666
59509,0.028423041
59609,0.2160325
59809,0.03571017
59909,0.06426942
60409,0.008477177
60509,0.015547168
60809,0.06926327
61109,0.0059151575
61309,0.007986526
61409,0.03506306
61709,0.05894004
62109,0.011899094
62409,0.03729634
62709,0.24069017
62809,0.068411835
63509,0.011242904
63609,0.009785092
63709,0.014696089
63809,0.15850696
63909,0.025339551
64309,0.09503852
64409,0.011071372
10,0.35117683
110,0.26558542
410,0.24299993
610,0.4213486
710,0.3159917
1010,0.6404513
1210,0.5224014
1710,0.42659608
2210,0.3192742
2710,0.06106182
2810,0.5770598
2910,0.47147667
3010,0.47886682
3110,0.2161254
3210,0.30005676
3310,0.0789103
3410,0.6698763
3710,0.06659661
4010,0.10613855
4110,0.07414439
4210,0.37597576
4410,0.42052978
4710,0.11444218
4810,0.2019036
4910,0.16768566
5110,0.1894361
5210,0.2585963
5710,0.47503668
5910,0.29169264
6210,0.21681947
6310,0.059142407
6510,0.05716466
6610,0.06717163
6810,0.20558594
6910,0.05503358
7010,0.18590721
7210,0.11707726
7410,0.109171994
7510,0.38814482
7710,0.3209172
7910,0.24764451
8110,0.4749304
8210,0.5480247
8310,0.5351224
8410,0.3296915
8510,0.5041549
8610,0.28105065
8710,0.237016
8910,0.1343128
9010,0.22550559
9210,0.31569678
9510,0.32631764
9810,0.19554336
9910,0.11429095
10110,0.5387222
10410,0.26606423
10510,0.14208502
10610,0.15783985
10710,0.06411306
10910,0.04213502
11210,0.49447224
11310,0.18544215
11710,0.060513318
11910,0.09541961
12110,0.30450475
12410,0.23874715
12710,0.39330417
12910,0.25587678
13010,0.120009534
13410,0.08464015
13510,0.17184478
13610,0.095665
13710,0.112802275
13910,0.099103175
14310,0.09872259
14410,0.41050097
15410,0.38483176
15610,0.04598647
15710,0.4464031
15810,0.37777945
15910,0.5711367
16110,0.23257618
16210,0.29618603
16310,0.09234395
16410,0.26080042
16510,0.23600803
16610,0.4597097
17010,0.07129012
17110,0.56880295
17210,0.47770736
17310,0.6585622
17410,0.39651978
17610,0.43165883
17710,0.32458666
17910,0.23468664
18010,0.3348306
18110,0.106222294
18210,0.13815853
18410,0.3494399
18510,0.46133307
18710,0.04957707
18810,0.3281124
19110,0.19882432
19510,0.63159543
19610,0.21590118
19710,0.110615514
19810,0.07551078
20710,0.2533952
20810,0.3340085
20910,0.44284394
21110,0.06704153
21210,0.47305617
21410,0.05550943
21810,0.13929406
22010,0.397262
22310,0.0031733308
22410,0.366736
22510,0.035596162
22610,0.33302742
22910,0.036292434
23010,0.106783465
23210,0.050671246
23310,0.26000872
23610,0.35873097
23710,0.6027125
23810,0.39408398
23910,0.59878457
24110,0.41901994
24210,0.39761052
24410,0.2650477
24510,0.12578432
24610,0.033119567
24710,0.5374327
25310,0.40296823
25410,0.07594195
25810,0.3407975
26010,0.10085868
26110,0.17772937
26210,0.42059729
26310,0.110834755
26410,0.20042382
26610,0.034012772
26710,0.10574432
26810,0.083737455
26910,0.3355291
27010,0.13077143
27310,0.32807314
27410,0.1717398
27510,0.05544081
27910,0.10319791
28010,0.1374438
28110,0.34169033
28310,0.13799825
28410,0.26154125
29010,0.41488203
29110,0.19816603
29310,0.033032186
29610,0.28060058
29710,0.08344267
29810,0.2626017
29910,0.037665516
30010,0.24656229
30110,0.27105588
30310,0.13288131
30410,0.1753773
30710,0.34016782
30810,0.33983776
31110,0.41193938
31210,0.32162538
31610,0.38461155
31710,0.33354872
31810,0.38506934
31910,0.32607138
32010,0.18380746
32110,0.31199032
32810,0.397453
33010,0.5087829
33110,0.5672232
33510,0.46082643
33710,0.2688952
33810,0.35050464
33910,0.046921805
34010,0.24013484
34210,0.18842362
34310,0.5314017
34410,0.11188148
34510,0.08161078
34610,0.3509194
34810,0.16563056
35010,0.6230669
35210,0.13396609
35310,0.32286757
35510,0.5809206
35610,0.7200906
35710,0.01978347
35910,0.35140345
36010,0.30931124
36110,0.49257463
36610,0.17622374
37210,0.03648751
37410,0.55874246
37510,0.5478494
37610,0.30320466
37710,0.1246895
38110,0.35212258
38210,0.15181623
38310,0.03360276
38410,0.5872261
38610,0.23107101
38810,0.14723426
39110,0.17925754
39210,0.052343518
39310,0.2856512
39410,0.105812475
39610,0.12978952
39710,0.019229785
39910,0.47234538
40010,0.20556486
40210,0.52280545
40510,0.29565778
40610,0.46515378
41810,0.3247851
42010,0.2044309
42710,0.40379176
42910,0.08094619
43610,0.38262343
44210,0.054053694
44510,0.5284993
44710,0.10469995
44910,0.048138794
45210,0.20991145
45310,0.024625896
45510,0.26272437
45610,0.19189507
46110,0.0361554
46310,0.0841282
46510,0.31227976
46910,0.5331531
47010,0.21563089
47110,0.2425555
47210,0.40812027
47310,0.17507496
47610,0.1367965
47710,0.16475809
47810,0.23020501
47910,0.68034893
48210,0.45257184
48610,0.4107996
48710,0.21620567
49110,0.3155048
49210,0.4218462
49610,0.46332616
49710,0.088418394
49910,0.5678356
50110,0.3800604
50310,0.07904904
50410,0.08628644
50610,0.1924426
50810,0.036637165
50910,0.32823154
51010,0.26906973
51210,0.07488508
51610,0.15377994
51810,0.22083461
52010,0.11472524
52110,0.09609524
52510,0.51661956
52610,0.34986046
52710,0.2648438
53210,0.051385753
53310,0.43060923
53410,0.026537465
53610,0.25457868
53910,0.3081638
54110,0.12653486
54210,0.31303984
54310,0.34631267
54410,0.08741915
54610,0.0839829
55010,0.25652748
55210,0.11697364
55410,0.12695605
55510,0.23694405
55610,0.07212972
56210,0.30471745
56510,0.39407942
56710,0.4883488
56810,0.3533803
57010,0.4776305
57110,0.4077858
57210,0.41393787
57310,0.40930462
57510,0.2543962
57910,0.27811164
58010,0.33385816
58210,0.28139558
58310,0.039137747
58510,0.19210237
58910,0.07224891
59110,0.10844431
59210,0.35923013
59510,0.09826186
59610,0.33840162
59810,0.25959912
59910,0.34801388
60410,0.18345211
60510,0.58108103
60810,0.048725925
61110,0.23480617
61310,0.13358682
61410,0.36004084
61710,0.07354461
62110,0.42846832
62410,0.09947261
62710,0.3847609
62810,0.2508512
63510,0.26579544
63610,0.3751911
63710,0.28020185
63810,0.10327436
63910,0.50637484
64310,0.2440554
64410,0.5150945
11,0.0022890072
111,0.042178117
411,0.30589885
611,0.022852434
711,0.015270843
1011,0.016453743
1211,0.06804846
1711,0.0450498
2211,0.013143658
2711,0.01567584
2811,0.039721284
2911,0.03852147
3011,0.019406881
3111,0.14066206
3211,0.030103212
3311,0.021865083
3411,0.020872952
3711,0.028541774
4011,0.0022186288
4111,0.013307506
4211,0.0060028974
4411,0.016781257
4711,0.0025449863
4811,0.07904679
4911,0.0033603006
5111,0.0033236186
5211,0.012963368
5711,0.0066309394
5911,0.021334106
6211,0.018009251
6311,0.040997803
6511,0.018799057
6611,0.03552112
6811,0.024251306
6911,0.03248867
7011,0.013119303
7211,0.059265964
7411,0.0013240299
7511,0.03700713
7711,0.0110893
7911,0.009252273
8111,0.012570839
8211,0.027884914
8311,0.006686402
8411,0.027805924
8511,0.008982846
8611,0.022971485
8711,0.017200755
8911,0.005471123
9011,0.006150465
9211,0.008450022
9511,0.032665793
9811,0.030033613
9911,0.013285033
10111,0.0040021953
10411,0.0149055375
10511,0.01571443
10611,0.0022224959
10711,0.0006879422
10911,0.017424839
11211,0.009426151
11311,0.019793725
11711,0.07492969
11911,0.048593983
12111,0.02542144
12411,0.024863163
12711,0.02074264
12911,0.0034503946
13011,0.0030743806
13411,0.020679057
13511,0.075752966
13611,0.013299132
13711,0.023002014
13911,0.0019364305
14311,0.030737204
14411,0.011975838
15411,0.01914465
15611,0.043770675
15711,0.0116371205
15811,0.0047120736
15911,0.0074802996
16111,0.20976797
16211,0.018201038
16311,0.033482548
16411,0.025981102
16511,0.3553312
16611,0.007440769
17011,0.010683518
17111,0.021909924
17211,0.06265648
17311,0.019602157
17411,0.13210307
17611,0.022797607
17711,0.024754306
17911,0.030722233
18011,0.016774852
18111,0.06874956
18211,0.0134855425
18411,0.004783249
18511,0.014698079
18711,0.07201841
18811,0.016753886
19111,0.08606835
19511,0.020723594
19611,0.027943099
19711,0.018466862
19811,0.046074323
20711,0.06901845
20811,0.006110868
20911,0.021279676
21111,0.08432829
21211,0.006667189
21411,0.010308376
21811,0.02777363
22011,0.041157953
22311,0.0001891635
22411,0.023485478
22511,0.012534574
22611,0.019924393
22911,0.016848208
23011,0.03358459
23211,0.003911944
23311,0.012191525
23611,0.004473862
23711,0.0068579502
23811,0.016275138
23911,0.008083198
24111,0.039071333
24211,0.019530602
24411,0.010007714
24511,0.0924736
24611,0.023132762
24711,0.0042104474
25311,0.13114278
25411,0.0016751596
25811,0.021680601
26011,0.01868223
26111,0.010148828
26211,0.03209888
26311,0.015865488
26411,0.00048583208
26611,0.05697436
26711,0.07458547
26811,0.033673108
26911,0.034696516
27011,0.016291691
27311,0.006080993
27411,0.23922005
27511,0.12877299
27911,0.043405883
28011,0.01587431
28111,0.035262223
28311,0.028099043
28411,0.018763414
29011,0.014599374
29111,0.03562253
29311,0.051448192
29611,0.0035437506
29711,0.087538995
29811,0.03170638
29911,0.016326645
30011,0.0035226783
30111,0.03335435
30311,0.08759662
30411,0.014837698
30711,0.016368868
30811,0.03316381
31111,0.035370685
31211,0.021918612
31611,0.0038599924
31711,0.015937611
31811,0.01610018
31911,0.016532304
32011,0.030000912
32111,0.03337141
32811,0.022340778
33011,0.04775854
33111,0.1459687
33511,0.033688113
33711,0.03366284
33811,0.040295426
33911,0.026464194
34011,0.030030254
34211,0.0037901842
34311,0.013659888
34411,0.018668648
34511,0.013155371
34611,0.0041093654
34811,0.016709255
35011,0.011860293
35211,0.036670525
35311,0.028656844
35511,0.023610758
35611,0.013656143
35711,0.0049608983
35911,0.039344545
36011,0.007810634
36111,0.012183926
36611,0.075184286
37211,0.008999631
37411,0.0076309955
37511,0.004549274
37611,0.008819479
37711,0.008786099
38111,0.028665118
38211,0.0050308565
38311,0.017294716
38411,0.003916879
38611,0.08227337
38811,0.015269073
39111,0.015879977
39211,0.012195467
39311,0.034272447
39411,0.041215695
39611,0.005670595
39711,0.004675239
39911,0.0121200895
40011,0.016220037
40211,0.031709086
40511,0.01945038
40611,0.0223336
41811,0.05399105
42011,0.018375278
42711,0.031202063
42911,0.0025160366
43611,0.049360376
44211,0.070586
44511,0.001697374
44711,0.18910782
44911,0.0047812173
45211,0.003436375
45311,0.0007338418
45511,0.10917362
45611,0.0062202327
46111,0.0037830675
46311,0.047492575
46511,0.032908596
46911,0.01590596
47011,0.06720896
47111,0.0062983576
47211,0.024425002
47311,0.023420548
47611,0.014864696
47711,0.02401073
47811,0.030604966
47911,0.0031535383
48211,0.056147877
48611,0.046348017
48711,0.35532656
49111,0.009863659
49211,0.03655992
49611,0.08281046
49711,0.2377504
49911,0.015216941
50111,0.037738606
50311,0.019378383
50411,0.0072610937
50611,0.005257536
50811,0.04449166
50911,0.015895788
51011,0.015606355
51211,0.00484199
51611,0.015182096
51811,0.013919902
52011,0.093312606
52111,0.19793852
52511,0.0015843459
52611,0.015412265
52711,0.0017662705
53211,0.0071005574
53311,0.018845258
53411,0.0045734877
53611,0.10655111
53911,0.04678285
54111,0.019077776
54211,0.0040761447
54311,0.01074295
54411,0.040110588
54611,0.007923733
55011,0.0705353
55211,0.009272169
55411,0.009431995
55511,0.07166222
55611,0.0013525708
56211,0.010690023
56511,0.013382921
56711,0.009040631
56811,0.04975233
57011,0.0075861244
57111,0.01250917
57211,0.01611257
57311,0.015707515
57511,0.0410804
57911,0.011393622
58011,0.0106816115
58211,0.027520087
58311,0.0027016953
58511,0.0139893135
58911,0.0025509342
59111,0.0815231
59211,0.010934298
59511,0.051539287
59611,0.023062635
59811,0.04337966
59911,0.069228515
60411,0.012267696
60511,0.006332313
60811,0.088514194
61111,0.0070460644
61311,0.03530061
61411,0.040392574
61711,0.024000539
62111,0.03013606
62411,0.008673246
62711,0.004213727
62811,0.017401485
63511,0.017402973
63611,0.07852114
63711,0.06288113
63811,0.032559495
63911,0.014482239
64311,0.022499375
64411,0.016393913
12,0.0038219385
112,0.022595216
412,0.021367118
612,0.043745473
712,0.032086086
1012,0.0021802085
1212,0.008015213
1712,0.022124697
2212,0.0044436497
2712,0.0082266675
2812,0.010061501
2912,0.0038548552
3012,0.031980507
3112,0.052335545
3212,0.034899116
3312,0.18200289
3412,0.0035554625
3712,0.0013204304
4012,0.005407965
4112,0.17825878
4212,0.0046185157
4412,0.00811529
4712,0.009046544
4812,0.047821086
4912,0.0047547584
5112,0.013063145
5212,0.012948016
5712,0.009097431
5912,0.052234195
6212,0.025948772
6312,0.053548332
6512,0.02198111
6612,0.05539198
6812,0.02685319
6912,0.19605367
7012,0.011011692
7212,0.023769392
7412,0.0019718527
7512,0.02126706
7712,0.0055539296
7912,0.029842257
8112,0.045628887
8212,0.01192981
8312,0.0035519241
8412,0.009035837
8512,0.006611008
8612,0.023171615
8712,0.017279487
8912,0.031144653
9012,0.016656844
9212,0.020552274
9512,0.007820868
9812,0.009876468
9912,0.0029035087
10112,0.0032338363
10412,0.019109743
10512,0.06786455
10612,0.0016441946
10712,0.0022275995
10912,0.03184897
11212,0.0053664804
11312,0.022114856
11712,0.05668392
11912,0.017289812
12112,0.008890041
12412,0.015293433
12712,0.041929662
12912,0.009660102
13012,0.00459919
13412,0.066564046
13512,0.043061655
13612,0.01466771
13712,0.044616777
13912,0.0038203592
14312,0.03356721
14412,0.013454752
15412,0.004069683
15612,0.043028884
15712,0.01516275
15812,0.006068079
15912,0.0054988386
16112,0.03172516
16212,0.026484838
16312,0.030729182
16412,0.058149293
16512,0.01133013
16612,0.0027883253
17012,0.05263719
17112,0.0030123265
17212,0.011556869
17312,0.010330377
17412,0.009752357
17612,0.012996122
17712,0.005145153
17912,0.015527233
18012,0.03264812
18112,0.009948019
18212,0.0029628114
18412,0.0031180603
18512,0.017442757
18712,0.009663699
18812,0.0040823244
19112,0.008828633
19512,0.008611158
19612,0.011604508
19712,0.0012070108
19812,0.010266661
20712,0.054354873
20812,0.0047663045
20912,0.008394185
21112,0.02580797
21212,0.004857362
21412,0.025473587
21812,0.021477815
22012,0.009032055
22312,0.0003798311
22412,0.028809585
22512,0.013122594
22612,0.007357264
22912,0.19936669
23012,0.012331512
23212,0.0013076282
23312,0.006351645
23612,0.008704801
23712,0.007850128
23812,0.006928369
23912,0.0027555304
24112,0.03762494
24212,0.045842268
24412,0.01965286
24512,0.03207817
24612,0.039070114
24712,0.0074002286
25312,0.013687298
25412,0.0015752207
25812,0.0039402875
26012,0.0013820963
26112,0.019197157
26212,0.024013497
26312,0.10434674
26412,0.0022627544
26612,0.013462063
26712,0.10351293
26812,0.017417097
26912,0.0064945826
27012,0.06070253
27312,0.009594296
27412,0.047393106
27512,0.03763156
27912,0.015916886
28012,0.015032658
28112,0.03046991
28312,0.057784323
28412,0.024877071
29012,0.017734895
29112,0.098364234
29312,0.058774997
29612,0.0031244485
29712,0.19408663
29812,0.0036132364
29912,0.0024109825
30012,0.005058627
30112,0.023774315
30312,0.01275029
30412,0.020703059
30712,0.061102916
30812,0.015410797
31112,0.033374537
31212,0.026704282
31612,0.0039078007
31712,0.022062892
31812,0.018133806
31912,0.02867352
32012,0.00455328
32112,0.03797255
32812,0.037245568
33012,0.009338096
33112,0.008507325
33512,0.05538112
33712,0.023442285
33812,0.032080308
33912,0.005407454
34012,0.004302261
34212,0.011466472
34312,0.01261707
34412,0.0063971584
34512,0.011442467
34612,0.003411486
34812,0.004896151
35012,0.004202374
35212,0.04172801
35312,0.08492992
35512,0.004251283
35612,0.0036209533
35712,8.260999e-05
35912,0.031337544
36012,0.008813364
36112,0.017722541
36612,0.029267864
37212,0.08131406
37412,0.013755327
37512,0.0038436316
37612,0.009251544
37712,0.010179376
38112,0.007057003
38212,0.004030332
38312,0.036967214
38412,0.0049655857
38612,0.05086701
38812,0.007034086
39112,0.03666975
39212,0.20391063
39312,0.015428405
39412,0.074391924
39612,0.0014229964
39712,0.0067756185
39912,0.007837533
40012,0.0065218583
40212,0.007897496
40512,0.027782897
40612,0.010537117
41812,0.0100489
42012,0.027336132
42712,0.022680754
42912,0.002204294
43612,0.02706473
44212,0.02872613
44512,0.0014460635
44712,0.028441573
44912,0.010038123
45212,0.0022731936
45312,0.00072966167
45512,0.017169178
45612,0.0066999146
46112,0.00095890684
46312,0.014810718
46512,0.009671112
46912,0.0039628
47012,0.015418133
47112,0.0049144747
47212,0.07606165
47312,0.026039848
47612,0.060456496
47712,0.07387499
47812,0.083559625
47912,0.0044985
48212,0.030197455
48612,0.058654103
48712,0.015646212
49112,0.0031628744
49212,0.021006273
49612,0.015057215
49712,0.0059623355
49912,0.0076817237
50112,0.023992337
50312,0.016054174
50412,0.0022242998
50612,0.011237523
50812,0.025333516
50912,0.00575198
51012,0.0052694255
51212,0.016470272
51612,0.036049113
51812,0.010396354
52012,0.013718223
52112,0.013976855
52512,0.001341713
52612,0.019549739
52712,0.013226857
53212,0.0033235254
53312,0.021830436
53412,0.15388756
53612,0.024410116
53912,0.03287497
54112,0.020724393
54212,0.015165852
54312,0.015372647
54412,0.035085488
54612,0.0010521525
55012,0.019667204
55212,0.0075048404
55412,0.033486765
55512,0.013977706
55612,0.00072297547
56212,0.011939042
56512,0.034724228
56712,0.011306944
56812,0.01135811
57012,0.009105252
57112,0.009884544
57212,0.00874367
57312,0.0055527645
57512,0.002743609
57912,0.003545428
58012,0.0032547356
58212,0.008496364
58312,0.0033977912
58512,0.0045243534
58912,0.0015709166
59112,0.040610824
59212,0.009428357
59512,0.0527095
59612,0.019881396
59812,0.01334751
59912,0.018593684
60412,0.0024725986
60512,0.004365485
60812,0.042668425
61112,0.0057766372
61312,0.020873388
61412,0.014039552
61712,0.0024178422
62112,0.02815186
62412,0.00754248
62712,0.0040688817
62812,0.026603904
63512,0.007160918
63612,0.08987963
63712,0.07818889
63812,0.035190016
63912,0.007235383
64312,0.015551626
64412,0.010377833
13,0.004766899
113,0.0037359332
413,0.0051645106
613,0.01758986
713,0.012611616
1013,0.007685936
1213,0.001969026
1713,0.0070873396
2213,0.004861226
2713,0.0011393197
2813,0.017223805
2913,0.014536643
3013,0.01637161
3113,0.008864311
3213,0.016583305
3313,0.0067551904
3413,0.0040420713
3713,0.077814
4013,0.0047644516
4113,0.00370117
4213,0.003457911
4413,0.0026852884
4713,0.005272969
4813,0.03126436
4913,0.0066600577
5113,0.008922287
5213,0.014678434
5713,0.005366988
5913,0.010659649
6213,0.022398945
6313,0.008251389
6513,0.05195482
6613,0.11999803
6813,0.06300098
6913,0.0062539084
7013,0.0017826338
7213,0.004359636
7413,0.0021378268
7513,0.014442679
7713,0.0016045613
7913,0.004183487
8113,0.0051574446
8213,0.0055416534
8313,0.0039856387
8413,0.014164007
8513,0.005069967
8613,0.010598977
8713,0.010262441
8913,0.004458354
9013,0.0030454851
9213,0.004124115
9513,0.030332273
9813,0.11040645
9913,0.16600053
10113,0.007580121
10413,0.029517693
10513,0.0070288456
10613,0.01780462
10713,0.0052588773
10913,0.026720334
11213,0.009101799
11313,0.0009906441
11713,0.0068422128
11913,0.07078444
12113,0.071493596
12413,0.079828925
12713,0.0114413155
12913,0.005710051
13013,0.007906675
13413,0.01516217
13513,0.02115054
13613,0.11860774
13713,0.053839758
13913,0.004411273
14313,0.12944825
14413,0.012426676
15413,0.04681723
15613,0.045728315
15713,0.023042824
15813,0.0022596996
15913,0.001213093
16113,0.03642085
16213,0.012571367
16313,0.0032437423
16413,0.0062305364
16513,0.0010571105
16613,0.0013489506
17013,0.0049244296
17113,0.003393112
17213,0.0095805265
17313,0.0019196313
17413,0.0011640051
17613,0.011331911
17713,0.025264869
17913,0.0075798836
18013,0.006458394
18113,0.001581791
18213,0.00068845035
18413,0.00029535126
18513,0.003847303
18713,0.0048214262
18813,0.007727595
19113,0.14203323
19513,0.007690273
19613,0.0026362892
19713,0.25122637
19813,0.017414706
20713,0.016628418
20813,0.0087416265
20913,0.021585243
21113,0.053766266
21213,0.0029730725
21413,0.017967395
21813,0.05206527
22013,0.04589024
22313,0.00042230953
22413,0.045194007
22513,0.049999196
22613,0.09306549
22913,0.002251185
23013,0.0006887893
23213,0.008791435
23313,0.017551301
23613,0.011559339
23713,0.0021156652
23813,0.0015583985
23913,0.0061225398
24113,0.01291017
24213,0.0050531104
24413,0.0020491516
24513,0.015907934
24613,0.002670979
24713,0.0035955182
25313,0.004231147
25413,0.0022097295
25813,0.0048311516
26013,0.20175654
26113,0.0062617785
26213,0.013519503
26313,0.006489537
26413,0.006263689
26613,0.05006601
26713,0.043043718
26813,0.004232402
26913,0.013299757
27013,0.015656648
27313,0.0074181166
27413,0.014930226
27513,0.010167421
27913,0.008829392
28013,0.0074543967
28113,0.010641683
28313,0.019171873
28413,0.008129205
29013,0.008724849
29113,0.016243577
29313,0.059649445
29613,0.017692067
29713,0.055373784
29813,0.048606314
29913,0.30976295
30013,0.010273989
30113,0.04145455
30313,0.107907824
30413,0.059746522
30713,0.011343243
30813,0.0064418046
31113,0.010488062
31213,0.0135172
31613,0.0029300947
31713,0.024038507
31813,0.008746129
31913,0.0088041555
32013,0.20560767
32113,0.012937473
32813,0.008358854
33013,0.0029111227
33113,0.0029004512
33513,0.010025789
33713,0.012819436
33813,0.006424515
33913,0.0012884645
34013,0.0018266796
34213,0.0003347822
34313,0.0036019173
34413,0.0006517368
34513,0.004775547
34613,0.010749626
34813,0.0003367313
35013,0.001541484
35213,0.0034309814
35313,0.01240233
35513,0.016042205
35613,0.004696738
35713,0.46246502
35913,0.018272735
36013,0.0135614555
36113,0.005056898
36613,0.087624714
37213,0.011836963
37413,0.012520075
37513,0.0045364588
37613,0.0040041883
37713,0.006380582
38113,0.04149001
38213,0.107785486
38313,0.041174073
38413,0.003021354
38613,0.006854461
38813,0.147287
39113,0.005381669
39213,0.0025431023
39313,0.0026614715
39413,0.0064768125
39613,0.004961668
39713,0.0007726621
39913,0.0028869542
40013,0.0017965479
40213,0.009682381
40513,0.0018656005
40613,0.0034689317
41813,0.07296163
42013,0.04217687
42713,0.0044074
42913,0.005378135
43613,0.022267165
44213,0.06952061
44513,0.0017001671
44713,0.06387426
44913,0.024824034
45213,0.006195018
45313,0.0010034007
45513,0.033962026
45613,0.045082748
46113,0.33216748
46313,0.14517877
46513,0.009656168
46913,0.0023384478
47013,0.004429142
47113,0.0020283628
47213,0.008974142
47313,0.015817339
47613,0.013872011
47713,0.010395209
47813,0.018098311
47913,0.0009641838
48213,0.013727421
48613,0.01146907
48713,0.0022822414
49113,0.05648735
49213,0.017616214
49613,0.0065640276
49713,0.003467201
49913,0.014085438
50113,0.007858734
50313,0.0032182366
50413,0.0016608393
50613,0.0007489574
50813,0.005117694
50913,0.014771824
51013,0.06563794
51213,0.0007701464
51613,0.001749953
51813,0.035591234
52013,0.08387886
52113,0.045972697
52513,0.0008902954
52613,0.008206915
52713,0.0030585637
53213,0.004391989
53313,0.004849279
53413,0.0018482208
53613,0.03512572
53913,0.02883829
54113,0.042001672
54213,0.0064020385
54313,0.017001646
54413,0.09043939
54613,0.025568886
55013,0.042477157
55213,0.0022521382
55413,0.0011534672
55513,0.0059710997
55613,0.002197168
56213,0.002966843
56513,0.004660259
56713,0.0035363405
56813,0.005140035
57013,0.0032861766
57113,0.009302718
57213,0.006891816
57313,0.0008848432
57513,0.13828005
57913,0.075959414
58013,0.029786186
58213,0.004146079
58313,0.0016472017
58513,0.01573334
58913,0.0038748872
59113,0.018412877
59213,0.0033132262
59513,0.0035935263
59613,0.011043579
59813,0.0820037
59913,0.017629964
60413,0.001923107
60513,0.0038808435
60813,0.12029577
61113,0.008813558
61313,0.0057235397
61413,0.014756331
61713,0.24856476
62113,0.043713998
62413,0.07906687
62713,0.0052476726
62813,0.023445385
63513,0.012673278
63613,0.014837792
63713,0.012176588
63813,0.08133381
63913,0.0029406045
64313,0.02273465
64413,0.017682467
14,0.017518928
114,0.015747575
414,0.00483365
614,0.018807
714,0.019593285
1014,0.010380953
1214,0.008112018
1714,0.015009659
2214,0.016223678
2714,0.002198935
2814,0.029274752
2914,0.025816612
3014,0.010380059
3114,0.008676399
3214,0.02651606
3314,0.009187547
3414,0.0048516532
3714,0.111236624
4014,0.006200467
4114,0.057011273
4214,0.008164842
4414,0.002910288
4714,0.00722609
4814,0.033809096
4914,0.011885741
5114,0.013690858
5214,0.014452275
5714,0.00722646
5914,0.018036593
6214,0.03736289
6314,0.017399669
6514,0.05767378
6614,0.11362686
6814,0.061448123
6914,0.0053514987
7014,0.0030379225
7214,0.0062096645
7414,0.021896642
7514,0.018224392
7714,0.0038529183
7914,0.007904953
8114,0.01571476
8214,0.0028725218
8314,0.008782482
8414,0.024895102
8514,0.013560264
8614,0.02906001
8714,0.060882945
8914,0.018355224
9014,0.01726222
9214,0.011678507
9514,0.040455606
9814,0.18885054
9914,0.209674
10114,0.022518795
10414,0.025683653
10514,0.021352146
10614,0.25281444
10714,0.10189539
10914,0.019088008
11214,0.039172582
11314,0.0012044755
11714,0.0039612213
11914,0.096535765
12114,0.06450661
12414,0.12809218
12714,0.017674718
12914,0.009513593
13014,0.05510994
13414,0.021070933
13514,0.02699834
13614,0.18353051
13714,0.09542057
13914,0.023740614
14314,0.06603728
14414,0.124223076
15414,0.09387339
15614,0.028093798
15714,0.04169228
15814,0.008015045
15914,0.010588928
16114,0.029536296
16214,0.010203258
16314,0.0071829828
16414,0.016578222
16514,0.001156537
16614,0.03843357
17014,0.014204763
17114,0.0045619966
17214,0.00571067
17314,0.0055387355
17414,0.0015601324
17614,0.020521805
17714,0.030069996
17914,0.015426474
18014,0.028782932
18114,0.0024888983
18214,0.002001655
18414,0.0013623175
18514,0.022687802
18714,0.0065040607
18814,0.0347735
19114,0.0458403
19514,0.018985422
19614,0.002340938
19714,0.3302821
19814,0.01838033
20714,0.0063972035
20814,0.02609602
20914,0.060115237
21114,0.04643929
21214,0.002669853
21414,0.023681551
21814,0.04817518
22014,0.13278197
22314,0.0024373932
22414,0.07021298
22514,0.086535804
22614,0.109808676
22914,0.001675391
23014,0.000987626
23214,0.068693124
23314,0.026705619
23614,0.061167046
23714,0.0025185333
23814,0.0040886854
23914,0.0096776625
24114,0.012244499
24214,0.02077554
24414,0.005402365
24514,0.010372857
24614,0.002386818
24714,0.019197103
25314,0.0047603017
25414,0.015624117
25814,0.11751294
26014,0.37615773
26114,0.008238343
26214,0.041398846
26314,0.017899532
26414,0.07081609
26614,0.043104872
26714,0.029638385
26814,0.008565419
26914,0.05129981
27014,0.05261624
27314,0.05808272
27414,0.011712936
27514,0.004481152
27914,0.03934691
28014,0.013942899
28114,0.079340495
28314,0.01770878
28414,0.013543714
29014,0.079965755
29114,0.022506768
29314,0.050031334
29614,0.066308565
29714,0.044457193
29814,0.17500335
29914,0.3703896
30014,0.026788205
30114,0.07757206
30314,0.13508426
30414,0.0725717
30714,0.042455416
30814,0.008798691
31114,0.04819388
31214,0.011133042
31614,0.015980734
31714,0.099402115
31814,0.035477795
31914,0.011017781
32014,0.2357208
32114,0.040132284
32814,0.012599953
33014,0.003641561
33114,0.0036177756
33514,0.019986266
33714,0.02094727
33814,0.014440217
33914,0.0022246826
34014,0.0042382353
34214,0.0010198001
34314,0.016194155
34414,0.001188443
34514,0.009299813
34614,0.06775143
34814,0.0010128206
35014,0.0054455
35214,0.003645242
35314,0.028695013
35514,0.03019281
35614,0.013918424
35714,0.44326368
35914,0.0232586
36014,0.05837584
36114,0.012366159
36614,0.07970851
37214,0.017797356
37414,0.018469559
37514,0.0044652633
37614,0.024822704
37714,0.010914223
38114,0.10372568
38214,0.18744381
38314,0.035786305
38414,0.0065692137
38614,0.006314885
38814,0.23464593
39114,0.007544185
39214,0.0026592277
39314,0.019041402
39414,0.003429813
39614,0.011750295
39714,0.0024935964
39914,0.009833305
40014,0.002376918
40214,0.021960892
40514,0.0011447977
40614,0.007776732
41814,0.11118556
42014,0.09194718
42714,0.0067687687
42914,0.11991317
43614,0.06030281
44214,0.038884148
44514,0.004586375
44714,0.0773571
44914,0.058599778
45214,0.017953184
45314,0.008286096
45514,0.03538797
45614,0.054314002
46114,0.46405873
46314,0.14917743
46514,0.099629216
46914,0.01035355
47014,0.01007479
47114,0.19928418
47214,0.017595774
47314,0.035706468
47614,0.021246765
47714,0.025147561
47814,0.008780055
47914,0.005225274
48214,0.033413146
48614,0.03334252
48714,0.0024188845
49114,0.08930772
49214,0.018718554
49614,0.006178751
49714,0.006303295
49914,0.09101215
50114,0.014281705
50314,0.0041567977
50414,0.006875376
50614,0.0027667775
50814,0.004778684
50914,0.09729855
51014,0.1698466
51214,0.0012475455
51614,0.0016001853
51814,0.032917768
52014,0.04838224
52114,0.02999505
52514,0.002975202
52614,0.010011694
52714,0.007070444
53214,0.010165488
53314,0.006304009
53414,0.0050385064
53614,0.020940786
53914,0.0267498
54114,0.16304553
54214,0.0109930765
54314,0.01772249
54414,0.08249779
54614,0.36720195
55014,0.045625143
55214,0.003969326
55414,0.002013242
55514,0.021496752
55614,0.022457676
56214,0.0067196065
56514,0.016177746
56714,0.015053277
56814,0.009299606
57014,0.019982444
57114,0.09995458
57214,0.009698431
57314,0.0020873547
57514,0.26375774
57914,0.14785545
58014,0.117585674
58214,0.056575723
58314,0.010242184
58514,0.01005637
58914,0.051736917
59114,0.034385286
59214,0.014807754
59514,0.008023611
59614,0.020357672
59814,0.16426624
59914,0.01792472
60414,0.014073039
60514,0.02040728
60814,0.042165704
61114,0.09381793
61314,0.071378276
61414,0.020833302
61714,0.263577
62114,0.058675207
62414,0.1567572
62714,0.011165043
62814,0.14245935
63514,0.09878895
63614,0.012153787
63714,0.007488742
63814,0.053093296
63914,0.009773267
64314,0.016803414
64414,0.020227863
15,0.28719097
115,0.11722744
415,0.0058546434
615,0.0051299566
715,0.01991899
1015,0.14039093
1215,0.0018686131
1715,0.046568472
2215,0.0017618884
2715,0.00036748082
2815,0.022824822
2915,0.0050061224
3015,0.043266725
3115,0.006959134
3215,0.017207708
3315,0.0025269748
3415,0.008381179
3715,0.29954213
4015,0.002125686
4115,0.0021295806
4215,0.003183867
4415,0.0032448114
4715,0.0022131128
4815,0.010388856
4915,0.33433017
5115,0.0098082
5215,0.0051226974
5715,0.0050925417
5915,0.0122021735
6215,0.006122973
6315,0.06395454
6515,0.025992991
6615,0.024597682
6815,0.0052231587
6915,0.029224366
7015,0.0008715677
7215,0.00798846
7415,0.36096185
7515,0.10436488
7715,0.0011022463
7915,0.043829557
8115,0.009468393
8215,0.027538134
8315,0.06917104
8415,0.010027847
8515,0.008148618
8615,0.02770561
8715,0.030768685
8915,0.005013721
9015,0.029999867
9215,0.04034785
9515,0.15413192
9815,0.016184703
9915,0.013583195
10115,0.013038365
10415,0.033158362
10515,0.013993214
10615,0.056048613
10715,0.16373496
10915,0.015235502
11215,0.041516095
11315,0.00075866526
11715,0.00598124
11915,0.06529234
12115,0.009409088
12415,0.01651971
12715,0.012344223
12915,0.0020778815
13015,0.16017297
13415,0.1786368
13515,0.013237605
13615,0.018055568
13715,0.011540221
13915,0.31828862
14315,0.02284007
14415,0.011660188
15415,0.0676682
15615,0.020390302
15715,0.006792506
15815,0.0013172186
15915,0.0012169576
16115,0.036018733
16215,0.039426226
16315,0.23938242
16415,0.11864817
16515,0.0009589908
16615,0.004153765
17015,0.06008363
17115,0.110455416
17215,0.039220843
17315,0.01862493
17415,0.0015088607
17615,0.0861482
17715,0.007059328
17915,0.06539515
18015,0.081901655
18115,0.0005411944
18215,0.00025314683
18415,0.00015761248
18515,0.0030541467
18715,0.002930496
18815,0.0042310324
19115,0.051738653
19515,0.010299082
19615,0.0017249278
19715,0.057478104
19815,0.24445184
20715,0.0040500653
20815,0.15615231
20915,0.063096546
21115,0.0083028935
21215,0.011108356
21415,0.01008659
21815,0.0065986244
22015,0.0040408135
22315,0.62351555
22415,0.0203997
22515,0.02527279
22615,0.025220305
22915,0.005186775
23015,0.00042131156
23215,0.32575008
23315,0.15224248
23615,0.03636296
23715,0.0035516047
23815,0.0028711213
23915,0.005389647
24115,0.005147328
24215,0.0054867268
24415,0.006250671
24515,0.04698109
24615,0.0021573273
24715,0.022773607
25315,0.017279526
25415,0.36138165
25815,0.0125943
26015,0.025355814
26115,0.0084099835
26215,0.0040451298
26315,0.011175188
26415,0.013427566
26615,0.016757766
26715,0.05926439
26815,0.0022290966
26915,0.006729271
27015,0.042606805
27315,0.051788412
27415,0.004022851
27515,0.012357093
27915,0.0021946877
28015,0.0609346
28115,0.0060135634
28315,0.09022659
28415,0.013252517
29015,0.020911431
29115,0.009546083
29315,0.035228312
29615,0.019841494
29715,0.013575538
29815,0.05203135
29915,0.008798193
30015,0.0070214407
30115,0.028056696
30315,0.032231305
30415,0.00998385
30715,0.016242696
30815,0.0020784228
31115,0.010679276
31215,0.013402256
31615,0.0022866447
31715,0.026473287
31815,0.05414618
31915,0.012811801
32015,0.016519338
32115,0.07894254
32815,0.0057728784
33015,0.005643488
33115,0.0096505955
33515,0.023323221
33715,0.042978786
33815,0.030189967
33915,0.00018924352
34015,0.00078078255
34215,0.00026850874
34315,0.003351652
34415,0.00030671782
34515,0.00075876515
34615,0.006550837
34815,0.00013926404
35015,0.0006727258
35215,0.0038425606
35315,0.008520148
35515,0.009110663
35615,0.0072747488
35715,0.0023891458
35915,0.02698932
36015,0.027019834
36115,0.016809741
36615,0.03930216
37215,0.0027036432
37415,0.0037973726
37515,0.007134524
37615,0.004305345
37715,0.011433144
38115,0.029509682
38215,0.017100865
38315,0.04479816
38415,0.0030591444
38615,0.0074036196
38815,0.0071600815
39115,0.0012529873
39215,0.004243989
39315,0.0020768254
39415,0.015143606
39615,0.4938049
39715,0.15890399
39915,0.0020766247
40015,0.0034732395
40215,0.0032584583
40515,0.0026622864
40615,0.0024319552
41815,0.007507101
42015,0.006769514
42715,0.0009814928
42915,0.13988039
43615,0.024517503
44215,0.010352881
44515,0.008301598
44715,0.012289457
44915,0.009699192
45215,0.006548172
45315,0.47157902
45515,0.09037622
45615,0.031224139
46115,0.004218828
46315,0.031211166
46515,0.0056688725
46915,0.0009901687
47015,0.023400249
47115,0.004728729
47215,0.015038205
47315,0.024416672
47615,0.007589601
47715,0.011471477
47815,0.012465219
47915,0.0016684484
48215,0.025597844
48615,0.013923835
48715,0.0041153436
49115,0.08461731
49215,0.0033575194
49615,0.050310872
49715,0.0016721282
49915,0.00941742
50115,0.082663864
50315,0.00057367876
50415,0.00080423773
50615,0.0004850049
50815,0.0012762512
50915,0.0035832983
51015,0.021376526
51215,0.00028425094
51615,0.0032458515
51815,0.01659627
52015,0.016906435
52115,0.019144485
52515,0.00219299
52615,0.009927315
52715,7.697129e-05
53215,0.46654984
53315,0.0021981527
53415,0.0007528833
53615,0.018313501
53915,0.0029268689
54115,0.02963525
54215,0.011381635
54315,0.008804036
54415,0.03042605
54615,0.061998866
55015,0.016315332
55215,0.0010866706
55415,0.004563492
55515,0.0053701345
55615,0.36611164
56215,0.069999285
56515,0.01817276
56715,0.001560724
56815,0.011360637
57015,0.002208382
57115,0.0069115637
57215,0.00787968
57315,0.00080836134
57515,0.008636612
57915,0.091133334
58015,0.10002454
58215,0.006260724
58315,0.295977
58515,0.026653381
58915,0.2541564
59115,0.018268956
59215,0.0021894996
59515,0.004703631
59615,0.024083456
59815,0.009890731
59915,0.00907703
60415,0.00067805947
60515,0.0076944907
60815,0.027175698
61115,0.055390183
61315,0.009089311
61415,0.0058435653
61715,0.0076099467
62115,0.014699719
62415,0.031701226
62715,0.004827902
62815,0.0057257647
63515,0.047294483
63615,0.0025091365
63715,0.0063354643
63815,0.011520612
63915,0.0017609183
64315,0.1005713
64415,0.008008137
16,0.0007806009
116,0.0014234558
416,0.0036720939
616,0.023659796
716,0.018964026
1016,0.0013298171
1216,0.0018343094
1716,0.0058126496
2216,0.0077191624
2716,0.00047621925
2816,0.006815299
2916,0.032461103
3016,0.006936982
3116,0.008170953
3216,0.009471911
3316,0.0036960659
3416,0.0017087327
3716,0.004551596
4016,0.0013964721
4116,0.0021649422
4216,0.002178842
4416,0.0040480536
4716,0.0012263003
4816,0.01724365
4916,0.0018228947
5116,0.0015569296
5216,0.020254016
5716,0.005359078
5916,0.02321068
6216,0.009220591
6316,0.006923967
6516,0.061558973
6616,0.04533072
6816,0.07005554
6916,0.0010724505
7016,0.0010792128
7216,0.0023915917
7416,0.00032076912
7516,0.010400205
7716,0.0012108936
7916,0.0013963195
8116,0.004761823
8216,0.0022382287
8316,0.001204954
8416,0.01640446
8516,0.0062168525
8616,0.004518799
8716,0.008292921
8916,0.0030801434
9016,0.002383189
9216,0.0027165026
9516,0.0055849236
9816,0.027125584
9916,0.047748614
10116,0.0029046906
10416,0.033846624
10516,0.0068085124
10616,0.005059468
10716,0.00080152747
10916,0.01677785
11216,0.0017954084
11316,0.00066557876
11716,0.0018842482
11916,0.055212982
12116,0.09446799
12416,0.04725442
12716,0.012002852
12916,0.018284827
13016,0.0013575305
13416,0.0070561017
13516,0.014467411
13616,0.069388546
13716,0.03101794
13916,0.0009186525
14316,0.124796525
14416,0.0069849445
15416,0.0270083
15616,0.02719657
15716,0.033491973
15816,0.0020273132
15916,0.00092418666
16116,0.0061612977
16216,0.021211863
16316,0.00061785604
16416,0.00209086
16516,0.0027955358
16616,0.0014262712
17016,0.008015333
17116,0.0012838094
17216,0.011270462
17316,0.0005595248
17416,0.0022347928
17616,0.0024836021
17716,0.052457634
17916,0.0045019607
18016,0.0037813887
18116,0.0014129968
18216,0.00057593454
18416,0.00038450782
18516,0.0029175726
18716,0.0025081977
18816,0.0032725097
19116,0.035964224
19516,0.007617082
19616,0.0018701445
19716,0.013862098
19816,0.0018948637
20716,0.026132258
20816,0.0020062318
20916,0.0083687985
21116,0.024308685
21216,0.0012492131
21416,0.015903458
21816,0.03810756
22016,0.0634115
22316,3.5647492e-05
22416,0.030464314
22516,0.0778332
22616,0.056544457
22916,0.00041005082
23016,0.0004938144
23216,0.0006503146
23316,0.0039001661
23616,0.0070053716
23716,0.0014773175
23816,0.0019800828
23916,0.007954215
24116,0.006999541
24216,0.004963936
24416,0.0011882726
24516,0.0020440253
24616,0.0004747664
24716,0.0033885674
25316,0.0048801955
25416,0.00034375154
25816,0.0024393157
26016,0.028568389
26116,0.0039763795
26216,0.03078507
26316,0.0047378517
26416,0.0013342042
26616,0.064211294
26716,0.0073862867
26816,0.0025162825
26916,0.010506048
27016,0.002761653
27316,0.0054794718
27416,0.007920233
27516,0.0016627691
27916,0.0031408484
28016,0.0013345657
28116,0.00705198
28316,0.012895789
28416,0.016720274
29016,0.004663761
29116,0.015436526
29316,0.048327383
29616,0.0062754247
29716,0.030547626
29816,0.031601075
29916,0.13252464
30016,0.0058795605
30116,0.018319143
30316,0.11951538
30416,0.09901941
30716,0.006870527
30816,0.0059755
31116,0.0039974404
31216,0.019424194
31616,0.0021251533
31716,0.015467944
31816,0.0037346338
31916,0.009911032
32016,0.10065655
32116,0.0051227924
32816,0.01320547
33016,0.0036035986
33116,0.003495147
33516,0.0033026154
33716,0.0032772059
33816,0.0052482216
33916,0.00042251777
34016,0.0028645191
34216,0.00016759238
34316,0.006167469
34416,0.0003788032
34516,0.0012535037
34616,0.0040475884
34816,0.00020344122
35016,0.0043762582
35216,0.0021981075
35316,0.0065823942
35516,0.018677633
35616,0.003651386
35716,0.032770224
35916,0.006550654
36016,0.004826534
36116,0.003761234
36616,0.01528253
37216,0.0007316895
37416,0.011476985
37516,0.0028590958
37616,0.013030417
37716,0.012757663
38116,0.04686057
38216,0.07532874
38316,0.041383173
38416,0.012186885
38616,0.013319756
38816,0.1263314
39116,0.0035030562
39216,0.00044579172
39316,0.004235301
39416,0.0011494935
39616,0.0008479323
39716,0.0008210647
39916,0.0027321132
40016,0.0016657633
40216,0.016956044
40516,0.0010771458
40616,0.006664145
41816,0.05005106
42016,0.016793156
42716,0.0048790053
42916,0.0016388698
43616,0.006453929
44216,0.009815669
44516,0.0004921752
44716,0.01654728
44916,0.04970971
45216,0.0013658798
45316,0.0001302578
45516,0.010296458
45616,0.04777158
46116,0.056005426
46316,0.117699675
46516,0.0038606164
46916,0.003364866
47016,0.0016441405
47116,0.000887076
47216,0.004850277
47316,0.020564351
47616,0.010062674
47716,0.016778365
47816,0.025962891
47916,0.0008167991
48216,0.0060777133
48616,0.0063778125
48716,0.0034174174
49116,0.016335463
49216,0.04260187
49616,0.0024997871
49716,0.0019672257
49916,0.0133322
50116,0.004922683
50316,0.0012147236
50416,0.001392194
50616,0.0004978654
50816,0.0020789185
50916,0.006540441
51016,0.015245473
51216,0.0001905895
51616,0.0013432367
51816,0.0078508565
52016,0.022294981
52116,0.014601426
52516,0.0004637652
52616,0.00900416
52716,0.008392129
53216,0.0011861006
53316,0.0036708226
53416,0.00035612698
53616,0.054717857
53916,0.016150638
54116,0.015876334
54216,0.01423043
54316,0.052105263
54416,0.07565334
54616,0.0034420702
55016,0.039749574
55216,0.0015019368
55416,0.0005712092
55516,0.005100039
55616,0.0001784425
56216,0.0014935178
56516,0.0055328542
56716,0.0033458688
56816,0.0038680553
57016,0.005094698
57116,0.00635295
57216,0.0067132735
57316,0.0015189928
57516,0.039859347
57916,0.016335066
58016,0.004936226
58216,0.0028007005
58316,0.00026500563
58516,0.0036200387
58916,0.0006682676
59116,0.008944305
59216,0.0024611217
59516,0.0007713116
59616,0.0040281396
59816,0.04697402
59916,0.028436983
60416,0.00089039444
60516,0.0024269966
60816,0.058448046
61116,0.0031132365
61316,0.0016777501
61416,0.007980624
61716,0.20038311
62116,0.017968925
62416,0.03426322
62716,0.031541433
62816,0.025751645
63516,0.0038281814
63616,0.010837236
63716,0.015966352
63816,0.09489521
63916,0.003825399
64316,0.024243973
64416,0.013250572
17,0.0010995332
117,0.0037975388
417,0.009380028
617,0.006467703
717,0.0037369002
1017,0.0015397738
1217,0.0011193815
1717,0.0033847473
2217,0.0038666346
2717,0.011756735
2817,0.0016821143
2917,0.0021768427
3017,0.011218273
3117,0.02489332
3217,0.0047932025
3317,0.010274118
3417,0.0017691378
3717,0.0072031682
4017,0.0014791302
4117,0.005877675
4217,0.00288963
4417,0.0051494935
4717,0.0015589112
4817,0.010296759
4917,0.014377637
5117,0.006844665
5217,0.004700816
5717,0.0052539585
5917,0.0030060387
6217,0.006902016
6317,0.017333822
6517,0.011191256
6617,0.011677562
6817,0.0055892426
6917,0.013629693
7017,0.0060759066
7217,0.0360691
7417,0.0016631496
7517,0.006536222
7717,0.0026493487
7917,0.00833385
8117,0.0019674608
8217,0.005347832
8317,0.001959106
8417,0.007210743
8517,0.0011368464
8617,0.007381479
8717,0.0031126996
8917,0.0018523792
9017,0.0029885273
9217,0.0037874922
9517,0.0057025
9817,0.002811575
9917,0.0031697908
10117,0.0029827657
10417,0.009484252
10517,0.0057609654
10617,0.0024054768
10717,0.0034080318
10917,0.029798979
11217,0.0014470357
11317,0.0049936194
11717,0.023894724
11917,0.0115262
12117,0.004166868
12417,0.0020943473
12717,0.0056709866
12917,0.0017748969
13017,0.0042957067
13417,0.019566536
13517,0.010645389
13617,0.0043557645
13717,0.011213969
13917,0.008292482
14317,0.014224456
14417,0.0019197821
15417,0.0051256414
15617,0.031988792
15717,0.0043481216
15817,0.0028715834
15917,0.0008016344
16117,0.024862261
16217,0.005542031
16317,0.009497566
16417,0.004591473
16517,0.0025944337
16617,0.0010933817
17017,0.01913423
17117,0.002802078
17217,0.0032217612
17317,0.0019593416
17417,0.002206387
17617,0.0038155767
17717,0.0016721726
17917,0.009091036
18017,0.0027752977
18117,0.010945621
18217,0.0073264507
18417,0.0009593532
18517,0.0019982553
18717,0.043537553
18817,0.0069126314
19117,0.01793573
19517,0.00093178096
19617,0.004025746
19717,0.0014192717
19817,0.0556859
20717,0.0080087315
20817,0.0024881116
20917,0.005233471
21117,0.016045025
21217,0.0057723518
21417,0.023485089
21817,0.013618115
22017,0.0027535858
22317,0.008905804
22417,0.0071234754
22517,0.016062165
22617,0.0049868883
22917,0.011904425
23017,0.007205506
23217,0.0062732315
23317,0.021106081
23617,0.0020288161
23717,0.0037787799
23817,0.0023132125
23917,0.0020172577
24117,0.0038560587
24217,0.003138957
24417,0.0028711585
24517,0.038550314
24617,0.013139184
24717,0.0009890948
25317,0.010088401
25417,0.0020499532
25817,0.0016001582
26017,0.001909027
26117,0.0032118661
26217,0.006000731
26317,0.018598959
26417,0.00092029053
26617,0.011981226
26717,0.026200606
26817,0.020223198
26917,0.0035142577
27017,0.0017256307
27317,0.0016021595
27417,0.017063342
27517,0.049288806
27917,0.004599993
28017,0.008430094
28117,0.0023391114
28317,0.036033586
28417,0.010921002
29017,0.0028577119
29117,0.010581249
29317,0.042371966
29617,0.0045473985
29717,0.014588676
29817,0.0034580021
29917,0.0030561585
30017,0.003764153
30117,0.004749372
30317,0.018257214
30417,0.008962899
30717,0.0029102892
30817,0.007794893
31117,0.0032871654
31217,0.008404063
31617,0.0020868732
31717,0.003313841
31817,0.0029266465
31917,0.010088447
32017,0.002273765
32117,0.0040122382
32817,0.002309073
33017,0.00210067
33117,0.0016210745
33517,0.0034185378
33717,0.0047046845
33817,0.0043493807
33917,0.0055465973
34017,0.0023331514
34217,0.0016235625
34317,0.0010004281
34417,0.0032585256
34517,0.0062195035
34617,0.0025838234
34817,0.0012441783
35017,0.00094277476
35217,0.026983978
35317,0.008274704
35517,0.0009985958
35617,0.00079555373
35717,0.00020489932
35917,0.0053218855
36017,0.0028581899
36117,0.002098557
36617,0.007554143
37217,0.017991118
37417,0.0033706427
37517,0.0044353907
37617,0.002778796
37717,0.006540667
38117,0.0069738324
38217,0.005899433
38317,0.024644662
38417,0.0014859681
38617,0.0064460393
38817,0.0032875321
39117,0.0028178745
39217,0.0074513806
39317,0.0065691597
39417,0.020004783
39617,0.0051487577
39717,0.026134567
39917,0.0013635459
40017,0.01807329
40217,0.0010484685
40517,0.006758871
40617,0.0013084908
41817,0.0033351388
42017,0.0059336955
42717,0.0048610386
42917,0.003015392
43617,0.004524661
44217,0.007900549
44517,0.001861447
44717,0.008304437
44917,0.0076486524
45217,0.004717193
45317,0.0021895873
45517,0.026072681
45617,0.00861811
46117,0.000656787
46317,0.008870298
46517,0.0016687001
46917,0.0011230711
47017,0.012202946
47117,0.00043180693
47217,0.004239253
47317,0.008187967
47617,0.006388014
47717,0.015822057
47817,0.020967742
47917,0.0006786384
48217,0.0033436145
48617,0.0037308072
48717,0.006155148
49117,0.0015309787
49217,0.004410765
49617,0.010171413
49717,0.023681633
49917,0.0011123996
50117,0.003813198
50317,0.0066293804
50417,0.0053033745
50617,0.0034989023
50817,0.021244278
50917,0.0039954023
51017,0.0033182292
51217,0.0029121786
51617,0.027719637
51817,0.0075314
52017,0.02982188
52117,0.04631679
52517,0.0014735947
52617,0.007883874
52717,6.6088665e-05
53217,0.050266866
53317,0.0048285583
53417,0.0045166817
53617,0.020433184
53917,0.0063235713
54117,0.003972308
54217,0.0035591812
54317,0.0038921293
54417,0.009597798
54617,0.0055778422
55017,0.004330875
55217,0.014622803
55417,0.01228468
55517,0.016329248
55617,0.0014285594
56217,0.004109692
56517,0.0018239596
56717,0.0012203422
56817,0.012140389
57017,0.001186128
57117,0.0010679932
57217,0.0040985513
57317,0.0054423637
57517,0.002482673
57917,0.0026190954
58017,0.0011579883
58217,0.002817312
58317,0.004334775
58517,0.0031430093
58917,0.002539354
59117,0.011958312
59217,0.0054478473
59517,0.0030584352
59617,0.004427851
59817,0.004400127
59917,0.013230133
60417,0.005050375
60517,0.0024919035
60817,0.022742804
61117,0.0038640352
61317,0.0017939088
61417,0.007917528
61717,0.002549285
62117,0.0059523536
62417,0.018752245
62717,0.0020893842
62817,0.0027092344
63517,0.002011673
63617,0.0059416723
63717,0.027564654
63817,0.010278859
63917,0.00086348754
64317,0.022844616
64417,0.0038089997
18,0.007688375
118,0.005333207
418,0.0053277756
618,0.08760518
718,0.0055826744
1018,0.0063461117
1218,0.0012762244
1718,0.013994702
2218,0.0032093471
2718,0.0017357622
2818,0.059779912
2918,0.005279246
3018,0.1224528
3118,0.0073534967
3218,0.36414376
3318,0.42848262
3418,0.0034233415
3718,0.009347685
4018,0.8407705
4118,0.316476
4218,0.0024030604
4418,0.0047152913
4718,0.8156886
4818,0.07696742
4918,0.012371896
5118,0.6039901
5218,0.006989748
5718,0.013644526
5918,0.034195922
6218,0.03913487
6318,0.010370001
6518,0.0145594785
6618,0.053945653
6818,0.066815436
6918,0.009292671
7018,0.0035401331
7218,0.0044660005
7418,0.0029109803
7518,0.022607533
7718,0.0024003333
7918,0.01301779
8118,0.03500926
8218,0.012887292
8318,0.004991053
8418,0.021122785
8518,0.0026134267
8618,0.01748266
8718,0.009415271
8918,0.004791724
9018,0.009190308
9218,0.0072659003
9518,0.044984967
9818,0.044775046
9918,0.014158719
10118,0.00876804
10418,0.031079201
10518,0.011581108
10618,0.008951412
10718,0.0017089869
10918,0.026174322
11218,0.007198433
11318,0.005218593
11718,0.0071210917
11918,0.03462322
12118,0.077756956
12418,0.12622821
12718,0.009856505
12918,0.016677797
13018,0.0040749866
13418,0.015507622
13518,0.036570225
13618,0.21365148
13718,0.11304498
13918,0.0027040977
14318,0.069390856
14418,0.033769794
15418,0.017845107
15618,0.056091238
15718,0.06231594
15818,0.0038719436
15918,0.0016541454
16118,0.03495325
16218,0.008434691
16318,0.0024009373
16418,0.006412151
16518,0.0010979475
16618,0.001145403
17018,0.033421412
17118,0.0062916507
17218,0.012418544
17318,0.004071874
17418,0.0019286635
17618,0.14725298
17718,0.011684197
17918,0.016662523
18018,0.015833868
18118,0.0027502156
18218,0.0013960897
18418,0.0013227476
18518,0.005565726
18718,0.004593429
18818,0.007517425
19118,0.13814856
19518,0.0044773794
19618,0.0037668252
19718,0.015388457
19818,0.007801901
20718,0.028297648
20818,0.041295603
20918,0.01978534
21118,0.010250095
21218,0.006701526
21418,0.051094033
21818,0.027389755
22018,0.032383885
22318,0.0001377424
22418,0.076400004
22518,0.0075445543
22618,0.02852974
22918,0.015634974
23018,0.0014266262
23218,0.0018801326
23318,0.02678258
23618,0.0070962855
23718,0.013052161
23818,0.004182976
23918,0.0044762245
24118,0.009369151
24218,0.008746972
24418,0.007957712
24518,0.016209297
24618,0.0027922539
24718,0.0054759607
25318,0.00525272
25418,0.0026973097
25818,0.0071279863
26018,0.055724587
26118,0.008559769
26218,0.09620239
26318,0.15481874
26418,0.001762539
26618,0.007055443
26718,0.034674063
26818,0.017654385
26918,0.006497395
27018,0.013059795
27318,0.009825402
27418,0.017349035
27518,0.0075398344
27918,0.0058519444
28018,0.011144715
28118,0.017414335
28318,0.07316575
28418,0.008310022
29018,0.057747863
29118,0.1453228
29318,0.01909959
29618,0.008067015
29718,0.029181758
29818,0.013013194
29918,0.02229131
30018,0.0026938312
30118,0.112317696
30318,0.07352454
30418,0.21209992
30718,0.00961426
30818,0.017592752
31118,0.032571312
31218,0.040471155
31618,0.002381506
31718,0.098978765
31818,0.027950462
31918,0.034495402
32018,0.047369853
32118,0.012130723
32818,0.0218342
33018,0.0037313309
33118,0.003924374
33518,0.026922854
33718,0.022875803
33818,0.014119384
33918,0.0004932702
34018,0.00086162885
34218,0.0026117899
34318,0.004049308
34418,0.00067456724
34518,0.0021612612
34618,0.004008495
34818,0.0005956249
35018,0.0017467187
35218,0.010744695
35318,0.25469157
35518,0.009148415
35618,0.0039060598
35718,0.0027786628
35918,0.26772457
36018,0.33360827
36118,0.0060550165
36618,0.107274376
37218,0.52055824
37418,0.033702724
37518,0.0066971313
37618,0.008578679
37718,0.010454413
38118,0.01404902
38218,0.016663892
38318,0.017214397
38418,0.002193542
38618,0.008991041
38818,0.030339953
39118,0.006496319
39218,0.027883515
39318,0.010492123
39418,0.018077586
39618,0.011823475
39718,0.025253542
39918,0.0032416547
40018,0.004251062
40218,0.004047837
40518,0.012796981
40618,0.0047124745
41818,0.02344693
42018,0.09800522
42718,0.010681953
42918,0.002515354
43618,0.053216375
44218,0.024866251
44518,0.0024071897
44718,0.0179674
44918,0.015468844
45218,0.0036832467
45318,0.00082869217
45518,0.02001599
45618,0.015263465
46118,0.044396367
46318,0.015258598
46518,0.00963167
46918,0.0014958046
47018,0.0089350715
47118,0.004742218
47218,0.026085798
47318,0.007950793
47618,0.36555043
47718,0.014117645
47818,0.11859923
47918,0.0022742113
48218,0.11992934
48618,0.008955074
48718,0.002294445
49118,0.19189194
49218,0.011153767
49618,0.022033101
49718,0.0031761252
49918,0.007461304
50118,0.019463476
50318,0.0019159454
50418,0.001848254
50618,0.0052699735
50818,0.0031838242
50918,0.004810109
51018,0.010213597
51218,0.0015844646
51618,0.02098202
51818,0.018836353
52018,0.024422254
52118,0.010526636
52518,0.0021012316
52618,0.02947511
52718,0.015123988
53218,0.0054616355
53318,0.017312763
53418,0.64046127
53618,0.07836768
53918,0.07089309
54118,0.09223528
54218,0.0044568926
54318,0.009708296
54418,0.04624237
54618,0.0053332727
55018,0.015904147
55218,0.0044579906
55418,0.014105593
55518,0.013651087
55618,0.0014912408
56218,0.016000638
56518,0.010094505
56718,0.0035161027
56818,0.012053787
57018,0.005510742
57118,0.0034183967
57218,0.0127757685
57318,0.0034755722
57518,0.014051978
57918,0.10040605
58018,0.015338823
58218,0.004606741
58318,0.003990625
58518,0.024908444
58918,0.0017110717
59118,0.015495976
59218,0.01031209
59518,0.003942263
59618,0.14196257
59818,0.120098405
59918,0.017413683
60418,0.0021174643
60518,0.00430937
60818,0.13223067
61118,0.008513806
61318,0.017899483
61418,0.030715542
61718,0.019485958
62118,0.12421501
62418,0.027111942
62718,0.003738428
62818,0.025795281
63518,0.027271545
63618,0.035468936
63718,0.02508189
63818,0.09008224
63918,0.0015116384
64318,0.016252432
64418,0.027242756
