Id,Probability
0,0.040810663
100,0.033977114
400,8.070128e-05
600,0.01699723
700,0.057292815
1000,0.035700142
1200,0.0006662742
1700,0.06880925
2200,0.077836156
2700,0.002064316
2800,0.007553952
2900,0.050354037
3000,0.0031399848
3100,0.02923947
3200,0.006936339
3300,0.03302817
3400,0.023577869
3700,0.016339827
4000,0.01420774
4100,0.010903327
4200,0.024062144
4400,0.026514202
4700,0.009359269
4800,0.04727634
4900,0.01261047
5100,0.0213287
5200,0.049780343
5700,0.06427282
5900,0.034268163
6200,0.03942957
6300,0.031035038
6500,0.056615315
6600,0.045212403
6800,0.07976235
6900,0.0083343815
7000,0.005548558
7200,0.0020556154
7400,0.03136013
7500,0.017545749
7700,0.06276624
7900,0.013485252
8100,0.028168619
8200,0.052281864
8300,0.030897174
8400,0.13566132
8500,0.045134693
8600,0.080150455
8700,0.027763307
8900,0.085369535
9000,0.021038845
9200,0.034850072
9500,0.0072394125
9800,0.09767085
9900,0.09063357
10100,0.028166495
10400,0.06569786
10500,0.061000623
10600,0.03690042
10700,0.04746927
10900,0.034846082
11200,0.029528778
11300,0.0014648549
11700,0.011390741
11900,0.052956995
12100,0.03090426
12400,0.017992264
12700,0.017428001
12900,0.030237647
13000,0.0129371965
13400,0.054499216
13500,0.028925555
13600,0.08003315
13700,0.11475989
13900,0.045076348
14300,0.05524561
14400,0.010231037
15400,0.0031725012
15600,0.058600146
15700,0.027746134
15800,0.11818479
15900,0.04828286
16100,0.0058649443
16200,0.039694265
16300,0.032911826
16400,0.042040993
16500,1.4385206e-05
16600,0.0021344528
17000,0.04614851
17100,0.031059409
17200,0.03528096
17300,0.025095794
17400,0.017941613
17600,0.0034779634
17700,0.02595775
17900,0.055068534
18000,0.051774215
18100,0.00046653234
18200,0.0025385101
18400,0.0046650725
18500,0.02965848
18700,0.007627782
18800,0.037217062
19100,0.0027725003
19500,0.03602939
19600,0.0031534336
19700,0.02776259
19800,0.0123084355
20700,0.0722622
20800,0.0057622767
20900,0.016501743
21100,0.02684627
21200,0.009347674
21400,0.31916484
21800,0.051980626
22000,0.09340836
22300,0.038294792
22400,0.031110942
22500,0.057539456
22600,0.024537262
22900,0.004950097
23000,0.00033720615
23200,0.026438957
23300,0.039951414
23600,0.027447391
23700,0.012377364
23800,0.004683912
23900,0.052366078
24100,0.05545972
24200,0.013443891
24400,0.004617833
24500,0.014427165
24600,0.002783247
24700,0.012780518
25300,0.00073982636
25400,0.015446233
25800,0.00031213663
26000,0.008598608
26100,0.02412202
26200,0.099814445
26300,0.066109486
26400,0.06964803
26600,0.05795786
26700,0.014146927
26800,0.009763259
26900,0.016008222
27000,0.035835974
27300,0.015792144
27400,0.020524146
27500,0.0092414
27900,0.003971934
28000,0.007837818
28100,0.006171594
28300,0.02578142
28400,0.052647606
29000,0.006636846
29100,0.04796478
29300,0.07042578
29600,0.06643228
29700,0.013140859
29800,0.0370141
29900,0.051149823
30000,0.058509238
30100,0.0037160276
30300,0.041631937
30400,0.06702331
30700,0.0022623444
30800,0.019368548
31100,0.0015232833
31200,0.060572334
31600,0.08708992
31700,0.011944352
31800,0.007528337
31900,0.02916681
32000,0.041262846
32100,0.051310338
32800,0.0341072
33000,0.03828183
33100,0.033279024
33500,0.021104336
33700,0.05661727
33800,0.04162945
33900,5.352761e-05
34000,0.03623311
34200,0.0008382448
34300,0.02701349
34400,0.015150852
34500,0.029680198
34600,0.017324995
34800,5.459867e-05
35000,0.022462113
35200,0.025822967
35300,0.012481631
35500,0.03776997
35600,0.02306227
35700,0.022587933
35900,0.001965035
36000,0.028264679
36100,0.032568894
36600,0.0014249828
37200,0.019491931
37400,0.018303458
37500,0.025933523
37600,0.008115449
37700,0.038959242
38100,0.039722122
38200,0.111138396
38300,0.059594065
38400,0.030708568
38600,0.032235377
38800,0.061206236
39100,0.073640466
39200,0.0057310555
39300,0.0083367145
39400,0.0057452493
39600,0.023701461
39700,0.0004812146
39900,0.027957756
40000,0.0015958333
40200,0.041933373
40500,0.04595281
40600,0.07099058
41800,0.002298047
42000,0.1300879
42700,0.029644141
42900,0.047615834
43600,0.01424402
44200,0.017096713
44500,0.010933751
44700,0.036420222
44900,0.085712686
45200,0.013082462
45300,0.06716742
45500,0.043893494
45600,0.033255674
46100,0.043975487
46300,0.045996208
46500,0.0003561466
46900,0.069367625
47000,0.0069673364
47100,0.00065117277
47200,0.008511362
47300,0.03547065
47600,0.079032205
47700,0.051580433
47800,0.044055507
47900,0.05381034
48200,0.005604795
48600,0.03627501
48700,5.6291374e-05
49100,0.01720419
49200,0.034385134
49600,0.025955215
49700,0.00026733582
49900,0.036077764
50100,0.047715712
50300,0.009348219
50400,0.0104603795
50600,0.05031906
50800,0.004624052
50900,0.014716157
51000,0.0364372
51200,0.0051598083
51600,0.049407374
51800,0.028054422
52000,0.018549552
52100,0.025205018
52500,0.020210207
52600,0.0067942413
52700,0.0051828176
53200,0.0064605935
53300,0.012974132
53400,0.10680531
53600,0.043173287
53900,0.008406589
54100,0.03633563
54200,0.030803377
54300,0.07684845
54400,0.04277067
54600,0.0011894037
55000,0.037782885
55200,0.016175624
55400,0.006877215
55500,0.010728501
55600,0.016051056
56200,0.01778088
56500,0.031309612
56700,0.1204394
56800,0.03641444
57000,0.017972413
57100,0.071816064
57200,0.051585693
57300,0.046266314
57500,0.062076505
57900,0.013818379
58000,0.04521281
58200,0.0027926802
58300,0.008063301
58500,0.047282327
58900,0.04005855
59100,0.025483603
59200,0.024443176
59500,0.00059870083
59600,0.0057830103
59800,0.021949684
59900,0.008209756
60400,0.007905537
60500,0.008152515
60800,0.05926706
61100,0.007347787
61300,0.0019386078
61400,0.00084749894
61700,0.04923401
62100,0.008157365
62400,0.055412393
62700,0.05437008
62800,0.05146103
63500,0.002568672
63600,0.04824739
63700,0.0611167
63800,0.06138161
63900,0.049621332
64300,0.02984189
64400,0.018764295
1,0.016021842
101,0.027612332
401,0.9079669
601,0.02950345
701,0.019532943
1001,0.021967221
1201,0.24121939
1701,0.016011083
2201,0.017177645
2701,0.17234986
2801,0.03287122
2901,0.029191596
3001,0.020007767
3101,0.091927186
3201,0.042136155
3301,0.014667708
3401,0.03795888
3701,0.13680941
4001,0.023633003
4101,0.0061197244
4201,0.08534329
4401,0.016415978
4701,0.008817368
4801,0.027525887
4901,0.022100182
5101,0.09720633
5201,0.035483766
5701,0.016103819
5901,0.014159264
6201,0.0211232
6301,0.02411637
6501,0.022329202
6601,0.018480591
6801,0.019322269
6901,0.6881681
7001,0.61479825
7201,0.9188772
7401,0.056950435
7501,0.05861571
7701,0.032002494
7901,0.11893261
8101,0.015857175
8201,0.027732007
8301,0.022031805
8401,0.021451723
8501,0.018537512
8601,0.018990856
8701,0.024730455
8901,0.012371092
9001,0.022438118
9201,0.01679328
9501,0.044546116
9801,0.02146944
9901,0.017480543
10101,0.07929812
10401,0.023984745
10501,0.018681925
10601,0.003995324
10701,0.046874374
10901,0.04268444
11201,0.018703109
11301,0.09619168
11701,0.45993468
11901,0.019576896
12101,0.02611362
12401,0.011550001
12701,0.036360838
12901,0.0037695447
13001,0.019630304
13401,0.015522132
13501,0.028664034
13601,0.017316094
13701,0.02011822
13901,0.08922445
14301,0.025290692
14401,0.0030911218
15401,0.0050939224
15601,0.021173824
15701,0.007674439
15801,0.019609129
15901,0.017210038
16101,0.50548303
16201,0.028490486
16301,0.02379468
16401,0.027225565
16501,0.94554645
16601,0.011771038
17001,0.017577462
17101,0.029148454
17201,0.02132078
17301,0.029504396
17401,0.07697709
17601,0.12422815
17701,0.015089192
17901,0.022866178
18001,0.02107083
18101,0.053511173
18201,0.53883517
18401,0.026739635
18501,0.018499032
18701,0.44385448
18801,0.059814204
19101,0.03468325
19501,0.03298409
19601,0.4973037
19701,0.029187921
19801,0.23716336
20701,0.02159794
20801,0.031121911
20901,0.12121046
21101,0.051153664
21201,0.21229066
21401,0.008175506
21801,0.030280557
22001,0.02483308
22301,0.17634606
22401,0.022609314
22501,0.026714105
22601,0.028562823
22901,0.727503
23001,0.91542506
23201,0.082326524
23301,0.102998815
23601,0.01423368
23701,0.16485274
23801,0.501385
23901,0.031417143
24101,0.018860098
24201,0.02382955
24401,0.46472964
24501,0.21878506
24601,0.74052715
24701,0.0153156845
25301,0.5560352
25401,0.05687916
25801,0.0006177053
26001,0.007715972
26101,0.016737144
26201,0.030260304
26301,0.011822766
26401,0.016924242
26601,0.02289214
26701,0.053369123
26801,0.04624946
26901,0.08055749
27001,0.016224582
27301,0.018402811
27401,0.10753389
27501,0.5252739
27901,0.0060131564
28001,0.013015311
28101,0.005485488
28301,0.023724979
28401,0.025879517
29001,0.00991216
29101,0.017268233
29301,0.023522891
29601,0.0514778
29701,0.0106753055
29801,0.020294707
29901,0.028275657
30001,0.03334198
30101,0.003466286
30301,0.028499838
30401,0.020646758
30701,0.003415092
30801,0.05498801
31101,0.00793
31201,0.019488009
31601,0.018216267
31701,0.0021847156
31801,0.00865042
31901,0.034839243
32001,0.010113294
32101,0.026924284
32801,0.024471197
33001,0.03754185
33101,0.029385136
33501,0.02517205
33701,0.019103182
33801,0.025011051
33901,0.95989907
34001,0.035022292
34201,0.29623643
34301,0.021230882
34401,0.21146637
34501,0.26505852
34601,0.029091947
34801,0.9508294
35001,0.04871268
35201,0.08379368
35301,0.021318208
35501,0.028315526
35601,0.016053557
35701,0.040076938
35901,0.03690263
36001,0.007728078
36101,0.026418898
36601,0.0045454367
37201,0.081133395
37401,0.05687241
37501,0.12227165
37601,0.0020940464
37701,0.018420963
38101,0.024709983
38201,0.009263977
38301,0.03489861
38401,0.026712222
38601,0.03425267
38801,0.011833321
39101,0.02417042
39201,0.5472347
39301,0.10842129
39401,0.30737358
39601,0.055092786
39701,0.0037594393
39901,0.04705894
40001,0.85237586
40201,0.013928437
40501,0.043716747
40601,0.021803647
41801,0.013409511
42001,0.018953912
42701,0.108871184
42901,0.025575766
43601,0.018713959
44201,0.023224523
44501,0.088822514
44701,0.050317142
44901,0.01589207
45201,0.6389354
45301,0.047498878
45501,0.04988235
45601,0.020829821
46101,0.004843274
46301,0.025157519
46501,0.0029289452
46901,0.025739461
47001,0.022586219
47101,0.0021028153
47201,0.038518842
47301,0.035240997
47601,0.016432254
47701,0.026145812
47801,0.022869488
47901,0.018021826
48201,0.0432405
48601,0.028207824
48701,0.8855776
49101,0.020069389
49201,0.03283685
49601,0.13053295
49701,0.25570533
49901,0.030974424
50101,0.020680567
50301,0.05826801
50401,0.032165803
50601,0.21627234
50801,0.18329652
50901,0.08432781
51001,0.01960679
51201,0.74959517
51601,0.13101165
51801,0.02848282
52001,0.200653
52101,0.07638553
52501,0.114749365
52601,0.005415527
52701,6.317392e-05
53201,0.25349844
53301,0.30080017
53401,0.060896523
53601,0.04121046
53901,0.0023300038
54101,0.016337603
54201,0.02736569
54301,0.008813214
54401,0.020410378
54601,0.002726216
55001,0.03517548
55201,0.018919602
55401,0.14910571
55501,0.13264753
55601,0.074013114
56201,0.031971443
56501,0.017313639
56701,0.027880488
56801,0.2646615
57001,0.006820417
57101,0.016156217
57201,0.022371504
57301,0.098171905
57501,0.022680325
57901,0.027365008
58001,0.016543545
58201,0.005175569
58301,0.093459964
58501,0.029925374
58901,0.049499594
59101,0.017971322
59201,0.005637547
59501,0.006358916
59601,0.0063809855
59801,0.029108685
59901,0.17383991
60401,0.0063913222
60501,0.07767541
60801,0.02601057
61101,0.10144501
61301,0.0036369045
61401,0.0028751183
61701,0.021328678
62101,0.028841777
62401,0.037251987
62701,0.017773652
62801,0.02811694
63501,0.0030192812
63601,0.036958158
63701,0.037022676
63801,0.021772765
63901,0.024536714
64301,0.02268456
64401,0.048177674
2,0.03238905
102,0.026895199
402,0.0038614213
602,0.017152159
702,0.022879979
1002,0.031742387
1202,0.10648459
1702,0.018589256
2202,0.035080597
2702,0.047027316
2802,0.05286918
2902,0.019611493
3002,0.008738307
3102,0.046747558
3202,0.020573677
3302,0.00570831
3402,0.034603506
3702,0.096422866
4002,0.0077040666
4102,0.0011006803
4202,0.01624156
4402,0.022033453
4702,0.0018955421
4802,0.020450616
4902,0.019934468
5102,0.007872992
5202,0.021119261
5702,0.024940372
5902,0.013902002
6202,0.017245993
6302,0.01896033
6502,0.031544365
6602,0.02497932
6802,0.03395539
6902,0.0036202625
7002,0.036581732
7202,0.0016049353
7402,0.061161157
7502,0.052590206
7702,0.02454532
7902,0.056367196
8102,0.018766439
8202,0.01968191
8302,0.019577337
8402,0.024833843
8502,0.030835522
8602,0.020532856
8702,0.040206682
8902,0.022475634
9002,0.025327824
9202,0.0158702
9502,0.09755305
9802,0.02175138
9902,0.018141923
10102,0.055040184
10402,0.023380792
10502,0.018405756
10602,0.2373581
10702,0.034147702
10902,0.011270105
11202,0.033817526
11302,0.009731278
11702,0.003942702
11902,0.021130793
12102,0.08684421
12402,0.046177097
12702,0.018466357
12902,0.0023953407
13002,0.01078636
13402,0.017709443
13502,0.024327649
13602,0.065231666
13702,0.031361386
13902,0.022334477
14302,0.03793651
14402,0.0031107864
15402,0.011281701
15602,0.014027177
15702,0.021395924
15802,0.018808201
15902,0.029830454
16102,0.014257946
16202,0.028329846
16302,0.035859253
16402,0.028347325
16502,0.0051375995
16602,0.0257404
17002,0.012660276
17102,0.031137645
17202,0.019554697
17302,0.03852953
17402,0.016987663
17602,0.0151788285
17702,0.013580604
17902,0.024705637
18002,0.029400941
18102,0.0041321856
18202,0.036540844
18402,0.017744089
18502,0.08030346
18702,0.047238465
18802,0.036234405
19102,0.020008653
19502,0.032558985
19602,0.030863052
19702,0.04936266
19802,0.10408837
20702,0.021704154
20802,0.017377067
20902,0.025320303
21102,0.021556018
21202,0.08511289
21402,0.006248866
21802,0.020090826
22002,0.049335
22302,0.04956953
22402,0.026128639
22502,0.025142772
22602,0.028771516
22902,0.0015914094
23002,0.010396111
23202,0.08082259
23302,0.03161439
23602,0.014085735
23702,0.022596179
23802,0.08780944
23902,0.025239257
24102,0.024692949
24202,0.0123087745
24402,0.021803489
24502,0.0424647
24602,0.06165359
24702,0.031371575
25302,0.04072152
25402,0.0758625
25802,0.002457206
26002,0.02297422
26102,0.027013734
26202,0.031467088
26302,0.010326214
26402,0.045821026
26602,0.022397349
26702,0.0153891165
26802,0.016615238
26902,0.092727
27002,0.03171936
27302,0.057228316
27402,0.06525891
27502,0.0043638237
27902,0.022653429
28002,0.023753027
28102,0.0099256495
28302,0.008814436
28402,0.030883575
29002,0.014196056
29102,0.018083876
29302,0.017130814
29602,0.08363984
29702,0.021871815
29802,0.02558372
29902,0.042922653
30002,0.018022234
30102,0.0060967607
30302,0.034954716
30402,0.023971543
30702,0.013787419
30802,0.057160523
31102,0.010689377
31202,0.022437148
31602,0.021130282
31702,0.003926876
31802,0.016291033
31902,0.034482185
32002,0.074751735
32102,0.019436615
32802,0.025870224
33002,0.023095803
33102,0.016858613
33502,0.021995395
33702,0.0276764
33802,0.025683505
33902,0.0057922117
34002,0.034007076
34202,0.005803747
34302,0.06464274
34402,0.06393815
34502,0.03262063
34602,0.0953764
34802,0.0024456163
35002,0.040035103
35202,0.02889926
35302,0.0069615915
35502,0.024167556
35602,0.020401401
35702,0.023704255
35902,0.014833769
36002,0.012597784
36102,0.0443412
36602,0.013667172
37202,0.034544855
37402,0.009965535
37502,0.049670875
37602,0.0036075672
37702,0.022053009
38102,0.028098386
38202,0.04678051
38302,0.014949641
38402,0.022359556
38602,0.02361705
38802,0.028739097
39102,0.018482516
39202,0.002815714
39302,0.0058273235
39402,0.011717906
39602,0.020810964
39702,0.010920781
39902,0.044801466
40002,0.024185076
40202,0.014093842
40502,0.022696286
40602,0.01920914
41802,0.04072107
42002,0.02303688
42702,0.016719751
42902,0.15807918
43602,0.064583875
44202,0.026880683
44502,0.061398245
44702,0.028340627
44902,0.02346064
45202,0.008241926
45302,0.023458393
45502,0.03892809
45602,0.014770062
46102,0.11637958
46302,0.0308642
46502,0.008672039
46902,0.020681065
47002,0.04854117
47102,0.0053265956
47202,0.023351299
47302,0.027839838
47602,0.021981992
47702,0.017786223
47802,0.0198716
47902,0.019801447
48202,0.016433539
48602,0.022942336
48702,0.008815166
49102,0.03489365
49202,0.033465885
49602,0.02293332
49702,0.003230169
49902,0.037628148
50102,0.020562667
50302,0.07524147
50402,0.017314872
50602,0.007175215
50802,0.042697664
50902,0.022125347
51002,0.060717657
51202,0.013682788
51602,0.011864059
51802,0.028585412
52002,0.06889386
52102,0.017463636
52502,0.06388626
52602,0.006363403
52702,3.2773693e-05
53202,0.09719411
53302,0.0097631
53402,0.01444313
53602,0.039026678
53902,0.0021972875
54102,0.029346768
54202,0.024944171
54302,0.024000715
54402,0.031783354
54602,0.017794091
55002,0.038763147
55202,0.0057937843
55402,0.011755642
55502,0.13350222
55602,0.060692165
56202,0.02077842
56502,0.01665114
56702,0.019327523
56802,0.040882394
57002,0.014710884
57102,0.024339054
57202,0.022063179
57302,0.036505666
57502,0.02392157
57902,0.024545528
58002,0.021832388
58202,0.013502432
58302,0.1650256
58502,0.021891553
58902,0.09137457
59102,0.0108914785
59202,0.014638496
59502,0.012549673
59602,0.011144825
59802,0.04809375
59902,0.044194415
60402,0.022807486
60502,0.04485519
60802,0.03362386
61102,0.2944604
61302,0.011811557
61402,0.011344748
61702,0.040406108
62102,0.029134482
62402,0.016968768
62702,0.01604136
62802,0.028467765
63502,0.011184572
63602,0.027012477
63702,0.026780047
63802,0.0316949
63902,0.026772402
64302,0.028926052
64402,0.043665487
3,0.012146797
103,0.011515924
403,0.00010183497
603,0.008078555
703,0.010211507
1003,0.010441685
1203,0.0005722255
1703,0.014161854
2203,0.020321328
2703,0.0010798093
2803,0.0049863774
2903,0.01823598
3003,0.0025194264
3103,0.008139948
3203,0.0041088653
3303,0.0069314986
3403,0.0073002875
3703,0.0069834967
4003,0.006569693
4103,0.0015879724
4203,0.004711793
4403,0.009341677
4703,0.002277023
4803,0.008166466
4903,0.004982935
5103,0.004333523
5203,0.02314362
5703,0.030069316
5903,0.0066806334
6203,0.021306034
6303,0.0059356797
6503,0.021446124
6603,0.020753533
6803,0.053956933
6903,0.00088596175
7003,0.0013561855
7203,0.00024594553
7403,0.01306836
7503,0.008468758
7703,0.0134759685
7903,0.00296899
8103,0.00598207
8203,0.009983685
8303,0.007931805
8403,0.033384807
8503,0.0112943165
8603,0.014474325
8703,0.007951248
8903,0.013761568
9003,0.005294078
9203,0.0061344136
9503,0.019341689
9803,0.016947571
9903,0.017032605
10103,0.010756569
10403,0.0123545155
10503,0.008201473
10603,0.36152467
10703,0.008399156
10903,0.0092660235
11203,0.007465361
11303,0.0008389449
11703,0.0025468988
11903,0.008953726
12103,0.15128867
12403,0.013575426
12703,0.009570439
12903,0.0023290839
13003,0.003786659
13403,0.008483101
13503,0.0069940155
13603,0.10775714
13703,0.044883717
13903,0.00927592
14303,0.031543843
14403,0.003328782
15403,0.00078307546
15603,0.012382453
15703,0.032306455
15803,0.019260708
15903,0.009598906
16103,0.0015820421
16203,0.011021579
16303,0.009656469
16403,0.013233643
16503,3.2801538e-05
16603,0.001113465
17003,0.005680913
17103,0.010842923
17203,0.010128877
17303,0.008336498
17403,0.007996903
17603,0.0012766501
17703,0.0054697455
17903,0.013565254
18003,0.013606726
18103,0.00032392566
18203,0.00085926085
18403,0.0036818043
18503,0.01513578
18703,0.0013655555
18803,0.010336224
19103,0.0012469529
19503,0.010831126
19603,0.0011915112
19703,0.009278626
19803,0.00330565
20703,0.019699613
20803,0.0036773963
20903,0.005301547
21103,0.008105484
21203,0.014380955
21403,0.02976444
21803,0.02547928
22003,0.05726309
22303,0.009371963
22403,0.012637761
22503,0.013989338
22603,0.010399589
22903,0.00079741434
23003,0.00021770898
23203,0.009658282
23303,0.008045567
23603,0.0046846913
23703,0.0036274737
23803,0.0032490224
23903,0.013286603
24103,0.012818686
24203,0.0052083177
24403,0.0009186499
24503,0.002712007
24603,0.00087791117
24703,0.0036217086
25303,0.002021014
25403,0.0055328305
25803,8.7944245e-05
26003,0.0045982706
26103,0.0049824957
26203,0.03872822
26303,0.0058442876
26403,0.072569355
26603,0.012218814
26703,0.00851444
26803,0.0031111916
26903,0.0055479314
27003,0.006620649
27303,0.007313922
27403,0.018365636
27503,0.0020990097
27903,0.0013098528
28003,0.0017639591
28103,0.0018931793
28303,0.007102512
28403,0.017222617
29003,0.0033932875
29103,0.0145248175
29303,0.012582914
29603,0.053006325
29703,0.008535314
29803,0.011780144
29903,0.026635591
30003,0.018519213
30103,0.0015574973
30303,0.013834703
30403,0.014757233
30703,0.00088258664
30803,0.019264897
31103,0.0004911569
31203,0.014282997
31603,0.016192706
31703,0.0035147052
31803,0.002196042
31903,0.011731049
32003,0.09874455
32103,0.018191136
32803,0.009098493
33003,0.012007786
33103,0.009955288
33503,0.0062719374
33703,0.013172348
33803,0.011174093
33903,2.3442983e-05
34003,0.008930858
34203,0.00055012666
34303,0.012515331
34403,0.004122179
34503,0.00526752
34603,0.0072642206
34803,2.204421e-05
35003,0.0065406575
35203,0.009326758
35303,0.0059060906
35503,0.011746363
35603,0.0067891786
35703,0.005432285
35903,0.0012715837
36003,0.009090925
36103,0.0096231615
36603,0.0013098706
37203,0.006291736
37403,0.005638058
37503,0.020816272
37603,0.0020915186
37703,0.0071628345
38103,0.010232382
38203,0.12075423
38303,0.015272057
38403,0.010484742
38603,0.007221625
38803,0.023162553
39103,0.010664199
39203,0.0011145273
39303,0.0019096369
39403,0.001159841
39603,0.0053681517
39703,0.000841958
39903,0.008015396
40003,0.00042938453
40203,0.00900881
40503,0.014882658
40603,0.016814481
41803,0.001959885
42003,0.030960852
42703,0.010466555
42903,0.08026319
43603,0.016771045
44203,0.018976439
44503,0.0044942456
44703,0.012145297
44903,0.022245625
45203,0.002302655
45303,0.011403568
45503,0.020379296
45603,0.014742226
46103,0.2742535
46303,0.014991507
46503,0.00022359383
46903,0.017098976
47003,0.0022727237
47103,0.00029816316
47203,0.004914685
47303,0.015916053
47603,0.027041199
47703,0.008214108
47803,0.011158838
47903,0.0106485505
48203,0.0027453483
48603,0.011473936
48703,0.00013146606
49103,0.0074335923
49203,0.009808368
49603,0.013770178
49703,8.471453e-05
49903,0.013212281
50103,0.011438913
50303,0.0037635474
50403,0.0026604412
50603,0.00791349
50803,0.0015625975
50903,0.0034921984
51003,0.011735282
51203,0.001277013
51603,0.015709396
51803,0.011144872
52003,0.010920695
52103,0.0052382187
52503,0.008801321
52603,0.010611288
52703,0.000103209015
53203,0.016449668
53303,0.0046689627
53403,0.025727978
53603,0.015352901
53903,0.0014012757
54103,0.009388579
54203,0.009699713
54303,0.027069155
54403,0.017747361
54603,0.0043811062
55003,0.012201565
55203,0.0030543576
55403,0.0017310817
55503,0.02005143
55603,0.009066879
56203,0.004079377
56503,0.008059799
56703,0.024801074
56803,0.013374711
57003,0.005055565
57103,0.013150737
57203,0.010933733
57303,0.022013752
57503,0.016035534
57903,0.00814167
58003,0.009314143
58203,0.00091643585
58303,0.0022524127
58503,0.009912696
58903,0.014160916
59103,0.007203566
59203,0.009361418
59503,0.0001790411
59603,0.0050053606
59803,0.026513278
59903,0.004101674
60403,0.003862081
60503,0.00358737
60803,0.028339684
61103,0.023620978
61303,0.0007924888
61403,0.0008733238
61703,0.019592773
62103,0.007515516
62403,0.01747593
62703,0.019420529
62803,0.01304058
63503,0.0009306486
63603,0.024927601
63703,0.018704
63803,0.022262493
63903,0.011233662
64303,0.007820879
64403,0.017715074
4,0.10332894
104,0.053548325
404,0.00020115329
604,0.1199077
704,0.10291151
1004,0.068640985
1204,0.01105953
1704,0.042656563
2204,0.0691495
2704,0.014430198
2804,0.107674405
2904,0.027088298
3004,0.044369858
3104,0.070132606
3204,0.08595201
3304,0.014445981
3404,0.08300621
3704,0.049531557
4004,0.0529336
4104,0.0010406626
4204,0.10614729
4404,0.11598073
4704,0.018832015
4804,0.05214785
4904,0.11762739
5104,0.061162613
5204,0.07017332
5704,0.057263978
5904,0.05281749
6204,0.059427563
6304,0.11641273
6504,0.0768493
6604,0.07996874
6804,0.05555536
6904,0.009101149
7004,0.016598733
7204,0.0012498556
7404,0.038733475
7504,0.030923253
7704,0.06476471
7904,0.12915392
8104,0.114939734
8204,0.07738377
8304,0.15420194
8404,0.050461072
8504,0.07625209
8604,0.071973555
8704,0.08941266
8904,0.08497453
9004,0.1796242
9204,0.14727417
9504,0.011598817
9804,0.052416377
9904,0.05636152
10104,0.056424122
10404,0.067043364
10504,0.086754456
10604,0.0039316667
10704,0.048999183
10904,0.071301
11204,0.1501081
11304,0.017845461
11704,0.01651572
11904,0.09152697
12104,0.020204933
12404,0.099681295
12704,0.1081583
12904,0.025835847
13004,0.17639309
13404,0.10833208
13504,0.06481041
13604,0.039126385
13704,0.062572785
13904,0.051200997
14304,0.06796914
14404,0.16782786
15404,0.30801046
15604,0.05624447
15704,0.08941985
15804,0.0642312
15904,0.1147425
16104,0.027145607
16204,0.10056761
16304,0.11736471
16404,0.0487137
16504,3.3689714e-05
16604,0.08321631
17004,0.09521904
17104,0.049583238
17204,0.036151256
17304,0.08742214
17404,0.015925888
17604,0.05576493
17704,0.04020271
17904,0.04058215
18004,0.04810531
18104,0.006966244
18204,0.007978024
18404,0.042903475
18504,0.07373436
18704,0.05183965
18804,0.042187903
19104,0.018031968
19504,0.070914894
19604,0.010840767
19704,0.08853541
19804,0.055638984
20704,0.054508433
20804,0.094321884
20904,0.0502789
21104,0.09622839
21204,0.014126526
21404,0.02354072
21804,0.06308456
22004,0.036863834
22304,0.023327192
22404,0.09495362
22504,0.07990132
22604,0.08637878
22904,0.0038467033
23004,0.00050062366
23204,0.01876504
23304,0.046010863
23604,0.19543578
23704,0.064447336
23804,0.009172464
23904,0.065211765
24104,0.09378632
24204,0.17509818
24404,0.0253319
24504,0.07879151
24604,0.005455027
24704,0.24657007
25304,0.0013839412
25404,0.089308344
25804,0.13454439
26004,0.16034468
26104,0.13989073
26204,0.04387689
26304,0.04409176
26404,0.028128712
26604,0.08619623
26704,0.09586077
26804,0.16549858
26904,0.060774583
27004,0.16350922
27304,0.14321423
27404,0.031700563
27504,0.011206196
27904,0.4582869
28004,0.23594469
28104,0.18050112
28304,0.064466216
28404,0.071723
29004,0.3012784
29104,0.068511456
29304,0.06552579
29604,0.027011411
29704,0.10604773
29804,0.09600072
29904,0.039447755
30004,0.086699694
30104,0.18635052
30304,0.09002701
30404,0.06333806
30704,0.24151643
30804,0.05138693
31104,0.07285163
31204,0.07709226
31604,0.10683686
31704,0.16359518
31804,0.40278846
31904,0.07247409
32004,0.048889495
32104,0.031552393
32804,0.08456572
33004,0.033715166
33104,0.029635172
33504,0.14246161
33704,0.05213346
33804,0.036230158
33904,9.1404494e-05
34004,0.047320854
34204,0.0029694333
34304,0.065850295
34404,0.034135778
34504,0.037279677
34604,0.095099695
34804,0.00014114182
35004,0.085235186
35204,0.035807732
35304,0.071601845
35504,0.037413854
35604,0.076186426
35704,0.047811422
35904,0.03785274
36004,0.14918841
36104,0.09163615
36604,0.018442037
37204,0.017475778
37404,0.044033114
37504,0.034286324
37604,0.18939239
37704,0.13012697
38104,0.10960963
38204,0.04666566
38304,0.056107607
38404,0.10170913
38604,0.04598378
38804,0.025146239
39104,0.10007136
39204,0.011628157
39304,0.10394016
39404,0.054797713
39604,0.113017805
39704,0.00032841123
39904,0.086213864
40004,0.003419138
40204,0.035521947
40504,0.07407029
40604,0.0381338
41804,0.06479259
42004,0.028513115
42704,0.06719735
42904,0.016651606
43604,0.0718346
44204,0.07285625
44504,0.068589926
44704,0.08222795
44904,0.064737625
45204,0.009211147
45304,0.055352308
45504,0.06931369
45604,0.07113523
46104,0.012369445
46304,0.08128168
46504,0.041339714
46904,0.03957823
47004,0.23116495
47104,0.0639234
47204,0.13253914
47304,0.07769703
47604,0.043103304
47704,0.05776412
47804,0.07207278
47904,0.107335426
48204,0.14817512
48604,0.111607686
48704,9.6714924e-05
49104,0.12688085
49204,0.10856368
49604,0.022786329
49704,0.0039481125
49904,0.08811195
50104,0.034513135
50304,0.07587746
50404,0.17327692
50604,0.027836591
50804,0.033321038
50904,0.058486413
51004,0.088972226
51204,0.007272365
51604,0.02410178
51804,0.107895754
52004,0.029691089
52104,0.11396652
52504,0.04805294
52604,0.047978126
52704,0.013358379
53204,0.0057856245
53304,0.028452821
53404,0.03453644
53604,0.030442813
53904,0.04133574
54104,0.13396099
54204,0.11874863
54304,0.0649491
54404,0.07943112
54604,0.00027715293
55004,0.07144827
55204,0.09728596
55404,0.09585913
55504,0.009742078
55604,0.020303085
56204,0.1792766
56504,0.13406147
56704,0.046132036
56804,0.024303652
57004,0.12993571
57104,0.078854054
57204,0.092726335
57304,0.03472476
57504,0.039287623
57904,0.113364734
58004,0.12778139
58204,0.33691502
58304,0.045683224
58504,0.07314184
58904,0.034003623
59104,0.13532786
59204,0.1535876
59504,0.0793713
59604,0.09021035
59804,0.052250497
59904,0.041788816
60404,0.1594867
60504,0.07802302
60804,0.06789761
61104,0.010475125
61304,0.15432553
61404,0.06561549
61704,0.02872126
62104,0.072786175
62404,0.063453086
62704,0.06912746
62804,0.086869486
63504,0.33437675
63604,0.06743627
63704,0.066374674
63804,0.08107671
63904,0.08871359
64304,0.11599196
64404,0.053350914
5,0.015728263
105,0.011821389
405,9.6910255e-05
605,0.013007028
705,0.022653092
1005,0.012549785
1205,0.00055093475
1705,0.013866493
2205,0.022879992
2705,0.0013686104
2805,0.006392445
2905,0.018754337
3005,0.0042410623
3105,0.013197876
3205,0.006903521
3305,0.009521163
3405,0.012472086
3705,0.008820822
4005,0.008201632
4105,0.0013307733
4205,0.014029228
4405,0.022871945
4705,0.0034056758
4805,0.017328726
4905,0.011031065
5105,0.012561153
5205,0.023654424
5705,0.02479555
5905,0.014480243
6205,0.017966555
6305,0.013981826
6505,0.025663197
6605,0.018974451
6805,0.035393246
6905,0.0110399565
7005,0.0036404233
7205,0.0017429235
7405,0.011941866
7505,0.007480897
7705,0.02392522
7905,0.007898904
8105,0.013780382
8205,0.022567378
8305,0.014405003
8405,0.039043885
8505,0.017853338
8605,0.027835926
8705,0.015599452
8905,0.031374846
9005,0.016455812
9205,0.01500592
9505,0.0064022047
9805,0.02768914
9905,0.038191065
10105,0.013378509
10405,0.024396906
10505,0.022447577
10605,0.028317483
10705,0.019970674
10905,0.017998133
11205,0.014411056
11305,0.0018789361
11705,0.013674535
11905,0.021242546
12105,0.032315146
12405,0.013448886
12705,0.014427343
12905,0.010775457
13005,0.011443617
13405,0.021422166
13505,0.015351723
13605,0.03370166
13705,0.037825845
13905,0.021719154
14305,0.023583345
14405,0.015498348
15405,0.0030818041
15605,0.019408561
15705,0.028612087
15805,0.036842708
15905,0.021014282
16105,0.0057032113
16205,0.019572973
16305,0.013688741
16405,0.011323568
16505,1.2407767e-05
16605,0.0016027079
17005,0.017290045
17105,0.009955407
17205,0.009688501
17305,0.012570331
17405,0.007290198
17605,0.0050202245
17705,0.011901995
17905,0.012175411
18005,0.011856396
18105,0.0005558552
18205,0.0016176497
18405,0.0039325873
18505,0.013448407
18705,0.0046537556
18805,0.014728114
19105,0.002023491
19505,0.016151365
19605,0.0020875996
19705,0.014145747
19805,0.006550075
20705,0.025691913
20805,0.008087263
20905,0.009008022
21105,0.014449642
21205,0.0068838065
21405,0.16114774
21805,0.021564858
22005,0.030063707
22305,0.0138383135
22405,0.016657181
22505,0.02216672
22605,0.014191417
22905,0.008309672
23005,0.00024222564
23205,0.008382702
23305,0.016508754
23605,0.012083286
23705,0.008747481
23805,0.0032176399
23905,0.022360615
24105,0.023064855
24205,0.013237742
24405,0.003902695
24505,0.008417534
24605,0.0016330197
24705,0.008587925
25305,0.0007353481
25405,0.008184065
25805,0.00023169284
26005,0.010311965
26105,0.014491375
26205,0.030399214
26305,0.018917453
26405,0.06415664
26605,0.023572098
26705,0.01641692
26805,0.010085506
26905,0.009243323
27005,0.01712224
27305,0.01089672
27405,0.014799125
27505,0.008580804
27905,0.002920395
28005,0.0055785263
28105,0.006802301
28305,0.011649301
28405,0.02415001
29005,0.008559345
29105,0.018468717
29305,0.023664512
29605,0.04504075
29705,0.016568046
29805,0.021188824
29905,0.015343285
30005,0.035196792
30105,0.0050678537
30305,0.01724445
30405,0.023841476
30705,0.0021591526
30805,0.014480402
31105,0.0012451329
31205,0.026618665
31605,0.036280807
31705,0.014418519
31805,0.0072429185
31905,0.015587165
32005,0.030217508
32105,0.013714789
32805,0.01706516
33005,0.0114163635
33105,0.010117063
33505,0.012259696
33705,0.013816666
33805,0.0096134385
33905,3.6107987e-05
34005,0.012479881
34205,0.00079682056
34305,0.0110306665
34405,0.0071863285
34505,0.023922045
34605,0.011416067
34805,4.694976e-05
35005,0.012733672
35205,0.012663359
35305,0.01150465
35505,0.013267645
35605,0.01404226
35705,0.01202596
35905,0.0026066422
36005,0.027771197
36105,0.016519373
36605,0.0012359507
37205,0.0060056667
37405,0.0114315525
37505,0.0151012475
37605,0.00801676
37705,0.02132177
38105,0.017332653
38205,0.036272254
38305,0.020922258
38405,0.019640302
38605,0.013037152
38805,0.014458466
39105,0.0428145
39205,0.009784807
39305,0.015720913
39405,0.00967796
39605,0.013111236
39705,7.254681e-05
39905,0.015425567
40005,0.0009746653
40205,0.016517846
40505,0.021780705
40605,0.016642464
41805,0.002543294
42005,0.021558514
42705,0.022559471
42905,0.024433585
43605,0.014844605
44205,0.012376117
44505,0.005864427
44705,0.016897457
44905,0.03130598
45205,0.009361896
45305,0.023886189
45505,0.019654222
45605,0.014190345
46105,0.023399273
46305,0.020064488
46505,0.00024696556
46905,0.017397614
47005,0.0049125
47105,0.0006229735
47205,0.008277956
47305,0.018081095
47605,0.03398782
47705,0.01998329
47805,0.019224787
47905,0.024281252
48205,0.0068730875
48605,0.022775631
48705,5.0853225e-05
49105,0.011827431
49205,0.017837785
49605,0.014308836
49705,0.00043834938
49905,0.016694866
50105,0.01019281
50305,0.0057225507
50405,0.008564698
50605,0.06729645
50805,0.0030351775
50905,0.012973012
51005,0.017431831
51205,0.00436632
51605,0.03481186
51805,0.015119684
52005,0.010639578
52105,0.016118217
52505,0.010322019
52605,0.013577105
52705,0.0015047237
53205,0.0051632845
53305,0.011572306
53405,0.04490226
53605,0.012507445
53905,0.006141459
54105,0.020764349
54205,0.017864976
54305,0.03839781
54405,0.021643618
54605,0.00021500769
55005,0.016404852
55205,0.017753618
55405,0.008562155
55505,0.006123774
55605,0.005421043
56205,0.010690954
56505,0.014284924
56705,0.028343279
56805,0.021319097
57005,0.014801938
57105,0.030284993
57205,0.02185677
57305,0.023391271
57505,0.014004299
57905,0.010471529
58005,0.025292354
58205,0.0025560718
58305,0.0050189993
58505,0.022394715
58905,0.011505532
59105,0.041902855
59205,0.029357193
59505,0.00042096394
59605,0.008994387
59805,0.01623381
59905,0.0060588294
60405,0.008800962
60505,0.005355799
60805,0.024538772
61105,0.0064816107
61305,0.0017528625
61405,0.0009558945
61705,0.011496751
62105,0.009099938
62405,0.021990445
62705,0.021001061
62805,0.021758243
63505,0.0031491604
63605,0.022108855
63705,0.023611365
63805,0.023964
63905,0.024460431
64305,0.015123912
64405,0.012446781
6,0.042101752
106,0.020955343
406,0.00016391292
606,0.091834724
706,0.018719865
1006,0.030952036
1206,0.0024236056
1706,0.025033586
2206,0.046222534
2706,0.010107127
2806,0.007960209
2906,0.009398732
3006,0.041364916
3106,0.012243148
3206,0.014713114
3306,0.0054473337
3406,0.02547978
3706,0.018618433
4006,0.064826556
4106,0.0067333602
4206,0.09583273
4406,0.012178255
4706,0.026803482
4806,0.013191488
4906,0.10649767
5106,0.10423348
5206,0.09455401
5706,0.05135991
5906,0.008508617
6206,0.07486386
6306,0.030108446
6506,0.025012303
6606,0.06465951
6806,0.032050036
6906,0.010301397
7006,0.006750679
7206,0.0047810944
7406,0.028597927
7506,0.01015077
7706,0.023863044
7906,0.035157774
8106,0.029912192
8206,0.025831355
8306,0.067590296
8406,0.031584658
8506,0.029940505
8606,0.04455643
8706,0.02234756
8906,0.029539956
9006,0.022851523
9206,0.06015239
9506,0.007125912
9806,0.027317164
9906,0.026435466
10106,0.018507242
10406,0.015537283
10506,0.017937323
10606,0.013204823
10706,0.09669131
10906,0.13541481
11206,0.050992575
11306,0.011589066
11706,0.034356702
11906,0.016834553
12106,0.015734162
12406,0.019711193
12706,0.11609358
12906,0.0052888384
13006,0.20010486
13406,0.024887228
13506,0.013875861
13606,0.03807131
13706,0.038928635
13906,0.11170913
14306,0.037894167
14406,0.035341304
15406,0.004388575
15606,0.035385344
15706,0.059816837
15806,0.033468593
15906,0.030882541
16106,0.014057903
16206,0.02810512
16306,0.03373785
16406,0.021501146
16506,2.6133464e-05
16606,0.009763304
17006,0.020526504
17106,0.019886173
17206,0.014930174
17306,0.03330199
17406,0.0049480177
17606,0.016242862
17706,0.0088259205
17906,0.019992681
18006,0.023165662
18106,0.02750172
18206,0.009695361
18406,0.037279114
18506,0.036015246
18706,0.036761515
18806,0.018827872
19106,0.0034135247
19506,0.0212829
19606,0.0044874265
19706,0.034035847
19806,0.02250662
20706,0.025908373
20806,0.017526038
20906,0.029610354
21106,0.05860676
21206,0.008343343
21406,0.08012952
21806,0.07711655
22006,0.026685677
22306,0.024576658
22406,0.040417857
22506,0.0375296
22606,0.030026933
22906,0.015427536
23006,0.00038671735
23206,0.0140301995
23306,0.049944893
23606,0.0997631
23706,0.058328968
23806,0.002794629
23906,0.025916006
24106,0.02904733
24206,0.14637442
24406,0.013035187
24506,0.021618819
24606,0.002039781
24706,0.03809143
25306,0.00066018436
25406,0.016985884
25806,0.00091989996
26006,0.006890598
26106,0.005692954
26206,0.029222736
26306,0.011498964
26406,0.061250705
26606,0.029744023
26706,0.11755122
26806,0.07153443
26906,0.0055394038
27006,0.035227418
27306,0.010795446
27406,0.006529057
27506,0.02002382
27906,0.016354121
28006,0.068404265
28106,0.0069245263
28306,0.103905514
28406,0.016574498
29006,0.0747002
29106,0.041520648
29306,0.03802078
29606,0.018550495
29706,0.0131153
29806,0.027475635
29906,0.025218407
30006,0.117914446
30106,0.015438191
30306,0.025544629
30406,0.032920096
30706,0.00899252
30806,0.020829616
31106,0.0027579903
31206,0.021303829
31606,0.041329596
31706,0.016052015
31806,0.014558986
31906,0.022909071
32006,0.036254525
32106,0.01340717
32806,0.017487977
33006,0.012559594
33106,0.010092258
33506,0.05826841
33706,0.027393928
33806,0.017769072
33906,0.00027190952
34006,0.022856347
34206,0.008258746
34306,0.024385298
34406,0.016037293
34506,0.023196127
34606,0.03251645
34806,0.00033514513
35006,0.014594388
35206,0.0108293705
35306,0.24469756
35506,0.020825116
35606,0.017244706
35706,0.018730216
35906,0.006750848
36006,0.020893749
36106,0.0094198715
36606,0.0030163706
37206,0.008554109
37406,0.07801376
37506,0.024924368
37606,0.015169929
37706,0.012357847
38106,0.024167718
38206,0.068466276
38306,0.06799709
38406,0.0537242
38606,0.006632506
38806,0.016674709
39106,0.027124228
39206,0.02530148
39306,0.2080796
39406,0.030750772
39606,0.107492715
39706,0.00032662932
39906,0.010959357
40006,0.002176867
40206,0.006991952
40506,0.03989363
40606,0.022383887
41806,0.005852411
42006,0.0171871
42706,0.07067176
42906,0.015253415
43606,0.011701642
44206,0.066397764
44506,0.0366449
44706,0.035302263
44906,0.028500138
45206,0.030330708
45306,0.04705482
45506,0.025575493
45606,0.09107142
46106,0.023552366
46306,0.026591841
46506,0.004680238
46906,0.018636903
47006,0.02768344
47106,0.0015990656
47206,0.027369453
47306,0.0478102
47606,0.01595991
47706,0.014803898
47806,0.040827494
47906,0.036641996
48206,0.023280269
48606,0.024898825
48706,6.2464576e-05
49106,0.014994704
49206,0.020155314
49606,0.008683132
49706,0.03294743
49906,0.020822402
50106,0.017433694
50306,0.0178933
50406,0.1682063
50606,0.034865744
50806,0.039141323
50906,0.0154634975
51006,0.054135226
51206,0.005322017
51606,0.02743157
51806,0.08922401
52006,0.01259603
52106,0.05233176
52506,0.013460731
52606,0.05873559
52706,0.002847189
53206,0.003254323
53306,0.086690195
53406,0.04283362
53606,0.015449569
53906,0.0058762436
54106,0.019025203
54206,0.039671034
54306,0.022986872
54406,0.025183812
54606,0.00047156974
55006,0.015919883
55206,0.03181484
55406,0.052631933
55506,0.004708152
55606,0.010976147
56206,0.03778022
56506,0.0755938
56706,0.037102528
56806,0.0095722
57006,0.005723845
57106,0.033076797
57206,0.02344899
57306,0.016642606
57506,0.023213811
57906,0.034323674
58006,0.027961465
58206,0.005671645
58306,0.006252712
58506,0.0141010005
58906,0.026314255
59106,0.013676285
59206,0.015654316
59506,0.0018506364
59606,0.036756415
59806,0.026245642
59906,0.012007686
60406,0.0068130656
60506,0.037913892
60806,0.035773184
61106,0.0068776407
61306,0.005070753
61406,0.009234749
61706,0.020577265
62106,0.01642703
62406,0.09082767
62706,0.08101223
62806,0.020797849
63506,0.0040894607
63606,0.056302384
63706,0.036318816
63806,0.034089383
63906,0.018722752
64306,0.022818074
64406,0.027027441
7,0.048353154
107,0.026891595
407,0.0031847507
607,0.08409365
707,0.05598623
1007,0.03589648
1207,0.02080874
1707,0.014404041
2207,0.03633526
2707,0.09453141
2807,0.10644755
2907,0.04068706
3007,0.046336554
3107,0.07920769
3207,0.1442627
3307,0.044543564
3407,0.050449554
3707,0.06534896
4007,0.14220856
4107,0.004614382
4207,0.07070682
4407,0.06248996
4707,0.07495607
4807,0.043174796
4907,0.05630886
5107,0.06997384
5207,0.09849019
5707,0.1560579
5907,0.08551145
6207,0.1899757
6307,0.078751266
6507,0.07541908
6607,0.11430086
6807,0.10395988
6907,0.049303066
7007,0.01581865
7207,0.007873804
7407,0.04723604
7507,0.034876373
7707,0.044846017
7907,0.0726894
8107,0.07634741
8207,0.048088927
8307,0.074545495
8407,0.06958055
8507,0.038538396
8607,0.046591714
8707,0.028731378
8907,0.035393175
9007,0.032142576
9207,0.069453105
9507,0.07820141
9807,0.03597219
9907,0.0465594
10107,0.11127957
10407,0.052291635
10507,0.06619308
10607,0.12001719
10707,0.07773156
10907,0.09036869
11207,0.07057271
11307,0.1228532
11707,0.09761414
11907,0.062855996
12107,0.16799235
12407,0.1223093
12707,0.080087155
12907,0.01900992
13007,0.10361195
13407,0.07777927
13507,0.037771218
13607,0.10080689
13707,0.076240666
13907,0.09888904
14307,0.06036098
14407,0.03488765
15407,0.007281565
15607,0.09022567
15707,0.17729126
15807,0.052597128
15907,0.04655005
16107,0.039426267
16207,0.073578164
16307,0.051801126
16407,0.021616561
16507,0.00021169207
16607,0.015206141
17007,0.06762171
17107,0.02642837
17207,0.012191791
17307,0.04562632
17407,0.010129793
17607,0.04751639
17707,0.03112682
17907,0.0145746935
18007,0.01740926
18107,0.06840616
18207,0.049583446
18407,0.047258906
18507,0.030933669
18707,0.07762909
18807,0.033094045
19107,0.008742611
19507,0.03624105
19607,0.031739864
19707,0.039809167
19807,0.11790385
20707,0.08431178
20807,0.18887241
20907,0.04944059
21107,0.08301896
21207,0.21671666
21407,0.041084815
21807,0.14054224
22007,0.05759774
22307,0.06445376
22407,0.088465534
22507,0.05597787
22607,0.105118304
22907,0.06711898
23007,0.0121880965
23207,0.03595715
23307,0.07024358
23607,0.05487688
23707,0.09831711
23807,0.061146513
23907,0.040914435
24107,0.052691076
24207,0.08943836
24407,0.020154703
24507,0.04185863
24607,0.009796899
24707,0.050189897
25307,0.0072604427
25407,0.22579308
25807,0.00046347763
26007,0.023468498
26107,0.04464414
26207,0.061220545
26307,0.04308872
26407,0.3545091
26607,0.05634748
26707,0.09158354
26807,0.16109936
26907,0.09351855
27007,0.06851549
27307,0.109509625
27407,0.0599643
27507,0.07133019
27907,0.022203542
28007,0.065631226
28107,0.014554259
28307,0.07718065
28407,0.11984668
29007,0.033874862
29107,0.107586935
29307,0.06813556
29607,0.21489404
29707,0.025639528
29807,0.07939485
29907,0.038251508
30007,0.09034798
30107,0.044388413
30307,0.06318125
30407,0.052019596
30707,0.012986565
30807,0.10255887
31107,0.0026298487
31207,0.071476854
31607,0.066239476
31707,0.036056302
31807,0.08500461
31907,0.08325437
32007,0.15026173
32107,0.010335282
32807,0.049300857
33007,0.015649572
33107,0.011381186
33507,0.06207495
33707,0.023092685
33807,0.013288255
33907,0.005646239
34007,0.030932572
34207,0.1888667
34307,0.02838168
34407,0.023838375
34507,0.026112286
34607,0.04241701
34807,0.0022778765
35007,0.038912505
35207,0.14099076
35307,0.07821632
35507,0.022955587
35607,0.03172059
35707,0.027938377
35907,0.06157509
36007,0.07423403
36107,0.08662167
36607,0.006191059
37207,0.016946571
37407,0.06258639
37507,0.12668088
37607,0.056743186
37707,0.052970774
38107,0.07862412
38207,0.10789169
38307,0.08179632
38407,0.08036198
38607,0.039120726
38807,0.031307284
39107,0.040340587
39207,0.13156696
39307,0.08877119
39407,0.055027507
39607,0.0646406
39707,0.00010785369
39907,0.05200207
40007,0.009392005
40207,0.027001778
40507,0.0820576
40607,0.020334855
41807,0.026241383
42007,0.02005429
42707,0.08170655
42907,0.1703674
43607,0.26426253
44207,0.1544663
44507,0.11436956
44707,0.07617821
44907,0.06353773
45207,0.016617028
45307,0.078514725
45507,0.077099204
45607,0.13801154
46107,0.062219664
46307,0.079905
46507,0.003027301
46907,0.022401135
47007,0.11024882
47107,0.00052250444
47207,0.15039265
47307,0.087998584
47607,0.11129992
47707,0.03990469
47807,0.07134648
47907,0.05682597
48207,0.10755301
48607,0.037521083
48707,0.00063257903
49107,0.08612898
49207,0.066669814
49607,0.034854934
49707,0.015499663
49907,0.06133389
50107,0.0101657985
50307,0.03311535
50407,0.07875056
50607,0.090870366
50807,0.043080356
50907,0.017835299
51007,0.035940416
51207,0.028074998
51607,0.24005482
51807,0.09257823
52007,0.093242034
52107,0.0688479
52507,0.20976725
52607,0.40670508
52707,0.00050441455
53207,0.03375845
53307,0.061898217
53407,0.12321126
53607,0.042028796
53907,0.008063724
54107,0.057003614
54207,0.0929321
54307,0.11289571
54407,0.1150298
54607,0.0004876529
55007,0.05253211
55207,0.05702525
55407,0.16222955
55507,0.03987042
55607,0.021917747
56207,0.064472534
56507,0.07379646
56707,0.032720454
56807,0.062008422
57007,0.026433168
57107,0.03892572
57207,0.06734192
57307,0.10691153
57507,0.01697328
57907,0.1886827
58007,0.04590497
58207,0.0056205057
58307,0.061627027
58507,0.04648174
58907,0.058859434
59107,0.01972564
59207,0.10845332
59507,0.0016301466
59607,0.10061024
59807,0.12312669
59907,0.06923475
60407,0.015565419
60507,0.10735611
60807,0.060528085
61107,0.23337626
61307,0.0063734953
61407,0.06525929
61707,0.03196519
62107,0.07129378
62407,0.08471771
62707,0.109623745
62807,0.052360505
63507,0.010539299
63607,0.088898204
63707,0.055118952
63807,0.06313261
63907,0.036937267
64307,0.07327091
64407,0.2181857
8,0.104162596
108,0.06190803
408,0.00087160367
608,0.059402104
708,0.21079366
1008,0.07646764
1208,0.054552875
1708,0.04116815
2208,0.086230345
2708,0.039917838
2808,0.13749781
2908,0.07657869
3008,0.017474761
3108,0.2140441
3208,0.059440713
3308,0.03019793
3408,0.13039422
3708,0.17902559
4008,0.022620643
4108,0.00072223594
4208,0.054453075
4408,0.19016385
4708,0.0069262628
4808,0.19335066
4908,0.040284574
5108,0.031173646
5208,0.06681795
5708,0.0752061
5908,0.11733331
6208,0.04920351
6308,0.105903625
6508,0.16567193
6608,0.08012936
6808,0.10729133
6908,0.02040637
7008,0.08336231
7208,0.003704585
7408,0.08840438
7508,0.09265561
7708,0.15263386
7908,0.13282521
8108,0.112060085
8208,0.1362641
8308,0.07945619
8408,0.09618131
8508,0.14972337
8608,0.12957896
8708,0.241286
8908,0.19267501
9008,0.20914675
9208,0.0883177
9508,0.024278052
9808,0.10857819
9908,0.11056083
10108,0.15714759
10408,0.19905823
10508,0.16331929
10608,0.02478376
10708,0.041543547
10908,0.04119751
11208,0.12648225
11308,0.011554701
11708,0.019509176
11908,0.19278578
12108,0.04838613
12408,0.1617954
12708,0.056834023
12908,0.056933314
13008,0.03307235
13408,0.14658333
13508,0.18298228
13608,0.07046378
13708,0.10503257
13908,0.049950913
14308,0.12791838
14408,0.1810481
15408,0.23700356
15608,0.07111818
15708,0.072782956
15808,0.12745936
15908,0.1844912
16108,0.04202634
16208,0.138349
16308,0.11256622
16408,0.04777085
16508,0.00045419997
16608,0.048019934
17008,0.11448541
17108,0.0569818
17208,0.039318256
17308,0.10581515
17408,0.03399793
17608,0.029678626
17708,0.14553274
17908,0.040401373
18008,0.04596847
18108,0.002930924
18208,0.03288336
18408,0.037996456
18508,0.19053337
18708,0.05795736
18808,0.13442284
19108,0.04528959
19508,0.15604737
19608,0.038796812
19708,0.16157284
19808,0.15208739
20708,0.115504734
20808,0.04770544
20908,0.06962822
21108,0.07366011
21208,0.07712437
21408,0.03544986
21808,0.057717677
22008,0.085840516
22308,0.06999747
22408,0.10531221
22508,0.13159807
22608,0.094687074
22908,0.0055723973
23008,0.005796829
23208,0.06982185
23308,0.049506996
23608,0.06432526
23708,0.051697697
23808,0.0999253
23908,0.1421664
24108,0.15924983
24208,0.045822643
24408,0.063832074
24508,0.15067327
24608,0.10434382
24708,0.12728043
25308,0.007212153
25408,0.14443402
25808,0.4196108
26008,0.19260365
26108,0.34684005
26208,0.07309175
26308,0.140606
26408,0.0717771
26608,0.15132692
26708,0.04530867
26808,0.051741928
26908,0.38122267
27008,0.15916546
27308,0.22576208
27408,0.25591612
27508,0.016838165
27908,0.080737375
28008,0.045242015
28108,0.30658686
28308,0.038654212
28408,0.17529401
29008,0.0792369
29108,0.08356451
29308,0.10204523
29608,0.11447798
29708,0.26055863
29808,0.13386838
29908,0.11703092
30008,0.07693774
30108,0.10239413
30308,0.14596662
30408,0.12097705
30708,0.12013312
30808,0.11187546
31108,0.29388106
31208,0.16331074
31608,0.1405489
31708,0.13871694
31808,0.103720136
31908,0.14104141
32008,0.07911057
32108,0.038672224
32808,0.1882369
33008,0.04643973
33108,0.038881026
33508,0.08989535
33708,0.0595349
33808,0.03679364
33908,0.0016264968
34008,0.09435274
34208,0.004327481
34308,0.14987321
34408,0.11048938
34508,0.14384547
34608,0.28658998
34808,0.0009397962
35008,0.21766023
35208,0.096319064
35308,0.021089887
35508,0.0801155
35608,0.15134713
35708,0.09943267
35908,0.025276264
36008,0.13647433
36108,0.3073011
36608,0.01740993
37208,0.07415931
37408,0.033545397
37508,0.089557126
37608,0.13706408
37708,0.22300737
38108,0.14443778
38208,0.058068324
38308,0.05702869
38408,0.095970735
38608,0.32734147
38808,0.05105257
39108,0.15745987
39208,0.011905387
39308,0.025014736
39408,0.031681206
39608,0.05138382
39708,0.002978349
39908,0.26637635
40008,0.030580543
40208,0.14891131
40508,0.09079211
40608,0.06206073
41808,0.09215175
42008,0.051098827
42708,0.06369621
42908,0.07205406
43608,0.15227258
44208,0.044630118
44508,0.09928419
44708,0.104074866
44908,0.13148153
45208,0.016069306
45308,0.07277162
45508,0.14043386
45608,0.04032896
46108,0.012287583
46308,0.15520768
46508,0.08876506
46908,0.07836045
47008,0.09090067
47108,0.4223251
47208,0.06844687
47308,0.089210674
47608,0.11498224
47708,0.24859013
47808,0.109196395
47908,0.14331587
48208,0.05554391
48608,0.14071678
48708,0.0010316701
49108,0.12972525
49208,0.1664974
49608,0.05586387
49708,0.0016657077
49908,0.18248813
50108,0.03330028
50308,0.23531418
50408,0.037121836
50608,0.048400197
50808,0.05926462
50908,0.16588673
51008,0.2112939
51208,0.029225774
51608,0.053209864
51808,0.07693076
52008,0.10004589
52108,0.069622934
52508,0.14930594
52608,0.013830089
52708,0.072060116
53208,0.022497393
53308,0.02540563
53408,0.05492591
53608,0.14350268
53908,0.08816524
54108,0.2174999
54208,0.11567473
54308,0.1521842
54408,0.12912545
54608,0.0014833584
55008,0.22507729
55208,0.07597393
55408,0.02887079
55508,0.054306515
55608,0.06581431
56208,0.08435486
56508,0.074173406
56708,0.061976794
56808,0.11620377
57008,0.32484853
57108,0.16590655
57208,0.14068456
57308,0.124402076
57508,0.045960214
57908,0.06360377
58008,0.17924407
58208,0.29754335
58308,0.4753738
58508,0.17379858
58908,0.11066878
59108,0.3260524
59208,0.18885705
59508,0.28445998
59608,0.041423924
59808,0.075795196
59908,0.08609636
60408,0.38444406
60508,0.07741012
60808,0.13659148
61108,0.14831154
61308,0.21690129
61408,0.026042739
61708,0.100151636
62108,0.089581534
62408,0.060075372
62708,0.059870746
62808,0.18418573
63508,0.25466016
63608,0.075816765
63708,0.12331815
63808,0.14513308
63908,0.20938703
64308,0.14896369
64408,0.07493434
9,0.086644486
109,0.09483438
409,0.0002787011
609,0.060665797
709,0.10751909
1009,0.097016074
1209,0.0015754813
1709,0.121404134
2209,0.11075876
2709,0.005055147
2809,0.029042257
2909,0.22602497
3009,0.055987243
3109,0.05103448
3209,0.03981454
3309,0.36215743
3409,0.07791724
3709,0.039672017
4009,0.046254233
4109,0.048880365
4209,0.030620554
4409,0.14995863
4709,0.03147743
4809,0.21396048
4909,0.083197676
5109,0.037814822
5209,0.053623743
5709,0.07143952
5909,0.25385043
6209,0.052760858
6309,0.09728125
6509,0.09077614
6609,0.07769075
6809,0.0822845
6909,0.003936855
7009,0.012832349
7209,0.0010383183
7409,0.041413102
7509,0.08582316
7709,0.10273141
7909,0.026651407
8109,0.13692534
8209,0.14071406
8309,0.06098223
8409,0.0985426
8509,0.13440304
8609,0.12101735
8709,0.06647992
8909,0.13248324
9009,0.07674041
9209,0.092072785
9509,0.045422696
9809,0.15083951
9909,0.21747509
10109,0.05094319
10409,0.13566776
10509,0.1533319
10609,0.0021632642
10709,0.018112028
10909,0.050555635
11209,0.0662882
11309,0.011088874
11709,0.011576741
11909,0.14220916
12109,0.05263964
12409,0.08514063
12709,0.051112805
12909,0.68518484
13009,0.023789655
13409,0.122552425
13509,0.18150663
13609,0.0632326
13709,0.07488503
13909,0.027688952
14309,0.08578387
14409,0.11052329
15409,0.015911296
15609,0.12418973
15709,0.13333274
15809,0.11591619
15909,0.10647184
16109,0.014627661
16209,0.08294569
16309,0.07415358
16409,0.06929379
16509,2.7373353e-05
16609,0.01252662
17009,0.17504399
17109,0.074282
17209,0.088631555
17309,0.08095407
17409,0.03819883
17609,0.023167333
17709,0.3381181
17909,0.076664016
18009,0.07154305
18109,0.004226891
18209,0.004505744
18409,0.029933786
18509,0.04886314
18709,0.008600014
18809,0.09338802
19109,0.058420874
19509,0.10480357
19609,0.010156634
19709,0.081740156
19809,0.018483363
20709,0.13687764
20809,0.056696743
20909,0.0524785
21109,0.056844264
21209,0.022315565
21409,0.14531024
21809,0.04838003
22009,0.098033786
22309,0.021587638
22409,0.08187692
22509,0.10368967
22609,0.07506247
22909,0.0053084358
23009,0.000569678
23209,0.016714303
23309,0.034281112
23609,0.05638433
23709,0.031386185
23809,0.01187111
23909,0.11902965
24109,0.1171039
24209,0.04307614
24409,0.012614651
24509,0.030742481
24609,0.0044017066
24709,0.05006286
25309,0.0027762917
25409,0.020202808
25809,0.0010072372
26009,0.07125403
26109,0.08947456
26209,0.08723212
26309,0.3605341
26409,0.022476695
26609,0.114272065
26709,0.04694047
26809,0.022779163
26909,0.023069587
27009,0.06786162
27309,0.04377611
27409,0.03886285
27509,0.01553294
27909,0.015389844
28009,0.014291763
28109,0.05031192
28309,0.09632651
28409,0.07919103
29009,0.058177225
29109,0.11207737
29309,0.13053146
29609,0.028065307
29709,0.048150644
29809,0.11505992
29909,0.11604622
30009,0.048748866
30109,0.0802382
30309,0.0940309
30409,0.15702485
30709,0.020321807
30809,0.06551486
31109,0.0045720777
31209,0.13729079
31609,0.07702252
31709,0.30550346
31809,0.03559927
31909,0.08478224
32009,0.070771076
32109,0.0670883
32809,0.13211401
33009,0.06842695
33109,0.07579567
33509,0.07797324
33709,0.10800434
33809,0.06556299
33909,2.921934e-05
34009,0.1041164
34209,0.0031138202
34309,0.055047162
34409,0.03687223
34509,0.049129035
34609,0.038621712
34809,6.145571e-05
35009,0.077773154
35209,0.07959194
35309,0.076483615
35509,0.15388925
35609,0.1681034
35709,0.08846445
35909,0.02319958
36009,0.21811703
36109,0.058847148
36609,0.034722876
37209,0.091482766
37409,0.09478306
37509,0.04132424
37609,0.24486555
37709,0.123720266
38109,0.08591655
38209,0.06475776
38309,0.07887955
38409,0.09543689
38609,0.14347431
38809,0.23071432
39109,0.11434976
39209,0.0116960285
39309,0.029254882
39409,0.034319002
39609,0.037782058
39709,0.00050518056
39909,0.06547746
40009,0.0021270302
40209,0.31277752
40509,0.06472792
40609,0.16278577
41809,0.011325903
42009,0.17777999
42709,0.03535811
42909,0.01874925
43609,0.041562237
44209,0.050928816
44509,0.02608496
44709,0.062144607
44909,0.15394993
45209,0.005417891
45309,0.07230916
45509,0.055748466
45609,0.049579926
46109,0.020379147
46309,0.09405198
46509,0.0009864293
46909,0.12299869
47009,0.015614549
47109,0.0007655992
47209,0.037722755
47309,0.068235815
47609,0.16162401
47709,0.18293689
47809,0.1426078
47909,0.1168962
48209,0.03598144
48609,0.07395047
48709,0.00013058078
49109,0.07471148
49209,0.06755026
49609,0.039933667
49709,0.0019406712
49909,0.07492902
50109,0.0688526
50309,0.033392493
50409,0.018737497
50609,0.0865666
50809,0.011930151
50909,0.03708225
51009,0.06469769
51209,0.008940812
51609,0.026771534
51809,0.054471444
52009,0.038518768
52109,0.04502765
52509,0.027106449
52609,0.10167376
52709,0.8467951
53209,0.024937613
53309,0.018338874
53409,0.033696953
53609,0.14259854
53909,0.5954431
54109,0.08477372
54209,0.06923952
54309,0.16400406
54409,0.093822405
54609,0.00042550333
55009,0.10328685
55209,0.30022407
55409,0.025739077
55509,0.026187113
55609,0.029991081
56209,0.050313253
56509,0.08672462
56709,0.10304057
56809,0.039599206
57009,0.15511496
57109,0.14988843
57209,0.10920149
57309,0.047602788
57509,0.12038872
57909,0.04273759
58009,0.12792413
58209,0.009243487
58309,0.006954747
58509,0.1474534
58909,0.04391736
59109,0.05248276
59209,0.1799691
59509,0.0012172112
59609,0.16968478
59809,0.08095043
59909,0.032009292
60409,0.023946699
60509,0.026378011
60809,0.092263244
61109,0.009648343
61309,0.011863119
61409,0.009241639
61709,0.1302995
62109,0.034914915
62409,0.062103227
62709,0.082744636
62809,0.096335255
63509,0.016918754
63609,0.055888984
63709,0.08267941
63809,0.08982645
63909,0.11121076
64309,0.09984749
64409,0.04205954
10,0.16082089
110,0.215492
410,0.051294602
610,0.21425386
710,0.08727983
1010,0.20589273
1210,0.53382546
1710,0.13067836
2210,0.12905738
2710,0.5655261
2810,0.31792492
2910,0.11601692
3010,0.64074236
3110,0.07857135
3210,0.3046845
3310,0.08310532
3410,0.23994575
3710,0.09858195
4010,0.1600727
4110,0.015572898
4210,0.07229581
4410,0.13088733
4710,0.060297657
4810,0.08584499
4910,0.25653732
5110,0.12299108
5210,0.14429574
5710,0.06777321
5910,0.09545933
6210,0.10793857
6310,0.12090555
6510,0.10610898
6610,0.14143309
6810,0.088474676
6910,0.012943145
7010,0.10997835
7210,0.010610292
7410,0.123895064
7510,0.13091432
7710,0.12267686
7910,0.08684158
8110,0.1610848
8210,0.13130899
8310,0.11240786
8410,0.060241986
8510,0.1571476
8610,0.12522382
8710,0.1196705
8910,0.09463903
9010,0.13402718
9210,0.10877247
9510,0.24001998
9810,0.11108078
9910,0.095870905
10110,0.13592961
10410,0.07356503
10510,0.082230344
10610,0.0014362995
10710,0.020239042
10910,0.11436568
11210,0.11988543
11310,0.6703874
11710,0.05851912
11910,0.09164523
12110,0.07423167
12410,0.203442
12710,0.22304651
12910,0.046202034
13010,0.041459586
13410,0.0840236
13510,0.13433035
13610,0.04972588
13710,0.059446666
13910,0.0511311
14310,0.119635224
14410,0.2223217
15410,0.28907517
15610,0.116119556
15710,0.14522624
15810,0.0842142
15910,0.11937092
16110,0.18157095
16210,0.12952095
16310,0.16204217
16410,0.1559941
16510,0.017612195
16610,0.7107885
17010,0.092068195
17110,0.20374824
17210,0.1803844
17310,0.23048837
17410,0.11552964
17610,0.5534189
17710,0.123609595
17910,0.12028326
18010,0.12431951
18110,0.8168167
18210,0.27257434
18410,0.6669087
18510,0.13722256
18710,0.08340284
18810,0.15950911
19110,0.67696005
19510,0.16897526
19610,0.29311132
19710,0.16648716
19810,0.082310334
20710,0.09131257
20810,0.31211936
20910,0.3182195
21110,0.14207847
21210,0.14467736
21410,0.01318044
21810,0.10163985
22010,0.060858343
22310,0.02922504
22410,0.20145918
22510,0.1345376
22610,0.1994529
22910,0.028607
23010,0.041161124
23210,0.04895223
23310,0.070811085
23610,0.079309866
23710,0.24486196
23810,0.11152216
23910,0.14927392
24110,0.13659911
24210,0.110873245
24410,0.24575746
24510,0.1560166
24610,0.020471876
24710,0.120654196
25310,0.1465348
25410,0.05651548
25810,0.30892536
26010,0.19026014
26110,0.06619178
26210,0.076882325
26310,0.06252099
26410,0.017319707
26610,0.12308935
26710,0.23211487
26810,0.07587213
26910,0.043836914
27010,0.0853444
27310,0.12024619
27410,0.080646284
27510,0.09339085
27910,0.11763825
28010,0.029527815
28110,0.2787494
28310,0.19910258
28410,0.074118495
29010,0.23409985
29110,0.14139692
29310,0.11855348
29610,0.024915958
29710,0.25518662
29810,0.15460278
29910,0.09936411
30010,0.087300606
30110,0.45755962
30310,0.1064151
30410,0.10845797
30710,0.49290574
30810,0.20004834
31110,0.43919706
31210,0.09347048
31610,0.07821073
31710,0.18144296
31810,0.0835974
31910,0.1906383
32010,0.07954487
32110,0.10594668
32810,0.16385701
33010,0.14597826
33110,0.15649946
33510,0.17727377
33710,0.15208976
33810,0.12659195
33910,0.02536228
34010,0.1850426
34210,0.46625417
34310,0.151753
34410,0.19114746
34510,0.09201549
34610,0.11143487
34810,0.0405885
35010,0.16421594
35210,0.099434294
35310,0.19887742
35510,0.23074782
35610,0.25763965
35710,0.20318164
35910,0.71662194
36010,0.07704958
36110,0.06513388
36610,0.81635016
37210,0.08686191
37410,0.3044839
37510,0.14642484
37610,0.24092777
37710,0.07872012
38110,0.10454432
38210,0.044413116
38310,0.12385742
38410,0.16430946
38610,0.08454458
38810,0.07133184
39110,0.07391304
39210,0.07983917
39310,0.10952201
39410,0.29093
39610,0.090409346
39710,0.0067286976
39910,0.0942097
40010,0.04595223
40210,0.09728404
40510,0.14351815
40610,0.15923025
41810,0.6567883
42010,0.07148355
42710,0.14839213
42910,0.013199139
43610,0.15498155
44210,0.2388701
44510,0.2978182
44710,0.13894032
44910,0.0749196
45210,0.03455508
45310,0.058026485
45510,0.11523458
45610,0.10431026
46110,0.015333773
46310,0.12595823
46510,0.7672432
46910,0.14585221
47010,0.07598716
47110,0.19746481
47210,0.23299353
47310,0.17731507
47610,0.05562266
47710,0.08895037
47810,0.1643936
47910,0.1266921
48210,0.31408033
48610,0.18797596
48710,0.026470503
49110,0.16746548
49210,0.12421507
49610,0.12533255
49710,0.672684
49910,0.15054797
50110,0.113834284
50310,0.2919553
50410,0.064896554
50610,0.056432206
50810,0.48494738
50910,0.2156025
51010,0.12489271
51210,0.06453933
51610,0.040773265
51810,0.1519175
52010,0.13384463
52110,0.08431852
52510,0.09440665
52610,0.23976055
52710,0.02809094
53210,0.11025997
53310,0.18070899
53410,0.036076814
53610,0.08655396
53910,0.14467709
54110,0.11055091
54210,0.14227077
54310,0.055540804
54410,0.123361185
54610,0.0010106904
55010,0.09809752
55210,0.21389496
55410,0.16282105
55510,0.07058666
55610,0.1254931
56210,0.08847369
56510,0.13783546
56710,0.10690716
56810,0.05904732
57010,0.112769455
57110,0.11087911
57210,0.12791738
57310,0.09179818
57510,0.1420629
57910,0.14057887
58010,0.11501893
58210,0.18789491
58310,0.018584087
58510,0.111541316
58910,0.06191528
59110,0.10186801
59210,0.116323546
59510,0.4979356
59610,0.3978325
59810,0.18439442
59910,0.34719846
60410,0.2172952
60510,0.3462721
60810,0.113881506
61110,0.05586516
61310,0.49579847
61410,0.78335893
61710,0.075656116
62110,0.47208285
62410,0.12736472
62710,0.110896125
62810,0.09880772
63510,0.24548903
63610,0.1551276
63710,0.1282364
63810,0.11639177
63910,0.11180996
64310,0.13532819
64410,0.16310859
11,0.05581048
111,0.13851514
411,0.029087093
611,0.019104712
711,0.038341243
1011,0.07706956
1211,0.0063413624
1711,0.20095466
2211,0.056980103
2711,0.00295233
2811,0.021144144
2911,0.09972815
3011,0.008686838
3111,0.04450617
3211,0.018172117
3311,0.033066202
3411,0.047958255
3711,0.033535734
4011,0.011987296
4111,0.0015756356
4211,0.014427948
4411,0.025165262
4711,0.0043036053
4811,0.050398912
4911,0.01425751
5111,0.016204802
5211,0.04189581
5711,0.02125755
5911,0.022007808
6211,0.023230458
6311,0.020722717
6511,0.042470336
6611,0.028320413
6811,0.057684205
6911,0.005093061
7011,0.01741226
7211,0.002438179
7411,0.08871357
7511,0.03995514
7711,0.06365166
7911,0.014276521
8111,0.018188536
8211,0.042139947
8311,0.018775612
8411,0.057788063
8511,0.05733274
8611,0.04675409
8711,0.026424108
8911,0.04180202
9011,0.01622867
9211,0.015920164
9511,0.028870178
9811,0.06260339
9911,0.028537031
10111,0.048422985
10411,0.04235142
10511,0.03152112
10611,0.0047330493
10711,0.021984017
10911,0.017775593
11211,0.021319449
11311,0.0036219133
11711,0.011224431
11911,0.036015857
12111,0.10689765
12411,0.021960922
12711,0.021594228
12911,0.011879092
13011,0.005217418
13411,0.022330852
13511,0.039092258
13611,0.03614052
13711,0.042307504
13911,0.027077578
14311,0.054065682
14411,0.0026902363
15411,0.0034008601
15611,0.02601014
15711,0.011400646
15811,0.047873605
15911,0.034494296
16111,0.021818424
16211,0.033407085
16311,0.05085487
16411,0.18720978
16511,0.030309426
16611,0.0062544136
17011,0.021237943
17111,0.13788314
17211,0.2492129
17311,0.053906158
17411,0.49774608
17611,0.012561281
17711,0.0376876
17911,0.21531396
18011,0.16322124
18111,0.000775493
18211,0.0048287925
18411,0.008237905
18511,0.032209285
18711,0.0069503756
18811,0.09300159
19111,0.013176341
19511,0.07477259
19611,0.01823973
19711,0.042034633
19811,0.013131164
20711,0.039349917
20811,0.009152292
20911,0.057390876
21111,0.027231459
21211,0.055044394
21411,0.0058466806
21811,0.028918527
22011,0.051781166
22311,0.037119787
22411,0.030964851
22511,0.04545781
22611,0.032362573
22911,0.003494406
23011,0.006286292
23211,0.063054785
23311,0.061758284
23611,0.011741914
23711,0.019525658
23811,0.027436718
23911,0.057678603
24111,0.038814392
24211,0.008913351
24411,0.0082074255
24511,0.021758383
24611,0.010673785
24711,0.010566583
25311,0.20731923
25411,0.01327876
25811,0.00031330524
26011,0.0064469445
26111,0.02099989
26211,0.06811692
26311,0.03421256
26411,0.01589893
26611,0.03982776
26711,0.020890212
26811,0.0073135328
26911,0.027093975
27011,0.019423645
27311,0.018483983
27411,0.14542712
27511,0.01393859
27911,0.0025052414
28011,0.0040778005
28111,0.006322837
28311,0.017210888
28411,0.040573265
29011,0.0067077214
29111,0.026133519
29311,0.038181968
29611,0.063022435
29711,0.013203046
29811,0.030626915
29911,0.048123382
30011,0.020234324
30111,0.0025281713
30311,0.036721803
30411,0.035301138
30711,0.0026263131
30811,0.06300614
31111,0.0018488222
31211,0.033489365
31611,0.030450044
31711,0.0044168825
31811,0.004456045
31911,0.041562364
32011,0.032459304
32111,0.3717808
32811,0.04312399
33011,0.29752594
33111,0.35125762
33511,0.0181818
33711,0.12383886
33811,0.21142155
33911,0.00030909595
34011,0.078911275
34211,0.0022109381
34311,0.042826172
34411,0.04455005
34511,0.0243258
34611,0.020797659
34811,0.00085993175
35011,0.0417522
35211,0.034688737
35311,0.011469671
35511,0.10000351
35611,0.030580485
35711,0.025026321
35911,0.007960503
36011,0.010072756
36111,0.035146575
36611,0.0052337665
37211,0.03505414
37411,0.022398314
37511,0.069868095
37611,0.002927147
37711,0.025981586
38111,0.028766034
38211,0.020520197
38311,0.035164945
38411,0.022388149
38611,0.074811354
38811,0.024276879
39111,0.027494414
39211,0.0053913556
39311,0.0068045883
39411,0.008881867
39611,0.017183805
39711,0.0025290858
39911,0.051512275
40011,0.0066781067
40211,0.06200243
40511,0.04540385
40611,0.14986113
41811,0.0048772856
42011,0.080519564
42711,0.033777982
42911,0.022345258
43611,0.023574112
44211,0.029338256
44511,0.020584201
44711,0.039623722
44911,0.02831443
45211,0.015392278
45311,0.032613464
45511,0.06357334
45611,0.015858881
46111,0.008292044
46311,0.0375029
46511,0.00024719577
46911,0.18734065
47011,0.0055379053
47111,0.00059861544
47211,0.014389797
47311,0.04581531
47611,0.033052657
47711,0.059566785
47811,0.032262683
47911,0.028136032
48211,0.011449407
48611,0.054227088
48711,0.07488728
49111,0.020151148
49211,0.034854464
49611,0.31615144
49711,0.0007750561
49911,0.04636008
50111,0.28582832
50311,0.014121751
50411,0.0062869447
50611,0.011520161
50811,0.005265982
50911,0.008955538
51011,0.025460903
51211,0.015861148
51611,0.01918636
51811,0.026696878
52011,0.07659035
52111,0.016558768
52511,0.030230446
52611,0.0024830543
52711,0.001885594
53211,0.1901514
53311,0.026568955
53411,0.038820792
53611,0.052128375
53911,0.0063197473
54111,0.026357614
54211,0.022213634
54311,0.020791013
54411,0.033172913
54611,0.0008939524
55011,0.046332728
55211,0.0052567814
55411,0.0077097067
55511,0.07697633
55611,0.09356585
56211,0.012438952
56511,0.017651709
56711,0.119880356
56811,0.0963772
57011,0.014211528
57111,0.038802687
57211,0.035579517
57311,0.1041036
57511,0.15617071
57911,0.014147333
58011,0.02439033
58211,0.002460823
58311,0.011805816
58511,0.051632
58911,0.042156186
59111,0.010029075
59211,0.0069459067
59511,0.0005587615
59611,0.004664975
59811,0.037426174
59911,0.03290111
60411,0.005225453
60511,0.014259885
60811,0.060125273
61111,0.02159927
61311,0.0029412971
61411,0.00078267156
61711,0.031310983
62111,0.03389441
62411,0.036546696
62711,0.020374727
62811,0.039012782
63511,0.002821328
63611,0.059760578
63711,0.05926682
63811,0.043489605
63911,0.045721553
64311,0.026153717
64411,0.039285336
12,0.023023393
112,0.022804009
412,0.00087951816
612,0.023627015
712,0.028500866
1012,0.022187693
1212,0.0016134189
1712,0.024416784
2212,0.025564952
2712,0.0045904
2812,0.021506261
2912,0.030387158
3012,0.007823763
3112,0.024925018
3212,0.02027864
3312,0.024198638
3412,0.022139696
3712,0.015536852
4012,0.012280862
4112,0.010765839
4212,0.031275153
4412,0.043241184
4712,0.0054521165
4812,0.021138621
4912,0.01712745
5112,0.022054046
5212,0.034472235
5712,0.01878861
5912,0.018126847
6212,0.020237807
6312,0.021748485
6512,0.03460812
6612,0.023472413
6812,0.03356149
6912,0.109069854
7012,0.011313115
7212,0.008903235
7412,0.014871582
7512,0.013710566
7712,0.034085277
7912,0.021419298
8112,0.018565005
8212,0.027554141
8312,0.025524262
8412,0.026163597
8512,0.024106296
8612,0.0315295
8712,0.024334766
8912,0.035912294
9012,0.033827808
9212,0.0247582
9512,0.011455894
9812,0.03295546
9912,0.035357784
10112,0.026034424
10412,0.02553466
10512,0.021957166
10612,0.0031649256
10712,0.019472044
10912,0.02404735
11212,0.022427661
11312,0.0080107525
11712,0.056989282
11912,0.02297957
12112,0.022514826
12412,0.020887561
12712,0.026461285
12912,0.017333034
13012,0.01855964
13412,0.025652047
13512,0.020638006
13612,0.017759128
13712,0.028650887
13912,0.025762744
14312,0.02513402
14412,0.023815043
15412,0.014358272
15612,0.020129848
15712,0.031418566
15812,0.036342114
15912,0.028521832
16112,0.032084234
16212,0.02964325
16312,0.0224495
16412,0.024559204
16512,7.608229e-05
16612,0.0049410397
17012,0.021066742
17112,0.021353558
17212,0.023425926
17312,0.02058907
17412,0.020595226
17612,0.01979625
17712,0.019670486
17912,0.025862116
18012,0.026094796
18112,0.002368482
18212,0.005573089
18412,0.012857876
18512,0.01405498
18712,0.017682789
18812,0.023428438
19112,0.005222887
19512,0.025439134
19612,0.0073652524
19712,0.020569608
19812,0.015084041
20712,0.022135237
20812,0.022718716
20912,0.021613747
21112,0.026285272
21212,0.0113243675
21412,0.03655877
21812,0.027933773
22012,0.021002335
22312,0.021819819
22412,0.02627152
22512,0.02547186
22612,0.021866964
22912,0.06945037
23012,0.001594946
23212,0.010542217
23312,0.022330688
23612,0.023664221
23712,0.026705876
23812,0.0071883323
23912,0.028781135
24112,0.028112052
24212,0.024324456
24412,0.014718725
24512,0.03055045
24612,0.004571196
24712,0.01829695
25312,0.0028195493
25412,0.018775757
25812,0.0011903817
26012,0.021229997
26112,0.029282024
26212,0.0261409
26312,0.022283979
26412,0.029969927
26612,0.028212983
26712,0.031035164
26812,0.03166784
26912,0.018215777
27012,0.026962252
27312,0.023096267
27412,0.029451665
27512,0.041511793
27912,0.011980349
28012,0.011046015
28112,0.023556925
28312,0.013597558
28412,0.031121984
29012,0.025620151
29112,0.02086203
29312,0.022824382
29612,0.021247812
29712,0.037252344
29812,0.026875623
29912,0.016813138
30012,0.048475247
30112,0.014596233
30312,0.02158068
30412,0.022826355
30712,0.010089352
30812,0.023139924
31112,0.004408477
31212,0.026250215
31612,0.047115017
31712,0.025257476
31812,0.027637519
31912,0.020902058
32012,0.017712977
32112,0.027397042
32812,0.023328066
33012,0.02585288
33112,0.025053335
33512,0.020793328
33712,0.024536142
33812,0.024790004
33912,0.00017371864
34012,0.022536086
34212,0.0042503504
34312,0.016038785
34412,0.016871776
34512,0.040304925
34612,0.016500762
34812,0.00026979332
35012,0.0236718
35212,0.017142938
35312,0.013379761
35512,0.022096373
35612,0.0214972
35712,0.023902362
35912,0.008758103
36012,0.039111692
36112,0.023151767
36612,0.0045382916
37212,0.013362202
37412,0.013297451
37512,0.021301372
37612,0.020945475
37712,0.0351344
38112,0.025564518
38212,0.020120202
38312,0.023978544
38412,0.026900887
38612,0.02390418
38812,0.020743709
39112,0.0496254
39212,0.07871776
39312,0.035736136
39412,0.034836084
39612,0.021873377
39712,0.0005648179
39912,0.026143044
40012,0.0034302017
40212,0.0298461
40512,0.033050973
40612,0.025200551
41812,0.0074244435
42012,0.028268812
42712,0.048982013
42912,0.011186532
43612,0.030794442
44212,0.02003866
44512,0.018841421
44712,0.029811194
44912,0.02601283
45212,0.015096083
45312,0.02251048
45512,0.0330594
45612,0.018052144
46112,0.009509391
46312,0.023384823
46512,0.00071277434
46912,0.027538419
47012,0.015116412
47112,0.0016388859
47212,0.026041104
47312,0.024107035
47612,0.02546909
47712,0.026296211
47812,0.019109784
47912,0.033398125
48212,0.0239058
48612,0.045445066
48712,0.0002839399
49112,0.021892166
49212,0.03398758
49612,0.029344738
49712,0.002249128
49912,0.026720524
50112,0.025473645
50312,0.016314121
50412,0.021166226
50612,0.12589565
50812,0.011068175
50912,0.027343865
51012,0.02053438
51212,0.01886984
51612,0.06845755
51812,0.025005206
52012,0.020048559
52112,0.03553513
52512,0.02421997
52612,0.013758163
52712,0.0070213526
53212,0.0107545145
53312,0.02991965
53412,0.048939712
53612,0.015648777
53912,0.016225021
54112,0.036188915
54212,0.031457253
54312,0.028375564
54412,0.027430758
54612,0.00041770277
55012,0.021780496
55212,0.03454243
55412,0.029311933
55512,0.011551519
55612,0.012437301
56212,0.026879966
56512,0.022033297
56712,0.031548683
56812,0.03737333
57012,0.028739337
57112,0.033086907
57212,0.029227529
57312,0.033490572
57512,0.023347355
57912,0.02179701
58012,0.03928745
58212,0.010141208
58312,0.008261999
58512,0.030883258
58912,0.012360556
59112,0.059520263
59212,0.0391525
59512,0.0016259778
59612,0.013861497
59812,0.019921763
59912,0.019077
60412,0.020401383
60512,0.01785361
60812,0.024054226
61112,0.005836683
61312,0.008664279
61412,0.0030693717
61712,0.015028727
62112,0.02761215
62412,0.0297447
62712,0.02278067
62812,0.028512815
63512,0.015231325
63612,0.033894923
63712,0.02837827
63812,0.026009776
63912,0.035638727
64312,0.020616142
64412,0.018852016
13,0.0077415965
113,0.012039162
413,0.00014762457
613,0.009189399
713,0.009805324
1013,0.0129185375
1213,0.000638746
1713,0.009799125
2213,0.013263776
2713,0.0016351186
2813,0.0058187013
2913,0.015295155
3013,0.006458733
3113,0.015048807
3213,0.007859973
3313,0.008006292
3413,0.011405482
3713,0.02648566
4013,0.009432402
4113,0.21104147
4213,0.010906366
4413,0.009705094
4713,0.0039683366
4813,0.015708731
4913,0.013209055
5113,0.014650594
5213,0.010872544
5713,0.014168428
5913,0.008824417
6213,0.0099180015
6313,0.011217876
6513,0.010665088
6613,0.011162294
6813,0.010848505
6913,0.0026054159
7013,0.0055902796
7213,0.0019081739
7413,0.021193005
7513,0.080406904
7713,0.012483515
7913,0.008646337
8113,0.008807228
8213,0.0139645655
8313,0.008360045
8413,0.014694058
8513,0.00978838
8613,0.01051245
8713,0.016415795
8913,0.006551929
9013,0.00968271
9213,0.007976693
9513,0.10355304
9813,0.01284412
9913,0.012840478
10113,0.012727886
10413,0.014338324
10513,0.011912266
10613,0.009297135
10713,0.024827681
10913,0.013991831
11213,0.007445052
11313,0.0019914426
11713,0.011492748
11913,0.010954798
12113,0.0129562775
12413,0.007022835
12713,0.009615905
12913,0.005299517
13013,0.008298703
13413,0.0098919
13513,0.018832112
13613,0.023244465
13713,0.014659953
13913,0.019817494
14313,0.015783101
14413,0.0078062466
15413,0.0024964414
15613,0.013524359
15713,0.011257883
15813,0.010734111
15913,0.009507704
16113,0.0050508715
16213,0.01122443
16313,0.0102996975
16413,0.0107184695
16513,7.471125e-05
16613,0.0018900937
17013,0.011646371
17113,0.014852305
17213,0.0090649575
17313,0.012253602
17413,0.009785666
17613,0.0057177283
17713,0.0146514075
17913,0.011082635
18013,0.011422113
18113,0.00051564
18213,0.0014928767
18413,0.0028851542
18513,0.008069318
18713,0.005838058
18813,0.02409438
19113,0.015997987
19513,0.012714546
19613,0.004046279
19713,0.013180843
19813,0.009223231
20713,0.015940374
20813,0.011684335
20913,0.010669669
21113,0.013357835
21213,0.009406824
21413,0.011623528
21813,0.013085468
22013,0.026028305
22313,0.05864221
22413,0.009305437
22513,0.015093369
22613,0.0101299165
22913,0.0048490902
23013,0.0003863692
23213,0.03252106
23313,0.03313555
23613,0.0055875825
23713,0.0074865273
23813,0.007286413
23913,0.014004376
24113,0.009949655
24213,0.007440789
24413,0.006018552
24513,0.009373125
24613,0.003755777
24713,0.0065679364
25313,0.004687379
25413,0.0071244626
25813,0.00027337775
26013,0.032508012
26113,0.008666111
26213,0.021469086
26313,0.007526332
26413,0.008513112
26613,0.012467713
26713,0.010803842
26813,0.007427832
26913,0.007187899
27013,0.0063608224
27313,0.007250464
27413,0.0076264082
27513,0.010614397
27913,0.0031508112
28013,0.003483699
28113,0.0051116645
28313,0.010638518
28413,0.010396016
29013,0.005806572
29113,0.01047752
29313,0.015949821
29613,0.0108186845
29713,0.008379147
29813,0.010731068
29913,0.03194042
30013,0.011438223
30113,0.0064887614
30313,0.019535564
30413,0.01855573
30713,0.0022907113
30813,0.014277768
31113,0.0014109925
31213,0.01258292
31613,0.008214697
31713,0.010449486
31813,0.005698999
31913,0.011909305
32013,0.014710863
32113,0.0073362985
32813,0.010801251
33013,0.010442225
33113,0.008280071
33513,0.009465815
33713,0.011773259
33813,0.012052999
33913,2.7515916e-05
34013,0.024468476
34213,0.0010622076
34313,0.0131597435
34413,0.020585576
34513,0.016169418
34613,0.004556618
34813,5.7591842e-05
35013,0.014508841
35213,0.017755061
35313,0.0083218645
35513,0.017207753
35613,0.010942774
35713,0.037952714
35913,0.0038492312
36013,0.013484127
36113,0.008459818
36613,0.009140403
37213,0.12129776
37413,0.01298276
37513,0.017492311
37613,0.0071662054
37713,0.010106174
38113,0.0125700245
38213,0.01667186
38313,0.01703159
38413,0.011761323
38613,0.010218939
38813,0.047446407
39113,0.011252054
39213,0.0059245443
39313,0.008455228
39413,0.008178845
39613,0.016106876
39713,0.06765866
39913,0.011301817
40013,0.0012559972
40213,0.010327239
40513,0.012867116
40613,0.012469433
41813,0.0032955732
42013,0.023158683
42713,0.012467136
42913,0.029123776
43613,0.0052714893
44213,0.009542221
44513,0.004939108
44713,0.014188291
44913,0.015247367
45213,0.010561981
45313,0.034313582
45513,0.013114391
45613,0.011849152
46113,0.066496916
46313,0.013161945
46513,0.00023369232
46913,0.009357117
47013,0.0034750046
47113,0.00040250891
47213,0.007792066
47313,0.012613541
47613,0.013423559
47713,0.010646909
47813,0.013919944
47913,0.009325783
48213,0.007389213
48613,0.007819554
48713,0.000318657
49113,0.010959171
49213,0.010477086
49613,0.011823803
49713,0.00037260246
49913,0.011084621
50113,0.008386129
50313,0.0041049263
50413,0.005002025
50613,0.02033933
50813,0.0022041767
50913,0.011671534
51013,0.007296034
51213,0.0045240764
51613,0.016644023
51813,0.0093613425
52013,0.018583434
52113,0.012765579
52513,0.008586413
52613,0.008425728
52713,0.0011424802
53213,0.06470268
53313,0.0113173835
53413,0.021047825
53613,0.0391628
53913,0.0064072143
54113,0.0077200797
54213,0.009715058
54313,0.008852633
54413,0.010764067
54613,0.105380386
55013,0.016532745
55213,0.014853865
55413,0.008023611
55513,0.08178538
55613,0.03446722
56213,0.009489988
56513,0.008008265
56713,0.012783677
56813,0.016722878
57013,0.00960731
57113,0.009452074
57213,0.010690338
57313,0.013707915
57513,0.016106095
57913,0.009246126
58013,0.008523329
58213,0.0018742926
58313,0.0032439572
58513,0.013471639
58913,0.03467756
59113,0.0091667855
59213,0.009322206
59513,0.0003930576
59613,0.012170362
59813,0.018979682
59913,0.009184539
60413,0.0037289248
60513,0.0057955747
60813,0.015161828
61113,0.00568397
61313,0.0017412413
61413,0.0012237666
61713,0.044256344
62113,0.0047343923
62413,0.014784778
62713,0.012111178
62813,0.015316904
63513,0.0035174936
63613,0.0118956845
63713,0.016643457
63813,0.013180226
63913,0.0104806395
64313,0.01213391
64413,0.010464282
14,0.09770456
114,0.124709114
414,0.0003362122
614,0.027458861
714,0.036457837
1014,0.12445112
1214,0.005987813
1714,0.13122799
2214,0.109607786
2714,0.017485151
2814,0.02177024
2914,0.04076525
3014,0.010323286
3114,0.027497098
3214,0.017064044
3314,0.01342545
3414,0.044098627
3714,0.08618983
4014,0.014433923
4114,0.11722877
4214,0.03370483
4414,0.026322424
4714,0.004979018
4814,0.0493388
4914,0.032039575
5114,0.03009638
5214,0.03712455
5714,0.038361218
5914,0.022927292
6214,0.029290967
6314,0.02623194
6514,0.04738245
6614,0.03687779
6814,0.049475644
6914,0.019440215
7014,0.019822508
7214,0.0058143125
7414,0.19923231
7514,0.18819027
7714,0.050022736
7914,0.028811175
8114,0.023382688
8214,0.045616083
8314,0.029045314
8414,0.060025357
8514,0.068825044
8614,0.04982584
8714,0.13752274
8914,0.050615
9014,0.046301752
9214,0.023583064
9514,0.1325869
9814,0.059684813
9914,0.044649947
10114,0.03692942
10414,0.04903157
10514,0.036324296
10614,0.12334933
10714,0.15377615
10914,0.03303581
11214,0.031169292
11314,0.006072839
11714,0.030497393
11914,0.03644688
12114,0.042166274
12414,0.026283331
12714,0.028788583
12914,0.015303157
13014,0.026929984
13414,0.03027815
13514,0.058246903
13614,0.09109989
13714,0.06028537
13914,0.063632466
14314,0.065231584
14414,0.16697966
15414,0.04242377
15614,0.030826362
15714,0.026756387
15814,0.044291623
15914,0.048516832
16114,0.022466414
16214,0.035218213
16314,0.079742186
16414,0.16251618
16514,0.00018369828
16614,0.014883715
17014,0.030502334
17114,0.16494496
17214,0.15067679
17314,0.080783315
17414,0.06850838
17614,0.019351756
17714,0.043877248
17914,0.18148735
18014,0.20349276
18114,0.0036172862
18214,0.016929163
18414,0.028044175
18514,0.15361786
18714,0.028233891
18814,0.09001394
19114,0.03009735
19514,0.06294094
19614,0.009494154
19714,0.08574537
19814,0.030944731
20714,0.04852757
20814,0.016781418
20914,0.03157054
21114,0.03414898
21214,0.012054457
21414,0.019620247
21814,0.036910135
22014,0.11070225
22314,0.19907759
22414,0.033274133
22514,0.048048902
22614,0.027334712
22914,0.016093425
23014,0.0007296445
23214,0.38564605
23314,0.14210245
23614,0.021554112
23714,0.026254918
23814,0.012752911
23914,0.05275017
24114,0.0443642
24214,0.022021953
24414,0.062871024
24514,0.05087861
24614,0.012938543
24714,0.027680183
25314,0.009681573
25414,0.025038773
25814,0.126069
26014,0.14319868
26114,0.029645123
26214,0.0862809
26314,0.04177284
26414,0.030266302
26614,0.041800775
26714,0.027782982
26814,0.025299769
26914,0.020736242
27014,0.030230505
27314,0.031884905
27414,0.02784225
27514,0.023882348
27914,0.0239052
28014,0.016415413
28114,0.06613067
28314,0.019444223
28414,0.03382542
29014,0.039716076
29114,0.027919663
29314,0.04266686
29614,0.06356305
29714,0.121150665
29814,0.03281625
29914,0.12908001
30014,0.043631032
30114,0.04712063
30314,0.05243362
30414,0.065811194
30714,0.028527725
30814,0.036084503
31114,0.14450254
31214,0.040901713
31614,0.035203017
31714,0.04916158
31814,0.020386685
31914,0.029482853
32014,0.075322576
32114,0.102008544
32814,0.036138125
33014,0.12209119
33114,0.10678662
33514,0.02713049
33714,0.15227015
33814,0.22348708
33914,0.00032512503
34014,0.12796354
34214,0.00486124
34314,0.19689004
34414,0.134321
34514,0.13050984
34614,0.08112717
34814,0.0006123167
35014,0.043258782
35214,0.018620314
35314,0.012665245
35514,0.07910058
35614,0.03597819
35714,0.22368927
35914,0.008394314
36014,0.029248565
36114,0.028447328
36614,0.023139594
37214,0.19805622
37414,0.021630608
37514,0.029615954
37614,0.031673323
37714,0.032478936
38114,0.036435377
38214,0.06765921
38314,0.038655885
38414,0.030738719
38614,0.03364876
38814,0.13647673
39114,0.040338777
39214,0.020791981
39314,0.025767066
39414,0.033053637
39614,0.04744279
39714,0.89381546
39914,0.046606794
40014,0.0055665355
40214,0.036238242
40514,0.0380897
40614,0.07833257
41814,0.040422976
42014,0.102716014
42714,0.038952608
42914,0.20251243
43614,0.023798
44214,0.0275045
44514,0.027821036
44714,0.034575507
44914,0.060006566
45214,0.01835988
45314,0.08810873
45514,0.046302777
45614,0.026880126
46114,0.22255066
46314,0.03967349
46514,0.07789431
46914,0.07399657
47014,0.01880277
47114,0.29955864
47214,0.021555033
47314,0.036561657
47614,0.038099635
47714,0.04038878
47814,0.034391902
47914,0.036248587
48214,0.02007363
48614,0.0601542
48714,0.0006445833
49114,0.02870261
49214,0.036509108
49614,0.05026499
49714,0.002568281
49914,0.045321036
50114,0.18174982
50314,0.069222294
50414,0.020895027
50614,0.07601126
50814,0.04253238
50914,0.26813638
51014,0.087516226
51214,0.021628814
51614,0.037569635
51814,0.03516193
52014,0.068817325
52114,0.033256207
52514,0.021493392
52614,0.011356445
52714,0.015213033
53214,0.09170263
53314,0.028224494
53414,0.06778888
53614,0.11351526
53914,0.019088987
54114,0.035381053
54214,0.032103274
54314,0.031628024
54414,0.035602104
54614,0.85710156
55014,0.05382251
55214,0.053639483
55414,0.01876853
55514,0.2444704
55614,0.3399965
56214,0.026534405
56514,0.024996227
56714,0.067377254
56814,0.068367295
57014,0.037406955
57114,0.05194305
57214,0.03748473
57314,0.037806798
57514,0.13649221
57914,0.022055661
58014,0.038715944
58214,0.07100152
58314,0.02495553
58514,0.041006207
58914,0.21073641
59114,0.13315222
59214,0.024679381
59514,0.10289779
59614,0.016011553
59814,0.040493537
59914,0.023150565
60414,0.090683416
60514,0.02487955
60814,0.05551512
61114,0.028008357
61314,0.05783906
61414,0.007791924
61714,0.17672756
62114,0.027238596
62414,0.038017485
62714,0.030024964
62814,0.04605754
63514,0.046856966
63614,0.04560517
63714,0.04832823
63814,0.0524528
63914,0.04758061
64314,0.03303371
64414,0.021377724
15,0.07525051
115,0.04890822
415,0.00023456904
615,0.066384606
715,0.05521626
1015,0.060603168
1215,0.006951237
1715,0.054428056
2215,0.053475298
2715,0.0077651464
2815,0.058449585
2915,0.023094337
3015,0.021841796
3115,0.07052302
3215,0.061077125
3315,0.009698601
3415,0.06634733
3715,0.046993222
4015,0.03139423
4115,0.0004281284
4215,0.14407144
4415,0.041906957
4715,0.013790508
4815,0.028816912
4915,0.1019313
5115,0.06660812
5215,0.042546403
5715,0.034835372
5915,0.027264405
6215,0.039561894
6315,0.09551819
6515,0.04846147
6615,0.044987697
6815,0.030491453
6915,0.003356452
7015,0.014735179
7215,0.001093291
7415,0.055157706
7515,0.036659863
7715,0.05523197
7915,0.16743189
8115,0.061880928
8215,0.05063289
8315,0.123399906
8415,0.04694063
8515,0.050099898
8615,0.04830634
8715,0.040016543
8915,0.042811736
9015,0.08661374
9215,0.11202826
9515,0.010952051
9815,0.047023572
9915,0.032242697
10115,0.057785872
10415,0.041220345
10515,0.050172556
10615,0.0026757356
10715,0.14547624
10915,0.055412013
11215,0.12667249
11315,0.00661248
11715,0.009601168
11915,0.048299696
12115,0.009071273
12415,0.03886099
12715,0.056406822
12915,0.008317405
13015,0.18153124
13415,0.065700814
13515,0.03798628
13615,0.02160582
13715,0.04499562
13915,0.10270415
14315,0.040636078
14415,0.004160527
15415,0.04464964
15615,0.036882788
15715,0.01582202
15815,0.04664756
15915,0.06243778
16115,0.01957417
16215,0.074331515
16315,0.09273924
16415,0.060745932
16515,5.877036e-05
16615,0.038893376
17015,0.05535187
17115,0.05148316
17215,0.046892125
17315,0.069782645
17415,0.021685848
17615,0.030541604
17715,0.026911119
17915,0.05800778
18015,0.06415537
18115,0.0019715435
18215,0.004188877
18415,0.00809429
18515,0.04445712
18715,0.07285095
18815,0.041466977
19115,0.021651387
19515,0.053732958
19615,0.010107379
19715,0.061522346
19815,0.0662231
20715,0.036004756
20815,0.04458646
20915,0.044755567
21115,0.08945165
21215,0.012772639
21415,0.0062810103
21815,0.040624022
22015,0.02931033
22315,0.044671815
22415,0.052692607
22515,0.05013586
22615,0.061213885
22915,0.00088800635
23015,0.00059530046
23215,0.034674894
23315,0.096925974
23615,0.1779292
23715,0.074049324
23815,0.008702695
23915,0.048077878
24115,0.052166186
24215,0.12431572
24415,0.012473554
24515,0.06829168
24615,0.00466415
24715,0.17042162
25315,0.0018925912
25415,0.14150375
25815,0.002751523
26015,0.051663745
26115,0.050807673
26215,0.045073748
26315,0.017653793
26415,0.0200084
26615,0.052186307
26715,0.04209318
26815,0.18988875
26915,0.047623225
27015,0.12136
27315,0.07782918
27415,0.025523646
27515,0.00801232
27915,0.19466849
28015,0.40229008
28115,0.01891582
28315,0.041141797
28415,0.05318789
29015,0.06663311
29115,0.04104725
29315,0.044996586
29615,0.03992618
29715,0.01482125
29815,0.051258918
29915,0.029090183
30015,0.05282153
30115,0.012810847
30315,0.05981467
30415,0.039009564
30715,0.03084362
30815,0.031272236
31115,0.0075412276
31215,0.04493337
31615,0.06978408
31715,0.01239697
31815,0.12495139
31915,0.0495857
32015,0.020397848
32115,0.042582713
32815,0.043489788
33015,0.044966504
33115,0.040119126
33515,0.10510686
33715,0.058382444
33815,0.054086428
33915,5.999194e-05
34015,0.045854293
34215,0.0010196161
34315,0.047045037
34415,0.028195312
34515,0.01696382
34615,0.06031913
34815,8.045386e-05
35015,0.058749545
35215,0.033224117
35315,0.031732295
35515,0.034760002
35615,0.03966462
35715,0.0272779
35915,0.015839672
36015,0.040485803
36115,0.05316422
36615,0.009516461
37215,0.020538988
37415,0.030813813
37515,0.028863417
37615,0.012330416
37715,0.057280634
38115,0.07806331
38215,0.022899915
38315,0.04271168
38415,0.059615843
38615,0.023422379
38815,0.018341891
39115,0.06267073
39215,0.002817909
39315,0.07732233
39415,0.02926652
39615,0.15736082
39715,0.0006755439
39915,0.062181607
40015,0.0033179948
40215,0.028506601
40515,0.061194766
40615,0.03871877
41815,0.014677417
42015,0.031088684
42715,0.047755305
42915,0.017342381
43615,0.028628716
44215,0.03471535
44515,0.06833041
44715,0.07194814
44915,0.034583084
45215,0.0075173317
45315,0.07849451
45515,0.05631265
45615,0.0463111
46115,0.004429457
46315,0.053140994
46515,0.0020607358
46915,0.04564446
47015,0.2721729
47115,0.0016796399
47215,0.08264823
47315,0.05352094
47615,0.02377313
47715,0.025708945
47815,0.04014792
47915,0.06084693
48215,0.08608012
48615,0.055461057
48715,0.00017134068
49115,0.08237403
49215,0.08314627
49615,0.026818069
49715,0.0013735753
49915,0.057480708
50115,0.05380321
50315,0.03162397
50415,0.24768804
50615,0.0069529256
50815,0.0164869
50915,0.013236889
51015,0.05719426
51215,0.0043034134
51615,0.016504146
51815,0.09088913
52015,0.03053456
52115,0.13302176
52515,0.058676727
52615,0.003133494
52715,0.0011229402
53215,0.0073058233
53315,0.020774622
53415,0.038190767
53615,0.022998713
53915,0.011655114
54115,0.06566015
54215,0.080339015
54315,0.025765441
54415,0.047548532
54615,0.00028328635
55015,0.042903844
55215,0.014825656
55415,0.09498581
55515,0.011279984
55615,0.026559122
56215,0.20331359
56515,0.0949858
56715,0.047728084
56815,0.028095849
57015,0.03884967
57115,0.04491403
57215,0.061372615
57315,0.041677803
57515,0.050097812
57915,0.08207391
58015,0.057132494
58215,0.041233163
58315,0.038205218
58515,0.050350618
58915,0.05124175
59115,0.01399337
59215,0.021594917
59515,0.0072411825
59615,0.0177063
59815,0.028365035
59915,0.027809013
60415,0.01338185
60515,0.07067421
60815,0.04139406
61115,0.0075430716
61315,0.014314287
61415,0.0066656563
61715,0.023741884
62115,0.021146866
62415,0.044015504
62715,0.04127199
62815,0.05596077
63515,0.037286256
63615,0.046608236
63715,0.046181373
63815,0.047362555
63915,0.052266322
64315,0.073539056
64415,0.039164267
16,0.0065457285
116,0.0071985917
416,7.666796e-05
616,0.009785894
716,0.007479032
1016,0.008381654
1216,0.0006757211
1716,0.0057468954
2216,0.010974203
2716,0.0011495233
2816,0.005112928
2916,0.010081378
3016,0.0060546184
3116,0.006112401
3216,0.0045395363
3316,0.0066361898
3416,0.00847805
3716,0.008337592
4016,0.0053896997
4116,0.01498823
4216,0.0074811773
4416,0.008975813
4716,0.002209622
4816,0.008771572
4916,0.012526219
5116,0.0076004434
5216,0.012410501
5716,0.011133211
5916,0.007909564
6216,0.0077015623
6316,0.006559446
6516,0.009677331
6616,0.009778307
6816,0.010862217
6916,0.0011223744
7016,0.0022211797
7216,0.00044374392
7416,0.0078971535
7516,0.01766558
7716,0.009323485
7916,0.00475359
8116,0.006374008
8216,0.0102781
8316,0.007386824
8416,0.008558316
8516,0.008742745
8616,0.011077182
8716,0.013912945
8916,0.009929916
9016,0.011587052
9216,0.0070795766
9516,0.041192725
9816,0.009496436
9916,0.011624043
10116,0.0069044842
10416,0.008339095
10516,0.007613826
10616,0.0061836513
10716,0.009451111
10916,0.01082183
11216,0.007029248
11316,0.0014188371
11716,0.0041420534
11916,0.007270637
12116,0.016558219
12416,0.00871824
12716,0.011576942
12916,0.005213369
13016,0.0070099486
13416,0.0073934775
13516,0.011216195
13616,0.013622766
13716,0.00992658
13916,0.008391831
14316,0.011263963
14416,0.0026865765
15416,0.002358691
15616,0.009283852
15716,0.017733995
15816,0.009115245
15916,0.009423729
16116,0.002730267
16216,0.008571258
16316,0.006946305
16416,0.0050963103
16516,1.5447415e-05
16616,0.0024702642
17016,0.007202269
17116,0.007125347
17216,0.005458971
17316,0.009631248
17416,0.0031631575
17616,0.004032306
17716,0.01113791
17916,0.0050402647
18016,0.005864295
18116,0.0006190224
18216,0.0007987742
18416,0.005016794
18516,0.008708628
18716,0.0025528069
18816,0.010197538
19116,0.008578617
19516,0.008203732
19616,0.0016507738
19716,0.010944463
19816,0.003505308
20716,0.009252971
20816,0.005762653
20916,0.007179503
21116,0.009167976
21216,0.004695761
21416,0.009555542
21816,0.010831875
22016,0.01162681
22316,0.007911177
22416,0.008476164
22516,0.010591602
22616,0.00710792
22916,0.0016371142
23016,0.00013056131
23216,0.0054714787
23316,0.009319133
23616,0.0061095557
23716,0.005238409
23816,0.0023028452
23916,0.010971718
24116,0.009387643
24216,0.008856766
24416,0.0027884694
24516,0.005428389
24616,0.0007634382
24716,0.0064887465
25316,0.0015662572
25416,0.0036341012
25816,0.00010187264
26016,0.016503932
26116,0.008227249
26216,0.010345914
26316,0.009126742
26416,0.010160008
26616,0.009646249
26716,0.012080687
26816,0.004701598
26916,0.0036295224
27016,0.00673513
27316,0.0061956095
27416,0.005705421
27516,0.0038666683
27916,0.0032043033
28016,0.0036465772
28116,0.0043542725
28316,0.007778213
28416,0.0073512914
29016,0.008580296
29116,0.008168559
29316,0.010228632
29616,0.006646489
29716,0.010790039
29816,0.008762595
29916,0.013126881
30016,0.012891971
30116,0.0038233981
30316,0.008874198
30416,0.013032001
30716,0.0023045626
30816,0.010846142
31116,0.0009562355
31216,0.00922469
31616,0.009631673
31716,0.006577705
31816,0.0037032194
31916,0.007449501
32016,0.017008658
32116,0.0036439004
32816,0.008249945
33016,0.0043185917
33116,0.0044355826
33516,0.0084597785
33716,0.007278063
33816,0.0052702674
33916,1.0831508e-05
34016,0.011473531
34216,0.0005670615
34316,0.009388513
34416,0.0067477096
34516,0.008732151
34616,0.008100911
34816,2.3597175e-05
35016,0.008610206
35216,0.0070361523
35316,0.010224804
35516,0.01130605
35616,0.010351935
35716,0.018870251
35916,0.003156041
36016,0.0118942205
36116,0.005511431
36616,0.014609069
37216,0.01666061
37416,0.009096918
37516,0.009907097
37616,0.0036727397
37716,0.008271365
38116,0.007269466
38216,0.015385123
38316,0.011882813
38416,0.011465098
38616,0.007863577
38816,0.021727676
39116,0.012861633
39216,0.00255651
39316,0.007032775
39416,0.004792356
39616,0.009430825
39716,0.0012830272
39916,0.007051302
40016,0.000415542
40216,0.0096182125
40516,0.010518899
40616,0.008210052
41816,0.004589058
42016,0.0096647665
42716,0.011112291
42916,0.01105204
43616,0.007582869
44216,0.010092613
44516,0.004546613
44716,0.009431725
44916,0.011812213
45216,0.0030099307
45316,0.012250775
45516,0.00873775
45616,0.008938137
46116,0.026394999
46316,0.007837194
46516,0.00014219241
46916,0.0060948343
47016,0.0029128075
47116,0.00024331213
47216,0.004940642
47316,0.009247078
47616,0.009941756
47716,0.008575399
47816,0.0103995195
47916,0.009514576
48216,0.004141397
48616,0.01104043
48716,6.665535e-05
49116,0.007057583
49216,0.0079365205
49616,0.00536254
49716,0.00044475627
49916,0.007401985
50116,0.004097669
50316,0.005278977
50416,0.0062465533
50616,0.010392795
50816,0.0025575508
50916,0.0074408185
51016,0.011836699
51216,0.00156328
51616,0.0071788924
51816,0.010224453
52016,0.006697457
52116,0.008446179
52516,0.0041067377
52616,0.010122833
52716,0.0009407003
53216,0.014675263
53316,0.0071249027
53416,0.008765633
53616,0.012174153
53916,0.0055776155
54116,0.00874781
54216,0.008565373
54316,0.010852256
54416,0.00862673
54616,0.0009711343
55016,0.0079072965
55216,0.008107116
55416,0.003891252
55516,0.014221361
55616,0.007303139
56216,0.0066628074
56516,0.0075360727
56716,0.00868854
56816,0.005956678
57016,0.010272847
57116,0.011413588
57216,0.007663844
57316,0.00736118
57516,0.00770397
57916,0.0055747842
58016,0.011059221
58216,0.0018313288
58316,0.0020266466
58516,0.008486925
58916,0.010154104
59116,0.0068709217
59216,0.008932656
59516,0.0002382267
59616,0.0108955465
59816,0.015597153
59916,0.005230804
60416,0.003473863
60516,0.004891257
60816,0.010124301
61116,0.0038285605
61316,0.0017383809
61416,0.0014418567
61716,0.015699314
62116,0.0071595567
62416,0.012522144
62716,0.0113342805
62816,0.009061928
63516,0.002621561
63616,0.011837973
63716,0.011223561
63816,0.0095493365
63916,0.00995599
64316,0.0069304784
64416,0.006730903
17,0.0131915
117,0.011617319
417,0.0007748061
617,0.030051503
717,0.019611515
1017,0.011913924
1217,0.0011446605
1717,0.01110839
2217,0.014009193
2717,0.0022730336
2817,0.007195486
2917,0.0110368095
3017,0.0066348366
3117,0.029133767
3217,0.0139523195
3317,0.0054938756
3417,0.012890598
3717,0.013491329
4017,0.022423511
4117,0.010342586
4217,0.1138374
4417,0.009418375
4717,0.011501037
4817,0.010908774
4917,0.025879223
5117,0.12724182
5217,0.04680671
5717,0.026264407
5917,0.0064287414
6217,0.024666738
6317,0.026425557
6517,0.019087953
6617,0.020844975
6817,0.018869916
6917,0.03822563
7017,0.010150646
7217,0.02359118
7417,0.014395143
7517,0.010588401
7717,0.024659922
7917,0.02930875
8117,0.013293146
8217,0.023208799
8317,0.039828982
8417,0.030267173
8517,0.01093111
8617,0.024002856
8717,0.0072407546
8917,0.012061351
9017,0.012233067
9217,0.03207428
9517,0.0069853426
9817,0.018567046
9917,0.013219025
10117,0.019149443
10417,0.017104562
10517,0.018428378
10617,0.0029928258
10717,0.08401547
10917,0.08336932
11217,0.0208765
11317,0.0033591369
11717,0.11182149
11917,0.0153442845
12117,0.00838355
12417,0.006046717
12717,0.037660785
12917,0.0027440265
13017,0.064793825
13417,0.022656115
13517,0.009969586
13617,0.012662135
13717,0.029787024
13917,0.11529996
14317,0.019326651
14417,0.0017797502
15417,0.0016870949
15617,0.026337003
15717,0.007716218
15817,0.029148217
15917,0.014980673
16117,0.026074262
16217,0.024664622
16317,0.015506028
16417,0.011869102
16517,0.00013360142
16617,0.0022104578
17017,0.023329655
17117,0.010615583
17217,0.008470091
17317,0.010905161
17417,0.01164227
17617,0.012261199
17717,0.0049796924
17917,0.010779028
18017,0.010200695
18117,0.0013531102
18217,0.0031380483
18417,0.0035984828
18517,0.00574396
18717,0.02946387
18817,0.014345336
19117,0.0024387415
19517,0.013522185
19617,0.0058130375
19717,0.0098498855
19817,0.016780205
20717,0.018042099
20817,0.011259091
20917,0.020670975
21117,0.05053758
21217,0.00991399
21417,0.011658348
21817,0.044482037
22017,0.014853703
22317,0.06680122
22417,0.017066512
22517,0.028512416
22617,0.016327353
22917,0.029350305
23017,0.0013127823
23217,0.011443108
23317,0.052986972
23617,0.04324687
23717,0.03545334
23817,0.005085274
23917,0.020784644
24117,0.016736176
24217,0.04645491
24417,0.007218589
24517,0.02043624
24617,0.0040451754
24717,0.012866829
25317,0.0024860129
25417,0.017518304
25817,7.376108e-05
26017,0.004506022
26117,0.008141936
26217,0.027817847
26317,0.0069548734
26417,0.029301118
26617,0.024295125
26717,0.043482386
26817,0.048939172
26917,0.010032776
27017,0.019419506
27317,0.009213353
27417,0.012038908
27517,0.06536329
27917,0.0047765635
28017,0.022008648
28117,0.0019649721
28317,0.034226112
28417,0.021409387
29017,0.009553326
29117,0.018283866
29317,0.029919624
29617,0.023376895
29717,0.00360058
29817,0.015995346
29917,0.011051296
30017,0.06773627
30117,0.0013912761
30317,0.020766478
30417,0.019794827
30717,0.0012709629
30817,0.011888239
31117,0.0005658661
31217,0.016909352
31617,0.034033973
31717,0.0018818604
31817,0.009264955
31917,0.014847896
32017,0.008011475
32117,0.012373641
32817,0.0112342555
33017,0.012670926
33117,0.010459383
33517,0.02662743
33717,0.01042345
33817,0.008889608
33917,0.0001779475
34017,0.011218329
34217,0.0017561595
34317,0.0059533855
34417,0.009965485
34517,0.01684818
34617,0.0064167297
34817,0.00026454
35017,0.013682939
35217,0.020548575
35317,0.02947989
35517,0.0110429395
35617,0.0072994167
35717,0.009820962
35917,0.0031629368
36017,0.009278704
36117,0.012490054
36617,0.0009754767
37217,0.017654877
37417,0.030592918
37517,0.029843537
37617,0.0016259361
37717,0.016145833
38117,0.022978287
38217,0.0145615
38317,0.051126014
38417,0.025557829
38617,0.0071987826
38817,0.00796689
39117,0.03312802
39217,0.030804448
39317,0.09669402
39417,0.020971015
39617,0.08336954
39717,0.0004658435
39917,0.013586712
40017,0.0035760177
40217,0.0054568406
40517,0.041422702
40617,0.014249744
41817,0.0012480416
42017,0.015951019
42717,0.08363026
42917,0.010006149
43617,0.007004776
44217,0.015352325
44517,0.0120526925
44717,0.041094415
44917,0.015476132
45217,0.13705836
45317,0.06106985
45517,0.029947525
45617,0.038387462
46117,0.005759533
46317,0.017934965
46517,0.00013880689
46917,0.015322009
47017,0.013103391
47117,0.00016081167
47217,0.02004442
47317,0.027451763
47617,0.011896982
47717,0.011873386
47817,0.019977372
47917,0.021384014
48217,0.018189618
48617,0.015926717
48717,0.00038916874
49117,0.011599851
49217,0.021795874
49617,0.028563494
49717,0.0027544752
49917,0.016369505
50117,0.00850857
50317,0.004530931
50417,0.052397154
50617,0.023717314
50817,0.0057715653
50917,0.0058682137
51017,0.008676663
51217,0.008780424
51617,0.08811944
51817,0.029905247
52017,0.013925624
52117,0.08819117
52517,0.023383113
52617,0.0022497582
52717,0.00020016445
53217,0.011725771
53317,0.09565763
53417,0.10055006
53617,0.0102460785
53917,0.0012075664
54117,0.013988954
54217,0.026078193
54317,0.009395275
54417,0.015334106
54617,0.00053279736
55017,0.013428592
55217,0.0055175936
55417,0.04993929
55517,0.008113069
55617,0.007759903
56217,0.033572666
56517,0.03003304
56717,0.03089948
56817,0.02380181
57017,0.003926288
57117,0.013230976
57217,0.019955177
57317,0.036111776
57517,0.013229468
57917,0.023520788
58017,0.014497103
58217,0.0014586702
58317,0.0046898047
58517,0.016984627
58917,0.014457012
59117,0.0062306128
59217,0.0041267425
59517,0.0002429684
59617,0.0033060673
59817,0.0108292345
59917,0.012620555
60417,0.0017963067
60517,0.012887501
60817,0.02090939
61117,0.0030011006
61317,0.00083154073
61417,0.00049256854
61717,0.008923034
62117,0.007306931
62417,0.057929534
62717,0.03511305
62817,0.023234226
63517,0.0015397143
63617,0.033371087
63717,0.03854185
63817,0.02100212
63917,0.015790725
64317,0.016478732
64417,0.019691274
18,0.058223806
118,0.048756886
418,0.00036103494
618,0.099501766
718,0.088807404
1018,0.055207152
1218,0.002907948
1718,0.055535335
2218,0.06507512
2718,0.008691514
2818,0.04778229
2918,0.13766956
3018,0.04725389
3118,0.08776832
3218,0.12753011
3318,0.28972042
3418,0.06357658
3718,0.053274803
4018,0.34342566
4118,0.53502303
4218,0.06985142
4418,0.07642882
4718,0.7087479
4818,0.092499405
4918,0.051917158
5118,0.14489162
5218,0.09273476
5718,0.19590873
5918,0.18953988
6218,0.19415121
6318,0.14818373
6518,0.09021134
6618,0.13797352
6818,0.096200645
6918,0.0030464057
7018,0.011488668
7218,0.0020233197
7418,0.055777505
7518,0.08277843
7718,0.08231027
7918,0.04238021
8118,0.13568424
8218,0.09476733
8318,0.1036519
8418,0.094595075
8518,0.06051342
8618,0.077065505
8718,0.049953226
8918,0.06525806
9018,0.038437758
9218,0.12188336
9518,0.0826746
9818,0.0850926
9918,0.08678613
10118,0.075174354
10418,0.10910191
10518,0.12356657
10618,0.0139702745
10718,0.08081948
10918,0.1422781
11218,0.07480523
11318,0.013488284
11718,0.03465029
11918,0.10096967
12118,0.07479712
12418,0.07539592
12718,0.07631006
12918,0.045948572
13018,0.05064372
13418,0.13430259
13518,0.08447886
13618,0.118398786
13718,0.10333154
13918,0.05911329
14318,0.095397204
14418,0.0028719918
15418,0.0035415508
15618,0.21813054
15718,0.08228942
15818,0.085255295
15918,0.0636715
16118,0.018455287
16218,0.10276387
16318,0.053885456
16418,0.05022384
16518,3.9194143e-05
16618,0.006573844
17018,0.16534063
17118,0.048688337
17218,0.039216958
17318,0.04450417
17418,0.020949822
17618,0.020766947
17718,0.081669405
17918,0.051547594
18018,0.057328377
18118,0.0029412957
18218,0.005438472
18418,0.012221705
18518,0.058791287
18718,0.015496753
18818,0.06369202
19118,0.031243067
19518,0.06185387
19618,0.019551305
19718,0.054234877
19818,0.032761764
20718,0.14136773
20818,0.094787225
20918,0.059150886
21118,0.117271155
21218,0.073467754
21418,0.03565894
21818,0.15933703
22018,0.113912
22318,0.043367848
22418,0.10031966
22518,0.087901555
22618,0.12646762
22918,0.0052045225
23018,0.0017427609
23218,0.04477653
23318,0.061523467
23618,0.08753659
23718,0.04404535
23818,0.032467615
23918,0.07976961
24118,0.077095814
24218,0.078960784
24418,0.009005368
24518,0.026775267
24618,0.0046039587
24718,0.04258477
25318,0.0034667277
25418,0.05798175
25818,4.8981874e-05
26018,0.024921954
26118,0.0641491
26218,0.112558976
26318,0.08510804
26418,0.03130094
26618,0.09154869
26718,0.07463551
26818,0.05041123
26918,0.053434808
27018,0.082361646
27318,0.063108556
27418,0.04628371
27518,0.054929372
27918,0.008330204
28018,0.0260413
28118,0.0057365783
28318,0.19925435
28418,0.11460365
29018,0.013317494
29118,0.17613934
29318,0.12509307
29618,0.043886162
29718,0.011313089
29818,0.10066952
29918,0.121088825
30018,0.0712325
30118,0.0049672504
30318,0.11894189
30418,0.10069127
30718,0.0026839792
30818,0.09200858
31118,0.0009972226
31218,0.10836423
31618,0.07646942
31718,0.0125019485
31818,0.036723476
31918,0.1033543
32018,0.0944541
32118,0.0362978
32818,0.077459864
33018,0.03701884
33118,0.03172831
33518,0.08948375
33718,0.058862653
33818,0.050654434
33918,8.392205e-05
34018,0.0662798
34218,0.0062567475
34318,0.056974627
34418,0.02437861
34518,0.0180188
34618,0.03502759
34818,8.931473e-05
35018,0.066889994
35218,0.22750498
35318,0.13358772
35518,0.0632686
35618,0.061094772
35718,0.044074018
35918,0.020023001
36018,0.085014395
36118,0.085197516
36618,0.014531171
37218,0.13442716
37418,0.13953067
37518,0.096116975
37618,0.011570469
37718,0.08577999
38118,0.120957404
38218,0.10770978
38318,0.16814518
38418,0.11015438
38618,0.061470777
38818,0.1573933
39118,0.0795981
39218,0.014377531
39318,0.037389312
39418,0.026838968
39618,0.06442105
39718,0.0059564286
39918,0.063118495
40018,0.0025509577
40218,0.09403343
40518,0.11336293
40618,0.06256827
41818,0.0053810147
42018,0.11791761
42718,0.068039335
42918,0.054189105
43618,0.047572922
44218,0.1267123
44518,0.028579574
44718,0.11633793
44918,0.112803906
45218,0.008878682
45318,0.11319499
45518,0.092809394
45618,0.24149764
46118,0.047574043
46318,0.10729325
46518,0.00010068144
46918,0.056593534
47018,0.03199925
47118,0.00011528731
47218,0.08955009
47318,0.10986655
47618,0.16327573
47718,0.060283568
47818,0.112165965
47918,0.08687506
48218,0.06925949
48618,0.05158035
48718,0.00018241903
49118,0.12592855
49218,0.08930754
49618,0.03671587
49718,0.001050658
49918,0.07644064
50118,0.043462124
50318,0.014911162
50418,0.028162122
50618,0.03122232
50818,0.007212414
50918,0.009355521
51018,0.0556239
51218,0.007012659
51618,0.09119277
51818,0.08835089
52018,0.047207553
52118,0.097699255
52518,0.069234125
52618,0.03702577
52718,0.0019308121
53218,0.029722514
53318,0.039138995
53418,0.09784009
53618,0.12227876
53918,0.029480916
54118,0.070968166
54218,0.1003135
54318,0.11664973
54418,0.12121168
54618,0.0039573526
55018,0.09060194
55218,0.02534115
55418,0.08118642
55518,0.043147482
55618,0.038171258
56218,0.091135465
56518,0.124951236
56718,0.07242267
56818,0.03591828
57018,0.042799152
57118,0.063879006
57218,0.10789463
57318,0.07730955
57518,0.07024757
57918,0.15395105
58018,0.06436395
58218,0.0021668258
58318,0.018515034
58518,0.08926022
58918,0.081938535
59118,0.0084509915
59218,0.038963016
59518,0.00022990517
59618,0.047556862
59818,0.1437253
59918,0.045286596
60418,0.0039901617
60518,0.03577892
60818,0.09400064
61118,0.026589038
61318,0.001664796
61418,0.002882726
61718,0.15488285
62118,0.031071773
62418,0.12879787
62718,0.18510757
62818,0.10064186
63518,0.0031995731
63618,0.09830164
63718,0.09215541
63818,0.096227825
63918,0.06915957
64318,0.11049664
64418,0.124998346
