Id,Probability
0,0.009322291
100,0.004198361
400,1.7948814e-05
600,0.016905991
700,0.023137309
1000,0.008990071
1200,0.0010338364
1700,0.005402771
2200,0.0019433367
2700,1.3714531e-06
2800,0.011300891
2900,0.005058357
3000,0.010788829
3100,0.013075443
3200,0.018115366
3300,0.011709424
3400,0.0008122387
3700,8.895108e-07
4000,0.015222983
4100,0.0012381307
4200,0.040330816
4400,0.012112844
4700,0.014286862
4800,0.040894426
4900,0.01238479
5100,0.024937486
5200,0.019003736
5700,0.026103208
5900,0.02716018
6200,0.020323647
6300,0.025652912
6500,0.014108436
6600,0.011805334
6800,0.009015734
6900,1.659677e-08
7000,0.0068894653
7200,1.2634457e-06
7400,0.014500864
7500,0.01701876
7700,0.009997085
7900,0.0064861258
8100,0.007813971
8200,0.039633058
8300,0.049839266
8400,0.014630465
8500,0.010808236
8600,0.02188268
8700,0.013614124
8900,0.0190955
9000,0.007930143
9200,0.011799253
9500,0.0014535697
9800,0.01666105
9900,0.0192479
10100,0.005172196
10400,0.037679985
10500,0.02700857
10600,0.0071885698
10700,0.011330946
10900,0.017140908
11200,0.019335454
11300,7.5906055e-06
11700,1.3707209e-05
11900,0.025259512
12100,0.0077231517
12400,0.017968906
12700,0.014901803
12900,0.0070869443
13000,0.0067124562
13400,0.016440203
13500,0.008677869
13600,0.019558206
13700,0.038416438
13900,0.01660883
14300,0.0155671025
14400,0.0006519605
15400,0.0010922498
15600,0.01962608
15700,0.012961081
15800,0.023596324
15900,0.016926797
16100,0.038147327
16200,0.035832245
16300,0.01283638
16400,0.0061932276
16500,2.1519154e-05
16600,0.017195523
17000,0.019376852
17100,0.0051200897
17200,0.005869206
17300,0.00439844
17400,0.0054936334
17600,0.02019858
17700,0.013307061
17900,0.00552087
18000,0.003973459
18100,7.4504286e-10
18200,6.563208e-10
18400,0.00019555869
18500,0.009223427
18700,4.732463e-10
18800,0.014860854
19100,0.0051833834
19500,0.011934586
19600,5.7595103e-06
19700,0.00054845994
19800,8.0338545e-08
20700,0.025696512
20800,0.003406847
20900,0.023126116
21100,0.026327811
21200,0.03176495
21400,0.006550094
21800,0.019727824
22000,0.02283332
22300,0.01182531
22400,0.008891689
22500,0.018543499
22600,0.011424852
22900,2.0160526e-07
23000,6.7293426e-05
23200,0.0093539255
23300,0.02086013
23600,0.017920002
23700,0.019215483
23800,0.0025318433
23900,0.018081388
24100,0.013683438
24200,0.008188411
24400,0.0001563484
24500,0.009300644
24600,8.921171e-05
24700,0.013082715
25300,0.0015739867
25400,0.020119108
25800,0.0073316256
26000,0.0019868007
26100,0.012603573
26200,0.02237585
26300,0.030465825
26400,0.004424781
26600,0.02032738
26700,0.007532268
26800,0.003387142
26900,0.023072213
27000,0.016746147
27300,0.020959131
27400,0.02671719
27500,0.00029247443
27900,0.00037579166
28000,0.032530706
28100,0.0022298347
28300,0.016055852
28400,0.015280076
29000,0.0060471604
29100,0.010303858
29300,0.02088961
29600,0.012834674
29700,0.00023083323
29800,0.0091621205
29900,0.00341635
30000,0.01675313
30100,0.0023740528
30300,0.011065839
30400,0.040613808
30700,0.0014963014
30800,0.013784761
31100,0.0016055787
31200,0.019417565
31600,0.026089935
31700,0.0019209052
31800,0.009881162
31900,0.02545171
32000,0.018460693
32100,0.0044715973
32800,0.035554774
33000,0.0066700117
33100,0.006196244
33500,0.015984807
33700,0.005904836
33800,0.0029945457
33900,6.332149e-09
34000,6.285194e-05
34200,1.487671e-06
34300,0.0022130902
34400,3.949355e-07
34500,0.000109368244
34600,0.018587068
34800,4.1652086e-08
35000,0.0344497
35200,0.0013902276
35300,0.006672454
35500,0.01932252
35600,0.020908294
35700,0.00029769508
35900,0.018778132
36000,0.0072362465
36100,0.03651313
36600,4.201125e-05
37200,0.0006218337
37400,0.021148881
37500,0.026282921
37600,0.0039497674
37700,0.031319898
38100,0.013871767
38200,0.008341105
38300,0.021152481
38400,0.019382084
38600,0.026640492
38800,0.010688959
39100,0.0183367
39200,6.845026e-08
39300,0.002012704
39400,1.654102e-05
39600,0.027848424
39700,4.705461e-06
39900,0.0065175714
40000,0.0060981866
40200,0.007156468
40500,0.045306154
40600,0.014771117
41800,0.0040275077
42000,0.013261454
42700,0.023289194
42900,0.0051766788
43600,0.0069669667
44200,0.0059921755
44500,0.009271866
44700,0.015272917
44900,0.005496364
45200,0.01927525
45300,0.018314853
45500,0.03473045
45600,0.027804026
46100,0.0058211223
46300,0.023753388
46500,0.0011166381
46900,0.010394789
47000,0.0010524405
47100,0.0012147513
47200,0.017048173
47300,0.014638281
47600,0.014683158
47700,0.00890312
47800,0.009089887
47900,0.022743825
48200,0.01509947
48600,0.0043739835
48700,0.00016604643
49100,0.026224228
49200,0.027918486
49600,0.006781887
49700,0.00027162395
49900,0.030471079
50100,0.0036910474
50300,0.00060659315
50400,5.888108e-07
50600,7.2569004e-05
50800,1.757698e-07
50900,0.00013540452
51000,0.021412179
51200,1.7960845e-05
51600,0.00011246528
51800,0.029669918
52000,6.222577e-07
52100,0.034352466
52500,0.0068015694
52600,0.0016419791
52700,0.0009381467
53200,0.019288547
53300,0.013775739
53400,0.008286833
53600,0.021301698
53900,0.0017033617
54100,0.006406361
54200,0.012576095
54300,0.021660583
54400,0.02007197
54600,0.0020133783
55000,0.023467857
55200,0.0018735705
55400,0.00010589847
55500,0.0023655198
55600,0.005314609
56200,0.04057485
56500,0.01606894
56700,0.029256562
56800,0.0023543842
57000,0.006437971
57100,0.016935302
57200,0.0233784
57300,0.0040764273
57500,0.012016469
57900,0.03836325
58000,0.016303416
58200,0.0041153315
58300,0.005221198
58500,0.024799636
58900,0.006379451
59100,0.001258069
59200,0.0020019663
59500,0.0016308485
59600,0.0014089824
59800,0.019203681
59900,0.03505512
60400,0.0027997291
60500,0.0080801165
60800,0.013985512
61100,0.0070395325
61300,0.0012519498
61400,0.0022536244
61700,0.009778199
62100,0.0013239527
62400,0.01205737
62700,0.026543453
62800,0.017991923
63500,0.0007777905
63600,0.035084914
63700,0.011374512
63800,0.010083458
63900,0.013056315
64300,0.04709191
64400,0.021738576
1,0.096740454
101,0.15704735
401,0.30233198
601,0.11960365
701,0.16550015
1001,0.14823122
1201,0.1741805
1701,0.2296914
2201,0.043039456
2701,0.99978805
2801,0.015779974
2901,0.12578423
3001,0.114591286
3101,0.18674482
3201,0.035297945
3301,0.04064687
3401,0.06503539
3701,0.99259186
4001,0.13079314
4101,0.17821112
4201,0.07176067
4401,0.0061679864
4701,0.04392848
4801,0.20113073
4901,0.011331883
5101,0.051240515
5201,0.0805896
5701,0.048359483
5901,0.11697078
6201,0.11411081
6301,0.2591729
6501,0.123375975
6601,0.21910138
6801,0.076703094
6901,0.98875594
7001,0.59785575
7201,0.9925198
7401,0.06914252
7501,0.23277985
7701,0.3126293
7901,0.83934385
8101,0.025491513
8201,0.12101553
8301,0.059911218
8401,0.05497085
8501,0.10647872
8601,0.046933558
8701,0.3444973
8901,0.057866164
9001,0.03804821
9201,0.03733078
9501,0.005499604
9801,0.27189213
9901,0.03857132
10101,0.02849202
10401,0.047356438
10501,0.17650524
10601,0.093458936
10701,0.011574971
10901,0.09631996
11201,0.06906664
11301,0.9891887
11701,0.7038055
11901,0.24034822
12101,0.005664739
12401,0.020301167
12701,0.10985703
12901,0.0047852183
13001,0.006508831
13401,0.067798816
13501,0.15738745
13601,0.1295702
13701,0.13020445
13901,0.012664182
14301,0.09155244
14401,0.0013800676
15401,0.0007383547
15601,0.19191556
15701,0.00916936
15801,0.072342865
15901,0.17477529
16101,0.021271154
16201,0.09963395
16301,0.083933964
16401,0.21150625
16501,0.097572036
16601,0.04328229
17001,0.13839112
17101,0.17325696
17201,0.25538617
17301,0.1659961
17401,0.15853958
17601,0.007813729
17701,0.10229995
17901,0.3206248
18001,0.27469432
18101,0.99999875
18201,0.99999946
18401,0.84394634
18501,0.14295746
18701,0.9999998
18801,0.2106727
19101,0.033080705
19501,0.17466886
19601,0.9807294
19701,0.0082130665
19801,0.99994546
20701,0.020805227
20801,0.0037915816
20901,0.11342193
21101,0.11655644
21201,0.049670238
21401,0.030419823
21801,0.07021476
22001,0.072969794
22301,0.027189953
22401,0.07417365
22501,0.38266283
22601,0.113121964
22901,0.7958457
23001,0.95517546
23201,0.29059607
23301,0.043126907
23601,0.08969123
23701,0.060269073
23801,0.526891
23901,0.044830795
24101,0.040567182
24201,0.04465848
24401,0.99138665
24501,0.50903046
24601,0.9845386
24701,0.05057194
25301,0.021280676
25401,0.09421452
25801,0.02873191
26001,0.0011118476
26101,0.023169473
26201,0.02681229
26301,0.49010387
26401,0.005637753
26601,0.2473419
26701,0.08406161
26801,0.12622027
26901,0.48769253
27001,0.034434784
27301,0.022695715
27401,0.033029813
27501,0.43910807
27901,0.87165827
28001,0.2030224
28101,0.0069885952
28301,0.107326984
28401,0.08094481
29001,0.032394752
29101,0.10332774
29301,0.29934752
29601,0.38073546
29701,0.005162632
29801,0.05381104
29901,0.45801523
30001,0.09601272
30101,0.0010837212
30301,0.61369807
30401,0.17654423
30701,0.005039097
30801,0.010841763
31101,0.00356766
31201,0.018375795
31601,0.05142017
31701,0.001009704
31801,0.009135847
31901,0.09611544
32001,0.040456977
32101,0.17752704
32801,0.1856538
33001,0.20507357
33101,0.091136634
33501,0.05779726
33701,0.18810503
33801,0.3408928
33901,0.99998313
34001,0.72301453
34201,0.99909824
34301,0.12314524
34401,0.99889505
34501,0.8532584
34601,0.055288646
34801,0.99977994
35001,0.4692546
35201,0.8757055
35301,0.068525836
35501,0.08258536
35601,0.06374197
35701,0.0034276457
35901,0.04400771
36001,0.004446469
36101,0.04435394
36601,0.00047848234
37201,0.12048582
37401,0.041294247
37501,0.11849927
37601,0.010772544
37701,0.17168355
38101,0.29040244
38201,0.45625612
38301,0.11830046
38401,0.07336226
38601,0.21274967
38801,0.04735312
39101,0.44207215
39201,0.8928872
39301,0.07903271
39401,0.97071075
39601,0.020380324
39701,0.057622742
39901,0.12823665
40001,0.08659653
40201,0.22383092
40501,0.11036343
40601,0.119664796
41801,0.0021743889
42001,0.07767711
42701,0.10886253
42901,0.21038324
43601,0.006189072
44201,0.011880739
44501,0.6676746
44701,0.08198089
44901,0.25511003
45201,0.043514006
45301,0.024420714
45501,0.045302037
45601,0.16174798
46101,0.04133794
46301,0.09437175
46501,0.00565377
46901,0.22931166
47001,0.94025123
47101,0.0046794084
47201,0.022798045
47301,0.14834121
47601,0.009026668
47701,0.5930655
47801,0.4824232
47901,0.06039138
48201,0.021528887
48601,0.015014878
48701,0.17596483
49101,0.023051223
49201,0.061843567
49601,0.0084559135
49701,0.63171214
49901,0.31419745
50101,0.28750074
50301,0.87451315
50401,0.9997697
50601,0.9915414
50801,0.99998456
50901,0.10363083
51001,0.05754989
51201,0.99658895
51601,0.51982373
51801,0.09104903
52001,0.55590624
52101,0.08634231
52501,0.13005099
52601,0.0012488493
52701,0.004101787
53201,0.06135405
53301,0.021550994
53401,0.37560084
53601,0.33765543
53901,0.003924027
54101,0.18628328
54201,0.07667073
54301,0.0450828
54401,0.06529602
54601,0.0399942
55001,0.2143396
55201,0.11486503
55401,0.86613595
55501,0.14473708
55601,0.10621874
56201,0.12697777
56501,0.053314343
56701,0.08481354
56801,0.114714175
57001,0.1027642
57101,0.11717313
57201,0.02669239
57301,0.12217279
57501,0.15653731
57901,0.021911532
58001,0.032362737
58201,0.020340016
58301,0.8948907
58501,0.04348459
58901,0.56056356
59101,0.0016436803
59201,0.009848898
59501,0.1311267
59601,0.0014509279
59801,0.023794025
59901,0.061411493
60401,0.028480668
60501,0.6380461
60801,0.39086297
61101,0.03625874
61301,0.008102715
61401,0.003022342
61701,0.1414974
62101,0.008397313
62401,0.13730372
62701,0.22064267
62801,0.51682734
63501,0.0006831788
63601,0.10404949
63701,0.20264834
63801,0.5734784
63901,0.14863281
64301,0.19411382
64401,0.050141007
2,0.004195941
102,0.0038341505
402,6.903877e-05
602,0.03379629
702,0.10653827
1002,0.004225521
1202,0.0071100597
1702,0.0028103134
2202,0.0011105741
2702,0.00011119709
2802,0.0526143
2902,0.03403701
3002,0.018125134
3102,0.2901149
3202,0.025503274
3302,0.066183016
3402,0.0008179018
3702,1.0698037e-06
4002,0.014424073
4102,0.001997689
4202,0.073772475
4402,0.054913204
4702,0.016747894
4802,0.064361066
4902,0.0026116257
5102,0.010881947
5202,0.023370324
5702,0.13720421
5902,0.082604356
6202,0.10128025
6302,0.051010437
6502,0.07112166
6602,0.01472449
6802,0.041318797
6902,4.9543964e-05
7002,0.1015531
7202,1.04606415e-05
7402,0.0013583695
7502,0.004469991
7702,0.01852088
7902,0.007948702
8102,0.023212617
8202,0.057435576
8302,0.039516993
8402,0.11082616
8502,0.006374023
8602,0.016107671
8702,0.012261408
8902,0.01512785
9002,0.0130779315
9202,0.037991337
9502,0.0003581909
9802,0.044491343
9902,0.022573287
10102,0.0020308886
10402,0.1830921
10502,0.10962392
10602,0.017156936
10702,0.0023296077
10902,0.042054925
11202,0.028260289
11302,0.0040612444
11702,0.00713182
11902,0.07473278
12102,0.06478868
12402,0.11551327
12702,0.09210595
12902,0.018736932
13002,0.009139166
13402,0.03808724
13502,0.052402105
13602,0.15426113
13702,0.15799524
13902,0.011569906
14302,0.021615356
14402,0.0011011581
15402,0.00082054787
15602,0.050795533
15702,0.020726796
15802,0.035043567
15902,0.016873127
16102,0.025175922
16202,0.073472805
16302,0.008560138
16402,0.0040365797
16502,1.530253e-05
16602,0.024098426
17002,0.10852876
17102,0.0018545673
17202,0.0025821317
17302,0.0050663385
17402,0.02521813
17602,0.025136089
17702,0.030164998
17902,0.003471015
18002,0.002011559
18102,6.8121113e-07
18202,3.1664453e-07
18402,0.0010558503
18502,0.004899123
18702,3.9005364e-08
18802,0.08256434
19102,0.008781142
19502,0.011395622
19602,1.2987565e-05
19702,0.0002842785
19802,1.4097677e-07
20702,0.085860506
20802,0.0025891813
20902,0.043798283
21102,0.0632397
21202,0.0944081
21402,0.017113913
21802,0.10716727
22002,0.15834165
22302,0.00034986384
22402,0.023221817
22502,0.07203072
22602,0.025575168
22902,0.0011823393
23002,8.47012e-05
23202,0.0013270702
23302,0.067609645
23602,0.045623206
23702,0.27258986
23802,0.0077809086
23902,0.0530387
24102,0.014086697
24202,0.048259985
24402,0.0005234107
24502,0.023067243
24602,0.00033513596
24702,0.03161887
25302,0.0011978806
25402,0.007040889
25802,0.012356546
26002,0.0013374848
26102,0.07001065
26202,0.13495427
26302,0.04532895
26402,0.0013590502
26602,0.04701743
26702,0.02434103
26802,0.41460335
26902,0.045660652
27002,0.028293423
27302,0.046388417
27402,0.11375171
27502,0.040870447
27902,0.046850424
28002,0.04103932
28102,0.004804272
28302,0.031810332
28402,0.086609475
29002,0.02614438
29102,0.02199679
29302,0.031290665
29602,0.027564792
29702,0.00058904954
29802,0.029853115
29902,0.021211598
30002,0.04002267
30102,0.0038535856
30302,0.048828192
30402,0.16202092
30702,0.0030126446
30802,0.11439008
31102,0.0026302035
31202,0.03131346
31602,0.0758387
31702,0.0021450552
31802,0.016685164
31902,0.05172371
32002,0.05303962
32102,0.003252871
32802,0.10975538
33002,0.0041848877
33102,0.002358401
33502,0.03239499
33702,0.002891992
33802,0.0017610238
33902,7.6506353e-07
34002,0.00023563243
34202,4.1785544e-05
34302,0.00072151807
34402,4.7824246e-06
34502,0.00043633816
34602,0.023862462
34802,9.747794e-07
35002,0.025939897
35202,0.00092569564
35302,0.026331171
35502,0.024314398
35602,0.015971256
35702,0.00016845184
35902,0.030128263
36002,0.0034870307
36102,0.20807421
36602,3.500343e-05
37202,0.0023646452
37402,0.048037488
37502,0.096931994
37602,0.06670973
37702,0.071058385
38102,0.09925764
38202,0.07575556
38302,0.0250747
38402,0.038888577
38602,0.08396966
38802,0.035969824
39102,0.079849504
39202,0.00043613583
39302,0.45659703
39402,0.0016231666
39602,0.026215827
39702,4.0913346e-06
39902,0.01129903
40002,0.045124877
40202,0.012706536
40502,0.09538766
40602,0.011227911
41802,0.0070999395
42002,0.05730453
42702,0.059905317
42902,0.009161808
43602,0.012767969
44202,0.0028094111
44502,0.058362793
44702,0.09648777
44902,0.03162585
45202,0.001629712
45302,0.0015741406
45502,0.12944318
45602,0.0648421
46102,0.024432959
46302,0.056397334
46502,0.004775064
46902,0.009416006
47002,0.015961817
47102,0.0035550056
47202,0.035521567
47302,0.03649955
47602,0.06730223
47702,0.056452427
47802,0.03942524
47902,0.020553615
48202,0.07134888
48602,0.005755017
48702,0.00021781125
49102,0.09138114
49202,0.030131185
49602,0.027266186
49702,0.24972048
49902,0.07849056
50102,0.0019791317
50302,0.0054074004
50402,0.00013372477
50602,0.0013496032
50802,4.5732113e-06
50902,0.0002972149
51002,0.01810429
51202,0.0015964549
51602,0.017907428
51802,0.012935111
52002,1.6757449e-06
52102,0.027040273
52502,0.5603712
52602,0.011507213
52702,0.0013780523
53202,0.004833541
53302,0.13814062
53402,0.12751801
53602,0.02578746
53902,0.008033172
54102,0.023367364
54202,0.022663128
54302,0.06458419
54402,0.03432278
54602,0.005438333
55002,0.072081715
55202,0.08522398
55402,0.054015353
55502,0.03334593
55602,0.0009365074
56202,0.067791715
56502,0.029887341
56702,0.031083763
56802,0.007167118
57002,0.0032351287
57102,0.012634951
57202,0.02523483
57302,0.013135908
57502,0.011353822
57902,0.08086116
58002,0.00904621
58202,0.023722457
58302,0.0047946023
58502,0.11604034
58902,0.008629713
59102,0.00092651375
59202,0.0065157334
59502,0.031439956
59602,0.0013472984
59802,0.12335652
59902,0.046344437
60402,0.2687281
60502,0.0018042972
60802,0.041289322
61102,0.0029006368
61302,0.004229066
61402,0.05711486
61702,0.060324397
62102,0.001861545
62402,0.021065118
62702,0.07470986
62802,0.14844343
63502,0.0010629945
63602,0.08401709
63702,0.0556192
63802,0.058716748
63902,0.009703772
64302,0.095536485
64402,0.086116515
3,0.002209568
103,0.0036760482
403,0.00027086798
603,0.009107357
703,0.016672023
1003,0.0020748284
1203,0.0007697943
1703,0.003604885
2203,0.0006410296
2703,7.579285e-08
2803,0.018177047
2903,0.0043591815
3003,0.008639949
3103,0.010197981
3203,0.020533005
3303,0.026948817
3403,0.00047187784
3703,8.02866e-07
4003,0.010153318
4103,0.0044585397
4203,0.04084431
4403,0.016354226
4703,0.008793288
4803,0.045351584
4903,0.013456784
5103,0.034104533
5203,0.018114582
5703,0.046572156
5903,0.036526974
6203,0.026074884
6303,0.011576453
6503,0.016650664
6603,0.00754134
6803,0.018807579
6903,3.205824e-08
7003,0.0023323146
7203,2.2944862e-06
7403,0.019029506
7503,0.034004893
7703,0.005430458
7903,0.002994314
8103,0.005030346
8203,0.023801468
8303,0.03792641
8403,0.01266782
8503,0.0059438213
8603,0.015852675
8703,0.007497218
8903,0.010450208
9003,0.002421697
9203,0.003803638
9503,0.0034659097
9803,0.006308272
9903,0.011093258
10103,0.0097520435
10403,0.03488528
10503,0.0140924705
10603,0.020502444
10703,0.010853507
10903,0.010642559
11203,0.0071912003
11303,3.184424e-06
11703,2.5843747e-05
11903,0.022291493
12103,0.010498424
12403,0.028660644
12703,0.012205052
12903,0.014924743
13003,0.0117255
13403,0.012365174
13503,0.010495542
13603,0.024858546
13703,0.03898239
13903,0.029427618
14303,0.0334827
14403,0.00044532833
15403,0.0012853259
15603,0.016407551
15703,0.022143932
15803,0.016987516
15903,0.009123405
16103,0.04686328
16203,0.043562084
16303,0.005831809
16403,0.0023737173
16503,0.00012161703
16603,0.011686751
17003,0.012983879
17103,0.0021452815
17203,0.0020238585
17303,0.0017661273
17403,0.005154771
17603,0.030218164
17703,0.015436122
17903,0.0037113826
18003,0.0018605333
18103,4.7800274e-11
18203,3.2805238e-11
18403,2.1344367e-05
18503,0.0024015862
18703,3.3151076e-11
18803,0.005701111
19103,0.008390217
19503,0.008472172
19603,3.3891138e-06
19703,0.00032492666
19803,6.517664e-08
20703,0.04011641
20803,0.007655598
20903,0.043563116
21103,0.020602211
21203,0.04542444
21403,0.01160481
21803,0.02577485
22003,0.03419804
22303,0.012312245
22403,0.018118264
22503,0.014874834
22603,0.015838481
22903,4.789634e-07
23003,0.00022817061
23203,0.01480061
23303,0.03177558
23603,0.0067364043
23703,0.01739046
23803,0.0017495953
23903,0.020093888
24103,0.006464932
24203,0.003315821
24403,3.9077073e-05
24503,0.0014968542
24603,2.9353434e-05
24703,0.005029043
25303,0.0032696975
25403,0.026874518
25803,0.0021231878
26003,0.0025035737
26103,0.008065142
26203,0.035106998
26303,0.017101282
26403,0.0065006525
26603,0.010617379
26703,0.0063947598
26803,0.002784593
26903,0.021144887
27003,0.00871068
27303,0.04000155
27403,0.040306088
27503,0.0005106459
27903,3.745928e-05
28003,0.022052253
28103,0.0011215308
28303,0.009320545
28403,0.032904316
29003,0.004766736
29103,0.011012111
29303,0.012620299
29603,0.016496575
29703,0.00038892587
29803,0.017745785
29903,0.0050498084
30003,0.02901941
30103,0.0019389143
30303,0.008938758
30403,0.03242868
30703,0.0010206487
30803,0.017453881
31103,0.0012177657
31203,0.027114796
31603,0.012341655
31703,0.0024666407
31803,0.01044467
31903,0.039833765
32003,0.052731063
32103,0.002246314
32803,0.022887064
33003,0.002809424
33103,0.00169106
33503,0.009442336
33703,0.004182648
33803,0.0019272699
33903,2.0239268e-09
34003,3.4634086e-05
34203,2.1158581e-07
34303,0.0008187926
34403,9.754098e-08
34503,3.5810448e-05
34603,0.005613765
34803,1.7440044e-08
35003,0.033083193
35203,0.0023305435
35303,0.0026884722
35503,0.015243192
35603,0.015749894
35703,0.00016930059
35903,0.028811174
36003,0.011574759
36103,0.044857793
36603,5.7169356e-05
37203,0.00025694395
37403,0.03292287
37503,0.0416321
37603,0.0045830165
37703,0.025637446
38103,0.017688887
38203,0.007332343
38303,0.02197136
38403,0.018556304
38603,0.03290363
38803,0.030916564
39103,0.00499266
39203,1.7125993e-07
39303,0.001299852
39403,1.5954838e-05
39603,0.03950562
39703,2.5945587e-06
39903,0.0043967455
40003,0.0019264633
40203,0.005766812
40503,0.03339426
40603,0.011351674
41803,0.0043839053
42003,0.009195911
42703,0.020907992
42903,0.012012612
43603,0.012489002
44203,0.0060499236
44503,0.006472206
44703,0.0151452925
44903,0.009944612
45203,0.020130284
45303,0.03493949
45503,0.050336014
45603,0.026362928
46103,0.01209149
46303,0.030115107
46503,0.00028251536
46903,0.006681722
47003,0.00016397552
47103,0.00046954857
47203,0.012908958
47303,0.019858086
47603,0.024587672
47703,0.0057071927
47803,0.007553042
47903,0.012570261
48203,0.017170351
48603,0.0026711843
48703,0.0006063544
49103,0.042004302
49203,0.029979244
49603,0.01164088
49703,0.0001245808
49903,0.035273407
50103,0.0022584016
50303,5.8198155e-05
50403,4.9153343e-08
50603,8.412674e-06
50803,7.992912e-09
50903,2.9069866e-05
51003,0.008149996
51203,3.4731029e-06
51603,0.00031848132
51803,0.018337755
52003,7.868145e-07
52103,0.024351163
52503,0.0067562414
52603,0.0027309954
52703,0.00012287682
53203,0.04078444
53303,0.022137623
53403,0.010810334
53603,0.0356493
53903,0.0011248906
54103,0.0038834
54203,0.01509646
54303,0.03872732
54403,0.029370371
54603,0.0049757934
55003,0.036782794
55203,0.00086838286
55403,4.942408e-05
55503,0.0014467064
55603,0.013306301
56203,0.020090278
56503,0.010272093
56703,0.017335484
56803,0.0015124528
57003,0.0037274936
57103,0.013223238
57203,0.015522907
57303,0.010069237
57503,0.006995218
57903,0.05548695
58003,0.0082488
58203,0.0017582517
58303,0.0021643895
58503,0.013063412
58903,0.012288121
59103,0.0016314568
59203,0.002799943
59503,0.00019643112
59603,0.0023111422
59803,0.028322317
59903,0.039904766
60403,0.0007674843
60503,0.005450031
60803,0.010784762
61103,0.016202085
61303,0.0012154327
61403,0.0020652392
61703,0.014560133
62103,0.002558131
62403,0.015430025
62703,0.019882225
62803,0.010031898
63503,0.00097581814
63603,0.047004823
63703,0.021301353
63803,0.007055647
63903,0.00864494
64303,0.04686503
64403,0.049803294
4,0.010770146
104,0.0014149923
404,7.93856e-06
604,0.06389806
704,0.021452332
1004,0.008398341
1204,0.003177169
1704,0.0014805257
2204,0.0017821447
2704,5.2473763e-07
2804,0.06038516
2904,0.0033142117
3004,0.050158583
3104,0.008777031
3204,0.06629576
3304,0.039844282
3404,0.0023461722
3704,1.6668216e-06
4004,0.015481715
4104,0.014376841
4204,0.027048148
4404,0.11763166
4704,0.06966424
4804,0.023258828
4904,0.03203011
5104,0.018631408
5204,0.026851593
5704,0.030028775
5904,0.031164404
6204,0.02658204
6304,0.0213713
6504,0.0262047
6604,0.015958395
6804,0.01796941
6904,6.374509e-08
7004,0.0022337562
7204,1.9997315e-06
7404,0.008166575
7504,0.006627835
7704,0.015019922
7904,0.0021495838
8104,0.07218266
8204,0.048007127
8304,0.0690365
8404,0.017172527
8504,0.014938497
8604,0.042124383
8704,0.012451148
8904,0.030622184
9004,0.023459261
9204,0.027822332
9504,0.007409364
9804,0.006027992
9904,0.035165116
10104,0.023781711
10404,0.03569477
10504,0.02376607
10604,0.02840006
10704,0.018962955
10904,0.057130378
11204,0.045606397
11304,1.3020736e-05
11704,0.00011631234
11904,0.012096678
12104,0.085955255
12404,0.11691267
12704,0.055822875
12904,0.053347446
13004,0.05700455
13404,0.034485407
13504,0.009253061
13604,0.011007868
13704,0.021374853
13904,0.035614662
14304,0.014585559
14404,0.026921988
15404,0.028325342
15604,0.018157259
15704,0.09502021
15804,0.050902016
15904,0.03149849
16104,0.048715036
16204,0.037322044
16304,0.0219663
16404,0.0027329384
16504,4.272725e-06
16604,0.043857258
17004,0.019939747
17104,0.002315551
17204,0.0020032295
17304,0.01014246
17404,0.0024011629
17604,0.07647662
17704,0.024374535
17904,0.0012207718
18004,0.0008437695
18104,2.8742705e-10
18204,2.03508e-10
18404,0.0002969436
18504,0.0064402767
18704,1.1759915e-10
18804,0.005714802
19104,0.025217894
19504,0.008829304
19604,1.034845e-05
19704,0.002159878
19804,8.4976385e-08
20704,0.074163154
20804,0.022422804
20904,0.019279245
21104,0.030614194
21204,0.02300152
21404,0.046580646
21804,0.03310061
22004,0.038979866
22304,0.0059152297
22404,0.028062614
22504,0.009346349
22604,0.019122584
22904,2.2936608e-06
23004,0.000102773956
23204,0.004654407
23304,0.03002355
23604,0.059349656
23704,0.023295643
23804,0.0012974836
23904,0.048629533
24104,0.045483015
24204,0.07762604
24404,4.1363888e-05
24504,0.009637832
24604,1.3893338e-05
24704,0.04344796
25304,0.0056735734
25404,0.024348563
25804,0.041333023
26004,0.06676483
26104,0.032433815
26204,0.034878626
26304,0.011654822
26404,0.018525885
26604,0.01972157
26704,0.051526852
26804,0.015704334
26904,0.025498621
27004,0.0478377
27304,0.10385118
27404,0.049459256
27504,0.0016659987
27904,0.0004095044
28004,0.034345202
28104,0.07451582
28304,0.048570126
28404,0.024118146
29004,0.075357854
29104,0.018376505
29304,0.0075289607
29604,0.015383312
29704,0.0024949957
29804,0.022781122
29904,0.00096242497
30004,0.021173486
30104,0.10407414
30304,0.0020962995
30404,0.030692557
30704,0.07839525
30804,0.08735636
31104,0.07538423
31204,0.05112938
31604,0.04781277
31704,0.084507346
31804,0.15587041
31904,0.027405512
32004,0.023103092
32104,0.0011718362
32804,0.023103843
33004,0.0036897461
33104,0.0045644124
33504,0.11047785
33704,0.0020225395
33804,0.00040038957
33904,7.2449056e-09
34004,8.1612605e-05
34204,1.3484912e-06
34304,0.001095018
34404,2.697429e-07
34504,0.0001639493
34604,0.045835666
34804,2.6857135e-08
35004,0.025141055
35204,0.0012311836
35304,0.13149208
35504,0.035110954
35604,0.044011727
35704,0.0016424488
35904,0.044853996
36004,0.11495902
36104,0.048686415
36604,0.0007753344
37204,5.6777928e-05
37404,0.031765614
37504,0.021754399
37604,0.0876998
37704,0.04457426
38104,0.008922968
38204,0.005706131
38304,0.012943325
38404,0.05633813
38604,0.019719014
38804,0.053547096
39104,0.011123405
39204,5.9075353e-07
39304,0.022328068
39404,3.0578227e-05
39604,0.03143206
39704,1.4905762e-08
39904,0.012454639
40004,0.0065095755
40204,0.0031837507
40504,0.04235187
40604,0.015833968
41804,0.0981618
42004,0.008581821
42704,0.06700142
42904,0.007888126
43604,0.039141037
44204,0.050551333
44504,0.00464388
44704,0.06104698
44904,0.015145788
45204,0.010706438
45304,0.013422068
45504,0.019951692
45604,0.03359351
46104,0.034751557
46304,0.033843927
46504,0.032668203
46904,0.008550904
47004,0.0003937798
47104,0.07765454
47204,0.115525104
47304,0.0119442735
47604,0.14031297
47704,0.0044591743
47804,0.003956877
47904,0.056784876
48204,0.049945533
48604,0.025677644
48704,9.1305476e-05
49104,0.074178584
49204,0.070041955
49604,0.029010465
49704,0.0015466486
49904,0.0111194635
50104,0.000839746
50304,0.00079801085
50404,2.792881e-07
50604,3.1284908e-05
50804,4.2147512e-08
50904,0.00022462007
51004,0.037694905
51204,3.447541e-06
51604,0.00018970454
51804,0.057363078
52004,3.688385e-06
52104,0.059475187
52504,0.0038721533
52604,0.09092903
52704,0.0011607391
53204,0.013998479
53304,0.06502984
53404,0.004848668
53604,0.013810947
53904,0.048963606
54104,0.05043416
54204,0.040553633
54304,0.047557976
54404,0.04857159
54604,0.0012754957
55004,0.014277493
55204,0.0018830663
55404,0.0003565299
55504,0.0002882028
55604,0.0051686605
56204,0.02657954
56504,0.08432704
56704,0.036837142
56804,0.0070025274
57004,0.0054011163
57104,0.02131709
57204,0.08455905
57304,0.0071848514
57504,0.003986017
57904,0.060244992
58004,0.057563238
58204,0.04308704
58304,0.0010692084
58504,0.02576968
58904,0.0023390886
59104,0.027780123
59204,0.025136149
59504,0.010275108
59604,0.041386757
59804,0.13282561
59904,0.068968914
60404,0.022546079
60504,0.006775548
60804,0.0040176073
61104,0.019496933
61304,0.02674636
61404,0.12871656
61704,0.014439298
62104,0.0054657734
62404,0.01979733
62704,0.017710509
62804,0.010488082
63504,0.020930765
63604,0.029717071
63704,0.0071711126
63804,0.0053687026
63904,0.01986436
64304,0.013930329
64404,0.0149599835
5,0.0015047395
105,0.00037376178
405,0.00013212525
605,0.014006954
705,0.022843435
1005,0.0009471381
1205,0.00012413533
1705,0.0008553028
2205,0.0005859175
2705,1.7722144e-06
2805,0.0011684928
2905,0.0013990841
3005,0.018850956
3105,0.0015706662
3205,0.0052502025
3305,0.00612711
3405,0.00011974016
3705,1.994748e-07
4005,0.016680898
4105,0.008193396
4205,0.0069722454
4405,0.005243811
4705,0.008812047
4805,0.0038472835
4905,0.021076739
5105,0.012840513
5205,0.018686019
5705,0.010684282
5905,0.005174538
6205,0.012468898
6305,0.016448343
6505,0.035123263
6605,0.02662203
6805,0.039994527
6905,3.5756187e-08
7005,0.0119025605
7205,8.529746e-07
7405,0.006317619
7505,0.0033581108
7705,0.0047250926
7905,0.0016503389
8105,0.008657546
8205,0.00904265
8305,0.006072502
8405,0.0036115586
8505,0.003063189
8605,0.008171375
8705,0.0073547824
8905,0.006286778
9005,0.004477688
9205,0.0074077924
9505,0.0010876061
9805,0.016440222
9905,0.018325115
10105,0.00062085025
10405,0.006285782
10505,0.01748242
10605,0.016271273
10705,0.016326632
10905,0.010619767
11205,0.0057243975
11305,1.0142813e-05
11705,1.1452518e-05
11905,0.003598778
12105,0.0036320172
12405,0.012237054
12705,0.021438897
12905,0.018963272
13005,0.019526325
13405,0.030672126
13505,0.0027622615
13605,0.003257917
13705,0.003274771
13905,0.027944421
14305,0.0090059135
14405,0.0006363079
15405,0.0010294813
15605,0.027430125
15705,0.006720739
15805,0.010670586
15905,0.0046654046
16105,0.002944162
16205,0.01661071
16305,0.002415361
16405,0.0010715683
16505,1.2936525e-06
16605,0.0023730434
17005,0.035289753
17105,0.00041835807
17205,0.000658043
17305,0.0006633284
17405,0.0010647539
17605,0.004057679
17705,0.0019299119
17905,0.0009417097
18005,0.00039547775
18105,9.692438e-11
18205,2.9535954e-10
18405,5.3674215e-05
18505,0.0014797252
18705,8.257297e-11
18805,0.019272225
19105,0.0011591066
19505,0.0029892686
19605,7.481065e-07
19705,0.0002288819
19805,2.397271e-08
20705,0.0030039467
20805,0.011389356
20905,0.010289591
21105,0.011104784
21205,0.006371853
21405,0.016446
21805,0.020393407
22005,0.008438292
22305,0.010412175
22405,0.042127617
22505,0.011576647
22605,0.033084843
22905,6.6677757e-07
23005,4.3513166e-05
23205,0.0016409807
23305,0.011862563
23605,0.0075076204
23705,0.0040013697
23805,0.0019101461
23905,0.0036273182
24105,0.0056695333
24205,0.003470137
24405,0.0001784591
24505,0.002318945
24605,6.239752e-05
24705,0.006096115
25305,0.0009198134
25405,0.007360504
25805,0.0074743433
26005,0.00085459783
26105,0.016980894
26205,0.005988296
26305,0.009019884
26405,0.049799085
26605,0.027343841
26705,0.027347501
26805,0.0010825981
26905,0.002926229
27005,0.008208308
27305,0.006080284
27405,0.00330024
27505,0.0003741326
27905,7.830113e-05
28005,0.004685945
28105,0.0017188098
28305,0.010819979
28405,0.02543506
29005,0.01208652
29105,0.045498967
29305,0.013568152
29605,0.0040393714
29705,0.020750755
29805,0.0635495
29905,0.00038215102
30005,0.028877068
30105,0.000885636
30305,0.0006704017
30405,0.007887667
30705,0.0010172327
30805,0.00607912
31105,0.0013098072
31205,0.0038578068
31605,0.0100901555
31705,0.0011800325
31805,0.0024719725
31905,0.015524141
32005,0.0051691206
32105,0.0006352425
32805,0.014861548
33005,0.0009593661
33105,0.00076137774
33505,0.0078692995
33705,0.0010356912
33805,0.00035362068
33905,8.2775364e-10
34005,3.76683e-05
34205,1.363973e-06
34305,0.0003507302
34405,1.0882437e-07
34505,6.9440764e-05
34605,0.007471814
34805,1.5132303e-08
35005,0.0063061696
35205,0.0005248378
35305,0.007541106
35505,0.0070780427
35605,0.007054117
35705,0.00016380593
35905,0.0056197364
36005,0.0013845143
36105,0.004805617
36605,0.0024184175
37205,0.0001709482
37405,0.018878171
37505,0.007909476
37605,0.016934536
37705,0.023042938
38105,0.008640931
38205,0.007828579
38305,0.009063817
38405,0.020270072
38605,0.0030836177
38805,0.008816541
39105,0.02075159
39205,1.8932806e-07
39305,0.0006409345
39405,9.5100395e-06
39605,0.013676812
39705,9.3469424e-07
39905,0.0013622198
40005,0.0011203785
40205,0.0014528254
40505,0.007516616
40605,0.005450535
41805,0.0015164148
42005,0.011247971
42705,0.008215948
42905,0.0044639474
43605,0.007892786
44205,0.0035605389
44505,0.0010195847
44705,0.015376016
44905,0.040833827
45205,0.009458712
45305,0.013121215
45505,0.0046198643
45605,0.020109195
46105,0.022358589
46305,0.019951463
46505,0.00043138387
46905,0.003422992
47005,0.00013705058
47105,0.0004939481
47205,0.003955817
47305,0.02895058
47605,0.007817388
47705,0.008297255
47805,0.0059983446
47905,0.007435902
48205,0.0023432474
48605,0.0007256768
48705,2.7722273e-05
49105,0.0029460096
49205,0.0051552625
49605,0.0006813796
49705,0.00018673381
49905,0.0022219694
50105,0.00038881245
50305,0.0004927867
50405,9.979923e-08
50605,0.00021923098
50805,5.6041873e-08
50905,7.751211e-05
51005,0.015301478
51205,0.00018987618
51605,0.00023094584
51805,0.0045988676
52005,2.1528184e-07
52105,0.005818855
52505,0.0015546484
52605,0.0035901645
52705,0.0038258538
53205,0.008967536
53305,0.014412082
53405,0.0044802795
53605,0.0050680153
53905,0.0064833877
54105,0.016718
54205,0.025741259
54305,0.014206313
54405,0.019566266
54605,0.004518066
55005,0.0030470954
55205,0.05132186
55405,5.9827442e-05
55505,0.0016829112
55605,0.0022977062
56205,0.004618582
56505,0.009168584
56705,0.011962477
56805,0.0005040825
57005,0.0016475931
57105,0.005674258
57205,0.006162981
57305,0.0007049207
57505,0.002812633
57905,0.004023602
58005,0.007151884
58205,0.003756134
58305,0.0034430982
58505,0.015012462
58905,0.0023186866
59105,0.0012828455
59205,0.0007957688
59505,0.00074881397
59605,0.0019556086
59805,0.009168485
59905,0.0070639946
60405,0.013341114
60505,0.0011412082
60805,0.0059903776
61105,0.006987955
61305,0.011857202
61405,0.006927942
61705,0.0040909126
62105,0.026653618
62405,0.032900162
62705,0.024191668
62805,0.0042749634
63505,0.0017142025
63605,0.005953969
63705,0.011923285
63805,0.009392697
63905,0.0027323985
64305,0.0032519316
64405,0.00423771
6,0.0019391763
106,0.001771209
406,0.0002824363
606,0.08615702
706,0.024118712
1006,0.0014761195
1206,0.0011418436
1706,0.002360817
2206,0.0006693188
2706,3.994917e-06
2806,0.019666955
2906,0.006240212
3006,0.061256923
3106,0.0064469576
3206,0.10491713
3306,0.023852281
3406,0.0009276509
3706,3.4068105e-06
4006,0.44599995
4106,0.023570249
4206,0.061238714
4406,0.011900712
4706,0.05410027
4806,0.025246661
4906,0.068715945
5106,0.18163097
5206,0.108172365
5706,0.048008986
5906,0.023755807
6206,0.18278126
6306,0.109811604
6506,0.14269036
6606,0.2520682
6806,0.12379451
6906,2.9915594e-09
7006,0.003303016
7206,6.336425e-07
7406,0.073837884
7506,0.054124616
7706,0.010059151
7906,0.0057731145
8106,0.011339239
8206,0.013098733
8306,0.053019416
8406,0.0048849615
8506,0.004303356
8606,0.006242174
8706,0.0136584295
8906,0.0062344344
9006,0.0040844455
9206,0.0042009847
9506,0.013451095
9806,0.02677404
9906,0.09795072
10106,0.016417777
10406,0.0115338955
10506,0.019215181
10606,0.03408703
10706,0.05651697
10906,0.058022216
11206,0.009802933
11306,4.8228308e-06
11706,4.485692e-06
11906,0.02200978
12106,0.010271001
12406,0.026928151
12706,0.055866335
12906,0.025747962
13006,0.039080903
13406,0.0457182
13506,0.015546786
13606,0.015661957
13706,0.027642392
13906,0.0966918
14306,0.052852836
14406,0.013120515
15406,0.037328422
15606,0.16014029
15706,0.05588562
15806,0.009450946
15906,0.005022088
16106,0.07413006
16206,0.06512725
16306,0.005228095
16406,0.002000313
16506,3.8021528e-05
16606,0.012239861
17006,0.025255661
17106,0.0012022038
17206,0.0017672755
17306,0.0011197072
17406,0.0020765772
17606,0.054496255
17706,0.012474406
17906,0.0022024328
18006,0.0010020374
18106,2.2555889e-10
18206,1.4408773e-09
18406,0.0008410694
18506,0.0015039237
18706,2.5631108e-10
18806,0.013603554
19106,0.011910435
19506,0.016683698
19606,1.6667906e-05
19706,0.0021385727
19806,7.8537106e-08
20706,0.02500774
20806,0.054181818
20906,0.15026997
21106,0.15812595
21206,0.030800113
21406,0.103905044
21806,0.1319963
22006,0.01980218
22306,0.100723185
22406,0.1881641
22506,0.08891386
22606,0.2912022
22906,4.5057543e-08
23006,5.502799e-05
23206,0.029364252
23306,0.0515258
23606,0.007186046
23706,0.012697686
23806,0.009690196
23906,0.0068774363
24106,0.009914624
24206,0.008611908
24406,0.0014731038
24506,0.011580972
24606,0.00019067676
24706,0.004328721
25306,0.004616962
25406,0.04794942
25806,0.07514155
26006,0.03387322
26106,0.009675953
26206,0.010415099
26306,0.01346325
26406,0.15015286
26606,0.10484508
26706,0.095455505
26806,0.0009834726
26906,0.008087051
27006,0.009172203
27306,0.045114793
27406,0.0148643935
27506,0.0001626212
27906,0.00021613576
28006,0.041689377
28106,0.016470976
28306,0.059270784
28406,0.028438218
29006,0.09406263
29106,0.11782726
29306,0.18942232
29606,0.016139748
29706,0.05470301
29806,0.14758669
29906,0.009414439
30006,0.09798914
30106,0.018370796
30306,0.019104106
30406,0.02573232
30706,0.010296245
30806,0.009738716
31106,0.018703206
31206,0.01821278
31606,0.014370637
31706,0.031232622
31806,0.04697518
31906,0.06305342
32006,0.023702359
32106,0.0015584793
32806,0.030713657
33006,0.002069326
33106,0.0010756743
33506,0.026342947
33706,0.002417373
33806,0.0011189597
33906,4.2318042e-09
34006,0.0001482005
34206,1.5198662e-05
34306,0.0006390187
34406,8.129745e-07
34506,0.00084734394
34606,0.038848042
34806,1.7935221e-07
35006,0.02748692
35206,0.0015236038
35306,0.016897963
35506,0.01478485
35606,0.018700955
35706,0.0021384065
35906,0.029396262
36006,0.10296904
36106,0.019850018
36606,0.018159792
37206,0.0010726254
37406,0.19040139
37506,0.029661385
37606,0.030450715
37706,0.09352283
38106,0.078990646
38206,0.10961049
38306,0.118103184
38406,0.15966113
38606,0.020395415
38806,0.038263988
39106,0.017776828
39206,1.2675291e-08
39306,0.00032107325
39406,4.7752083e-06
39606,0.08200732
39706,3.1312084e-06
39906,0.007875571
40006,0.0029609585
40206,0.008904109
40506,0.027550045
40606,0.0056915637
41806,0.037069686
42006,0.01022281
42706,0.07245096
42906,0.018361075
43606,0.071414165
44206,0.07684741
44506,0.0022418215
44706,0.08261848
44906,0.10145621
45206,0.13669454
45306,0.1534737
45506,0.057446446
45606,0.089087404
46106,0.07730585
46306,0.21187878
46506,0.0015935189
46906,0.004655904
47006,0.00025602832
47106,0.005947235
47206,0.038131725
47306,0.14917675
47606,0.019050302
47706,0.03948664
47806,0.03337805
47906,0.009553124
48206,0.019116068
48606,0.0029856649
48706,0.0002998164
49106,0.03031156
49206,0.088520244
49606,0.0052787755
49706,6.367407e-05
49906,0.022031788
50106,0.0010994285
50306,0.002537325
50406,2.59024e-07
50606,0.00066865975
50806,4.2193702e-07
50906,0.0006773136
51006,0.04987543
51206,4.304529e-05
51606,5.601931e-05
51806,0.12077006
52006,1.1156977e-05
52106,0.13003582
52506,0.003056602
52606,0.025074624
52706,0.003726924
53206,0.045217726
53306,0.030983862
53406,0.028337479
53606,0.020093832
53906,0.024755923
54106,0.0636133
54206,0.1744538
54306,0.059440643
54406,0.154541
54606,0.007579571
55006,0.022383768
55206,0.0031663803
55406,2.1110465e-05
55506,0.0027862669
55606,0.017466163
56206,0.04182792
56506,0.015375877
56706,0.008837696
56806,0.002248913
57006,0.009680112
57106,0.0152191715
57206,0.010780515
57306,0.0038033444
57506,0.004624692
57906,0.049540844
58006,0.09092312
58206,0.021106299
58306,0.0052030175
58506,0.009767808
58906,0.039352126
59106,0.025783097
59206,0.006905213
59506,0.0017396039
59606,0.04950973
59806,0.021572553
59906,0.029822137
60406,0.004252839
60506,0.018313283
60806,0.09963747
61106,0.07402149
61306,0.0676538
61406,0.01653588
61706,0.026630076
62106,0.097529
62406,0.112431176
62706,0.080935076
62806,0.015998188
63506,0.028365834
63606,0.101593986
63706,0.09929768
63806,0.043950986
63906,0.016679011
64306,0.033706304
64406,0.024139637
7,0.010626687
107,0.01343423
407,0.0035802876
607,0.028858813
707,0.11924747
1007,0.010950404
1207,0.011545869
1707,0.010624416
2207,0.006036184
2707,7.4903182e-06
2807,0.08330192
2907,0.0053015426
3007,0.020920182
3107,0.011527483
3207,0.06900215
3307,0.040469594
3407,0.018679362
3707,6.7940455e-05
4007,0.025234975
4107,0.04358929
4207,0.1494043
4407,0.30394846
4707,0.079221115
4807,0.033299163
4907,0.02820624
5107,0.05322112
5207,0.18912636
5707,0.12316383
5907,0.043525867
6207,0.070025034
6307,0.0551289
6507,0.10473187
6607,0.07156097
6807,0.16059896
6907,0.0002745054
7007,0.0032703336
7207,0.00017893319
7407,0.034415126
7507,0.0070334463
7707,0.054636966
7907,0.0029986177
8107,0.01129334
8207,0.058226466
8307,0.073099494
8407,0.04688246
8507,0.03352501
8607,0.07966204
8707,0.038540274
8907,0.060151394
9007,0.014626027
9207,0.018701177
9507,0.0034623584
9807,0.017797796
9907,0.046308003
10107,0.22376058
10407,0.24521972
10507,0.12463175
10607,0.07999543
10707,0.03115595
10907,0.07198443
11207,0.050050367
11307,0.0048033777
11707,0.03832934
11907,0.066447146
12107,0.3017853
12407,0.05112613
12707,0.075846
12907,0.080806784
13007,0.03197592
13407,0.058100373
13507,0.007004582
13607,0.07425611
13707,0.10468122
13907,0.05252364
14307,0.18839249
14407,0.01870219
15407,0.006783667
15607,0.094778575
15707,0.2896372
15807,0.14486219
15907,0.06674213
16107,0.22829193
16207,0.13588783
16307,0.042254344
16407,0.01506863
16507,0.00010213091
16607,0.044921406
17007,0.05753906
17107,0.005818517
17207,0.0066993157
17307,0.01775361
17407,0.01643251
17607,0.15986583
17707,0.023748307
17907,0.010497946
18007,0.004517189
18107,1.4224459e-07
18207,3.0570543e-08
18407,0.0084875645
18507,0.009723303
18707,3.2698853e-08
18807,0.017772015
19107,0.011602201
19507,0.044322874
19607,0.00084819295
19707,0.0063038194
19807,2.4665542e-06
20707,0.18050334
20807,0.006275258
20907,0.017511498
21107,0.07415237
21207,0.056225203
21407,0.14478351
21807,0.10890472
22007,0.057551786
22307,0.009132395
22407,0.0627268
22507,0.0703855
22607,0.06574151
22907,0.009086416
23007,0.0053982725
23207,0.011161533
23307,0.10589352
23607,0.03937024
23707,0.13000476
23807,0.0016843852
23907,0.15711887
24107,0.03631313
24207,0.007970928
24407,0.00024149893
24507,0.028129466
24607,9.0433394e-05
24707,0.022177279
25307,0.01698589
25407,0.016376581
25807,0.03000395
26007,0.014108189
26107,0.023282453
26207,0.219659
26307,0.03915181
26407,0.0070264484
26607,0.06290133
26707,0.05501424
26807,0.16407196
26907,0.069582395
27007,0.052352484
27307,0.055352066
27407,0.16989729
27507,0.1052595
27907,0.003398858
28007,0.09285587
28107,0.001503698
28307,0.09212278
28407,0.1957091
29007,0.009531249
29107,0.13260801
29307,0.10822775
29607,0.046691544
29707,0.0021032514
29807,0.07100151
29907,0.0043462897
30007,0.145958
30107,0.049943633
30307,0.00467171
30407,0.09914645
30707,0.0031295568
30807,0.22787769
31107,0.0019313091
31207,0.4902112
31607,0.10033203
31707,0.022472067
31807,0.111139774
31907,0.14898752
32007,0.10155228
32107,0.010716779
32807,0.08896891
33007,0.016360879
33107,0.0076770615
33507,0.019911338
33707,0.009743895
33807,0.0055122157
33907,1.7832778e-06
34007,0.0014220058
34207,0.0002568728
34307,0.0020709597
34407,9.777316e-06
34507,0.0131794205
34607,0.093562335
34807,1.076199e-05
35007,0.024438677
35207,0.0018436555
35307,0.036176674
35507,0.051807877
35607,0.06461704
35707,0.003372853
35907,0.106724165
36007,0.12260554
36107,0.10935184
36607,0.00013634432
37207,0.0002077924
37407,0.08070148
37507,0.050526813
37607,0.006828443
37707,0.046871975
38107,0.04499382
38207,0.03265651
38307,0.19826038
38407,0.039318066
38607,0.024425112
38807,0.03308661
39107,0.014550983
39207,0.0030399675
39307,0.13969022
39407,0.0064083254
39607,0.078347586
39707,6.116986e-07
39907,0.031982355
40007,0.007662558
40207,0.0176719
40507,0.09937428
40607,0.053812467
41807,0.07857834
42007,0.02610044
42707,0.07200297
42907,0.009334479
43607,0.19599198
44207,0.023171654
44507,0.029387048
44707,0.047133923
44907,0.052085787
45207,0.02023597
45307,0.026585322
45507,0.10792944
45607,0.11264579
46107,0.10532037
46307,0.049285926
46507,0.0006302985
46907,0.05088291
47007,0.0015244014
47107,0.0003207835
47207,0.041086815
47307,0.123575576
47607,0.22839583
47707,0.043208424
47807,0.08670702
47907,0.07800727
48207,0.46820906
48607,0.037921727
48707,0.0003573825
49107,0.12532505
49207,0.08330731
49607,0.18341509
49707,0.031966064
49907,0.0327522
50107,0.0063342005
50307,0.011086793
50407,3.738892e-05
50607,0.0044765193
50807,3.5324142e-06
50907,0.010685832
51007,0.07260832
51207,0.00028799108
51607,0.10189277
51807,0.12102841
52007,0.00049716356
52107,0.063042246
52507,0.020123485
52607,0.14019638
52707,0.0010023684
53207,0.044276632
53307,0.11485462
53407,0.04044656
53607,0.029346721
53907,0.004026779
54107,0.00899454
54207,0.06275228
54307,0.16337544
54407,0.09169914
54607,0.0033847077
55007,0.024585942
55207,0.04413015
55407,0.026527219
55507,0.0014754765
55607,0.0088855345
56207,0.06608366
56507,0.035417452
56707,0.09532303
56807,0.04242889
57007,0.01138023
57107,0.06360871
57207,0.079891376
57307,0.5505671
57507,0.022961494
57907,0.21225509
58007,0.116418384
58207,0.005963324
58307,0.00276568
58507,0.04390198
58907,0.0047385274
59107,0.0039767125
59207,0.68144894
59507,0.0015761041
59607,0.0057727275
59807,0.07873937
59907,0.083587915
60407,0.035189763
60507,0.01357521
60807,0.082960136
61107,0.0038747813
61307,0.0026944305
61407,0.1006287
61707,0.021825999
62107,0.018947085
62407,0.15871423
62707,0.14153124
62807,0.014479497
63507,0.005402727
63607,0.0733
63707,0.08284341
63807,0.05411624
63907,0.045832478
64307,0.03631385
64407,0.18903312
8,0.041446928
108,0.003367573
408,3.5117632e-06
608,0.174648
708,0.04576419
1008,0.05507333
1208,0.1563452
1708,0.0019942315
2208,0.014931409
2708,5.7034693e-05
2808,0.124850355
2908,0.022968212
3008,0.042597603
3108,0.2052929
3208,0.111650415
3308,0.038896408
3408,0.027230563
3708,3.953238e-05
4008,0.021550206
4108,0.0032869347
4208,0.10833908
4408,0.12669466
4708,0.027103763
4808,0.02574909
4908,0.0054407385
5108,0.015184419
5208,0.0074593355
5708,0.031595927
5908,0.04219223
6208,0.04874246
6308,0.052395243
6508,0.014929038
6608,0.008612317
6808,0.0045172013
6908,2.7458353e-07
7008,0.18910655
7208,5.624825e-06
7408,0.010373134
7508,0.012379468
7708,0.14637312
7908,0.048254665
8108,0.3724651
8208,0.21840477
8308,0.1934732
8408,0.10853695
8508,0.061824933
8608,0.08159851
8708,0.04033497
8908,0.05175802
9008,0.2747938
9208,0.43981776
9508,0.0029069842
9808,0.017704418
9908,0.0499279
10108,0.038456846
10408,0.04688937
10508,0.051209
10608,0.01963946
10708,0.0010119576
10908,0.048537076
11208,0.40941632
11308,0.0004632775
11708,0.0002137333
11908,0.022696475
12108,0.08805575
12408,0.11124515
12708,0.058367107
12908,0.013501877
13008,0.008163269
13408,0.052080628
13508,0.017802749
13608,0.01621219
13708,0.030058533
13908,0.008603388
14308,0.004245387
14408,0.008375931
15408,0.009679889
15608,0.013437372
15708,0.021661814
15808,0.1339247
15908,0.21619476
16108,0.041653827
16208,0.030347945
16308,0.11036392
16408,0.005681675
16508,0.00012457579
16608,0.10478603
17008,0.07141907
17108,0.012087233
17208,0.004614591
17308,0.06192658
17408,0.020153178
17608,0.030622026
17708,0.06561877
17908,0.0015485501
18008,0.0009747061
18108,5.1473474e-08
18208,1.2722418e-07
18408,0.0080838315
18508,0.053729914
18708,1.0912707e-08
18808,0.0641147
19108,0.06576822
19508,0.017213903
19608,0.0007056916
19708,0.0066883867
19808,2.4796582e-06
20708,0.081734665
20808,0.002777165
20908,0.042890247
21108,0.07592565
21208,0.046789598
21408,0.009019226
21808,0.05927848
22008,0.043976713
22308,0.00092094636
22408,0.010113418
22508,0.023396702
22608,0.008100772
22908,1.5658752e-06
23008,0.0003050152
23208,0.032219574
23308,0.045006596
23608,0.32908025
23708,0.1812765
23808,0.02895288
23908,0.11212379
24108,0.17534886
24208,0.59432876
24408,0.00046685422
24508,0.2914759
24608,0.0033965106
24708,0.40173724
25308,0.013599965
25408,0.08245008
25808,0.10465524
26008,0.022606581
26108,0.24322177
26208,0.045245215
26308,0.010505703
26408,0.0012103596
26608,0.03279975
26708,0.01671859
26808,0.065028034
26908,0.1109373
27008,0.26145828
27308,0.067824714
27408,0.076092064
27508,0.0018432697
27908,0.073166996
28008,0.13214493
28108,0.17919476
28308,0.027605407
28408,0.010458177
29008,0.16250487
29108,0.002575424
29308,0.0075626965
29608,0.1815021
29708,0.00011669045
29808,0.0063616405
29908,0.0035406633
30008,0.010547803
30108,0.053370856
30308,0.011819782
30408,0.05113975
30708,0.08589063
30808,0.20798247
31108,0.12863219
31208,0.023028053
31608,0.34074208
31708,0.019350575
31808,0.0917473
31908,0.015244128
32008,0.00855252
32108,0.0014370707
32808,0.050312348
33008,0.00916174
33108,0.025598314
33508,0.33189756
33708,0.0033063637
33808,0.0003654284
33908,8.958077e-06
34008,0.0029807873
34208,9.333067e-05
34308,0.010098853
34408,2.2291037e-05
34508,0.0036477488
34608,0.2226221
34808,1.7494209e-05
35008,0.04878024
35208,0.002829753
35308,0.065392286
35508,0.10699092
35608,0.074673
35708,0.003520479
35908,0.041255128
36008,0.035078023
36108,0.1062887
36608,4.1100957e-05
37208,0.00013062429
37408,0.034585506
37508,0.061379
37608,0.14463077
37708,0.08194249
38108,0.026505891
38208,0.008975169
38308,0.0066869343
38408,0.09899766
38608,0.036525365
38808,0.011358377
39108,0.16390294
39208,3.7367138e-07
39308,0.039840046
39408,0.00025001517
39608,0.030181065
39708,1.2235885e-09
39908,0.08823403
40008,0.78350526
40208,0.010434065
40508,0.20139386
40608,0.029954905
41808,0.03698625
42008,0.03903815
42708,0.11262415
42908,0.015993448
43608,0.0068567633
44208,0.037260983
44508,0.08999233
44708,0.15062778
44908,0.009964569
45208,0.007302041
45308,0.003927591
45508,0.029435603
45608,0.033922937
46108,0.0038623107
46308,0.049314186
46508,0.2501812
46908,0.01840292
47008,0.030690998
47108,0.40400758
47208,0.19476154
47308,0.0061780754
47608,0.061256092
47708,0.014593445
47808,0.00592084
47908,0.22058566
48208,0.06704513
48608,0.08351073
48708,0.0013514598
49108,0.06901733
49208,0.09951782
49608,0.09364631
49708,0.03270453
49908,0.030305024
50108,0.0011355047
50308,0.016081847
50408,1.1581686e-05
50608,0.0001297134
50808,1.8943731e-06
50908,0.00093929603
51008,0.10217131
51208,0.00046946428
51608,0.00021249164
51808,0.16824774
52008,7.137187e-05
52108,0.22892502
52508,0.058561064
52608,0.017087353
52708,0.0004695986
53208,0.017545622
53308,0.043970786
53408,0.02978059
53608,0.0190432
53908,0.09951415
54108,0.18813653
54208,0.026429119
54308,0.019144734
54408,0.02382986
54608,9.2449845e-05
55008,0.022104494
55208,0.0027995582
55408,0.002827457
55508,0.0037988045
55608,0.011836828
56208,0.32743686
56508,0.29695132
56708,0.051775537
56808,0.4370576
57008,0.016185762
57108,0.02494277
57208,0.24129587
57308,0.02827368
57508,0.008869841
57908,0.041865967
58008,0.08942868
58208,0.6744012
58308,0.0059995665
58508,0.17487499
58908,0.013878375
59108,0.007608368
59208,0.01419554
59508,0.71034855
59608,0.009409777
59808,0.14214507
59908,0.13058619
60408,0.40328404
60508,0.0519803
60808,0.004253142
61108,0.01400069
61308,0.027325235
61408,0.10957235
61708,0.013508277
62108,0.00029644076
62408,0.0042384663
62708,0.015185659
62808,0.10275517
63508,0.0051908856
63608,0.052370287
63708,0.0077464636
63808,0.01058041
63908,0.07352977
64308,0.027147623
64408,0.011365559
9,0.042901132
109,0.022415167
409,1.1668494e-05
609,0.15472816
709,0.17719637
1009,0.0355081
1209,0.0010512864
1709,0.05801791
2209,0.047752935
2709,7.5190255e-06
2809,0.006143235
2909,0.016673308
3009,0.07593777
3109,0.002725481
3209,0.026818391
3309,0.029141754
3409,0.0027789704
3709,7.2331477e-07
4009,0.06945647
4109,0.02216349
4209,0.04721571
4409,0.087692365
4709,0.16164999
4809,0.028185204
4909,0.11143546
5109,0.07535248
5209,0.16980085
5709,0.028669592
5909,0.065030694
6209,0.06151103
6309,0.16487312
6509,0.12314633
6609,0.101116806
6809,0.08932801
6909,3.1056388e-08
7009,0.047673557
7209,3.8749894e-07
7409,0.009263293
7509,0.003378879
7709,0.093450256
7909,0.0042925207
8109,0.2831023
8209,0.12745386
8309,0.05004932
8409,0.071753256
8509,0.123869926
8609,0.25409487
8709,0.11960942
8909,0.1441668
9009,0.15415844
9209,0.3064366
9509,0.002500943
9809,0.17131671
9909,0.32802477
10109,0.007414048
10409,0.058228765
10509,0.18055555
10609,0.031007275
10709,0.10546033
10909,0.22482574
11209,0.16961062
11309,2.8346674e-05
11709,4.7764177e-05
11909,0.01867423
12109,0.10532898
12409,0.2196999
12709,0.16962314
12909,0.6382284
13009,0.22718638
13409,0.48918492
13509,0.024489814
13609,0.010488681
13709,0.015391905
13909,0.099409096
14309,0.02640848
14409,0.012305201
15409,0.014500558
15609,0.1613659
15709,0.12861037
15809,0.21347521
15909,0.131905
16109,0.0139429765
16209,0.06822615
16309,0.064661495
16409,0.039476138
16509,5.943657e-07
16609,0.015814684
17009,0.3565252
17109,0.02562413
17209,0.025570625
17309,0.011350922
17409,0.032539237
17609,0.023037532
17709,0.022181174
17909,0.05542152
18009,0.030344745
18109,2.1684257e-10
18209,9.62842e-10
18409,0.0016064442
18509,0.09775252
18709,1.02723545e-10
18809,0.24307321
19109,0.012472187
19509,0.078083955
19609,5.0268554e-06
19709,0.004400515
19809,2.2544775e-08
20709,0.026307983
20809,0.02215648
20909,0.009430794
21109,0.09040196
21209,0.009715299
21409,0.23615088
21809,0.11220201
22009,0.05046448
22309,0.017276509
22409,0.16233106
22509,0.0390585
22609,0.086545855
22909,1.835459e-06
23009,2.969197e-05
23209,0.0024572702
23309,0.064398825
23609,0.11838237
23709,0.018142937
23809,0.009022638
23909,0.054554153
24109,0.14451899
24209,0.059837323
24409,0.00022625944
24509,0.04604377
24609,0.00014734104
24709,0.20509718
25309,0.001856248
25409,0.010811811
25809,0.24620844
26009,0.010909973
26109,0.47544152
26209,0.055454418
26309,0.050518643
26409,0.049793106
26609,0.22407033
26709,0.26437622
26809,0.019796442
26909,0.014218788
27009,0.36296248
27309,0.03927407
27409,0.013547686
27509,0.0015149249
27909,0.00057405693
28009,0.06988111
28109,0.013460509
28309,0.21589924
28409,0.091408595
29009,0.076028556
29109,0.30989912
29309,0.058138143
29609,0.009539199
29709,0.028578395
29809,0.21654995
29909,0.00042060434
30009,0.1207386
30109,0.021456255
30309,0.0010637698
30409,0.04820974
30709,0.010561882
30809,0.0760306
31109,0.011858923
31209,0.03917245
31609,0.1442721
31709,0.026568832
31809,0.04125538
31909,0.04577808
32009,0.008205945
32109,0.03544599
32809,0.12223986
33009,0.0441479
33109,0.04066088
33509,0.09196804
33709,0.07263959
33809,0.031391405
33909,2.0168631e-09
34009,0.0008160548
34209,7.739219e-06
34309,0.02255202
34409,9.0010906e-07
34509,0.0008901141
34609,0.3410966
34809,6.267955e-08
35009,0.036949757
35209,0.0004970714
35309,0.15352671
35509,0.1672202
35609,0.17071624
35709,0.0034394322
35909,0.012968633
36009,0.028309051
36109,0.020659264
36609,0.0032472787
37209,0.0012213662
37409,0.08608914
37509,0.014375681
37609,0.25668192
37709,0.13612625
38109,0.018814133
38209,0.01472098
38309,0.051117994
38409,0.15243772
38609,0.014942786
38809,0.054911852
39109,0.13844942
39209,3.2966636e-07
39309,0.037541654
39409,2.0940182e-05
39609,0.06874193
39709,2.3099634e-05
39909,0.025959697
40009,0.010671805
40209,0.038263585
40509,0.04156205
40609,0.22205107
41809,0.028099624
42009,0.24291141
42709,0.06764025
42909,0.008376531
43609,0.026323033
44209,0.0328575
44509,0.002049359
44709,0.119764574
44909,0.090722695
45209,0.027061502
45309,0.027415475
45509,0.01191229
45609,0.11958478
46109,0.06497893
46309,0.067790665
46509,0.0042469953
46909,0.097897455
47009,0.0007172621
47109,0.004207345
47209,0.030066354
47309,0.07923074
47609,0.10731167
47709,0.03901431
47809,0.019379327
47909,0.18887062
48209,0.019214056
48609,0.005788075
48709,3.3732194e-05
49109,0.03020662
49209,0.027404394
49609,0.008263444
49709,0.0013787581
49909,0.004453015
50109,0.036055382
50309,0.015543377
50409,3.830164e-07
50609,0.0006429291
50809,1.7852892e-07
50909,0.0020394316
51009,0.41394722
51209,0.0004549436
51609,0.0003075508
51809,0.06995216
52009,2.169417e-06
52109,0.051002532
52509,0.003108465
52609,0.083484255
52709,0.25445023
53209,0.009917096
53309,0.13749038
53409,0.018727938
53609,0.010328903
53909,0.25572452
54109,0.11702179
54209,0.19638997
54309,0.07033436
54409,0.102490254
54609,0.02908655
55009,0.0045154984
55209,0.6838811
55409,0.0003484604
55509,0.012100424
55609,0.0043742075
56209,0.049237713
56509,0.20686582
56709,0.23063788
56809,0.0031831355
57009,0.050645564
57109,0.11879335
57209,0.21188575
57309,0.0024443269
57509,0.16900808
57909,0.021525005
58009,0.19389471
58209,0.11198949
58309,0.010342962
58509,0.31617802
58909,0.0024268455
59109,0.015277721
59209,0.01834171
59509,0.01678457
59609,0.023793185
59809,0.07743227
59909,0.025742246
60409,0.17010237
60509,0.003883682
60809,0.018369447
61109,0.007056737
61309,0.048564643
61409,0.14218947
61709,0.027964428
62109,0.03837206
62409,0.14896381
62709,0.14815232
62809,0.014577301
63509,0.012228867
63609,0.021072026
63709,0.02501621
63809,0.035688598
63909,0.051817384
64309,0.00819014
64409,0.009865875
10,0.010996224
110,0.0035765078
410,0.06578907
610,0.07143764
710,0.016804377
1010,0.14803457
1210,0.6097335
1710,0.0014427594
2210,0.80917096
2710,8.396475e-06
2810,0.33130988
2910,0.005342843
3010,0.3467695
3110,0.015855175
3210,0.29966322
3310,0.11257447
3410,0.8706441
3710,0.0072224503
4010,0.044266485
4110,0.46741074
4210,0.032679472
4410,0.11897043
4710,0.053449858
4810,0.022568202
4910,0.08986931
5110,0.073998116
5210,0.05071337
5710,0.049416307
5910,0.032032162
6210,0.030021671
6310,0.007858209
6510,0.07695305
6610,0.059503384
6810,0.13766944
6910,5.6568055e-08
7010,0.0012515279
7210,6.2365134e-06
7410,0.43552533
7510,0.18243681
7710,0.20957091
7910,0.0014128863
8110,0.016881367
8210,0.041796148
8310,0.079819135
8410,0.012105657
8510,0.18970709
8610,0.010346602
8710,0.054512095
8910,0.010061533
9010,0.39287487
9210,0.011670554
9510,0.92211646
9810,0.001432306
9910,0.022162491
10110,0.576779
10410,0.007911256
10510,0.009516519
10610,0.37940308
10710,0.009176889
10910,0.022000546
11210,0.044426974
11310,8.074508e-05
11710,7.995288e-05
11910,0.011366391
12110,0.11281537
12410,0.064342916
12710,0.07255522
12910,0.05650921
13010,0.04788921
13410,0.032984216
13510,0.012317112
13610,0.008493563
13710,0.010156764
13910,0.07655936
14310,0.09694611
14410,0.90135235
15410,0.87098116
15610,0.021312594
15710,0.19829445
15810,0.05468983
15910,0.10887586
16110,0.16147651
16210,0.038438603
16310,0.22011106
16410,0.0016455656
16510,0.022580907
16610,0.49918005
17010,0.012597032
17110,0.09862735
17210,0.0044006538
17310,0.53982633
17410,0.010761089
17610,0.27331513
17710,0.11536602
17910,0.0009527239
18010,0.00017952525
18110,1.1888284e-08
18210,6.228973e-08
18410,0.13392648
18510,0.16650745
18710,8.20897e-09
18810,0.0077806814
19110,0.47158936
19510,0.06757346
19610,0.01748987
19710,0.95873076
19810,2.4959614e-05
20710,0.10925359
20810,0.7124216
20910,0.143542
21110,0.02913645
21210,0.05719308
21410,0.19294386
21810,0.04443596
22010,0.029008044
22310,0.03905087
22410,0.13344781
22510,0.012452687
22610,0.08641018
22910,7.068945e-07
23010,0.0014914663
23210,0.3592907
23310,0.04835924
23610,0.011937232
23710,0.03196801
23810,0.035416774
23910,0.1346001
24110,0.4006847
24210,0.027591659
24410,8.715163e-05
24510,0.037998147
24610,0.00078461436
24710,0.031659808
25310,0.886485
25410,0.45094964
25810,0.35563186
26010,0.7792338
26110,0.015356173
26210,0.02143971
26310,0.0014006696
26410,0.39692298
26610,0.011411606
26710,0.13002296
26810,0.0031479858
26910,0.021037538
27010,0.022877319
27310,0.25430447
27410,0.088429056
27510,0.000743035
27910,0.0008988642
28010,0.031381827
28110,0.60346663
28310,0.02648545
28410,0.039703555
29010,0.33925378
29110,0.037737314
29310,0.0112083815
29610,0.08953619
29710,0.85662085
29810,0.16238311
29910,0.0048743654
30010,0.07249081
30110,0.6983248
30310,0.0035556345
30410,0.009611111
30710,0.6699981
30810,0.09289194
31110,0.6045209
31210,0.072045684
31610,0.04201354
31710,0.75863993
31810,0.2564928
31910,0.047620386
32010,0.06899414
32110,0.00039455443
32810,0.012334235
33010,0.0067736595
33110,0.09806931
33510,0.1306167
33710,0.0031721268
33810,0.00014210939
33910,4.3821697e-06
34010,0.2691773
34210,0.00045401687
34310,0.67581975
34410,0.0010341881
34510,0.12569793
34610,0.049969416
34810,0.00018768
35010,0.0276337
35210,0.0036728848
35310,0.028256722
35510,0.18500836
35610,0.18984357
35710,0.974142
35910,0.3710369
36010,0.39047346
36110,0.03713407
36610,0.96906555
37210,4.3770517e-05
37410,0.08385198
37510,0.039282035
37610,0.23936734
37710,0.047566894
38110,0.021212319
38210,0.013872658
38310,0.026760824
38410,0.13761657
38610,0.036275167
38810,0.11043647
39110,0.0028046751
39210,3.7598127e-07
39310,0.00060360885
39410,3.540414e-05
39610,0.085791476
39710,2.4102068e-10
39910,0.54539794
40010,0.023790745
40210,0.022642974
40510,0.048260555
40610,0.012385993
41810,0.6363319
42010,0.015166454
42710,0.086390324
42910,0.3062434
43610,0.459087
44210,0.61481595
44510,0.009554197
44710,0.07457907
44910,0.20837097
45210,0.10170099
45310,0.14590475
45510,0.03838462
45610,0.024031581
46110,0.122706406
46310,0.081016615
46510,0.6817431
46910,0.036896612
47010,0.0005068399
47110,0.34585342
47210,0.2835538
47310,0.07129715
47610,0.096071064
47710,0.0051104724
47810,0.0069201267
47910,0.08211653
48210,0.08641503
48610,0.7568428
48710,0.21906817
49110,0.094995975
49210,0.21404366
49610,0.39407688
49710,0.00038148923
49910,0.017823696
50110,0.00053690776
50310,0.06942965
50410,1.3713102e-06
50610,0.0001850049
50810,2.2264642e-06
50910,0.879588
51010,0.029605968
51210,7.835112e-05
51610,0.00013004524
51810,0.08536158
52010,0.44340983
52110,0.07755734
52510,0.0016459704
52610,0.5781578
52710,0.0057236324
53210,0.26309413
53310,0.036428213
53410,0.015407591
53610,0.035540517
53910,0.52644867
54110,0.17674392
54210,0.14179495
54310,0.085079305
54410,0.14097095
54610,0.001283621
55010,0.02770787
55210,0.0011044636
55410,9.4770374e-05
55510,0.0015541645
55610,0.5633105
56210,0.03378333
56510,0.047779433
56710,0.006708934
56810,0.35832095
57010,0.48080006
57110,0.035290897
57210,0.08814121
57310,0.11452337
57510,0.0066684093
57910,0.058165744
58010,0.20764235
58210,0.031050647
58310,0.00037846208
58510,0.0092841
58910,0.087049745
59110,0.872295
59210,0.19814505
59510,0.082013756
59610,0.77814305
59810,0.11693352
59910,0.16483901
60410,0.038324714
60510,0.12388853
60810,0.007992015
61110,0.69022864
61310,0.7424366
61410,0.3967826
61710,0.022525951
62110,0.73210126
62410,0.0664734
62710,0.011794379
62810,0.0039703166
63510,0.893647
63610,0.043493543
63710,0.02263228
63810,0.0070155365
63910,0.45351014
64310,0.013108154
64410,0.049107842
11,0.40942734
111,0.47327495
411,0.62082624
611,0.07852928
711,0.16360493
1011,0.37227646
1211,0.018627392
1711,0.3626386
2211,0.026693273
2711,7.990287e-06
2811,0.059789646
2911,0.07860548
3011,0.04636368
3111,0.20052692
3211,0.026698677
3311,0.090853006
3411,0.002617615
3711,2.0066562e-05
4011,0.04242757
4111,0.022384278
4211,0.10677671
4411,0.008795822
4711,0.07506478
4811,0.1975492
4911,0.06697664
5111,0.08707777
5211,0.07605236
5711,0.20931081
5911,0.21709938
6211,0.13594276
6311,0.08199117
6511,0.12680607
6611,0.061905425
6811,0.12622602
6911,4.8531538e-06
7011,0.003807096
7211,2.7448328e-05
7411,0.1325934
7511,0.26786602
7711,0.054736372
7911,0.009440974
8111,0.09926027
8211,0.12605384
8311,0.1016887
8411,0.37902632
8511,0.26945373
8611,0.25419837
8711,0.15496975
8911,0.3727778
9011,0.031557154
9211,0.057195183
9511,0.002528995
9811,0.050742123
9911,0.06375873
10111,0.0046754936
10411,0.114689834
10511,0.15049392
10611,0.050347116
10711,0.101540476
10911,0.089474864
11211,0.08241689
11311,0.00016050237
11711,0.00028981036
11911,0.34491745
12111,0.03843498
12411,0.04876692
12711,0.07070744
12911,0.011351628
13011,0.055363987
13411,0.059662618
13511,0.08444348
13611,0.42336878
13711,0.25651738
13911,0.095742285
14311,0.1949435
14411,0.0008857281
15411,0.000826635
15611,0.08367041
15711,0.029253846
15811,0.11289363
15911,0.11782914
16111,0.07033411
16211,0.0890365
16311,0.26757422
16411,0.29644245
16511,0.8788657
16611,0.09567357
17011,0.07123259
17111,0.44483796
17211,0.36075518
17311,0.08867364
17411,0.49590206
17611,0.02157919
17711,0.28636518
17911,0.2752388
18011,0.3296008
18111,6.3574966e-08
18211,2.3652706e-08
18411,0.00078214897
18511,0.27442726
18711,1.6199708e-08
18811,0.029207803
19111,0.10865879
19511,0.27401227
19611,5.3701926e-05
19711,0.0010598017
19811,2.1950564e-06
20711,0.081030466
20811,0.005075827
20911,0.17897165
21111,0.10668445
21211,0.3363372
21411,0.020378588
21811,0.09914147
22011,0.16336916
22311,0.04049522
22411,0.06041896
22511,0.14145602
22611,0.082273655
22911,2.0305939e-05
23011,0.0008921628
23211,0.15572928
23311,0.15230592
23611,0.16417773
23711,0.07794837
23811,0.0033645402
23911,0.21978925
24111,0.038774252
24211,0.0463546
24411,0.00020780403
24511,0.009469433
24611,8.720465e-05
24711,0.12635101
25311,0.017528253
25411,0.017881852
25811,0.012660994
26011,0.0017184571
26111,0.017449705
26211,0.21195741
26311,0.09853255
26411,0.026166653
26611,0.072186574
26711,0.04206839
26811,0.014304558
26911,0.017669987
27011,0.08523524
27311,0.01796887
27411,0.1683965
27511,0.002643418
27911,0.0012287246
28011,0.08650314
28111,0.001918745
28311,0.100697845
28411,0.1036427
29011,0.015464071
29111,0.04664822
29311,0.12253377
29611,0.112276025
29711,0.0029552628
29811,0.07768627
29911,0.44708776
30011,0.102688484
30111,0.0015301359
30311,0.19648808
30411,0.13237919
30711,0.0019599027
30811,0.013505195
31111,0.001955873
31211,0.06172979
31611,0.053013787
31711,0.0015304734
31811,0.008128726
31911,0.096778765
32011,0.37183434
32111,0.265245
32811,0.18744111
33011,0.37727785
33111,0.4634762
33511,0.045158926
33711,0.40266237
33811,0.2657402
33911,2.963435e-07
34011,0.0010033606
34211,1.20635605e-05
34311,0.07547368
34411,2.4028046e-05
34511,0.00056292495
34611,0.027068214
34811,7.918063e-07
35011,0.029974096
35211,0.0028255705
35311,0.057191204
35511,0.10088141
35611,0.13220915
35711,0.0005376181
35911,0.02594485
36011,0.005895593
36111,0.10914078
36611,0.00029701713
37211,0.006786145
37411,0.103758425
37511,0.27368838
37611,0.00357371
37711,0.057462737
38111,0.276725
38211,0.20796701
38311,0.19246468
38411,0.033814423
38611,0.23122954
38811,0.04104471
39111,0.035308562
39211,7.919558e-06
39311,0.010578988
39411,0.0003847816
39611,0.08074673
39711,0.00032815817
39911,0.05088778
40011,0.009909162
40211,0.240185
40511,0.10127094
40611,0.3002517
41811,0.0029720867
42011,0.07126986
42711,0.06545645
42911,0.08533939
43611,0.026483096
44211,0.011978615
44511,0.057857744
44711,0.05877157
44911,0.0705335
45211,0.05937681
45311,0.045327257
45511,0.30707622
45611,0.087248996
46111,0.05684089
46311,0.085269056
46511,0.00036700247
46911,0.28947845
47011,0.003963741
47111,0.0010348853
47211,0.017487753
47311,0.17698176
47611,0.01622466
47711,0.11541932
47811,0.2146165
47911,0.1273435
48211,0.019110953
48611,0.014881331
48711,0.57589656
49111,0.12868004
49211,0.031748187
49611,0.16130224
49711,0.0023304406
49911,0.2573261
50111,0.35724673
50311,0.0020597316
50411,9.050683e-06
50611,0.00018632242
50811,1.3915965e-06
50911,0.00051260355
51011,0.064896084
51211,2.2999497e-05
51611,0.008508324
51811,0.06637571
52011,1.3010147e-05
52111,0.02775203
52511,0.16450603
52611,0.002570487
52711,0.0074930517
53211,0.21996763
53311,0.063310176
53411,0.25860554
53611,0.22784881
53911,0.0019544621
54111,0.049509168
54211,0.04657122
54311,0.14897348
54411,0.080704115
54611,0.010189837
55011,0.35706297
55211,0.0035746417
55411,0.00089467753
55511,0.0052848016
55611,0.14765282
56211,0.06280392
56511,0.09895083
56711,0.22914425
56811,0.0035941813
57011,0.10941727
57111,0.27718788
57211,0.08694363
57311,0.0596158
57511,0.28272334
57911,0.09430539
58011,0.043089055
58211,0.012599863
58311,0.0085424865
58511,0.08246484
58911,0.1316223
59111,0.0012925372
59211,0.004336833
59511,0.005079155
59611,0.00196298
59811,0.025528766
59911,0.02708657
60411,0.0018746062
60511,0.006482057
60811,0.23375842
61111,0.019776767
61311,0.004291729
61411,0.0016223595
61711,0.12849082
62111,0.010533716
62411,0.06827303
62711,0.0855701
62811,0.06420134
63511,0.00097047765
63611,0.19737697
63711,0.32298836
63811,0.11789067
63911,0.058192357
64311,0.30357394
64411,0.2852364
12,0.10649776
112,0.079902746
412,0.0060402174
612,0.02630946
712,0.043895643
1012,0.080258794
1212,0.0013639601
1712,0.10666871
2212,0.02339049
2712,8.297627e-07
2812,0.008032666
2912,0.01086168
3012,0.096203245
3112,0.008702161
3212,0.01885866
3312,0.039707225
3412,0.0029388552
3712,3.4312576e-05
4012,0.019233711
4112,0.13174841
4212,0.025928918
4412,0.010565513
4712,0.063786395
4812,0.049097165
4912,0.014175402
5112,0.018444689
5212,0.0908682
5712,0.049672585
5912,0.041717697
6212,0.034769394
6312,0.03643374
6512,0.029629547
6612,0.07282325
6812,0.06458278
6912,0.010914397
7012,0.0015514296
7212,0.0069099986
7412,0.00958545
7512,0.007329903
7712,0.018363383
7912,0.0027149443
8112,0.0113728335
8212,0.033033505
8312,0.02801461
8412,0.044507798
8512,0.060300533
8612,0.054517176
8712,0.045380652
8912,0.08651918
9012,0.010219873
9212,0.004390914
9512,0.0036458152
9812,0.02256817
9912,0.032089304
10112,0.016198944
10412,0.05752676
10512,0.045754403
10612,0.043844238
10712,0.032966096
10912,0.07532238
11212,0.008194763
11312,0.0011542051
11712,0.2497224
11912,0.04996237
12112,0.03391072
12412,0.013722414
12712,0.07641703
12912,0.009940491
13012,0.020259133
13412,0.018597398
13512,0.024440609
13612,0.040319324
13712,0.05531409
13912,0.0226339
14312,0.1475191
14412,0.0016839951
15412,0.0015465432
15612,0.053289037
15712,0.02834396
15812,0.049192373
15912,0.034956194
16112,0.028431296
16212,0.10198148
16312,0.049275484
16412,0.15557015
16512,6.7925066e-05
16612,0.02939457
17012,0.017225813
17112,0.0611199
17212,0.117182456
17312,0.058429025
17412,0.0558746
17612,0.033144202
17712,0.0465882
17912,0.10350085
18012,0.13595146
18112,2.3167627e-07
18212,6.40538e-09
18412,0.00015409713
18512,0.09956404
18712,6.792537e-08
18812,0.016440526
19112,0.024800098
19512,0.056211427
19612,7.489983e-05
19712,0.0029081483
19812,8.687422e-06
20712,0.022559932
20812,0.017691977
20912,0.009875817
21112,0.03491186
21212,0.02319773
21412,0.055729028
21812,0.038364887
22012,0.04332102
22312,0.006669755
22412,0.07089682
22512,0.049428843
22612,0.071101554
22912,0.19385481
23012,0.033142947
23212,0.0038022343
23312,0.033397198
23612,0.03325242
23712,0.025945788
23812,0.0021093565
23912,0.05325492
24112,0.028685663
24212,0.009914916
24412,0.00013565505
24512,0.0011346642
24612,4.015653e-05
24712,0.01343093
25312,0.003077907
25412,0.007559699
25812,0.008865667
26012,0.0030136488
26112,0.0058396403
26212,0.04530291
26312,0.069490135
26412,0.007495328
26612,0.041696556
26712,0.067169674
26812,0.13588624
26912,0.04781643
27012,0.010544814
27312,0.018190924
27412,0.03307126
27512,0.39939478
27912,0.00039703283
28012,0.04051219
28112,0.0036969227
28312,0.09156733
28412,0.11998291
29012,0.01382675
29112,0.06771022
29312,0.05412811
29612,0.014794346
29712,0.008117864
29812,0.04111349
29912,0.0054299696
30012,0.11712133
30112,0.0021768864
30312,0.006520703
30412,0.05712298
30712,0.0065466175
30812,0.011669772
31112,0.0029105148
31212,0.053722635
31612,0.018135184
31712,0.0038161292
31812,0.021305678
31912,0.16317041
32012,0.053058177
32112,0.17924744
32812,0.043103456
33012,0.12747468
33112,0.09055798
33512,0.020915017
33712,0.089622416
33812,0.13246785
33912,6.7950964e-07
34012,0.0004956666
34212,4.3231707e-06
34312,0.034170333
34412,4.2337538e-06
34512,0.00031854087
34612,0.006244436
34812,4.6993347e-07
35012,0.029064234
35212,0.009228701
35312,0.111703366
35512,0.043972798
35612,0.06003773
35712,0.0021006267
35912,0.05099474
36012,0.010418396
36112,0.033503138
36612,0.0011719818
37212,0.0026188006
37412,0.024752347
37512,0.029937671
37612,0.0039507863
37712,0.04265565
38112,0.023005098
38212,0.01237432
38312,0.09785889
38412,0.02338455
38612,0.03611464
38812,0.08177076
39112,0.008410355
39212,0.10362587
39312,0.16986972
39412,0.020354252
39612,0.019458847
39712,0.0008179822
39912,0.017794434
40012,0.00049776956
40212,0.037098423
40512,0.03404332
40612,0.07617135
41812,0.0049850517
42012,0.07324643
42712,0.0646923
42912,0.012869958
43612,0.017263617
44212,0.01634822
44512,0.02355286
44712,0.03615869
44912,0.03163535
45212,0.0077955313
45312,0.009745653
45512,0.025113355
45612,0.07781608
46112,0.05416069
46312,0.046842843
46512,0.0008997605
46912,0.10052852
47012,0.0013785907
47112,0.0012987019
47212,0.025288835
47312,0.06670663
47612,0.022460526
47712,0.022367932
47812,0.052238725
47912,0.035238907
48212,0.02889905
48612,0.015379838
48712,0.00044869626
49112,0.020792598
49212,0.04083327
49612,0.013262564
49712,0.045398507
49912,0.04025314
50112,0.11571311
50312,0.00031056072
50412,3.4128036e-05
50612,0.00019407735
50812,4.1568717e-07
50912,0.00061329314
51012,0.020228988
51212,1.61901e-05
51612,0.34901008
51812,0.010691805
52012,6.726594e-05
52112,0.010922868
52512,0.014316364
52612,0.0044742487
52712,0.010717232
53212,0.014666845
53312,0.057575893
53412,0.014602841
53612,0.037790027
53912,0.0008612581
54112,0.026930977
54212,0.051547296
54312,0.05189282
54412,0.058931377
54612,0.033938687
55012,0.03212704
55212,0.0028034027
55412,0.047924276
55512,0.005146055
55612,0.0065559414
56212,0.012033498
56512,0.025037048
56712,0.07018994
56812,0.001100334
57012,0.034867946
57112,0.08129372
57212,0.021768369
57312,0.06218998
57512,0.08545623
57912,0.040435344
58012,0.026274424
58212,0.00087133993
58312,0.003945599
58512,0.01846966
58912,0.0032855
59112,0.0054529198
59212,0.013233092
59512,0.00045896688
59612,0.005908638
59812,0.015508598
59912,0.026045214
60412,0.0004715286
60512,0.0032921191
60812,0.040478706
61112,0.004930932
61312,0.004746367
61412,0.0010613613
61712,0.035338704
62112,0.015678229
62412,0.11072552
62712,0.058703963
62812,0.017400475
63512,0.0020830561
63612,0.06011204
63712,0.0541411
63812,0.034809083
63912,0.029420841
64312,0.03103339
64412,0.09371399
13,0.057556257
113,0.07398609
413,5.0091494e-05
613,0.011324473
713,0.0043372214
1013,0.033423804
1213,0.0020637957
1713,0.058268767
2213,0.007580438
2713,5.6814198e-08
2813,0.040979724
2913,0.037844926
3013,0.008045642
3113,0.0026721477
3213,0.014552765
3313,0.07086465
3413,0.0010199242
3713,7.77198e-07
4013,0.009299737
4113,0.004228638
4213,0.008008438
4413,0.008346679
4713,0.0069577754
4813,0.038231984
4913,0.0030968692
5113,0.005887933
5213,0.0046648667
5713,0.0077073183
5913,0.03989072
6213,0.009146375
6313,0.007959894
6513,0.009353661
6613,0.007305837
6813,0.004844163
6913,1.1763822e-08
7013,0.0011403874
7213,6.333041e-07
7413,0.008565094
7513,0.020875435
7713,0.008270555
7913,0.00093642395
8113,0.010279649
8213,0.007149418
8313,0.016729955
8413,0.032377824
8513,0.03465151
8613,0.024439229
8713,0.020370973
8913,0.03439939
9013,0.0038080844
9213,0.0032882448
9513,0.004191236
9813,0.022547645
9913,0.044256028
10113,0.006565661
10413,0.0076578436
10513,0.004353543
10613,0.032356218
10713,0.0023215348
10913,0.008047192
11213,0.0072196424
11313,2.1150074e-06
11713,1.4815572e-05
11913,0.011526154
12113,0.030178903
12413,0.021165319
12713,0.0076589487
12913,0.0041547446
13013,0.003291929
13413,0.0044626766
13513,0.048990022
13613,0.0074352194
13713,0.009374279
13913,0.004553422
14313,0.0060729627
14413,0.0026867392
15413,0.0042845625
15613,0.0056924634
15713,0.009733794
15813,0.014062985
15913,0.012308636
16113,0.011841051
16213,0.008367881
16313,0.024843639
16413,0.061150722
16513,6.472499e-05
16613,0.006293972
17013,0.003268129
17113,0.036936756
17213,0.049114432
17313,0.006449363
17413,0.043087274
17613,0.0144624235
17713,0.04674042
17913,0.045448937
18013,0.05860619
18113,3.430274e-11
18213,3.2967948e-11
18413,6.4969594e-05
18513,0.031717904
18713,1.4210344e-11
18813,0.018791003
19113,0.043985087
19513,0.04293504
19613,4.111558e-06
19713,0.0022847976
19813,2.7979135e-08
20713,0.03263729
20813,0.0053029386
20913,0.013834715
21113,0.01066911
21213,0.008272354
21413,0.006965564
21813,0.008362855
22013,0.038424905
22313,0.0032942167
22413,0.006525424
22513,0.0047671413
22613,0.007040698
22913,2.075923e-07
23013,5.498749e-05
23213,0.0051748715
23313,0.0062565263
23613,0.009787586
23713,0.004863691
23813,0.005386667
23913,0.014888067
24113,0.008120408
24213,0.0058885645
24413,4.4355987e-05
24513,0.0018460324
24613,4.4823355e-05
24713,0.0061702332
25313,0.0045948825
25413,0.011171834
25813,0.010786704
26013,0.010056337
26113,0.0062896265
26213,0.012751047
26313,0.009670248
26413,0.003859727
26613,0.0064771404
26713,0.0062973453
26813,0.0010382099
26913,0.004184454
27013,0.008785012
27313,0.02881504
27413,0.009608049
27513,0.00025023715
27913,5.6822206e-05
28013,0.008408534
28113,0.008215497
28313,0.0056701177
28413,0.004587119
29013,0.013836169
29113,0.0031751362
29313,0.006053331
29613,0.0053979666
29713,0.0008703284
29813,0.0049791597
29913,0.004189943
30013,0.0047779735
30113,0.007973454
30313,0.0064231027
30413,0.008798649
30713,0.009563296
30813,0.009745664
31113,0.010976974
31213,0.006179552
31613,0.0064062537
31713,0.008396385
31813,0.019346792
31913,0.0075612348
32013,0.01977494
32113,0.08955332
32813,0.008425636
33013,0.044162955
33113,0.04091124
33513,0.009743275
33713,0.057588853
33813,0.055063117
33913,2.7380227e-09
34013,7.577257e-05
34213,4.0044475e-07
34313,0.013354255
34413,1.405949e-07
34513,7.909296e-05
34613,0.011531423
34813,2.1905361e-08
35013,0.01311482
35213,0.0004347578
35313,0.007091112
35513,0.039832696
35613,0.035256654
35713,0.0019582908
35913,0.009225499
36013,0.020305851
36113,0.012402316
36613,0.00030958178
37213,0.005508937
37413,0.008469578
37513,0.005987389
37613,0.018184124
37713,0.0090943705
38113,0.006123464
38213,0.0045272703
38313,0.005895708
38413,0.010709265
38613,0.034038406
38813,0.061221093
39113,0.0032139265
39213,6.176186e-08
39313,0.00032526316
39413,6.2605536e-06
39613,0.007438177
39713,0.00042885367
39913,0.0128923645
40013,0.001265266
40213,0.048123673
40513,0.009796464
40613,0.03674354
41813,0.009004511
42013,0.06410625
42713,0.01301256
42913,0.044668037
43613,0.010766272
44213,0.010057516
44513,0.0013757498
44713,0.010997775
44913,0.0037090688
45213,0.0038743545
45313,0.006044452
45513,0.0094306525
45613,0.0076536005
46113,0.043697067
46313,0.011539501
46513,0.0019852517
46913,0.030137556
47013,8.2843566e-05
47113,0.0064758356
47213,0.015329702
47313,0.0045771073
47613,0.0215513
47713,0.0038563197
47813,0.003119644
47913,0.013803157
48213,0.006761269
48613,0.0054966337
48713,0.00231186
49113,0.04449364
49213,0.013308803
49613,0.012109632
49713,0.000104475424
49913,0.0135985585
50113,0.049457293
50313,0.00011330506
50413,3.5230773e-08
50613,1.1267541e-05
50813,5.417701e-09
50913,0.00014217121
51013,0.016670734
51213,3.089369e-06
51613,5.831184e-05
51813,0.02190419
52013,3.3753754e-06
52113,0.01691124
52513,0.001255048
52613,0.008630886
52713,0.01190619
53213,0.010505845
53313,0.004746401
53413,0.004191529
53613,0.015370916
53913,0.0025287024
54113,0.007716492
54213,0.008394088
54313,0.014434984
54413,0.010144974
54613,0.029050395
55013,0.01963852
55213,0.00019059719
55413,3.3275654e-05
55513,0.009822294
55613,0.012851864
56213,0.008280245
56513,0.009272424
56713,0.020297622
56813,0.0021773048
57013,0.022222158
57113,0.049417865
57213,0.015421366
57313,0.0023710881
57513,0.062015094
57913,0.0127512105
58013,0.028628811
58213,0.0053929873
58313,0.0014231118
58513,0.02233314
58913,0.009457634
59113,0.0038074597
59213,0.0025502453
59513,0.00058271264
59613,0.007502636
59813,0.016689997
59913,0.010796981
60413,0.0012702063
60513,0.0032223118
60813,0.005978315
61113,0.010563922
61313,0.005822907
61413,0.006070918
61713,0.06503205
62113,0.0021984621
62413,0.0030474046
62713,0.0045100013
62813,0.002935084
63513,0.0045479736
63613,0.011106063
63713,0.003677529
63813,0.0027560177
63913,0.014499838
64313,0.016287493
64413,0.005347137
14,0.029596303
114,0.08345615
414,1.0354793e-05
614,0.045934446
714,0.0014795219
1014,0.022174178
1214,0.007252817
1714,0.07457923
2214,0.0015852394
2714,1.1890758e-06
2814,0.10316972
2914,0.61175054
3014,0.027453573
3114,0.0017108995
3214,0.04194593
3314,0.24215104
3414,0.00092287
3714,2.2483953e-06
4014,0.03643184
4114,0.009412595
4214,0.0052835057
4414,0.0060212365
4714,0.0085121915
4814,0.06867698
4914,0.0018040002
5114,0.0041185585
5214,0.003861909
5714,0.0038232522
5914,0.054148
6214,0.014514817
6314,0.018647242
6514,0.008502137
6614,0.01669389
6814,0.002494921
6914,4.9722404e-09
7014,0.008615422
7214,5.574134e-07
7414,0.00557268
7514,0.041908156
7714,0.014938796
7914,0.002144419
8114,0.010094199
8214,0.0033568444
8314,0.024064165
8414,0.030692913
8514,0.013385956
8614,0.002809984
8714,0.061330695
8914,0.00975855
9014,0.0027867781
9214,0.0009914149
9514,0.0017844429
9814,0.2732375
9914,0.12515755
10114,0.0043264674
10414,0.0055303858
10514,0.0017783183
10614,0.064858355
10714,0.0018733185
10914,0.01108526
11214,0.0041084513
11314,2.5990585e-06
11714,1.4339806e-05
11914,0.01133215
12114,0.031221487
12414,0.017505916
12714,0.011142148
12914,0.0010875931
13014,0.0023586203
13414,0.005062612
13514,0.4526196
13614,0.004911941
13714,0.011065406
13914,0.0035515628
14314,0.0039236457
14414,0.0062683336
15414,0.009051581
15614,0.0064546983
15714,0.007993288
15814,0.0058463067
15914,0.0033743533
16114,0.010183255
16214,0.009464349
16314,0.013540752
16414,0.060863916
16514,0.00029715284
16614,0.0065511526
17014,0.0010714858
17114,0.061516438
17214,0.07962918
17314,0.005254345
17414,0.08057309
17614,0.015368303
17714,0.12688929
17914,0.09974047
18014,0.06482768
18114,5.7368565e-10
18214,2.1534299e-09
18414,0.00023089167
18514,0.010191169
18714,7.7951334e-10
18814,0.2051011
19114,0.12434041
19514,0.12668362
19614,2.3556793e-05
19714,0.0011002751
19814,9.18064e-08
20714,0.046371564
20814,0.0049490733
20914,0.010296467
21114,0.023636596
21214,0.0027792775
21414,0.009148493
21814,0.009308553
22014,0.065061636
22314,0.0012224597
22414,0.008854375
22514,0.0067988858
22614,0.010383455
22914,1.13836485e-07
23014,4.4774017e-05
23214,0.010111686
23314,0.0054330565
23614,0.0074572773
23714,0.002990418
23814,0.34302977
23914,0.0044299783
24114,0.0035985408
24214,0.019829717
24414,0.004375315
24514,0.007527984
24614,0.009762393
24714,0.0026760192
25314,0.0029469375
25414,0.0053552105
25814,0.041006662
26014,0.032487493
26114,0.010809273
26214,0.009284275
26314,0.010472079
26414,0.0014645744
26614,0.011581585
26714,0.011246184
26814,0.0016249593
26914,0.0047294437
27014,0.002118562
27314,0.047267012
27414,0.0033983602
27514,0.0001832216
27914,0.00020638041
28014,0.01074245
28114,0.06593679
28314,0.00751035
28414,0.0012386885
29014,0.06641683
29114,0.0021922127
29314,0.007872113
29614,0.00645262
29714,0.0010632621
29814,0.0029871538
29914,0.020017505
30014,0.00398921
30114,0.01357232
30314,0.039136965
30414,0.00964715
30714,0.09614027
30814,0.009781928
31114,0.114608906
31214,0.0041028927
31614,0.006315092
31714,0.014354549
31814,0.07679775
31914,0.005853276
32014,0.0152992485
32114,0.098387934
32814,0.007071427
33014,0.048327856
33114,0.03062353
33514,0.03469524
33714,0.07050166
33814,0.09641244
33914,2.5005523e-08
34014,0.00018190073
34214,9.714536e-06
34314,0.014450854
34414,1.8057729e-06
34514,0.00051097554
34614,0.008371634
34814,1.4611877e-06
35014,0.019476967
35214,0.00046883884
35314,0.012595701
35514,0.042052064
35614,0.028372893
35714,0.0013911984
35914,0.004338663
36014,0.067278095
36114,0.01061719
36614,0.0005663892
37214,0.85534406
37414,0.0070570293
37514,0.0022564428
37614,0.07370888
37714,0.02000256
38114,0.0066662086
38214,0.009461327
38314,0.0046132496
38414,0.03703379
38614,0.075984836
38814,0.15788084
39114,0.01547022
39214,2.8837922e-08
39314,0.0007964769
39414,5.4152683e-06
39614,0.0036730089
39714,0.94065624
39914,0.033232093
40014,0.0016962386
40214,0.2797521
40514,0.013321183
40614,0.015066036
41814,0.012779559
42014,0.19130766
42714,0.03651381
42914,0.20117906
43614,0.0046053035
44214,0.063057676
44514,0.00083462585
44714,0.022963628
44914,0.002190002
45214,0.0021377443
45314,0.0019934294
45514,0.005738784
45614,0.012315327
46114,0.07491043
46314,0.024924884
46514,0.008103778
46914,0.04078904
47014,0.0001753487
47114,0.13450554
47214,0.05033662
47314,0.0027149406
47614,0.026104165
47714,0.0055417046
47814,0.002525023
47914,0.0039829626
48214,0.007468158
48614,0.00682402
48714,0.021659039
49114,0.062014237
49214,0.03981092
49614,0.0044043483
49714,0.000142437
49914,0.029265294
50114,0.062455133
50314,0.000291359
50414,4.767653e-07
50614,0.00023395845
50814,2.491645e-07
50914,0.00022978391
51014,0.011235583
51214,0.0001982566
51614,1.7289416e-05
51814,0.058428064
52014,4.643049e-06
52114,0.044570204
52514,0.00056672475
52614,0.0038385545
52714,0.0011728948
53214,0.0047461838
53314,0.005156021
53414,0.015254694
53614,0.013659036
53914,0.0025132867
54114,0.05463851
54214,0.024981169
54314,0.010629666
54414,0.018468432
54614,0.56023264
55014,0.025387583
55214,0.00021692032
55414,4.165236e-05
55514,0.75970334
55614,0.008536705
56214,0.011519779
56514,0.009135504
56714,0.009624063
56814,0.006884417
57014,0.110016406
57114,0.06644938
57214,0.0036529014
57314,0.0013147704
57514,0.07938736
57914,0.010808991
58014,0.033606138
58214,0.028930925
58314,0.0098427795
58514,0.03139339
58914,0.093138084
59114,0.01498438
59214,0.0016645896
59514,0.0026116492
59614,0.02918223
59814,0.010222671
59914,0.008116543
60414,0.0038939696
60514,0.0041268626
60814,0.008237842
61114,0.006244274
61314,0.0260659
61414,0.0038921705
61714,0.30921116
62114,0.0014654807
62414,0.0031181697
62714,0.0056368457
62814,0.004790664
63514,0.005719725
63614,0.01893442
63714,0.0021667648
63814,0.0042774095
63914,0.026402226
64314,0.021146996
64414,0.0019792505
15,0.021213543
115,0.004359019
415,3.058465e-05
615,0.012595581
715,0.01121705
1015,0.011958177
1215,0.001050711
1715,0.010328208
2215,0.0040013553
2715,1.2440763e-07
2815,0.03180683
2915,0.0027481373
3015,0.0054974407
3115,0.01601513
3215,0.04695746
3315,0.014274076
3415,0.00095122657
3715,7.7136906e-07
4015,0.013817837
4115,0.0011762908
4215,0.08971382
4415,0.06938943
4715,0.03814483
4815,0.017357554
4915,0.06880405
5115,0.080173105
5215,0.012834502
5715,0.040500708
5915,0.015689887
6215,0.027995192
6315,0.01260123
6515,0.007354145
6615,0.0060301987
6815,0.0049209544
6915,3.1080567e-08
7015,0.002587333
7215,3.7577086e-06
7415,0.024143856
7515,0.013531225
7715,0.0058749286
7915,0.005229423
8115,0.0069864015
8215,0.021930652
8315,0.055021748
8415,0.014254595
8515,0.013390412
8615,0.017676203
8715,0.00945929
8915,0.016374711
9015,0.004366379
9215,0.004820579
9515,0.0024185695
9815,0.00494274
9915,0.013744184
10115,0.014622648
10415,0.047345407
10515,0.011333763
10615,0.004774548
10715,0.1423935
10915,0.023602039
11215,0.009540818
11315,4.4781114e-06
11715,5.9637216e-05
11915,0.010469831
12115,0.029461695
12415,0.025852058
12715,0.012623143
12915,0.009440999
13015,0.060018513
13415,0.0064709387
13515,0.0037540537
13615,0.014389953
13715,0.029613055
13915,0.1058526
14315,0.010505129
14415,0.0010968504
15415,0.0029587992
15615,0.01170497
15715,0.026734648
15815,0.015011172
15915,0.013239354
16115,0.0950199
16215,0.04201974
16315,0.010270113
16415,0.01074635
16515,1.4308501e-05
16615,0.017328318
17015,0.008748002
17115,0.0062396466
17215,0.008260663
17315,0.004965246
17415,0.00618073
17615,0.09620903
17715,0.0104070585
17915,0.008611213
18015,0.010257382
18115,1.7440514e-10
18215,8.0503985e-11
18415,7.945899e-05
18515,0.022570897
18715,7.4069056e-11
18815,0.005949111
19115,0.0056756428
19515,0.006512009
19615,3.1155475e-06
19715,0.00069029204
19815,8.6515485e-08
20715,0.056648824
20815,0.009116235
20915,0.064172484
21115,0.03078435
21215,0.06711371
21415,0.007371798
21815,0.028107556
22015,0.02384476
22315,0.07110853
22415,0.0067875553
22515,0.010478686
22615,0.008301228
22915,6.6650864e-07
23015,0.00011871387
23215,0.0098598255
23315,0.13813668
23615,0.011000318
23715,0.074698456
23815,0.00061591715
23915,0.020011429
24115,0.007844224
24215,0.010070323
24415,2.3573717e-05
24515,0.0025181982
24615,1.3643508e-05
24715,0.007990217
25315,0.002973283
25415,0.04303101
25815,0.004975814
26015,0.008715028
26115,0.009501487
26215,0.044804245
26315,0.009602954
26415,0.011296655
26615,0.0087251505
26715,0.004963201
26815,0.0138413
26915,0.043539822
27015,0.009163315
27315,0.058742706
27415,0.07148866
27515,0.001643911
27915,0.00015705147
28015,0.033207465
28115,0.0033619492
28315,0.022050885
28415,0.02015377
29015,0.0067001707
29115,0.0039027268
29315,0.009428507
29615,0.015506752
29715,6.854475e-05
29815,0.004017407
29915,0.001578802
30015,0.011583816
30115,0.010406676
30315,0.0036564749
30415,0.031354856
30715,0.0036696866
30815,0.05358077
31115,0.004625941
31215,0.038524777
31615,0.0206206
31715,0.007574334
31815,0.045656778
31915,0.035332434
32015,0.022939136
32115,0.0070372093
32815,0.014067652
33015,0.010082678
33115,0.009315827
33515,0.019550718
33715,0.012710593
33815,0.0057432773
33915,3.3408392e-09
34015,4.517395e-05
34215,2.671468e-07
34315,0.0045118695
34415,2.2954804e-07
34515,3.5805053e-05
34615,0.016579252
34815,6.949234e-09
35015,0.026414119
35215,0.0024329291
35315,0.021114128
35515,0.014565248
35615,0.014088436
35715,0.00037721402
35915,0.06006665
36015,0.03524256
36115,0.076436594
36615,2.0196778e-05
37215,0.00013141672
37415,0.053296573
37515,0.058061298
37615,0.0046364274
37715,0.02322433
38115,0.010822709
38215,0.0039345
38315,0.020996561
38415,0.017085513
38615,0.014127106
38815,0.008678632
39115,0.0030163997
39215,2.1432007e-07
39315,0.01924017
39415,2.1136848e-05
39615,0.17100495
39715,5.829462e-06
39915,0.0036866146
40015,0.0046130717
40215,0.0035951417
40515,0.043074276
40615,0.011890185
41815,0.0156868
42015,0.012282309
42715,0.029829213
42915,0.002314185
43615,0.017116135
44215,0.007900399
44515,0.014886618
44715,0.022743389
44915,0.0034335647
45215,0.073970884
45315,0.077112466
45515,0.05746195
45615,0.022453506
46115,0.004272157
46315,0.023404134
46515,0.0019824514
46915,0.007853379
47015,0.0004075615
47115,0.0032984498
47215,0.042381734
47315,0.008330926
47615,0.04823714
47715,0.0030043102
47815,0.0033401437
47915,0.01636933
48215,0.05668074
48615,0.007629686
48715,7.604371e-05
49115,0.04825057
49215,0.05742517
49615,0.023485439
49715,0.00078750093
49915,0.020854574
50115,0.008901044
50315,0.00016916718
50415,1.1980524e-07
50615,4.703079e-06
50815,1.4051777e-08
50915,4.562563e-05
51015,0.024591032
51215,1.7467673e-06
51615,0.00027037383
51815,0.022065302
52015,7.503113e-07
52115,0.039623212
52515,0.012116811
52615,0.006181834
52715,0.0004885063
53215,0.039609592
53315,0.08810274
53415,0.012759717
53615,0.018589854
53915,0.0016977844
54115,0.002520448
54215,0.007248584
54315,0.021735284
54415,0.017750757
54615,0.0013076605
55015,0.018209577
55215,0.0002756569
55415,0.00018487523
55515,0.00074304524
55615,0.005790823
56215,0.033963323
56515,0.012739709
56715,0.011443429
56815,0.0034795261
57015,0.0034044571
57115,0.012032171
57215,0.020830922
57315,0.0077514774
57515,0.0116328625
57915,0.10949618
58015,0.01647893
58215,0.004014989
58315,0.0016675661
58515,0.012255748
58915,0.0035233481
59115,0.002210368
59215,0.005869235
59515,0.0010768564
59615,0.002887505
59815,0.05696436
59915,0.10986963
60415,0.002178414
60515,0.011502805
60815,0.0050996155
61115,0.011469977
61315,0.00085597637
61415,0.008698833
61715,0.00621777
62115,0.00061745156
62415,0.010115254
62715,0.011733051
62815,0.014148727
63515,0.001593158
63615,0.042070307
63715,0.014394619
63815,0.0032929736
63915,0.0071467524
64315,0.028198628
64415,0.03057083
16,0.0051494516
116,0.008105397
416,1.1071926e-05
616,0.020378016
716,0.009238816
1016,0.0064694234
1216,0.0029498497
1716,0.0067567294
2216,0.0011903074
2716,3.7627225e-07
2816,0.021699147
2916,0.023358911
3016,0.014537131
3116,0.005988361
3216,0.030396298
3316,0.04617194
3416,0.0009428948
3716,1.2466986e-06
4016,0.031893183
4116,0.0030124693
4216,0.026880402
4416,0.014671886
4716,0.014396739
4816,0.07004347
4916,0.0067558954
5116,0.019578455
5216,0.0122175515
5716,0.012501321
5916,0.06908763
6216,0.032673683
6316,0.020477675
6516,0.013108807
6616,0.011601153
6816,0.0048666717
6916,3.3754628e-08
7016,0.011461055
7216,2.5585325e-06
7416,0.006881046
7516,0.025874635
7716,0.01109606
7916,0.0042591486
8116,0.0051580174
8216,0.014052748
8316,0.030570557
8416,0.02015965
8516,0.012798825
8616,0.0104506295
8716,0.015144234
8916,0.010336052
9016,0.0046255034
9216,0.003007438
9516,0.0033487547
9816,0.021860287
9916,0.01575949
10116,0.0075643593
10416,0.018428072
10516,0.008649162
10616,0.011183306
10716,0.00275106
10916,0.019938346
11216,0.0058564325
11316,3.8473404e-06
11716,4.4482702e-05
11916,0.023929732
12116,0.009627815
12416,0.039035693
12716,0.017882274
12916,0.0074639586
13016,0.0068183574
13416,0.008715576
13516,0.04867022
13616,0.010761395
13716,0.019120757
13916,0.010912081
14316,0.009414967
14416,0.0007783054
15416,0.0031980823
15616,0.016977118
15716,0.009119399
15816,0.013181145
15916,0.0095378775
16116,0.019024963
16216,0.022841493
16316,0.010728798
16416,0.006298429
16516,5.0806808e-05
16616,0.008907451
17016,0.009231233
17116,0.007791451
17216,0.006363579
17316,0.0048919655
17416,0.013487039
17616,0.022165181
17716,0.033743158
17916,0.0065803854
18016,0.0029953222
18116,3.566378e-10
18216,3.9497622e-10
18416,7.202783e-05
18516,0.0039765886
18716,1.7460006e-10
18816,0.033246323
19116,0.024938885
19516,0.020818109
19616,6.9197818e-06
19716,0.0005126489
19816,1.04155355e-07
20716,0.047869157
20816,0.008194075
20916,0.021026999
21116,0.04197918
21216,0.010616347
21416,0.010775212
21816,0.025134347
22016,0.050820086
22316,0.0022081782
22416,0.013182781
22516,0.015630418
22616,0.014446126
22916,5.1708145e-07
23016,0.00012963911
23216,0.0056633563
23316,0.014570525
23616,0.008395628
23716,0.013381049
23816,0.017404893
23916,0.01322838
24116,0.0064364667
24216,0.009862335
24416,0.00016870664
24516,0.003818728
24616,0.00035580565
24716,0.0046517923
25316,0.003848771
25416,0.02166113
25816,0.0037913085
26016,0.004912092
26116,0.013702466
26216,0.018622436
26316,0.025606142
26416,0.002954646
26616,0.014083251
26716,0.009553318
26816,0.0054884967
26916,0.017676601
27016,0.006848462
27316,0.054795463
27416,0.011533848
27516,0.0010255447
27916,0.00017175208
28016,0.0216729
28116,0.0071667326
28316,0.012774768
28416,0.011404498
29016,0.02070262
29116,0.00606279
29316,0.0129031055
29616,0.010901892
29716,0.0002963562
29816,0.006156283
29916,0.0054847496
30016,0.011563992
30116,0.0037518218
30316,0.015454933
30416,0.02683073
30716,0.005601568
30816,0.022098966
31116,0.008051893
31216,0.008360164
31616,0.011229877
31716,0.0048798514
31816,0.025061788
31916,0.020957071
32016,0.014078167
32116,0.0056537692
32816,0.016249988
33016,0.0068039917
33116,0.006567353
33516,0.016372368
33716,0.007557148
33816,0.0041158046
33916,1.6355822e-08
34016,0.00013225825
34216,1.0247076e-06
34316,0.0028463549
34416,6.4368214e-07
34516,0.00010005899
34616,0.0058823
34816,1.0723396e-07
35016,0.05071977
35216,0.0025150038
35316,0.009470731
35516,0.027624425
35616,0.01932866
35716,0.00035031838
35916,0.015623948
36016,0.01815567
36116,0.024261363
36616,0.00011232558
37216,0.0018755605
37416,0.024346914
37516,0.012606731
37616,0.016702086
37716,0.029380262
38116,0.014863907
38216,0.006934467
38316,0.013335813
38416,0.027188802
38616,0.058592126
38816,0.05667105
39116,0.008755454
39216,1.506757e-07
39316,0.0029600554
39416,1.9252038e-05
39616,0.018460272
39716,1.5961206e-05
39916,0.013069994
40016,0.0046539833
40216,0.023142274
40516,0.021701897
40616,0.013022698
41816,0.0053166808
42016,0.030404486
42716,0.040231083
42916,0.01040004
43616,0.0049210545
44216,0.01420131
44516,0.0044965534
44716,0.03472462
44916,0.007296135
45216,0.0068087564
45316,0.009006111
45516,0.014327696
45616,0.022682168
46116,0.010392103
46316,0.032816913
46516,0.0026230623
46916,0.017733334
47016,0.0003411418
47116,0.003992899
47216,0.02567717
47316,0.008186599
47616,0.03160939
47716,0.012312374
47816,0.0073531675
47916,0.010390037
48216,0.011119246
48616,0.0041858237
48716,0.00081659167
49116,0.042402565
49216,0.030626696
49616,0.0061964244
49716,0.00058989675
49916,0.029255778
50116,0.0041471827
50316,0.00013201164
50416,2.46811e-07
50616,1.6634505e-05
50816,2.88715e-08
50916,5.661299e-05
51016,0.0059551634
51216,2.0319392e-05
51616,0.00012317393
51816,0.01972321
52016,1.966137e-06
52116,0.03546985
52516,0.0034994904
52616,0.0031600783
52716,0.00029440995
53216,0.012603246
53316,0.015040257
53416,0.0063712723
53616,0.038477145
53916,0.0032200194
54116,0.0083646225
54216,0.017951416
54316,0.019107014
54416,0.017912539
54616,0.0048354566
55016,0.030748345
55216,0.0005478023
55416,0.00015320352
55516,0.011336594
55616,0.0061606495
56216,0.0203922
56516,0.0102273
56716,0.013136143
56816,0.0053811576
57016,0.012318758
57116,0.02007098
57216,0.012824303
57316,0.0028842837
57516,0.015420993
57916,0.020649103
58016,0.008809767
58216,0.00469857
58316,0.0068053436
58516,0.03150553
58916,0.0076333215
59116,0.0037004892
59216,0.0018211474
59516,0.0011692488
59616,0.0077154166
59816,0.03159287
59916,0.028510539
60416,0.001960451
60516,0.006609964
60816,0.010486034
61116,0.009071586
61316,0.0044125323
61416,0.0036020027
61716,0.04294977
62116,0.00095837004
62416,0.009056374
62716,0.014334811
62816,0.012448375
63516,0.0025348975
63616,0.028111568
63716,0.010513416
63816,0.007859591
63916,0.010775925
64316,0.03624061
64416,0.0070508267
17,0.00845806
117,0.006594558
417,3.9616978e-05
617,0.011618802
717,0.014825724
1017,0.003177645
1217,8.4939704e-05
1717,0.006507868
2217,0.0007077713
2717,1.9518022e-06
2817,0.00084006693
2917,0.00063620484
3017,0.007830405
3117,0.006271869
3217,0.0094316155
3317,0.0031235837
3417,0.00027580044
3717,8.704176e-06
4017,0.02036534
4117,0.03359212
4217,0.0520828
4417,0.0024113883
4717,0.034949705
4817,0.011500182
4917,0.21216422
5117,0.19562145
5217,0.02022671
5717,0.019661233
5917,0.0076680146
6217,0.022451315
6317,0.03224357
6517,0.01053631
6617,0.011462054
6817,0.013287654
6917,1.4938219e-07
7017,0.0029317918
7217,0.00032508973
7417,0.11497318
7517,0.042503595
7717,0.0029601771
7917,0.05148783
8117,0.010178066
8217,0.023451027
8317,0.014860154
8417,0.0045571513
8517,0.008181372
8617,0.035332795
8717,0.011083922
8917,0.021706626
9017,0.00658326
9217,0.015144154
9517,0.0052348403
9817,0.0032661448
9917,0.0050572394
10117,0.0046253125
10417,0.00669366
10517,0.012522812
10617,0.010693205
10717,0.21538243
10917,0.021052765
11217,0.017048726
11317,2.5341876e-06
11717,1.7756e-05
11917,0.010280367
12117,0.0021217822
12417,0.004398549
12717,0.012110361
12917,0.0040782816
13017,0.06947353
13417,0.0072806426
13517,0.0019343398
13617,0.008139
13717,0.010837669
13917,0.16462983
14317,0.011086415
14417,0.00010125057
15417,0.0007090578
15617,0.023556203
15717,0.0029140247
15817,0.012754258
15917,0.015777096
16117,0.015209587
16217,0.020697525
16317,0.012030056
16417,0.011565939
16517,1.5342084e-05
16617,0.004971253
17017,0.02305482
17117,0.0013460963
17217,0.0039534015
17317,0.0014153933
17417,0.004749137
17617,0.010272005
17717,0.002831423
17917,0.006040321
18017,0.0056467075
18117,5.870685e-10
18217,2.224033e-10
18417,2.7789338e-05
18517,0.003999143
18717,2.4953042e-09
18817,0.002277446
19117,0.0015440354
19517,0.005488933
19617,3.3744525e-06
19717,0.0005648013
19817,1.2944395e-05
20717,0.0031546033
20817,0.012124664
20917,0.056917347
21117,0.026134923
21217,0.037701707
21417,0.010111815
21817,0.024326297
22017,0.0058858003
22317,0.6039173
22417,0.017617906
22517,0.019839695
22617,0.015147202
22917,2.3751461e-07
23017,0.002502624
23217,0.048769165
23317,0.082874894
23617,0.01824994
23717,0.009556581
23817,0.00050667295
23917,0.0059934063
24117,0.007112307
24217,0.0049697966
24417,0.0002179438
24517,0.0025394824
24617,1.4466693e-05
24717,0.01401324
25317,0.0022797517
25417,0.07480212
25817,0.0027751524
26017,0.00042871674
26117,0.0026931048
26217,0.0054441574
26317,0.04976778
26417,0.097711354
26617,0.023599768
26717,0.011026653
26817,0.00088294054
26917,0.027609177
27017,0.017605616
27317,0.00548925
27417,0.012145277
27517,0.0008236728
27917,7.2668045e-05
28017,0.06767277
28117,0.000479064
28317,0.02109336
28417,0.030473143
29017,0.004712658
29117,0.013279919
29317,0.018367067
29617,0.02622451
29717,0.0005830657
29817,0.009186509
29917,0.002368587
30017,0.019748399
30117,0.00042338515
30317,0.0040212865
30417,0.017082443
30717,0.00036282188
30817,0.0018394418
31117,0.0005042762
31217,0.0037815936
31617,0.009668202
31717,0.000552934
31817,0.0031532983
31917,0.027205257
32017,0.0072808187
32117,0.011575562
32817,0.011574522
33017,0.0073798005
33117,0.002149803
33517,0.007781533
33717,0.005654286
33817,0.004904083
33917,2.3977262e-09
34017,1.7102559e-05
34217,3.5025482e-07
34317,0.0005211049
34417,9.34683e-08
34517,1.5810147e-05
34617,0.013054471
34817,2.7781049e-09
35017,0.05882912
35217,0.08886119
35317,0.010301009
35517,0.0078333905
35617,0.009260898
35717,0.00026357776
35917,0.022111904
36017,0.0019640792
36117,0.006933343
36617,0.00013775719
37217,0.0002022782
37417,0.05855337
37517,0.0692799
37617,0.0007189776
37717,0.01638372
38117,0.019828288
38217,0.0073195333
38317,0.023176111
38417,0.0107420795
38617,0.006508327
38817,0.0078085163
39117,0.009576952
39217,8.7381885e-08
39317,0.0005986469
39417,6.581563e-05
39617,0.13461271
39717,7.4489594e-06
39917,0.0012477206
40017,0.0008714455
40217,0.0023366027
40517,0.011104294
40617,0.019531904
41817,0.0009965218
42017,0.0057111476
42717,0.011897149
42917,0.0058924565
43617,0.0055633504
44217,0.0026316184
44517,0.012483803
44717,0.016864527
44917,0.029572606
45217,0.41971764
45317,0.3378599
45517,0.013524204
45617,0.02045158
46117,0.0078194095
46317,0.016607756
46517,0.00012874157
46917,0.007583346
47017,0.0018893105
47117,0.00012669798
47217,0.004980548
47317,0.019358156
47617,0.0030845099
47717,0.016697204
47817,0.011295784
47917,0.020700492
48217,0.0027020455
48617,0.0011948224
48717,7.147312e-05
49117,0.0029871447
49217,0.012429848
49617,0.0027300825
49717,0.00022253566
49917,0.01236212
50117,0.0047427034
50317,0.00014967684
50417,3.864094e-07
50617,1.7759156e-05
50817,2.4747126e-07
50917,1.0568143e-05
51017,0.01826278
51217,1.8862199e-06
51617,0.0004960611
51817,0.015010453
52017,4.35476e-07
52117,0.024637789
52517,0.003971852
52617,0.00064696925
52717,0.004242935
53217,0.12036456
53317,0.023169855
53417,0.015562911
53617,0.061100982
53917,0.0012197386
54117,0.0029814285
54217,0.01119107
54317,0.00998321
54417,0.0091318665
54617,0.005119498
55017,0.013533962
55217,0.00055368117
55417,9.9348435e-05
55517,0.0002672422
55617,0.054905485
56217,0.036146548
56517,0.014120843
56717,0.0233476
56817,0.00036213396
57017,0.0020483756
57117,0.012550591
57217,0.01617281
57317,0.0011525555
57517,0.008302425
57917,0.008362021
58017,0.007034289
58217,0.0011811324
58317,0.030993037
58517,0.0035841092
58917,0.008888412
59117,0.0006331618
59217,0.0002656622
59517,0.00065805885
59617,0.0013231862
59817,0.0062611233
59917,0.02728779
60417,8.752696e-05
60517,0.08745115
60817,0.008863329
61117,0.030082867
61317,0.0016443431
61417,0.00047143144
61717,0.003995655
62117,0.0024355862
62417,0.026682077
62717,0.01698027
62817,0.019200904
63517,0.0007150723
63617,0.011510478
63717,0.030881114
63817,0.009707725
63917,0.0038100653
64317,0.017448278
64417,0.008953616
18,0.12944804
118,0.05521171
418,0.00049498916
618,0.020162022
718,0.012126453
1018,0.046351854
1218,0.00039342992
1718,0.055966508
2218,0.0071878848
2718,5.7827226e-08
2818,0.008984072
2918,0.0037158546
3018,0.025432298
3118,0.0057836
3218,0.028111618
3318,0.05646034
3418,0.00046695105
3718,1.4628705e-06
4018,0.0172665
4118,0.025948826
4218,0.025719514
4418,0.018167723
4718,0.22042985
4818,0.033651143
4918,0.22966315
5118,0.037074592
5218,0.06738574
5718,0.077015966
5918,0.048560616
6218,0.028584396
6318,0.014345988
6518,0.045674
6618,0.023563532
6818,0.059059512
6918,2.8391952e-08
7018,0.00053351483
7218,1.5485286e-06
7418,0.015755175
7518,0.02249839
7718,0.0033466772
7918,0.00048202195
8118,0.009200564
8218,0.013056621
8318,0.017286679
8418,0.016381118
8518,0.027000858
8618,0.01755908
8718,0.017929243
8918,0.036306754
9018,0.006100476
9218,0.0041798805
9518,0.013135121
9818,0.0039891214
9918,0.0108276205
10118,0.008743085
10418,0.02735057
10518,0.011507409
10618,0.054832418
10718,0.22607075
10918,0.09219861
11218,0.0071226675
11318,5.236701e-06
11718,5.6835615e-05
11918,0.018060545
12118,0.02852396
12418,0.044617243
12718,0.05286933
12918,0.019843478
13018,0.31750345
13418,0.0118302535
13518,0.017008316
13618,0.023048025
13718,0.029978445
13918,0.12450733
14318,0.0618798
14418,0.0015058175
15418,0.004859724
15618,0.023288283
15718,0.02507543
15818,0.0111123
15918,0.010374959
16118,0.047343712
16218,0.06112944
16318,0.033574004
16418,0.10557539
16518,4.1714255e-05
16618,0.011444298
17018,0.00832178
17118,0.051741585
17218,0.06316588
17318,0.009911164
17418,0.020311385
17618,0.0815621
17718,0.019534128
17918,0.048725378
18018,0.07131713
18118,5.1561536e-11
18218,2.1045629e-11
18418,7.344306e-05
18518,0.056934305
18718,2.0317754e-11
18818,0.0038565008
19118,0.010902153
19518,0.025170965
19618,2.177381e-06
19718,0.00085782394
19818,5.397153e-08
20718,0.037275035
20818,0.088477544
20918,0.027781745
21118,0.02901198
21218,0.062617235
21418,0.06400172
21818,0.034057822
22018,0.07270849
22318,0.0359757
22418,0.064337395
22518,0.008358209
22618,0.035137683
22918,1.0839799e-06
23018,0.00013268621
23218,0.0040231817
23318,0.046582934
23618,0.014894896
23718,0.019763766
23818,0.00065436796
23918,0.0148285385
24118,0.006692956
24218,0.00925036
24418,6.5844274e-06
24518,0.0010653
24618,3.2921646e-06
24718,0.009869612
25318,0.0052906875
25418,0.030041562
25818,0.0041460926
26018,0.0033773868
26118,0.0034731934
26218,0.03950369
26318,0.008143395
26418,0.15769811
26618,0.013252284
26718,0.08488373
26818,0.010122983
26918,0.006915823
27018,0.006645031
27318,0.066884376
27418,0.06096332
27518,0.0016901393
27918,4.4913297e-05
28018,0.02565159
28118,0.0037489575
28318,0.093347885
28418,0.07750777
29018,0.020162296
29118,0.045865566
29318,0.008909611
29618,0.007982995
29718,0.014306024
29818,0.053088173
29918,0.0022088327
30018,0.0489439
30118,0.004488966
30318,0.002785809
30418,0.03275673
30718,0.0062983064
30818,0.013350805
31118,0.005003796
31218,0.029719785
31618,0.009287176
31718,0.0074017043
31818,0.048449572
31918,0.0664037
32018,0.09176739
32118,0.10444204
32818,0.015680764
33018,0.07658966
33118,0.076608635
33518,0.011079874
33718,0.058280613
33818,0.048693348
33918,8.063425e-10
34018,3.7379654e-05
34218,2.3002538e-07
34318,0.0151465535
34418,1.2714357e-07
34518,4.100183e-05
34618,0.008510364
34818,4.5184785e-09
35018,0.012943055
35218,0.00075810746
35318,0.22703128
35518,0.013771306
35618,0.01545748
35718,0.0005384979
35918,0.07811377
36018,0.018216599
36118,0.046130136
36618,0.002928213
37218,0.0008996472
37418,0.05008892
37518,0.03994723
37618,0.009916475
37718,0.02844959
38118,0.012663942
38218,0.006425884
38318,0.032223567
38418,0.025212953
38618,0.031775113
38818,0.14957508
39118,0.0016372597
39218,3.5189888e-07
39318,0.015722783
39418,1.7142233e-05
39618,0.060476825
39718,7.763955e-05
39918,0.0034725573
40018,0.00052577
40218,0.013752872
40518,0.013226928
40618,0.025126563
41818,0.013829108
42018,0.04096378
42718,0.03907643
42918,0.029941514
43618,0.06816135
44218,0.008027009
44518,0.0038422567
44718,0.036742084
44918,0.030873165
45218,0.028608851
45318,0.049811546
45518,0.037835453
45618,0.035646543
46118,0.23293969
46318,0.040875673
46518,0.00058724853
46918,0.029382437
47018,0.00010579788
47118,0.00086349534
47218,0.023159623
47318,0.023453569
47618,0.054913104
47718,0.0025029948
47818,0.0047590984
47918,0.012558368
48218,0.029822815
48618,0.0031404803
48718,0.0005351604
49118,0.04073723
49218,0.03595386
49618,0.007992043
49718,0.00036752402
49918,0.017944595
50118,0.055517524
50318,0.00021891881
50418,5.8649476e-08
50618,1.0086933e-05
50818,7.222537e-09
50918,6.4715256e-05
51018,0.011738715
51218,1.5778336e-06
51618,0.0003348221
51818,0.006487487
52018,3.6184217e-06
52118,0.012169725
52518,0.0038652818
52618,0.014848358
52718,0.6867845
53218,0.04825826
53318,0.10412375
53418,0.008406369
53618,0.033537276
53918,0.0053022685
54118,0.005735761
54218,0.036993753
54318,0.09404997
54418,0.05622574
54618,0.25568354
55018,0.03799779
55218,0.0007197413
55418,0.00012657125
55518,0.0021152033
55618,0.01842993
56218,0.009858254
56518,0.015088016
56718,0.018244844
56818,0.0005266873
57018,0.013799474
57118,0.0361845
57218,0.008840401
57318,0.0057641184
57518,0.049227808
57918,0.05894762
58018,0.007095165
58218,0.0010199103
58318,0.0005071352
58518,0.0058165574
58918,0.0024871465
59118,0.008454976
59218,0.0041242996
59518,0.00048288816
59618,0.027028238
59818,0.063738115
59918,0.0689604
60418,0.0004464388
60518,0.0043744
60818,0.0069548897
61118,0.029791415
61318,0.010082818
61418,0.008771356
61718,0.051618814
62118,0.032606404
62418,0.039607275
62718,0.021251902
62818,0.0050362973
63518,0.010855554
63618,0.033120867
63718,0.013663148
63818,0.003959173
63918,0.005748571
64318,0.0268151
64418,0.056638807
