Id,Probability
0,0.014565251
100,0.011788019
400,0.00042211372
600,0.003952457
700,0.008234107
1000,0.0031305784
1200,0.008056636
1700,0.0058111195
2200,0.0011524329
2700,0.004646134
2800,0.00095578237
2900,0.0060603325
3000,0.0014496368
3100,0.0033018766
3200,0.004531861
3300,0.010008789
3400,0.00010836267
3700,0.0003893239
4000,0.0016443189
4100,0.017536916
4200,0.004603036
4400,0.0058249515
4700,0.0033427328
4800,0.002093451
4900,0.0057377242
5100,0.026480913
5200,0.022573544
5700,0.0057404595
5900,0.007155732
6200,0.027203102
6300,0.02328021
6500,0.00069979316
6600,0.058376707
6800,0.016011532
6900,0.0023888557
7000,0.04991559
7200,0.0017423136
7400,0.005129769
7500,0.0040554656
7700,0.0019058271
7900,0.0065166224
8100,0.017463917
8200,0.014049136
8300,0.0015024191
8400,0.03294418
8500,0.006876729
8600,0.03187698
8700,0.03714468
8900,0.030157834
9000,0.13802558
9200,0.015141156
9500,0.0080017885
9800,0.007653502
9900,0.004808919
10100,0.0014842675
10400,0.042128675
10500,0.036434088
10600,0.006060079
10700,0.055904154
10900,0.10168649
11200,0.006390176
11300,0.01977201
11700,0.0033101412
11900,0.01531909
12100,0.016028732
12400,0.003153272
12700,0.004494896
12900,0.008882062
13000,0.007449845
13400,0.0044262493
13500,0.005668388
13600,0.020566454
13700,0.0014988504
13900,0.013361381
14300,0.0012332776
14400,0.002942955
15400,0.0017632905
15600,0.04794934
15700,0.0010718282
15800,0.01701458
15900,0.0027346406
16100,0.0019945751
16200,0.0037394783
16300,0.0041115796
16400,0.004812643
16500,0.000110286535
16600,0.017770838
17000,0.03335621
17100,0.0046588588
17200,0.055817816
17300,0.0029366035
17400,0.0015490849
17600,0.004963592
17700,0.0116189
17900,0.021734323
18000,0.01582588
18100,0.0041343416
18200,0.0023526482
18400,0.00032275208
18500,0.0034401286
18700,0.004187297
18800,0.028861709
19100,0.011387897
19500,0.0018197371
19600,0.00048222253
19700,0.00020409995
19800,2.8401215e-05
20700,0.0012245454
20800,0.0040834737
20900,0.004253406
21100,0.040517826
21200,0.0021684412
21400,0.06473825
21800,0.08525914
22000,0.003972902
22300,0.031969357
22400,0.0054426994
22500,0.022737032
22600,0.008567586
22900,0.0016652755
23000,0.0017767743
23200,0.009761547
23300,0.028697094
23600,0.042358506
23700,0.0122322915
23800,0.054337643
23900,0.03131119
24100,0.0053860564
24200,0.060192928
24400,0.004722091
24500,0.11843078
24600,0.0031378504
24700,0.011203344
25300,0.014939874
25400,0.0037052669
25800,0.0023906422
26000,0.0027467522
26100,0.030287143
26200,0.003865504
26300,0.043670207
26400,0.0005628998
26600,0.059976954
26700,0.038296197
26800,0.019940132
26900,0.010424723
27000,0.0074321097
27300,0.0030103452
27400,0.0032638959
27500,0.0065646563
27900,0.01576647
28000,0.021963073
28100,0.0013392078
28300,0.0642606
28400,0.029358134
29000,0.0010328022
29100,0.03957009
29300,0.056009326
29600,0.015261311
29700,0.0034096788
29800,0.0014855273
29900,0.015615333
30000,0.002014458
30100,0.0011947765
30300,0.0032926297
30400,0.007585545
30700,0.0031522592
30800,0.025678981
31100,0.0031176696
31200,0.001772937
31600,0.08886424
31700,0.0015968661
31800,0.0068434444
31900,0.030127672
32000,0.0014334471
32100,0.022967855
32800,0.0012844666
33000,0.0144857485
33100,0.0006641714
33500,0.0012734431
33700,0.011736634
33800,0.017280636
33900,0.002776761
34000,0.00029397276
34200,0.0016910745
34300,0.002853837
34400,0.0007278297
34500,0.01017411
34600,0.0073326975
34800,0.0019680392
35000,0.0002811243
35200,0.0034752933
35300,0.011882704
35500,0.00019665199
35600,0.00046972968
35700,0.0007097998
35900,0.0021076165
36000,0.01118996
36100,0.0012291011
36600,0.004360898
37200,0.014171678
37400,0.003887654
37500,0.0018231185
37600,0.008328731
37700,0.006079517
38100,0.010134388
38200,0.014824787
38300,0.024633555
38400,0.0032521267
38600,0.009306519
38800,0.0013330736
39100,0.015768507
39200,0.002697023
39300,0.0113902055
39400,0.009905984
39600,0.021975474
39700,2.4730865e-05
39900,0.023940874
40000,0.10527693
40200,0.004372778
40500,0.0032985148
40600,0.02099282
41800,0.0039735446
42000,0.015592064
42700,0.009874595
42900,0.0065406663
43600,0.0019767084
44200,0.0072667487
44500,0.0038417922
44700,0.019238548
44900,0.022142624
45200,0.0012705147
45300,0.06741399
45500,0.0039805076
45600,0.010702261
46100,0.0098957205
46300,0.008569835
46500,0.0016102279
46900,0.0057832557
47000,0.043794986
47100,0.0026340813
47200,0.008929441
47300,0.028882217
47600,0.016240364
47700,0.014212504
47800,0.0032053937
47900,0.038609236
48200,0.0021478399
48600,0.027918503
48700,0.00015922388
49100,0.0014533121
49200,0.010435787
49600,0.004428706
49700,0.020179255
49900,0.00092185615
50100,0.035851844
50300,0.0011763509
50400,0.00992988
50600,0.02450609
50800,0.006546871
50900,0.010409151
51000,0.0068060635
51200,0.005955249
51600,0.0063079107
51800,0.0016729913
52000,4.383019e-05
52100,0.017258637
52500,0.004499684
52600,0.001979562
52700,0.009052622
53200,0.013649873
53300,0.013511076
53400,0.013419119
53600,0.018548045
53900,0.0059814504
54100,0.02567054
54200,0.0039452976
54300,0.0019252327
54400,0.007562389
54600,0.0018124946
55000,0.0011460758
55200,0.027553145
55400,0.037620272
55500,0.02387438
55600,0.008488743
56200,0.12545934
56500,0.012423742
56700,0.009715216
56800,0.025764111
57000,0.005443238
57100,0.024915006
57200,0.0014207315
57300,0.0020952136
57500,0.0012321369
57900,0.004814965
58000,0.0007719198
58200,0.0075016534
58300,0.005325063
58500,0.0027629072
58900,0.009168788
59100,0.009444421
59200,0.011901722
59500,0.0077662766
59600,0.0046128025
59800,0.0048741354
59900,0.006350018
60400,0.011984401
60500,0.0015605417
60800,0.0050504953
61100,0.006087601
61300,0.0032979203
61400,0.0024262469
61700,0.01679319
62100,0.0009293449
62400,0.11267125
62700,0.0060017873
62800,0.04932233
63500,0.0014864133
63600,0.005668086
63700,0.014585125
63800,0.011343178
63900,0.0030490102
64300,0.0009805718
64400,0.0045132386
1,0.092607535
101,0.16686624
401,0.2820786
601,0.008539892
701,0.08664576
1001,0.31785226
1201,0.092658654
1701,0.32254362
2201,0.4953842
2701,0.77094775
2801,0.02522539
2901,0.08446545
3001,0.005721943
3101,0.17427076
3201,0.0195
3301,0.057702392
3401,0.5187283
3701,0.5397184
4001,0.007679724
4101,0.31858248
4201,0.18427168
4401,0.08770312
4701,0.00904933
4801,0.36004743
4901,0.010548984
5101,0.14278653
5201,0.013429423
5701,0.08096551
5901,0.031080823
6201,0.050011754
6301,0.03925453
6501,0.013319941
6601,0.01062308
6801,0.038274273
6901,0.24097672
7001,0.34888
7201,0.49428868
7401,0.1210576
7501,0.2798067
7701,0.74198836
7901,0.2975192
8101,0.019457098
8201,0.60584825
8301,0.14409523
8401,0.046609264
8501,0.522455
8601,0.55726707
8701,0.35997343
8901,0.086423
9001,0.118525565
9201,0.6172786
9501,0.0102873
9801,0.22218665
9901,0.057606854
10101,0.05946321
10401,0.038660858
10501,0.13246635
10601,0.024315184
10701,0.08124418
10901,0.010622296
11201,0.3196455
11301,0.16878028
11701,0.35076144
11901,0.022000093
12101,0.008284821
12401,0.011253341
12701,0.017418355
12901,0.05615642
13001,0.007258758
13401,0.008961837
13501,0.114589795
13601,0.04374956
13701,0.2721226
13901,0.05309025
14301,0.10665676
14401,0.009230013
15401,0.0063642603
15601,0.023333369
15701,0.02692106
15801,0.43010408
15901,0.6239736
16101,0.028996188
16201,0.010834665
16301,0.2537217
16401,0.28303438
16501,0.2907579
16601,0.069135204
17001,0.08194608
17101,0.45072904
17201,0.116771266
17301,0.30960476
17401,0.28130868
17601,0.012588699
17701,0.058249593
17901,0.37301868
18001,0.24572575
18101,0.6152032
18201,0.6551602
18401,0.5292594
18501,0.4681074
18701,0.76405907
18801,0.05321972
19101,0.012076161
19501,0.38904986
19601,0.633736
19701,0.47808546
19801,0.57243276
20701,0.29811716
20801,0.0050517237
20901,0.07957329
21101,0.017735707
21201,0.14422266
21401,0.025175033
21801,0.050111532
22001,0.13261522
22301,0.21248063
22401,0.009304982
22501,0.11820705
22601,0.014931516
22901,0.3139123
23001,0.49089554
23201,0.31478086
23301,0.21086603
23601,0.4251879
23701,0.08931186
23801,0.17578277
23901,0.21015029
24101,0.27937925
24201,0.011678056
24401,0.54617906
24501,0.18419567
24601,0.73693657
24701,0.17603862
25301,0.069965445
25401,0.013667782
25801,0.01372121
26001,0.007575782
26101,0.09797832
26201,0.3418519
26301,0.3691154
26401,0.0057857237
26601,0.02839549
26701,0.0137581695
26801,0.24329904
26901,0.068488024
27001,0.26973704
27301,0.006102909
27401,0.052312355
27501,0.43172434
27901,0.035558324
28001,0.3052164
28101,0.020624533
28301,0.040967256
28401,0.046447087
29001,0.007607312
29101,0.030795252
29301,0.03467456
29601,0.06359813
29701,0.012924955
29801,0.02563351
29901,0.087706015
30001,0.035455104
30101,0.007714935
30301,0.3175715
30401,0.102297716
30701,0.0057243635
30801,0.032855365
31101,0.006346119
31201,0.025659008
31601,0.09623669
31701,0.0057180463
31801,0.0057415375
31901,0.05526592
32001,0.05089248
32101,0.11759053
32801,0.057342086
33001,0.27533725
33101,0.22449985
33501,0.041489094
33701,0.42928398
33801,0.30069137
33901,0.45932236
34001,0.7537385
34201,0.5182506
34301,0.5160904
34401,0.73743415
34501,0.617237
34601,0.2661743
34801,0.6772065
35001,0.3728827
35201,0.20197317
35301,0.004247244
35501,0.5130351
35601,0.23827694
35701,0.19772446
35901,0.012983014
36001,0.02019573
36101,0.20531869
36601,0.011284903
37201,0.41262177
37401,0.019804657
37501,0.094394125
37601,0.030790308
37701,0.04913543
38101,0.02414502
38201,0.015647361
38301,0.030769076
38401,0.022715371
38601,0.050837398
38801,0.12596126
39101,0.644544
39201,0.37530118
39301,0.27986655
39401,0.041598305
39601,0.120616704
39701,0.55723685
39901,0.09744107
40001,0.06133429
40201,0.19539517
40501,0.27487466
40601,0.39041448
41801,0.008283553
42001,0.09055036
42701,0.07806895
42901,0.24507417
43601,0.0069780727
44201,0.04313623
44501,0.06458258
44701,0.052666634
44901,0.073273905
45201,0.09517553
45301,0.07288518
45501,0.022248872
45601,0.012064997
46101,0.0061794766
46301,0.02535062
46501,0.014782356
46901,0.7199167
47001,0.13870749
47101,0.0057026753
47201,0.0091084335
47301,0.015042876
47601,0.046297967
47701,0.0906156
47801,0.021953117
47901,0.4356649
48201,0.009264501
48601,0.080130056
48701,0.2547354
49101,0.010228854
49201,0.021497853
49601,0.042905726
49701,0.2573309
49901,0.05252297
50101,0.23391539
50301,0.5042373
50401,0.6019122
50601,0.24516837
50801,0.6755812
50901,0.26424947
51001,0.4785587
51201,0.62359434
51601,0.3501293
51801,0.23868945
52001,0.47190347
52101,0.066266365
52501,0.03203763
52601,0.012363156
52701,0.09257799
53201,0.011096094
53301,0.02671156
53401,0.241255
53601,0.2551455
53901,0.02116625
54101,0.008997583
54201,0.012381875
54301,0.009144584
54401,0.012996909
54601,0.19761601
55001,0.30254102
55201,0.14646795
55401,0.44646642
55501,0.053332984
55601,0.14808354
56201,0.021688081
56501,0.017010126
56701,0.6046922
56801,0.03930179
57001,0.22265965
57101,0.3119171
57201,0.2687543
57301,0.59585845
57501,0.5893936
57901,0.008268628
58001,0.3666444
58201,0.01685409
58301,0.7913004
58501,0.015668944
58901,0.39835778
59101,0.017337866
59201,0.05023052
59501,0.011501184
59601,0.0074811825
59801,0.07371056
59901,0.037026875
60401,0.017918259
60501,0.10744177
60801,0.011520478
61101,0.032682
61301,0.0067017935
61401,0.014257315
61701,0.02279989
62101,0.013140384
62401,0.015246099
62701,0.050647512
62801,0.029940432
63501,0.0072354833
63601,0.08138822
63701,0.07843411
63801,0.06510725
63901,0.76431334
64301,0.073319286
64401,0.032681894
2,0.046313845
102,0.08064051
402,0.0029891878
602,0.0049199234
702,0.021847824
1002,0.13537328
1202,0.19547658
1702,0.027748242
2202,0.054706436
2702,0.070219494
2802,0.002738019
2902,0.02942742
3002,0.00022316548
3102,0.016538607
3202,0.008032718
3302,0.0069572874
3402,0.004109707
3702,0.019312063
4002,0.001175589
4102,0.1384632
4202,0.01705874
4402,0.059068818
4702,0.0020968982
4802,0.012224875
4902,0.007273278
5102,0.013287057
5202,0.019541275
5702,0.016837269
5902,0.009157253
6202,0.06774912
6302,0.0055066175
6502,0.0039214613
6602,0.011097704
6802,0.04703101
6902,0.0212054
7002,0.1728841
7202,0.009447939
7402,0.009936311
7502,0.01503952
7702,0.016690595
7902,0.063694894
8102,0.013721629
8202,0.017244771
8302,0.015768826
8402,0.047139533
8502,0.050058406
8602,0.05286634
8702,0.050746813
8902,0.040301535
9002,0.048007786
9202,0.04182932
9502,0.08836712
9802,0.010989816
9902,0.042661242
10102,0.034148257
10402,0.05833273
10502,0.030267462
10602,0.06484023
10702,0.02745949
10902,0.00527779
11202,0.18212277
11302,0.06971416
11702,0.014963369
11902,0.0032096116
12102,0.04688614
12402,0.014984764
12702,0.020186335
12902,0.014928995
13002,0.012859916
13402,0.003095831
13502,0.016251104
13602,0.03478129
13702,0.014350168
13902,0.032959692
14302,0.0046287915
14402,0.014459914
15402,0.005414331
15602,0.01115605
15702,0.016656006
15802,0.12152681
15902,0.0489176
16102,0.0033910994
16202,0.0062879627
16302,0.08633523
16402,0.11600435
16502,0.003521277
16602,0.28160003
17002,0.016220296
17102,0.13134629
17202,0.108770475
17302,0.29142496
17402,0.01077335
17602,0.0051692403
17702,0.025179977
17902,0.059007153
18002,0.032227978
18102,0.07426953
18202,0.07808196
18402,0.016468171
18502,0.06570145
18702,0.03790719
18802,0.17975727
19102,0.0055260323
19502,0.013814801
19602,0.012836395
19702,0.007455837
19802,0.0027282697
20702,0.007931404
20802,0.017551966
20902,0.205235
21102,0.043440387
21202,0.022462578
21402,0.081579186
21802,0.01899461
22002,0.016029174
22302,0.017726332
22402,0.011037434
22502,0.0051150587
22602,0.007252688
22902,0.021866182
23002,0.020412382
23202,0.026623981
23302,0.11766787
23602,0.15367472
23702,0.032572296
23802,0.12772131
23902,0.12590645
24102,0.019855974
24202,0.065013304
24402,0.0070388876
24502,0.082692556
24602,0.012483864
24702,0.0195691
25302,0.035595357
25402,0.022602752
25802,0.01224923
26002,0.0050520194
26102,0.13763154
26202,0.03541282
26302,0.022901274
26402,0.007914052
26602,0.007447551
26702,0.0131315235
26802,0.23274323
26902,0.12541337
27002,0.029853791
27302,0.040969487
27402,0.010045668
27502,0.04194584
27902,0.17214108
28002,0.07825778
28102,0.00306093
28302,0.021166585
28402,0.060346406
29002,0.0032611075
29102,0.027524998
29302,0.015884195
29602,0.090205014
29702,0.002531362
29802,0.018237583
29902,0.035151366
30002,0.019417604
30102,0.004824331
30302,0.007367355
30402,0.011111285
30702,0.036562387
30802,0.20631742
31102,0.005755743
31202,0.0103968
31602,0.2183043
31702,0.0071851346
31802,0.0456381
31902,0.022430351
32002,0.025675451
32102,0.082432665
32802,0.0013881364
33002,0.221173
33102,0.0023540207
33502,0.0028095604
33702,0.068221405
33802,0.030040788
33902,0.0737002
34002,0.0083471555
34202,0.041703966
34302,0.027803337
34402,0.038528945
34502,0.062441062
34602,0.15461655
34802,0.025326688
35002,0.004383909
35202,0.01901801
35302,0.005331181
35502,0.006421375
35602,0.014269993
35702,0.020288685
35902,0.014898129
36002,0.018911943
36102,0.024550488
36602,0.001096717
37202,0.010251934
37402,0.0023408267
37502,0.016890671
37602,0.054656234
37702,0.010282902
38102,0.021709701
38202,0.013380203
38302,0.0057462472
38402,0.02072322
38602,0.020282382
38802,0.02465038
39102,0.05675654
39202,0.019444423
39302,0.23450497
39402,0.018147087
39602,0.06414458
39702,3.556837e-06
39902,0.06060239
40002,0.110305145
40202,0.036299635
40502,0.011825335
40602,0.05255881
41802,0.047040757
42002,0.06631981
42702,0.016128398
42902,0.031757742
43602,0.006166626
44202,0.10220748
44502,0.10120018
44702,0.032276154
44902,0.016074516
45202,0.003943654
45302,0.02249635
45502,0.02690604
45602,0.025072303
46102,0.0092723435
46302,0.008548051
46502,0.011527684
46902,0.043296933
47002,0.07131692
47102,0.01907943
47202,0.04092188
47302,0.02664456
47602,0.042858925
47702,0.0026536984
47802,0.0044109006
47902,0.12987633
48202,0.014144782
48602,0.37704378
48702,0.0012994768
49102,0.003935776
49202,0.021106005
49602,0.012518602
49702,0.122194044
49902,0.0070890673
50102,0.03865376
50302,0.025913568
50402,0.17545287
50602,0.15904191
50802,0.06255654
50902,0.10698536
51002,0.038489137
51202,0.06093565
51602,0.08014374
51802,0.049107447
52002,0.0042985617
52102,0.04120448
52502,0.06417623
52602,0.02643842
52702,0.008773237
53202,0.037247293
53302,0.024633255
53402,0.009169879
53602,0.051481795
53902,0.011595451
54102,0.0063626906
54202,0.009938934
54302,0.010433299
54402,0.009528495
54602,0.008251601
55002,0.014360351
55202,0.22453836
55402,0.14919047
55502,0.11091094
55602,0.02301786
56202,0.041673895
56502,0.012548122
56702,0.05679201
56802,0.1156022
57002,0.030050643
57102,0.12631606
57202,0.021231292
57302,0.062083274
57502,0.017400138
57902,0.04086821
58002,0.013366683
58202,0.030604929
58302,0.032466907
58502,0.006721793
58902,0.047313467
59102,0.026353916
59202,0.10891406
59502,0.0100799715
59602,0.008041414
59802,0.039591238
59902,0.010778332
60402,0.19412817
60502,0.05333245
60802,0.0020409448
61102,0.18679704
61302,0.0050565964
61402,0.036999986
61702,0.041402675
62102,0.0033093295
62402,0.014021432
62702,0.030942189
62802,0.07745192
63502,0.0073327823
63602,0.028601844
63702,0.001882457
63802,0.0123378225
63902,0.010558795
64302,0.01079063
64402,0.023401288
3,0.0047210217
103,0.02282227
403,0.0013677331
603,0.00024341569
703,0.0018783181
1003,0.0043294737
1203,0.004523354
1703,0.0028117222
2203,0.00090069755
2703,0.00027997952
2803,0.00085143646
2903,0.0069366246
3003,2.22302e-05
3103,0.0038102567
3203,0.00039399535
3303,0.0020760756
3403,0.00014559364
3703,0.0002807114
4003,1.1904201e-05
4103,0.0007906553
4203,0.003404729
4403,0.003426771
4703,2.8505683e-05
4803,0.0031653247
4903,0.00048726882
5103,0.00064426416
5203,0.009193196
5703,0.0075135217
5903,0.00044714732
6203,0.017550252
6303,0.001727287
6503,0.0012214762
6603,0.003400614
6803,0.018238582
6903,0.005165112
7003,0.0030009137
7203,0.0024647904
7403,0.00064825517
7503,0.0015710177
7703,0.00076406455
7903,0.00021708084
8103,0.00015304441
8203,0.0025208024
8303,0.0005017718
8403,0.20543212
8503,0.0002807215
8603,0.007456606
8703,0.001803698
8903,0.0013761524
9003,0.0023527048
9203,0.0006701751
9503,0.007937626
9803,0.0023033302
9903,0.0013628058
10103,0.0034808698
10403,0.0074702427
10503,0.0025260348
10603,0.0105807725
10703,0.08703745
10903,0.00021971005
11203,0.0009562748
11303,0.0036269224
11703,0.0035341035
11903,0.0014654926
12103,0.03706297
12403,0.0013424975
12703,0.0023674706
12903,0.002128113
13003,0.0019136772
13403,0.0014335933
13503,0.0053715375
13603,0.019223576
13703,0.0044997963
13903,0.0140695665
14303,0.0026943453
14403,0.0026950098
15403,0.00056087377
15603,0.0009959886
15703,0.0017333463
15803,0.0128802415
15903,0.0006757181
16103,0.00114839
16203,0.00091366377
16303,0.008567607
16403,0.013156731
16503,0.00060656585
16603,0.013098858
17003,0.0007518097
17103,0.006765534
17203,0.023953734
17303,0.0071911123
17403,0.0072453325
17603,0.000673882
17703,0.0022902351
17903,0.00934371
18003,0.004106305
18103,0.0016687023
18203,0.000717485
18403,0.00037989
18503,0.0005567006
18703,0.0010613763
18803,0.0071065337
19103,0.0012698496
19503,0.00029086595
19603,0.00033880785
19703,0.00034745169
19803,2.8590957e-05
20703,0.0035959415
20803,0.00069076667
20903,0.005226042
21103,0.0045204787
21203,0.0036566923
21403,0.0021884518
21803,0.023551455
22003,0.018153498
22303,0.025239047
22403,0.00026379156
22503,0.005397458
22603,0.0039905664
22903,0.0033608833
23003,0.004105908
23203,0.002563288
23303,0.03372647
23603,0.0024266662
23703,0.0061927047
23803,0.0071000224
23903,0.023237862
24103,0.0034336417
24203,0.0139274355
24403,0.0004930076
24503,0.0045015076
24603,0.000629993
24703,0.00023879936
25303,0.022053655
25403,0.0033623648
25803,0.00016691671
26003,0.0011712508
26103,0.0012183918
26203,0.010169703
26303,0.0034998325
26403,0.0024790089
26603,0.0033263213
26703,0.0029060717
26803,0.007202369
26903,0.0030575409
27003,0.0013076214
27303,0.004805016
27403,0.004208245
27503,0.003532731
27903,0.0039950823
28003,0.0011948486
28103,0.0006042551
28303,0.0032478336
28403,0.0045472533
29003,0.00039222342
29103,0.0033059963
29303,0.01618965
29603,0.08263085
29703,0.0014659846
29803,0.0021108084
29903,0.018538982
30003,0.0036286763
30103,0.00063163694
30303,0.0041335966
30403,0.001560261
30703,0.0019004908
30803,0.01593646
31103,0.00071051985
31203,0.0020521132
31603,0.07544617
31703,0.00087435474
31803,0.0025350435
31903,0.0054176534
32003,0.006520645
32103,0.048579488
32803,7.648736e-05
33003,0.03139636
33103,0.0017224585
33503,0.0004069367
33703,0.0043861917
33803,0.0047101555
33903,0.0027316748
34003,0.00024713235
34203,0.0009855079
34303,0.00019878421
34403,0.00046515884
34503,0.0027754044
34603,0.00061844155
34803,0.002875129
35003,0.0001405287
35203,0.005564307
35303,8.056248e-05
35503,0.00013640666
35603,0.00027480422
35703,0.00069807697
35903,0.0005273555
36003,0.002826558
36103,0.0034652739
36603,0.00046196213
37203,0.00036595538
37403,0.00034967886
37503,0.0009398273
37603,0.0012276135
37703,0.00050742546
38103,0.0053857737
38203,0.012980727
38303,0.008935629
38403,0.00069135637
38603,0.0013215139
38803,0.0018704456
39103,0.0051508322
39203,0.0038154337
39303,0.022463387
39403,0.001571344
39603,0.0050830385
39703,4.7641578e-07
39903,0.007455713
40003,0.0098701
40203,0.004119769
40503,0.0020588466
40603,0.007285904
41803,0.0047046454
42003,0.021284336
42703,0.0042163157
42903,0.0060142344
43603,0.002680151
44203,0.010248943
44503,0.0077357907
44703,0.0051811975
44903,0.0014045977
45203,0.00061633874
45303,0.003906461
45503,0.0061356043
45603,0.0037838684
46103,0.0076762787
46303,0.0030666988
46503,0.0011614811
46903,0.012175962
47003,0.0013335032
47103,0.0006264857
47203,0.00429268
47303,0.001264272
47603,0.005363687
47703,0.0008146258
47803,0.00021450433
47903,0.010944386
48203,0.0005759855
48603,0.014510982
48703,0.00053340674
49103,0.00018805453
49203,0.007990468
49603,0.012274251
49703,0.0073623247
49903,0.0021600432
50103,0.017941425
50303,0.00071429147
50403,0.0036548334
50603,0.0070200996
50803,0.0025347199
50903,0.0012041244
51003,0.0004648639
51203,0.0041257474
51603,0.013109164
51803,0.0010288195
52003,9.786532e-05
52103,0.0025798199
52503,0.012277772
52603,0.0006814869
52703,0.0022916428
53203,0.008850132
53303,0.0124242455
53403,0.018604564
53603,0.016851963
53903,0.0005199191
54103,0.00139269
54203,0.0016537455
54303,0.0028020518
54403,0.003622914
54603,0.0019325899
55003,0.0020007417
55203,0.002859493
55403,0.0063241078
55503,0.010209548
55603,0.0010258192
56203,0.00211238
56503,0.0054540527
56703,0.0132874455
56803,0.011325093
57003,0.0010446943
57103,0.0041978336
57203,0.0015691473
57303,0.0089842
57503,0.0011936729
57903,0.0037870724
58003,0.0003778398
58203,0.00039984845
58303,0.00019728992
58503,0.000378052
58903,0.0028553992
59103,0.001545744
59203,0.008807651
59503,0.00018312677
59603,0.0004498656
59803,0.0039456165
59903,0.0019524419
60403,0.0028289363
60503,0.0007299478
60803,0.00020576248
61103,0.006254426
61303,0.00082177774
61403,0.0013542181
61703,0.0074060056
62103,0.0015489206
62403,0.0031232415
62703,0.0028753765
62803,0.0099387765
63503,0.0019225943
63603,0.012937613
63703,0.0035618714
63803,0.0026841927
63903,0.0013076956
64303,0.0011323
64403,0.0056487974
4,0.108757
104,0.0405745
404,0.00084728876
604,0.074848264
704,0.06769309
1004,0.024198964
1204,0.05182225
1704,0.027683882
2204,0.004991957
2704,0.0034330087
2804,0.08217406
2904,0.053883962
3004,0.0031953403
3104,0.032376643
3204,0.040974047
3304,0.016154317
3404,0.0008536168
3704,0.0020354544
4004,0.0042445497
4104,0.0017516614
4204,0.07142062
4404,0.12286502
4704,0.0039095064
4804,0.004367869
4904,0.039774142
5104,0.016279018
5204,0.16497897
5704,0.037821222
5904,0.02775448
6204,0.032206453
6304,0.037692633
6504,0.019969689
6604,0.06558585
6804,0.06992553
6904,0.0072271074
7004,0.008990695
7204,0.0041501536
7404,0.028120317
7504,0.0034498633
7704,0.0010672956
7904,0.1271161
8104,0.030250909
8204,0.005026933
8304,0.183813
8404,0.03049431
8504,0.0025002481
8604,0.008714841
8704,0.05782035
8904,0.019098155
9004,0.02445753
9204,0.008467865
9504,0.13935697
9804,0.026358822
9904,0.06475894
10104,0.07241379
10404,0.046671033
10504,0.014866023
10604,0.20224397
10704,0.023483168
10904,0.0063791024
11204,0.061689172
11304,0.02879998
11704,0.027274746
11904,0.026180688
12104,0.093974255
12404,0.13077764
12704,0.22985677
12904,0.023473568
13004,0.13708453
13404,0.19734292
13504,0.06040536
13604,0.023250166
13704,0.006000664
13904,0.15299138
14304,0.018444542
14404,0.12901172
15404,0.20974523
15604,0.04468198
15704,0.1054561
15804,0.013242061
15904,0.006098989
16104,0.12419808
16204,0.21682295
16304,0.019864779
16404,0.02140583
16504,0.00019043397
16604,0.096470594
17004,0.012701462
17104,0.009583949
17204,0.037711814
17304,0.014117945
17404,0.006693004
17604,0.13807139
17704,0.02958335
17904,0.031152114
18004,0.05294398
18104,0.0140679255
18204,0.004006436
18404,0.00093525863
18504,0.01426967
18704,0.009554396
18804,0.03665734
19104,0.04309111
19504,0.010169061
19604,0.001179356
19704,0.0014009023
19804,0.00035400366
20704,0.009634343
20804,0.17228395
20904,0.045707718
21104,0.14406416
21204,0.053973455
21404,0.043996762
21804,0.030648237
22004,0.035738688
22304,0.007094625
22404,0.055728745
22504,0.014962333
22604,0.06858837
22904,0.0024563225
23004,0.0014782023
23204,0.071526915
23304,0.032897905
23604,0.05664898
23704,0.117396414
23804,0.011155752
23904,0.01646011
24104,0.0072230045
24204,0.26714358
24404,0.019015105
24504,0.0727089
24604,0.0031954558
24704,0.02807942
25304,0.03311613
25404,0.33870044
25804,0.2551458
26004,0.20624277
26104,0.017303633
26204,0.005507497
26304,0.004736578
26404,0.058773085
26604,0.05520802
26704,0.10725478
26804,0.013645906
26904,0.049904857
27004,0.08090048
27304,0.2800112
27404,0.038753368
27504,0.031686176
27904,0.12666136
28004,0.11016288
28104,0.043592
28304,0.054593664
28404,0.03970096
29004,0.1297971
29104,0.08219945
29304,0.042295866
29604,0.035266567
29704,0.015155205
29804,0.16502446
29904,0.03838566
30004,0.08419953
30104,0.21777473
30304,0.015428786
30404,0.019684607
30704,0.24742545
30804,0.045271974
31104,0.11761605
31204,0.060406405
31604,0.015131332
31704,0.28030816
31804,0.31861225
31904,0.01908611
32004,0.04611905
32104,0.056747247
32804,0.009611971
33004,0.009900511
33104,0.0011553005
33504,0.0462459
33704,0.031080194
33804,0.02864647
33904,0.0041569276
34004,0.00032799956
34204,0.0041419202
34304,0.0065961173
34404,0.0018495392
34504,0.004190999
34604,0.059344985
34804,0.0012582988
35004,0.0041771973
35204,0.023552738
35304,0.016319258
35504,0.0011625722
35604,0.010931947
35704,0.021178303
35904,0.1690095
36004,0.10397161
36104,0.0344131
36604,0.008827945
37204,0.0036081336
37404,0.029966895
37504,0.06110356
37604,0.12165722
37704,0.025097456
38104,0.10669774
38204,0.08789696
38304,0.029569168
38404,0.103578016
38604,0.018846996
38804,0.01614938
39104,0.007615272
39204,0.0018990538
39304,0.016778005
39404,0.24606822
39604,0.07745793
39704,1.9799771e-07
39904,0.018833296
40004,0.07668075
40204,0.026395997
40504,0.01415141
40604,0.014700072
41804,0.189132
42004,0.048928194
42704,0.043020554
42904,0.02177714
43604,0.15159324
44204,0.064478874
44504,0.054719605
44704,0.14126846
44904,0.009444661
45204,0.0042677396
45304,0.07706966
45504,0.2866082
45604,0.24039097
46104,0.06483385
46304,0.059417143
46504,0.1904624
46904,0.0012568088
47004,0.12535262
47104,0.2266831
47204,0.21882105
47304,0.104338676
47604,0.050891314
47704,0.0082339365
47804,0.012291134
47904,0.018999072
48204,0.20510918
48604,0.09393524
48704,0.00017252202
49104,0.09403795
49204,0.1393698
49604,0.053194065
49704,0.057238378
49904,0.061294023
50104,0.059615582
50304,0.0045289197
50404,0.013287786
50604,0.014175453
50804,0.009430785
50904,0.02259148
51004,0.018135007
51204,0.002349022
51604,0.002774078
51804,0.022124484
52004,0.00048311593
52104,0.3097872
52504,0.13159822
52604,0.21399948
52704,0.011535355
53204,0.16230771
53304,0.09555495
53404,0.0055377088
53604,0.01079952
53904,0.046804503
54104,0.023164345
54204,0.14877579
54304,0.17579114
54404,0.0903389
54604,0.0022962182
55004,0.0063844016
55204,0.018369272
55404,0.020942114
55504,0.035773203
55604,0.05476777
56204,0.114621796
56504,0.32296374
56704,0.008799956
56804,0.15342234
57004,0.023209834
57104,0.013513106
57204,0.028101856
57304,0.0012066287
57504,0.0015200443
57904,0.15990002
58004,0.017241087
58204,0.11897927
58304,0.005583562
58504,0.033804685
58904,0.029099256
59104,0.14349572
59204,0.034179263
59504,0.07551704
59604,0.04761319
59804,0.06701272
59904,0.08884716
60404,0.09092326
60504,0.053391077
60804,0.015368227
61104,0.07990464
61304,0.1076863
61404,0.19643232
61704,0.071169354
62104,0.026476568
62404,0.017860668
62704,0.0507728
62804,0.08724289
63504,0.27639404
63604,0.04821655
63704,0.009930856
63804,0.03798367
63904,0.0023764553
64304,0.076020174
64404,0.095063835
5,0.008302973
105,0.011589322
405,0.005960472
605,0.0029109772
705,0.022285996
1005,0.003832169
1205,0.0045567406
1705,0.008359087
2205,0.0029648945
2705,0.0021887016
2805,0.002814945
2905,0.019121986
3005,0.0029293776
3105,0.010999351
3205,0.0016219771
3305,0.015377054
3405,0.000592556
3705,0.00071449636
4005,0.00024125028
4105,0.020144284
4205,0.0038323924
4405,0.023082335
4705,0.000247333
4805,0.010199543
4905,0.0046094283
5105,0.0023433375
5205,0.074359566
5705,0.019515792
5905,0.04029763
6205,0.026220312
6305,0.022405049
6505,0.1284275
6605,0.032049894
6805,0.048353314
6905,0.01187745
7005,0.034803748
7205,0.008331653
7405,0.0007142902
7505,0.0052112425
7705,0.0010812109
7905,0.00062392204
8105,0.0044769743
8205,0.031330924
8305,0.0019390621
8405,0.034180265
8505,0.003988708
8605,0.009685031
8705,0.0031275537
8905,0.0107658785
9005,0.010707762
9205,0.004205947
9505,0.0040997784
9805,0.011090112
9905,0.010269838
10105,0.0041990425
10405,0.02579796
10505,0.054713
10605,0.011457658
10705,0.061693877
10905,0.008326443
11205,0.0019075403
11305,0.01805995
11705,0.012165687
11905,0.08453267
12105,0.010988888
12405,0.026200522
12705,0.010042961
12905,0.06421143
13005,0.013147175
13405,0.009609288
13505,0.016427698
13605,0.03142561
13705,0.009674018
13905,0.024058625
14305,0.027568381
14405,0.012438055
15405,0.005937928
15605,0.015532799
15705,0.013641118
15805,0.013424797
15905,0.0013490526
16105,0.005374279
16205,0.008113315
16305,0.0075158277
16405,0.011975978
16505,0.0014945089
16605,0.010388127
17005,0.07896114
17105,0.005694484
17205,0.047920536
17305,0.0062898314
17405,0.0046069315
17605,0.0017371625
17705,0.008589648
17905,0.010653296
18005,0.0092485845
18105,0.0028437495
18205,0.0014616891
18405,0.0011750226
18505,0.0031648532
18705,0.001958255
18805,0.008244576
19105,0.0064437534
19505,0.002205743
19605,0.0010533386
19705,0.0006912195
19805,0.00020095438
20705,0.00806835
20805,0.002919836
20905,0.0037322114
21105,0.01080116
21205,0.00598199
21405,0.035088293
21805,0.082644925
22005,0.019270578
22305,0.047069445
22405,0.005059659
22505,0.13461399
22605,0.041543763
22905,0.010502601
23005,0.007387946
23205,0.0035696873
23305,0.01514157
23605,0.0053328825
23705,0.011076409
23805,0.0068849586
23905,0.032151088
24105,0.010060678
24205,0.018938437
24405,0.0018097644
24505,0.0106518855
24605,0.0005140725
24705,0.00367337
25305,0.009167225
25405,0.004112613
25805,0.0025654917
26005,0.0053959815
26105,0.026052155
26205,0.017340798
26305,0.00938635
26405,0.06267152
26605,0.06692672
26705,0.023916358
26805,0.012238535
26905,0.0062367427
27005,0.005003345
27305,0.003606208
27405,0.00982326
27505,0.014219036
27905,0.005565633
28005,0.003734208
28105,0.019156206
28305,0.024258152
28405,0.070683844
29005,0.010216291
29105,0.030390995
29305,0.05509573
29605,0.034574907
29705,0.0870565
29805,0.04787331
29905,0.02457856
30005,0.02951586
30105,0.009600384
30305,0.014096706
30405,0.010015952
30705,0.005652649
30805,0.016439617
31105,0.0072543332
31205,0.010179254
31605,0.04736116
31705,0.004922328
31805,0.004115912
31905,0.03485008
32005,0.017059421
32105,0.021019476
32805,0.00832276
33005,0.019965503
33105,0.004277985
33505,0.0027609079
33705,0.006681514
33805,0.015127889
33905,0.0021425963
34005,0.00060663524
34205,0.0021363164
34305,0.0018995013
34405,0.001126967
34505,0.004485865
34605,0.0031360332
34805,0.0014900063
35005,0.0015146404
35205,0.01486507
35305,0.0011803358
35505,0.000692019
35605,0.001720163
35705,0.0023342837
35905,0.0021590441
36005,0.0042658956
36105,0.0052835187
36605,0.015091197
37205,0.00065042195
37405,0.012999756
37505,0.009026888
37605,0.028179554
37705,0.016039865
38105,0.033811294
38205,0.07770787
38305,0.04937954
38405,0.010942092
38605,0.06606384
38805,0.01631982
39105,0.0138466265
39205,0.006055402
39305,0.02122231
39405,0.006635637
39605,0.0074304203
39705,3.5724048e-07
39905,0.008984843
40005,0.011598392
40205,0.0043496136
40505,0.004503939
40605,0.0065109087
41805,0.007052098
42005,0.01462659
42705,0.01473318
42905,0.0057343775
43605,0.01922613
44205,0.010908818
44505,0.0055971625
44705,0.021932704
44905,0.10633588
45205,0.0030392031
45305,0.024776502
45505,0.0174604
45605,0.00814147
46105,0.036157057
46305,0.06422115
46505,0.013661449
46905,0.005625736
47005,0.007884175
47105,0.0022680734
47205,0.004477401
47305,0.01422863
47605,0.016616942
47705,0.06458589
47805,0.027932463
47905,0.0077336314
48205,0.0019788186
48605,0.0107420115
48705,0.0013016257
49105,0.0018619059
49205,0.015688963
49605,0.009208521
49705,0.02278364
49905,0.002776431
50105,0.025309645
50305,0.0017509883
50405,0.0031243414
50605,0.061396483
50805,0.004129048
50905,0.004727773
51005,0.003304977
51205,0.008713678
51605,0.016992904
51805,0.002509649
52005,0.00022066555
52105,0.006325189
52505,0.007828968
52605,0.0076300027
52705,0.05286818
53205,0.01623541
53305,0.02547796
53405,0.03330885
53605,0.02102202
53905,0.008745764
54105,0.036079638
54205,0.032009095
54305,0.022863956
54405,0.034424648
54605,0.0013969934
55005,0.007796665
55205,0.08330941
55405,0.027991293
55505,0.0019956743
55605,0.001066371
56205,0.01183472
56505,0.017350717
56705,0.006640649
56805,0.009169969
57005,0.0030601874
57105,0.0043918886
57205,0.00471533
57305,0.004922022
57505,0.0020518396
57905,0.002678284
58005,0.0015877292
58205,0.005383919
58305,0.0002820657
58505,0.017253643
58905,0.0051127863
59105,0.010659493
59205,0.013936458
59505,0.0034378131
59605,0.014355715
59805,0.012360174
59905,0.016776739
60405,0.008143666
60505,0.0034640492
60805,0.01929029
61105,0.011219617
61305,0.009708105
61405,0.016367603
61705,0.0126119
62105,0.0777811
62405,0.028737431
62705,0.021926379
62805,0.016737286
63505,0.00907401
63605,0.015950877
63705,0.06924417
63805,0.051208016
63905,0.0015917864
64305,0.011258977
64405,0.007968752
6,0.016998
106,0.00871133
406,0.010794338
606,0.059005167
706,0.013848921
1006,0.005783043
1206,0.0022111645
1706,0.16997719
2206,0.0048657735
2706,0.0034684807
2806,0.013245822
2906,0.14572288
3006,0.011874201
3106,0.013346012
3206,0.06888117
3306,0.040542852
3406,0.0017475687
3706,0.0014051159
4006,0.024562383
4106,0.0013197076
4206,0.16097945
4406,0.06368842
4706,0.0020570916
4806,0.014945476
4906,0.1106544
5106,0.016388759
5206,0.13263254
5706,0.04060084
5906,0.054422356
6206,0.007871501
6306,0.005670844
6506,0.40038025
6606,0.024738472
6806,0.054901175
6906,0.0059228046
7006,0.028993258
7206,0.061613664
7406,0.025081968
7506,0.018157879
7706,0.002519889
7906,0.014799914
8106,0.016835054
8206,0.0054087
8306,0.0075354655
8406,0.009130251
8506,0.003123037
8606,0.0053145946
8706,0.020111024
8906,0.009906856
9006,0.021056546
9206,0.0054564956
9506,0.016053842
9806,0.058394276
9906,0.19249406
10106,0.021448612
10406,0.02248751
10506,0.009796764
10606,0.11421256
10706,0.005819153
10906,0.016356867
11206,0.008813331
11306,0.027071178
11706,0.02342143
11906,0.080518916
12106,0.018463947
12406,0.05313687
12706,0.058115274
12906,0.11580415
13006,0.1306694
13406,0.030798025
13506,0.017073866
13606,0.020320568
13706,0.027793452
13906,0.09595069
14306,0.15598871
14406,0.034956194
15406,0.1359685
15606,0.0078090765
15706,0.16456309
15806,0.0086755445
15906,0.0026659775
16106,0.11641267
16206,0.027376944
16306,0.008521342
16406,0.0075771073
16506,0.0024447355
16606,0.012152922
17006,0.011305644
17106,0.0027879884
17206,0.023508474
17306,0.0020523968
17406,0.007460118
17606,0.030109083
17706,0.016383853
17906,0.06961964
18006,0.107965164
18106,0.003792514
18206,0.0016474533
18406,0.001803704
18506,0.008155079
18706,0.0043360353
18806,0.019156074
19106,0.022408135
19506,0.009927578
19606,0.001493699
19706,0.0027350883
19806,0.00069991226
20706,0.039914764
20806,0.04789475
20906,0.010166493
21106,0.012730075
21206,0.019878857
21406,0.03769024
21806,0.015170862
22006,0.035257436
22306,0.028382951
22406,0.035540868
22506,0.0468093
22606,0.07865238
22906,0.004040837
23006,0.0068512317
23206,0.024534969
23306,0.0066107893
23606,0.0074903285
23706,0.061224606
23806,0.022938177
23906,0.015368107
24106,0.008852894
24206,0.018841619
24406,0.011650042
24506,0.07527239
24606,0.005424127
24706,0.017059391
25306,0.03207457
25406,0.05301272
25806,0.07371746
26006,0.05886863
26106,0.020418843
26206,0.0096040005
26306,0.036573812
26406,0.43127695
26606,0.02057184
26706,0.040590994
26806,0.0064449967
26906,0.008436648
27006,0.007680284
27306,0.0052396157
27406,0.00595583
27506,0.0149067
27906,0.010324453
28006,0.04769411
28106,0.13379993
28306,0.0076077557
28406,0.028210944
29006,0.24936435
29106,0.018587543
29306,0.014895198
29606,0.024079362
29706,0.08921051
29806,0.14219017
29906,0.016106032
30006,0.23871405
30106,0.18573804
30306,0.04916476
30406,0.26626804
30706,0.03324916
30806,0.030672181
31106,0.046972822
31206,0.06341442
31606,0.011098999
31706,0.04028796
31806,0.023264714
31906,0.0073830984
32006,0.090665676
32106,0.040215008
32806,0.054002784
33006,0.0033004251
33106,0.004618034
33506,0.028778223
33706,0.06946529
33806,0.07405392
33906,0.0021881894
34006,0.0022664499
34206,0.0052996455
34306,0.0081790285
34406,0.0019130276
34506,0.007950537
34606,0.03549333
34806,0.0026496188
35006,0.054885082
35206,0.06600082
35306,0.008258639
35506,0.0041409964
35606,0.0048704823
35706,0.00959198
35906,0.011284876
36006,0.013334154
36106,0.0031307961
36606,0.030272968
37206,0.012601651
37406,0.15462641
37506,0.16855966
37606,0.15520135
37706,0.39618808
38106,0.13592285
38206,0.19559073
38306,0.02359712
38406,0.17066807
38606,0.045540124
38806,0.07708692
39106,0.016610445
39206,0.004539326
39306,0.006795018
39406,0.073114805
39606,0.0042701066
39706,9.1085465e-05
39906,0.0060490463
40006,0.029400937
40206,0.008640551
40506,0.0048831366
40606,0.06962081
41806,0.017129822
42006,0.06142965
42706,0.060692895
42906,0.026147215
43606,0.19658205
44206,0.008749788
44506,0.027588816
44706,0.011698267
44906,0.04796963
45206,0.5094316
45306,0.05903991
45506,0.03493864
45606,0.010548375
46106,0.057349116
46306,0.05309227
46506,0.10613574
46906,0.0033779775
47006,0.02108582
47106,0.01118314
47206,0.015273036
47306,0.04234901
47606,0.026010517
47706,0.069159165
47806,0.065025106
47906,0.01013623
48206,0.03924443
48606,0.020371357
48706,0.004171489
49106,0.035648093
49206,0.022977637
49606,0.036914684
49706,0.022884356
49906,0.0070319176
50106,0.04907696
50306,0.003507714
50406,0.0043055774
50606,0.026391184
50806,0.0060671084
50906,0.014581847
51006,0.026405558
51206,0.0063837874
51606,0.0032043012
51806,0.010816656
52006,0.00092414033
52106,0.056892045
52506,0.02421294
52606,0.20754644
52706,0.03541178
53206,0.23729575
53306,0.090550736
53406,0.0086433245
53606,0.01795987
53906,0.045707766
54106,0.029796151
54206,0.07451503
54306,0.13561474
54406,0.08881731
54606,0.0148003455
55006,0.011008562
55206,0.02563414
55406,0.0096998885
55506,0.016175868
55606,0.08430691
56206,0.063816965
56506,0.023141233
56706,0.01149088
56806,0.050718997
57006,0.017670432
57106,0.011173675
57206,0.009020907
57306,0.0029648014
57506,0.009935371
57906,0.0069339206
58006,0.0059746266
58206,0.035475135
58306,0.0073270127
58506,0.11166974
58906,0.036841456
59106,0.023174424
59206,0.030319495
59506,0.014324752
59606,0.09062978
59806,0.029458208
59906,0.16314448
60406,0.018417496
60506,0.10159063
60806,0.1328222
61106,0.0404286
61306,0.032293934
61406,0.11788273
61706,0.019377356
62106,0.28531864
62406,0.018064592
62706,0.14060223
62806,0.009153939
63506,0.083013676
63606,0.01927907
63706,0.027663587
63806,0.016168578
63906,0.0056582685
64306,0.051044736
64406,0.020386275
7,0.005921018
107,0.008800092
407,0.00911269
607,0.04680706
707,0.053957473
1007,0.0036819167
1207,0.011690176
1707,0.0061309235
2207,0.018296361
2707,0.0041400706
2807,0.013705223
2907,0.123264596
3007,0.0019537362
3107,0.06979077
3207,0.051658496
3307,0.05702132
3407,0.01278284
3707,0.013383483
4007,0.022725904
4107,0.10527073
4207,0.087702535
4407,0.10217376
4707,0.028797135
4807,0.123991884
4907,0.017703267
5107,0.004296015
5207,0.07149988
5707,0.4126162
5907,0.054605585
6207,0.46257424
6307,0.02266534
6507,0.032845803
6607,0.13434617
6807,0.14800066
6907,0.14900394
7007,0.02927016
7207,0.041956216
7407,0.0028338693
7507,0.0032944202
7707,0.012352929
7907,0.043243233
8107,0.015288245
8207,0.016546976
8307,0.040642925
8407,0.061981507
8507,0.0038424474
8607,0.018366292
8707,0.003080787
8907,0.010057652
9007,0.014832749
9207,0.008803524
9507,0.038060408
9807,0.018907748
9907,0.06869812
10107,0.16654888
10407,0.41824654
10507,0.10612998
10607,0.05619156
10707,0.119292594
10907,0.016157059
11207,0.014073475
11307,0.083416656
11707,0.031924874
11907,0.075392745
12107,0.03368991
12407,0.035775956
12707,0.07469981
12907,0.12780347
13007,0.07971161
13407,0.1238308
13507,0.019950604
13607,0.29301786
13707,0.18716125
13907,0.09249143
14307,0.06674476
14407,0.03559456
15407,0.030467348
15607,0.074943125
15707,0.21517251
15807,0.043492537
15907,0.010704044
16107,0.019707598
16207,0.09347318
16307,0.006733213
16407,0.014152006
16507,0.0013170901
16607,0.011877537
17007,0.06765229
17107,0.005519904
17207,0.013356482
17307,0.011416991
17407,0.0052849613
17607,0.015810737
17707,0.015402813
17907,0.01314916
18007,0.0076158373
18107,0.024303898
18207,0.017096585
18407,0.023532668
18507,0.009120786
18707,0.008870381
18807,0.103059985
19107,0.0042623626
19507,0.0039037052
19607,0.013810592
19707,0.016508466
19807,0.0052092266
20707,0.108946346
20807,0.042706084
20907,0.012626005
21107,0.054451335
21207,0.20606308
21407,0.06312785
21807,0.15536103
22007,0.040643793
22307,0.01173107
22407,0.075594135
22507,0.019072467
22607,0.14549407
22907,0.16993372
23007,0.09604481
23207,0.013531431
23307,0.055919573
23607,0.013132429
23707,0.08418739
23807,0.02817269
23907,0.14606947
24107,0.12577052
24207,0.05863408
24407,0.005117902
24507,0.023779165
24607,0.0032310071
24707,0.0036287673
25307,0.016521798
25407,0.16467316
25807,0.0064658425
26007,0.009529884
26107,0.030690623
26207,0.12157995
26307,0.2009115
26407,0.039860845
26607,0.027914979
26707,0.053883553
26807,0.055284888
26907,0.07014068
27007,0.03379951
27307,0.034480065
27407,0.018415118
27507,0.018346481
27907,0.022563176
28007,0.020726023
28107,0.018892657
28307,0.044701453
28407,0.1828426
29007,0.020121008
29107,0.1432201
29307,0.20006835
29607,0.19797286
29707,0.017877199
29807,0.08303252
29907,0.051469658
30007,0.18166089
30107,0.0332881
30307,0.058662362
30407,0.15121822
30707,0.042429946
30807,0.04686151
31107,0.01525221
31207,0.3291809
31607,0.08263676
31707,0.019231975
31807,0.115343526
31907,0.24686624
32007,0.07288251
32107,0.031323045
32807,0.005167574
33007,0.011539198
33107,0.0034910417
33507,0.01148802
33707,0.013553014
33807,0.0048937434
33907,0.08788897
34007,0.0009947313
34207,0.042124856
34307,0.0021645103
34407,0.002100549
34507,0.011967727
34607,0.058934066
34807,0.012553556
35007,0.0257943
35207,0.12408122
35307,0.021338675
35507,0.005546449
35607,0.014496499
35707,0.011708515
35907,0.021924105
36007,0.05017059
36107,0.17054006
36607,0.003381085
37207,0.0034691405
37407,0.01643612
37507,0.0731392
37607,0.049460307
37707,0.03405206
38107,0.14269088
38207,0.04649957
38307,0.33865634
38407,0.124318294
38607,0.023719288
38807,0.017313698
39107,0.03132056
39207,0.13357179
39307,0.074043676
39407,0.043847114
39607,0.0805847
39707,1.130912e-06
39907,0.10753455
40007,0.12350634
40207,0.013331152
40507,0.04789365
40607,0.008808985
41807,0.029046826
42007,0.05246995
42707,0.06601923
42907,0.016487075
43607,0.041299034
44207,0.026996905
44507,0.08563747
44707,0.032705795
44907,0.019474393
45207,0.0031015913
45307,0.06603397
45507,0.09674455
45607,0.25835764
46107,0.025595937
46307,0.05195827
46507,0.02921322
46907,0.021180682
47007,0.012620512
47107,0.0072424603
47207,0.06909654
47307,0.056618016
47607,0.1547656
47707,0.009182542
47807,0.02680796
47907,0.033182174
48207,0.07596472
48607,0.016247628
48707,0.00075351185
49107,0.025402324
49207,0.098937824
49607,0.0268575
49707,0.016164131
49907,0.019311205
50107,0.0068374304
50307,0.04036924
50407,0.011966864
50607,0.0987064
50807,0.021225572
50907,0.01823266
51007,0.008897252
51207,0.025487697
51607,0.18241715
51807,0.13811721
52007,0.019370988
52107,0.03153014
52507,0.3476896
52607,0.090960965
52707,0.01040209
53207,0.0707151
53307,0.051405378
53407,0.034365684
53607,0.12352059
53907,0.025230762
54107,0.02846558
54207,0.08426413
54307,0.17009473
54407,0.1535172
54607,0.0011161823
55007,0.088718556
55207,0.0414687
55407,0.04042827
55507,0.008632547
55607,0.0040202746
56207,0.065633506
56507,0.04252658
56707,0.012649208
56807,0.036013853
57007,0.007316588
57107,0.006254375
57207,0.20978226
57307,0.06580134
57507,0.01394121
57907,0.35828158
58007,0.06439276
58207,0.014966435
58307,0.012221235
58507,0.03698478
58907,0.02152438
59107,0.017391376
59207,0.21104613
59507,0.0035906546
59607,0.03592366
59807,0.018254519
59907,0.02334238
60407,0.048741043
60507,0.050749425
60807,0.073589794
61107,0.08129132
61307,0.013272392
61407,0.06475771
61707,0.013997963
62107,0.03348515
62407,0.127028
62707,0.29302308
62807,0.18964446
63507,0.028929144
63607,0.17490777
63707,0.039512787
63807,0.022196477
63907,0.005306289
64307,0.06159116
64407,0.27488866
8,0.23308147
108,0.082604825
408,0.0061614066
608,0.026790716
708,0.17793843
1008,0.10469039
1208,0.21523938
1708,0.063232735
2208,0.057372615
2708,0.05462346
2808,0.11872822
2908,0.02323732
3008,0.022059077
3108,0.0854654
3208,0.022548959
3308,0.01990008
3408,0.015275949
3708,0.022214875
4008,0.004383232
4108,0.007965048
4208,0.011892508
4408,0.07985428
4708,0.007229181
4808,0.0109264385
4908,0.014311381
5108,0.057334803
5208,0.02984206
5708,0.03340781
5908,0.06944379
6208,0.10712558
6308,0.22208156
6508,0.010445533
6608,0.049967106
6808,0.036257874
6908,0.025209378
7008,0.03538727
7208,0.008084226
7408,0.0061661312
7508,0.020458931
7708,0.052525885
7908,0.03869261
8108,0.1397376
8208,0.09139733
8308,0.08097616
8408,0.101907045
8508,0.26947066
8608,0.18908225
8708,0.21764958
8908,0.6520222
9008,0.323811
9208,0.20708804
9508,0.07238227
9808,0.2567788
9908,0.09539968
10108,0.076552376
10408,0.034313485
10508,0.20865522
10608,0.041028123
10708,0.05986693
10908,0.021305744
11208,0.15205309
11308,0.18748836
11708,0.064766385
11908,0.041507386
12108,0.11714932
12408,0.13267207
12708,0.03475026
12908,0.023029577
13008,0.024191538
13408,0.039259244
13508,0.13987899
13608,0.10309282
13708,0.02045185
13908,0.032587495
14308,0.014657194
14408,0.16933458
15408,0.029233372
15608,0.13695973
15708,0.019687928
15808,0.13522877
15908,0.20072405
16108,0.046759207
16208,0.055973355
16308,0.033051386
16408,0.05384391
16508,0.00293341
16608,0.06461847
17008,0.015775787
17108,0.063861124
17208,0.115915135
17308,0.06198031
17408,0.027319228
17608,0.052515723
17708,0.17218716
17908,0.12305489
18008,0.100711785
18108,0.07582215
18208,0.07278703
18408,0.019919496
18508,0.18392572
18708,0.05215619
18808,0.16405402
19108,0.032731447
19508,0.14490633
19608,0.018388668
19708,0.014668912
19808,0.0035546257
20708,0.013250492
20808,0.032522894
20908,0.046718672
21108,0.12176263
21208,0.03525871
21408,0.08840794
21808,0.03705673
22008,0.08078511
22308,0.02062981
22408,0.025874436
22508,0.05298391
22608,0.030132977
22908,0.008368338
23008,0.008241088
23208,0.045909513
23308,0.069860965
23608,0.13061507
23708,0.07437154
23808,0.057066325
23908,0.047074046
24108,0.03303669
24208,0.12931395
24408,0.116797075
24508,0.12066465
24608,0.03234676
24708,0.41871867
25308,0.043304093
25408,0.013103635
25808,0.14634536
26008,0.06670866
26108,0.27252907
26208,0.03038214
26308,0.013360448
26408,0.009123849
26608,0.06406057
26708,0.040592156
26808,0.24172626
26908,0.31833902
27008,0.3321742
27308,0.16671993
27408,0.32950494
27508,0.05033052
27908,0.24158429
28008,0.063362375
28108,0.113442786
28308,0.043401804
28408,0.026829427
29008,0.033133898
29108,0.0661899
29308,0.012773084
29608,0.11921233
29708,0.09838078
29808,0.018603303
29908,0.06283494
30008,0.009544858
30108,0.0443801
30308,0.030063143
30408,0.01231648
30708,0.106297925
30808,0.16797748
31108,0.1536116
31208,0.019189209
31608,0.17852867
31708,0.09816072
31808,0.06336522
31908,0.0563857
32008,0.01925596
32108,0.04855896
32808,0.14616194
33008,0.053347174
33108,0.010226348
33508,0.11217375
33708,0.10662878
33808,0.1228747
33908,0.071411766
34008,0.008512563
34208,0.026210127
34308,0.24349782
34408,0.023187727
34508,0.09890812
34608,0.13070637
34808,0.023754213
35008,0.008450943
35208,0.016356014
35308,0.027347237
35508,0.02036489
35608,0.056771044
35708,0.06571431
35908,0.12294751
36008,0.13536191
36108,0.12241904
36608,0.037025694
37208,0.01614038
37408,0.024603317
37508,0.021094983
37608,0.06024128
37708,0.050985843
38108,0.014592139
38208,0.017339636
38308,0.013381624
38408,0.011324245
38608,0.14998409
38808,0.03771393
39108,0.03946992
39208,0.012722796
39308,0.020357758
39408,0.085641064
39608,0.050852373
39708,1.9777031e-05
39908,0.38722906
40008,0.13351384
40208,0.08634327
40508,0.2905996
40608,0.06700267
41808,0.11736035
42008,0.120202094
42708,0.08174009
42908,0.062061664
43608,0.05156596
44208,0.049353454
44508,0.029541535
44708,0.1439245
44908,0.024005596
45208,0.0021710834
45308,0.016865525
45508,0.072862305
45608,0.01896372
46108,0.10458242
46308,0.082945846
46508,0.10484554
46908,0.018879436
47008,0.18449059
47108,0.23962392
47208,0.114704534
47308,0.03746445
47608,0.11958597
47708,0.121474855
47808,0.047799323
47908,0.16026108
48208,0.04261141
48608,0.081675425
48708,0.0023778745
49108,0.034620054
49208,0.06340181
49608,0.045113936
49708,0.056613855
49908,0.17750166
50108,0.12864687
50308,0.049915995
50408,0.055407774
50608,0.043689225
50808,0.06845001
50908,0.14144336
51008,0.1927836
51208,0.026139671
51608,0.021790067
51808,0.061553255
52008,0.006952675
52108,0.041663513
52508,0.043433055
52608,0.02629898
52708,0.01424081
53208,0.0152605055
53308,0.06511912
53408,0.031207252
53608,0.025704285
53908,0.03064053
54108,0.21760716
54208,0.036833465
54308,0.022886235
54408,0.0602151
54608,0.010834874
55008,0.024643915
55208,0.036334135
55408,0.048823617
55508,0.07047239
55608,0.009728773
56208,0.06896344
56508,0.13095659
56708,0.07510961
56808,0.09342795
57008,0.23931688
57108,0.107892334
57208,0.062019363
57308,0.012049238
57508,0.023350874
57908,0.037909288
58008,0.08178602
58208,0.31727082
58308,0.014828658
58508,0.10181803
58908,0.03211062
59108,0.28674838
59208,0.19293794
59508,0.4116651
59608,0.09373147
59808,0.17389914
59908,0.052114386
60408,0.23528944
60508,0.01718859
60808,0.008946079
61108,0.09085041
61308,0.22982289
61408,0.08998617
61708,0.11763548
62108,0.02025245
62408,0.0058756606
62708,0.012235128
62808,0.12105745
63508,0.05803838
63608,0.12252455
63708,0.03600759
63808,0.21658728
63908,0.07616098
64308,0.034222018
64408,0.053003594
9,0.04116417
109,0.013455653
409,0.005265506
609,0.22320648
709,0.07204364
1009,0.008006362
1209,0.01118491
1709,0.024323707
2209,0.0067995125
2709,0.011688041
2809,0.015270421
2909,0.08002343
3009,0.30878204
3109,0.00867278
3209,0.0676364
3309,0.14718622
3409,0.0009143803
3709,0.0017520987
4009,0.13772106
4109,0.021032931
4209,0.025041679
4409,0.08257772
4709,0.02831787
4809,0.010143955
4909,0.2285159
5109,0.07910931
5209,0.15517765
5709,0.021923626
5909,0.37402216
6209,0.013812899
6309,0.31138808
6509,0.09733527
6609,0.25044015
6809,0.045441583
6909,0.0046004197
7009,0.1367218
7209,0.007465643
7409,0.006883272
7509,0.036989987
7709,0.0014600517
7909,0.006530144
8109,0.3661926
8209,0.03696129
8309,0.0028334716
8409,0.022725571
8509,0.023373587
8609,0.0067493846
8709,0.014069544
8909,0.052575834
9009,0.13283731
9209,0.010780323
9509,0.02206865
9809,0.03294288
9909,0.08747712
10109,0.0075152447
10409,0.06258664
10509,0.13170473
10609,0.030847417
10709,0.010069579
10909,0.6280342
11209,0.008649144
11309,0.053044852
11709,0.011964144
11909,0.36407387
12109,0.045974653
12409,0.15786827
12709,0.084653184
12909,0.19105305
13009,0.16081195
13409,0.15343176
13509,0.04191656
13609,0.04147182
13709,0.006752676
13909,0.026760042
14309,0.0318955
14409,0.052623775
15409,0.12243561
15609,0.25736257
15709,0.048009742
15809,0.013779517
15909,0.0022663833
16109,0.040404003
16209,0.13978764
16309,0.0058832816
16409,0.010622191
16509,0.0017181649
16609,0.021596193
17009,0.4459596
17109,0.007918692
17209,0.16797203
17309,0.007512322
17409,0.009401958
17609,0.05771872
17709,0.07584556
17909,0.022664089
18009,0.0273118
18109,0.0058013704
18209,0.003355783
18409,0.0019581346
18509,0.010749244
18709,0.0038271835
18809,0.04281105
19109,0.12634195
19509,0.012013066
19609,0.0022605928
19709,0.0012761723
19809,0.00031576218
20709,0.011956693
20809,0.1278223
20909,0.0061212555
21109,0.11815855
21209,0.009090352
21409,0.41831017
21809,0.060145635
22009,0.034897648
22309,0.031355895
22409,0.23565204
22509,0.17378715
22609,0.11764135
22909,0.003942376
23009,0.004297591
23209,0.0035798568
23309,0.009948127
23609,0.019370457
23709,0.03668951
23809,0.028459067
23909,0.02749856
24109,0.012134291
24209,0.10780067
24409,0.0047837035
24509,0.06703163
24609,0.00092342106
24709,0.08405077
25309,0.023374403
25409,0.024678215
25809,0.09422982
26009,0.057461552
26109,0.25165442
26209,0.013375736
26309,0.031629283
26409,0.058299925
26609,0.44978094
26709,0.23297547
26809,0.016422514
26909,0.025575198
27009,0.005086806
27309,0.015895566
27409,0.019441867
27509,0.023616992
27909,0.035285894
28009,0.03186876
28109,0.098090224
28309,0.2702623
28409,0.120417304
29009,0.13563894
29109,0.17122546
29309,0.08276537
29609,0.012161085
29709,0.14826386
29809,0.087601975
29909,0.034287408
30009,0.062602736
30109,0.08308973
30309,0.014461813
30409,0.06801812
30709,0.04995584
30809,0.07982981
31109,0.13702287
31209,0.03892838
31609,0.021039788
31709,0.046223488
31809,0.07624764
31909,0.04671733
32009,0.024394905
32109,0.058237147
32809,0.2498513
33009,0.010941952
33109,0.0103320535
33509,0.029587956
33709,0.015300662
33809,0.08351401
33909,0.0022960522
34009,0.0016984236
34209,0.0047156704
34309,0.01140394
34409,0.0028996186
34509,0.009882442
34609,0.02242895
34809,0.0023798132
35009,0.006560933
35209,0.02134502
35309,0.17850262
35509,0.0022824523
35609,0.0059474236
35709,0.007467734
35909,0.030725406
36009,0.03716261
36109,0.0036964787
36609,0.1397515
37209,0.021776557
37409,0.3144448
37509,0.060312077
37609,0.25503713
37709,0.15993927
38109,0.08781424
38209,0.11186263
38309,0.09166609
38409,0.15023866
38609,0.29779983
38809,0.03475332
39109,0.012858036
39209,0.0024843274
39309,0.019457528
39409,0.07357375
39609,0.02497117
39709,0.00016301914
39909,0.010248855
40009,0.031431355
40209,0.015164549
40509,0.003910956
40609,0.022556212
41809,0.029914446
42009,0.06888023
42709,0.052522946
42909,0.005182145
43609,0.06760862
44209,0.017072283
44509,0.012638795
44709,0.08005996
44909,0.36174735
45209,0.020727562
45309,0.2153702
45509,0.018897804
45609,0.05975459
46109,0.12283818
46309,0.20817745
46509,0.05070703
46909,0.0023245479
47009,0.09625577
47109,0.037358765
47209,0.031437952
47309,0.30465674
47609,0.06493999
47709,0.39840952
47809,0.3728474
47909,0.007628283
48209,0.059928678
48609,0.030436395
48709,0.0027191269
49109,0.06392202
49209,0.051765773
49609,0.028786436
49709,0.040325917
49909,0.005537563
50109,0.08493248
50309,0.0024643326
50409,0.007394674
50609,0.118996926
50809,0.0051096533
50909,0.037040398
51009,0.014649894
51209,0.009930363
51609,0.006765566
51809,0.00885096
52009,0.00037669376
52109,0.047356173
52509,0.013429681
52609,0.12596199
52709,0.15967137
53209,0.077914074
53309,0.0922739
53409,0.039897334
53609,0.029632987
53909,0.1839958
54109,0.25861898
54209,0.20302105
54309,0.087394856
54409,0.12573394
54609,0.0035927081
55009,0.0073589804
55209,0.3030842
55409,0.05609651
55509,0.012867417
55609,0.010031867
56209,0.26861396
56509,0.09058993
56709,0.005561775
56809,0.036322214
57009,0.013091613
57109,0.014162312
57209,0.0053790514
57309,0.0026382017
57509,0.004805749
57909,0.0117365
58009,0.0026526826
58209,0.19191547
58309,0.0021610782
58509,0.39212903
58909,0.008131266
59109,0.11536607
59209,0.041581523
59509,0.24843067
59609,0.30173284
59809,0.036076613
59909,0.10604255
60409,0.09511702
60509,0.02742603
60809,0.42084634
61109,0.039979253
61309,0.117946506
61409,0.11326293
61709,0.047078386
62109,0.08058391
62409,0.18135567
62709,0.09212078
62809,0.060620945
63509,0.035439953
63609,0.014084179
63709,0.10367436
63809,0.14802751
63909,0.0017592572
64309,0.021634545
64409,0.01608619
10,0.13699546
110,0.023816053
410,0.30437234
610,0.37599385
710,0.25740126
1010,0.22539173
1210,0.27405733
1710,0.06826498
2210,0.32458296
2710,0.047960576
2810,0.45692596
2910,0.17833433
3010,0.36808336
3110,0.34571952
3210,0.3348242
3310,0.15888916
3410,0.43331742
3710,0.3838072
4010,0.23953067
4110,0.025108721
4210,0.15328468
4410,0.24838129
4710,0.052870706
4810,0.26457426
4910,0.41862273
5110,0.042265635
5210,0.16506088
5710,0.11578538
5910,0.20056474
6210,0.028109165
6310,0.050365318
6510,0.23818183
6610,0.0846408
6810,0.118814364
6910,0.037749633
7010,0.07225234
7210,0.18310644
7410,0.041293994
7510,0.35634702
7710,0.14081368
7910,0.16168062
8110,0.2078023
8210,0.08065754
8310,0.24362566
8410,0.020431409
8510,0.093254074
8610,0.03473274
8710,0.04267383
8910,0.036452364
9010,0.058576822
9210,0.034589462
9510,0.35368398
9810,0.15336701
9910,0.2756235
10110,0.4717861
10410,0.028823597
10510,0.025961835
10610,0.22189005
10710,0.008750882
10910,0.037448265
11210,0.16391996
11310,0.22728576
11710,0.222531
11910,0.1062364
12110,0.21250257
12410,0.2943222
12710,0.30942434
12910,0.1965914
13010,0.30851552
13410,0.22357748
13510,0.16333787
13610,0.10076904
13710,0.014119553
13910,0.13223228
14310,0.39688286
14410,0.34979346
15410,0.38224277
15610,0.06614886
15710,0.28185692
15810,0.07442184
15910,0.07279762
16110,0.3794852
16210,0.27554733
16310,0.025494272
16410,0.016835311
16510,0.26208758
16610,0.26231194
17010,0.05643255
17110,0.12578622
17210,0.059707567
17310,0.08680243
17410,0.11124566
17610,0.3678124
17710,0.3688706
17910,0.022616168
18010,0.037655693
18110,0.12281373
18210,0.14006718
18410,0.38934016
18510,0.1924744
18710,0.047796324
18810,0.25238943
19110,0.28833467
19510,0.35082725
19610,0.2981825
19710,0.457279
19810,0.40905926
20710,0.08055015
20810,0.41684833
20910,0.4524046
21110,0.10053229
21210,0.3599565
21410,0.07713925
21810,0.019961663
22010,0.07055111
22310,0.035263587
22410,0.33621144
22510,0.10970874
22610,0.19947633
22910,0.020997835
23010,0.050226606
23210,0.032987792
23310,0.09665153
23610,0.030080855
23710,0.2892622
23810,0.09959171
23910,0.13881905
24110,0.3290972
24210,0.10456399
24410,0.14546998
24510,0.05726914
24610,0.04123675
24710,0.1783518
25310,0.3139793
25410,0.17351198
25810,0.3026869
26010,0.40913457
26110,0.07941385
26210,0.068924375
26310,0.03284811
26410,0.2859245
26610,0.04254713
26710,0.18840574
26810,0.038277887
26910,0.24465144
27010,0.09657816
27310,0.25327978
27410,0.099350855
27510,0.11147432
27910,0.23931089
28010,0.11096756
28110,0.44218478
28310,0.063131034
28410,0.11259112
29010,0.3637168
29110,0.0902016
29310,0.025874205
29610,0.11041423
29710,0.3559869
29810,0.3332573
29910,0.085917704
30010,0.23152168
30110,0.34625924
30310,0.053328525
30410,0.16544385
30710,0.35593858
30810,0.17897978
31110,0.34906057
31210,0.29548803
31610,0.021058833
31710,0.34527177
31810,0.23119827
31910,0.072317466
32010,0.4328576
32110,0.019577378
32810,0.3817341
33010,0.025713839
33110,0.2900331
33510,0.56295186
33710,0.042124413
33810,0.083394386
33910,0.24351656
34010,0.20506321
34210,0.32071918
34310,0.14452429
34410,0.16239089
34510,0.09890684
34610,0.20509917
34810,0.2016493
35010,0.48101628
35210,0.23716614
35310,0.16053423
35510,0.42426068
35610,0.61712515
35710,0.59953797
35910,0.43618217
36010,0.30387652
36110,0.3031958
36610,0.47277322
37210,0.0552742
37410,0.31490946
37510,0.3945526
37610,0.17115633
37710,0.17416231
38110,0.16224386
38210,0.14409587
38310,0.04504385
38410,0.30293345
38610,0.17129605
38810,0.5241139
39110,0.020632012
39210,0.0608706
39310,0.034906436
39410,0.23336741
39610,0.07331508
39710,0.00029735328
39910,0.14079992
40010,0.13819753
40210,0.23067756
40510,0.18682358
40610,0.055713527
41810,0.38576952
42010,0.15763135
42710,0.16554527
42910,0.117509134
43610,0.34165326
44210,0.48828772
44510,0.5293852
44710,0.120241016
44910,0.17565452
45210,0.16228859
45310,0.08150496
45510,0.24031492
45610,0.086720645
46110,0.22157158
46310,0.22100109
46510,0.38329428
46910,0.032576974
47010,0.06753172
47110,0.30689108
47210,0.2911835
47310,0.20650624
47610,0.1657236
47710,0.069093
47810,0.32062155
47910,0.02336249
48210,0.4069359
48610,0.10675955
48710,0.24392712
49110,0.5211211
49210,0.16523352
49610,0.2855529
49710,0.123465456
49910,0.37108386
50110,0.031288013
50310,0.33582968
50410,0.053736445
50610,0.11918132
50810,0.07925005
50910,0.30756286
51010,0.1525895
51210,0.14828525
51610,0.020968663
51810,0.42463404
52010,0.48816955
52110,0.12155908
52510,0.13221797
52610,0.23257016
52710,0.29806012
53210,0.15996869
53310,0.20264237
53410,0.011068762
53610,0.119624205
53910,0.3666318
54110,0.10583452
54210,0.27084
54310,0.22972792
54410,0.2591863
54610,0.045736413
55010,0.41941366
55210,0.04470795
55410,0.045982067
55510,0.17706133
55610,0.07612304
56210,0.07805947
56510,0.1730201
56710,0.052490316
56810,0.24793367
57010,0.244671
57110,0.09349376
57210,0.29099995
57310,0.09710351
57510,0.2740657
57910,0.19849837
58010,0.4053218
58210,0.21524434
58310,0.04692265
58510,0.2409173
58910,0.16366561
59110,0.2275053
59210,0.184174
59510,0.14942405
59610,0.31560534
59810,0.34019992
59910,0.3425757
60410,0.20897196
60510,0.5206332
60810,0.20417064
61110,0.33607918
61310,0.29885235
61410,0.26948005
61710,0.18624428
62110,0.37363663
62410,0.044242073
62710,0.17823069
62810,0.10260342
63510,0.3701839
63610,0.07800493
63710,0.071263604
63810,0.13532707
63910,0.06075307
64310,0.55917066
64410,0.23309082
11,0.047497924
111,0.39623916
411,0.29258293
611,0.0022317746
711,0.036692668
1011,0.102624945
1211,0.04487264
1711,0.008124283
2211,0.0056608836
2711,0.0036291105
2811,0.029607093
2911,0.035526592
3011,0.0014890716
3111,0.057317104
3211,0.0075170808
3311,0.022791957
3411,0.0031122048
3711,0.0054679876
4011,0.0003497398
4111,0.002020585
4211,0.020872125
4411,0.008125761
4711,0.0013829183
4811,0.022891201
4911,0.0070271515
5111,0.042447664
5211,0.015794814
5711,0.042785693
5911,0.0046927
6211,0.03242594
6311,0.023486441
6511,0.005688155
6611,0.0098270755
6811,0.041961964
6911,0.08529336
7011,0.008392125
7211,0.028552927
7411,0.011795788
7511,0.081030175
7711,0.0025608144
7911,0.0023903374
8111,0.002126651
8211,0.021160625
8311,0.010141186
8411,0.104084946
8511,0.0023052187
8611,0.00852191
8711,0.0026065635
8911,0.0024221542
9011,0.0020444756
9211,0.0046856245
9511,0.0055659916
9811,0.019608876
9911,0.002692265
10111,0.0042646835
10411,0.010149939
10511,0.028451655
10611,0.0061929785
10711,0.09174134
10911,0.0014590864
11211,0.009255915
11311,0.009590514
11711,0.091208026
11911,0.010882467
12111,0.03258444
12411,0.0073706014
12711,0.00849938
12911,0.016796641
13011,0.0068520126
13411,0.00719112
13511,0.06252218
13611,0.023197588
13711,0.14885493
13911,0.07454936
14311,0.024934262
14411,0.004818668
15411,0.002494482
15611,0.014833165
15711,0.0069107953
15811,0.02311531
15911,0.0051661287
16111,0.03285673
16211,0.0062093767
16311,0.46510175
16411,0.35926634
16511,0.4253937
16611,0.05975616
17011,0.006804207
17111,0.11823312
17211,0.074741386
17311,0.15797761
17411,0.38464355
17611,0.016118098
17711,0.008818266
17911,0.025745776
18011,0.01103918
18111,0.017665572
18211,0.006544414
18411,0.0048155594
18511,0.0034101035
18711,0.010628577
18811,0.004448676
19111,0.01617849
19511,0.0066620335
19611,0.0062740343
19711,0.004431657
19811,0.0014512446
20711,0.16841133
20811,0.0030594133
20911,0.043653674
21111,0.01760701
21211,0.033442955
21411,0.0031192307
21811,0.06508331
22011,0.16026928
22311,0.04753635
22411,0.001680856
22511,0.03988766
22611,0.016984193
22911,0.075581424
23011,0.05100856
23211,0.041909542
23311,0.10986328
23611,0.011806698
23711,0.029613188
23811,0.006141148
23911,0.030359639
24111,0.016511954
24211,0.018796902
24411,0.0033166916
24511,0.019632267
24611,0.0018831304
24711,0.00124448
25311,0.09817254
25411,0.004614578
25811,0.0009388265
26011,0.007733235
26111,0.0037080143
26211,0.09893621
26311,0.006776128
26411,0.0032128321
26611,0.019601064
26711,0.013794676
26811,0.04143972
26911,0.0068341447
27011,0.016195973
27311,0.0037178225
27411,0.1743118
27511,0.13465874
27911,0.009419811
28011,0.018406974
28111,0.006970931
28311,0.021967245
28411,0.009890704
29011,0.0033026857
29111,0.01666523
29311,0.034402065
29611,0.037555225
29711,0.009145303
29811,0.0072372034
29911,0.2097942
30011,0.008782921
30111,0.002419389
30311,0.19650988
30411,0.0045485
30711,0.0018384757
30811,0.0058014854
31111,0.0072852597
31211,0.0046196575
31611,0.039346922
31711,0.004177681
31811,0.0028761043
31911,0.017408805
32011,0.03191468
32111,0.15260415
32811,0.0063233525
33011,0.22926143
33111,0.37843367
33511,0.018171584
33711,0.013873316
33811,0.02006804
33911,0.013783239
34011,0.003849815
34211,0.0039403797
34311,0.0012216499
34411,0.01094085
34511,0.0058083446
34611,0.002845481
34811,0.0109695215
35011,0.0018939064
35211,0.025615774
35311,0.0014423906
35511,0.001726923
35611,0.004085553
35711,0.0068780608
35911,0.0065744594
36011,0.012146703
36111,0.03153023
36611,0.01910381
37211,0.002347191
37411,0.010177992
37511,0.010503098
37611,0.0038439631
37711,0.004149676
38111,0.010276469
38211,0.018037837
38311,0.022558568
38411,0.0020695238
38611,0.015872503
38811,0.0076183467
39111,0.012304546
39211,0.026420174
39311,0.10121373
39411,0.014120389
39611,0.049565937
39711,2.51606e-05
39911,0.0068426942
40011,0.012358184
40211,0.032517195
40511,0.035552595
40611,0.0076667587
41811,0.006739033
42011,0.027829291
42711,0.06190024
42911,0.008193288
43611,0.011538442
44211,0.039871547
44511,0.008489171
44711,0.07746168
44911,0.0074555837
45211,0.008145784
45311,0.018278142
45511,0.027800636
45611,0.006334349
46111,0.010634375
46311,0.019133663
46511,0.0040625343
46911,0.039631657
47011,0.01971258
47111,0.0015378614
47211,0.008139678
47311,0.0061502396
47611,0.0163777
47711,0.021756077
47811,0.0034952927
47911,0.014808915
48211,0.0037613474
48611,0.039834265
48711,0.4766965
49111,0.0065415204
49211,0.035509128
49611,0.22218886
49711,0.123416446
49911,0.028146401
50111,0.041163415
50311,0.0028645939
50411,0.022493863
50611,0.012245758
50811,0.01308355
50911,0.0035739434
51011,0.0016870578
51211,0.010455592
51611,0.07089528
51811,0.0036629
52011,0.0016011539
52111,0.018842129
52511,0.012527716
52611,0.0014203325
52711,0.011056527
53211,0.00612415
53311,0.07227563
53411,0.18275318
53611,0.04484824
53911,0.0055499305
54111,0.011248095
54211,0.0038570077
54311,0.005487603
54411,0.010038417
54611,0.006180491
55011,0.036434267
55211,0.008582943
55411,0.018913586
55511,0.004294819
55611,0.01370651
56211,0.0070783864
56511,0.010897377
56711,0.028056618
56811,0.010212046
57011,0.00271257
57111,0.0032972577
57211,0.019333666
57311,0.06853937
57511,0.016311763
57911,0.002842933
58011,0.0037622661
58211,0.0016241049
58311,0.001377728
58511,0.0031157944
58911,0.034849826
59111,0.0064556324
59211,0.008693921
59511,0.0023214945
59611,0.0034767047
59811,0.029880658
59911,0.017423354
60411,0.0022751282
60511,0.0051468196
60811,0.0017440153
61111,0.004029465
61311,0.008152306
61411,0.0033859764
61711,0.011012925
62111,0.008904833
62411,0.00377545
62711,0.008336681
62811,0.0152621465
63511,0.008950146
63611,0.102799974
63711,0.10705887
63811,0.09025752
63911,0.003171798
64311,0.0173575
64411,0.023747304
12,0.02113162
112,0.019649584
412,0.069814615
612,0.023322122
712,0.07166747
1012,0.012945764
1212,0.019919278
1712,0.025448332
2212,0.0064731124
2712,0.0021072438
2812,0.10739566
2912,0.054344434
3012,0.053509064
3112,0.11164295
3212,0.035479203
3312,0.21561342
3412,0.0015917143
3712,0.0009974954
4012,0.0059707686
4112,0.31600693
4212,0.02981498
4412,0.016028749
4712,0.01153256
4812,0.107048
4912,0.016502837
5112,0.009967118
5212,0.024577457
5712,0.07508174
5912,0.018703943
6212,0.029413454
6312,0.060362633
6512,0.010845761
6612,0.047080807
6812,0.10580504
6912,0.3808559
7012,0.01466314
7212,0.09312979
7412,0.0023935847
7512,0.016719788
7712,0.006657718
7912,0.0007702572
8112,0.018682899
8212,0.024470523
8312,0.003493609
8412,0.09718097
8512,0.0022871825
8612,0.022849724
8712,0.005360014
8912,0.013548973
9012,0.009644874
9212,0.0033632654
9512,0.020881016
9812,0.066430144
9912,0.014491008
10112,0.01666566
10412,0.05266853
10512,0.10701256
10612,0.011170178
10712,0.017001972
10912,0.012509613
11212,0.00484131
11312,0.055897728
11712,0.06571885
11912,0.05061407
12112,0.07224094
12412,0.030224357
12712,0.04620437
12912,0.105404496
13012,0.013751643
13412,0.04472974
13512,0.08807206
13612,0.13798004
13712,0.24084614
13912,0.0291787
14312,0.087749876
14412,0.054051213
15412,0.016538307
15612,0.03134025
15712,0.035614494
15812,0.053636834
15912,0.0076838895
16112,0.030601574
16212,0.04778358
16312,0.009548726
16412,0.023650374
16512,0.0043449425
16612,0.012488102
17012,0.044202145
17112,0.015188401
17212,0.038589016
17312,0.017027378
17412,0.09553281
17612,0.028703546
17712,0.027628092
17912,0.040343266
18012,0.026547473
18112,0.0054222774
18212,0.0026659425
18412,0.00211978
18512,0.0069457423
18712,0.005224531
18812,0.012868824
19112,0.023035325
19512,0.005075144
19612,0.0017959689
19712,0.0029933262
19812,0.0001499487
20712,0.19264823
20812,0.020046942
20912,0.007971666
21112,0.0960753
21212,0.026316144
21412,0.01602814
21812,0.0652662
22012,0.18314391
22312,0.021121439
22412,0.027035786
22512,0.1339482
22612,0.050275754
22912,0.35053605
23012,0.23606005
23212,0.0031067266
23312,0.020861667
23612,0.004457025
23712,0.034519345
23812,0.010608096
23912,0.06330986
24112,0.11030775
24212,0.019279817
24412,0.008692732
24512,0.014892916
24612,0.0047146487
24712,0.008644474
25312,0.062821016
25412,0.0063417545
25812,0.008192415
26012,0.032471396
26112,0.007547836
26212,0.20681895
26312,0.059781298
26412,0.0054023797
26612,0.021484625
26712,0.035680804
26812,0.03588308
26912,0.011796327
27012,0.03271491
27312,0.02525894
27412,0.14025854
27512,0.019181207
27912,0.0146550005
28012,0.0037295297
28112,0.058421127
28312,0.08174597
28412,0.08551508
29012,0.014574773
29112,0.087954886
29312,0.12071407
29612,0.06460879
29712,0.07899563
29812,0.010134165
29912,0.12310245
30012,0.03518066
30112,0.019198878
30312,0.14254366
30412,0.05471426
30712,0.02265096
30812,0.019339556
31112,0.057218824
31212,0.047499117
31612,0.047548562
31712,0.046993256
31812,0.016116273
31912,0.25418124
32012,0.06290256
32112,0.10263004
32812,0.04303157
33012,0.026055582
33112,0.054223698
33512,0.070319906
33712,0.032970846
33812,0.031395715
33912,0.014248568
34012,0.0010431343
34212,0.0053240927
34312,0.0038339214
34412,0.0013934611
34512,0.020773198
34612,0.003080261
34812,0.009475872
35012,0.009177585
35212,0.15615596
35312,0.02505454
35512,0.0010393137
35612,0.0031493497
35712,0.005735895
35912,0.03651134
36012,0.14004043
36112,0.026850352
36612,0.057724793
37212,0.004333544
37412,0.027408864
37512,0.011135247
37612,0.008091135
37712,0.032917913
38112,0.024594724
38212,0.026413444
38312,0.099992484
38412,0.011216767
38612,0.031759497
38812,0.010239569
39112,0.08972457
39212,0.3350877
39312,0.11937068
39412,0.018531034
39612,0.008843588
39712,1.2384286e-05
39912,0.03803701
40012,0.01118447
40212,0.043413658
40512,0.0724771
40612,0.024172822
41812,0.02595754
42012,0.06712862
42712,0.2319789
42912,0.008784821
43612,0.03689862
44212,0.023704546
44512,0.011741508
44712,0.08199292
44912,0.03458226
45212,0.0063235657
45312,0.010457952
45512,0.011757509
45612,0.03148405
46112,0.06268299
46312,0.061014142
46512,0.022359792
46912,0.04624634
47012,0.0039210306
47112,0.013370333
47212,0.03478373
47312,0.02085491
47612,0.12206433
47712,0.06819341
47812,0.025960471
47912,0.055684946
48212,0.018816201
48612,0.014396354
48712,0.0060219034
49112,0.01781226
49212,0.16856487
49612,0.11839339
49712,0.019981645
49912,0.16948505
50112,0.047170077
50312,0.010324073
50412,0.005513489
50612,0.03802137
50812,0.017490907
50912,0.006740334
51012,0.005876551
51212,0.030852353
51612,0.204948
51812,0.0065315096
52012,0.00083755003
52112,0.006591842
52512,0.023509346
52612,0.009173387
52712,0.10522037
53212,0.0110386135
53312,0.09386682
53412,0.2098064
53612,0.075350426
53912,0.043800343
54112,0.050910108
54212,0.03455353
54312,0.020577198
54412,0.05452392
54612,0.002641556
55012,0.04417272
55212,0.01934714
55412,0.028222388
55512,0.01121811
55612,0.003980814
56212,0.007026421
56512,0.0524213
56712,0.03510173
56812,0.015063666
57012,0.009062925
57112,0.006232946
57212,0.03191124
57312,0.063649155
57512,0.007047363
57912,0.009425815
58012,0.010263552
58212,0.006661223
58312,0.00076226046
58512,0.010342294
58912,0.0063411994
59112,0.035318583
59212,0.04914615
59512,0.014109941
59612,0.024900489
59812,0.026018554
59912,0.03785693
60412,0.00829726
60512,0.0042847036
60812,0.012318806
61112,0.0072534764
61312,0.066026025
61412,0.015552344
61712,0.016194
62112,0.031088363
62412,0.02825059
62712,0.027174966
62812,0.031034257
63512,0.02879011
63612,0.18021071
63712,0.30530974
63812,0.09114542
63912,0.025434632
64312,0.018136948
64412,0.062353194
13,0.023555715
113,0.006371156
413,0.00082297233
613,0.0076476815
713,0.0067171566
1013,0.0027417697
1213,0.003144863
1713,0.004888735
2213,0.00032816982
2713,0.00017778522
2813,0.0058198916
2913,0.010921515
3013,0.005628577
3113,0.002520176
3213,0.0073269485
3313,0.0076752007
3413,4.5247434e-05
3713,7.265108e-05
4013,0.0026900172
4113,0.00015202045
4213,0.0035695927
4413,0.0052292845
4713,0.001928597
4813,0.001085288
4913,0.0075650546
5113,0.0081057865
5213,0.00899759
5713,0.005127961
5913,0.012931303
6213,0.0047748964
6313,0.011545384
6513,0.004783931
6613,0.017596245
6813,0.022338988
6913,0.0014513164
7013,0.0025803987
7213,0.0007219018
7413,0.0016778427
7513,0.016603827
7713,0.00013140115
7913,0.00026497952
8113,0.011597519
8213,0.0010237109
8313,0.00044420216
8413,0.016076718
8513,0.0005067945
8613,0.0007599454
8713,0.00565086
8913,0.0017193098
9013,0.005890707
9213,0.00036129763
9513,0.023170477
9813,0.0037898885
9913,0.004507926
10113,0.0015775284
10413,0.007961619
10513,0.0041503487
10613,0.016687755
10713,0.011104248
10913,0.0052281553
11213,0.0008427381
11313,0.0028926441
11713,0.0026037358
11913,0.010457983
12113,0.042203907
12413,0.018247407
12713,0.005858627
12913,0.004718952
13013,0.0066059525
13413,0.009994636
13513,0.016143288
13613,0.007785982
13713,0.0012483061
13913,0.0055757808
14313,0.0032828697
14413,0.0096866
15413,0.0041844733
15613,0.009734697
15713,0.0034107908
15813,0.002268682
15913,0.0003198319
16113,0.0030614943
16213,0.004739214
16313,0.0013750164
16413,0.0030039777
16513,0.00020801259
16613,0.0059652487
17013,0.006099272
17113,0.0016845084
17213,0.013643929
17313,0.001269642
17413,0.0033830767
17613,0.0060481993
17713,0.024834711
17913,0.005636449
18013,0.011041402
18113,0.00035863186
18213,0.0001264
18413,6.563131e-05
18513,0.0010269695
18713,0.00027970073
18813,0.0044752713
19113,0.17247167
19513,0.0019201409
19613,5.305829e-05
19713,0.00010873367
19813,4.647083e-06
20713,0.0019286164
20813,0.00625384
20913,0.005569386
21113,0.012665858
21213,0.0019261553
21413,0.0039334246
21813,0.019306244
22013,0.008128634
22313,0.011641579
22413,0.0069179013
22513,0.0115238875
22613,0.021001615
22913,0.0006058236
23013,0.0004945473
23213,0.0013823069
23313,0.009667611
23613,0.0011124655
23713,0.003844078
23813,0.021626443
23913,0.010130345
24113,0.0015540397
24213,0.005590452
24413,0.0010232505
24513,0.0039184378
24613,0.0005128412
24713,0.0035498405
25313,0.038450453
25413,0.0026474628
25813,0.0064583374
26013,0.019710427
26113,0.0023156651
26213,0.0017283193
26313,0.0029184131
26413,0.0034947528
26613,0.015074793
26713,0.015032999
26813,0.0027449157
26913,0.002386813
27013,0.0009950805
27313,0.011708709
27413,0.0052429303
27513,0.0023161888
27913,0.003766938
28013,0.0016882878
28113,0.0047664363
28313,0.013182359
28413,0.011398449
29013,0.0019912615
29113,0.009896537
29313,0.02268857
29613,0.0072367033
29713,0.014427709
29813,0.0045486186
29913,0.03092416
30013,0.0037955106
30113,0.0042730034
30313,0.0028211607
30413,0.0048893243
30713,0.0047128615
30813,0.010887593
31113,0.007925337
31213,0.0038069203
31613,0.004699413
31713,0.006033882
31813,0.0037107365
31913,0.005610007
32013,0.010529264
32113,0.01327939
32813,0.003009365
33013,0.0033494018
33113,0.0018756124
33513,0.0023485906
33713,0.004133974
33813,0.015389019
33913,0.00040304905
34013,3.6502675e-05
34213,0.0002541092
34313,0.0007303896
34413,6.5003274e-05
34513,0.00079826894
34613,0.0009838208
34813,0.0002174785
35013,0.00027893286
35213,0.0019535266
35313,0.0062995083
35513,0.00023658203
35613,0.0010109843
35713,0.0020096968
35913,0.003801632
36013,0.0070503308
36113,0.0015111932
36613,0.033096004
37213,0.022753939
37413,0.004771307
37513,0.0014608348
37613,0.0072475756
37713,0.0029623408
38113,0.016599173
38213,0.028356852
38313,0.016874073
38413,0.0041596405
38613,0.017878944
38813,0.00684069
39113,0.0013016317
39213,0.00053589954
39313,0.0038787387
39413,0.0027492235
39613,0.007116702
39713,8.2279446e-05
39913,0.002162122
40013,0.0042956085
40213,0.013031878
40513,0.0009512392
40613,0.0044686426
41813,0.01269604
42013,0.011096736
42713,0.0069468603
42913,0.012109062
43613,0.0057203276
44213,0.019152826
44513,0.0017589156
44713,0.009162548
44913,0.011218338
45213,0.0007729201
45313,0.010372229
45513,0.00378615
45613,0.011180108
46113,0.059169203
46313,0.01531465
46513,0.00556916
46913,0.00069479726
47013,0.0023058727
47113,0.0069365986
47213,0.0061242245
47313,0.011437845
47613,0.00810651
47713,0.005207349
47813,0.0064191627
47913,0.0025838395
48213,0.0030195345
48613,0.0089872
48713,0.00048149453
49113,0.007729793
49213,0.013052637
49613,0.007930592
49713,0.004594128
49913,0.0029830055
50113,0.016089903
50313,0.00021380027
50413,0.00064135727
50613,0.0022790786
50813,0.0004907471
50913,0.003577046
51013,0.0018916264
51213,0.0006011136
51613,0.0017075643
51813,0.0005943231
52013,2.2486753e-05
52113,0.0019884994
52513,0.0052165724
52613,0.0032069744
52713,0.011112161
53213,0.0152345495
53313,0.01080986
53413,0.008392449
53613,0.010815999
53913,0.0134077035
54113,0.02208969
54213,0.007769583
54313,0.008871469
54413,0.008134015
54613,0.010483578
55013,0.0011148822
55213,0.0015765174
55413,0.0016198626
55513,0.012888234
55613,0.0045401272
56213,0.005920774
56513,0.0051016924
56713,0.0020630653
56813,0.0078087877
57013,0.005794326
57113,0.006014553
57213,0.0011090393
57313,0.00050100836
57513,0.00047480277
57913,0.004633016
58013,0.00033223565
58213,0.0036518096
58313,0.00020704379
58513,0.0031158254
58913,0.0028586031
59113,0.007584185
59213,0.0032475954
59513,0.004699431
59613,0.0050725075
59813,0.013211176
59913,0.007377953
60413,0.004098481
60513,0.0010617337
60813,0.008595817
61113,0.0069029797
61313,0.008649464
61413,0.0049535003
61713,0.10357024
62113,0.006247058
62413,0.028502213
62713,0.004142728
62813,0.011972218
63513,0.0052238363
63613,0.007071789
63713,0.008225419
63813,0.008949904
63913,0.0003534344
64313,0.0031353203
64413,0.0075687277
14,0.10868884
114,0.0448671
414,0.0034308766
614,0.009103361
714,0.009858562
1014,0.0121741025
1214,0.014847846
1714,0.21866754
2214,0.006994046
2714,0.0035368043
2814,0.026408905
2914,0.06981228
3014,0.0024543875
3114,0.011086105
3214,0.009772022
3314,0.011540734
3414,0.002965405
3714,0.0028510462
4014,0.0013478888
4114,0.0012180045
4214,0.022849826
4414,0.020168914
4714,0.0014432187
4814,0.017923038
4914,0.005179844
5114,0.011564678
5214,0.024097867
5714,0.01503881
5914,0.010924867
6214,0.01371981
6314,0.00851107
6514,0.010247256
6614,0.022013154
6814,0.05324259
6914,0.007965366
7014,0.016987173
7214,0.01585629
7414,0.019764299
7514,0.07720702
7714,0.010333121
7914,0.0052391477
8114,0.014309106
8214,0.004998394
8314,0.0028893417
8414,0.089278035
8514,0.007340405
8614,0.013721285
8714,0.14764284
8914,0.02537291
9014,0.0652105
9214,0.005639179
9514,0.124511674
9814,0.06629346
9914,0.051618084
10114,0.025128273
10414,0.0240392
10514,0.006806496
10614,0.12051916
10714,0.02415233
10914,0.0049093016
11214,0.00963513
11314,0.021218162
11714,0.009829655
11914,0.015068792
12114,0.1384028
12414,0.030475458
12714,0.014954598
12914,0.010051984
13014,0.010995121
13414,0.012815854
13514,0.060199067
13614,0.035741217
13714,0.03415909
13914,0.013064297
14314,0.020713776
14414,0.08545297
15414,0.010879362
15614,0.008724304
15714,0.024624227
15814,0.015009122
15914,0.008839107
16114,0.007897097
16214,0.0076236897
16314,0.010224171
16414,0.024235548
16514,0.0014367371
16614,0.016329693
17014,0.0062664584
17114,0.0058530024
17214,0.022755291
17314,0.0032473633
17414,0.015774937
17614,0.008008855
17714,0.10034461
17914,0.1313915
18014,0.28582075
18114,0.0037734907
18214,0.0035121345
18414,0.003884081
18514,0.018415313
18714,0.004575372
18814,0.051832385
19114,0.06229141
19514,0.026757283
19614,0.0028155113
19714,0.006776065
19814,0.0007320095
20714,0.032767706
20814,0.015391115
20914,0.022504048
21114,0.027639803
21214,0.0070727165
21414,0.014608996
21814,0.021550354
22014,0.082627065
22314,0.04107709
22414,0.008298343
22514,0.028157907
22614,0.024004633
22914,0.0041849376
23014,0.010301934
23214,0.027730562
23314,0.016654465
23614,0.010361458
23714,0.014967138
23814,0.2891238
23914,0.031200616
24114,0.015130892
24214,0.027822793
24414,0.035489023
24514,0.027711894
24614,0.07247366
24714,0.030431027
25314,0.085347466
25414,0.013260389
25814,0.063912734
26014,0.046355296
26114,0.009516996
26214,0.015943773
26314,0.05130186
26414,0.009916579
26614,0.01874513
26714,0.01580538
26814,0.01172097
26914,0.018198851
27014,0.010744482
27314,0.08503856
27414,0.019738736
27514,0.0043575754
27914,0.032146893
28014,0.007028407
28114,0.017588831
28314,0.011505706
28414,0.015809912
29014,0.0071926564
29114,0.013256016
29314,0.030342178
29614,0.053920023
29714,0.022918101
29814,0.00935076
29914,0.053882375
30014,0.017970074
30114,0.020656925
30314,0.02849028
30414,0.03695923
30714,0.05986684
30814,0.08382143
31114,0.019175706
31214,0.017599102
31614,0.028238818
31714,0.048742387
31814,0.020489013
31914,0.01609852
32014,0.05550599
32114,0.1333942
32814,0.0036607995
33014,0.004889938
33114,0.0037519298
33514,0.008695411
33714,0.12182162
33814,0.117878325
33914,0.008192067
34014,0.004034758
34214,0.008293231
34314,0.019871619
34414,0.0031359994
34514,0.026717372
34614,0.010800877
34814,0.01680661
35014,0.0127359
35214,0.02115676
35314,0.0050479276
35514,0.013733367
35614,0.014179834
35714,0.034059368
35914,0.013793225
36014,0.043506812
36114,0.009512587
36614,0.0125407055
37214,0.1949656
37414,0.004746808
37514,0.0045438847
37614,0.02505612
37714,0.011713634
38114,0.025972933
38214,0.0797262
38314,0.017596122
38414,0.009308695
38614,0.019309323
38814,0.07712328
39114,0.019145349
39214,0.0072816154
39314,0.006100247
39414,0.009644771
39614,0.007101163
39714,0.43775162
39914,0.038772862
40014,0.047864445
40214,0.20390287
40514,0.012377764
40614,0.21050979
41814,0.070090406
42014,0.09948483
42714,0.015190025
42914,0.37219328
43614,0.018984728
44214,0.031353705
44514,0.01713629
44714,0.010331372
44914,0.014992994
45214,0.010349101
45314,0.011730157
45514,0.011543659
45614,0.015479591
46114,0.10118772
46314,0.021160994
46514,0.04069904
46914,0.02405182
47014,0.0063444204
47114,0.10426611
47214,0.039569862
47314,0.014106792
47614,0.032362703
47714,0.009750395
47814,0.004722551
47914,0.028590394
48214,0.009994505
48614,0.03630805
48714,0.0022778078
49114,0.005845587
49214,0.031536918
49614,0.01352561
49714,0.0068299756
49914,0.049770303
50114,0.10030765
50314,0.008426779
50414,0.0055021504
50614,0.009946298
50814,0.008002247
50914,0.035583273
51014,0.034680627
51214,0.018222146
51614,0.00518527
51814,0.0066606463
52014,0.0028774273
52114,0.009019252
52514,0.020704253
52614,0.019995378
52714,0.041107018
53214,0.0640136
53314,0.017831797
53414,0.011127642
53614,0.08653235
53914,0.011100883
54114,0.036356345
54214,0.016300704
54314,0.023469048
54414,0.017017059
54614,0.67524016
55014,0.011778392
55214,0.0050744102
55414,0.004922877
55514,0.38780892
55614,0.045463912
56214,0.016603982
56514,0.029322486
56714,0.039062124
56814,0.07665227
57014,0.14713465
57114,0.24366973
57214,0.0075822934
57314,0.0059103565
57514,0.024315923
57914,0.024422674
58014,0.008510297
58214,0.022658346
58314,0.015080133
58514,0.0040353495
58914,0.03588169
59114,0.03645084
59214,0.026876578
59514,0.0181021
59614,0.008183929
59814,0.049935903
59914,0.014084442
60414,0.036296505
60514,0.004648935
60814,0.004815764
61114,0.03360247
61314,0.023615872
61414,0.025961734
61714,0.23142831
62114,0.01265871
62414,0.023788612
62714,0.011524156
62814,0.03261583
63514,0.022934468
63614,0.031734005
63714,0.008075565
63814,0.010973369
63914,0.03134339
64314,0.009071402
64414,0.022653835
15,0.033098113
115,0.0222718
415,0.00090567325
615,0.008763843
715,0.027766678
1015,0.009732235
1215,0.024093108
1715,0.00340959
2215,0.0029501307
2715,0.003483549
2815,0.040114056
2915,0.017158702
3015,0.0003724284
3115,0.030320406
3215,0.037251968
3315,0.011351464
3415,0.0021707513
3715,0.0026639074
4015,0.0036202595
4115,0.0007578733
4215,0.11886372
4415,0.037237503
4715,0.0076431897
4815,0.007505398
4915,0.0077504427
5115,0.16403076
5215,0.01257296
5715,0.02778283
5915,0.004854685
6215,0.02842089
6315,0.023873739
6515,0.001175543
6615,0.019608919
6815,0.032506563
6915,0.006473858
7015,0.0051461174
7215,0.01031749
7415,0.28886113
7515,0.008470982
7715,0.0023360406
7915,0.19858141
8115,0.003927113
8215,0.015934229
8315,0.23536259
8415,0.029593192
8515,0.0020657731
8615,0.013483185
8715,0.01121242
8915,0.0021591596
9015,0.00835016
9215,0.013936506
9515,0.029557982
9815,0.016210312
9915,0.006728597
10115,0.020168634
10415,0.03633499
10515,0.00906986
10615,0.022612944
10715,0.11819671
10915,0.002493815
11215,0.031334963
11315,0.007733263
11715,0.04046422
11915,0.005441047
12115,0.024334013
12415,0.008083157
12715,0.021676622
12915,0.0036264122
13015,0.0153275505
13415,0.031012865
13515,0.099552855
13615,0.011813727
13715,0.0040207943
13915,0.0843033
14315,0.007358491
14415,0.005512076
15415,0.011064649
15615,0.021892734
15715,0.011878708
15815,0.0093284855
15915,0.0024286504
16115,0.10081176
16215,0.024970414
16315,0.01742855
16415,0.012740505
16515,0.00028757675
16615,0.017561188
17015,0.004970545
17115,0.010113088
17215,0.010649951
17315,0.005510954
17415,0.009445778
17615,0.12326839
17715,0.0091961725
17915,0.011077498
18015,0.0053924844
18115,0.014437009
18215,0.0036797447
18415,0.0017779549
18515,0.0029459796
18715,0.018185103
18815,0.010697981
19115,0.017484276
19515,0.0099972645
19615,0.0024417324
19715,0.0023457708
19815,0.0015142628
20715,0.008205653
20815,0.013178856
20915,0.021805963
21115,0.029811118
21215,0.04090292
21415,0.0045774924
21815,0.06500928
22015,0.032033052
22315,0.0541707
22415,0.0044761463
22515,0.008578599
22615,0.013175785
22915,0.0026893925
23015,0.002440218
23215,0.22714916
23315,0.08437675
23615,0.040805504
23715,0.062162068
23815,0.00973225
23915,0.016907973
24115,0.0057953126
24215,0.034515247
24415,0.05354462
24515,0.04941794
24615,0.023357831
24715,0.0041107126
25315,0.032214403
25415,0.11458202
25815,0.0029972563
26015,0.023618449
26115,0.0029708927
26215,0.005255571
26315,0.023544008
26415,0.0015199903
26615,0.020661134
26715,0.021994404
26815,0.006063252
26915,0.013571148
27015,0.054030873
27315,0.03482147
27415,0.030867169
27515,0.04640801
27915,0.015190095
28015,0.09766623
28115,0.0016940387
28315,0.021250894
28415,0.009032446
29015,0.004930342
29115,0.017861245
29315,0.029844413
29615,0.022882795
29715,0.0011095061
29815,0.01345949
29915,0.041133374
30015,0.010364764
30115,0.0056924117
30315,0.030630754
30415,0.014668847
30715,0.0049412344
30815,0.008319634
31115,0.007502503
31215,0.016760454
31615,0.0070668124
31715,0.012336148
31815,0.027240695
31915,0.005623173
32015,0.0076690945
32115,0.013122064
32815,0.001465341
33015,0.009930551
33115,0.001648913
33515,0.012946237
33715,0.008766174
33815,0.0073149125
33915,0.0051497025
34015,0.00089316204
34215,0.0055251596
34315,0.00181362
34415,0.0019441766
34515,0.00382627
34615,0.021163957
34815,0.00235163
35015,0.004343937
35215,0.020426255
35315,0.0044625746
35515,0.001733853
35615,0.0067688925
35715,0.007783268
35915,0.04096216
36015,0.018627271
36115,0.042203926
36615,0.0023919255
37215,0.046890702
37415,0.008464901
37515,0.035608213
37615,0.0054548476
37715,0.0045145084
38115,0.043355625
38215,0.014051201
38315,0.02016956
38415,0.010423783
38615,0.005791429
38815,0.0028767989
39115,0.0045466362
39215,0.0024446514
39315,0.007235617
39415,0.08032952
39615,0.26288542
39715,4.9843197e-06
39915,0.021851778
40015,0.0530659
40215,0.037616964
40515,0.022892987
40615,0.005209402
41815,0.015898768
42015,0.021472702
42715,0.01757213
42915,0.019479604
43615,0.012960419
44215,0.01609876
44515,0.018554352
44715,0.05438641
44915,0.0022688329
45215,0.010478283
45315,0.081730574
45515,0.080879785
45615,0.08917229
46115,0.00633406
46315,0.009575418
46515,0.0064071123
46915,0.003110841
47015,0.104023576
47115,0.0034890834
47215,0.049127337
47315,0.014563435
47615,0.014057646
47715,0.004017986
47815,0.0015192289
47915,0.008862509
48215,0.039341237
48615,0.009902742
48715,0.00036061005
49115,0.042423427
49215,0.03311299
49615,0.029505348
49715,0.034912463
49915,0.026756968
50115,0.020654058
50315,0.0037672208
50415,0.008695507
50615,0.0059750597
50815,0.007938118
50915,0.006099588
51015,0.0045338026
51215,0.003427122
51615,0.0039153467
51815,0.0132793775
52015,0.0010112411
52115,0.14744805
52515,0.0768879
52615,0.006215009
52715,0.0013099444
53215,0.025558269
53315,0.031244313
53415,0.024543416
53615,0.012662621
53915,0.007482206
54115,0.004263109
54215,0.0056247716
54315,0.02087328
54415,0.009942033
54615,0.0011937722
55015,0.007995685
55215,0.0024734368
55415,0.017663352
55515,0.016410192
55615,0.19852091
56215,0.041780632
56515,0.023744855
56715,0.012608437
56815,0.032996427
57015,0.00829781
57115,0.0032995066
57215,0.026698314
57315,0.0015953322
57515,0.0032498443
57915,0.07861074
58015,0.012755345
58215,0.0025049308
58315,0.030573027
58515,0.003306253
58915,0.06701502
59115,0.008764727
59215,0.0069717774
59515,0.0033600598
59615,0.0020923638
59815,0.042938285
59915,0.02632482
60415,0.0054506585
60515,0.022050725
60815,0.0032318684
61115,0.015491763
61315,0.0060867127
61415,0.007567509
61715,0.018164426
62115,0.0016377143
62415,0.016922168
62715,0.017199554
62815,0.05194674
63515,0.027413819
63615,0.040782403
63715,0.011375423
63815,0.01935191
63915,0.0024333613
64315,0.027296077
64415,0.053858083
16,0.0045803045
116,0.0012623686
416,0.00072666025
616,0.008525143
716,0.011108626
1016,0.0007392481
1216,0.0013519491
1716,0.0007750465
2216,0.00030365918
2716,5.743612e-05
2816,0.0025662922
2916,0.027873563
3016,0.0045734853
3116,0.00237976
3216,0.004561108
3316,0.01865989
3416,9.579384e-05
3716,0.00010815867
4016,0.0010480024
4116,0.0024543037
4216,0.002859687
4416,0.008592005
4716,0.0011939325
4816,0.0100801485
4916,0.00343964
5116,0.0005716823
5216,0.029253475
5716,0.012059194
5916,0.043646086
6216,0.011292195
6316,0.0136942305
6516,0.014757948
6616,0.043439128
6816,0.05468936
6916,0.0012580602
7016,0.0032350486
7216,0.0017514112
7416,0.00028637555
7516,0.009150585
7716,6.141686e-05
7916,0.00019435112
8116,0.007030478
8216,0.0007316038
8316,0.00032460564
8416,0.006827752
8516,8.2213446e-05
8616,0.0001503237
8716,0.00023210442
8916,0.0001951158
9016,0.00054364034
9216,7.923353e-05
9516,0.012533261
9816,0.0013479135
9916,0.0023820635
10116,0.001929931
10416,0.016021425
10516,0.0072349748
10616,0.010420719
10716,0.019371916
10916,0.004276354
11216,0.00043529985
11316,0.0025004842
11716,0.0020490957
11916,0.043253224
12116,0.017830519
12416,0.01877306
12716,0.014613679
12916,0.01344864
13016,0.010857436
13416,0.025729083
13516,0.013046213
13616,0.010781341
13716,0.0015667714
13916,0.0093938885
14316,0.014547581
14416,0.0058249943
15416,0.0029133013
15616,0.020869233
15716,0.0083505595
15816,0.0007165783
15916,4.190199e-05
16116,0.0011503735
16216,0.011552339
16316,0.00061119563
16416,0.0009826666
16516,0.000113704096
16616,0.0036161519
17016,0.07204394
17116,0.00039092608
17216,0.0051223347
17316,0.00053112756
17416,0.0008111614
17616,0.0016648078
17716,0.011454775
17916,0.0012041649
18016,0.0012892118
18116,0.00022663324
18216,8.3147796e-05
18416,0.00011671148
18516,0.00022581879
18716,0.000107296146
18816,0.002769601
19116,0.027481027
19516,0.0005004604
19616,9.113491e-05
19716,0.0002476175
19816,1.7900435e-05
20716,0.0040989546
20816,0.0074331476
20916,0.004814531
21116,0.020613475
21216,0.0039142594
21416,0.005024763
21816,0.04612145
22016,0.010104849
22316,0.008796583
22416,0.020023461
22516,0.029727917
22616,0.09341441
22916,0.0008553738
23016,0.0008763941
23216,0.0004964376
23316,0.005191634
23616,0.00029366458
23716,0.0023969589
23816,0.0070982147
23916,0.013374523
24116,0.0048073726
24216,0.008522891
24416,0.00014800725
24516,0.0007156799
24616,6.231627e-05
24716,0.00031915447
25316,0.012387734
25416,0.004809496
25816,0.00081318733
26016,0.0051045073
26116,0.0010546263
26216,0.002695144
26316,0.006956435
26416,0.007288686
26616,0.039329834
26716,0.038899723
26816,0.0013305522
26916,0.0014707441
27016,0.00032448833
27316,0.007925476
27416,0.0021176345
27516,0.001718688
27916,0.0018456097
28016,0.0007141369
28116,0.0025779768
28316,0.039062213
28416,0.09823072
29016,0.0012814881
29116,0.0360255
29316,0.12778772
29616,0.00622679
29716,0.016788265
29816,0.01986484
29916,0.025364667
30016,0.012655056
30116,0.0024347792
30316,0.003769133
30416,0.0076555456
30716,0.004287248
30816,0.005354052
31116,0.0041545723
31216,0.013144865
31616,0.0016208244
31716,0.0043827523
31816,0.005794386
31916,0.027821729
32016,0.024915483
32116,0.0048659355
32816,0.00095257116
33016,0.00068871607
33116,0.0009972338
33516,0.0012154744
33716,0.0009989379
33816,0.0020566492
33916,0.00041983396
34016,2.38625e-05
34216,0.00053057517
34316,7.732825e-05
34416,3.281657e-05
34516,0.00028287072
34616,0.0004687478
34816,0.00016050777
35016,0.0009378087
35216,0.0068601463
35316,0.005986607
35516,0.0002601963
35616,0.0011724348
35716,0.0011432897
35916,0.002854466
36016,0.005428909
36116,0.0024355752
36616,0.017142558
37216,0.0009785271
37416,0.0039340113
37516,0.0020048912
37616,0.005268143
37716,0.0016787533
38116,0.06604369
38216,0.060656026
38316,0.07765347
38416,0.013977469
38616,0.027721653
38816,0.008292049
39116,0.0003889222
39216,0.0006520112
39316,0.0032864742
39416,0.0017440681
39616,0.007971854
39716,5.3280655e-08
39916,0.0011298687
40016,0.0016631327
40216,0.009352187
40516,0.00027578446
40616,0.0008493765
41816,0.010272601
42016,0.00749288
42716,0.0060092984
42916,0.0017589257
43616,0.004095294
44216,0.026175126
44516,0.0024431632
44716,0.0150018325
44916,0.04201404
45216,0.00054419955
45316,0.018594833
45516,0.005357738
45616,0.046248343
46116,0.038196616
46316,0.04940332
46516,0.0029311357
46916,0.00027827657
47016,0.0006207318
47116,0.001779189
47216,0.005002011
47316,0.02649242
47616,0.013622727
47716,0.003953788
47816,0.01476813
47916,0.00038910305
48216,0.0027733592
48616,0.0039586136
48716,0.00016146923
49116,0.003623569
49216,0.023981433
49616,0.0038109624
49716,0.003416439
49916,0.001590854
50116,0.003065329
50316,0.00029005826
50416,0.00018358412
50616,0.0037831683
50816,0.00022439258
50916,0.0014504463
51016,0.00026551535
51216,0.0008129182
51616,0.001164058
51816,0.0009655008
52016,7.316463e-05
52116,0.0018838966
52516,0.007626314
52616,0.003145054
52716,0.05851214
53216,0.012557631
53316,0.009083307
53416,0.004901575
53616,0.04795839
53916,0.016479852
54116,0.017695762
54216,0.031769346
54316,0.025336057
54416,0.016122583
54616,0.0010697467
55016,0.0051240115
55216,0.0028205488
55416,0.0020739045
55516,0.0019747363
55616,0.00065881206
56216,0.0038633698
56516,0.009410988
56716,0.00038761224
56816,0.0029576076
57016,0.001124338
57116,0.00089545496
57216,0.00156612
57316,0.00030429478
57516,0.00059120764
57916,0.008488081
58016,0.00031146867
58216,0.0007031858
58316,5.6761924e-05
58516,0.0017469506
58916,0.0021562267
59116,0.004314536
59216,0.0025740894
59516,0.00073804316
59616,0.0037653265
59816,0.0056010853
59916,0.0043931245
60416,0.0023350471
60516,0.0012066105
60816,0.02578426
61116,0.0050100274
61316,0.0045424923
61416,0.00541365
61716,0.03535592
62116,0.013266882
62416,0.15477194
62716,0.018108144
62816,0.026868565
63516,0.004215778
63616,0.005062349
63716,0.016293515
63816,0.009926382
63916,4.9917806e-05
64316,0.008067911
64416,0.01101011
17,0.020378154
117,0.029623257
417,0.001605969
617,0.0045362357
717,0.009060783
1017,0.021147624
1217,0.012800727
1717,0.010479673
2217,0.0048020096
2717,0.013106722
2817,0.005043101
2917,0.019962508
3017,0.0007644034
3117,0.01239069
3217,0.014748351
3317,0.0141209485
3417,0.0012774632
3717,0.002599074
4017,0.0017449642
4117,0.005746197
4217,0.069467254
4417,0.016935306
4717,0.0014169215
4817,0.0122688105
4917,0.018176895
5117,0.20220299
5217,0.017191375
5717,0.010462332
5917,0.0032299045
6217,0.013690119
6317,0.012223042
6517,0.0037114923
6617,0.010796416
6817,0.014187766
6917,0.0029602377
7017,0.02424521
7217,0.026295602
7417,0.42129844
7517,0.032283552
7717,0.0044296384
7917,0.02860221
8117,0.0020936225
8217,0.021024505
8317,0.021199558
8417,0.029899664
8517,0.0055187396
8617,0.016891913
8717,0.017186577
8917,0.0018312793
9017,0.009127283
9217,0.016546128
9517,0.0081586195
9817,0.015324389
9917,0.008932387
10117,0.006913227
10417,0.00859828
10517,0.008081176
10617,0.022029243
10717,0.15863276
10917,0.0038187895
11217,0.020724516
11317,0.004998271
11717,0.018054929
11917,0.007868365
12117,0.008301874
12417,0.003030733
12717,0.009395852
12917,0.0054499544
13017,0.017196022
13417,0.008933648
13517,0.02782084
13617,0.005548522
13717,0.0017841299
13917,0.102319755
14317,0.008312491
14417,0.002687259
15417,0.0062948074
15617,0.00681022
15717,0.0050869877
15817,0.009728097
15917,0.002224562
16117,0.041246917
16217,0.0066713193
16317,0.033671483
16417,0.017944623
16517,0.00084263337
16617,0.020312456
17017,0.005849845
17117,0.03199415
17217,0.042472523
17317,0.011886594
17417,0.012320542
17617,0.025894742
17717,0.0065629887
17917,0.022070916
18017,0.013344049
18117,0.012451278
18217,0.0063434085
18417,0.0019736008
18517,0.0066692256
18717,0.024820812
18817,0.009330435
19117,0.00693654
19517,0.0075645936
19617,0.0025471528
19717,0.0020744705
19817,0.0015017488
20717,0.0053926595
20817,0.004875812
20917,0.016548619
21117,0.012305664
21217,0.0135896625
21417,0.0024786491
21817,0.07369351
22017,0.014383234
22317,0.34037104
22417,0.0021406594
22517,0.028099349
22617,0.011685153
22917,0.0028185493
23017,0.0061909445
23217,0.1454303
23317,0.06597866
23617,0.04232177
23717,0.023933351
23817,0.02956948
23917,0.012372822
24117,0.002854274
24217,0.015741687
24417,0.03341844
24517,0.05402069
24617,0.05650741
24717,0.0076234876
25317,0.028110612
25417,0.027968287
25817,0.0020674372
26017,0.0062052393
26117,0.0033100282
26217,0.004033408
26317,0.031593055
26417,0.0044263825
26617,0.012122684
26717,0.015083617
26817,0.0068176407
26917,0.006262235
27017,0.00984694
27317,0.0045152744
27417,0.0070204907
27517,0.039047398
27917,0.008051147
28017,0.06960506
28117,0.0024238923
28317,0.015014872
28417,0.0070426953
29017,0.0061498345
29117,0.009019932
29317,0.018996643
29617,0.016023038
29717,0.0027236606
29817,0.007611755
29917,0.010843847
30017,0.0075449413
30117,0.0039173383
30317,0.020596426
30417,0.022692736
30717,0.0028261037
30817,0.009729932
31117,0.0038292115
31217,0.005071841
31617,0.009627524
31717,0.003471347
31817,0.005773725
31917,0.0042455164
32017,0.004274582
32117,0.019036174
32817,0.002997527
33017,0.04512853
33117,0.001975498
33517,0.005326885
33717,0.015928036
33817,0.033499602
33917,0.004470529
34017,0.007988917
34217,0.00737567
34317,0.0068883155
34417,0.009812231
34517,0.01172624
34617,0.013695093
34817,0.006603441
35017,0.0091720885
35217,0.028121086
35317,0.0018134539
35517,0.0027421066
35617,0.0026262894
35717,0.0030472917
35917,0.0053747445
36017,0.0043949094
36117,0.0045475424
36617,0.0034265856
37217,0.15176548
37417,0.016760077
37517,0.02716868
37617,0.0042820266
37717,0.010681091
38117,0.03448317
38217,0.021833347
38317,0.022137739
38417,0.008856619
38617,0.005608932
38817,0.005667176
39117,0.0065908995
39217,0.002383349
39317,0.013670701
39417,0.022357361
39617,0.07174874
39717,0.004269636
39917,0.0070799976
40017,0.02607309
40217,0.020887125
40517,0.0035180163
40617,0.028395943
41817,0.005127644
42017,0.026333636
42717,0.014936869
42917,0.030753715
43617,0.011193171
44217,0.0055702813
44517,0.013868447
44717,0.028009327
44917,0.0060452577
45217,0.15617739
45317,0.09721606
45517,0.02443605
45617,0.014386592
46117,0.003946879
46317,0.00709459
46517,0.0045241364
46917,0.018576756
47017,0.082538806
47117,0.0016509744
47217,0.010350515
47317,0.0077899164
47617,0.00588949
47717,0.01974673
47817,0.0027350278
47917,0.009917346
48217,0.0075451965
48617,0.021986393
48717,0.0012830668
49117,0.008735704
49217,0.0130884675
49617,0.025668982
49717,0.054808613
49917,0.004121992
50117,0.04745347
50317,0.0031857092
50417,0.016113505
50617,0.006180484
50817,0.01118204
50917,0.0113619715
51017,0.0091133965
51217,0.012782314
51617,0.0041110134
51817,0.0050203125
52017,0.00063674495
52117,0.06448542
52517,0.022253044
52617,0.0037010002
52717,0.007352062
53217,0.043164153
53317,0.033377063
53417,0.05220268
53617,0.017336164
53917,0.004110442
54117,0.0025085197
54217,0.0037543857
54317,0.010557496
54417,0.007790944
54617,0.0129749775
55017,0.0043116724
55217,0.003469723
55417,0.03157013
55517,0.03847304
55617,0.30434906
56217,0.025705287
56517,0.009114273
56717,0.023677366
56817,0.027606755
57017,0.016001882
57117,0.017107496
57217,0.0039961487
57317,0.0033055516
57517,0.008124719
57917,0.010656902
58017,0.0022255015
58217,0.0022472672
58317,0.03254869
58517,0.003755635
58917,0.09375131
59117,0.003616314
59217,0.004383705
59517,0.0014101507
59617,0.002158412
59817,0.016434014
59917,0.027158996
60417,0.0030559958
60517,0.019706544
60817,0.006025115
61117,0.010322013
61317,0.0031382095
61417,0.004418661
61717,0.008498245
62117,0.00417385
62417,0.0134983845
62717,0.015817529
62817,0.014000532
63517,0.010863055
63617,0.009918168
63717,0.043959178
63817,0.014803107
63917,0.003932937
64317,0.008656686
64417,0.012427823
18,0.031641636
118,0.008046773
418,0.00073860236
618,0.10865158
718,0.04335327
1018,0.0016241496
1218,0.007492489
1718,0.0013196185
2218,0.00047030646
2718,0.00030564444
2818,0.05040971
2918,0.013922029
3018,0.20491448
3118,0.008050852
3218,0.26273936
3318,0.16643077
3418,0.0001650121
3718,0.00022652575
4018,0.5393078
4118,0.0136777125
4218,0.008210777
4418,0.009036009
4718,0.83551234
4818,0.004517751
4918,0.07611974
5118,0.15989363
5218,0.009225393
5718,0.018933786
5918,0.032064874
6218,0.02582834
6318,0.104266
6518,0.0020413978
6618,0.10437166
6818,0.034017798
6918,0.0024150447
7018,0.0036509433
7218,0.000722928
7418,0.0060567195
7518,0.014151991
7718,0.00032002764
7918,0.003322886
8118,0.108853355
8218,0.0036637902
8318,0.002911005
8418,0.0140832225
8518,0.00067015964
8618,0.0015096437
8718,0.0019073645
8918,0.0036137362
9018,0.005996997
9218,0.0010778144
9518,0.015321196
9818,0.010022063
9918,0.007486588
10118,0.0043113204
10418,0.05870674
10518,0.07567142
10618,0.006699448
10718,0.019177146
10918,0.113491036
11218,0.0027096516
11318,0.0081088655
11718,0.003454146
11918,0.035977043
12118,0.02309526
12418,0.02230776
12718,0.032787286
12918,0.016440695
13018,0.03480032
13418,0.06382604
13518,0.031771682
13618,0.035482757
13718,0.0030948983
13918,0.011062137
14318,0.0057055335
14418,0.018885897
15418,0.015497062
15618,0.19892254
15718,0.009353779
15818,0.0024060912
15918,0.00038831084
16118,0.014502841
16218,0.051579546
16318,0.002238909
16418,0.0047555356
16518,0.00019084067
16618,0.002950276
17018,0.032700647
17118,0.00189078
17218,0.020620126
17318,0.0012195639
17418,0.0051998063
17618,0.103122555
17718,0.026958844
17918,0.00651717
18018,0.004186618
18118,0.00094391126
18218,0.00031036863
18418,0.00015201405
18518,0.0006954339
18718,0.0004649394
18818,0.00825909
19118,0.12024788
19518,0.0025951427
19618,0.00021903125
19718,0.0003697807
19818,1.6556141e-05
20718,0.0033566835
20818,0.059384782
20918,0.0053674285
21118,0.11456722
21218,0.010121906
21418,0.012787869
21818,0.06506383
22018,0.021394873
22318,0.006342402
22418,0.1337166
22518,0.016681999
22618,0.05318688
22918,0.0016818084
23018,0.00090915634
23218,0.00342523
23318,0.009418127
23618,0.0025225566
23718,0.014046718
23818,0.006890042
23918,0.008298071
24118,0.008808265
24218,0.013682117
24418,0.0012905766
24518,0.012491864
24618,0.0004284524
24718,0.0034646962
25318,0.028403996
25418,0.010645093
25818,0.0049350983
26018,0.028913647
26118,0.004397911
26218,0.0065740985
26318,0.048496045
26418,0.0020659294
26618,0.026824279
26718,0.08799741
26818,0.006774025
26918,0.008811502
27018,0.005593934
27318,0.012893561
27418,0.029367369
27518,0.003964329
27918,0.0061679487
28018,0.0060133096
28118,0.010769326
28318,0.15867239
28418,0.04110479
29018,0.0062950617
29118,0.106109284
29318,0.0586988
29618,0.0061699594
29718,0.02162885
29818,0.0027427142
29918,0.034363378
30018,0.005430633
30118,0.0069112894
30318,0.007067541
30418,0.03835144
30718,0.010587282
30818,0.009925843
31118,0.05018798
31218,0.03483066
31618,0.0061441055
31718,0.024081727
31818,0.025093371
31918,0.072163425
32018,0.014531181
32118,0.013819274
32818,0.02361575
33018,0.003594919
33118,0.0037190344
33518,0.041010357
33718,0.0030450851
33818,0.007169561
33918,0.0012010041
34018,3.3076e-05
34218,0.00077797845
34318,0.00035158428
34418,5.10457e-05
34518,0.0011474991
34618,0.003076939
34818,0.0003037774
35018,0.001372127
35218,0.0063127456
35318,0.5148702
35518,0.00028815225
35618,0.001852299
35718,0.0023889584
35918,0.06537937
36018,0.06753725
36118,0.004166196
36618,0.13024545
37218,0.025033267
37418,0.029366395
37518,0.0057384535
37618,0.0048201974
37718,0.008911864
38118,0.033526316
38218,0.013098703
38318,0.061639708
38418,0.018602746
38618,0.02105957
38818,0.0040760245
39118,0.0014247689
39218,0.0017931034
39318,0.0034580366
39418,0.017052826
39618,0.054065023
39718,1.5292493e-05
39918,0.015004069
40018,0.012379649
40218,0.014188014
40518,0.007130881
40618,0.0025621261
41818,0.0138105005
42018,0.021246703
42718,0.05290326
42918,0.0024416246
43618,0.01127915
44218,0.009365966
44518,0.0035392938
44718,0.06246073
44918,0.023895143
45218,0.0011754032
45318,0.044257227
45518,0.007340742
45618,0.0512138
46118,0.05189617
46318,0.030954732
46518,0.0060457964
46918,0.0010144289
47018,0.010158825
47118,0.0076765697
47218,0.038656194
47318,0.06060877
47618,0.078223996
47718,0.018938903
47818,0.037271295
47918,0.002765077
48218,0.05684234
48618,0.004855445
48718,0.0005662074
49118,0.11486879
49218,0.062748194
49618,0.021220975
49718,0.005497946
49918,0.009914938
50118,0.01202677
50318,0.0005193863
50418,0.0006832501
50618,0.0032952647
50818,0.0007064645
50918,0.002584921
51018,0.0008668665
51218,0.0009460327
51618,0.0034706662
51818,0.004180451
52018,9.874762e-05
52118,0.007318212
52518,0.01787313
52618,0.006712264
52718,0.069444664
53218,0.011768408
53318,0.031206673
53418,0.059795182
53618,0.014205082
53918,0.15104862
54118,0.112938516
54218,0.018192183
54318,0.016149065
54418,0.030486938
54618,0.0008291979
55018,0.0036956354
55218,0.0023284934
55418,0.0054488056
55518,0.0056255804
55618,0.008118907
56218,0.029543648
56518,0.012002013
56718,0.0018138958
56818,0.007700304
57018,0.002336862
57118,0.0012555079
57218,0.004809031
57318,0.0004881202
57518,0.0009939693
57918,0.027243078
58018,0.0017217388
58218,0.005353315
58318,0.0007783095
58518,0.010472949
58918,0.002965308
59118,0.018472394
59218,0.010077409
59518,0.019338029
59618,0.030173033
59818,0.016597474
59918,0.016429227
60418,0.0057271407
60518,0.0043861973
60818,0.043633264
61118,0.0058136177
61318,0.054328363
61418,0.009539389
61718,0.019259537
62118,0.005560123
62418,0.1622644
62718,0.018318253
62818,0.06258578
63518,0.012558417
63618,0.020856876
63718,0.043941718
63818,0.035621416
63918,0.00044572563
64318,0.007113092
64418,0.03964761
