Id,Probability
0,0.008707599
100,0.009754387
400,5.3930194e-06
600,0.050506122
700,0.038510874
1000,0.008914449
1200,0.0033190262
1700,0.0032188287
2200,0.008252398
2700,1.39377105e-08
2800,0.0023729103
2900,0.03814262
3000,0.04301297
3100,0.01868324
3200,0.0033803314
3300,0.023605961
3400,0.0010311654
3700,4.038714e-05
4000,0.04059688
4100,1.5911635e-11
4200,0.08285922
4400,0.018917384
4700,0.034928128
4800,0.027646711
4900,0.009621573
5100,0.042563938
5200,0.0659804
5700,0.020526785
5900,0.020761209
6200,0.027151363
6300,0.051342513
6500,0.03893983
6600,0.05270562
6800,0.0429658
6900,3.8700896e-06
7000,0.00048063963
7200,7.88387e-07
7400,0.036429077
7500,0.014617118
7700,0.013041103
7900,0.002079207
8100,0.009772511
8200,0.042960547
8300,0.040101748
8400,0.040753618
8500,0.010592296
8600,0.047396768
8700,0.0136364475
8900,0.035165995
9000,0.006425669
9200,0.026531255
9500,0.0059624
9800,0.049079537
9900,0.015211597
10100,0.0013621987
10400,0.07504721
10500,0.040868275
10600,0.014522197
10700,0.04851035
10900,0.0530911
11200,0.017029908
11300,0.00015630557
11700,0.00030055575
11900,0.026327094
12100,0.02268691
12400,0.025697455
12700,0.045389105
12900,0.032318305
13000,0.018907012
13400,0.0499579
13500,0.02185203
13600,0.033547144
13700,0.020287037
13900,0.037949324
14300,0.029545387
14400,0.0012244977
15400,0.0025974272
15600,0.06299977
15700,0.025864538
15800,0.05156201
15900,0.0131323645
16100,0.0034457457
16200,0.024244696
16300,0.073584
16400,0.006019836
16500,3.2200976e-05
16600,0.012531603
17000,0.050994843
17100,0.00232631
17200,0.002989708
17300,0.028516304
17400,0.011788211
17600,0.0045766113
17700,0.009423336
17900,0.003353898
18000,0.0024676435
18100,5.0013696e-06
18200,4.849228e-07
18400,0.0034112828
18500,0.007850491
18700,4.7066623e-10
18800,0.028068975
19100,0.0051625054
19500,0.018195637
19600,2.2105226e-06
19700,0.0017265298
19800,8.616253e-06
20700,0.021700101
20800,0.008320491
20900,0.009868701
21100,0.049314935
21200,0.008815928
21400,0.017158117
21800,0.056428
22000,0.022092445
22300,0.03320017
22400,0.06303042
22500,0.02004292
22600,0.057674456
22900,6.4372153e-07
23000,2.0330674e-06
23200,0.04975087
23300,0.012256844
23600,0.014495621
23700,0.030598449
23800,0.0016430363
23900,0.032655023
24100,0.010218109
24200,0.034179077
24400,0.0059123705
24500,0.0026896237
24600,5.1737693e-06
24700,0.010500193
25300,5.4946136e-06
25400,0.03074377
25800,0.0010162194
26000,0.0031030138
26100,0.012218308
26200,0.024695676
26300,0.055815782
26400,0.011615669
26600,0.06721009
26700,0.045700815
26800,0.0006098712
26900,0.0009182734
27000,0.048142135
27300,0.02906344
27400,0.0067301574
27500,0.0021357099
27900,0.0023110611
28000,0.014768406
28100,0.0042464943
28300,0.08021447
28400,0.040572092
29000,0.009945952
29100,0.07401171
29300,0.05715406
29600,0.015967833
29700,0.013583165
29800,0.047757268
29900,0.019013887
30000,0.03246681
30100,0.0017097831
30300,0.02873569
30400,0.0359317
30700,0.0011178526
30800,0.015495797
31100,0.00211614
31200,0.01498251
31600,0.033204753
31700,0.003270504
31800,0.007271867
31900,0.02434848
32000,0.022912307
32100,0.002249993
32800,0.042279046
33000,0.008168016
33100,0.0064517604
33500,0.018858206
33700,0.0034965344
33800,0.0012664738
33900,8.97201e-09
34000,0.0006662626
34200,2.5612864e-05
34300,0.0016494251
34400,9.785965e-07
34500,0.00035357432
34600,0.02625788
34800,0.00012916101
35000,0.005872548
35200,0.004474979
35300,0.01942226
35500,0.01798877
35600,0.011330264
35700,0.01062122
35900,0.0014742997
36000,0.00398433
36100,0.03919482
36600,0.0033924335
37200,0.005919664
37400,0.034984797
37500,0.02472777
37600,0.0018487762
37700,0.020804988
38100,0.011502464
38200,0.035176314
38300,0.036522362
38400,0.050692778
38600,0.015883077
38800,0.013346911
39100,0.018909412
39200,5.1956675e-07
39300,0.00072234473
39400,0.00049299886
39600,0.035765618
39700,1.4031293e-07
39900,0.019342424
40000,0.008916241
40200,0.010047846
40500,0.010758024
40600,0.023267943
41800,0.0015521297
42000,0.017046088
42700,0.02495914
42900,0.016657261
43600,0.0007334033
44200,0.021725036
44500,0.0046646013
44700,0.039366115
44900,0.040111348
45200,0.04121986
45300,0.04013959
45500,0.03265936
45600,0.020748716
46100,0.015438398
46300,0.046319038
46500,0.00083413493
46900,0.011042865
47000,9.5888485e-05
47100,0.0011472458
47200,0.02062568
47300,0.060581
47600,0.02056081
47700,0.033141047
47800,0.022917021
47900,0.045678165
48200,0.0038731892
48600,0.035457574
48700,5.236208e-06
49100,0.02271871
49200,0.011658386
49600,0.0046292776
49700,0.0022469321
49900,0.03426654
50100,0.0020841556
50300,1.18841335e-05
50400,3.1691147e-06
50600,8.9478905e-05
50800,2.0929143e-07
50900,0.0018820899
51000,0.017958889
51200,6.7072564e-05
51600,5.880693e-06
51800,0.033391964
52000,5.8801133e-06
52100,0.01894166
52500,0.004815565
52600,0.005362906
52700,0.0043782936
53200,0.026969168
53300,0.0074406546
53400,0.0027826831
53600,0.018282788
53900,0.014288275
54100,0.043002795
54200,0.050188906
54300,0.034936354
54400,0.048851445
54600,0.00215396
55000,0.020196702
55200,0.00031966547
55400,0.0036001503
55500,0.0042141792
55600,0.0344906
56200,0.018752484
56500,0.03276821
56700,0.044268265
56800,0.00086751545
57000,0.0012697763
57100,0.028491229
57200,0.059593733
57300,0.000599273
57500,0.014571933
57900,0.006735881
58000,0.028988712
58200,0.014338492
58300,4.2963296e-05
58500,0.056584954
58900,0.014982876
59100,0.006787415
59200,0.0036581527
59500,0.0009426762
59600,0.0044203973
59800,0.011456497
59900,0.0059810383
60400,0.0013682225
60500,0.03060426
60800,0.032641545
61100,0.01089203
61300,0.011592906
61400,0.002537979
61700,0.012954469
62100,0.009777469
62400,0.069182456
62700,0.008875552
62800,0.03527411
63500,0.0017504069
63600,0.02805393
63700,0.021728147
63800,0.031020235
63900,0.031952985
64300,0.0237707
64400,0.0035932336
1,0.2912765
101,0.19434513
401,0.4477149
601,0.047249466
701,0.21906167
1001,0.3715609
1201,0.061219916
1701,0.45597246
2201,0.19376498
2701,0.9999935
2801,0.008665735
2901,0.061840065
3001,0.05681095
3101,0.15755185
3201,0.31394467
3301,0.12573019
3401,0.0344454
3701,0.92018116
4001,0.16043581
4101,0.99999744
4201,0.083403915
4401,0.028276509
4701,0.032611232
4801,0.28855085
4901,0.0057781814
5101,0.036681175
5201,0.1520747
5701,0.30722088
5901,0.18697786
6201,0.6020501
6301,0.19955935
6501,0.07611752
6601,0.24913996
6801,0.0943077
6901,0.9259861
7001,0.81437904
7201,0.9987432
7401,0.04449323
7501,0.25821567
7701,0.109344706
7901,0.7941549
8101,0.068481
8201,0.14146295
8301,0.0645104
8401,0.04822053
8501,0.13470052
8601,0.09806286
8701,0.27579936
8901,0.061970152
9001,0.31747633
9201,0.122642055
9501,0.015790474
9801,0.077306375
9901,0.03933013
10101,0.04012744
10401,0.1110778
10501,0.29526672
10601,0.029612318
10701,0.03844411
10901,0.1311631
11201,0.097714916
11301,0.9118877
11701,0.30654407
11901,0.28732875
12101,0.038326245
12401,0.045112506
12701,0.13686815
12901,0.12713051
13001,0.01214273
13401,0.12219889
13501,0.16990355
13601,0.22280286
13701,0.24345052
13901,0.03586271
14301,0.28237504
14401,0.0031807974
15401,0.004267597
15601,0.11815614
15701,0.041768104
15801,0.043990128
15901,0.19045751
16101,0.0728351
16201,0.38847473
16301,0.16162112
16401,0.3236899
16501,0.2846036
16601,0.03307978
17001,0.18248746
17101,0.51138157
17201,0.4409885
17301,0.12285339
17401,0.04150123
17601,0.05709752
17701,0.08827825
17901,0.51942426
18001,0.55418456
18101,0.9984127
18201,0.9999103
18401,0.20187527
18501,0.1941881
18701,0.9999996
18801,0.21740966
19101,0.012983532
19501,0.06498106
19601,0.94878215
19701,0.040463414
19801,0.973128
20701,0.11091227
20801,0.008806355
20901,0.027090458
21101,0.14034769
21201,0.06453586
21401,0.054092314
21801,0.25277436
22001,0.1783283
22301,0.1380707
22401,0.15171713
22501,0.67727387
22601,0.09199069
22901,0.68993646
23001,0.9988732
23201,0.045266725
23301,0.063706644
23601,0.5891813
23701,0.09775033
23801,0.7535663
23901,0.06249908
24101,0.054962162
24201,0.029189859
24401,0.20997506
24501,0.8512834
24601,0.9865493
24701,0.3519958
25301,0.09696091
25401,0.03420171
25801,0.010916463
26001,0.004666239
26101,0.029247072
26201,0.100162484
26301,0.16916834
26401,0.01013558
26601,0.17428873
26701,0.08035558
26801,0.26296285
26901,0.803675
27001,0.048654094
27301,0.065292634
27401,0.17544127
27501,0.56234133
27901,0.11794955
28001,0.386814
28101,0.0056059766
28301,0.07692642
28401,0.2487448
29001,0.011575372
29101,0.09522755
29301,0.2437861
29601,0.16308972
29701,0.011908594
29801,0.043272384
29901,0.29211307
30001,0.46040937
30101,0.0023905146
30301,0.26949212
30401,0.32033265
30701,0.004986983
30801,0.007828369
31101,0.005336042
31201,0.16874506
31601,0.12120309
31701,0.005906373
31801,0.022742232
31901,0.47457847
32001,0.18020794
32101,0.25514987
32801,0.22696832
33001,0.20487463
33101,0.15139586
33501,0.07629389
33701,0.4037927
33801,0.5950061
33901,0.99996144
34001,0.8953227
34201,0.9912556
34301,0.5269691
34401,0.9994692
34501,0.9553243
34601,0.12892625
34801,0.96769255
35001,0.45226464
35201,0.4460899
35301,0.08845512
35501,0.040484387
35601,0.035601303
35701,0.021632044
35901,0.041101217
36001,0.053822324
36101,0.17178252
36601,0.005764233
37201,0.3970403
37401,0.040043745
37501,0.1315676
37601,0.015206964
37701,0.6092452
38101,0.5684334
38201,0.3511272
38301,0.4381007
38401,0.18215537
38601,0.22996086
38801,0.15658301
39101,0.47147545
39201,0.7303452
39301,0.1759479
39401,0.96020395
39601,0.07540218
39701,0.9917039
39901,0.056629755
40001,0.5702619
40201,0.11962091
40501,0.11292745
40601,0.19108124
41801,0.0046338784
42001,0.045903124
42701,0.19197446
42901,0.11131689
43601,0.009894379
44201,0.038247187
44501,0.60485125
44701,0.06801366
44901,0.18735935
45201,0.026335696
45301,0.04199879
45501,0.06167723
45601,0.58064187
46101,0.029491533
46301,0.27657947
46501,0.002101653
46901,0.2583083
47001,0.9424815
47101,0.0066218763
47201,0.020049123
47301,0.33230442
47601,0.030789413
47701,0.3711371
47801,0.42294475
47901,0.1319459
48201,0.11612817
48601,0.022387061
48701,0.2522425
49101,0.029068572
49201,0.3204047
49601,0.02392327
49701,0.46115577
49901,0.17017137
50101,0.4930588
50301,0.9957166
50401,0.9987034
50601,0.957437
50801,0.99996513
50901,0.18379457
51001,0.24395546
51201,0.9236193
51601,0.9506268
51801,0.120499946
52001,0.0644168
52101,0.10751848
52501,0.7836302
52601,0.012946799
52701,0.03426127
53201,0.13249522
53301,0.031754658
53401,0.85795766
53601,0.38899696
53901,0.027436025
54101,0.092023335
54201,0.037201375
54301,0.09696862
54401,0.09654139
54601,0.24319208
55001,0.25894257
55201,0.052382443
55401,0.47641557
55501,0.49098018
55601,0.12201437
56201,0.023025662
56501,0.15188809
56701,0.06766743
56801,0.056757055
57001,0.197159
57101,0.101129845
57201,0.04950991
57301,0.62062925
57501,0.18187027
57901,0.05863215
58001,0.02413509
58201,0.03441012
58301,0.9946062
58501,0.027412415
58901,0.21269038
59101,0.0084223235
59201,0.027895683
59501,0.056643516
59601,0.0045130877
59801,0.46480218
59901,0.03082981
60401,0.01527237
60501,0.06096437
60801,0.26071987
61101,0.08822581
61301,0.016100142
61401,0.0026782306
61701,0.26996312
62101,0.011850199
62401,0.18589628
62701,0.78834075
62801,0.30484855
63501,0.005954781
63601,0.37309316
63701,0.46981186
63801,0.39826566
63901,0.08176025
64301,0.28557092
64401,0.5247766
2,0.0030348038
102,0.0028275268
402,3.3692108e-05
602,0.01051905
702,0.011099878
1002,0.003153318
1202,0.025704514
1702,0.0022575632
2202,0.002912532
2702,1.3091733e-06
2802,0.0036868867
2902,0.023187043
3002,0.006261774
3102,0.032201454
3202,0.00508098
3302,0.008372556
3402,0.0013900767
3702,0.00044729566
4002,0.0072535193
4102,4.7234634e-09
4202,0.03952916
4402,0.04347036
4702,0.008727722
4802,0.009427523
4902,0.012526238
5102,0.0122767035
5202,0.008091235
5702,0.0065528853
5902,0.017316682
6202,0.0071627474
6302,0.013006293
6502,0.01476505
6602,0.00834422
6802,0.007826066
6902,0.00016825668
7002,0.016889298
7202,4.6160935e-06
7402,0.005207234
7502,0.005281631
7702,0.0105880145
7902,0.050180648
8102,0.010107847
8202,0.02983408
8302,0.016113602
8402,0.0140558705
8502,0.0074255187
8602,0.0152581325
8702,0.012358289
8902,0.015616012
9002,0.009562448
9202,0.043545533
9502,0.00894259
9802,0.027763546
9902,0.0063495575
10102,0.0016704387
10402,0.017347228
10502,0.03413108
10602,0.04423437
10702,0.0035384244
10902,0.01119326
11202,0.046172537
11302,0.00837057
11702,0.0027614248
11902,0.0066971434
12102,0.012107762
12402,0.04329593
12702,0.017307851
12902,0.009010084
13002,0.0072269347
13402,0.011329525
13502,0.012067284
13602,0.012391876
13702,0.0049876967
13902,0.011922009
14302,0.0063046715
14402,0.0067349463
15402,0.0028674665
15602,0.011212021
15702,0.0070653697
15802,0.013865846
15902,0.010667962
16102,0.0032285573
16202,0.01108065
16302,0.0148357535
16402,0.0021994868
16502,6.362467e-05
16602,0.034417342
17002,0.011911527
17102,0.0016147444
17202,0.001827328
17302,0.019935202
17402,0.0075758034
17602,0.010388227
17702,0.005509927
17902,0.0021991415
18002,0.001910227
18102,0.0010900124
18202,1.9459509e-05
18402,0.006265791
18502,0.0045058434
18702,1.8842995e-07
18802,0.050798863
19102,0.0032020563
19502,0.017278321
19602,1.2817026e-05
19702,0.0012884665
19802,0.0001361147
20702,0.014331419
20802,0.015915513
20902,0.044085756
21102,0.015392494
21202,0.009079401
21402,0.010865199
21802,0.010663227
22002,0.010106785
22302,0.0061000697
22402,0.008801823
22502,0.0044621346
22602,0.006905534
22902,0.00012034999
23002,2.1069436e-05
23202,0.007243426
23302,0.017469216
23602,0.027777338
23702,0.32824847
23802,0.0083646225
23902,0.010322942
24102,0.0044409004
24202,0.058335777
24402,0.02739019
24502,0.003772681
24602,0.00073826505
24702,0.01261238
25302,2.9647847e-05
25402,0.024749741
25802,0.066014536
26002,0.0037857827
26102,0.0644572
26202,0.016181162
26302,0.010127175
26402,0.005082042
26602,0.0076039317
26702,0.012128302
26802,0.43422273
26902,0.005721358
27002,0.033521753
27302,0.014840335
27402,0.016460253
27502,0.0115102185
27902,0.3605174
28002,0.31969497
28102,0.009590215
28302,0.011086701
28402,0.009351147
29002,0.014857651
29102,0.011781914
29302,0.0057696584
29602,0.005294859
29702,0.005697175
29802,0.0101932315
29902,0.0070956945
30002,0.005803658
30102,0.0055874684
30302,0.0067830198
30402,0.005904766
30702,0.0064429473
30802,0.039526843
31102,0.017449358
31202,0.004426689
31602,0.011847929
31702,0.0038535828
31802,0.019638235
31902,0.0065996735
32002,0.010388179
32102,0.0010404754
32802,0.014197291
33002,0.0026666147
33102,0.0030290673
33502,0.010556907
33702,0.0044322032
33802,0.001339353
33902,2.1987278e-05
34002,0.0011974303
34202,7.9852834e-05
34302,0.0020908643
34402,1.1197532e-05
34502,0.0014883423
34602,0.18879554
34802,0.0031625386
35002,0.003709928
35202,0.0048199557
35302,0.025731973
35502,0.011691759
35602,0.013340978
35702,0.0050659096
35902,0.0028277158
36002,0.0057268245
36102,0.01448165
36602,0.00785271
37202,0.00392605
37402,0.011773705
37502,0.008256341
37602,0.030596493
37702,0.0072524743
38102,0.0024898455
38202,0.009218766
38302,0.004581908
38402,0.017023774
38602,0.015646096
38802,0.007750757
39102,0.0205107
39202,9.260257e-05
39302,0.5752064
39402,0.0029146369
39602,0.037548743
39702,2.4742354e-07
39902,0.027119879
40002,0.055779245
40202,0.012754658
40502,0.0054965094
40602,0.0077618416
41802,0.0083511295
42002,0.02733529
42702,0.015048691
42902,0.021672757
43602,0.0016377609
44202,0.013522994
44502,0.12344155
44702,0.030188432
44902,0.01573724
45202,0.020182267
45302,0.004336155
45502,0.006629803
45602,0.0037104823
46102,0.013581202
46302,0.008754535
46502,0.006120471
46902,0.0055691362
47002,0.0017921582
47102,0.017258927
47202,0.026814451
47302,0.009296403
47602,0.026511414
47702,0.0068493714
47802,0.0051061898
47902,0.017348502
48202,0.003897175
48602,0.010668019
48702,2.0678855e-05
49102,0.010007223
49202,0.0041912114
49602,0.006569633
49702,0.3843293
49902,0.0072973473
50102,0.0014095015
50302,0.00010314274
50402,0.0008830357
50602,0.00079617096
50802,1.0284042e-05
50902,0.0032024877
51002,0.028285703
51202,0.01739223
51602,2.5363139e-05
51802,0.013361984
52002,5.671154e-06
52102,0.022160567
52502,0.010135214
52602,0.026417648
52702,0.009853873
53202,0.007533933
53302,0.025479749
53402,0.003537294
53602,0.0047980547
53902,0.021943247
54102,0.01731608
54202,0.008298327
54302,0.009069822
54402,0.012229584
54602,0.0021816315
55002,0.013427629
55202,0.038758248
55402,0.14877191
55502,0.014617944
55602,0.011298909
56202,0.03259508
56502,0.011182924
56702,0.010247591
56802,0.0023029218
57002,0.0071027963
57102,0.017419636
57202,0.01524641
57302,0.0008004993
57502,0.006734948
57902,0.002887352
58002,0.015384301
58202,0.06242848
58302,0.0004178861
58502,0.037908982
58902,0.015677314
59102,0.008167883
59202,0.014663168
59502,0.104699194
59602,0.0066375937
59802,0.018153712
59902,0.0136617925
60402,0.3278876
60502,0.09049372
60802,0.005807138
61102,0.06522943
61302,0.019397868
61402,0.029094426
61702,0.007463688
62102,0.005681766
62402,0.005389012
62702,0.0021058817
62802,0.017687613
63502,0.0044426094
63602,0.0097570885
63702,0.0025312153
63802,0.007434459
63902,0.009062009
64302,0.0076814755
64402,0.0010752574
3,0.0011573111
103,0.0010137381
403,8.3378495e-07
603,0.003894449
703,0.010775031
1003,0.0015748354
1203,0.00062177755
1703,0.0007397769
2203,0.0017765992
2703,3.636186e-10
2803,0.00076400116
2903,0.009547309
3003,0.005158451
3103,0.0054681497
3203,0.00065194175
3303,0.023346111
3403,0.00022871459
3703,9.161553e-06
4003,0.0068247556
4103,8.540154e-14
4203,0.0049559358
4403,0.003221725
4703,0.004384302
4803,0.008935313
4903,0.0011979174
5103,0.004177382
5203,0.0047231754
5703,0.007344159
5903,0.0039243177
6203,0.003781363
6303,0.007720494
6503,0.014477411
6603,0.010700487
6803,0.020735824
6903,1.6682307e-07
7003,2.4525983e-05
7203,1.06227045e-08
7403,0.010846209
7503,0.005243903
7703,0.0029514171
7903,0.00012932997
8103,0.0018330563
8203,0.011067547
8303,0.014574819
8403,0.08406057
8503,0.0024142745
8603,0.011713742
8703,0.0011379344
8903,0.007173072
9003,0.0007236058
9203,0.008848501
9503,0.0033188842
9803,0.0079236
9903,0.008502301
10103,0.00027699658
10403,0.019424435
10503,0.012500105
10603,0.122805946
10703,0.0065415422
10903,0.004055761
11203,0.0050739427
11303,1.8854169e-05
11703,6.0549562e-05
11903,0.008761565
12103,0.06921225
12403,0.009890228
12703,0.0050758542
12903,0.010154128
13003,0.0027685198
13403,0.009510553
13503,0.0058746953
13603,0.051989045
13703,0.021175472
13903,0.0039149616
14303,0.038873382
14403,0.00050570053
15403,0.0006100718
15603,0.009084617
15703,0.062282573
15803,0.019438153
15903,0.0019992979
16103,0.0018301175
16203,0.0035904746
16303,0.0048551206
16403,0.0005825298
16503,3.4063514e-06
16603,0.0036167814
17003,0.009479171
17103,0.0004495527
17203,0.00057358504
17303,0.0036504688
17403,0.0036243421
17603,0.001660994
17703,0.002103543
17903,0.0005127912
18003,0.00041471428
18103,1.2399953e-07
18203,1.7326894e-08
18403,0.00078929984
18503,0.0010752213
18703,4.2049133e-12
18803,0.002608875
19103,0.00075492833
19503,0.003343361
19603,4.979122e-07
19703,0.0003828485
19803,8.2741695e-07
20703,0.01867833
20803,0.0031684488
20903,0.0020287
21103,0.0029775053
21203,0.0046280143
21403,0.0016141182
21803,0.007268572
22003,0.013880313
22303,0.007928337
22403,0.0070394
22503,0.0022103053
22603,0.009975123
22903,2.8666859e-08
23003,6.3109766e-08
23203,0.020390982
23303,0.002027945
23603,0.0023144921
23703,0.0011359846
23803,0.0001555344
23903,0.015792286
24103,0.0044831596
24203,0.0023503148
24403,0.0002660979
24503,0.00013050328
24603,2.7627124e-07
24703,0.0018569104
25303,1.2458637e-06
25403,0.005471258
25803,7.815413e-05
26003,0.003624917
26103,0.0012893993
26203,0.14783682
26303,0.009278195
26403,0.004466202
26603,0.008910702
26703,0.005980269
26803,5.2168976e-05
26903,0.00021245923
27003,0.017345253
27303,0.015583827
27403,0.0038165133
27503,0.00029596884
27903,0.00017539073
28003,0.00068227545
28103,0.0006975949
28303,0.008231696
28403,0.010720182
29003,0.0013340279
29103,0.008905737
29303,0.01419005
29603,0.011377048
29703,0.0073216893
29803,0.022332825
29903,0.0182167
30003,0.004223926
30103,0.0007120819
30303,0.011600396
30403,0.007680477
30703,0.000114352886
30803,0.0049941977
31103,0.0002988314
31203,0.013749524
31603,0.011053974
31703,0.0032493589
31803,0.0011494199
31903,0.0038732337
32003,0.06205112
32103,0.0007419423
32803,0.0110853575
33003,0.0017404829
33103,0.0017360861
33503,0.0031377862
33703,0.00062976195
33803,0.00027842607
33903,8.2237583e-10
34003,5.8534646e-05
34203,1.1585756e-06
34303,0.0001835677
34403,4.873534e-08
34503,1.3202289e-05
34603,0.0020848934
34803,1.0837325e-05
35003,0.00072910404
35203,0.0011713716
35303,0.002156991
35503,0.0056526954
35603,0.002851547
35703,0.0066380505
35903,0.00047577996
36003,0.0010409156
36103,0.016788013
36603,0.0043057376
37203,0.00094236695
37403,0.0042892876
37503,0.0056220083
37603,0.00010766394
37703,0.0014858852
38103,0.0026335327
38203,0.043772437
38303,0.010781991
38403,0.004920696
38603,0.0037090075
38803,0.0036478047
39103,0.0009955919
39203,3.2494793e-08
39303,7.563627e-05
39403,1.9346668e-05
39603,0.0026103905
39703,1.3796405e-09
39903,0.003608929
40003,0.0008761786
40203,0.0024415706
40503,0.0072896597
40603,0.0074000293
41803,0.00086966594
42003,0.0057730353
42703,0.0031282161
42903,0.0387793
43603,0.00079413474
44203,0.008077925
44503,0.00021623816
44703,0.0038655822
44903,0.010371756
45203,0.0033699237
45303,0.0057774964
45503,0.031609915
45603,0.0066319285
46103,0.18913475
46303,0.0063161477
46503,0.00013127792
46903,0.0023878473
47003,1.889383e-05
47103,9.292005e-05
47203,0.0023554598
47303,0.004946054
47603,0.015935037
47703,0.0057739695
47803,0.009139639
47903,0.010742143
48203,0.0009304501
48603,0.014082342
48703,9.798906e-07
49103,0.01567835
49203,0.002162515
49603,0.0040571066
49703,0.00010246596
49903,0.0232268
50103,0.0005213142
50303,1.012714e-06
50403,7.117376e-08
50603,3.3295576e-06
50803,2.2992197e-09
50903,0.00027964325
51003,0.0014235676
51203,2.7320036e-06
51603,1.2989016e-06
51803,0.014869036
52003,1.8122778e-06
52103,0.0013013962
52503,0.00034007998
52603,0.0014294046
52703,0.0005750333
53203,0.03691205
53303,0.0019336427
53403,0.0006764842
53603,0.007508617
53903,0.0012868909
54103,0.006468208
54203,0.0066073714
54303,0.031741645
54403,0.030060766
54603,0.008604833
55003,0.00778332
55203,8.66519e-06
55403,0.0002750767
55503,0.00035483073
55603,0.014895719
56203,0.0012891599
56503,0.009140101
56703,0.042713124
56803,0.00013505373
57003,0.0001934665
57103,0.0055655316
57203,0.07864123
57303,0.00018447319
57503,0.0041546375
57903,0.01392218
58003,0.013600442
58203,0.001113148
58303,1.0491538e-06
58503,0.0152439475
58903,0.017073547
59103,0.0012619408
59203,0.00088116847
59503,0.00017134019
59603,0.0008182787
59803,0.0019730348
59903,0.00096145354
60403,0.00030372254
60503,0.003258265
60803,0.03029889
61103,0.008585709
61303,0.0017001997
61403,0.00053274736
61703,0.008240996
62103,0.019408071
62403,0.0065014367
62703,0.0015115505
62803,0.010251592
63503,0.00060153834
63603,0.009182621
63703,0.0046328185
63803,0.014833008
63903,0.009658411
64303,0.008519725
64403,0.0019398808
4,0.0037738713
104,0.0024326805
404,3.8538e-07
604,0.025565216
704,0.011848573
1004,0.0036290071
1204,0.004614309
1704,0.0015976467
2204,0.007480896
2704,1.663981e-09
2804,0.015438055
2904,0.022822099
3004,0.028219916
3104,0.009448884
3204,0.004199567
3304,0.010068284
3404,0.0022405942
3704,3.810436e-05
4004,0.013798769
4104,4.1763197e-13
4204,0.0350447
4404,0.030825006
4704,0.029404944
4804,0.0063429144
4904,0.05168712
5104,0.036552504
5204,0.015252241
5704,0.006998592
5904,0.011467801
6204,0.0035356365
6304,0.014243802
6504,0.013416386
6604,0.007892739
6804,0.011257209
6904,2.323207e-06
7004,0.00010294273
7204,4.656412e-08
7404,0.012309866
7504,0.004039989
7704,0.014061576
7904,0.0009406224
8104,0.014775323
8204,0.02631828
8304,0.03834658
8404,0.013074415
8504,0.010991998
8604,0.023722036
8704,0.008526593
8904,0.024110725
9004,0.005394481
9204,0.024331974
9504,0.017396312
9804,0.023448134
9904,0.020491377
10104,0.004509744
10404,0.016007219
10504,0.010267416
10604,0.014533661
10704,0.025364948
10904,0.0235138
11204,0.018261539
11304,0.00042240275
11704,0.00062223105
11904,0.0075697503
12104,0.018411208
12404,0.026538616
12704,0.020791003
12904,0.015958881
13004,0.057843868
13404,0.018492183
13504,0.009403619
13604,0.00825936
13704,0.005896971
13904,0.026587743
14304,0.0076054083
14404,0.08369986
15404,0.033569574
15604,0.019880652
15704,0.024264509
15804,0.027842913
15904,0.012200804
16104,0.010813319
16204,0.007485718
16304,0.011166578
16404,0.0014520622
16504,5.848138e-06
16604,0.016601887
17004,0.015279972
17104,0.0011487034
17204,0.0012165664
17304,0.011769248
17404,0.005202323
17604,0.024261957
17704,0.008706252
17904,0.0013991211
18004,0.00096894725
18104,1.3755275e-06
18204,9.729861e-08
18404,0.007111046
18504,0.006828187
18704,3.029779e-11
18804,0.012865064
19104,0.010467311
19504,0.016301319
19604,2.434754e-06
19704,0.002526228
19804,1.2570977e-06
20704,0.014599676
20804,0.033197764
20904,0.016929014
21104,0.02057722
21204,0.006489781
21404,0.02123913
21804,0.012986921
22004,0.008667567
22304,0.015149653
22404,0.013947978
22504,0.0029204525
22604,0.015939463
22904,5.4703156e-07
23004,3.0424565e-07
23204,0.023556612
23304,0.006843812
23604,0.004057842
23704,0.061427128
23804,0.0010048681
23904,0.017664758
24104,0.011204399
24204,0.07404757
24404,0.0017273066
24504,0.00087394397
24604,4.4826384e-06
24704,0.008228556
25304,1.5427375e-05
25404,0.044024695
25804,0.024740135
26004,0.060116734
26104,0.017279599
26204,0.009658177
26304,0.012198829
26404,0.049940005
26604,0.0136257745
26704,0.024417317
26804,0.0069482685
26904,0.0007840989
27004,0.037315954
27304,0.021487404
27404,0.005407537
27504,0.0011548711
27904,0.01642569
28004,0.010380041
28104,0.07078157
28304,0.02182767
28404,0.01040865
29004,0.07049918
29104,0.022080874
29304,0.012305006
29604,0.00861308
29704,0.0391733
29804,0.024029972
29904,0.0050821123
30004,0.006100817
30104,0.072990656
30304,0.007181816
30404,0.008481851
30704,0.04125619
30804,0.0753969
31104,0.123010024
31204,0.009928262
31604,0.020120725
31704,0.06407665
31804,0.039841905
31904,0.006561204
32004,0.007578918
32104,0.001018321
32804,0.014605952
33004,0.0026995123
33104,0.003460427
33504,0.023235338
33704,0.0025770594
33804,0.0005735134
33904,1.0376079e-08
34004,0.00036060982
34204,1.0095225e-05
34304,0.0018672183
34404,3.4627934e-07
34504,8.151784e-05
34604,0.023391701
34804,0.00011887608
35004,0.003355459
35204,0.0016008072
35304,0.06370915
35504,0.022630423
35604,0.019048959
35704,0.01677858
35904,0.006092037
36004,0.021765383
36104,0.015182785
36604,0.028772764
37204,0.0006333662
37404,0.027130565
37504,0.012549818
37604,0.0068081697
37704,0.0023975966
38104,0.0020732293
38204,0.0068442454
38304,0.0058533065
38404,0.0117040295
38604,0.008144375
38804,0.008903942
39104,0.003486555
39204,7.7772637e-07
39304,0.0066778036
39404,0.0001777411
39604,0.021948317
39704,1.7863481e-09
39904,0.02070945
40004,0.006977572
40204,0.010508999
40504,0.01723811
40604,0.012697489
41804,0.039893612
42004,0.029001122
42704,0.01870047
42904,0.011278701
43604,0.0050211833
44204,0.028448729
44504,0.0022561993
44704,0.030209744
44904,0.010141538
45204,0.045052916
45304,0.032759745
45504,0.02559173
45604,0.0037214716
46104,0.014687865
46304,0.009410392
46504,0.049352385
46904,0.005426334
47004,0.00010875282
47104,0.056596898
47204,0.062400397
47304,0.00832185
47604,0.040840793
47704,0.0055968673
47804,0.005548
47904,0.018446261
48204,0.011123922
48604,0.022077933
48704,1.8215774e-06
49104,0.03333957
49204,0.0075205686
49604,0.014243944
49704,0.003998868
49904,0.010648323
50104,0.0008260965
50304,6.7070155e-06
50404,5.368116e-07
50604,4.6414763e-05
50804,2.0497726e-08
50904,0.0034428183
51004,0.009547012
51204,2.63414e-05
51604,2.2289346e-06
51804,0.024902007
52004,2.8456656e-05
52104,0.011295695
52504,0.0014483616
52604,0.058667608
52704,0.031672124
53204,0.0060011754
53304,0.014015452
53404,0.00027515268
53604,0.0029700666
53904,0.03255564
54104,0.024020782
54204,0.035896815
54304,0.01307073
54404,0.016157597
54604,0.0008484776
55004,0.00566066
55204,3.2256215e-05
55404,0.008811669
55504,0.0009243817
55604,0.010784003
56204,0.039533038
56504,0.023191387
56704,0.022379788
56804,0.004323622
57004,0.002928381
57104,0.02120105
57204,0.02605442
57304,0.0011993927
57504,0.009059506
57904,0.0077562244
58004,0.030855661
58204,0.030637575
58304,5.6929357e-06
58504,0.03457705
58904,0.0071212687
59104,0.062306955
59204,0.018905334
59504,0.006107147
59604,0.0654644
59804,0.005249363
59904,0.015974786
60404,0.03653976
60504,0.034127206
60804,0.009613516
61104,0.015337498
61304,0.055859707
61404,0.068549514
61704,0.0048022037
62104,0.044518653
62404,0.010915523
62704,0.0014523525
62804,0.010335721
63504,0.028762022
63604,0.009320416
63704,0.0038365151
63804,0.007219683
63904,0.023073824
64304,0.006480451
64404,0.0016953538
5,0.001570791
105,0.0007427489
405,5.505876e-07
605,0.021367393
705,0.006840292
1005,0.0019838742
1205,0.00036206504
1705,0.0011590186
2205,0.0038686735
2705,1.0288502e-07
2805,0.0003693218
2905,0.005591308
3005,0.020548727
3105,0.0045624445
3205,0.0018261713
3305,0.012335497
3405,0.00012989837
3705,1.42709005e-05
4005,0.016473256
4105,5.02238e-12
4205,0.014832076
4405,0.02423221
4705,0.016390437
4805,0.0062430194
4905,0.010308598
5105,0.015767802
5205,0.01963501
5705,0.010255111
5905,0.006074244
6205,0.0071463045
6305,0.013688022
6505,0.0537873
6605,0.019252008
6805,0.034464695
6905,8.999459e-07
7005,0.014358203
7205,4.5047537e-07
7405,0.006032899
7505,0.0031016758
7705,0.0046728672
7905,0.0024430065
8105,0.0018680544
8205,0.010200541
8305,0.0073088426
8405,0.010787833
8505,0.004003151
8605,0.010028343
8705,0.0049488223
8905,0.007522863
9005,0.0056288657
9205,0.0071073673
9505,0.002681204
9805,0.010085407
9905,0.005290244
10105,0.00029910682
10405,0.019905394
10505,0.009161924
10605,0.15092064
10705,0.01532381
10905,0.024225574
11205,0.005052094
11305,0.00024333033
11705,0.000108670174
11905,0.008164835
12105,0.014387694
12405,0.01637881
12705,0.03013705
12905,0.015045326
13005,0.028697409
13405,0.014164237
13505,0.005036011
13605,0.022500912
13705,0.00464175
13905,0.017191377
14305,0.01044829
14405,0.0028211589
15405,0.0056409105
15605,0.02766364
15705,0.016998142
15805,0.012873518
15905,0.0058026346
16105,0.0015039514
16205,0.0142164435
16305,0.0031746333
16405,0.0007257054
16505,1.0423071e-06
16605,0.0015825357
17005,0.0103872195
17105,0.0006022821
17205,0.000816381
17305,0.003773786
17405,0.0009454752
17605,0.0018701988
17705,0.0011593659
17905,0.0009985527
18005,0.00078450236
18105,1.600181e-06
18205,1.3711526e-06
18405,0.001839027
18505,0.005641362
18705,1.0995457e-09
18805,0.008125366
19105,0.00032246386
19505,0.0022056494
19605,1.2646549e-06
19705,0.00022933546
19805,2.4713456e-05
20705,0.010053411
20805,0.03087253
20905,0.004819095
21105,0.019843498
21205,0.0037875175
21405,0.042739768
21805,0.012587187
22005,0.017928276
22305,0.009988712
22405,0.029248932
22505,0.0029437703
22605,0.026695883
22905,1.7842485e-08
23005,4.6951154e-06
23205,0.009814426
23305,0.0038650064
23605,0.004990362
23705,0.0036959292
23805,0.00083518884
23905,0.005148853
24105,0.0016668566
24205,0.006050784
24405,0.028899286
24505,0.0026593714
24605,2.668202e-05
24705,0.0049915193
25305,4.2695135e-07
25405,0.012072878
25805,0.0036041818
26005,0.003205452
26105,0.010787481
26205,0.016181277
26305,0.0050439886
26405,0.0460272
26605,0.019722262
26705,0.031171722
26805,0.000100130186
26905,0.0011928623
27005,0.008354502
27305,0.013667542
27405,0.002862927
27505,0.0009500892
27905,0.0006054637
28005,0.002875262
28105,0.0064666206
28305,0.027821375
28405,0.015684057
29005,0.01912149
29105,0.03032091
29305,0.008957454
29605,0.010103807
29705,0.03772872
29805,0.031355977
29905,0.019801818
30005,0.0073846933
30105,0.003130807
30305,0.0086494805
30405,0.009275425
30705,0.0005806408
30805,0.008402654
31105,0.0019610396
31205,0.0030274955
31605,0.0072099245
31705,0.0072292523
31805,0.0077782734
31905,0.00608158
32005,0.01727572
32105,0.0008174414
32805,0.006958239
33005,0.001444949
33105,0.0015536973
33505,0.0046994947
33705,0.0012329683
33805,0.0005023029
33905,1.5324003e-08
34005,0.00046892627
34205,6.175483e-05
34305,0.001125086
34405,8.9318996e-07
34505,0.001434929
34605,0.021724321
34805,0.00052369316
35005,0.0030111806
35205,0.00312014
35305,0.009630274
35505,0.0038367352
35605,0.0029349523
35705,0.0029459333
35905,0.0010395956
36005,0.0030517003
36105,0.011621844
36605,0.01289298
37205,0.00113494
37405,0.0334349
37505,0.017479159
37605,0.015871838
37705,0.011829283
38105,0.0034267467
38205,0.020610515
38305,0.0072457646
38405,0.029010631
38605,0.0027829988
38805,0.0066306423
39105,0.011699189
39205,4.2205585e-08
39305,0.00011469089
39405,0.00044371313
39605,0.005905619
39705,2.7663926e-08
39905,0.0028050202
40005,0.003499828
40205,0.0016849753
40505,0.002448241
40605,0.0064604306
41805,0.0017114892
42005,0.009444938
42705,0.005684215
42905,0.08015028
43605,0.0008175738
44205,0.013560277
44505,0.00089255
44705,0.029695006
44905,0.036744248
45205,0.014669424
45305,0.020011865
45505,0.017030956
45605,0.0031280664
46105,0.10238778
46305,0.016780004
46505,0.001174583
46905,0.0029014975
47005,5.5617915e-05
47105,0.00093471044
47205,0.013534775
47305,0.014936606
47605,0.017018974
47705,0.0058874185
47805,0.004858459
47905,0.010299542
48205,0.0015377734
48605,0.0067256433
48705,1.458867e-07
49105,0.006042958
49205,0.0044820854
49605,0.0012193463
49705,0.00020858627
49905,0.007726596
50105,0.0006827204
50305,3.1972275e-05
50405,2.1429544e-06
50605,5.1213556e-05
50805,4.2930873e-07
50905,0.0016864662
51005,0.0157543
51205,0.0072920932
51605,1.5981349e-06
51805,0.008127634
52005,1.352964e-06
52105,0.021513028
52505,0.00060657674
52605,0.021113968
52705,0.0047629788
53205,0.01250261
53305,0.0069086645
53405,0.0009275442
53605,0.00709094
53905,0.032653928
54105,0.016524592
54205,0.027015556
54305,0.023832722
54405,0.030049318
54605,0.015871344
55005,0.005002686
55205,0.058354024
55405,0.0012403342
55505,0.0006476307
55605,0.01155319
56205,0.005957616
56505,0.00647896
56705,0.010035896
56805,0.00014183467
57005,0.0012778037
57105,0.0072477646
57205,0.009282249
57305,0.00010056624
57505,0.0041590775
57905,0.003750352
58005,0.0125847
58205,0.008105381
58305,2.114555e-05
58505,0.010992953
58905,0.019646427
59105,0.015758803
59205,0.0032702214
59505,0.0008110977
59605,0.010266686
59805,0.013344691
59905,0.002809223
60405,0.0056616594
60505,0.018838169
60805,0.008629346
61105,0.010257229
61305,0.011811783
61405,0.0041619423
61705,0.011975522
62105,0.0318221
62405,0.013688353
62705,0.0017686982
62805,0.012937203
63505,0.0039906325
63605,0.0066137547
63705,0.0029239394
63805,0.0069556865
63905,0.0071910364
64305,0.007301581
64405,0.0009471443
6,0.001297631
106,0.00047935222
406,4.576852e-06
606,0.08452395
706,0.050465345
1006,0.0068912064
1206,0.003006399
1706,0.001452427
2206,0.026647829
2706,4.151028e-08
2806,0.0049135783
2906,0.009091359
3006,0.11223194
3106,0.033635423
3206,0.007700201
3306,0.018761212
3406,0.0013830677
3706,5.831349e-05
4006,0.080116145
4106,2.3907345e-11
4206,0.0764562
4406,0.031305376
4706,0.071383916
4806,0.012445677
4906,0.05737011
5106,0.12859263
5206,0.2225171
5706,0.08383806
5906,0.014637086
6206,0.09624723
6306,0.10976421
6506,0.35711062
6606,0.30258963
6806,0.3800243
6906,2.8042418e-06
7006,0.00025678988
7206,3.7935456e-07
7406,0.03469386
7506,0.0094692325
7706,0.015065935
7906,0.005542881
8106,0.010451093
8206,0.029154388
8306,0.035717063
8406,0.01788735
8506,0.009702367
8606,0.066063024
8706,0.04906119
8906,0.025541048
9006,0.008795522
9206,0.02977129
9506,0.07110518
9806,0.060252935
9906,0.018659104
10106,0.0028657722
10406,0.08257507
10506,0.026927942
10606,0.14035197
10706,0.32304898
10906,0.2027752
11206,0.027388234
11306,0.00011300673
11706,0.00046427266
11906,0.0328722
12106,0.010445165
12406,0.07053255
12706,0.19767037
12906,0.13981636
13006,0.38628787
13406,0.12918186
13506,0.0055097206
13606,0.061747823
13706,0.09223939
13906,0.19483791
14306,0.08039035
14406,0.023956353
15406,0.0428608
15606,0.21282801
15706,0.074976906
15806,0.062360976
15906,0.039451573
16106,0.023804542
16206,0.03972224
16306,0.014175011
16406,0.00043901053
16506,1.766458e-05
16606,0.010645025
17006,0.043884005
17106,0.0006612258
17206,0.00041784314
17306,0.012028572
17406,0.0016030145
17606,0.016580991
17706,0.0023622718
17906,0.0016079001
18006,0.00056045747
18106,1.418429e-05
18206,1.4777221e-06
18406,0.005494142
18506,0.027652973
18706,3.4486818e-09
18806,0.047488913
19106,0.0017813114
19506,0.0041155275
19606,2.3828118e-06
19706,0.0013954622
19806,6.792786e-06
20706,0.08911314
20806,0.26686877
20906,0.066803366
21106,0.10873349
21206,0.061109778
21406,0.30028453
21806,0.17393738
22006,0.031361807
22306,0.25510895
22406,0.21570005
22506,0.04714511
22606,0.29457065
22906,2.3341927e-07
23006,9.435797e-07
23206,0.064549476
23306,0.014265936
23606,0.05492368
23706,0.018668052
23806,0.005661568
23906,0.014156072
24106,0.010527025
24206,0.025447138
24406,0.014404285
24506,0.011463439
24606,9.0646005e-05
24706,0.02516421
25306,1.0274084e-05
25406,0.22019762
25806,0.014270172
26006,0.037316956
26106,0.014936003
26206,0.026085101
26306,0.03618662
26406,0.5413207
26606,0.22405897
26706,0.1566398
26806,0.00018083307
26906,0.0008101578
27006,0.03092324
27306,0.06094359
27406,0.029981209
27506,0.002186873
27906,0.0027271279
28006,0.014360805
28106,0.07787405
28306,0.20591083
28406,0.1269022
29006,0.13445872
29106,0.20468554
29306,0.13628194
29606,0.07441808
29706,0.42020777
29806,0.32337722
29906,0.031341158
30006,0.13789502
30106,0.02896237
30306,0.047418457
30406,0.091608725
30706,0.0059887865
30806,0.050658956
31106,0.03902583
31206,0.03661527
31606,0.058872506
31706,0.051628686
31806,0.016449763
31906,0.05422613
32006,0.023405153
32106,0.00018973654
32806,0.054957367
33006,0.0012544587
33106,0.0011811585
33506,0.025846874
33706,0.0023499285
33806,0.00025892118
33906,1.2549885e-08
34006,0.0036396447
34206,1.3589754e-05
34306,0.00862888
34406,1.1344132e-05
34506,0.00031489716
34606,0.04353271
34806,0.00017031153
35006,0.005491872
35206,0.0059467703
35306,0.11266547
35506,0.007868292
35606,0.0078042946
35706,0.008110562
35906,0.013704156
36006,0.024591997
36106,0.07936186
36606,0.12832582
37206,0.00015748088
37406,0.12987757
37506,0.112773456
37606,0.008525935
37706,0.022661874
38106,0.027663175
38206,0.106068835
38306,0.11297114
38406,0.06395861
38606,0.0083534345
38806,0.008456603
39106,0.048505194
39206,2.867121e-07
39306,0.00021579354
39406,0.0004559537
39606,0.05896638
39706,1.3098149e-09
39906,0.010581988
40006,0.012624594
40206,0.0019050202
40506,0.017238358
40606,0.031207472
41806,0.031143168
42006,0.016690047
42706,0.058461986
42906,0.050395083
43606,0.011755269
44206,0.071996816
44506,0.0018375247
44706,0.055155717
44906,0.24812733
45206,0.12857023
45306,0.32640928
45506,0.113357864
45606,0.058461677
46106,0.09431642
46306,0.103906
46506,0.012308685
46906,0.008286072
47006,0.00015464
47106,0.015106352
47206,0.036000516
47306,0.093751416
47606,0.06419276
47706,0.046756342
47806,0.038667552
47906,0.0840216
48206,0.010924249
48606,0.012242304
48706,2.7359329e-06
49106,0.02767357
49206,0.03102887
49606,0.0075146253
49706,0.000766563
49906,0.035047766
50106,0.00042562143
50306,3.2062537e-05
50406,0.00013894691
50606,0.00023893992
50806,1.5955382e-06
50906,0.0030414509
51006,0.089585036
51206,0.00020638439
51606,1.2503614e-05
51806,0.040219706
52006,9.086866e-06
52106,0.0132580185
52506,0.005625661
52606,0.049723297
52706,0.104173556
53206,0.0101516135
53306,0.012238991
53406,0.0055603897
53606,0.011606179
53906,0.19034861
54106,0.15008196
54206,0.2482879
54306,0.18618108
54406,0.22413406
54606,0.0004989508
55006,0.014332251
55206,8.8395725e-05
55406,0.0013019596
55506,0.0020310418
55606,0.013239806
56206,0.018812358
56506,0.03298497
56706,0.037584253
56806,0.002668718
57006,0.0027411166
57106,0.018662352
57206,0.035348836
57306,0.00092301366
57506,0.009186915
57906,0.04218104
58006,0.06298597
58206,0.053000547
58306,0.00015419752
58506,0.015816806
58906,0.10999291
59106,0.10021579
59206,0.0050271475
59506,0.0054899
59606,0.1187423
59806,0.032428075
59906,0.02752376
60406,0.007407638
60506,0.037062876
60806,0.08563418
61106,0.1762647
61306,0.1450323
61406,0.024004105
61706,0.0066506504
62106,0.2327956
62406,0.25142902
62706,0.018206153
62806,0.044915512
63506,0.036444478
63606,0.08733761
63706,0.04223368
63806,0.06393916
63906,0.037603024
64306,0.020974286
64406,0.01343425
7,0.00032252385
107,0.00018694685
407,2.6273292e-05
607,0.0400919
707,0.041274138
1007,0.0021257452
1207,0.0022875129
1707,0.00012235456
2207,0.009418656
2707,4.2709917e-08
2807,0.0036143798
2907,0.008189237
3007,0.03199182
3107,0.010651934
3207,0.0130488
3307,0.017606527
3407,0.0026793038
3707,0.00019994105
4007,0.03413107
4107,2.5997375e-09
4207,0.085918725
4407,0.0775387
4707,0.021404944
4807,0.008530104
4907,0.0025856823
5107,0.015648259
5207,0.03352021
5707,0.0728181
5907,0.004592256
6207,0.017194288
6307,0.02362015
6507,0.035166457
6607,0.02555948
6807,0.0833956
6907,0.004148063
7007,0.00025648053
7207,1.05603995e-05
7407,0.005174783
7507,0.002725149
7707,0.015658924
7907,0.0015221046
8107,0.02492976
8207,0.0670863
8307,0.11899616
8407,0.01836859
8507,0.0052962373
8607,0.04586546
8707,0.0036671162
8907,0.026048586
9007,0.01450972
9207,0.05774968
9507,0.019735768
9807,0.007857437
9907,0.027762163
10107,0.040206745
10407,0.09469418
10507,0.020517392
10607,0.039801802
10707,0.015506195
10907,0.024868738
11207,0.024315674
11307,0.011323182
11707,0.026343953
11907,0.01904194
12107,0.010592643
12407,0.01643126
12707,0.028551599
12907,0.28010818
13007,0.007493461
13407,0.050188813
13507,0.002559198
13607,0.07935904
13707,0.29151842
13907,0.015998676
14307,0.15325439
14407,0.06997575
15407,0.009818245
15607,0.04560622
15707,0.21085525
15807,0.11873436
15907,0.011517421
16107,0.20274277
16207,0.0584266
16307,0.0039604655
16407,0.00012366551
16507,1.1045149e-05
16607,0.027166763
17007,0.03924925
17107,0.00015976565
17207,9.652874e-05
17307,0.023802256
17407,0.0032434992
17607,0.14857589
17707,0.0018544946
17907,0.00016381634
18007,5.277133e-05
18107,0.000112968286
18207,3.8368507e-06
18407,0.14507519
18507,0.009133064
18707,3.7831955e-09
18807,0.011335387
19107,0.00071982504
19507,0.0034333058
19607,4.071021e-05
19707,0.0037598908
19807,1.0983895e-05
20707,0.23406915
20807,0.0067174225
20907,0.006701248
21107,0.032922436
21207,0.014000462
21407,0.021895695
21807,0.07902122
22007,0.015161016
22307,0.014998836
22407,0.036259264
22507,0.014656184
22607,0.048295617
22907,0.02020535
23007,5.906723e-06
23207,0.019810311
23307,0.0042080893
23607,0.016520271
23707,0.09497758
23807,0.00096714386
23907,0.027207589
24107,0.046686836
24207,0.04599326
24407,0.0018260827
24507,0.0035969645
24607,3.5729538e-06
24707,0.02610643
25307,2.7350801e-05
25407,0.05310473
25807,0.003598582
26007,0.05212113
26107,0.0087743895
26207,0.069697626
26307,0.02373472
26407,0.01294457
26607,0.021497933
26707,0.027025731
26807,0.19093268
26907,0.0026940466
27007,0.10732463
27307,0.020625409
27407,0.010821068
27507,0.030789563
27907,0.0183521
28007,0.03358979
28107,0.018759642
28307,0.032068077
28407,0.16458115
29007,0.018359654
29107,0.07015367
29307,0.0779369
29607,0.036519323
29707,0.024321383
29807,0.10199635
29907,0.0131477015
30007,0.07335964
30107,0.035033844
30307,0.032175586
30407,0.09672422
30707,0.011244059
30807,0.113727756
31107,0.007525761
31207,0.36809638
31607,0.24436705
31707,0.1094352
31807,0.029854726
31907,0.075700365
32007,0.030176437
32107,2.8887998e-05
32807,0.059057698
33007,0.00061671383
33107,0.0005826812
33507,0.041688245
33707,0.00022240031
33807,2.784456e-05
33907,1.6267855e-06
34007,0.0011099628
34207,0.0005470841
34307,0.00084904244
34407,5.6350923e-06
34507,0.001290725
34607,0.089830175
34807,0.0020877863
35007,0.003401776
35207,0.0030368483
35307,0.013861241
35507,0.009670148
35607,0.0067466637
35707,0.010894612
35907,0.016506918
36007,0.19435187
36107,0.09095486
36607,0.008065316
37207,0.0001056004
37407,0.01502482
37507,0.029393936
37607,0.0014886565
37707,0.0075673405
38107,0.012317591
38207,0.054439686
38307,0.04942925
38407,0.052413024
38607,0.004833592
38807,0.0026993153
39107,0.008808075
39207,0.011145236
39307,0.11639213
39407,0.0048244526
39607,0.014771331
39707,7.8276496e-10
39907,0.016348109
40007,0.025359666
40207,0.001326997
40507,0.3301775
40607,0.009071224
41807,0.027508315
42007,0.0033233932
42707,0.10940735
42907,0.014094988
43607,0.01790452
44207,0.053381894
44507,0.009398764
44707,0.023062643
44907,0.026377484
45207,0.021381967
45307,0.032891978
45507,0.25283286
45607,0.07311939
46107,0.04411665
46307,0.035604604
46507,0.012452042
46907,0.0051384764
47007,0.00077823194
47107,0.0041546826
47207,0.031088365
47307,0.02470198
47607,0.12250478
47707,0.008604422
47807,0.028292254
47907,0.07157301
48207,0.08618787
48607,0.006701972
48707,2.2491051e-06
49107,0.01646349
49207,0.04036265
49607,0.054935463
49707,0.052352626
49907,0.060367547
50107,6.457561e-05
50307,0.00010400167
50407,2.4513567e-05
50607,0.013334919
50807,7.330168e-07
50907,0.027102558
51007,0.022963779
51207,4.9803e-05
51607,0.0014924005
51807,0.13813138
52007,0.0018111791
52107,0.0109436745
52507,0.026341256
52607,0.2694625
52707,0.0013943777
53207,0.015588846
53307,0.010599861
53407,0.0018670321
53607,0.006822764
53907,0.01545956
54107,0.020949611
54207,0.07229955
54307,0.1735816
54407,0.15237838
54607,0.00019046747
55007,0.008660158
55207,8.8236375e-05
55407,0.24971253
55507,0.00061202113
55607,0.0042737545
56207,0.027893541
56507,0.12324413
56707,0.04450156
56807,0.0066414094
57007,0.00027243668
57107,0.011368745
57207,0.13426037
57307,0.15300483
57507,0.0033583601
57907,0.5443084
58007,0.03037715
58207,0.01297521
58307,3.2221993e-05
58507,0.008983814
58907,0.009607155
59107,0.036547102
59207,0.6354974
59507,0.0036994535
59607,0.009621278
59807,0.013060269
59907,0.0119624315
60407,0.033054657
60507,0.025347222
60807,0.14880095
61107,0.012687954
61307,0.0142917065
61407,0.020318687
61707,0.0026303607
62107,0.12257059
62407,0.029673025
62707,0.028616687
62807,0.025717502
63507,0.011976779
63607,0.16734204
63707,0.027687961
63807,0.052154433
63907,0.028734218
64307,0.0082435
64407,0.07044977
8,0.016163772
108,0.008306284
408,5.844821e-07
608,0.036301985
708,0.041912198
1008,0.029511226
1208,0.0726727
1708,0.012973507
2208,0.07490686
2708,8.5999034e-07
2808,0.024757534
2908,0.058127806
3008,0.016575791
3108,0.08421935
3208,0.0029894516
3308,0.024589155
3408,0.032843925
3708,0.0029990373
4008,0.01043528
4108,6.692357e-11
4208,0.040494554
4408,0.05098882
4708,0.018523134
4808,0.043300048
4908,0.0124180885
5108,0.026384521
5208,0.03927343
5708,0.007540085
5908,0.13633618
6208,0.020808613
6308,0.07170706
6508,0.08186236
6608,0.0384067
6808,0.03872369
6908,1.346165e-06
7008,0.0015572027
7208,3.349394e-08
7408,0.038999174
7508,0.048243206
7708,0.12705874
7908,0.08940068
8108,0.17764695
8208,0.107069656
8308,0.123536475
8408,0.041610066
8508,0.11445591
8608,0.12949719
8708,0.14374977
8908,0.19087309
9008,0.04808448
9208,0.285173
9508,0.014525593
9808,0.09839695
9908,0.059268136
10108,0.011079172
10408,0.062413316
10508,0.115715034
10608,0.07576944
10708,0.016680382
10908,0.051424105
11208,0.40884438
11308,0.011034084
11708,0.00020911395
11908,0.049843613
12108,0.03736062
12408,0.17159286
12708,0.08924103
12908,0.00759936
13008,0.021527933
13408,0.046752553
13508,0.072887585
13608,0.031925756
13708,0.009022383
13908,0.0100396685
14308,0.018157039
14408,0.03519815
15408,0.007905827
15608,0.047333952
15708,0.03884847
15808,0.09660573
15908,0.15910178
16108,0.0015898866
16208,0.007954611
16308,0.04279185
16408,0.0043311603
16508,8.763682e-05
16608,0.03635108
17008,0.028264295
17108,0.010332491
17208,0.0071364515
17308,0.13078627
17408,0.022544712
17608,0.0051532714
17708,0.032767367
17908,0.011909681
18008,0.006308672
18108,8.1035636e-05
18208,1.2760872e-05
18408,0.037598837
18508,0.10131198
18708,7.072731e-08
18808,0.12498635
19108,0.021902028
19508,0.15352225
19608,0.00019879181
19708,0.020360146
19808,2.229396e-05
20708,0.027471133
20808,0.02331198
20908,0.1803342
21108,0.05604654
21208,0.023179138
21408,0.05534241
21808,0.016733667
22008,0.046689935
22308,0.06979599
22408,0.021462098
22508,0.0136144655
22608,0.028835842
22908,8.155438e-08
23008,1.3813557e-06
23208,0.07423448
23308,0.009306218
23608,0.07829444
23708,0.11208836
23808,0.020997733
23908,0.07643389
24108,0.07520212
24208,0.15313537
24408,0.021847663
24508,0.013522485
24608,0.001779341
24708,0.11817608
25308,5.9614547e-05
25408,0.05665882
25808,0.27203384
26008,0.01580599
26108,0.2095524
26208,0.03199969
26308,0.045209385
26408,0.029592123
26608,0.048468295
26708,0.038586725
26808,0.00791557
26908,0.008386537
27008,0.25323904
27308,0.10227361
27408,0.033305813
27508,0.0004806544
27908,0.36103708
28008,0.09070961
28108,0.066638544
28308,0.03160846
28408,0.009796111
29008,0.07645613
29108,0.027155276
29308,0.021952998
29608,0.018934812
29708,0.06931577
29808,0.048536442
29908,0.0422839
30008,0.007940213
30108,0.018849086
30308,0.03503927
30408,0.014185103
30708,0.062427595
30808,0.10107184
31108,0.20005082
31208,0.00949085
31608,0.040775955
31708,0.013908364
31808,0.02051405
31908,0.009350609
32008,0.03687818
32108,0.0042854254
32808,0.07974152
33008,0.011872178
33108,0.023451908
33508,0.097407185
33708,0.03646981
33808,0.004512146
33908,1.0315909e-05
34008,0.0067880535
34208,5.3991367e-05
34308,0.048949193
34408,6.564175e-05
34508,0.0004980404
34608,0.15448308
34808,0.0026759852
35008,0.0059957053
35208,0.0044561876
35308,0.20200755
35508,0.08606679
35608,0.14932865
35708,0.045344364
35908,0.0038334832
36008,0.003793025
36108,0.056964148
36608,0.013219337
37208,0.0030364734
37408,0.016156929
37508,0.009541008
37608,0.027790833
37708,0.0033283534
38108,0.0027105252
38208,0.02899164
38308,0.014752913
38408,0.021589484
38608,0.09347704
38808,0.051188916
39108,0.020039085
39208,2.901139e-07
39308,0.0042568706
39408,0.00026814567
39608,0.036027495
39708,2.8826719e-09
39908,0.2579319
40008,0.12485644
40208,0.059143882
40508,0.026766881
40608,0.05367385
41808,0.012949867
42008,0.08492549
42708,0.019802472
42908,0.08281067
43608,0.001221272
44208,0.02778256
44508,0.016077504
44708,0.03859871
44908,0.070202224
45208,0.013498657
45308,0.029139927
45508,0.030661155
45608,0.0047869
46108,0.056613617
46308,0.018747399
46508,0.03440095
46908,0.037440456
47008,0.017720997
47108,0.2286703
47208,0.046037316
47308,0.013373537
47608,0.06132916
47708,0.03219148
47808,0.026838861
47908,0.087020256
48208,0.0047180676
48608,0.116870046
48708,3.195031e-05
49108,0.08343008
49208,0.0047815563
49608,0.015404503
49708,0.0028108465
49908,0.036707
50108,0.0044840537
50308,0.00039371772
50408,0.00010047869
50608,7.029237e-05
50808,4.370855e-06
50908,0.019415645
51008,0.10450915
51208,0.0017351196
51608,3.5001544e-06
51808,0.07532033
52008,0.00011765622
52108,0.0077462085
52508,0.0029136462
52608,0.008054843
52708,0.39905214
53208,0.013755449
53308,0.0062772594
53408,0.004702877
53608,0.021609623
53908,0.08872018
54108,0.28295392
54208,0.05554011
54308,0.030707195
54408,0.046007738
54608,0.0034224626
55008,0.05857563
55208,0.000171883
55408,0.0096223
55508,0.012059322
55608,0.04891462
56208,0.12695405
56508,0.07721397
56708,0.063164085
56808,0.060390644
57008,0.024122866
57108,0.15535583
57208,0.07186335
57308,0.0024138154
57508,0.044463295
57908,0.0030033702
58008,0.1456846
58208,0.41458124
58308,0.00044759133
58508,0.145355
58908,0.1359359
59108,0.03866669
59208,0.0067737363
59508,0.6637365
59608,0.023577038
59808,0.019851604
59908,0.02519161
60408,0.2976512
60508,0.09570181
60808,0.016680242
61108,0.36477453
61308,0.098373435
61408,0.07043283
61708,0.039494224
62108,0.02181619
62408,0.01713121
62708,0.0016058348
62808,0.040611222
63508,0.0081869075
63608,0.016353587
63708,0.0029704974
63808,0.020992585
63908,0.08313465
64308,0.05967279
64408,0.00084362517
9,0.0012176415
109,0.00040787214
409,2.9093128e-06
609,0.39320746
709,0.03221788
1009,0.0043785996
1209,0.0024162729
1709,0.0010479582
2209,0.017677201
2709,1.1161244e-06
2809,0.00419186
2909,0.03357074
3009,0.15516548
3109,0.012999981
3209,0.014934378
3309,0.0338403
3409,0.0039187158
3709,8.84894e-05
4009,0.11024512
4109,9.4492095e-11
4209,0.20905553
4409,0.420815
4709,0.23218392
4809,0.014073397
4909,0.10151016
5109,0.08758432
5209,0.16760394
5709,0.021847973
5909,0.020263776
6209,0.032208007
6309,0.05933136
6509,0.083445
6609,0.052835274
6809,0.04746103
6909,3.0234949e-06
7009,0.12283955
7209,4.9123155e-06
7409,0.015094169
7509,0.007161596
7709,0.049012676
7909,0.011919755
8109,0.083981805
8209,0.15974277
8309,0.13323255
8409,0.059166677
8509,0.018819211
8609,0.100530654
8709,0.017016843
8909,0.074859545
9009,0.1702718
9209,0.09029578
9509,0.0083160885
9809,0.061613053
9909,0.099789
10109,0.0030140374
10409,0.13622129
10509,0.06948431
10609,0.081434146
10709,0.092687756
10909,0.19148447
11209,0.094337784
11309,0.0062078442
11709,0.0032295322
11909,0.027387256
12109,0.031632032
12409,0.079480626
12709,0.15557142
12909,0.102815375
13009,0.07231618
13409,0.054164387
13509,0.008590309
13609,0.061156034
13709,0.01614043
13909,0.094384186
14309,0.022819228
14409,0.012043478
15409,0.059791766
15609,0.095473126
15709,0.05003287
15809,0.15193428
15909,0.076432005
16109,0.010613064
16209,0.1406193
16309,0.005602119
16409,0.0003943831
16509,6.3862385e-06
16609,0.008828039
17009,0.08626279
17109,0.0004567689
17209,0.0004222999
17309,0.019918527
17409,0.0041059214
17609,0.025970457
17709,0.00801869
17909,0.0009083744
18009,0.00035159104
18109,2.476142e-05
18209,1.9980856e-05
18409,0.04070669
18509,0.020921968
18709,1.2332573e-08
18809,0.042168673
19109,0.00347483
19509,0.009666367
19609,2.8506518e-05
19709,0.004777244
19809,4.616254e-05
20709,0.036316358
20809,0.049381323
20909,0.019404957
21109,0.30236995
21209,0.005482217
21409,0.20210196
21809,0.06994293
22009,0.069718346
22309,0.034053497
22409,0.1306941
22509,0.024699891
22609,0.06905013
22909,1.1775244e-07
23009,2.149973e-05
23209,0.014837478
23309,0.067064196
23609,0.101439215
23709,0.0797691
23809,0.004231028
23909,0.048061177
24109,0.031966403
24209,0.21501863
24409,0.6313404
24509,0.052678812
24609,8.909321e-05
24709,0.14037618
25309,3.1965453e-06
25409,0.04870332
25809,0.07684479
26009,0.01362047
26109,0.35433117
26209,0.03984597
26309,0.043008875
26409,0.03666533
26609,0.06629499
26709,0.18674865
26809,0.0013349623
26909,0.0069695823
27009,0.08685978
27309,0.06141031
27409,0.0071203634
27509,0.008371473
27909,0.014168622
28009,0.035546158
28109,0.03583619
28309,0.12309955
28409,0.0711493
29009,0.09373397
29109,0.13055141
29309,0.03417021
29609,0.02824648
29709,0.02429919
29809,0.05598313
29909,0.03748015
30009,0.03651435
30109,0.019354336
30309,0.045398287
30409,0.07631979
30709,0.019243287
30809,0.11036686
31109,0.0072105755
31209,0.029682094
31609,0.06755783
31709,0.03798837
31809,0.23134372
31909,0.04410553
32009,0.04425903
32109,0.00029456837
32809,0.050428517
33009,0.0019171475
33109,0.0021641369
33509,0.16961256
33709,0.0015983529
33809,0.00018763711
33909,9.0638295e-08
34009,0.004215745
34209,0.0025071232
34309,0.0022536973
34409,1.776345e-05
34509,0.03146319
34609,0.20200014
34809,0.009183072
35009,0.04104372
35209,0.008783512
35309,0.08234567
35509,0.07492714
35609,0.054874748
35709,0.046905607
35909,0.0070034107
36009,0.05969422
36109,0.056390043
36609,0.01354937
37209,0.00028575398
37409,0.2127005
37509,0.03916808
37609,0.7677991
37709,0.12765828
38109,0.009081096
38209,0.0417918
38309,0.026542397
38409,0.3234887
38609,0.009845357
38809,0.02079265
39109,0.3103303
39209,3.3362556e-07
39309,0.002908255
39409,0.004595594
39609,0.020184584
39709,2.1026978e-09
39909,0.027524786
40009,0.022641702
40209,0.0053879013
40509,0.03756221
40609,0.040889747
41809,0.008868096
42009,0.058269367
42709,0.13160071
42909,0.060471907
43609,0.0033657383
44209,0.13565147
44509,0.0035451017
44709,0.29715785
44909,0.09074429
45209,0.123748094
45309,0.038204297
45509,0.038521975
45609,0.014303731
46109,0.040196527
46309,0.10520393
46509,0.013067598
46909,0.009223087
47009,0.00088936486
47109,0.010590249
47209,0.19825412
47309,0.11644645
47609,0.15523778
47709,0.03575789
47809,0.02016668
47909,0.14806291
48209,0.058136836
48609,0.03312895
48709,1.2582152e-06
49109,0.029568408
49209,0.043785315
49609,0.009382802
49709,0.0020385322
49909,0.03892631
50109,0.00040528775
50309,0.0009467189
50409,3.3049084e-05
50609,0.0005453004
50809,7.889532e-06
50909,0.070416495
51009,0.28347173
51209,0.045988604
51609,3.1187406e-05
51809,0.15514655
52009,6.907602e-05
52109,0.56829995
52509,0.0029177545
52609,0.16746646
52709,0.010544638
53209,0.006229345
53309,0.13374604
53409,0.007794636
53609,0.010551001
53909,0.24644496
54109,0.07052641
54209,0.14016499
54309,0.052191816
54409,0.04990869
54609,0.0015388954
55009,0.014897926
55209,0.8488362
55409,0.012607062
55509,0.0010699878
55609,0.016632183
56209,0.2293807
56509,0.15947056
56709,0.072390415
56809,0.0019931127
57009,0.012042533
57109,0.04808874
57209,0.05735599
57309,0.0012251523
57509,0.011133632
57909,0.0059039425
58009,0.17260875
58209,0.12700966
58309,6.19813e-05
58509,0.084935084
58909,0.032927908
59109,0.09988461
59209,0.028898519
59509,0.026118556
59609,0.04109438
59809,0.17892371
59909,0.031173764
60409,0.045568846
60509,0.1491988
60809,0.02681989
61109,0.017227484
61309,0.03547325
61409,0.058088217
61709,0.0127378935
62109,0.02856214
62409,0.08954449
62709,0.015794845
62809,0.0614683
63509,0.03326514
63609,0.040289696
63709,0.011881882
63809,0.027762415
63909,0.10775083
64309,0.020578172
64409,0.0031776016
10,0.14942954
110,0.06384596
410,0.0024006001
610,0.090547845
710,0.13197397
1010,0.24517876
1210,0.6146946
1710,0.09293981
2210,0.5061331
2710,5.605802e-07
2810,0.8311088
2910,0.13757582
3010,0.14782132
3110,0.21133302
3210,0.48845997
3310,0.061711263
3410,0.9070116
3710,0.06740629
4010,0.097557195
4110,1.3151699e-10
4210,0.039097592
4410,0.21790409
4710,0.060345545
4810,0.10849784
4910,0.42035943
5110,0.10396921
5210,0.054409415
5710,0.13242556
5910,0.090227015
6210,0.025500473
6310,0.08641208
6510,0.0496446
6610,0.024086226
6810,0.040214237
6910,1.3996092e-05
7010,0.0014510946
7210,2.5896136e-06
7410,0.2717137
7510,0.29450607
7710,0.482258
7910,0.0038628166
8110,0.56496936
8210,0.14617977
8310,0.26499847
8410,0.07900327
8510,0.477136
8610,0.19877738
8710,0.15816535
8910,0.3268462
9010,0.36509904
9210,0.15783049
9510,0.6782706
9810,0.08218296
9910,0.55175835
10110,0.8830677
10410,0.0460871
10510,0.06250929
10610,0.024684252
10710,0.04403253
10910,0.0365414
11210,0.17722358
11310,0.047959343
11710,0.007499061
11910,0.13438557
12110,0.06424408
12410,0.12627572
12710,0.062201075
12910,0.06877077
13010,0.15307
13410,0.13265838
13510,0.07957552
13610,0.039530627
13710,0.04045601
13910,0.10079156
14310,0.039697442
14410,0.7300888
15410,0.734741
15610,0.061282862
15710,0.08509106
15810,0.19286463
15910,0.34768063
16110,0.31831414
16210,0.09505803
16310,0.07698446
16410,0.039231777
16510,0.049883034
16610,0.40356565
17010,0.08740901
17110,0.09990932
17210,0.06787798
17310,0.34259737
17410,0.14612997
17610,0.2153311
17710,0.4798528
17910,0.072913565
18010,0.036279716
18110,1.3842187e-05
18210,1.3170517e-05
18410,0.5291985
18510,0.47680458
18710,5.5881726e-09
18810,0.04959194
19110,0.768121
19510,0.3973313
19610,0.050707746
19710,0.90304965
19810,0.00015452055
20710,0.10411652
20810,0.3633041
20910,0.46425474
21110,0.058640704
21210,0.46689543
21410,0.08595699
21810,0.03585287
22010,0.05839648
22310,0.14951451
22410,0.06332523
22510,0.028572055
22610,0.07368082
22910,9.309883e-07
23010,2.4513947e-05
23210,0.22161543
23310,0.07496733
23610,0.036744006
23710,0.06975985
23810,0.011859712
23910,0.40399593
24110,0.6941502
24210,0.23175569
24410,0.01907462
24510,0.033514705
24610,9.483644e-05
24710,0.24702838
25310,0.8380631
25410,0.13396831
25810,0.49194407
26010,0.706365
26110,0.19819689
26210,0.05687651
26310,0.105448514
26410,0.113442495
26610,0.044310708
26710,0.055340737
26810,0.002558758
26910,0.10109814
27010,0.16749595
27310,0.16156037
27410,0.29015374
27510,0.0055091716
27910,0.08315731
28010,0.008903202
28110,0.6112678
28310,0.036884073
28410,0.07045076
29010,0.39071
29110,0.050401833
29310,0.039146386
29610,0.2733792
29710,0.13108923
29810,0.078580625
29910,0.045927048
30010,0.043487895
30110,0.76953495
30310,0.09776814
30410,0.07201016
30710,0.8254829
30810,0.39638597
31110,0.4846037
31210,0.1497411
31610,0.1732439
31710,0.6146813
31810,0.48903742
31910,0.08664181
32010,0.06722508
32110,0.07118562
32810,0.13461716
33010,0.12613834
33110,0.23877072
33510,0.45692354
33710,0.14606154
33810,0.029146452
33910,6.653845e-07
34010,0.049717266
34210,0.004998746
34310,0.18654217
34410,0.00035011783
34510,0.00445394
34610,0.039462302
34810,0.013097156
35010,0.2268565
35210,0.047525253
35310,0.13458641
35510,0.5202871
35610,0.5838055
35710,0.70410943
35910,0.83990014
36010,0.43264017
36110,0.15337564
36610,0.62433934
37210,0.005041532
37410,0.10882473
37510,0.19893324
37610,0.07923465
37710,0.02201554
38110,0.049214482
38210,0.030072322
38310,0.024438597
38410,0.06364916
38610,0.19945759
38810,0.084709726
39110,0.017688597
39210,4.3845325e-06
39310,0.001492326
39410,0.0017248983
39610,0.116079226
39710,5.4206122e-08
39910,0.40003
40010,0.08227074
40210,0.25069472
40510,0.343788
40610,0.2287051
41810,0.81240827
42010,0.17651944
42710,0.0645373
42910,0.040728636
43610,0.8689771
44210,0.30199185
44510,0.014010532
44710,0.11188545
44910,0.049688436
45210,0.09085892
45310,0.116379395
45510,0.0910432
45610,0.029391365
46110,0.02279141
46310,0.10200223
46510,0.84671986
46910,0.23184966
47010,0.033190317
47110,0.61278975
47210,0.30565068
47310,0.058234025
47610,0.16234697
47710,0.06765576
47810,0.09608506
47910,0.17939113
48210,0.41365767
48610,0.41297215
48710,0.08353996
49110,0.27313414
49210,0.3594846
49610,0.63657886
49710,0.0029293112
49910,0.13223445
50110,0.042961437
50310,0.002449696
50410,2.667067e-06
50610,0.0009168234
50810,1.7305862e-06
50910,0.66776776
51010,0.09190689
51210,0.00020913885
51610,0.0005289024
51810,0.2305925
52010,0.93335783
52110,0.0685949
52510,0.011473934
52610,0.32008445
52710,0.0711107
53210,0.03516284
53310,0.06642757
53410,0.008448057
53610,0.09443627
53910,0.15946269
54110,0.112963684
54210,0.098431334
54310,0.054670207
54410,0.06759886
54610,0.0019373876
55010,0.14430685
55210,7.760825e-05
55410,0.0102846455
55510,0.0033100005
55610,0.13166168
56210,0.4133077
56510,0.24673274
56710,0.21194644
56810,0.85208696
57010,0.08881692
57110,0.30080017
57210,0.12366982
57310,0.19504419
57510,0.22880721
57910,0.066557266
58010,0.29429427
58210,0.17931944
58310,0.00010359621
58510,0.1614427
58910,0.14082293
59110,0.5045841
59210,0.23056573
59510,0.1208684
59610,0.6113115
59810,0.1423054
59910,0.75860965
60410,0.21395156
60510,0.14284195
60810,0.050919607
61110,0.074792966
61310,0.4145811
61410,0.68754554
61710,0.03736921
62110,0.24061438
62410,0.027928937
62710,0.030517844
62810,0.09019863
63510,0.788269
63610,0.040649515
63710,0.0491791
63810,0.061357837
63910,0.33520588
64310,0.1435207
64410,0.17231832
11,0.38848877
111,0.5739604
411,0.5493986
611,0.017496323
711,0.23072599
1011,0.20207125
1211,0.1639201
1711,0.287656
2211,0.048618846
2711,1.3184746e-07
2811,0.01892548
2911,0.15743986
3011,0.055086944
3111,0.32092267
3211,0.07423189
3311,0.063625805
3411,0.0032808848
3711,0.007081117
4011,0.124063
4111,3.5283367e-09
4211,0.04133173
4411,0.002283062
4711,0.015616658
4811,0.14588845
4911,0.04843351
5111,0.0698729
5211,0.026775563
5711,0.2005388
5911,0.07352775
6211,0.079518124
6311,0.19263585
6511,0.047555026
6611,0.039673243
6811,0.028756963
6911,8.5235246e-05
7011,6.751239e-05
7211,3.7963996e-06
7411,0.3032317
7511,0.22150555
7711,0.023303721
7911,0.0056251264
8111,0.004308636
8211,0.05291753
8311,0.026129976
8411,0.16664697
8511,0.06957897
8611,0.036740445
8711,0.03901909
8911,0.048572473
9011,0.0031636367
9211,0.026901826
9511,0.06633298
9811,0.08082305
9911,0.018531935
10111,0.0036371767
10411,0.042890295
10511,0.13599329
10611,0.034149617
10711,0.016815603
10911,0.00929061
11211,0.014222534
11311,0.00010752739
11711,0.002970934
11911,0.14089194
12111,0.06780418
12411,0.062119827
12711,0.029562999
12911,0.018444585
13011,0.012894918
13411,0.16524622
13511,0.079774685
13611,0.078394674
13711,0.07131553
13911,0.10036912
14311,0.07882933
14411,0.001234005
15411,0.00394596
15611,0.06709852
15711,0.018013643
15811,0.03343307
15911,0.018822988
16111,0.033864785
16211,0.047689095
16311,0.28787458
16411,0.5066465
16511,0.66474724
16611,0.3441628
17011,0.14217936
17111,0.2561687
17211,0.36759216
17311,0.16086751
17411,0.63969755
17611,0.02255384
17711,0.12276408
17911,0.2650786
18011,0.24369133
18111,0.00018126429
18211,2.4717588e-06
18411,0.002739011
18511,0.04142169
18711,2.068199e-08
18811,0.03940155
19111,0.04822692
19511,0.13041106
19611,0.00011863882
19711,0.005239553
19811,0.0005895296
20711,0.112481534
20811,0.04073069
20911,0.10906989
21111,0.021051468
21211,0.27778855
21411,0.0021678812
21811,0.0674914
22011,0.048279304
22311,0.076759316
22411,0.053156856
22511,0.090536304
22611,0.081019826
22911,3.5929374e-05
23011,1.1872068e-05
23211,0.19335166
23311,0.5782237
23611,0.02617128
23711,0.034918956
23811,0.005848878
23911,0.112695225
24111,0.012675705
24211,0.015578145
24411,0.0006735006
24511,0.0021287198
24611,3.185414e-05
24711,0.010269621
25311,0.06470301
25411,0.050922215
25811,0.0012326824
26011,0.0041892547
26111,0.0036537163
26211,0.09324669
26311,0.0810732
26411,0.0063329665
26611,0.07235487
26711,0.024707615
26811,0.0024232746
26911,0.004248463
27011,0.021319434
27311,0.049366754
27411,0.38421813
27511,0.023293272
27911,0.010353033
28011,0.023117458
28111,0.004594928
28311,0.0510387
28411,0.07636592
29011,0.011458373
29111,0.04477573
29311,0.08217436
29611,0.21739812
29711,0.011217485
29811,0.041705064
29911,0.06654517
30011,0.061250735
30111,0.001850288
30311,0.10857113
30411,0.07194884
30711,0.0010014587
30811,0.0064762095
31111,0.0040396084
31211,0.036294743
31611,0.06628484
31711,0.0018030488
31811,0.0054680454
31911,0.102604456
32011,0.08151857
32111,0.530889
32811,0.13468592
33011,0.52743363
33111,0.47505882
33511,0.010334971
33711,0.18514518
33811,0.22599036
33911,3.7054326e-07
34011,0.0032873251
34211,4.0281916e-06
34311,0.032077137
34411,2.086539e-05
34511,4.8292197e-05
34611,0.010252233
34811,7.101543e-05
35011,0.014800657
35211,0.07885357
35311,0.0064103142
35511,0.03920227
35611,0.019804526
35711,0.020782612
35911,0.021212358
36011,0.0034744588
36111,0.13616167
36611,0.029937379
37211,0.11691346
37411,0.043108795
37511,0.21515593
37611,0.0008427915
37711,0.026392948
38111,0.2251253
38211,0.08856189
38311,0.07181422
38411,0.02733621
38611,0.17746842
38811,0.037605766
39111,0.012188667
39211,1.6004127e-05
39311,0.005042318
39411,0.00042876456
39611,0.3327415
39711,0.00016242775
39911,0.033437304
40011,0.029958144
40211,0.17911014
40511,0.0143544655
40611,0.11275877
41811,0.007981957
42011,0.114185505
42711,0.02906931
42911,0.058618873
43611,0.037965875
44211,0.06937674
44511,0.15673621
44711,0.043883502
44911,0.08663765
45211,0.06003569
45311,0.038582083
45511,0.03462395
45611,0.09422514
46111,0.015810296
46311,0.11196709
46511,0.0011646346
46911,0.21692848
47011,0.0016486205
47111,0.0015460739
47211,0.022440664
47311,0.09984265
47611,0.017741412
47711,0.21725541
47811,0.18591422
47911,0.04377017
48211,0.007851842
48611,0.1513913
48711,0.66406447
49111,0.036661893
49211,0.053920127
49611,0.14251493
49711,0.043417644
49911,0.10066294
50111,0.35513556
50311,1.6411572e-05
50411,3.4497018e-05
50611,7.4457676e-05
50811,1.379328e-06
50911,0.00047577175
51011,0.010309893
51211,1.0835664e-05
51611,0.00021421764
51811,0.035892863
52011,4.5300338e-05
52111,0.009142543
52511,0.10009987
52611,0.0019421779
52711,0.007160901
53211,0.18477492
53311,0.07642332
53411,0.08801287
53611,0.18321794
53911,0.006979276
54111,0.044681612
54211,0.01788751
54311,0.046647064
54411,0.07712879
54611,0.04314359
55011,0.2521564
55211,3.8166363e-06
55411,0.0038555707
55511,0.020494506
55611,0.24896064
56211,0.005109671
56511,0.030474778
56711,0.09394164
56811,0.004684023
57011,0.0077724876
57111,0.05089873
57211,0.059519965
57311,0.002859116
57511,0.21906075
57911,0.041237257
58011,0.016016
58211,0.0060968003
58311,0.0007113202
58511,0.08493389
58911,0.15629129
59111,0.003646002
59211,0.0006486778
59511,0.0015268442
59611,0.0072764955
59811,0.025718095
59911,0.023459915
60411,0.0013500073
60511,0.02944902
60811,0.086801834
61111,0.06567918
61311,0.034034476
61411,0.0028245712
61711,0.0573473
62111,0.01428157
62411,0.03559904
62711,0.053219344
62811,0.1736003
63511,0.006392244
63611,0.066145025
63711,0.21096656
63811,0.18507664
63911,0.03871126
64311,0.17671126
64411,0.11759979
12,0.0011296452
112,0.0013925002
412,0.0003394831
612,0.027337642
712,0.008186917
1012,0.0026789722
1212,0.00079551066
1712,0.0006026561
2212,0.0030866382
2712,9.772016e-08
2812,0.0012225463
2912,0.03396817
3012,0.044679705
3112,0.0034777701
3212,0.026799956
3312,0.06301227
3412,0.00025571274
3712,1.35994005e-05
4012,0.049187515
4112,2.556041e-06
4212,0.027054029
4412,0.006799775
4712,0.04127807
4812,0.027693985
4912,0.0076482026
5112,0.027498903
5212,0.015228092
5712,0.026995951
5912,0.010795485
6212,0.0061965953
6312,0.0069527375
6512,0.008144165
6612,0.003723009
6812,0.012939458
6912,0.069564775
7012,6.671834e-05
7212,0.0011601367
7412,0.016005812
7512,0.00987079
7712,0.004832423
7912,0.00048791963
8112,0.0021875822
8212,0.011495664
8312,0.01814292
8412,0.086793475
8512,0.0033712033
8612,0.02440647
8712,0.0029971288
8912,0.012714605
9012,0.0013069774
9212,0.0031880452
9512,0.00870274
9812,0.025336655
9912,0.011834372
10112,0.0015837689
10412,0.01720637
10512,0.0032713106
10612,0.03224345
10712,0.014811997
10912,0.012922524
11212,0.0013934912
11312,0.0012767544
11712,0.6439251
11912,0.024219666
12112,0.044360265
12412,0.009943691
12712,0.014630929
12912,0.061666697
13012,0.0074186823
13412,0.012078979
13512,0.013294005
13612,0.025131451
13712,0.0623484
13912,0.03272253
14312,0.021537479
14412,0.0040795845
15412,0.009205193
15612,0.011467064
15712,0.04451187
15812,0.036523595
15912,0.003886107
16112,0.26137152
16212,0.053134453
16312,0.0122307865
16412,0.00093365397
16512,8.686316e-05
16612,0.009476763
17012,0.010901436
17112,0.00047024962
17212,0.0005188946
17312,0.0107925795
17412,0.019753031
17612,0.35389844
17712,0.007211513
17912,0.00054531597
18012,0.00031336743
18112,3.3572695e-05
18212,2.1366352e-06
18412,0.001942133
18512,0.0015791246
18712,2.5398943e-08
18812,0.01287134
19112,0.0012413217
19512,0.0049695335
19612,3.1634845e-06
19712,0.0005765113
19812,1.0977203e-05
20712,0.07417232
20812,0.0077470024
20912,0.0012073928
21112,0.022756182
21212,0.0065915184
21412,0.011718614
21812,0.02119634
22012,0.035552416
22312,0.009476587
22412,0.016190108
22512,0.004450791
22612,0.016662205
22912,0.28969836
23012,8.527257e-05
23212,0.024080664
23312,0.01288717
23612,0.0027075098
23712,0.010997657
23812,0.008175744
23912,0.03353317
24112,0.008376524
24212,0.009843174
24412,0.00047713326
24512,0.0014409932
24612,4.268063e-05
24712,0.002904428
25312,2.326214e-05
25412,0.021668373
25812,0.00021983912
26012,0.009619081
26112,0.00080408476
26212,0.077183984
26312,0.039887995
26412,0.003989211
26612,0.0035880508
26712,0.029639188
26812,0.08732728
26912,0.00038381905
27012,0.011357469
27312,0.019594643
27412,0.0040614526
27512,0.3291964
27912,0.0010701903
28012,0.0064575854
28112,0.003465382
28312,0.010448827
28412,0.03299584
29012,0.0064329915
29112,0.021387104
29312,0.008268903
29612,0.041167997
29712,0.0045417356
29812,0.012099412
29912,0.019115925
30012,0.026629435
30112,0.004145439
30312,0.02412266
30412,0.027708689
30712,0.0030396213
30812,0.0076702912
31112,0.0009687332
31212,0.091637895
31612,0.0603546
31712,0.020196809
31812,0.024256727
31912,0.029448375
32012,0.034018576
32112,0.00038143652
32812,0.0164515
33012,0.0026907707
33112,0.0016350304
33512,0.009280346
33712,0.00044690637
33812,0.00017705758
33912,2.6688758e-06
34012,0.00070696784
34212,0.00010396415
34312,0.0002536621
34412,1.9244978e-06
34512,0.00021425252
34612,0.005114899
34812,0.00017280573
35012,0.0032760142
35212,0.008189479
35312,0.014174587
35512,0.0069329743
35612,0.0020344765
35712,0.0049159094
35912,0.021368293
36012,0.16096304
36112,0.015916195
36612,0.0049269903
37212,0.005172602
37412,0.021950912
37512,0.028999874
37612,0.0006711084
37712,0.0056669493
38112,0.008762621
38212,0.0069602397
38312,0.007540434
38412,0.019216742
38612,0.010752067
38812,0.011414607
39112,0.0035625643
39212,0.2583928
39312,0.10706931
39412,0.01630915
39612,0.008935911
39712,2.838557e-07
39912,0.00448505
40012,0.0016571574
40212,0.0050603934
40512,0.038480796
40612,0.024953814
41812,0.0069957096
42012,0.014753109
42712,0.14993155
42912,0.032014426
43612,0.016127996
44212,0.038619783
44512,0.0009294413
44712,0.018413333
44912,0.0077565266
45212,0.039315168
45312,0.022710174
45512,0.04273287
45612,0.011937147
46112,0.020259064
46312,0.01635316
46512,0.0011566981
46912,0.010392705
47012,5.7749487e-05
47112,0.00041431744
47212,0.02393712
47312,0.009968003
47612,0.04600958
47712,0.0054914886
47812,0.01102485
47912,0.026492942
48212,0.22794424
48612,0.015203151
48712,1.4620079e-05
49112,0.010205459
49212,0.047215044
49612,0.026696878
49712,0.031183897
49912,0.047168806
50112,0.00046686654
50312,1.4061558e-05
50412,1.8469978e-05
50612,0.026190476
50812,1.5960828e-06
50912,0.00074272655
51012,0.0035977007
51212,7.78068e-05
51612,0.04699584
51812,0.026629658
52012,6.72407e-05
52112,0.010890156
52512,0.028155895
52612,0.034253046
52712,0.00085271563
53212,0.025311437
53312,0.09561505
53412,0.0038317963
53612,0.0243974
53912,0.0066879275
54112,0.0032386358
54212,0.022905491
54312,0.029441457
54412,0.017363865
54612,0.0065339934
55012,0.010800655
55212,1.6561615e-05
55412,0.05861691
55512,0.012652085
55612,0.025281314
56212,0.002539022
56512,0.022214642
56712,0.0761832
56812,0.0003198974
57012,0.0007443322
57112,0.007729703
57212,0.07705568
57312,0.01906641
57512,0.008264771
57912,0.13596676
58012,0.011003081
58212,0.0013598392
58312,0.00014636196
58512,0.017091822
58912,0.009073999
59112,0.011807998
59212,0.01419851
59512,0.00021035525
59612,0.0052825063
59812,0.010713873
59912,0.0029268519
60412,0.00040109866
60512,0.0033733498
60812,0.021299278
61112,0.0084665455
61312,0.0043373536
61412,0.0011902724
61712,0.017656798
62112,0.0357367
62412,0.009806972
62712,0.0105817355
62812,0.005988312
63512,0.0131943
63612,0.034582283
63712,0.010478222
63812,0.008237412
63912,0.025737323
64312,0.014660975
64412,0.0688256
13,0.011145688
113,0.0116168335
413,7.117065e-07
613,0.0030841036
713,0.00500609
1013,0.0044015595
1213,0.00214992
1713,0.0038988076
2213,0.0035156342
2713,1.5555187e-09
2813,0.019937178
2913,0.040089704
3013,0.0052267113
3113,0.0033321353
3213,0.0011666504
3313,0.11914171
3413,0.00065852527
3713,1.973336e-05
4013,0.004032597
4113,7.927757e-13
4213,0.004940022
4413,0.0022801245
4713,0.006369588
4813,0.033018343
4913,0.009912151
5113,0.0070538586
5213,0.0031547525
5713,0.0016403069
5913,0.032709785
6213,0.0020551132
6313,0.0062003057
6513,0.0067862156
6613,0.006384056
6813,0.0057694097
6913,1.2566696e-07
7013,4.521252e-05
7213,4.95268e-08
7413,0.014757365
7513,0.015408071
7713,0.0043959906
7913,0.00015111946
8113,0.0015252834
8213,0.007851902
8313,0.0057736295
8413,0.053147275
8513,0.0046902513
8613,0.009359191
8713,0.002056388
8913,0.0075639402
9013,0.0012787039
9213,0.0073744613
9513,0.007257244
9813,0.016791532
9913,0.011987514
10113,0.00036143244
10413,0.012314519
10513,0.005373041
10613,0.025439102
10713,0.0061518885
10913,0.00549098
11213,0.004077992
11313,3.030336e-05
11713,5.021095e-05
11913,0.018965036
12113,0.20788428
12413,0.037580498
12713,0.004798605
12913,0.0030054143
13013,0.006369605
13413,0.0047164755
13513,0.07605531
13613,0.027806787
13713,0.006033547
13913,0.004180312
14313,0.013215959
14413,0.0013982742
15413,0.0036559165
15613,0.0048181685
15713,0.023617279
15813,0.010059725
15913,0.0027477085
16113,0.0013524551
16213,0.0013972379
16313,0.01809707
16413,0.008029989
16513,8.686469e-06
16613,0.004207274
17013,0.0046470314
17113,0.0024027817
17213,0.004041604
17313,0.004057386
17413,0.0051866174
17613,0.002318468
17713,0.027802635
17913,0.002619045
18013,0.0031512766
18113,3.0605534e-07
18213,5.7006773e-08
18413,0.0010283749
18513,0.0025643727
18713,1.3460241e-11
18813,0.0032569321
19113,0.025546832
19513,0.013027425
19613,1.5255376e-06
19713,0.0010825536
19813,1.0707133e-06
20713,0.008266958
20813,0.006015765
20913,0.0029399514
21113,0.0032447292
21213,0.0024100414
21413,0.0027520978
21813,0.003883208
22013,0.04998221
22313,0.0060207276
22413,0.0032840774
22513,0.0017135756
22613,0.0045553646
22913,4.1224233e-09
23013,3.3180305e-07
23213,0.020160858
23313,0.003387422
23613,0.0013752977
23713,0.0028510725
23813,0.0003636657
23913,0.012029649
24113,0.0023711696
24213,0.0056623598
24413,0.0007649866
24513,0.0002981677
24613,7.829898e-07
24713,0.0019503265
25313,1.0514227e-05
25413,0.004962679
25813,0.0005042361
26013,0.007531157
26113,0.0030892154
26213,0.054554578
26313,0.016657691
26413,0.003964748
26613,0.007267062
26713,0.005423199
26813,8.8661625e-05
26913,0.0003418768
27013,0.01078516
27313,0.05784782
27413,0.0018631207
27513,0.0001680752
27913,0.00065672625
28013,0.0010225254
28113,0.00419019
28313,0.0075698164
28413,0.0024580415
29013,0.005998733
29113,0.0038902126
29313,0.008314126
29613,0.0024569225
29713,0.011360963
29813,0.0065746517
29913,0.0451016
30013,0.0015426253
30113,0.0025643238
30313,0.015899956
30413,0.0054277666
30713,0.00096406747
30813,0.003269601
31113,0.005448917
31213,0.0028170557
31613,0.004555524
31713,0.003806886
31813,0.003084254
31913,0.0014795049
32013,0.06965845
32113,0.0086151445
32813,0.0089734215
33013,0.006438083
33113,0.0067753163
33513,0.0027534552
33713,0.0027489094
33813,0.0022070934
33913,2.3313373e-09
34013,0.00011534859
34213,4.304795e-06
34313,0.0007755482
34413,1.0979537e-07
34513,3.790668e-05
34613,0.002181749
34813,1.9981026e-05
35013,0.0025000635
35213,0.0010329665
35313,0.0076544373
35513,0.012972107
35613,0.006491459
35713,0.016334198
35913,0.0009045597
36013,0.0012145021
36113,0.0068362323
36613,0.01049233
37213,0.019747227
37413,0.006996946
37513,0.0027578238
37613,0.0016696966
37713,0.0012864927
38113,0.00081249984
38213,0.009772439
38313,0.005160576
38413,0.0021260234
38613,0.019721845
38813,0.066349104
39113,0.0014319031
39213,9.302228e-09
39313,0.00013109295
39413,5.9352813e-05
39613,0.0033173265
39713,3.2052654e-07
39913,0.0068060886
40013,0.0007471018
40213,0.015054279
40513,0.0022348491
40613,0.0076338323
41813,0.0027134137
42013,0.02408071
42713,0.0029512974
42913,0.06980407
43613,0.0008518206
44213,0.0053112814
44513,0.0004615842
44713,0.006392232
44913,0.0059506954
45213,0.0068795923
45313,0.0041158046
45513,0.008869343
45613,0.002220472
46113,0.072939076
46313,0.0030384944
46513,0.0011461314
46913,0.005039779
47013,3.2106705e-05
47113,0.0013894616
47213,0.0054044346
47313,0.002145175
47613,0.02059802
47713,0.005398947
47813,0.006236279
47913,0.006825888
48213,0.0015570276
48613,0.012408461
48713,4.0841473e-06
49113,0.09516856
49213,0.0017863648
49613,0.0035816936
49713,0.0002971515
49913,0.027212003
50113,0.0029983087
50313,2.8610239e-06
50413,8.6249784e-08
50613,5.759877e-06
50813,8.514886e-09
50913,0.0007161349
51013,0.002463733
51213,9.859664e-06
51613,7.7169693e-07
51813,0.0048892517
52013,6.629347e-06
52113,0.0045646355
52513,0.0003173799
52613,0.0014612799
52713,0.011026174
53213,0.040202823
53313,0.0053091897
53413,0.00025107161
53613,0.027415944
53913,0.0053134006
54113,0.006367339
54213,0.004186637
54313,0.013363318
54413,0.0075519737
54613,0.38490078
55013,0.016928386
55213,1.2803182e-05
55413,0.00043479496
55513,0.001034528
55613,0.06467376
56213,0.0030686925
56513,0.003990753
56713,0.020627465
56813,0.00030597777
57013,0.0018530112
57113,0.00983124
57213,0.024910154
57313,0.00012825137
57513,0.010013319
57913,0.0020609878
58013,0.009197869
58213,0.0014725497
58313,1.2902719e-06
58513,0.03158386
58913,0.0091184275
59113,0.004962411
59213,0.00045345514
59513,0.00032978028
59613,0.0045212707
59813,0.0025520371
59913,0.0034765564
60413,0.00045565574
60513,0.005212441
60813,0.0083240345
61113,0.006052972
61313,0.0070590875
61413,0.0021621934
61713,0.07385177
62113,0.007965499
62413,0.0046702903
62713,0.00054908654
62813,0.0038138733
63513,0.002487078
63613,0.0032085192
63713,0.0017093192
63813,0.004729039
63913,0.008866269
64313,0.021198051
64413,0.00037543738
14,0.06433065
114,0.063842796
414,5.68657e-07
614,0.013158741
714,0.0095545
1014,0.042465597
1214,0.0068316823
1714,0.10671013
2214,0.05614391
2714,2.1108622e-07
2814,0.026663186
2914,0.19518961
3014,0.014401022
3114,0.004209776
3214,0.0010071341
3314,0.1782769
3414,0.0034012448
3714,6.8312766e-05
4014,0.010057457
4114,2.8545658e-10
4214,0.017144015
4414,0.0065240096
4714,0.017427316
4814,0.09535046
4914,0.014166039
5114,0.029572563
5214,0.033045013
5714,0.0059943427
5914,0.27736545
6214,0.023360169
6314,0.0180189
6514,0.03715062
6614,0.048715547
6814,0.0643293
6914,2.6396326e-06
7014,0.0005366061
7214,1.2024494e-06
7414,0.017442735
7514,0.02824868
7714,0.049366426
7914,0.00422995
8114,0.0063365144
8214,0.015046946
8314,0.013981641
8414,0.03800349
8514,0.069168314
8614,0.059424736
8714,0.23164009
8914,0.052227825
9014,0.010654794
9214,0.009930703
9514,0.008113126
9814,0.24157979
9914,0.04091553
10114,0.0007356782
10414,0.037392605
10514,0.006822792
10614,0.061676037
10714,0.05473516
10914,0.042573657
11214,0.0106749
11314,0.00014294015
11714,0.000121197394
11914,0.061794404
12114,0.099875994
12414,0.12346099
12714,0.039695844
12914,0.013780532
13014,0.05332173
13414,0.011901651
13514,0.32292852
13614,0.057741288
13714,0.0324557
13914,0.015533728
14314,0.034337208
14414,0.013015463
15414,0.009206589
15614,0.024229318
15714,0.05320704
15814,0.027056655
15914,0.059757255
16114,0.0019490486
16214,0.0037402546
16314,0.05326611
16414,0.060749575
16514,4.1791947e-05
16614,0.0026711517
17014,0.007963048
17114,0.0818333
17214,0.06925013
17314,0.023584042
17414,0.01933337
17614,0.003394957
17714,0.14509799
17914,0.08791632
18014,0.12375999
18114,1.5490454e-05
18214,2.5114327e-06
18414,0.0027948075
18514,0.06976025
18714,2.8036368e-08
18814,0.28165025
19114,0.05173157
19514,0.09217953
19614,6.819767e-06
19714,0.0041981232
19814,1.0015027e-05
20714,0.025534108
20814,0.021924317
20914,0.008727681
21114,0.026753541
21214,0.0031270038
21414,0.11791218
21814,0.021428747
22014,0.26044124
22314,0.026500337
22414,0.022620691
22514,0.01578354
22614,0.02351376
22914,1.7894418e-07
23014,7.829264e-06
23214,0.029151918
23314,0.0063935625
23614,0.018100856
23714,0.013216749
23814,0.15998188
23914,0.027369432
24114,0.008907532
24214,0.012834532
24414,0.010625757
24514,0.009674726
24614,0.01019702
24714,0.014031126
25314,1.08387185e-05
25414,0.021068256
25814,0.02875127
26014,0.015434168
26114,0.020758988
26214,0.038658205
26314,0.07525498
26414,0.034047205
26614,0.03295509
26714,0.029707352
26814,0.00040326075
26914,0.0005584183
27014,0.01549788
27314,0.12096791
27414,0.00553985
27514,0.00045830914
27914,0.0039760917
28014,0.010881639
28114,0.04439049
28314,0.02377752
28414,0.010768517
29014,0.05056833
29114,0.019709075
29314,0.025803901
29614,0.021570353
29714,0.10765448
29814,0.024827931
29914,0.17294975
30014,0.016417917
30114,0.010737858
30314,0.08863028
30414,0.03622942
30714,0.0067093614
30814,0.011313379
31114,0.07878755
31214,0.008118445
31614,0.016502816
31714,0.012909084
31814,0.0036220814
31914,0.0074878945
32014,0.094294
32114,0.09806773
32814,0.025746629
33014,0.030536165
33114,0.029174449
33514,0.008665133
33714,0.18389356
33814,0.120446116
33914,2.611761e-07
34014,0.023805153
34214,2.4269948e-05
34314,0.17430884
34414,3.118457e-05
34514,0.0002835057
34614,0.012836616
34814,0.0002608415
35014,0.0060502267
35214,0.005079993
35314,0.07350222
35514,0.058977876
35614,0.04147009
35714,0.033893622
35914,0.0012153587
36014,0.0022322608
36114,0.020079536
36614,0.024155032
37214,0.3782383
37414,0.015576021
37514,0.009636903
37614,0.03210199
37714,0.005056061
38114,0.0052392487
38214,0.040224023
38314,0.029092478
38414,0.007014941
38614,0.12866466
38814,0.42827144
39114,0.020629117
39214,2.5497687e-07
39314,0.00033882508
39414,0.00045860605
39614,0.0096456995
39714,0.007919955
39914,0.03800576
40014,0.0051593995
40214,0.2595593
40514,0.005870813
40614,0.14779717
41814,0.0046895966
42014,0.27857125
42714,0.014623409
42914,0.14547488
43614,0.0007951548
44214,0.008723249
44514,0.0010018557
44714,0.01206262
44914,0.042447455
45214,0.029300526
45314,0.019481951
45514,0.029319273
45614,0.014062379
46114,0.08947545
46314,0.015691832
46514,0.009037028
46914,0.111556225
47014,0.00015921805
47114,0.03515969
47214,0.010033617
47314,0.013344331
47614,0.05278488
47714,0.019618453
47814,0.02440627
47914,0.035271157
48214,0.0022358517
48614,0.02429416
48714,1.1322567e-05
49114,0.11562474
49214,0.004450812
49614,0.0045775226
49714,0.001276954
49914,0.07141825
50114,0.065847
50314,4.2106643e-05
50414,5.053499e-05
50614,9.4798146e-05
50814,2.453947e-06
50914,0.006213542
51014,0.03737254
51214,0.0021701409
51614,4.1227863e-06
51814,0.014606879
52014,2.6046217e-05
52114,0.003713302
52514,0.0016813807
52614,0.0046712575
52714,0.27056012
53214,0.017995229
53314,0.0051469817
53414,0.004694533
53614,0.059550054
53914,0.10471286
54114,0.03812647
54214,0.030144814
54314,0.035782706
54414,0.021991344
54614,0.21834628
55014,0.058049496
55214,5.3308453e-05
55414,0.0013471125
55514,0.41949862
55614,0.034642354
56214,0.00638132
56514,0.0097208405
56714,0.03825699
56814,0.002997956
57014,0.640898
57114,0.09737636
57214,0.01972872
57314,0.00037065844
57514,0.1549454
57914,0.0030861162
58014,0.054852095
58214,0.031885475
58314,0.0008301567
58514,0.088420704
58914,0.047834132
59114,0.041196503
59214,0.00047294548
59514,0.0054167323
59614,0.027114652
59814,0.010372522
59914,0.004451463
60414,0.007747322
60514,0.0065767695
60814,0.02667999
61114,0.039136123
61314,0.049307853
61414,0.0096322885
61714,0.3350165
62114,0.040062558
62414,0.042805098
62714,0.004290328
62814,0.0060210475
63514,0.006137687
63614,0.018967953
63714,0.008793143
63814,0.021567125
63914,0.061226163
64314,0.06253181
64414,0.0014483003
15,0.010908274
115,0.012261902
415,7.132506e-06
615,0.015609024
715,0.01306631
1015,0.0071741347
1215,0.01634382
1715,0.002906982
2215,0.0061905296
2715,6.748863e-10
2815,0.011785387
2915,0.020861575
3015,0.03516544
3115,0.018054307
3215,0.008026488
3315,0.0064076693
3415,0.0015480504
3715,9.4013754e-05
4015,0.015138033
4115,6.353419e-14
4215,0.048244365
4415,0.010365871
4715,0.011766238
4815,0.008132472
4915,0.049002066
5115,0.14285189
5215,0.0065975413
5715,0.007903784
5915,0.0053290115
6215,0.0011160676
6315,0.014681121
6515,0.0042070327
6615,0.003009267
6815,0.0038672327
6915,1.9438444e-06
7015,9.1809925e-05
7215,1.11356904e-07
7415,0.044644713
7515,0.006707715
7715,0.009732313
7915,0.0015285751
8115,0.005909413
8215,0.017854527
8315,0.021529814
8415,0.021870032
8515,0.010133347
8615,0.0193405
8715,0.007424119
8915,0.020579528
9015,0.0024244175
9215,0.014640462
9515,0.025976578
9815,0.019619556
9915,0.014203271
10115,0.0031957028
10415,0.011340491
10515,0.009263479
10615,0.004178802
10715,0.027249176
10915,0.008076447
11215,0.010041447
11315,0.0001490709
11715,0.00022947606
11915,0.0056439233
12115,0.014215669
12415,0.007825975
12715,0.012296607
12915,0.007957524
13015,0.045912143
13415,0.019849995
13515,0.0070724417
13615,0.0033941283
13715,0.0034222037
13915,0.11036635
14315,0.003487676
14415,0.0042495388
15415,0.011113323
15615,0.016715672
15715,0.009164013
15815,0.024365822
15915,0.004797569
16115,0.0070636263
16215,0.007464624
16315,0.048653934
16415,0.0064281397
16515,6.9172165e-05
16615,0.027951555
17015,0.019786362
17115,0.0028622723
17215,0.0033277622
17315,0.025325606
17415,0.01880284
17615,0.008004016
17715,0.009037029
17915,0.0031798373
18015,0.002327851
18115,7.786605e-07
18215,3.3477164e-08
18415,0.0032978214
18515,0.0073884125
18715,9.316206e-12
18815,0.010742722
19115,0.013130371
19515,0.02102501
19615,2.970824e-06
19715,0.0019027615
19815,1.6944361e-05
20715,0.006995915
20815,0.03716824
20915,0.01688744
21115,0.010063127
21215,0.012462747
21415,0.0026009276
21815,0.007209127
22015,0.004539177
22315,0.019557666
22415,0.012217322
22515,0.0014534366
22615,0.010608002
22915,8.8555076e-08
23015,7.947534e-07
23215,0.06263805
23315,0.010041191
23615,0.001496921
23715,0.017488128
23815,0.000676203
23915,0.022038525
24115,0.006527134
24215,0.025743276
24415,0.00096196553
24515,0.00031873523
24615,1.6700055e-06
24715,0.0022591348
25315,4.0243234e-05
25415,0.10653502
25815,0.0017761454
26015,0.015008147
26115,0.013887603
26215,0.007539945
26315,0.014787165
26415,0.021263506
26615,0.0075536594
26715,0.011412347
26815,0.0006574926
26915,0.0021449947
27015,0.02431033
27315,0.008766815
27415,0.0037444911
27515,0.0030745866
27915,0.003135134
28015,0.008400448
28115,0.012285938
28315,0.020548342
28415,0.006153069
29015,0.02355087
29115,0.018027944
29315,0.0072894497
29615,0.0091929855
29715,0.013147965
29815,0.012225971
29915,0.002315259
30015,0.003314895
30115,0.008457234
30315,0.003717725
30415,0.0041602044
30715,0.0027851427
30815,0.020168941
31115,0.009573276
31215,0.0059887897
31615,0.013555474
31715,0.0069244597
31815,0.013724807
31915,0.0049811536
32015,0.0047529014
32115,0.0026542803
32815,0.008455889
33015,0.008515412
33115,0.009805328
33515,0.012209691
33715,0.0042048185
33815,0.0013454083
33915,4.50686e-09
34015,0.00014704933
34215,4.5895245e-06
34315,0.00196428
34415,7.158489e-08
34515,3.6163183e-05
34615,0.008728928
34815,4.4012475e-05
35015,0.008110526
35215,0.0060176323
35315,0.008377347
35515,0.0148669705
35615,0.01189483
35715,0.014925042
35915,0.005132728
36015,0.004162981
36115,0.007029261
36615,0.022333656
37215,0.0011170353
37415,0.05949585
37515,0.029615931
37615,0.00062757643
37715,0.0028193193
38115,0.0025985765
38215,0.0019121412
38315,0.002485144
38415,0.012235412
38615,0.0072340122
38815,0.0036249545
39115,0.0010790539
39215,8.351535e-08
39315,0.0005677728
39415,0.00025891804
39615,0.13018005
39715,8.737177e-09
39915,0.026534626
40015,0.008592847
40215,0.010615585
40515,0.007900108
40615,0.011341426
41815,0.012090206
42015,0.013653253
42715,0.0056382515
42915,0.0041643097
43615,0.0035212827
44215,0.019479083
44515,0.012700901
44715,0.041643474
44915,0.0030311448
45215,0.1413077
45315,0.068749234
45515,0.0112093715
45615,0.002246418
46115,0.00439417
46315,0.010608354
46515,0.0045088097
46915,0.008640586
47015,7.203721e-05
47115,0.0036262816
47215,0.037503716
47315,0.008465239
47615,0.009736704
47715,0.003985439
47815,0.0025398412
47915,0.011329426
48215,0.00409208
48615,0.041571982
48715,1.050445e-05
49115,0.019646846
49215,0.009153172
49615,0.012892166
49715,0.00644565
49915,0.0103845475
50115,0.0019574517
50315,1.8512155e-06
50415,6.914415e-08
50615,6.8862314e-06
50815,4.6622226e-09
50915,0.0023991473
51015,0.0033879075
51215,5.841312e-06
51615,1.2786091e-06
51815,0.012757459
52015,1.1158473e-05
52115,0.019685
52515,0.004300219
52615,0.0036966326
52715,0.0029176099
53215,0.017936537
53315,0.0141764125
53415,0.00013225776
53615,0.004113494
53915,0.0061594713
54115,0.010698121
54215,0.01852591
54315,0.0055813454
54415,0.0064264964
54615,0.00015800566
55015,0.0048002545
55215,6.603908e-06
55415,0.004885514
55515,0.0009590632
55615,0.021728845
56215,0.019670434
56515,0.01109403
56715,0.02483194
56815,0.0021323615
57015,0.0008052599
57115,0.020720705
57215,0.031420164
57315,0.0005152766
57515,0.015253897
57915,0.005501531
58015,0.028116101
58215,0.008076342
58315,1.1889665e-05
58515,0.03672912
58915,0.0024069485
59115,0.008380304
59215,0.004313382
59515,0.0011913636
59615,0.023100123
59815,0.0027571202
59915,0.017752524
60415,0.0029293555
60515,0.103434116
60815,0.004977289
61115,0.0048598903
61315,0.029215826
61415,0.00695209
61715,0.0028546646
62115,0.011642762
62415,0.0058739088
62715,0.0009493881
62815,0.011849319
63515,0.0074446057
63615,0.0036376517
63715,0.0049326024
63815,0.0027883882
63915,0.015110213
64315,0.0059091984
64415,0.0020074607
16,0.02869694
116,0.030526627
416,9.742989e-07
616,0.018147876
716,0.011190472
1016,0.014125026
1216,0.0029596435
1716,0.012871042
2216,0.009166214
2716,5.2804805e-09
2816,0.0045328923
2916,0.06868959
3016,0.01877541
3116,0.0061328495
3216,0.001456834
3316,0.061815612
3416,0.0010784293
3716,2.2710597e-05
4016,0.018076621
4116,6.2655046e-12
4216,0.021346267
4416,0.010061917
4716,0.025707267
4816,0.03405629
4916,0.0077301147
5116,0.019558135
5216,0.025036369
5716,0.0050312746
5916,0.033844262
6216,0.010150052
6316,0.017433314
6516,0.019973932
6616,0.019398516
6816,0.01680838
6916,7.611049e-07
7016,0.00019417876
7216,1.1798279e-07
7416,0.022529714
7516,0.017310852
7716,0.013417592
7916,0.0008143025
8116,0.0046170396
8216,0.021779226
8316,0.016533414
8416,0.06323264
8516,0.016212897
8616,0.035837077
8716,0.013491898
8916,0.028943053
9016,0.0048146653
9216,0.018997693
9516,0.0052969754
9816,0.064250335
9916,0.01855895
10116,0.0005414332
10416,0.033928532
10516,0.0130954515
10616,0.01841084
10716,0.054165028
10916,0.030704811
11216,0.011994086
11316,0.00011100757
11716,0.00019808012
11916,0.027181152
12116,0.063105546
12416,0.03076775
12716,0.025137283
12916,0.007857746
13016,0.031829044
13416,0.014370157
13516,0.05352415
13616,0.024541825
13716,0.008386088
13916,0.01597788
14316,0.016167225
14416,0.0019279886
15416,0.0045826137
15616,0.023335245
15716,0.02488824
15816,0.028387439
15916,0.010305848
16116,0.0022788523
16216,0.0068818284
16316,0.069840185
16416,0.02094252
16516,1.5026891e-05
16616,0.004369471
17016,0.0135749765
17116,0.008187131
17216,0.011915138
17316,0.018050104
17416,0.016931629
17616,0.003834284
17716,0.01601586
17916,0.010944515
18016,0.009826111
18116,1.3246472e-06
18216,2.0261952e-07
18416,0.0025921606
18516,0.008196497
18716,1.09022284e-10
18816,0.023946345
19116,0.008158351
19516,0.026662871
19616,1.8296346e-06
19716,0.0016672025
19816,3.7244442e-06
20716,0.015415987
20816,0.011333494
20916,0.0056022513
21116,0.01883451
21216,0.0038786677
21416,0.015882025
21816,0.022230146
22016,0.038440865
22316,0.027892647
22416,0.019003652
22516,0.005610834
22616,0.02291015
22916,8.3020744e-08
23016,7.255744e-07
23216,0.028195092
23316,0.007685717
23616,0.0051532267
23716,0.0071372758
23816,0.0025337394
23916,0.024230545
24116,0.004826753
24216,0.013592075
24416,0.0037897946
24516,0.0010975192
24616,9.060914e-06
24716,0.0062682717
25316,2.4727813e-06
25416,0.0172055
25816,0.0015337821
26016,0.004227414
26116,0.0151701
26216,0.02858221
26316,0.038220745
26416,0.031657327
26616,0.024567198
26716,0.028897235
26816,0.0002856775
26916,0.00063957856
27016,0.028808177
27316,0.035971154
27416,0.0031815185
27516,0.00066766085
27916,0.0017282295
28016,0.0041636047
28116,0.007061771
28316,0.0334164
28416,0.009198953
29016,0.01328107
29116,0.021711659
29316,0.019062856
29616,0.0074512023
29716,0.025684984
29816,0.019386532
29916,0.030274296
30016,0.008350726
30116,0.0025906682
30316,0.024514725
30416,0.012892977
30716,0.001608254
30816,0.010328891
31116,0.004587
31216,0.0059229457
31616,0.0138871465
31716,0.0044462015
31816,0.0058006435
31916,0.006428742
32016,0.032921128
32116,0.015728347
32816,0.021227079
33016,0.023814647
33116,0.021001184
33516,0.008143838
33716,0.011414122
33816,0.0065468713
33916,1.2209836e-08
34016,0.00050466927
34216,1.1439345e-05
34316,0.0028327052
34416,3.8471717e-07
34516,0.00011806415
34616,0.01115097
34816,8.300954e-05
35016,0.006255362
35216,0.0032800415
35316,0.032335687
35516,0.024339153
35616,0.014051944
35716,0.012655423
35916,0.0010340528
36016,0.0028022984
36116,0.015814722
36616,0.005810019
37216,0.028349359
37416,0.021477498
37516,0.009257132
37616,0.0031300338
37716,0.0048423423
38116,0.0025296372
38216,0.013851162
38316,0.015689628
38416,0.012963763
38616,0.018835234
38816,0.036796097
39116,0.004786987
39216,1.02567455e-07
39316,0.00047608328
39416,0.00014266992
39616,0.007927635
39716,1.7664958e-06
39916,0.021447377
40016,0.0039324225
40216,0.02712299
40516,0.0050702514
40616,0.032190166
41816,0.0018649604
42016,0.045401406
42716,0.016022015
42916,0.044199385
43616,0.00059041486
44216,0.012101489
44516,0.0010346521
44716,0.01615123
44916,0.014824634
45216,0.016229607
45316,0.021417081
45516,0.017776577
45616,0.005934827
46116,0.030954264
46316,0.012732617
46516,0.0015244954
46916,0.01842911
47016,7.3015835e-05
47116,0.0018728658
47216,0.010929707
47316,0.012433339
47616,0.025108108
47716,0.013763045
47816,0.011102073
47916,0.02142874
48216,0.0030814142
48616,0.036206827
48716,2.930185e-06
49116,0.036166254
49216,0.004328422
49616,0.0035727075
49716,0.00062251394
49916,0.028408948
50116,0.0098725865
50316,8.494325e-06
50416,6.191741e-07
50616,1.9779978e-05
50816,4.2959602e-08
50916,0.0024900716
51016,0.009197117
51216,5.088563e-05
51616,3.7287675e-06
51816,0.014166237
52016,4.7083904e-06
52116,0.009260212
52516,0.0011327618
52616,0.004246069
52716,0.025982939
53216,0.035242356
53316,0.010462237
53416,0.0014906587
53616,0.023983892
53916,0.015021154
54116,0.022495981
54216,0.021710662
54316,0.02251349
54416,0.018841306
54616,0.047368668
55016,0.01782902
55216,5.508616e-05
55416,0.0011885074
55516,0.0065491777
55616,0.06379288
56216,0.009007023
56516,0.014225203
56716,0.04417542
56816,0.0005309746
57016,0.0046284012
57116,0.032817762
57216,0.041047484
57316,0.00025420278
57516,0.032315373
57916,0.0032321683
58016,0.023560941
58216,0.0073504574
58316,1.6790975e-05
58516,0.068883464
58916,0.014180214
59116,0.010505256
59216,0.0016342422
59516,0.0013024089
59616,0.0071621635
59816,0.0067472607
59916,0.0038907893
60416,0.0017935359
60516,0.013400279
60816,0.015016127
61116,0.01494062
61316,0.011027603
61416,0.0040333904
61716,0.04811216
62116,0.011116146
62416,0.025712984
62716,0.0018309954
62816,0.010331247
63516,0.0029218541
63616,0.012033967
63716,0.0057393196
63816,0.0096717775
63916,0.028144287
64316,0.024805414
64416,0.0009921903
17,0.016015572
117,0.02060853
417,3.010829e-05
617,0.04081581
717,0.10737291
1017,0.045550898
1217,0.012695102
1717,0.011052527
2217,0.01811222
2717,1.9925646e-06
2817,0.00066843396
2917,0.028869005
3017,0.074537
3117,0.055598572
3217,0.017421253
3317,0.023923364
3417,0.0020415965
3717,0.0012044834
4017,0.086272955
4117,6.204287e-11
4217,0.09014981
4417,0.0059649544
4717,0.038507815
4817,0.07124838
4917,0.01609431
5117,0.1170323
5217,0.04611562
5717,0.062800884
5917,0.018291002
6217,0.024001462
6317,0.07533236
6517,0.03338493
6617,0.06859394
6817,0.031224037
6917,1.1438758e-05
7017,0.02634825
7217,6.698265e-05
7417,0.05391969
7517,0.038422894
7717,0.04666686
7917,0.024658615
8117,0.0034972886
8217,0.08923904
8317,0.023623323
8417,0.05329759
8517,0.02774098
8617,0.058093645
8717,0.013878972
8917,0.023996957
9017,0.023098309
9217,0.059355132
9517,0.0094055
9817,0.025404377
9917,0.020501042
10117,0.00066955265
10417,0.090505645
10517,0.11901054
10617,0.027908105
10717,0.11975091
10917,0.056193247
11217,0.022768658
11317,0.0003937347
11717,0.0007123143
11917,0.063950345
12117,0.018626
12417,0.015195382
12717,0.043694682
12917,0.04336955
13017,0.029220432
13417,0.10540991
13517,0.018595919
13617,0.07315675
13717,0.031846624
13917,0.08922287
14317,0.09665195
14417,0.00018727506
15417,0.00306099
15617,0.10732901
15717,0.028799864
15817,0.030925184
15917,0.027960325
16117,0.0037329057
16217,0.06957447
16317,0.09135624
16417,0.016227618
16517,0.0002678797
16617,0.006684924
17017,0.21723749
17117,0.018543847
17217,0.018422928
17317,0.031089906
17417,0.01960343
17617,0.0042941677
17717,0.009657214
17917,0.013688253
18017,0.012322474
18117,9.018749e-06
18217,9.4908555e-06
18417,0.0052061854
18517,0.011554561
18717,1.5866116e-08
18817,0.028795635
19117,0.0028002535
19517,0.01229955
19617,8.506174e-05
19717,0.004655282
19817,0.025825415
20717,0.026122002
20817,0.019558378
20917,0.0070440066
21117,0.03601245
21217,0.01907597
21417,0.00765518
21817,0.071840756
22017,0.026391476
22317,0.08781843
22417,0.098226234
22517,0.037147008
22617,0.06523751
22917,1.900552e-07
23017,0.0009371627
23217,0.046982728
23317,0.021059493
23617,0.012463497
23717,0.007139808
23817,0.012364798
23917,0.028300349
24117,0.0074978406
24217,0.01240965
24417,0.019234477
24517,0.008426279
24617,0.00033305597
24717,0.013036246
25317,1.5468964e-05
25417,0.09329612
25817,0.00010490753
26017,0.0011452818
26117,0.017274166
26217,0.050171964
26317,0.16199888
26417,0.016930228
26617,0.13107811
26717,0.057889115
26817,0.00032027162
26917,0.05893614
27017,0.038050946
27317,0.02173411
27417,0.0106187295
27517,0.01096224
27917,0.00083991716
28017,0.024923066
28117,0.0018674395
28317,0.11190758
28417,0.060900576
29017,0.008285907
29117,0.08549175
29317,0.16566646
29617,0.03542547
29717,0.011107051
29817,0.057006862
29917,0.06588943
30017,0.04961601
30117,0.0003602681
30317,0.082002826
30417,0.066964865
30717,0.0003315724
30817,0.0028784715
31117,0.0006208034
31217,0.020422492
31617,0.022646267
31717,0.0010602559
31817,0.010411795
31917,0.044044413
32017,0.07774208
32117,0.005740021
32817,0.055341277
33017,0.03435615
33117,0.02003179
33517,0.009642136
33717,0.008563401
33817,0.009960191
33917,4.4872138e-07
34017,0.007755698
34217,0.00028996522
34317,0.0063897944
34417,1.2147633e-05
34517,0.0025074864
34617,0.025892029
34817,0.00047737313
35017,0.20413896
35217,0.36292827
35317,0.014470203
35517,0.026511153
35617,0.011210246
35717,0.0075792437
35917,0.002348124
36017,0.0027984276
36117,0.06355598
36617,0.005283231
37217,0.03089022
37417,0.1007296
37517,0.08630683
37617,0.0008202268
37717,0.11459286
38117,0.059452195
38217,0.08576304
38317,0.111063585
38417,0.082227685
38617,0.020971714
38817,0.008607709
39117,0.021415515
39217,2.8694512e-07
39317,0.00029378262
39417,0.0061009363
39617,0.06065174
39717,0.00021090293
39917,0.021164542
40017,0.0346057
40217,0.019991133
40517,0.007032954
40617,0.043061957
41817,0.0010525557
42017,0.00903463
42717,0.025697457
42917,0.037837572
43617,0.0006418459
44217,0.021885773
44517,0.044920474
44717,0.07405396
44917,0.035725154
45217,0.092648014
45317,0.108483754
45517,0.038028855
45617,0.061050877
46117,0.034457844
46317,0.08475331
46517,0.00019789867
46917,0.046327993
47017,0.00064051035
47117,0.000160929
47217,0.019509634
47317,0.104603216
47617,0.0072667915
47717,0.10182032
47817,0.060234156
47917,0.04141785
48217,0.0041290564
48617,0.011844037
48717,3.106133e-05
49117,0.010656256
49217,0.03733588
49617,0.0018042024
49717,0.0028714316
49917,0.06803556
50117,0.016295876
50317,0.00011507588
50417,3.475089e-06
50617,6.182786e-05
50817,1.9740294e-06
50917,0.0043892143
51017,0.020649945
51217,0.0010680632
51617,2.2275926e-05
51817,0.021291772
52017,9.54371e-06
52117,0.07191282
52517,0.012183414
52617,0.000812224
52717,0.002584551
53217,0.33522904
53317,0.01851995
53417,0.004211601
53617,0.06906521
53917,0.007957649
54117,0.02271276
54217,0.049129732
54317,0.056662295
54417,0.03916261
54617,0.008638532
55017,0.054621745
55217,0.0007146475
55417,0.005326328
55517,0.007219639
55617,0.093713954
56217,0.0073705856
56517,0.019539565
56717,0.052965403
56817,0.00046552965
57017,0.0044289595
57117,0.05693737
57217,0.054115508
57317,0.00042376606
57517,0.036290213
57917,0.011571138
58017,0.015505723
58217,0.0027027233
58317,0.0023840857
58517,0.032942053
58917,0.032591432
59117,0.003903307
59217,0.00087713805
59517,0.0004198882
59617,0.004570105
59817,0.034284882
59917,0.009738493
60417,0.00021292835
60517,0.13598214
60817,0.122382924
61117,0.012040413
61317,0.010249212
61417,0.0004145463
61717,0.024337767
62117,0.010724578
62417,0.11195506
62717,0.027363807
62817,0.124372
63517,0.0022321935
63617,0.03794589
63717,0.10815021
63817,0.06334274
63917,0.055811185
64317,0.06324949
64417,0.00946528
18,0.0013324776
118,0.0014476771
418,3.1660915e-05
618,0.060575705
718,0.018917017
1018,0.0026306284
1218,0.003385211
1718,0.0008205109
2218,0.0023262778
2718,1.5848437e-09
2818,0.016381735
2918,0.047207087
3018,0.12832862
3118,0.007516231
3218,0.013673201
3318,0.12382954
3418,0.0004331158
3718,1.3478753e-05
4018,0.11530414
4118,2.0506869e-12
4218,0.038142145
4418,0.008225267
4718,0.31303895
4818,0.050618205
4918,0.1616504
5118,0.07636097
5218,0.060966257
5718,0.011726478
5918,0.035558898
6218,0.010816304
6318,0.018350186
6518,0.024065545
6618,0.018990144
6818,0.034929026
6918,2.3389505e-06
7018,5.3851858e-05
7218,1.0068609e-07
7418,0.046473987
7518,0.009920288
7718,0.004570678
7918,0.00032839715
8118,0.0028014872
8218,0.012738266
8318,0.016848471
8418,0.0900197
8518,0.0035665934
8618,0.009882424
8718,0.0014245792
8918,0.009674223
9018,0.0012866397
9218,0.005784796
9518,0.02286968
9818,0.020284727
9918,0.011055449
10118,0.0007958087
10418,0.07362138
10518,0.009820605
10618,0.05732331
10718,0.076641195
10918,0.0804114
11218,0.0034123564
11318,5.2003346e-05
11718,0.0036492615
11918,0.04897378
12118,0.15472144
12418,0.081879355
12718,0.04137857
12918,0.03519066
13018,0.04475158
13418,0.02782726
13518,0.035495434
13618,0.08462258
13718,0.03437584
13918,0.082147084
14318,0.0463025
14418,0.0044785137
15418,0.05055887
15618,0.033485845
15718,0.15975025
15818,0.01717589
15918,0.0032782464
16118,0.037665658
16218,0.019244608
16318,0.005930044
16418,0.0008524364
16518,4.785602e-05
16618,0.012089602
17018,0.01810072
17118,0.0004888997
17218,0.00056808675
17318,0.006601556
17418,0.012427118
17618,0.090234526
17718,0.022377413
17918,0.00063690456
18018,0.0003238332
18118,6.3934914e-07
18218,6.378723e-08
18418,0.00103429
18518,0.0016213356
18718,3.1780346e-11
18818,0.0038871586
19118,0.020272546
19518,0.0090510305
19618,4.6917617e-07
19718,0.0007188566
19818,2.0147895e-06
20718,0.04964962
20818,0.045657326
20918,0.006201047
21118,0.054117423
21218,0.0066618524
21418,0.026020933
21818,0.056523815
22018,0.064041905
22318,0.012064882
22418,0.034074612
22518,0.0047633355
22618,0.051878925
22918,4.712308e-07
23018,2.955531e-07
23218,0.044368755
23318,0.084340416
23618,0.0017927762
23718,0.008131149
23818,0.00076826743
23918,0.025865505
24118,0.0033092294
24218,0.028833365
24418,0.00080891553
24518,0.0004289315
24618,2.1082742e-06
24718,0.0022442492
25318,1.7408303e-05
25418,0.020444969
25818,0.0008160655
26018,0.039113812
26118,0.0042921547
26218,0.11084194
26318,0.056899037
26418,0.020582972
26618,0.024643544
26718,0.14822827
26818,0.0006752236
26918,0.00028428476
27018,0.010694323
27318,0.11900244
27418,0.00467184
27518,0.00645346
27918,0.0008137912
28018,0.0027091242
28118,0.014379288
28318,0.08561348
28418,0.022798624
29018,0.039371673
29118,0.05972995
29318,0.031769235
29618,0.01939273
29718,0.030639347
29818,0.038758203
29918,0.06630533
30018,0.017291324
30118,0.01103808
30318,0.062298506
30418,0.036212377
30718,0.004674982
30818,0.014038036
31118,0.0073858607
31218,0.02031238
31618,0.012755702
31718,0.0336256
31818,0.048009887
31918,0.011458185
32018,0.10273623
32118,0.0009218268
32818,0.034221835
33018,0.00282201
33118,0.0027406465
33518,0.01071042
33718,0.0007197755
33818,0.00022787214
33918,4.0445034e-09
34018,0.00013263684
34218,2.9462842e-06
34318,0.00028981254
34418,1.3655605e-07
34518,3.7586873e-05
34618,0.003353577
34818,1.8894467e-05
35018,0.0031357226
35218,0.0035922248
35318,0.088503055
35518,0.015093101
35618,0.0053744945
35718,0.009867608
35918,0.012825758
36018,0.017889256
36118,0.028508188
36618,0.046581406
37218,0.0013481801
37418,0.09642286
37518,0.02825716
37618,0.0048574987
37718,0.0030963118
38118,0.003933782
38218,0.024841227
38318,0.025933614
38418,0.016272899
38618,0.02425863
38818,0.04262003
39118,0.002458093
39218,6.6390186e-07
39318,0.0020705268
39418,0.00012015433
39618,0.021390224
39718,4.4654402e-10
39918,0.005487055
40018,0.0012829993
40218,0.0079688225
40518,0.007364795
40618,0.008046537
41818,0.012721917
42018,0.026088815
42718,0.11276171
42918,0.07952997
43618,0.017383285
44218,0.11011594
44518,0.0010230702
44718,0.060200762
44918,0.018021468
45218,0.08539581
45318,0.02841135
45518,0.11582356
45618,0.009677046
46118,0.10895366
46318,0.015231334
46518,0.0026005812
46918,0.0051112724
47018,3.0264815e-05
47118,0.0018665999
47218,0.10743009
47318,0.012304275
47618,0.1034865
47718,0.013315267
47818,0.01797795
47918,0.008934379
48218,0.03799306
48618,0.013766099
48718,1.1546292e-05
49118,0.12874489
49218,0.011947538
49618,0.02590109
49718,0.0009448824
49918,0.09008877
50118,0.00050277123
50318,1.7042328e-06
50418,2.2015728e-07
50618,1.6057593e-05
50818,1.771364e-08
50918,0.0005414526
51018,0.0036596819
51218,1.7626202e-05
51618,2.608105e-05
51818,0.015202939
52018,4.591927e-06
52118,0.019257745
52518,0.001880713
52618,0.008187471
52718,0.00713582
53218,0.040005416
53318,0.45752433
53418,0.002845455
53618,0.03358287
53918,0.016568169
54118,0.014847701
54218,0.055577
54318,0.083056554
54418,0.037615865
54618,0.0104696695
55018,0.033027615
55218,1.9557257e-05
55418,0.0017020248
55518,0.0007708626
55618,0.027447345
56218,0.009351809
56518,0.014444084
56718,0.02211893
56818,0.00025447446
57018,0.00094239274
57118,0.008357275
57218,0.031375982
57318,0.000257809
57518,0.0063564116
57918,0.04170592
58018,0.010248539
58218,0.003136431
58318,3.6440135e-06
58518,0.04016138
58918,0.01202496
59118,0.032994725
59218,0.0013654782
59518,0.0003147842
59618,0.024505788
59818,0.00530575
59918,0.009624085
60418,0.00044283908
60518,0.014133343
60818,0.03795316
61118,0.0045489143
61318,0.030554142
61418,0.0048464867
61718,0.026540658
62118,0.09905317
62418,0.056296863
62718,0.0024191453
62818,0.009778014
63518,0.03554581
63618,0.03548533
63718,0.009813048
63818,0.012651783
63918,0.011266183
64318,0.038619474
64418,0.0050349515
