Id,Probability
0,0.44771123
100,0.38698727
400,0.07292837
600,0.3897499
700,0.42555028
1000,0.3598505
1200,0.24888536
1700,0.22061035
2200,0.02419423
2700,0.00280578
2800,0.42948025
2900,0.42878103
3000,0.39036062
3100,0.4201986
3200,0.41531453
3300,0.4160133
3400,0.20937778
3700,0.031235814
4000,0.39063394
4100,0.057978246
4200,0.39372057
4400,0.43024415
4700,0.3952089
4800,0.4202276
4900,0.3866944
5100,0.4015134
5200,0.39078197
5700,0.42023206
5900,0.4168324
6200,0.38751167
6300,0.39663476
6500,0.42951882
6600,0.39088243
6800,0.42720625
6900,0.0019260232
7000,0.042493265
7200,0.015218886
7400,0.11779674
7500,0.41887888
7700,0.42194688
7900,0.101879805
8100,0.40280098
8200,0.40330437
8300,0.38568237
8400,0.43633556
8500,0.4430056
8600,0.42904076
8700,0.017801857
8900,0.4419215
9000,0.050367724
9200,0.40961355
9500,0.33060792
9800,0.50156844
9900,0.4332725
10100,0.15164636
10400,0.42813885
10500,0.42935804
10600,0.4299371
10700,0.40404654
10900,0.3900812
11200,0.40023482
11300,0.30075228
11700,0.39282885
11900,0.4335246
12100,0.46853888
12400,0.43416
12700,0.3904324
12900,0.43972892
13000,0.39971048
13400,0.43769026
13500,0.41515484
13600,0.43356404
13700,0.424423
13900,0.3883685
14300,0.4335231
14400,0.39041874
15400,0.3893438
15600,0.39462528
15700,0.42889398
15800,0.42085168
15900,0.3726919
16100,0.18180047
16200,0.39931968
16300,0.10368838
16400,0.46890715
16500,0.001564885
16600,0.36904567
17000,0.4226965
17100,0.12024805
17200,0.4070592
17300,0.033404715
17400,0.053194415
17600,0.17749128
17700,0.4207758
17900,0.033155095
18000,0.4464348
18100,0.008008004
18200,0.0006918726
18400,0.005630621
18500,0.028527495
18700,0.005741357
18800,0.028502313
19100,0.48419794
19500,0.44121104
19600,0.015075665
19700,0.18786786
19800,0.033381935
20700,0.43198377
20800,0.40665188
20900,0.4002544
21100,0.39105013
21200,0.39682105
21400,0.38994798
21800,0.3887099
22000,0.4368056
22300,0.289642
22400,0.38980293
22500,0.40011552
22600,0.39716506
22900,0.017405909
23000,0.0013889913
23200,0.24395387
23300,0.3930799
23600,0.4056371
23700,0.023240143
23800,0.003474109
23900,0.4441093
24100,0.40825897
24200,0.39273697
24400,0.041044436
24500,0.0061932625
24600,0.000637528
24700,0.41361448
25300,0.0008491546
25400,0.15156062
25800,0.11153231
26000,0.41248852
26100,0.45933565
26200,0.43025893
26300,0.4350631
26400,0.4036495
26600,0.39294392
26700,0.39047942
26800,0.3310615
26900,0.42461315
27000,0.3962917
27300,0.43296772
27400,0.44228387
27500,0.40397328
27900,0.062182225
28000,0.037461996
28100,0.392981
28300,0.39177632
28400,0.43804058
29000,0.38927156
29100,0.39030772
29300,0.39224678
29600,0.3913434
29700,0.3922107
29800,0.42144787
29900,0.43555245
30000,0.3981518
30100,0.4065295
30300,0.43697408
30400,0.4335
30700,0.39040154
30800,0.44957304
31100,0.39061752
31200,0.42807046
31600,0.2771329
31700,0.43167195
31800,0.3921911
31900,0.42361844
32000,0.4322148
32100,0.44079342
32800,0.43593448
33000,0.28396198
33100,0.50669825
33500,0.3903547
33700,0.09027188
33800,0.3272828
33900,0.00011532455
34000,0.00086814765
34200,0.004858392
34300,0.046871122
34400,0.0007478789
34500,0.0034311884
34600,0.0077112936
34800,0.00016368397
35000,0.43196446
35200,0.43339387
35300,0.394589
35500,0.5017102
35600,0.42778948
35700,0.09505723
35900,0.39381585
36000,0.39186144
36100,0.42965958
36600,0.39954847
37200,0.35769632
37400,0.3952607
37500,0.39241263
37600,0.43391854
37700,0.44090524
38100,0.43373045
38200,0.43874165
38300,0.3900109
38400,0.3985103
38600,0.42430064
38800,0.41852418
39100,0.12820941
39200,0.033316996
39300,0.3816096
39400,0.02678547
39600,0.3928262
39700,0.0004698251
39900,0.4735853
40000,0.0066204746
40200,0.43427485
40500,0.38902518
40600,0.13316026
41800,0.3930413
42000,0.49084073
42700,0.3907845
42900,0.33273044
43600,0.3996811
44200,0.3904462
44500,0.06646369
44700,0.39074025
44900,0.4313904
45200,0.057509948
45300,0.39430425
45500,0.39932838
45600,0.3920461
46100,0.4368018
46300,0.4231324
46500,0.36040705
46900,0.4817544
47000,0.07127267
47100,0.39126587
47200,0.3904107
47300,0.3890919
47600,0.43567696
47700,0.42687616
47800,0.4277235
47900,0.2711888
48200,0.38773963
48600,0.23540024
48700,0.0006548225
49100,0.4362079
49200,0.41918847
49600,0.019845886
49700,0.022381177
49900,0.43274966
50100,0.12105754
50300,0.007290103
50400,0.011887678
50600,0.018825805
50800,0.0044608666
50900,0.0025022128
51000,0.036824416
51200,0.0018755479
51600,0.39524922
51800,0.39089173
52000,0.011984314
52100,0.38863426
52500,0.3642317
52600,0.11824772
52700,0.40348607
53200,0.071819074
53300,0.39024824
53400,0.3961606
53600,0.42388812
53900,0.41087478
54100,0.4181188
54200,0.3896985
54300,0.43463036
54400,0.4231832
54600,0.44837102
55000,0.42025366
55200,0.018424397
55400,0.15358807
55500,0.025802264
55600,0.038980596
56200,0.1976703
56500,0.3914424
56700,0.4267801
56800,0.005049726
57000,0.4379366
57100,0.48610574
57200,0.41812664
57300,0.1933074
57500,0.4375845
57900,0.3914497
58000,0.39563325
58200,0.3861672
58300,0.21992297
58500,0.38628766
58900,0.4465632
59100,0.3912765
59200,0.3932364
59500,0.073192276
59600,0.3927171
59800,0.43603674
59900,0.44149986
60400,0.08033943
60500,0.08804627
60800,0.4410127
61100,0.4459216
61300,0.3905832
61400,0.42798722
61700,0.41334963
62100,0.43528512
62400,0.39039007
62700,0.4173968
62800,0.4364419
63500,0.39724037
63600,0.38877454
63700,0.38882524
63800,0.43098196
63900,0.29751647
64300,0.4321132
64400,0.42296314
1,0.51688564
101,0.5348804
401,0.69064915
601,0.50470877
701,0.5148274
1001,0.5871908
1201,0.56268996
1701,0.572802
2201,0.8092221
2701,0.9192126
2801,0.5071273
2901,0.48009726
3001,0.50508523
3101,0.49284574
3201,0.4908468
3301,0.44818878
3401,0.6168627
3701,0.78517294
4001,0.50448537
4101,0.7161562
4201,0.5811832
4401,0.5109106
4701,0.5049989
4801,0.47470525
4901,0.5038321
5101,0.50750744
5201,0.50458825
5701,0.49376908
5901,0.44915625
6201,0.503862
6301,0.49833542
6501,0.51588243
6601,0.50124645
6801,0.49573934
6901,0.9292828
7001,0.75569904
7201,0.8438413
7401,0.6539079
7501,0.4779691
7701,0.57598007
7901,0.66364413
8101,0.49716955
8201,0.50279605
8301,0.5027748
8401,0.50877196
8501,0.5068534
8601,0.55927116
8701,0.83248174
8901,0.5339025
9001,0.7331995
9201,0.4954448
9501,0.606632
9801,0.572028
9901,0.56508774
10101,0.64321613
10401,0.5149664
10501,0.52588826
10601,0.4974931
10701,0.50438935
10901,0.504094
11201,0.49775013
11301,0.61093634
11701,0.5302638
11901,0.49496937
12101,0.5115412
12401,0.4852837
12701,0.50398874
12901,0.5232787
13001,0.5043837
13401,0.533399
13501,0.44451833
13601,0.5063051
13701,0.51068157
13901,0.50323486
14301,0.5189979
14401,0.50413144
15401,0.5089563
15601,0.4997617
15701,0.5232725
15801,0.49782372
15901,0.5879145
16101,0.63839376
16201,0.4976676
16301,0.65209717
16401,0.5714792
16501,0.9333271
16601,0.5914099
17001,0.5052919
17101,0.6315244
17201,0.5410157
17301,0.7785896
17401,0.7293189
17601,0.63916093
17701,0.4849043
17901,0.7845343
18001,0.55268735
18101,0.87858826
18201,0.9511442
18401,0.8942155
18501,0.7945681
18701,0.89340556
18801,0.795414
19101,0.5708029
19501,0.50774324
19601,0.84440374
19701,0.6259953
19801,0.7783611
20701,0.50457793
20801,0.5052699
20901,0.5065395
21101,0.50441134
21201,0.5067584
21401,0.5038705
21801,0.5038887
22001,0.4999821
22301,0.612295
22401,0.50330675
22501,0.49702096
22601,0.5006399
22901,0.834933
23001,0.93697155
23201,0.6209384
23301,0.5051029
23601,0.5468857
23701,0.81254864
23801,0.90936434
23901,0.5305446
24101,0.49549097
24201,0.50582254
24401,0.7566044
24501,0.89017236
24601,0.95189565
24701,0.5524856
25301,0.9474883
25401,0.6432779
25801,0.6558575
26001,0.49471784
26101,0.53841054
26201,0.5052382
26301,0.48639297
26401,0.5047363
26601,0.5015929
26701,0.50367963
26801,0.6032728
26901,0.4978661
27001,0.49800536
27301,0.4908186
27401,0.5289174
27501,0.55929375
27901,0.70747495
28001,0.7663913
28101,0.5014424
28301,0.5043264
28401,0.53100747
29001,0.5045965
29101,0.5040896
29301,0.5030617
29601,0.5162012
29701,0.50479376
29801,0.49402374
29901,0.48493716
30001,0.5061307
30101,0.5520612
30301,0.50034416
30401,0.50621235
30701,0.50495017
30801,0.5193785
31101,0.5202007
31201,0.5149448
31601,0.6135035
31701,0.5290692
31801,0.5045726
31901,0.5011152
32001,0.5043727
32101,0.5082568
32801,0.5216801
33001,0.56025714
33101,0.56364566
33501,0.50520015
33701,0.6643325
33801,0.5433934
33901,0.973825
34001,0.9470554
34201,0.9001239
34301,0.7457747
34401,0.949808
34501,0.9127112
34601,0.8803478
34801,0.9704516
35001,0.5047967
35201,0.48929015
35301,0.5039811
35501,0.5735333
35601,0.5122654
35701,0.667397
35901,0.50228953
36001,0.5187235
36101,0.50630975
36601,0.5053916
37201,0.38021147
37401,0.5064869
37501,0.50527394
37601,0.49479488
37701,0.53025174
38101,0.5062709
38201,0.52286524
38301,0.5036199
38401,0.49763203
38601,0.4845561
38801,0.454162
39101,0.6503412
39201,0.77848834
39301,0.58214426
39401,0.8003456
39601,0.50539786
39701,0.96373653
39901,0.5134565
40001,0.8872545
40201,0.48058853
40501,0.50089455
40601,0.63881767
41801,0.5017842
42001,0.58139455
42701,0.50391734
42901,0.5744503
43601,0.5144233
44201,0.5054705
44501,0.69988346
44701,0.50469905
44901,0.5042361
45201,0.717262
45301,0.5055803
45501,0.5068213
45601,0.50212944
46101,0.49998114
46301,0.49522877
46501,0.5913883
46901,0.52342206
47001,0.6928244
47101,0.50489664
47201,0.50528777
47301,0.50425273
47601,0.48509616
47701,0.51112753
47801,0.50855994
47901,0.6142005
48201,0.5023085
48601,0.6240949
48701,0.9502155
49101,0.49878442
49201,0.49142787
49601,0.8252456
49701,0.8156362
49901,0.50382507
50101,0.6336387
50301,0.88292545
50401,0.8585257
50601,0.82939416
50801,0.9033893
50901,0.9224437
51001,0.7681587
51201,0.929849
51601,0.5032414
51801,0.5195355
52001,0.8580861
52101,0.5023352
52501,0.5900477
52601,0.64740497
52701,0.4854336
53201,0.69212717
53301,0.50379133
53401,0.5065211
53601,0.484632
53901,0.49246308
54101,0.49167526
54201,0.50453275
54301,0.49651557
54401,0.5098648
54601,0.5199959
55001,0.47252527
55201,0.8309378
55401,0.643138
55501,0.7993624
55601,0.76409006
56201,0.63456357
56501,0.5050023
56701,0.5597858
56801,0.89848083
57001,0.4766416
57101,0.5364516
57201,0.5087199
57301,0.63497084
57501,0.5644575
57901,0.50377154
58001,0.5768321
58201,0.5827919
58301,0.5722994
58501,0.58811206
58901,0.53301984
59101,0.5044495
59201,0.58166534
59501,0.6903313
59601,0.5052626
59801,0.5218344
59901,0.53197634
60401,0.68061817
60501,0.6737576
60801,0.5297276
61101,0.5065508
61301,0.5039177
61401,0.51184946
61701,0.43726364
62101,0.5128476
62401,0.5040587
62701,0.49171492
62801,0.5221036
63501,0.50524116
63601,0.505195
63701,0.5047761
63801,0.5277788
63901,0.60948974
64301,0.5046044
64401,0.4938804
2,0.45584875
102,0.37335566
402,0.2778772
602,0.35312074
702,0.4168365
1002,0.39824304
1202,0.35470882
1702,0.34185022
2202,0.15366629
2702,0.03945247
2802,0.5029073
2902,0.5843304
3002,0.35364547
3102,0.38912037
3202,0.3823146
3302,0.6490955
3402,0.36511856
3702,0.17879091
4002,0.35423565
4102,0.2501536
4202,0.39168036
4402,0.49266434
4702,0.35541752
4802,0.6152097
4902,0.3447768
5102,0.35471886
5202,0.3540181
5702,0.393613
5902,0.6483418
6202,0.35483512
6302,0.36091056
6502,0.47574487
6602,0.35675624
6802,0.38364783
6902,0.030222464
7002,0.19607411
7202,0.11605342
7402,0.3379587
7502,0.58986497
7702,0.41164896
7902,0.32093647
8102,0.36665407
8202,0.35089314
8302,0.34597167
8402,0.50004053
8502,0.4983731
8602,0.3775023
8702,0.1233692
8902,0.4359256
9002,0.23226377
9202,0.37311298
9502,0.41245034
9802,0.4217892
9902,0.39258635
10102,0.3644505
10402,0.4787682
10502,0.4316069
10602,0.39556196
10702,0.36083624
10902,0.35415754
11202,0.36448428
11302,0.42650142
11702,0.33540383
11902,0.5502782
12102,0.42378402
12402,0.58101135
12702,0.35413647
12902,0.46207952
13002,0.3580096
13402,0.43940833
13502,0.65373564
13602,0.5355246
13702,0.4152468
13902,0.34641638
14302,0.470811
14402,0.3543062
15402,0.3371377
15602,0.35810706
15702,0.42717054
15802,0.37994334
15902,0.39566365
16102,0.37993795
16202,0.36310533
16302,0.2774017
16402,0.4227502
16502,0.024788558
16602,0.42983964
17002,0.4140969
17102,0.24404503
17202,0.38503996
17302,0.1836117
17402,0.17448059
17602,0.37790623
17702,0.59772974
17902,0.15077813
18002,0.4107247
18102,0.07794761
18202,0.014409845
18402,0.062032156
18502,0.16765101
18702,0.06283464
18802,0.16164184
19102,0.42951536
19502,0.49697417
19602,0.11517906
19702,0.35776836
19802,0.18569228
20702,0.52231956
20802,0.35556495
20902,0.35483655
21102,0.35428032
21202,0.34391677
21402,0.35439822
21802,0.3545421
22002,0.544127
22302,0.4244965
22402,0.35483626
22502,0.364572
22602,0.35777494
22902,0.12629053
23002,0.023575803
23202,0.40772963
23302,0.35409474
23602,0.34326017
23702,0.15076104
23802,0.03957763
23902,0.44201162
24102,0.37153688
24202,0.35292193
24402,0.20833915
24502,0.06599265
24602,0.01308239
24702,0.35352516
25302,0.016633375
25402,0.3643126
25802,0.3303447
26002,0.37456
26102,0.44500536
26202,0.5124055
26302,0.5666194
26402,0.3599482
26602,0.35621598
26702,0.35454997
26802,0.42948171
26902,0.3871946
27002,0.3615273
27302,0.5575334
27402,0.44650954
27502,0.36129692
27902,0.25867036
28002,0.19816694
28102,0.35636872
28302,0.3544874
28402,0.43350014
29002,0.35339805
29102,0.35451704
29302,0.35532552
29602,0.3344717
29702,0.35424107
29802,0.3916485
29902,0.57564574
30002,0.35510933
30102,0.35190782
30302,0.5439172
30402,0.53484386
30702,0.35313246
30802,0.45087487
31102,0.33527038
31202,0.47883704
31602,0.42133307
31702,0.4335676
31802,0.35322773
31902,0.41185334
32002,0.5240901
32102,0.5000413
32802,0.4672313
33002,0.3689925
33102,0.4531541
33502,0.35338372
33702,0.24292082
33802,0.34430385
33902,0.004127234
34002,0.01689972
34202,0.0564718
34302,0.17771712
34402,0.015210547
34502,0.045168076
34602,0.07605776
34802,0.0052455063
35002,0.5202802
35202,0.55939615
35302,0.35617685
35502,0.45066065
35602,0.48667222
35702,0.30940488
35902,0.34576187
36002,0.33619064
36102,0.50774497
36602,0.35413876
37202,0.7288368
37402,0.35445872
37502,0.35416043
37602,0.54937196
37702,0.4425343
38102,0.53576213
38202,0.46195322
38302,0.35502684
38402,0.3623307
38602,0.59429884
38802,0.64245266
39102,0.34722945
39202,0.18549633
39302,0.42519343
39402,0.16451743
39602,0.35426563
39702,0.0018687798
39902,0.47996765
40002,0.06892405
40202,0.5753536
40502,0.34799466
40602,0.32400948
41802,0.35523257
42002,0.43026134
42702,0.3537005
42902,0.3840042
43602,0.33815616
44202,0.3529192
44502,0.26626474
44702,0.3537346
44902,0.52141565
45202,0.24931599
45302,0.35424474
45502,0.35499075
45602,0.35615507
46102,0.5440571
46302,0.40535578
46502,0.4312381
46902,0.4827028
47002,0.27539825
47102,0.35355273
47202,0.353158
47302,0.35353023
47602,0.5735799
47702,0.49108338
47802,0.49742943
47902,0.41815677
48202,0.35189784
48602,0.40033147
48702,0.011999313
49102,0.54518926
49202,0.38600743
49602,0.13654651
49702,0.14738436
49902,0.5278813
50102,0.26567322
50302,0.07335573
50402,0.099795654
50602,0.13267349
50802,0.053521223
50902,0.036349706
51002,0.19603719
51202,0.029468564
51602,0.35372546
51802,0.3341464
52002,0.100255385
52102,0.35187194
52502,0.43144137
52602,0.3144962
52702,0.3917332
53202,0.2761511
53302,0.35360068
53402,0.3595886
53602,0.59478587
53902,0.37812012
54102,0.38726464
54202,0.3536408
54302,0.54827404
54402,0.41546375
54602,0.42789727
55002,0.61897343
55202,0.13092317
55402,0.36540446
55502,0.105544254
55602,0.19286507
56202,0.38740134
56502,0.35408095
56702,0.3744018
56802,0.0575825
57002,0.5412877
57102,0.46548742
57202,0.35688385
57302,0.3829282
57502,0.4072431
57902,0.3549666
58002,0.38375062
58202,0.42122057
58302,0.3318716
58502,0.40021646
58902,0.4391904
59102,0.35383376
59202,0.3940907
59502,0.27899322
59602,0.35383108
59802,0.46685737
59902,0.44074723
60402,0.28432828
60502,0.30381495
60802,0.44215262
61102,0.47298688
61302,0.35421652
61402,0.48863
61702,0.6638499
62102,0.3624534
62402,0.3546178
62702,0.38198906
62802,0.46626675
63502,0.35396755
63602,0.35372955
63702,0.35409027
63802,0.43298575
63902,0.40415668
64302,0.52294785
64402,0.3828103
3,0.46109137
103,0.2748551
403,0.16591258
603,0.42757344
703,0.46162933
1003,0.27711606
1203,0.22709058
1703,0.21500033
2203,0.100894384
2703,0.03753905
2803,0.47084412
2903,0.55239666
3003,0.42751503
3103,0.44820976
3203,0.44067705
3303,0.60439944
3403,0.21684696
3703,0.1138869
4003,0.42772263
4103,0.1493083
4203,0.30602053
4403,0.47170267
4703,0.4306414
4803,0.5864985
4903,0.41026253
5103,0.43304467
5203,0.42792612
5703,0.4521223
5903,0.6037612
6203,0.42623025
6303,0.43099427
6503,0.47277758
6603,0.4285303
6803,0.45223054
6903,0.031792764
7003,0.12807733
7203,0.08023101
7403,0.18985099
7503,0.5646088
7703,0.32351193
7903,0.18256542
8103,0.43441835
8203,0.41322914
8303,0.41447857
8403,0.4707759
8503,0.46290135
8603,0.34304926
8703,0.08601783
8903,0.45653915
9003,0.1398862
9203,0.4378136
9503,0.26491907
9803,0.374871
9903,0.34397855
10103,0.20108737
10403,0.47286645
10503,0.46134517
10603,0.44398534
10703,0.44052798
10903,0.42765245
11203,0.4326181
11303,0.26625007
11703,0.370599
11903,0.51254797
12103,0.41564998
12403,0.5454321
12703,0.427134
12903,0.46670976
13003,0.43559596
13403,0.4626742
13503,0.6068495
13603,0.47929668
13703,0.46243075
13903,0.4113287
14303,0.47116917
14403,0.43007153
15403,0.40121362
15603,0.43005735
15703,0.46232504
15803,0.43455485
15903,0.28570879
16103,0.21323171
16203,0.43219465
16303,0.17414959
16403,0.32097888
16503,0.028666114
16603,0.28949505
17003,0.46167383
17103,0.18067874
17203,0.28502008
17303,0.11703755
17403,0.13243535
17603,0.2115427
17703,0.57061285
17903,0.11271025
18003,0.30848294
18103,0.06012632
18203,0.019636877
18403,0.05132566
18503,0.10917094
18703,0.051778585
18803,0.108246915
19103,0.33252248
19503,0.46695545
19603,0.079841346
19703,0.20962432
19803,0.11729995
20703,0.4735478
20803,0.43846726
20903,0.43199396
21103,0.4274693
21203,0.40756547
21403,0.42890167
21803,0.42697942
22003,0.49775627
22303,0.2610005
22403,0.42706022
22503,0.43231207
22603,0.43104073
22903,0.08546808
23003,0.027362568
23203,0.23998365
23303,0.42909655
23603,0.35273775
23703,0.09890598
23803,0.040660467
23903,0.4623037
24103,0.43773165
24203,0.4280678
24403,0.12845214
24503,0.053560663
24603,0.01880705
24703,0.34738812
25303,0.021776073
25403,0.20106897
25803,0.187124
26003,0.4260432
26103,0.44526678
26203,0.47188658
26303,0.5313807
26403,0.43914723
26603,0.42880893
26703,0.4275237
26803,0.27696547
26903,0.43533787
27003,0.42601734
27303,0.52165246
27403,0.46370038
27503,0.33425146
27903,0.1542868
28003,0.12343033
28103,0.4298997
28303,0.42791936
28403,0.46629938
29003,0.42679194
29103,0.42733917
29303,0.42841595
29603,0.38591892
29703,0.42897758
29803,0.45198897
29903,0.5397603
30003,0.4319779
30103,0.34274182
30303,0.49679434
30403,0.47881183
30703,0.42772362
30803,0.46048504
31103,0.38032627
31203,0.4729067
31603,0.25559542
31703,0.46052036
31803,0.42846036
31903,0.4611427
32003,0.4739174
32103,0.4571879
32803,0.46877617
33003,0.24580961
33103,0.3751954
33503,0.42768675
33703,0.1635181
33803,0.2647993
33903,0.007665203
34003,0.022010729
34203,0.048065152
34303,0.12706827
34403,0.02044017
34503,0.041113835
34603,0.059112072
34803,0.009230707
35003,0.47303888
35203,0.5235459
35303,0.42934218
35503,0.37300256
35603,0.472961
35703,0.17855857
35903,0.4122034
36003,0.3836672
36103,0.4714321
36603,0.43315572
37203,0.63635254
37403,0.42999846
37503,0.42943978
37603,0.51092476
37703,0.46397996
38103,0.47979555
38203,0.46694508
38303,0.4278387
38403,0.43168262
38603,0.5637351
38803,0.6002602
39103,0.19289553
39203,0.1172314
39303,0.29741436
39403,0.10633204
39603,0.42891875
39703,0.013334604
39903,0.4434122
40003,0.05519025
40203,0.54260224
40503,0.41594312
40603,0.19103162
41803,0.4288533
42003,0.3493315
42703,0.4270975
42903,0.26389337
43603,0.39243385
44203,0.42748633
44503,0.15910906
44703,0.42764768
44903,0.47347602
45203,0.14867328
45303,0.42992815
45503,0.4327431
45603,0.42895275
46103,0.4959851
46303,0.46083334
46503,0.28756487
46903,0.43694022
47003,0.16398272
47103,0.4284221
47203,0.42719135
47303,0.42677727
47603,0.5379673
47703,0.47294432
47803,0.47085398
47903,0.2526263
48203,0.4224235
48603,0.23521926
48703,0.019088408
49103,0.50198686
49203,0.44538307
49603,0.091003306
49703,0.09699394
49903,0.4744851
50103,0.17942123
50303,0.057641294
50403,0.07171592
50603,0.08868189
50803,0.04626493
50903,0.03571865
51003,0.122509986
51203,0.03138228
51603,0.4305583
51803,0.3825234
52003,0.071966246
52103,0.4224302
52503,0.28900972
52603,0.18594055
52703,0.4556434
53203,0.16443738
53303,0.42734554
53403,0.43883035
53603,0.5645828
53903,0.44008884
54103,0.445735
54203,0.42703962
54303,0.5085689
54403,0.4623521
54603,0.49796668
55003,0.589024
55203,0.087771215
55403,0.2018273
55503,0.0987457
55603,0.12416753
56203,0.21979624
56503,0.42844713
56703,0.34185094
56803,0.0488483
57003,0.513941
57103,0.43688825
57203,0.41107428
57303,0.21749851
57503,0.30353534
57903,0.42946768
58003,0.31192398
58203,0.29888895
58303,0.21561955
58503,0.29345506
58903,0.45374572
59103,0.42872503
59203,0.30505276
59503,0.1656168
59603,0.42921546
59803,0.46863383
59903,0.46301717
60403,0.16911972
60503,0.17506845
60803,0.46406016
61103,0.4640412
61303,0.42789617
61403,0.47288486
61703,0.60985655
62103,0.44420925
62403,0.42709053
62703,0.4430652
62803,0.46842986
63503,0.4321891
63603,0.42682284
63703,0.42666325
63803,0.4609228
63903,0.2531633
64303,0.47373062
64403,0.44824335
4,0.44242817
104,0.21630527
404,0.09594274
604,0.25205553
704,0.38948584
1004,0.16679136
1204,0.13376868
1704,0.12687352
2204,0.08221763
2704,0.047332525
2804,0.48802546
2904,0.5294169
3004,0.25345474
3104,0.30942574
3204,0.29464388
3304,0.55254316
3404,0.12441686
3704,0.08611917
4004,0.25355604
4104,0.094585344
4204,0.17367591
4404,0.48052517
4704,0.25503367
4804,0.55113465
4904,0.2305779
5104,0.25712585
5204,0.251251
5704,0.31737393
5904,0.55221105
6204,0.24984176
6304,0.26451415
6504,0.47114056
6604,0.25634784
6804,0.309758
6904,0.04142149
7004,0.090111405
7204,0.073338315
7404,0.10578123
7504,0.5391031
7704,0.20897652
7904,0.10199901
8104,0.2692068
8204,0.24639246
8304,0.23371276
8404,0.4818578
8504,0.47311324
8604,0.2021104
8704,0.07613633
8904,0.4105401
9004,0.09276019
9204,0.28015548
9504,0.1520216
9804,0.25552312
9904,0.2107606
10104,0.11560195
10404,0.47424603
10504,0.41158363
10604,0.30855384
10704,0.2648448
10904,0.25209665
11204,0.26609597
11304,0.14200062
11704,0.20486894
11904,0.5088427
12104,0.30458555
12404,0.5256546
12704,0.25219142
12904,0.45649064
13004,0.26027316
13404,0.4311136
13504,0.5527894
13604,0.49552912
13704,0.385033
13904,0.2318774
14304,0.46593562
14404,0.2541299
15404,0.22916403
15604,0.26126933
15704,0.40633836
15804,0.2878202
15904,0.17425668
16104,0.12378343
16204,0.2653871
16304,0.103632815
16404,0.24245572
16504,0.038709406
16604,0.1541971
17004,0.3739636
17104,0.117210925
17204,0.22597513
17304,0.08691481
17404,0.096725754
17604,0.122575015
17704,0.5406111
17904,0.08763144
18004,0.23941593
18104,0.06272063
18204,0.028507069
18404,0.057185337
18504,0.08489249
18704,0.05748846
18804,0.08503908
19104,0.2589146
19504,0.4750705
19604,0.07318951
19704,0.121413626
19804,0.08700723
20704,0.49275047
20804,0.26187682
20904,0.25842836
21104,0.25179413
21204,0.23716633
21404,0.25310057
21804,0.25131494
22004,0.5034796
22304,0.14144005
22404,0.2542089
22504,0.2666285
22604,0.26237538
22904,0.075601675
23004,0.036789592
23204,0.13676871
23304,0.25368357
23604,0.19236577
23704,0.08149461
23804,0.050481565
23904,0.43831488
24104,0.2780173
24204,0.25183728
24404,0.08980094
24504,0.058659006
24604,0.02786881
24704,0.19267443
25304,0.03083164
25404,0.115546174
25804,0.10417902
26004,0.27750143
26104,0.4039863
26204,0.49196208
26304,0.5190656
26404,0.26430228
26604,0.25818947
26704,0.25278148
26804,0.14549834
26904,0.29558954
27004,0.26026544
27304,0.5133199
27404,0.44238624
27504,0.18476985
27904,0.095324285
28004,0.088560134
28104,0.25797278
28304,0.25238943
28404,0.43483394
29004,0.2527982
29104,0.25319576
29304,0.2566097
29604,0.2192852
29704,0.25365517
29804,0.31581977
29904,0.5226792
30004,0.25650552
30104,0.18823665
30304,0.50274086
30404,0.49525335
30704,0.2517787
30804,0.43756104
31104,0.21435699
31204,0.47428295
31604,0.1410622
31704,0.41961157
31804,0.25284332
31904,0.3631618
32004,0.49283892
32104,0.4714811
32804,0.46286365
33004,0.14668298
33104,0.30501345
33504,0.2530587
33704,0.104651526
33804,0.18463387
33904,0.013667166
34004,0.031067623
34204,0.054871872
34304,0.093128495
34404,0.029416494
34504,0.049922656
34604,0.06210973
34804,0.015788406
35004,0.49257275
35204,0.5144994
35304,0.25339594
35504,0.2924993
35604,0.47853798
35704,0.10008794
35904,0.23782836
36004,0.21730106
36104,0.49047118
36604,0.25808805
37204,0.5560541
37404,0.25369218
37504,0.25402325
37604,0.50817597
37704,0.43806285
38104,0.49568534
38204,0.45742327
38304,0.25241485
38404,0.26471227
38604,0.5359902
38804,0.55144244
39104,0.10896534
39204,0.0869635
39304,0.15729588
39404,0.08406638
39604,0.25372726
39704,0.034526918
39904,0.43715402
40004,0.05969695
40204,0.5238653
40504,0.23945439
40604,0.108758844
41804,0.25682867
42004,0.23902129
42704,0.2515976
42904,0.15948403
43604,0.23060071
44204,0.25168672
44504,0.09567337
44704,0.25211117
44904,0.4925995
45204,0.0945498
45304,0.25452393
45504,0.2568693
45604,0.2570365
46104,0.5023446
46304,0.34046498
46504,0.1514983
46904,0.4282715
47004,0.0958858
47104,0.2540226
47204,0.25165114
47304,0.25167364
47604,0.52205104
47704,0.48244178
47804,0.48583913
47904,0.14070179
48204,0.24474339
48604,0.13563749
48704,0.028743148
49104,0.50547844
49204,0.30340752
49604,0.07804381
49704,0.08066221
49904,0.49316722
50104,0.11328614
50304,0.0612093
50404,0.06939438
50604,0.07703378
50804,0.053557545
50904,0.045489687
51004,0.08830144
51204,0.04103975
51604,0.25422266
51804,0.21756043
52004,0.06952638
52104,0.24472195
52504,0.15256804
52604,0.105568
52704,0.32024556
53204,0.09587994
53304,0.25167793
53404,0.26146853
53604,0.5364945
53904,0.28805125
54104,0.3059689
54204,0.2516346
54304,0.5076554
54404,0.382941
54604,0.39687088
55004,0.5517434
55204,0.07661793
55404,0.11619334
55504,0.08306975
55604,0.088926524
56204,0.12736483
56504,0.253131
56704,0.20016988
56804,0.055462494
57004,0.4988479
57104,0.41379067
57204,0.25082415
57304,0.12616085
57504,0.23067649
57904,0.25502908
58004,0.17824581
58204,0.16159989
58304,0.1307375
58504,0.17332977
58904,0.41274345
59104,0.25290307
59204,0.17294894
59504,0.09604696
59604,0.25373042
59804,0.462551
59904,0.43492562
60404,0.09696969
60504,0.09859547
60804,0.4389296
61104,0.45350295
61304,0.25424397
61404,0.4794599
61704,0.55315053
62104,0.26446217
62404,0.25195706
62704,0.29738498
62804,0.46181038
63504,0.25568303
63604,0.25100222
63704,0.25131294
63804,0.41668257
63904,0.14584465
64304,0.49277735
64404,0.3048545
5,0.42362842
105,0.3100296
405,0.13054407
605,0.3734717
705,0.4460509
1005,0.2531251
1205,0.22530538
1705,0.21463747
2205,0.078028426
2705,0.03397858
2805,0.42872253
2905,0.4679939
3005,0.37420648
3105,0.4086988
3205,0.3987713
3305,0.4924237
3405,0.21088578
3705,0.086867124
4005,0.37469414
4105,0.11637031
4205,0.27614477
4405,0.42602897
4705,0.37302327
4805,0.49789035
4905,0.35256666
5105,0.3756056
5205,0.37236372
5705,0.41358972
5905,0.4930024
6205,0.37182704
6305,0.37801498
6505,0.43329555
6605,0.37557796
6805,0.4127868
6905,0.028310124
7005,0.10210365
7205,0.06447829
7405,0.16282111
7505,0.47405875
7705,0.28110862
7905,0.15258382
8105,0.3808861
8205,0.36360213
8305,0.36006907
8405,0.41732654
8505,0.3835662
8605,0.29789087
8705,0.06978281
8905,0.42739403
9005,0.108723156
9205,0.38790423
9505,0.24854183
9805,0.31839913
9905,0.29753292
10105,0.18132311
10405,0.43390805
10505,0.4495139
10605,0.3933169
10705,0.3849613
10905,0.37315652
11205,0.37854433
11305,0.24444957
11705,0.31177422
11905,0.453644
12105,0.35936055
12405,0.46822742
12705,0.3727767
12905,0.43883252
13005,0.37760755
13405,0.44706523
13505,0.49269325
13605,0.43880543
13705,0.44555458
13905,0.3531299
14305,0.4338644
14405,0.37570372
15405,0.342538
15605,0.3763632
15705,0.44931096
15805,0.38733912
15905,0.26140833
16105,0.20030795
16205,0.37760085
16305,0.15352283
16405,0.31023416
16505,0.02646182
16605,0.25931877
17005,0.44149315
17105,0.17171969
17205,0.3134463
17305,0.08989443
17405,0.119724594
17605,0.19766124
17705,0.48772582
17905,0.094998635
18005,0.31550628
18105,0.050731048
18205,0.01708318
18405,0.044547312
18505,0.08422149
18705,0.04486536
18805,0.084910296
19105,0.32158712
19505,0.4029393
19605,0.06430172
19705,0.20045653
19805,0.08952801
20705,0.43240136
20805,0.37953147
20905,0.37728354
21105,0.3728642
21205,0.35237446
21405,0.37433714
21805,0.37285623
22005,0.44953573
22305,0.24255972
22405,0.3746018
22505,0.37829673
22605,0.37752676
22905,0.06790102
23005,0.024382036
23205,0.22897229
23305,0.37367907
23605,0.3019492
23705,0.07639986
23805,0.039703656
23905,0.44370356
24105,0.38697004
24205,0.37314594
24405,0.098502584
24505,0.046147022
24605,0.016790489
24705,0.29663032
25305,0.019086642
25405,0.181237
25805,0.15882225
26005,0.38160783
26105,0.40095752
26205,0.4316809
26305,0.45893273
26405,0.3834328
26605,0.376063
26705,0.37349075
26805,0.24939734
26905,0.38390028
27005,0.37393272
27305,0.4559415
27405,0.4457925
27505,0.29373893
27905,0.120354906
28005,0.09440639
28105,0.37639624
28305,0.372675
28405,0.44917226
29005,0.37424144
29105,0.37416533
29305,0.37542775
29605,0.3232484
29705,0.37419972
29805,0.41360602
29905,0.4639603
30005,0.3765938
30105,0.29742107
30305,0.4489711
30405,0.43824917
30705,0.37365744
30805,0.42743513
31105,0.3160271
31205,0.43387184
31605,0.23933062
31705,0.44902372
31805,0.37472725
31905,0.43702948
32005,0.43267965
32105,0.36208072
32805,0.43518046
33005,0.23483974
33105,0.32603416
33505,0.37469453
33705,0.14795828
33805,0.27779737
33905,0.006216796
34005,0.019295437
34205,0.04211174
34305,0.11176801
34405,0.017843168
34505,0.03686125
34605,0.05003793
34805,0.0075986343
35005,0.43124053
35205,0.45565054
35305,0.3724949
35505,0.31992844
35605,0.43092576
35705,0.14809097
35905,0.35810903
36005,0.3199332
36105,0.43066958
36605,0.377526
37205,0.45482177
37405,0.3727737
37505,0.37475574
37605,0.45231235
37705,0.44653225
38105,0.4389386
38205,0.43831015
38305,0.37401116
38405,0.3774975
38605,0.4832204
38805,0.4941489
39105,0.1689117
39205,0.0894363
39305,0.26781538
39405,0.081558
39605,0.37349996
39705,0.027883781
39905,0.36714002
40005,0.047294192
40205,0.45911717
40505,0.3623052
40605,0.16937146
41805,0.37538236
42005,0.31042245
42705,0.37321642
42905,0.24637143
43605,0.3310965
44205,0.3732646
44505,0.124360465
44705,0.37296873
44905,0.43209702
45205,0.11580684
45305,0.37434596
45505,0.37719125
45605,0.37557262
46105,0.44858313
46305,0.42508873
46505,0.2593024
46905,0.356306
47005,0.12895846
47105,0.3746643
47205,0.37374392
47305,0.37338597
47605,0.4626571
47705,0.43065986
47805,0.42950323
47905,0.23733859
48205,0.36866295
48605,0.22557667
48705,0.018450918
49105,0.45112073
49205,0.40584186
49605,0.071697675
49705,0.07521904
49905,0.43381932
50105,0.16715766
50305,0.049009643
50405,0.058779653
50605,0.070021994
50805,0.04076343
50905,0.032166746
51005,0.093755156
51205,0.02807373
51605,0.37400067
51805,0.31886846
52005,0.05897127
52105,0.36839667
52505,0.26075482
52605,0.1618596
52705,0.43415764
53205,0.12949634
53305,0.37243068
53405,0.38460577
53605,0.48396382
53905,0.39355874
54105,0.4076724
54205,0.37321436
54305,0.45290315
54405,0.444079
54605,0.3468838
55005,0.49840862
55205,0.06943058
55405,0.18228637
55505,0.09471914
55605,0.09750023
56205,0.20915627
56505,0.37482828
56705,0.29765645
56805,0.04286462
57005,0.4195946
57105,0.36746898
57205,0.36027914
57305,0.20676272
57505,0.30303705
57905,0.37629378
58005,0.2772741
58205,0.26874045
58305,0.21463627
58505,0.2624017
58905,0.41936284
59105,0.37531734
59205,0.27570152
59505,0.13077824
59605,0.37433046
59805,0.4353722
59905,0.44505355
60405,0.13677533
60505,0.14306572
60805,0.44688228
61105,0.4087152
61305,0.37497115
61405,0.42952985
61705,0.49168912
62105,0.3905285
62405,0.37247068
62705,0.40196753
62805,0.43556014
63505,0.37645808
63605,0.37380177
63705,0.37296999
63805,0.44947663
63905,0.24076192
64305,0.43246478
64405,0.40781364
6,0.4904107
106,0.2544114
406,0.19217671
606,0.3961478
706,0.50282586
1006,0.22448507
1206,0.21157314
1706,0.20891717
2206,0.14785874
2706,0.10225558
2806,0.52033925
2906,0.48358414
3006,0.39836702
3106,0.47821966
3206,0.46562862
3306,0.47850066
3406,0.20652321
3706,0.15739082
4006,0.39779556
4106,0.18343817
4206,0.21537714
4406,0.5171719
4706,0.39805928
4806,0.47342518
4906,0.36412814
5106,0.4015461
5206,0.39633283
5706,0.48342934
5906,0.4783023
6206,0.3939371
6306,0.418028
6506,0.5310982
6606,0.40357986
6806,0.4757813
6906,0.09552223
7006,0.16603674
7206,0.13415834
7406,0.2056931
7506,0.46859676
7706,0.2693057
7906,0.20193073
8106,0.43193823
8206,0.38606322
8306,0.37443045
8406,0.5040326
8506,0.46559575
8606,0.25374162
8706,0.13769573
8906,0.4885784
9006,0.17655864
9206,0.45095253
9506,0.22538215
9806,0.36597198
9906,0.2643385
10106,0.2121241
10406,0.5296447
10506,0.51170117
10606,0.4516332
10706,0.41134396
10906,0.39706692
11206,0.42645186
11306,0.21970288
11706,0.26956558
11906,0.5109322
12106,0.4179415
12406,0.49454528
12706,0.3951874
12906,0.5284205
13006,0.40314156
13406,0.50843346
13506,0.48047882
13606,0.51779133
13706,0.5005249
13906,0.3644042
14306,0.53243744
14406,0.3987525
15406,0.34505227
15606,0.40971476
15706,0.5101897
15806,0.43877637
15906,0.2281648
16106,0.21397826
16206,0.42269892
16306,0.1893055
16406,0.30984345
16506,0.09330435
16606,0.21917668
17006,0.4994734
17106,0.19034313
17206,0.26270214
17306,0.15973039
17406,0.16851717
17606,0.21379434
17706,0.47848475
17906,0.15278184
18006,0.28315082
18106,0.12041222
18206,0.07938217
18406,0.11364269
18506,0.15376854
18706,0.11404326
18806,0.15246847
19106,0.3126416
19506,0.49192885
19606,0.1338692
19706,0.20555097
19806,0.15994282
20706,0.52026594
20806,0.4054426
20906,0.4032068
21106,0.39592332
21206,0.36650082
21406,0.397275
21806,0.3969357
22006,0.51886445
22306,0.21870513
22406,0.39870924
22506,0.4248308
22606,0.41082254
22906,0.13752514
23006,0.090370096
23206,0.21650442
23306,0.39724708
23606,0.24106593
23706,0.14639884
23806,0.10680214
23906,0.5085218
24106,0.44819382
24206,0.3985543
24406,0.1678415
24506,0.11543539
24606,0.079335526
24706,0.23964548
25306,0.08235413
25406,0.21208489
25806,0.20361422
26006,0.43122098
26106,0.4747761
26206,0.5210795
26306,0.50138927
26406,0.40897208
26606,0.405162
26706,0.3954492
26806,0.21965955
26906,0.43707332
27006,0.41592672
27306,0.5060395
27406,0.5170549
27506,0.22401449
27906,0.18627308
28006,0.16431376
28106,0.40633267
28306,0.39704892
28406,0.5060185
29006,0.39707944
29106,0.3978453
29306,0.40261647
29606,0.3051249
29706,0.39654842
29806,0.4824064
29906,0.4971907
30006,0.4004522
30106,0.22740515
30306,0.5190843
30406,0.51794046
30706,0.39662522
30806,0.48723704
31106,0.29081467
31206,0.5295209
31606,0.21841592
31706,0.51095146
31806,0.39681333
31906,0.4977383
32006,0.5203394
32106,0.43761078
32806,0.5321748
33006,0.21245617
33106,0.3527644
33506,0.39921042
33706,0.18529491
33806,0.2355558
33906,0.058059152
34006,0.082713515
34206,0.11098009
34306,0.165695
34406,0.08045043
34506,0.10537864
34606,0.119646996
34806,0.06147547
35006,0.51906234
35206,0.5045091
35306,0.39789397
35506,0.38457325
35606,0.52350974
35706,0.19954431
35906,0.37397116
36006,0.29957092
36106,0.5214303
36606,0.40010452
37206,0.5259541
37406,0.3980128
37506,0.39846084
37606,0.51128036
37706,0.51224536
38106,0.5177933
38206,0.5284159
38306,0.39852157
38406,0.4211116
38606,0.48382425
38806,0.4762854
39106,0.20824851
39206,0.15994452
39306,0.21434347
39406,0.15141948
39606,0.3972332
39706,0.08664097
39906,0.44274467
40006,0.11670474
40206,0.4891398
40506,0.38164657
40606,0.19854973
41806,0.4020833
42006,0.3337042
42706,0.39617336
42906,0.21615173
43606,0.32456452
44206,0.39646468
44506,0.18853638
44706,0.39589816
44906,0.5200215
45206,0.18286005
45306,0.39826214
45506,0.400153
45606,0.40457398
46106,0.51933676
46306,0.4906424
46506,0.21851587
46906,0.4277779
47006,0.19106679
47106,0.39870545
47206,0.39676952
47306,0.395941
47606,0.49792543
47706,0.523087
47806,0.5221651
47906,0.21876954
48206,0.3873234
48606,0.21619299
48706,0.08172857
49106,0.51737756
49206,0.4735904
49606,0.14101213
49706,0.14512523
49906,0.52055705
50106,0.18815029
50306,0.11856666
50406,0.12844084
50606,0.13954581
50806,0.10954177
50906,0.10007811
51006,0.16370921
51206,0.095173426
51606,0.39546043
51806,0.2983717
52006,0.12858471
52106,0.387036
52506,0.21815668
52606,0.19833633
52706,0.48735496
53206,0.1912666
53306,0.39463174
53406,0.41022104
53606,0.4832442
53906,0.46041313
54106,0.47623572
54206,0.39543504
54306,0.5136729
54406,0.50084794
54606,0.34955123
55006,0.4734529
55206,0.13894422
55406,0.21269606
55506,0.14343646
55606,0.16412772
56206,0.21432833
56506,0.40053055
56706,0.2501892
56806,0.1117164
57006,0.4764102
57106,0.448295
57206,0.386259
57306,0.21383393
57506,0.28544706
57906,0.4021817
58006,0.21800013
58206,0.21284926
58306,0.2075829
58506,0.22648588
58906,0.4801445
59106,0.39834398
59206,0.21466325
59506,0.19193085
59606,0.39848727
59806,0.5320347
59906,0.50854313
60406,0.19284457
60506,0.19861597
60806,0.51272714
61106,0.48814455
61306,0.39827248
61406,0.5216413
61706,0.4858122
62106,0.41448405
62406,0.3968907
62706,0.46795434
62806,0.5315567
63506,0.39943615
63606,0.39591396
63706,0.39699903
63806,0.5109606
63906,0.22396478
64306,0.5202085
64406,0.4729907
7,0.49941754
107,0.36877778
407,0.17949721
607,0.54943365
707,0.5282516
1007,0.33652106
1207,0.29230434
1707,0.27203703
2207,0.11443629
2707,0.047568776
2807,0.52387863
2907,0.6072222
3007,0.55046356
3107,0.56991726
3207,0.57582045
3307,0.6361478
3407,0.24725378
3707,0.12647831
4007,0.5514958
4107,0.16157104
4207,0.34972322
4407,0.51675355
4707,0.54420584
4807,0.63087744
4907,0.5446535
5107,0.54737335
5207,0.54905987
5707,0.5673895
5907,0.63610387
6207,0.55081916
6307,0.5656874
6507,0.51415277
6607,0.5583256
6807,0.5679825
6907,0.040879842
7007,0.140148
7207,0.094136514
7407,0.20424367
7507,0.6139252
7707,0.40651116
7907,0.1972837
8107,0.57397115
8207,0.54715765
8307,0.55249083
8407,0.5151168
8507,0.50102913
8607,0.43345982
8707,0.09969158
8907,0.5062087
9007,0.151896
9207,0.5778181
9507,0.29213095
9807,0.4827458
9907,0.4331711
10107,0.21425937
10407,0.5153098
10507,0.51924765
10607,0.54575247
10707,0.5448426
10907,0.54860765
11207,0.571714
11307,0.27247542
11707,0.48386663
11907,0.5851774
12107,0.51903075
12407,0.60352385
12707,0.5478292
12907,0.51268286
13007,0.5445294
13407,0.5086607
13507,0.63681644
13607,0.5517564
13707,0.53087294
13907,0.5448161
14307,0.51342076
14407,0.55254173
15407,0.53393
15607,0.56099635
15707,0.5217743
15807,0.5558223
15907,0.3504842
16107,0.2233007
16207,0.5692987
16307,0.19709188
16407,0.43505257
16507,0.037456226
16607,0.3081196
17007,0.53735113
17107,0.21307266
17207,0.38486114
17307,0.12957779
17407,0.15146492
17607,0.22209905
17707,0.62029463
17907,0.12505528
18007,0.41674128
18107,0.073198564
18207,0.026392333
18407,0.06339519
18507,0.12193398
18707,0.06390369
18807,0.12111645
19107,0.44261345
19507,0.5064575
19607,0.09374615
19707,0.23272859
19807,0.12975183
20707,0.53999704
20807,0.5457857
20907,0.5504417
21107,0.547788
21207,0.5397719
21407,0.55044883
21807,0.5503614
22007,0.57168955
22307,0.2675589
22407,0.5529983
22507,0.5691858
22607,0.5600886
22907,0.09938872
23007,0.03579612
23207,0.24797665
23307,0.5494278
23607,0.4458372
23707,0.112610884
23807,0.051466256
23907,0.504869
24107,0.57846934
24207,0.5485693
24407,0.14040715
24507,0.06592331
24607,0.025472097
24707,0.43478152
25307,0.029107008
25407,0.21428217
25807,0.20178115
26007,0.5604273
26107,0.49926668
26207,0.53266674
26307,0.59493196
26407,0.54449296
26607,0.555773
26707,0.5480999
26807,0.28618193
26907,0.5459876
27007,0.56967986
27307,0.5912931
27407,0.50914043
27507,0.40536863
27907,0.16650462
28007,0.13562256
28107,0.5590379
28307,0.547394
28407,0.5067938
29007,0.55000085
29107,0.5514316
29307,0.55290776
29607,0.5108417
29707,0.54982966
29807,0.5677039
29907,0.5998321
30007,0.5510771
30107,0.42616153
30307,0.5707395
30407,0.55099845
30707,0.54994726
30807,0.5009661
31107,0.502601
31207,0.5153769
31607,0.26203358
31707,0.5153315
31807,0.54971856
31907,0.54183286
32007,0.5413845
32107,0.49831182
32807,0.51258874
33007,0.31216595
33107,0.47212017
33507,0.5509706
33707,0.18895152
33807,0.33883017
33907,0.010882783
34007,0.029397648
34207,0.059691906
34307,0.14283246
34407,0.02742419
34507,0.051677532
34607,0.07209108
34807,0.012913146
35007,0.5382635
35207,0.5919727
35307,0.54690194
35507,0.4664101
35607,0.5164408
35707,0.1937308
35907,0.54756236
36007,0.5060878
36107,0.5287454
36607,0.5488625
37207,0.6505916
37407,0.54572487
37507,0.5498659
37607,0.58376056
37707,0.50859857
38107,0.55240047
38207,0.5120726
38307,0.55265206
38407,0.56872463
38607,0.6158419
38807,0.6354421
39107,0.20706151
39207,0.12966639
39307,0.3192039
39407,0.11938458
39607,0.5482113
39707,0.023437127
39907,0.4809715
40007,0.067751534
40207,0.60017866
40507,0.5548592
40607,0.21294266
41807,0.55585814
42007,0.45603266
42707,0.54792684
42907,0.3297725
43607,0.51864195
44207,0.5497115
44507,0.17194779
44707,0.5488636
44907,0.5393672
45207,0.16086324
45307,0.54880166
45507,0.5513566
45607,0.5567615
46107,0.57018304
46307,0.55392385
46507,0.299924
46907,0.48167118
47007,0.17728913
47107,0.5490134
47207,0.5503083
47307,0.5494115
47607,0.59851575
47707,0.5184824
47807,0.52086776
47907,0.26001036
48207,0.5517623
48607,0.24513222
48707,0.02606802
49107,0.5755994
49207,0.5731159
49607,0.10495037
49707,0.11074639
49907,0.54426277
50107,0.2138885
50307,0.07046733
50407,0.08558155
50607,0.102678664
50807,0.057621706
50907,0.045425143
51007,0.13472201
51207,0.040419593
51607,0.5469359
51807,0.50599706
52007,0.08584586
52107,0.5510097
52507,0.30282342
52607,0.20542885
52707,0.58459634
53207,0.17781097
53307,0.5488465
53407,0.5461781
53607,0.61637926
53907,0.5782931
54107,0.57229847
54207,0.5501127
54307,0.5816226
54407,0.53154284
54607,0.5461119
55007,0.6323293
55207,0.101769954
55407,0.2149488
55507,0.112690344
55607,0.1365442
56207,0.22855589
56507,0.5530949
56707,0.43158126
56807,0.060624696
57007,0.5755778
57107,0.4793831
57207,0.5404366
57307,0.22758286
57507,0.4154122
57907,0.5569466
58007,0.3614535
58207,0.32462215
58307,0.27470827
58507,0.35259974
58907,0.5017079
59107,0.5536178
59207,0.3478102
59507,0.17911588
59607,0.5488251
59807,0.5124769
59907,0.50700486
60407,0.18380897
60507,0.18991446
60807,0.50831413
61107,0.497114
61307,0.55213326
61407,0.51685965
61707,0.6377004
62107,0.5477558
62407,0.5483645
62707,0.57509756
62807,0.5124572
63507,0.55070317
63607,0.5526252
63707,0.550692
63807,0.5166972
63907,0.27839443
64307,0.54053104
64407,0.57139367
8,0.35784015
108,0.33632547
408,0.18560791
608,0.42948917
708,0.3758514
1008,0.3278758
1208,0.29559353
1708,0.28215206
2208,0.13240811
2708,0.064925686
2808,0.41462255
2908,0.527501
3008,0.42994404
3108,0.41696203
3208,0.42121062
3308,0.5816488
3408,0.26423833
3708,0.14142275
4008,0.42964914
4108,0.16982399
4208,0.34145588
4408,0.39772606
4708,0.4290647
4808,0.5621538
4908,0.4077247
5108,0.4267903
5208,0.42941773
5708,0.41568312
5908,0.580261
6208,0.42993867
6308,0.43101197
6508,0.38578498
6608,0.43026137
6808,0.4146148
6908,0.057325363
7008,0.15704882
7208,0.11447693
7408,0.22045709
7508,0.5371434
7708,0.33886227
7908,0.21064202
8108,0.42900375
8208,0.40636796
8308,0.41554266
8408,0.39736214
8508,0.37626877
8608,0.32200873
8708,0.121043846
8908,0.3548107
9008,0.161956
9208,0.42465037
9508,0.30069986
9808,0.32641774
9908,0.3204609
10108,0.23337252
10408,0.38899356
10508,0.37281033
10608,0.39936966
10708,0.42837727
10908,0.43056354
11208,0.42969972
11308,0.29357928
11708,0.34768382
11908,0.49170032
12108,0.35514346
12408,0.5255098
12708,0.43029624
12908,0.37731594
13008,0.4292562
13408,0.36928457
13508,0.5862179
13608,0.45842093
13708,0.37857655
13908,0.40874168
14308,0.38147455
14408,0.43070298
15408,0.39210516
15608,0.4307426
15708,0.3717479
15808,0.40947327
15908,0.33507654
16108,0.2477068
16208,0.43086118
16308,0.21111105
16408,0.356281
16508,0.05359311
16608,0.3243935
17008,0.38684228
17108,0.23078439
17208,0.34663883
17308,0.14468512
17408,0.17431617
17608,0.24584228
17708,0.54735667
17908,0.1516576
18008,0.3630726
18108,0.09258179
18208,0.039217424
18408,0.08227773
18508,0.13916709
18708,0.082816996
18808,0.14034393
19108,0.3623401
19508,0.37782085
19608,0.1141354
19708,0.25506312
19808,0.14400253
20708,0.4404887
20808,0.4266169
20908,0.42598635
21108,0.42958748
21208,0.397001
21408,0.43104583
21808,0.43049127
22008,0.4782946
22308,0.28867102
22408,0.43044126
22508,0.43045157
22608,0.4301891
22908,0.11948135
23008,0.051278643
23208,0.27173862
23308,0.42874774
23608,0.33390278
23708,0.13042255
23808,0.071038865
23908,0.36459273
24108,0.42562276
24208,0.4287905
24408,0.15257928
24508,0.08492124
24608,0.038254
24708,0.32942894
25308,0.04270197
25408,0.23333547
25808,0.21721978
26008,0.4144934
26108,0.33841693
26208,0.42873228
26308,0.510253
26408,0.42864946
26608,0.43008888
26708,0.4305294
26808,0.30561978
26908,0.4053919
27008,0.4246875
27308,0.5015081
27408,0.37035847
27508,0.33321312
27908,0.17351387
28008,0.14867707
28108,0.43063682
28308,0.43002203
28408,0.36568436
29008,0.43012208
29108,0.42998612
29308,0.42988354
29608,0.36303326
29708,0.42983586
29808,0.4158074
29908,0.5193483
30008,0.42772865
30108,0.33429283
30308,0.47714576
30408,0.45715973
30708,0.42966247
30808,0.35607812
31108,0.35618258
31208,0.38909072
31608,0.28369835
31708,0.37271872
31808,0.42888558
31908,0.3917867
32008,0.44253755
32108,0.39736238
32808,0.37999567
33008,0.30842343
33108,0.37680832
33508,0.42959458
33708,0.20206009
33808,0.32152572
33908,0.01807537
34008,0.04308595
34208,0.07830341
34308,0.16696309
34408,0.04051849
34508,0.06965046
34608,0.09141027
34808,0.021017285
35008,0.4375011
35208,0.50281274
35308,0.4296498
35508,0.34691218
35608,0.39526713
35708,0.20588456
35908,0.4078674
36008,0.3589399
36108,0.4225184
36608,0.42769834
37208,0.65566796
37408,0.4286851
37508,0.429481
37608,0.48950592
37708,0.3692914
38108,0.45902714
38208,0.37737602
38308,0.4298013
38408,0.430771
38608,0.5422473
38808,0.5748906
39108,0.22530688
39208,0.14397375
39308,0.3342543
39408,0.13586535
39608,0.42875537
39708,0.036407854
39908,0.33928773
40008,0.08683524
40208,0.5164242
40508,0.41836455
40608,0.23139992
41808,0.4298465
42008,0.34151146
42708,0.42998686
42908,0.32082874
43608,0.3710593
44208,0.42948118
44508,0.177781
44708,0.42989153
44908,0.43972397
45208,0.16907464
45308,0.42875233
45508,0.4271693
45608,0.43003997
46108,0.4770139
46308,0.40478688
46508,0.32012898
46908,0.34456667
47008,0.18327448
47108,0.4303812
47208,0.4298514
47308,0.42973456
47608,0.517175
47708,0.4020609
47808,0.4092876
47908,0.2812662
48208,0.42668244
48608,0.26745933
48708,0.039337985
49108,0.4815624
49208,0.4189792
49608,0.12439684
49708,0.12891108
49908,0.4466608
50108,0.22722727
50308,0.08970789
50408,0.10559674
50608,0.122375056
50808,0.076140195
50908,0.06254767
51008,0.14812252
51208,0.05684858
51608,0.42822427
51808,0.35807228
52008,0.10586191
52108,0.4265445
52508,0.3226425
52608,0.22322024
52708,0.4284057
53208,0.18398693
53308,0.42964113
53408,0.42937905
53608,0.54294866
53908,0.4238312
54108,0.41862306
54208,0.42952386
54308,0.48765552
54408,0.38060278
54608,0.461849
55008,0.563709
55208,0.121554695
55408,0.23446295
55508,0.14086092
55608,0.15246452
56208,0.2542227
56508,0.42888242
56708,0.3222486
56808,0.07939513
57008,0.4660768
57108,0.32360995
57208,0.39213142
57308,0.25293884
57508,0.35087198
57908,0.42922235
58008,0.3366114
58208,0.33852336
58308,0.2838547
58508,0.3349335
58908,0.34969658
59108,0.42988428
59208,0.3422014
59508,0.18564534
59608,0.43000725
59808,0.37982005
59908,0.3668076
60408,0.19321722
60508,0.20033644
60808,0.36890525
61108,0.35668454
61308,0.4310901
61408,0.39673886
61708,0.5968823
62108,0.41424412
62408,0.43064764
62708,0.4200432
62808,0.37952435
63508,0.4283723
63608,0.4291173
63708,0.42954534
63808,0.37316337
63908,0.28785318
64308,0.4412263
64408,0.41740215
9,0.49030215
109,0.3429984
409,0.1065029
609,0.5088947
709,0.5093877
1009,0.29212546
1209,0.255539
1709,0.23883533
2209,0.047986016
2709,0.0107493885
2809,0.4932189
2909,0.45175877
3009,0.5103722
3109,0.5229664
3209,0.52536386
3309,0.45972246
3409,0.22606835
3709,0.057631224
4009,0.50969076
4109,0.08966271
4209,0.33953577
4409,0.49510098
4709,0.5125527
4809,0.45018387
4909,0.47369048
5109,0.5117945
5209,0.50941044
5709,0.5227718
5909,0.45927855
6209,0.50820994
6309,0.516792
6509,0.5082271
6609,0.5119182
6809,0.52502596
6909,0.0082629565
7009,0.072317876
7209,0.03458303
7409,0.15506846
7509,0.44632435
7709,0.35469562
7909,0.13931519
8109,0.52072215
8209,0.47896072
8309,0.48518553
8409,0.48196518
8509,0.46300408
8609,0.3767261
8709,0.039239172
8909,0.48992047
9009,0.08043886
9209,0.5222895
9509,0.27731833
9809,0.4167653
9909,0.3762044
10109,0.18524382
10409,0.50788504
10509,0.50458884
10609,0.48928872
10709,0.52449733
10909,0.5098926
11209,0.5182227
11309,0.27588174
11709,0.40036085
11909,0.4625155
12109,0.45925325
12409,0.45581645
12709,0.5096904
12909,0.51000315
13009,0.517741
13409,0.5069903
13509,0.46154597
13609,0.48098102
13709,0.5113857
13909,0.47694463
14309,0.5089438
14409,0.51109916
15409,0.45258206
15609,0.51424843
15709,0.5052401
15809,0.49594948
15909,0.30007622
16109,0.20828722
16209,0.5181946
16309,0.14491785
16409,0.38438803
16509,0.007339043
16609,0.30547088
17009,0.5150464
17109,0.16313383
17209,0.3571834
17309,0.060604274
17409,0.0890524
17609,0.2049768
17709,0.4489942
17909,0.062322836
18009,0.38007513
18109,0.022198616
18209,0.004015572
18409,0.017426677
18509,0.05445503
18709,0.01766785
18809,0.054822285
19109,0.39676276
19509,0.4747234
19609,0.034365363
19709,0.2131425
19809,0.06036613
20709,0.4888407
20809,0.51486266
20909,0.5119198
21109,0.5094071
21209,0.4637875
21409,0.5101404
21809,0.5091767
22009,0.470412
22309,0.2704162
22409,0.51008004
22509,0.519309
22609,0.51509863
22909,0.037976027
23009,0.0066152685
23209,0.24863169
23309,0.50919616
23609,0.3795193
23709,0.046439797
23809,0.013258037
23909,0.5060657
24109,0.5221937
24209,0.51029325
24409,0.0696744
24509,0.018595284
24609,0.003882621
24709,0.377954
25309,0.0046527907
25409,0.18513109
25809,0.14966752
26009,0.49802548
26109,0.47338253
26209,0.49174875
26309,0.45701516
26409,0.52248436
26609,0.51306266
26709,0.5093687
26809,0.28790316
26909,0.48789936
27009,0.50679404
27309,0.4589425
27409,0.5099166
27509,0.36051458
27909,0.09453196
28009,0.06539388
28109,0.5132745
28309,0.5101601
28409,0.5045562
29009,0.5096208
29109,0.5101612
29309,0.5116915
29609,0.42640185
29709,0.5097565
29809,0.5232355
29909,0.45655936
30009,0.5110759
30109,0.37040538
30309,0.4710814
30409,0.48156974
30709,0.50960267
30809,0.48974097
31109,0.41486135
31209,0.5078744
31609,0.2651452
31709,0.50465494
31809,0.50916094
31909,0.51834327
32009,0.48839292
32109,0.46104485
32809,0.5106065
33009,0.2694229
33109,0.4238718
33509,0.5102933
33709,0.13122317
33809,0.31155697
33909,0.0011020104
34009,0.004727438
34209,0.015758257
34309,0.08024207
34409,0.0042463103
34509,0.012384804
34609,0.02161775
34809,0.0014246181
35009,0.4883493
35209,0.45817223
35309,0.5120765
35509,0.42170706
35609,0.50262034
35709,0.1324794
35909,0.4753802
36009,0.4212515
36109,0.4929133
36609,0.5109369
37209,0.50740993
37409,0.511331
37509,0.5102884
37609,0.46283773
37709,0.5103625
38109,0.48062384
38209,0.509797
38309,0.50953996
38409,0.5177933
38609,0.45095477
38809,0.4569971
39109,0.16511315
39209,0.060326356
39309,0.32406154
39409,0.051625513
39609,0.5093831
39709,0.004901287
39909,0.4525655
40009,0.019462371
40209,0.45428693
40509,0.49034667
40609,0.1740268
41809,0.5118532
42009,0.40196097
42709,0.5102048
42909,0.282145
43609,0.43786594
44209,0.5093647
44509,0.09942487
44709,0.50933456
44909,0.48904654
45209,0.088930264
45309,0.510357
45509,0.51030964
45609,0.51209444
46109,0.47157305
46309,0.52088296
46509,0.30185407
46909,0.44638556
47009,0.104803085
47109,0.51112413
47209,0.5094938
47309,0.5092365
47609,0.4562532
47709,0.500787
47809,0.49749112
47909,0.26213288
48209,0.50227034
48609,0.24243432
48709,0.004174714
49109,0.46765932
49209,0.5256206
49609,0.0415898
49709,0.04523636
49909,0.4874502
50109,0.1626809
50309,0.02079845
50409,0.029090634
50609,0.04006675
50809,0.014869341
50909,0.009921868
51009,0.06468592
51209,0.00813475
51609,0.50990456
51809,0.41956842
52009,0.029231759
52109,0.5026681
52509,0.30468953
52609,0.15954258
52709,0.5388748
53209,0.10537108
53309,0.50839317
53409,0.5212074
53609,0.45074165
53909,0.5240981
54109,0.52550143
54209,0.5090823
54309,0.4644293
54409,0.5120576
54609,0.464438
55009,0.45055625
55209,0.039463576
55409,0.18698482
55509,0.056773495
55609,0.06786684
56209,0.22001144
56509,0.5103684
56709,0.37513804
56809,0.016219618
57009,0.4561882
57109,0.44906157
57209,0.46982035
57309,0.2164568
57509,0.35685438
57909,0.5107588
58009,0.34071743
58209,0.32853615
58309,0.23999405
58509,0.30928463
58909,0.48298422
59109,0.50934845
59209,0.33860686
59509,0.10683918
59609,0.51094574
59809,0.5106367
59909,0.5078264
60409,0.11556634
60509,0.12430113
60809,0.50982285
61109,0.48410633
61309,0.5102771
61409,0.5003373
61709,0.46714905
62109,0.5169459
62409,0.51003796
62709,0.5247922
62809,0.5106311
63509,0.51044214
63609,0.508263
63709,0.5090339
63809,0.5042429
63909,0.26581836
64309,0.48863825
64409,0.5251705
10,0.40029016
110,0.41953045
410,0.4138419
610,0.4175831
710,0.4437597
1010,0.41876453
1210,0.43171394
1710,0.43367553
2210,0.3983089
2710,0.43880656
2810,0.35975572
2910,0.31456718
3010,0.41756225
3110,0.43049437
3210,0.42502052
3310,0.31325862
3410,0.40610602
3710,0.4007204
4010,0.41706684
4110,0.41229644
4210,0.39383402
4410,0.36586908
4710,0.41839847
4810,0.2967063
4910,0.42812955
5110,0.41895634
5210,0.4168366
5710,0.4312343
5910,0.31216803
6210,0.4171828
6310,0.41977003
6510,0.37657392
6610,0.4179176
6810,0.43072337
6910,0.4442413
7010,0.40665776
7210,0.40641013
7410,0.39926425
7510,0.3090364
7710,0.43305174
7910,0.40341952
8110,0.42010725
8210,0.4330728
8310,0.42673957
8410,0.3622356
8510,0.35556236
8610,0.4349879
8710,0.40434557
8910,0.44482678
9010,0.40967757
9210,0.42149258
9510,0.41255003
9810,0.46698698
9910,0.44190478
10110,0.39579725
10410,0.3738624
10510,0.44680792
10610,0.44693327
10710,0.41216972
10910,0.4175101
11210,0.42011118
11310,0.4056175
11710,0.42122725
11910,0.33619806
12110,0.46334937
12410,0.31566113
12710,0.4184174
12910,0.3963978
13010,0.41523057
13410,0.42873758
13510,0.3153594
13610,0.3515854
13710,0.44330075
13910,0.4286494
14310,0.38322854
14410,0.41626936
15410,0.4342654
15610,0.41909862
15710,0.44589663
15810,0.44406024
15910,0.42190155
16110,0.39337376
16210,0.4191398
16310,0.40308967
16410,0.42042065
16510,0.4481507
16610,0.40399352
17010,0.44172564
17110,0.41094264
17210,0.41604814
17310,0.40231583
17410,0.40115374
17610,0.3935904
17710,0.29988226
17910,0.40488335
18010,0.4114703
18110,0.42028698
18210,0.45611802
18410,0.42597336
18510,0.39989954
18710,0.4255779
18810,0.4002406
19110,0.40981257
19510,0.3611424
19610,0.4067843
19710,0.40107933
19810,0.4019197
20710,0.35433283
20810,0.4185744
20910,0.417669
21110,0.4179191
21210,0.43336833
21410,0.41717845
21810,0.4168423
22010,0.34487137
22310,0.4044121
22410,0.41771573
22510,0.4193276
22610,0.41960812
22910,0.4030914
23010,0.4484467
23210,0.398674
23310,0.41652238
23610,0.4165798
23710,0.39796707
23810,0.4363637
23910,0.4208942
24110,0.42022815
24210,0.4191132
24410,0.40545434
24510,0.42454022
24610,0.45857367
24710,0.41969216
25310,0.45270932
25410,0.39578974
25810,0.3997911
26010,0.4381837
26110,0.44084293
26210,0.35665685
26310,0.3247383
26410,0.41328487
26610,0.41795635
26710,0.4182889
26810,0.40290752
26910,0.4482198
27010,0.42520022
27310,0.3300176
27410,0.41393352
27510,0.41328636
27910,0.41319877
28010,0.40384254
28110,0.41852054
28310,0.41838187
28410,0.42368862
29010,0.41679928
29110,0.41723102
29310,0.4174214
29610,0.42722845
29710,0.41809106
29810,0.43101758
29910,0.3195074
30010,0.41756472
30110,0.41280627
30310,0.34523287
30410,0.35162777
30710,0.41702667
30810,0.4102223
31110,0.42263982
31210,0.37374833
31610,0.40263095
31710,0.44259238
31810,0.41776127
31910,0.43964252
32010,0.35398018
32110,0.3545163
32810,0.38877636
33010,0.43063667
33110,0.40257978
33510,0.417373
33710,0.40502706
33810,0.43203455
33910,0.49219418
34010,0.45254785
34210,0.42802912
34310,0.408336
34410,0.45447895
34510,0.43460742
34610,0.42101687
34810,0.48497245
35010,0.35473067
35210,0.32909292
35310,0.41923922
35510,0.43043017
35610,0.36877808
35710,0.40501696
35910,0.43071628
36010,0.42601302
36110,0.3576716
36610,0.4188227
37210,0.34185725
37410,0.41763753
37510,0.41551077
37610,0.3376348
37710,0.42026508
38110,0.35136217
38210,0.39515918
38310,0.41784722
38410,0.41943726
38610,0.30441833
38810,0.30798632
39110,0.3986445
39210,0.4016944
39310,0.39262265
39410,0.39804897
39610,0.41623467
39710,0.48234335
39910,0.38518956
40010,0.42349535
40210,0.3206925
40510,0.4257712
40610,0.39734158
41810,0.41727734
42010,0.43814373
42710,0.4178274
42910,0.42098612
43610,0.43336618
44210,0.4173484
44510,0.41437298
44710,0.41765833
44910,0.35440558
45210,0.41188747
45310,0.41620815
45510,0.41859952
45610,0.41727427
46110,0.34586915
46310,0.43558478
46510,0.40176606
46910,0.38500306
47010,0.41467777
47110,0.41639367
47210,0.41706607
47310,0.41715392
47610,0.3207744
47710,0.36563668
47810,0.36230433
47910,0.40292972
48210,0.4203395
48610,0.39832667
48710,0.45903352
49110,0.34284535
49210,0.42803824
49610,0.40048328
49710,0.39835724
49910,0.35310757
50110,0.4073126
50310,0.42193678
50410,0.41256768
50610,0.40122718
50810,0.4294482
50910,0.4406803
51010,0.40375116
51210,0.44486976
51610,0.4181026
51810,0.42722312
52010,0.41249692
52110,0.42096585
52510,0.4014442
52610,0.39873916
52710,0.42019802
53210,0.41464126
53310,0.41688976
53410,0.4102155
53610,0.3038649
53910,0.42190927
54110,0.42898622
54210,0.41691756
54310,0.33882368
54410,0.44309443
54610,0.37243322
55010,0.2973767
55210,0.4017443
55410,0.3953131
55510,0.3996567
55610,0.40512604
56210,0.3933552
56510,0.41776454
56710,0.43228146
56810,0.42766815
57010,0.3388184
57110,0.41023186
57210,0.43820825
57310,0.39370105
57510,0.42043567
57910,0.41742945
58010,0.4073865
58210,0.39150223
58310,0.43657136
58510,0.42197147
58910,0.43926594
59110,0.4179855
59210,0.39350155
59510,0.41456404
59610,0.41678387
59810,0.38916674
59910,0.4241284
60410,0.4114
60510,0.4093129
60810,0.41904342
61110,0.3803599
61310,0.41857907
61410,0.36750364
61710,0.31917664
62110,0.42403176
62410,0.41723102
62710,0.42611134
62810,0.3899893
63510,0.41831303
63610,0.4167148
63710,0.41626033
63810,0.44478837
63910,0.4177934
64310,0.35415432
64410,0.4291581
11,0.32465598
111,0.3950204
411,0.31794137
611,0.27395037
711,0.3008459
1011,0.36232585
1211,0.37084976
1711,0.37350398
2211,0.28482354
2711,0.18145338
2811,0.37955362
2911,0.5128136
3011,0.2746518
3111,0.2809916
3211,0.28077677
3311,0.5931113
3411,0.3473461
3711,0.29472318
4011,0.27488446
4111,0.31445634
4211,0.30970916
4411,0.36357826
4711,0.2706832
4811,0.5633392
4911,0.28129742
5111,0.27313444
5211,0.2725419
5711,0.28138208
5911,0.59213924
6211,0.27188435
6311,0.27958623
6511,0.33512062
6611,0.2766695
6811,0.28306836
6911,0.16773237
7011,0.3114152
7211,0.25921178
7411,0.31893355
7511,0.53641963
7711,0.33345783
7911,0.3174546
8111,0.28110236
8211,0.2876279
8311,0.2823272
8411,0.376418
8511,0.3841291
8611,0.30599546
8711,0.27033925
8911,0.316047
9011,0.31030723
9211,0.28193966
9511,0.3526781
9811,0.3422225
9911,0.3180648
10111,0.32707617
10411,0.34074953
10511,0.30212185
10611,0.2907995
10711,0.27040446
10911,0.27315807
11211,0.28045726
11311,0.3422427
11711,0.2777324
11911,0.4697149
12111,0.31825083
12411,0.5007727
12711,0.27205536
12911,0.3200112
13011,0.2699568
13411,0.30971506
13511,0.5957534
13611,0.42861497
13711,0.30093238
13911,0.28048465
14311,0.3265921
14411,0.2741086
15411,0.28416544
15611,0.27728015
15711,0.30139986
15811,0.2863387
15911,0.35859555
16111,0.33195502
16211,0.27952215
16311,0.34506908
16411,0.33616927
16511,0.16429508
16611,0.350592
17011,0.2973124
17111,0.38580808
17211,0.3858688
17311,0.29775932
17411,0.34984264
17611,0.33103657
17711,0.5338738
17911,0.31544855
18011,0.365095
18111,0.22837996
18211,0.13533705
18411,0.21158512
18511,0.29257178
18711,0.21240337
18811,0.29524937
19111,0.3326696
19511,0.3695282
19611,0.2589612
19711,0.34406078
19811,0.2968002
20711,0.4061928
20811,0.27224064
20911,0.27551615
21111,0.2719915
21211,0.28563276
21411,0.27269894
21811,0.27322963
22011,0.45523897
22311,0.34367174
22411,0.274801
22511,0.28009954
22611,0.2775463
22911,0.26628414
23011,0.1573832
23211,0.3452541
23311,0.2733602
23611,0.28700575
23711,0.28246054
23811,0.19980672
23911,0.3148953
24111,0.2823581
24211,0.27360854
24411,0.30339876
24511,0.2161229
24611,0.13503212
24711,0.2925007
25311,0.14129992
25411,0.3270545
25811,0.3187868
26011,0.2838419
26111,0.32647717
26211,0.39343646
26311,0.48686454
26411,0.27023977
26611,0.27615565
26711,0.2724505
26811,0.3456895
26911,0.28936404
27011,0.2826005
27311,0.4782482
27411,0.31278798
27511,0.30077833
27911,0.3164245
28011,0.30041167
28111,0.27721345
28311,0.27178895
28411,0.3117173
29011,0.27470344
29111,0.27405083
29311,0.27522248
29611,0.28249726
29711,0.2737334
29811,0.28141475
29911,0.494752
30011,0.27465722
30111,0.29591924
30311,0.45375276
30411,0.42703995
30711,0.2740277
30811,0.32494023
31111,0.27942806
31211,0.34083444
31611,0.3441498
31711,0.30413955
31811,0.27433226
31911,0.29433572
32011,0.40856797
32111,0.4094502
32811,0.32351327
33011,0.37463182
33111,0.33310887
33511,0.27468094
33711,0.3567766
33811,0.41002712
33911,0.09123226
34011,0.14194569
34211,0.20460387
34311,0.3359404
34411,0.13760486
34511,0.1893905
34611,0.22666481
34811,0.09850849
35011,0.40420654
35211,0.48005763
35311,0.2716887
35511,0.3193044
35611,0.35483372
35711,0.31842726
35911,0.28581715
36011,0.27991763
36111,0.38659254
36611,0.2747525
37211,0.6259615
37411,0.270998
37511,0.27345574
37611,0.46830136
37711,0.3110124
38111,0.42948538
38211,0.3203879
38311,0.27421317
38411,0.27995804
38611,0.52348334
38811,0.5868263
39111,0.32171452
39211,0.2965537
39311,0.33606166
39411,0.2894783
39611,0.27237633
39711,0.15276279
39911,0.35293686
40011,0.21933788
40211,0.49974328
40511,0.28311926
40611,0.3385771
41811,0.2759891
42011,0.3331864
42711,0.27309003
42911,0.36248726
43611,0.28314018
44211,0.27415606
44511,0.31809306
44711,0.27316526
44911,0.40510473
45211,0.31452614
45311,0.27262112
45511,0.27627856
45611,0.2761773
46111,0.4531252
46311,0.2868062
46511,0.3497935
46911,0.35294235
47011,0.31797835
47111,0.2737217
47211,0.2738626
47311,0.27319422
47611,0.49304146
47711,0.36195675
47811,0.37173477
47911,0.34460774
48211,0.27647585
48611,0.34473076
48711,0.14086944
49111,0.45979562
49211,0.2811919
49611,0.27403334
49711,0.2802415
49911,0.41358393
50111,0.37334514
50311,0.22395761
50411,0.2475419
50611,0.27060935
50811,0.20059331
50911,0.17723107
51011,0.30005956
51211,0.16732791
51611,0.27212742
51811,0.2808944
52011,0.24805596
52111,0.27620274
52511,0.34942362
52611,0.33454636
52711,0.28788388
53211,0.31797945
53311,0.27260965
53411,0.2700467
53611,0.5246536
53911,0.28036067
54111,0.2812091
54211,0.27362898
54311,0.46582574
54411,0.29937676
54611,0.52401674
55011,0.5680677
55211,0.26945198
55411,0.32681313
55511,0.3149951
55611,0.30591413
56211,0.336544
56511,0.27517292
56711,0.30462483
56811,0.20686972
57011,0.47765985
57111,0.34240606
57211,0.28512895
57311,0.33566713
57511,0.35435262
57911,0.27632242
58011,0.3089234
58211,0.32845423
58311,0.3832319
58511,0.3524464
58911,0.32222024
59111,0.2759219
59211,0.31015027
59511,0.3176587
59611,0.27292818
59811,0.3231987
59911,0.31161293
60411,0.32075733
60511,0.31742156
60811,0.31134817
61111,0.33589473
61311,0.27561364
61411,0.3578843
61711,0.59871876
62111,0.2799559
62411,0.2724804
62711,0.28154597
62811,0.32279128
63511,0.27513754
63611,0.2748291
63711,0.27380297
63811,0.30390018
63911,0.34825087
64311,0.407064
64411,0.28232402
12,0.3529741
112,0.28835946
412,0.11062967
612,0.2566712
712,0.32394874
1012,0.28834996
1212,0.27414113
1712,0.25925094
2212,0.055188417
2712,0.011505006
2812,0.39931712
2912,0.48791036
3012,0.25758848
3112,0.28665793
3212,0.28246444
3312,0.45985037
3412,0.2292646
3712,0.0649325
4012,0.25754607
4112,0.09600874
4212,0.27913472
4412,0.38300627
4712,0.25774685
4812,0.48992988
4912,0.2502395
5112,0.25843185
5212,0.2560128
5712,0.28915426
5912,0.46091944
6212,0.25534362
6312,0.26740524
6512,0.36666965
6612,0.2607842
6812,0.28452942
6912,0.008577369
7012,0.08033983
7212,0.039083324
7412,0.15395665
7512,0.48770025
7712,0.28727055
7912,0.13978897
8112,0.270708
8212,0.25804606
8312,0.25029635
8412,0.3875825
8512,0.38304457
8612,0.26042378
8712,0.044678256
8912,0.33331168
9012,0.08795682
9212,0.27620828
9512,0.27750573
9812,0.2844257
9912,0.26768494
10112,0.18110284
10412,0.36964828
10512,0.33311033
10612,0.28699452
10712,0.2602253
10912,0.25709262
11212,0.2692268
11312,0.26621616
11712,0.25283748
11912,0.47955254
12112,0.296089
12412,0.49299642
12712,0.25673404
12912,0.35814586
13012,0.25891298
13412,0.34284344
13512,0.4550914
13612,0.44520167
13712,0.32210594
13912,0.25035974
14312,0.36330017
14412,0.25610864
15412,0.25163198
15612,0.26440528
15712,0.33109602
15812,0.2782225
15912,0.28659347
16112,0.20134754
16212,0.26805905
16312,0.1507441
16412,0.2705869
16512,0.007365624
16612,0.29165724
17012,0.31600553
17112,0.18502367
17212,0.2865865
17312,0.067977674
17412,0.09997055
17612,0.19857146
17712,0.4946357
17912,0.07240801
18012,0.28220847
18112,0.024441753
18212,0.0037496237
18412,0.019015145
18512,0.061720353
18712,0.019268546
18812,0.06269131
19112,0.28883576
19512,0.37818107
19612,0.038867947
19712,0.21208748
19812,0.06772034
20712,0.42642918
20812,0.25829482
20912,0.2602091
21112,0.2561028
21212,0.25489625
21412,0.255769
21812,0.25643697
22012,0.469753
22312,0.25992417
22412,0.25840864
22512,0.2693538
22612,0.264333
22912,0.043126155
23012,0.0066246353
23212,0.23482518
23312,0.25654325
23612,0.2552401
23712,0.05350088
23812,0.013833693
23912,0.34922445
24112,0.27539673
24212,0.25620028
24412,0.077185035
24512,0.02035414
24612,0.00353288
24712,0.25662178
25312,0.004457255
25412,0.18099087
25812,0.149505
26012,0.27439693
26112,0.3267262
26212,0.41370496
26312,0.48920763
26412,0.25973487
26612,0.26175818
26712,0.25711393
26812,0.2787656
26912,0.27907363
27012,0.26576063
27312,0.48489097
27412,0.35281545
27512,0.26288116
27912,0.10020923
28012,0.072808646
28112,0.2612015
28312,0.25701302
28412,0.34785584
29012,0.25713745
29112,0.25748107
29312,0.2603513
29612,0.25358605
29712,0.25687057
29812,0.28839335
29912,0.49179026
30012,0.25915068
30112,0.2592983
30312,0.46877703
30412,0.4438565
30712,0.25598338
30812,0.349803
31112,0.25378603
31212,0.36970225
31612,0.25363228
31712,0.33748403
31812,0.25615385
31912,0.30995134
32012,0.42866755
32112,0.3923805
32812,0.36157972
33012,0.29049894
33112,0.31007922
33512,0.25715747
33712,0.14103492
33812,0.30307606
33912,0.0007749676
34012,0.0045366753
34212,0.017086117
34312,0.09118551
34412,0.0040119165
34512,0.013314587
34612,0.023805585
34812,0.0010588059
35012,0.42377648
35212,0.48550704
35312,0.25767937
35512,0.28478158
35612,0.37738225
35712,0.13412976
35912,0.25304136
36012,0.25304598
36112,0.4070919
36612,0.25801793
37212,0.36000815
37412,0.25672394
37512,0.25643525
37612,0.47805545
37712,0.34929112
38112,0.44596478
38212,0.35877833
38312,0.25775474
38412,0.26791924
38612,0.49358287
38812,0.46735463
39112,0.16308571
39212,0.0675861
39312,0.2857578
39412,0.05899409
39612,0.256384
39712,0.0025797721
39912,0.35291266
40012,0.021348938
40212,0.4869183
40512,0.25309172
40612,0.1742401
41812,0.2593486
42012,0.2764904
42712,0.25645956
42912,0.29200166
43612,0.25462574
44212,0.25620273
44512,0.104489595
44712,0.25692424
44912,0.42511266
45212,0.09551543
45312,0.25676963
45512,0.259139
45612,0.26067305
46112,0.46818432
46312,0.29705283
46512,0.2904847
46912,0.34956747
47012,0.10951613
47112,0.2569728
47212,0.25607982
47312,0.25623104
47612,0.49161604
47712,0.38508728
47812,0.39321125
47912,0.25046635
48212,0.25345722
48612,0.23312457
48712,0.0037030356
49112,0.4725219
49212,0.28510714
49612,0.04766089
49712,0.0519943
49912,0.43280417
50112,0.1795299
50312,0.02286785
50412,0.03261329
50612,0.045719154
50812,0.0160654
50912,0.010536012
51012,0.07207603
51212,0.008416277
51612,0.25537962
51812,0.2531928
52012,0.032830846
52112,0.25391155
52512,0.29089597
52612,0.16078489
52712,0.29510063
53212,0.11009717
53312,0.25547984
53412,0.25935674
53612,0.49368954
53912,0.2796011
54112,0.28640184
54212,0.2562884
54312,0.47671965
54412,0.32099205
54612,0.37598574
55012,0.48718458
55212,0.045006383
55412,0.18204527
55512,0.059137434
55612,0.07561866
56212,0.2106667
56512,0.25749722
56712,0.2600969
56812,0.017595362
57012,0.457708
57112,0.32904157
57212,0.26068076
57312,0.20881289
57512,0.27300042
57912,0.2587492
58012,0.277734
58212,0.2839467
58312,0.26253873
58512,0.28968292
58912,0.3359558
59112,0.25603777
59212,0.27963075
59512,0.11160842
59612,0.25676277
59812,0.36146802
59912,0.34660533
60412,0.120242886
60512,0.12647812
60812,0.3503142
61112,0.35797116
61312,0.2583743
61412,0.3797741
61712,0.44602665
62112,0.26048523
62412,0.25701353
62712,0.28273678
62812,0.36098155
63512,0.25777015
63612,0.25574157
63712,0.25632942
63812,0.33592647
63912,0.26778543
64312,0.42727363
64412,0.2841472
13,0.63593274
113,0.54648167
413,0.35553935
613,0.5913639
713,0.62514675
1013,0.55105436
1213,0.51726145
1713,0.49856907
2213,0.2784383
2713,0.14286402
2813,0.62305564
2913,0.5734596
3013,0.591297
3113,0.5983699
3213,0.5917485
3313,0.5879151
3413,0.46688235
3713,0.29632297
4013,0.5915356
4113,0.34066984
4213,0.56597537
4413,0.6279772
4713,0.5912556
4813,0.57722294
4913,0.5902821
5113,0.59425527
5213,0.5911747
5713,0.6007205
5913,0.5871959
6213,0.59043306
6313,0.58924717
6513,0.6332633
6613,0.59062093
6813,0.60086256
6913,0.12636934
7013,0.32044274
7213,0.24380133
7413,0.39581743
7513,0.5721545
7713,0.57044107
7913,0.3826797
8113,0.5879723
8213,0.5930414
8313,0.58938366
8413,0.62411314
8513,0.6118762
8613,0.577507
8713,0.25572753
8913,0.64219016
9013,0.33144453
9213,0.58854204
9513,0.5351985
9813,0.5948848
9913,0.5753074
10113,0.41912228
10413,0.6324486
10513,0.63425034
10613,0.61227566
10713,0.5903168
10913,0.5906136
11213,0.5880227
11313,0.51275927
11713,0.5809561
11913,0.5792801
12113,0.61572516
12413,0.5724469
12713,0.5904607
12913,0.63034827
13013,0.5910558
13413,0.63857603
13513,0.5901184
13613,0.6015458
13713,0.6223776
13913,0.5906311
14313,0.6317865
14413,0.5908439
15413,0.5881413
15613,0.5906465
15713,0.63266015
15813,0.6019888
15913,0.5571613
16113,0.4396834
16213,0.5886454
16313,0.3987197
16413,0.58296394
16513,0.11777795
16613,0.5421586
17013,0.61729515
17113,0.43593457
17213,0.55080396
17313,0.30143255
17413,0.34409806
17613,0.4370432
17713,0.5713281
17913,0.30512726
18013,0.5714175
18113,0.19989713
18213,0.08879411
18413,0.17879583
18513,0.2906817
18713,0.17989117
18813,0.29171845
19113,0.59464383
19513,0.623157
19613,0.24319088
19713,0.4495064
19813,0.30095255
20713,0.6114405
20813,0.5948044
20913,0.59406316
21113,0.5910025
21213,0.591498
21413,0.5902944
21813,0.59077513
22013,0.58622557
22313,0.5060564
22413,0.5907813
22513,0.58818996
22613,0.5914707
22913,0.25301838
23013,0.11316703
23213,0.47360653
23313,0.59219927
23613,0.5802986
23713,0.27515504
23813,0.15259092
23913,0.6383232
24113,0.58734244
24213,0.59152746
24413,0.31597546
24513,0.18429458
24613,0.08633911
24713,0.5795685
25313,0.09548006
25413,0.41905707
25813,0.3916915
26013,0.5974759
26113,0.6394224
26213,0.6171874
26313,0.57214254
26413,0.5908556
26613,0.59061986
26713,0.5911143
26813,0.5262833
26913,0.6072883
27013,0.58898175
27313,0.5759263
27413,0.63543665
27513,0.57559305
27913,0.34534943
28013,0.30918494
28113,0.5901893
28313,0.5906927
28413,0.6406307
29013,0.59068155
29113,0.5910589
29313,0.59101427
29613,0.58216834
29713,0.5914027
29813,0.60082746
29913,0.57199866
30013,0.5938973
30113,0.57716686
30313,0.5870222
30413,0.60214067
30713,0.5910994
30813,0.63664186
31113,0.5801456
31213,0.6324444
31613,0.49760032
31713,0.63731647
31813,0.59175557
31913,0.6131019
32013,0.6102654
32113,0.59590775
32813,0.63040406
33013,0.53377897
33113,0.6137607
33513,0.5911979
33713,0.38550687
33813,0.53485256
33913,0.046256937
34013,0.09623028
34213,0.17052592
34313,0.33123577
34413,0.09126779
34513,0.15255274
34613,0.19754858
34813,0.0524519
35013,0.61260676
35213,0.5753016
35313,0.59063274
35513,0.62204427
35613,0.63076586
35713,0.37844187
35913,0.59142345
36013,0.5803389
36113,0.61986154
36613,0.59387285
37213,0.64665127
37413,0.5913494
37513,0.59133583
37613,0.5799899
37713,0.6370603
38113,0.60110843
38213,0.63070154
38313,0.59091353
38413,0.5886437
38613,0.57203573
38813,0.5844285
39113,0.40311596
39213,0.3007707
39313,0.54424477
39413,0.2851638
39613,0.59179306
39713,0.08378606
39913,0.6235582
40013,0.18823195
40213,0.573303
40513,0.5896161
40613,0.4142011
41813,0.5909275
42013,0.58603776
42713,0.59044695
42913,0.55125684
43613,0.585583
44213,0.59117436
44513,0.34956622
44713,0.59104806
44913,0.61198276
45213,0.3401902
45313,0.59184533
45513,0.5940089
45613,0.5907781
46113,0.58754444
46313,0.60665
46513,0.53560376
46913,0.6204847
47013,0.35397658
47113,0.59071547
47213,0.5910424
47313,0.59082514
47613,0.57176816
47713,0.6289126
47813,0.6259167
47913,0.49424672
48213,0.5909827
48613,0.47001052
48713,0.08712995
49113,0.58358943
49213,0.59523046
49613,0.2626046
49713,0.27208158
49913,0.60761124
50113,0.42723024
50313,0.19407327
50413,0.22660112
50613,0.25852212
50813,0.16596991
50913,0.13769335
51013,0.30798155
51213,0.1252529
51613,0.59180474
51813,0.5808946
52013,0.2271917
52113,0.5906431
52513,0.5363122
52613,0.4022838
52713,0.5860806
53213,0.35460913
53313,0.59131557
53413,0.59001416
53613,0.5719648
53913,0.58990246
54113,0.59501773
54213,0.59103763
54313,0.58088666
54413,0.6215303
54613,0.54572654
55013,0.5780315
55213,0.2569766
55413,0.42048073
55513,0.2840308
55613,0.31334424
56213,0.44855237
56513,0.5916366
56713,0.577959
56813,0.17263249
57013,0.5803539
57113,0.6326623
57213,0.5918507
57313,0.44676805
57513,0.5683222
57913,0.59151024
58013,0.5710722
58213,0.5512133
58313,0.503538
58513,0.56364673
58913,0.6421072
59113,0.5908547
59213,0.56549746
59513,0.35584274
59613,0.59118074
59813,0.63036555
59913,0.63869345
60413,0.36587137
60513,0.37035215
60813,0.6370946
61113,0.6320845
61313,0.5907848
61413,0.6299941
61713,0.5950247
62113,0.60176784
62413,0.5901368
62713,0.5933664
62813,0.6303785
63513,0.5934883
63613,0.59114283
63713,0.59066105
63813,0.63688165
63913,0.52071095
64313,0.610987
64413,0.5977725
14,0.4210657
114,0.3745383
414,0.27630466
614,0.44177532
714,0.43495658
1014,0.3245774
1214,0.31715527
1714,0.32101077
2214,0.20193794
2714,0.13824092
2814,0.4396232
2914,0.45660537
3014,0.44203445
3114,0.44421118
3214,0.4443704
3314,0.4451239
3414,0.30843687
3714,0.21496487
4014,0.44091707
4114,0.2583192
4214,0.33580562
4414,0.43957835
4714,0.44130504
4814,0.4460047
4914,0.42561105
5114,0.43775916
5214,0.4413208
5714,0.4449813
5914,0.44473433
6214,0.44151562
6314,0.44323716
6514,0.44194114
6614,0.441412
6814,0.44148532
6914,0.12907077
7014,0.24261855
7214,0.1810935
7414,0.29852197
7514,0.4609293
7714,0.32695487
7914,0.29246306
8114,0.44252834
8214,0.42482108
8314,0.43203542
8414,0.4318048
8514,0.41847423
8614,0.3316938
8714,0.19228157
8914,0.41922995
9014,0.24833223
9214,0.44305348
9514,0.30980667
9814,0.34484366
9914,0.33082578
10114,0.30277947
10414,0.44375008
10514,0.43256778
10614,0.4199682
10714,0.44031566
10914,0.44189522
11214,0.44274393
11314,0.32164377
11714,0.3648508
11914,0.45121384
12114,0.37794265
12414,0.45522735
12714,0.4421645
12914,0.43222764
13014,0.44105482
13414,0.43227336
13514,0.4455821
13614,0.44098863
13714,0.43545598
13914,0.42552748
14314,0.43858138
14414,0.4403673
15414,0.41582283
15614,0.44239345
15714,0.4321441
15814,0.42858773
15914,0.331198
16114,0.30826002
16214,0.44271883
16314,0.297045
16414,0.34813234
16514,0.12862915
16614,0.3255929
17014,0.4398556
17114,0.30534807
17214,0.3780392
17314,0.2205551
17414,0.26547995
17614,0.30756146
17714,0.45831424
17914,0.23908328
18014,0.37890813
18114,0.16143537
18214,0.10471803
18414,0.15355375
18514,0.21209952
18714,0.15394332
18814,0.21490812
19114,0.37416592
19514,0.4218636
19614,0.18090916
19714,0.30632305
19814,0.21927026
20714,0.437145
20814,0.43595585
20914,0.43856478
21114,0.44179687
21214,0.4184645
21414,0.4408324
21814,0.441428
22014,0.44885385
22314,0.32117918
22414,0.442135
22514,0.4425094
22614,0.44211954
22914,0.18646474
23014,0.122074366
23214,0.315581
23314,0.440213
23614,0.3405915
23714,0.19892539
23814,0.15725139
23914,0.43155718
24114,0.44336066
24214,0.44146207
24414,0.23362401
24514,0.15564503
24614,0.10639804
24714,0.33547944
25314,0.10935696
25414,0.30271098
25814,0.2970631
26014,0.43144885
26114,0.39936864
26214,0.43866566
26314,0.45491496
26414,0.4404551
26614,0.44279292
26714,0.44225058
26814,0.32000035
26914,0.4214071
27014,0.4404189
27314,0.45265552
27414,0.43277463
27514,0.3343916
27914,0.2636711
28014,0.22705244
28114,0.44168606
28314,0.44220018
28414,0.43103573
29014,0.44144
29114,0.44159237
29314,0.44243637
29614,0.3899873
29714,0.44039655
29814,0.4444575
29914,0.45461094
30014,0.4382424
30114,0.3339634
30314,0.4485585
30414,0.4405282
30714,0.44140047
30814,0.42056337
31114,0.38013378
31214,0.44379807
31614,0.32032308
31714,0.43304622
31814,0.4398428
31914,0.44126007
32014,0.43698958
32114,0.42000714
32814,0.43623352
33014,0.32013285
33114,0.3754104
33514,0.4421374
33714,0.2906836
33814,0.3657585
33914,0.07080379
34014,0.10990471
34214,0.1501603
34314,0.2599819
34414,0.106393225
34514,0.14273441
34614,0.16061671
34814,0.0768673
35014,0.43679994
35214,0.4529183
35314,0.4411147
35514,0.36119366
35614,0.44322595
35714,0.29091874
35914,0.42525038
36014,0.38443238
36114,0.43926466
36614,0.4376396
37214,0.44168207
37414,0.44118896
37514,0.44007826
37614,0.45077458
37714,0.4334159
38114,0.44124112
38214,0.43271187
38314,0.44090986
38414,0.4424912
38614,0.45816782
38814,0.4442913
39114,0.30109978
39214,0.2191182
39314,0.3285884
39414,0.20685232
39614,0.4407206
39714,0.20229165
39914,0.39347365
40014,0.157124
40214,0.45516813
40514,0.43402317
40614,0.30342233
41814,0.44144157
42014,0.3331248
42714,0.4420408
42914,0.32435113
43614,0.3960909
44214,0.4418355
44514,0.26887894
44714,0.44173986
44914,0.43721768
45214,0.25748527
45314,0.4400115
45514,0.43676955
45614,0.44227785
46114,0.44849333
46314,0.44393045
46514,0.32559386
46914,0.38725698
47014,0.2745495
47114,0.4416764
47214,0.4414933
47314,0.44188407
47614,0.45481566
47714,0.44393402
47814,0.44221058
47914,0.3189589
48214,0.43906578
48614,0.31389552
48714,0.11699224
49114,0.44965783
49214,0.44488078
49614,0.19268292
49714,0.19728622
49914,0.4367997
50114,0.30124152
50314,0.15933096
50414,0.1721687
50614,0.18982586
50814,0.14827563
50914,0.13556972
51014,0.22624144
51214,0.1290656
51614,0.4378053
51814,0.38484937
52014,0.17250729
52114,0.43893403
52514,0.32643864
52614,0.30143163
52714,0.45310313
53214,0.27524436
53314,0.44119737
53414,0.44011807
53614,0.45825067
53914,0.44422752
54114,0.445463
54214,0.44146875
54314,0.45057207
54414,0.43744084
54614,0.4369679
55014,0.44423246
55214,0.1888752
55414,0.30275506
55514,0.24788871
55614,0.23437093
56214,0.31020942
56514,0.44121683
56714,0.33104748
56814,0.15158904
57014,0.44223157
57114,0.3840215
57214,0.4104898
57314,0.30945712
57514,0.34333283
57914,0.44043884
58014,0.33611983
58214,0.32960477
58314,0.32237178
58514,0.33152425
58914,0.41305155
59114,0.43948725
59214,0.33591977
59514,0.27665812
59614,0.44111413
59814,0.43601263
59914,0.4319836
60414,0.2842012
60514,0.286783
60814,0.43294945
61114,0.419827
61314,0.4415218
61414,0.44251972
61714,0.4478247
62114,0.4220275
62414,0.4418877
62714,0.44365853
62814,0.43557057
63514,0.43762204
63614,0.44069624
63714,0.44114876
63814,0.43288836
63914,0.31035504
64314,0.43708432
64414,0.44349226
15,0.3836874
115,0.27542385
415,0.054899547
615,0.35143235
715,0.3734847
1015,0.22506629
1215,0.16296248
1715,0.14543542
2215,0.031111645
2715,0.009299331
2815,0.44163996
2915,0.5577478
3015,0.3524827
3115,0.38544208
3215,0.38620907
3315,0.62075245
3415,0.11727124
3715,0.03544454
4015,0.35331115
4115,0.048764143
4215,0.22315511
4415,0.4235801
4715,0.3532951
4815,0.601591
4915,0.32456145
5115,0.3540344
5215,0.3522481
5715,0.3851636
5915,0.6199321
6215,0.3526788
6315,0.36546355
6515,0.40328345
6615,0.3584921
6815,0.38570565
6915,0.007331867
7015,0.041915588
7215,0.024051111
7415,0.07424452
7515,0.57161057
7715,0.32006198
7915,0.0678309
8115,0.37244073
8215,0.3427632
8315,0.33389738
8415,0.43200392
8515,0.4278604
8615,0.28413033
8715,0.026459703
8915,0.36966315
9015,0.045325942
9215,0.38122547
9515,0.1747251
9815,0.37556517
9915,0.3042761
10115,0.085955225
10415,0.4068133
10515,0.37389258
10615,0.38097826
10715,0.3644519
10915,0.35246238
11215,0.36953402
11315,0.14081
11715,0.27135155
11915,0.50971985
12115,0.3972099
12415,0.5513975
12715,0.3526609
12915,0.3892599
13015,0.36047992
13415,0.36942893
13515,0.6233858
13615,0.4807084
13715,0.37524575
13915,0.3259807
14315,0.39838
14415,0.35514393
15415,0.3112462
15615,0.36256057
15715,0.37418672
15815,0.37380248
15915,0.24455072
16115,0.0980948
16215,0.36854544
16315,0.07513528
16415,0.337732
16515,0.0065729436
16615,0.18531017
17015,0.3752655
17115,0.09815605
17215,0.28722355
17315,0.03670903
17415,0.052341443
17615,0.0963918
17715,0.57987994
17915,0.03801216
18015,0.30982584
18115,0.016799701
18215,0.003820239
18415,0.013833053
18515,0.03395233
18715,0.013981705
18815,0.034151256
19115,0.33447653
19515,0.4248329
19615,0.023942789
19715,0.10582559
19815,0.036652822
20715,0.46881667
20815,0.35708794
20915,0.35579437
21115,0.35214683
21215,0.3274621
21415,0.35437456
21815,0.3526036
22015,0.49530146
22315,0.13590524
22415,0.3551033
22515,0.36904287
22615,0.36223957
22915,0.02588802
23015,0.0059800292
23215,0.117948435
23315,0.35341465
23615,0.256175
23715,0.030415932
23815,0.011078723
23915,0.37245545
24115,0.37980813
24215,0.35128704
24415,0.040770248
24515,0.014579475
24615,0.0036851452
24715,0.26062652
25315,0.004366982
25415,0.085899904
25815,0.0721536
26015,0.3702871
26115,0.37084424
26215,0.45731735
26315,0.5324931
26415,0.36342758
26615,0.358378
26715,0.35276642
26815,0.15715994
26915,0.3747179
27015,0.362155
27315,0.5205979
27415,0.37811482
27515,0.24423558
27915,0.050508816
28015,0.038891315
28115,0.35964945
28315,0.35264665
28415,0.3713863
29015,0.3524524
29115,0.3539184
29315,0.35649115
29615,0.28791702
29715,0.353509
29815,0.3851354
29915,0.5440279
30015,0.3545664
30115,0.24954417
30315,0.49443772
30415,0.48002484
30715,0.35170326
30815,0.378409
31115,0.28138784
31215,0.40691814
31615,0.131388
31715,0.37330088
31815,0.3522145
31915,0.3764763
32015,0.4705823
32115,0.42859626
32815,0.39485893
33015,0.18415329
33115,0.36433166
33515,0.35232925
33715,0.072738595
33815,0.23083194
33915,0.0011597842
34015,0.0044280123
34215,0.012733984
34315,0.046512205
34415,0.0040241657
34515,0.010447164
34615,0.016453123
34815,0.0014641824
35015,0.4666394
35215,0.5230394
35315,0.35343707
35515,0.37912658
35615,0.4163454
35715,0.0652257
35915,0.33351064
36015,0.28425425
36115,0.45047063
36615,0.35447595
37215,0.66264856
37415,0.35357624
37515,0.3541692
37615,0.5080116
37715,0.37409523
38115,0.4811802
38215,0.38988525
38315,0.3537478
38415,0.3674501
38615,0.5725879
38815,0.6164534
39115,0.07808269
39215,0.03663272
39315,0.1939721
39415,0.03282472
39615,0.3535034
39715,0.0060042334
39915,0.41066143
40015,0.0151256
40215,0.54493755
40515,0.34064022
40615,0.08549646
41815,0.35785717
42015,0.3592168
42715,0.35163364
42915,0.21209022
43615,0.30298743
44215,0.35160562
44515,0.05219638
44715,0.35205606
44915,0.46774125
45215,0.048517928
45315,0.35413766
45515,0.35404027
45615,0.35813504
46115,0.49393138
46315,0.3798788
46515,0.17498206
46915,0.41349924
47015,0.054170117
47115,0.3538535
47215,0.35207647
47315,0.35171697
47615,0.5415344
47715,0.4238867
47815,0.43331507
47915,0.12994106
48215,0.34526685
48615,0.11723126
48715,0.00390761
49115,0.49904633
49215,0.3863328
49615,0.02787919
49715,0.029784761
49915,0.47397128
50115,0.09398312
50315,0.015949877
50415,0.020989548
50615,0.027052509
50815,0.012132677
50915,0.008652037
51015,0.038556304
51215,0.0072240527
51615,0.35216063
51815,0.28333348
52015,0.021083398
52115,0.34505606
52515,0.17759778
52615,0.07819299
52715,0.39485145
53215,0.054404132
53315,0.35243082
53415,0.3624472
53615,0.5734964
53915,0.38538274
54115,0.38630453
54215,0.35209772
54315,0.5057694
54415,0.3742599
54615,0.39361578
55015,0.60426205
55215,0.026726285
55415,0.08682548
55515,0.036410596
55615,0.039878275
56215,0.1032145
56515,0.35328212
56715,0.28036225
56815,0.013034396
57015,0.4899604
57115,0.39508337
57215,0.3442514
57315,0.10253158
57515,0.31820083
57915,0.3562978
58015,0.23196721
58215,0.20209108
58315,0.14851578
58515,0.24709482
58915,0.3684421
59115,0.3532085
59215,0.22248459
59515,0.05499995
59615,0.35359642
59815,0.39455685
59915,0.37142736
60415,0.05870092
60515,0.06190948
60815,0.3748888
61115,0.39941835
61315,0.3539211
61415,0.41892534
61715,0.62931603
62115,0.35042575
62415,0.3526295
62715,0.38615707
62815,0.39391935
63515,0.35343283
63615,0.35208994
63715,0.3519158
63815,0.3738077
63915,0.15669574
64315,0.4695111
64415,0.38628843
16,0.6483813
116,0.24992955
416,0.12726744
616,0.51959974
716,0.64302564
1016,0.24078576
1216,0.18793419
1716,0.17775641
2216,0.074824885
2716,0.025635766
2816,0.6412276
2916,0.6148886
3016,0.52131975
3116,0.6070894
3216,0.59717035
3316,0.62892556
3416,0.18004297
3716,0.085284844
4016,0.5218929
4116,0.11496703
4216,0.3221241
4416,0.64865583
4716,0.51689833
4816,0.6078882
4916,0.5150995
5116,0.52439415
5216,0.5186518
5716,0.61154145
5916,0.62817144
6216,0.51678187
6316,0.54971737
6516,0.66441077
6616,0.5303193
6816,0.6086774
6916,0.020880401
7016,0.09854774
7216,0.059168607
7416,0.14662369
7516,0.6119256
7716,0.33047372
7916,0.1392783
8116,0.5677215
8216,0.5403926
8316,0.52262783
8416,0.63778657
8516,0.6089952
8616,0.40604535
8716,0.063712694
8916,0.6444925
9016,0.1076371
9216,0.5849217
9516,0.23379184
9816,0.4624088
9916,0.39873347
10116,0.16071984
10416,0.66259533
10516,0.64897394
10616,0.5862551
10716,0.5196495
10916,0.51857215
11216,0.56169224
11316,0.22276372
11716,0.45178968
11916,0.624093
12116,0.5513588
12416,0.6110779
12716,0.51763237
12916,0.66594493
13016,0.51733404
13416,0.65782136
13516,0.6308731
13616,0.62700164
13716,0.6414782
13916,0.51551145
14316,0.66642
14416,0.5200941
15416,0.50666976
15616,0.53937674
15716,0.6480366
15816,0.5793314
15916,0.25425473
16116,0.17349918
16216,0.5567171
16316,0.13357407
16416,0.35126808
16516,0.018606057
16616,0.27029985
17016,0.635158
17116,0.1356767
17216,0.267148
17316,0.08807392
17416,0.098734595
17616,0.17185484
17716,0.604446
17916,0.085176915
18016,0.3154718
18116,0.043194477
18216,0.011801101
18416,0.03632197
18516,0.081328675
18716,0.036664944
18816,0.08086902
19116,0.38220474
19516,0.6288732
19616,0.058908373
19716,0.17237025
19816,0.08813316
20716,0.6309049
20816,0.5252435
20916,0.5290255
21116,0.51797813
21216,0.52436495
21416,0.5179808
21816,0.51863134
22016,0.6266432
22316,0.21605995
22416,0.523501
22516,0.5575519
22616,0.54088193
22916,0.06316307
23016,0.017438186
23216,0.19714889
23316,0.52052337
23616,0.4176188
23716,0.07335727
23816,0.02827913
23916,0.65900606
24116,0.58249444
24216,0.52132875
24416,0.09771473
24516,0.038069908
24616,0.011309821
24716,0.409605
25316,0.013210002
25416,0.16073252
25816,0.14330904
26016,0.57352513
26116,0.6208239
26216,0.6358229
26316,0.6159684
26416,0.51942724
26616,0.5312096
26716,0.5181194
26816,0.24298345
26916,0.57715315
27016,0.5571364
27316,0.6205621
27416,0.6622513
27516,0.37870976
27916,0.11892292
28016,0.093349434
28116,0.53351474
28316,0.51808196
28416,0.66006786
29016,0.51951355
29116,0.5215877
29316,0.52694124
29616,0.48209694
29716,0.5193021
29816,0.61085266
29916,0.61289835
30016,0.52713805
30116,0.39578965
30316,0.6268296
30416,0.627104
30716,0.5198193
30816,0.64729017
31116,0.47211277
31216,0.66251576
31616,0.20990169
31716,0.6526674
31816,0.52075094
31916,0.62975603
32016,0.63024926
32116,0.5792599
32816,0.66622657
33016,0.2057955
33116,0.4616627
33516,0.5222826
33716,0.1264602
33816,0.2256253
33916,0.004445437
34016,0.013382041
34216,0.033755057
34316,0.096363805
34416,0.012304764
34516,0.028341347
34616,0.042406786
34816,0.0053927014
35016,0.63143045
35216,0.62010646
35316,0.5182415
35516,0.475348
35616,0.6549851
35716,0.13601811
35916,0.52685827
36016,0.47654623
36116,0.6382417
36616,0.5250425
37216,0.66122735
37416,0.5181673
37516,0.51951724
37616,0.62512004
37716,0.66021925
38116,0.6270486
38216,0.6657031
38316,0.52216166
38416,0.555093
38616,0.6059595
38816,0.6244102
39116,0.15067728
39216,0.08798983
39316,0.28407025
39416,0.078816995
39616,0.51919067
39716,0.010042295
39916,0.58824337
40016,0.03934119
40216,0.61782086
40516,0.52925414
40616,0.14800559
41816,0.5299386
42016,0.39372313
42716,0.51846975
42916,0.22424185
43616,0.49947333
44216,0.52011836
44516,0.12273405
44716,0.518948
44916,0.6310578
45216,0.11465784
45316,0.5201005
45516,0.52714056
45616,0.5305993
46116,0.6271429
46316,0.62121683
46516,0.2662296
46916,0.5722505
47016,0.12630881
47116,0.5196896
47216,0.5197677
47316,0.51847184
47616,0.6132389
47716,0.65200394
47816,0.6465409
47916,0.20763318
48216,0.520622
48616,0.19548944
48716,0.011432264
49116,0.6262866
49216,0.603915
49616,0.06745815
49716,0.071898475
49916,0.62907976
50116,0.13917255
50316,0.041247163
50416,0.052521065
50616,0.06565673
50816,0.03232789
50916,0.02408508
51016,0.09253539
51216,0.020578772
51616,0.51927763
51816,0.47799945
52016,0.052740563
52116,0.52111226
52516,0.2689436
52616,0.14206178
52716,0.6064573
53216,0.12663116
53316,0.5179269
53416,0.51592165
53616,0.6056674
53916,0.5915011
54116,0.6052254
54216,0.518881
54316,0.6251289
54416,0.63968724
54616,0.4867933
55016,0.60982144
55216,0.06496473
55416,0.16162665
55516,0.07139985
55616,0.09489858
56216,0.17928784
56516,0.524481
56716,0.4052272
56816,0.034411818
57016,0.6294498
57116,0.5856026
57216,0.545763
57316,0.17791027
57516,0.30873898
57916,0.5288859
58016,0.33632487
58216,0.2899864
58316,0.17866988
58516,0.27529186
58916,0.6385874
59116,0.522205
59216,0.31937838
59516,0.1273815
59616,0.519535
59816,0.66616106
59916,0.65904385
60416,0.12930709
60516,0.13366196
60816,0.6607702
61116,0.6395314
61316,0.52234757
61416,0.6530079
61716,0.6343486
62116,0.54621536
62416,0.5177009
62716,0.5996987
62816,0.6660285
63516,0.5252315
63616,0.5203935
63716,0.51927036
63816,0.6512821
63916,0.21967652
64316,0.63061124
64416,0.6053731
17,0.48973376
117,0.34813976
417,0.070527144
617,0.39890495
717,0.45902032
1017,0.28551272
1217,0.21703984
1717,0.19184205
2217,0.02959338
2717,0.0056839436
2817,0.52458006
2917,0.55972636
3017,0.4001395
3117,0.4417362
3217,0.43800268
3317,0.5627907
3417,0.16841759
3717,0.03592773
4017,0.40018606
4117,0.05787079
4217,0.27485552
4417,0.51439375
4717,0.40006563
4817,0.5613649
4917,0.38131452
5117,0.4004285
5217,0.39999226
5717,0.44333234
5917,0.5635938
6217,0.3997576
6317,0.41142657
6517,0.5135663
6617,0.4036928
6817,0.44025162
6917,0.004228391
7017,0.045940492
7217,0.020708261
7417,0.105352305
7517,0.5564847
7717,0.34113353
7917,0.094094
8117,0.41958585
8217,0.390172
8317,0.384559
8417,0.5112806
8517,0.50670516
8617,0.34098697
8717,0.023679867
8917,0.45715833
9017,0.051697664
9217,0.42988336
9517,0.23020487
9817,0.38704452
9917,0.34268028
10117,0.12632084
10417,0.5140948
10517,0.4686467
10617,0.42133585
10717,0.41101897
10917,0.39979392
11217,0.41633755
11317,0.20399539
11717,0.360946
11917,0.5573774
12117,0.40603185
12417,0.5632492
12717,0.39972106
12917,0.5111582
13017,0.40597558
13417,0.48285773
13517,0.5630943
13617,0.5408073
13717,0.4563395
13917,0.3821382
14317,0.51405233
14417,0.4009938
15417,0.37614918
15617,0.40701252
15717,0.46640798
15817,0.41857722
15917,0.2937449
16117,0.1435918
16217,0.41507092
16317,0.097809695
16417,0.39027855
16517,0.0036404394
16617,0.24381247
17017,0.45343065
17117,0.11961681
17217,0.3680385
17317,0.03793318
17417,0.056642577
17617,0.14121932
17717,0.5631653
17917,0.03886809
18017,0.39554507
18117,0.012692174
18217,0.0018959561
18417,0.009709368
18517,0.033727553
18717,0.009852814
18817,0.033968657
19117,0.41190478
19517,0.5033096
19617,0.020568684
19717,0.15221821
19817,0.037797544
20717,0.53459704
20817,0.40222368
20917,0.4018995
21117,0.3996625
21217,0.38395163
21417,0.40051407
21817,0.40016502
22017,0.55370367
22317,0.19804789
22417,0.4013363
22517,0.41592586
22617,0.40732703
22917,0.02297143
23017,0.0032839393
23217,0.17431967
23317,0.4006691
23617,0.3416671
23717,0.028609224
23817,0.006917201
23917,0.49035937
24117,0.42841667
24217,0.39903748
24417,0.044239245
24517,0.010436822
24617,0.0018028716
24717,0.33825254
25317,0.0022218223
25417,0.12625913
25817,0.10142211
26017,0.41598013
26117,0.45077527
26217,0.529755
26317,0.5610311
26417,0.40920407
26617,0.4043452
26717,0.399269
26817,0.21986258
26917,0.41556296
27017,0.4079962
27317,0.559402
27417,0.49971056
27517,0.31485385
27917,0.061185483
28017,0.041260764
28117,0.40461144
28317,0.40024415
28417,0.4851114
29017,0.4000493
29117,0.4010146
29317,0.40281817
29617,0.36916652
29717,0.3993548
29817,0.44322622
29917,0.56249213
30017,0.40148067
30117,0.33002162
30317,0.55336463
30417,0.5404779
30717,0.3995657
30817,0.48453563
31117,0.36672875
31217,0.51411784
31617,0.19158857
31717,0.47348568
31817,0.3988485
31917,0.4505295
32017,0.53559864
32117,0.5105201
32817,0.5139904
33017,0.24674074
33117,0.44476888
33517,0.40028128
33717,0.088758044
33817,0.287335
33917,0.00047862474
34017,0.002261322
34217,0.008675213
34317,0.050739896
34417,0.002011912
34517,0.0066427905
34617,0.012333368
34817,0.00062909746
35017,0.53297335
35217,0.5595523
35317,0.40028206
35517,0.4169093
35617,0.51405
35717,0.089005336
35917,0.38538498
36017,0.36813298
36117,0.5279716
36617,0.39967477
37217,0.55008036
37417,0.4012983
37517,0.4018036
37617,0.5566774
37717,0.49288982
38117,0.5412937
38217,0.5112693
38317,0.40048414
38417,0.41418523
38617,0.56264764
38817,0.56400967
39117,0.11203249
39217,0.0377429
39317,0.25371578
39417,0.031948086
39617,0.40103555
39717,0.0023062332
39917,0.47209537
40017,0.01097942
40217,0.56100625
40517,0.38943163
40617,0.12038396
41817,0.40307933
42017,0.38801402
42717,0.39954692
42917,0.28150633
43617,0.37415463
44217,0.39950073
44517,0.06482927
44717,0.39974546
44917,0.53405595
45217,0.05738427
45317,0.4018071
45517,0.40076274
45617,0.40403605
46117,0.55287033
46317,0.4453024
46517,0.2347651
46917,0.467904
47017,0.069038585
47117,0.40085888
47217,0.39976335
47317,0.3999588
47617,0.56200165
47717,0.5178069
47817,0.5220816
47917,0.18858854
48217,0.3937374
48617,0.17250966
48717,0.0019003268
49117,0.5550389
49217,0.4410576
49617,0.025464954
49717,0.027813163
49917,0.53767794
50117,0.11729596
50317,0.011816493
50417,0.01715867
50617,0.024421494
50817,0.008126067
50917,0.005197729
51017,0.040761273
51217,0.004149281
51617,0.3989338
51817,0.3676845
52017,0.017265797
52117,0.39407334
52517,0.23739326
52617,0.10867172
52717,0.4431589
53217,0.06951124
53317,0.39949676
53417,0.41053993
53617,0.5626981
53917,0.4355788
54117,0.44111213
54217,0.39979023
54317,0.55659366
54417,0.45634386
54617,0.46261847
55017,0.56148165
55217,0.024014471
55417,0.12747727
55517,0.03324833
55617,0.042910207
56217,0.1516106
56517,0.40044966
56717,0.33955553
56817,0.008945216
57017,0.5516996
57117,0.44777772
57217,0.39664292
57317,0.14983734
57517,0.37960747
57917,0.4018426
58017,0.2840441
58217,0.25903383
58317,0.19474496
58517,0.2886359
58917,0.45806444
59117,0.399182
59217,0.27363506
59517,0.070708714
59617,0.40100485
59817,0.5138765
59917,0.4877335
60417,0.07699446
60517,0.0830928
60817,0.49384117
61117,0.4932409
61317,0.4001631
61417,0.51448935
61717,0.56329286
62117,0.40067166
62417,0.4011895
62717,0.43837342
62817,0.5135302
63517,0.3994922
63617,0.39933684
63717,0.40076023
63817,0.47124735
63917,0.21319604
64317,0.5349825
64417,0.44034162
18,0.3726825
118,0.23317161
418,0.17070644
618,0.33962855
718,0.3797019
1018,0.2437258
1218,0.2272125
1718,0.22284816
2218,0.11708619
2718,0.049505
2818,0.4081485
2918,0.4354236
3018,0.34047744
3118,0.36897808
3218,0.360154
3318,0.48197234
3418,0.21704409
3718,0.12727952
4018,0.33927003
4118,0.157942
4218,0.24032308
4418,0.40358087
4718,0.3457021
4818,0.4722337
4918,0.30652964
5118,0.3421312
5218,0.34058505
5718,0.37496376
5918,0.48272607
6218,0.33933923
6318,0.34323457
6518,0.4019118
6618,0.3396113
6818,0.37111178
6918,0.040845588
7018,0.14187726
7218,0.09754274
7418,0.19691259
7518,0.43765658
7718,0.2516669
7918,0.1896998
8118,0.34617358
8218,0.31572828
8318,0.3116932
8418,0.39820984
8518,0.38405144
8618,0.24205051
8718,0.10417749
8918,0.36349744
9018,0.15013158
9218,0.35196936
9518,0.23129858
9818,0.2827738
9918,0.24822703
10118,0.20789595
10418,0.40417007
10518,0.3779518
10618,0.35988167
10718,0.35640162
10918,0.34158686
11218,0.34382278
11318,0.23648916
11718,0.2562728
11918,0.41875884
12118,0.32340893
12418,0.439283
12718,0.3413667
12918,0.39034352
13018,0.35206437
13418,0.37537673
13518,0.48367202
13618,0.4172014
13718,0.3809798
13918,0.30841082
14318,0.39690685
14418,0.3407766
15418,0.2939115
15618,0.34181112
15718,0.37741736
15818,0.34531006
15918,0.24507281
16118,0.2151714
16218,0.34379137
16318,0.1888235
16418,0.27087802
16518,0.03728862
16618,0.24981193
17018,0.38454816
17118,0.19042906
17218,0.23965225
17318,0.1305007
17418,0.14817241
17618,0.21413967
17718,0.4587984
17918,0.1319557
18018,0.2542183
18118,0.07676982
18218,0.024380896
18418,0.06672846
18518,0.12410664
18718,0.06723153
18818,0.124427274
19118,0.28042862
19518,0.3905795
19618,0.09723687
19718,0.21480015
19818,0.13027118
20718,0.41219294
20818,0.34622106
20918,0.34065327
21118,0.3418011
21218,0.30433947
21418,0.34046835
21818,0.34010047
22018,0.42155445
22318,0.23409325
22418,0.33972096
22518,0.34545374
22618,0.34194103
22918,0.10288286
23018,0.0346986
23218,0.22459763
23318,0.34067002
23618,0.24424239
23718,0.11523544
23818,0.05571571
23918,0.37813118
24118,0.35066468
24218,0.34041333
24418,0.13994958
24518,0.06930143
24618,0.023633258
24718,0.2405189
25318,0.027054679
25418,0.2077517
25818,0.19455034
26018,0.33880502
26118,0.35138875
26218,0.410495
26318,0.42511722
26418,0.355104
26618,0.34175447
26718,0.341533
26818,0.23976159
26918,0.35067382
27018,0.33368704
27318,0.4195199
27418,0.38120285
27518,0.23587148
27918,0.16182949
28018,0.13563734
28118,0.3406425
28318,0.3425036
28418,0.37673166
29018,0.33972606
29118,0.3401974
29318,0.34184927
29618,0.2786489
29718,0.3408069
29818,0.37415683
29918,0.43340144
30018,0.33985737
30118,0.23602027
30318,0.4214
30418,0.4167932
30718,0.33953997
30818,0.36718497
31118,0.26990202
31218,0.40418014
31618,0.23202465
31718,0.37568164
31818,0.3384868
31918,0.38803938
32018,0.4126432
32118,0.37412766
32818,0.39486527
33018,0.23427033
33118,0.30689573
33518,0.3398429
33718,0.17729041
33818,0.23159514
33918,0.009558586
34018,0.027341796
34218,0.06282571
34318,0.14572
34418,0.025385438
34518,0.054250997
34618,0.075631425
34818,0.011519674
35018,0.4107376
35218,0.41961804
35318,0.3442868
35518,0.31134662
35618,0.40638307
35718,0.18611032
35918,0.3098878
36018,0.2758305
36118,0.40996274
36618,0.34068596
37218,0.45492765
37418,0.34438622
37518,0.34150934
37618,0.41796437
37718,0.37933356
38118,0.41732147
38218,0.39083555
38318,0.33980057
38418,0.3429803
38618,0.45471007
38818,0.48159584
39118,0.20135279
39218,0.13013905
39318,0.25014517
39418,0.121293485
39618,0.34195843
39718,0.021832671
39918,0.36885464
40018,0.07116213
40218,0.42622125
40518,0.31597424
40618,0.20526049
41818,0.33999085
42018,0.27553618
42718,0.34115958
42918,0.23525721
43618,0.2852149
44218,0.33939737
44518,0.16552997
44718,0.34039417
44918,0.41174728
45218,0.15734312
45318,0.3416266
45518,0.33892906
45618,0.34112123
46118,0.42115065
46318,0.38887376
46518,0.24623953
46918,0.36050814
47018,0.17022274
47118,0.34229493
47218,0.33961344
47318,0.33980682
47618,0.4311853
47718,0.40812644
47818,0.40853825
47918,0.23091176
48218,0.32939842
48618,0.22446588
48718,0.02470845
49118,0.4214598
49218,0.36573684
49618,0.10839011
49718,0.113516144
49918,0.413658
50118,0.19270627
50318,0.073947854
50418,0.08923647
50618,0.10618414
50818,0.060675543
50918,0.046718042
51018,0.1349315
51218,0.040390197
51618,0.33935833
51818,0.27374986
52018,0.089484185
52118,0.32962048
52518,0.24712157
52618,0.19914584
52718,0.37635928
53218,0.1707141
53318,0.34002537
53418,0.3520687
53618,0.45541248
53918,0.35591567
54118,0.3669616
54218,0.33928466
54318,0.42005116
54418,0.3819289
54618,0.31579334
55018,0.47469848
55218,0.1052902
55418,0.20784742
55518,0.11868318
55618,0.13794918
56218,0.21899183
56518,0.33943692
56718,0.24056076
56818,0.06390223
57018,0.38641614
57118,0.35516852
57218,0.31186604
57318,0.21729563
57518,0.25224575
57918,0.33838928
58018,0.23851925
58218,0.24791884
58318,0.2245789
58518,0.24804513
58918,0.35580164
59118,0.33757016
59218,0.24084748
59518,0.17212887
59618,0.34219083
59818,0.39466554
59918,0.37708607
60418,0.17738706
60518,0.18288517
60818,0.37951085
61118,0.38477394
61318,0.33991963
61418,0.40559137
61718,0.4862768
62118,0.33713564
62418,0.34177956
62718,0.36126062
62818,0.39418992
63518,0.3390938
63618,0.3374828
63718,0.33950305
63818,0.376509
63918,0.2273552
64318,0.41235122
64418,0.36665797
