Id,Probability
0,0.5404976
100,0.4681744
400,0.00230406
600,0.35285774
700,0.31970096
1000,0.394863
1200,0.06781124
1700,0.5197194
2200,0.11942966
2700,0.0016927288
2800,0.21966606
2900,0.32876444
3000,0.3423056
3100,0.2659792
3200,0.1885511
3300,0.15893838
3400,0.13343737
3700,0.014815165
4000,0.42738262
4100,0.00069061905
4200,0.43363184
4400,0.31977594
4700,0.45620206
4800,0.2579404
4900,0.42027178
5100,0.36492577
5200,0.47735426
5700,0.26966164
5900,0.3718457
6200,0.329342
6300,0.3090714
6500,0.26023555
6600,0.3804291
6800,0.21647215
6900,0.027687887
7000,0.04377388
7200,0.02474266
7400,0.24322407
7500,0.21771424
7700,0.20143521
7900,0.08187629
8100,0.33815145
8200,0.2200052
8300,0.35892913
8400,0.45292792
8500,0.39579162
8600,0.39664528
8700,0.3712869
8900,0.43418825
9000,0.08442116
9200,0.27369958
9500,0.2553761
9800,0.42058632
9900,0.24572054
10100,0.17936984
10400,0.4130242
10500,0.33279777
10600,0.3232563
10700,0.32332805
10900,0.45956868
11200,0.27885637
11300,0.04868828
11700,0.049969345
11900,0.29041338
12100,0.34396866
12400,0.34570935
12700,0.38667038
12900,0.2341042
13000,0.5307219
13400,0.31881988
13500,0.43181884
13600,0.38495025
13700,0.35171586
13900,0.589823
14300,0.2634452
14400,0.2919802
15400,0.22020623
15600,0.36402565
15700,0.38194144
15800,0.3154253
15900,0.18880332
16100,0.25914347
16200,0.29179946
16300,0.36384457
16400,0.5201925
16500,0.020494033
16600,0.27713072
17000,0.31470314
17100,0.4214273
17200,0.47528747
17300,0.25469553
17400,0.18966977
17600,0.35289818
17700,0.3044594
17900,0.47292256
18000,0.5395658
18100,0.0041939276
18200,0.0023556983
18400,0.007409952
18500,0.1491825
18700,0.00231655
18800,0.30859998
19100,0.18330495
19500,0.34635493
19600,0.010185039
19700,0.09824922
19800,0.008451165
20700,0.2994757
20800,0.43896502
20900,0.22915806
21100,0.4212665
21200,0.27603397
21400,0.31938702
21800,0.39347902
22000,0.4478482
22300,0.29058656
22400,0.36952937
22500,0.27196577
22600,0.35292673
22900,0.020013163
23000,0.024516923
23200,0.29421172
23300,0.41543213
23600,0.27934644
23700,0.36871713
23800,0.100842565
23900,0.3015646
24100,0.35097167
24200,0.23527242
24400,0.06753007
24500,0.06311345
24600,0.041677058
24700,0.23623703
25300,0.10166081
25400,0.43285245
25800,0.118422605
26000,0.23688789
26100,0.17161763
26200,0.39132398
26300,0.33152917
26400,0.5630985
26600,0.38513878
26700,0.37865683
26800,0.059145574
26900,0.22692847
27000,0.2997717
27300,0.29896498
27400,0.20091803
27500,0.08063132
27900,0.062463634
28000,0.12375376
28100,0.22835144
28300,0.45744643
28400,0.2677351
29000,0.37624523
29100,0.36109525
29300,0.35327286
29600,0.32623887
29700,0.28420648
29800,0.31643346
29900,0.27013463
30000,0.31739387
30100,0.21838908
30300,0.25572985
30400,0.35807696
30700,0.29541147
30800,0.3431875
31100,0.3083026
31200,0.33799905
31600,0.26779693
31700,0.22489548
31800,0.4276175
31900,0.23393032
32000,0.27952266
32100,0.61697745
32800,0.32796532
33000,0.49486303
33100,0.52196145
33500,0.33566815
33700,0.45559263
33800,0.485433
33900,0.0019469532
34000,0.010555729
34200,0.0059098382
34300,0.08582581
34400,0.0037783915
34500,0.007456729
34600,0.12040967
34800,0.0010888382
35000,0.24381557
35200,0.17667824
35300,0.46360746
35500,0.29100236
35600,0.3049714
35700,0.0955193
35900,0.28067315
36000,0.28491905
36100,0.267999
36600,0.17265894
37200,0.31883985
37400,0.47023523
37500,0.38858613
37600,0.24056098
37700,0.28502017
38100,0.21001308
38200,0.28122187
38300,0.39959484
38400,0.3413956
38600,0.22833033
38800,0.34329864
39100,0.08829036
39200,0.0159746
39300,0.039070986
39400,0.079314016
39600,0.51813954
39700,0.049704645
39900,0.34428963
40000,0.17698143
40200,0.21933258
40500,0.32441068
40600,0.43570668
41800,0.25626454
42000,0.30788442
42700,0.37977904
42900,0.27450877
43600,0.2271791
44200,0.3195594
44500,0.23694609
44700,0.33522674
44900,0.19357574
45200,0.36673403
45300,0.39112517
45500,0.32689175
45600,0.36712882
46100,0.25951165
46300,0.3332118
46500,0.1978672
46900,0.44759536
47000,0.08719254
47100,0.32644635
47200,0.38357815
47300,0.330148
47600,0.45200947
47700,0.2581672
47800,0.28844312
47900,0.20936546
48200,0.33820462
48600,0.44643277
48700,0.030515818
49100,0.39962682
49200,0.19876982
49600,0.3283327
49700,0.044986736
49900,0.2848686
50100,0.509321
50300,0.0072125606
50400,0.007345511
50600,0.022969035
50800,0.0034057456
50900,0.016270408
51000,0.15100002
51200,0.005522569
51600,0.08698478
51800,0.2210289
52000,0.023760123
52100,0.30491713
52500,0.40678984
52600,0.206094
52700,0.37825507
53200,0.25534052
53300,0.40961528
53400,0.22904243
53600,0.2242392
53900,0.3176413
54100,0.31442258
54200,0.32755926
54300,0.25329173
54400,0.26793924
54600,0.121342994
55000,0.203691
55200,0.047825973
55400,0.030214814
55500,0.11400162
55600,0.15052566
56200,0.3995355
56500,0.35326388
56700,0.38835534
56800,0.19356377
57000,0.17869581
57100,0.31692734
57200,0.3973666
57300,0.057722483
57500,0.33074206
57900,0.44152802
58000,0.27867714
58200,0.36568466
58300,0.11609046
58500,0.36930856
58900,0.28047633
59100,0.24462685
59200,0.2279975
59500,0.028547404
59600,0.39414552
59800,0.21316676
59900,0.16849528
60400,0.12956698
60500,0.18220806
60800,0.36611125
61100,0.44842365
61300,0.29484102
61400,0.172165
61700,0.4320504
62100,0.257006
62400,0.45000753
62700,0.27815098
62800,0.31772053
63500,0.25768828
63600,0.33047512
63700,0.32442722
63800,0.26373604
63900,0.22506085
64300,0.29549193
64400,0.21722707
1,0.029154278
101,0.033888724
401,0.94112086
601,0.13489157
701,0.070154876
1001,0.07657257
1201,0.3887653
1701,0.10263693
2201,0.3148928
2701,0.98720425
2801,0.06439127
2901,0.088631675
3001,0.10356066
3101,0.13104583
3201,0.22592631
3301,0.08913716
3401,0.19234589
3701,0.8403243
4001,0.14591235
4101,0.9999503
4201,0.13437846
4401,0.11235593
4701,0.16500714
4801,0.043191444
4901,0.115470275
5101,0.1950836
5201,0.14479145
5701,0.080607995
5901,0.03357423
6201,0.14086038
6301,0.10326729
6501,0.060746647
6601,0.09974526
6801,0.0776188
6901,0.81288064
7001,0.6130889
7201,0.85475135
7401,0.09274411
7501,0.15901059
7701,0.21017508
7901,0.6506145
8101,0.16782807
8201,0.2099149
8301,0.17235656
8401,0.058829498
8501,0.076063275
8601,0.15259242
8701,0.14404564
8901,0.10823476
9001,0.50990623
9201,0.174299
9501,0.09840592
9801,0.1205023
9901,0.1787474
10101,0.20134342
10401,0.050904587
10501,0.11618719
10601,0.089648716
10701,0.09516153
10901,0.14290598
11201,0.19726755
11301,0.6730087
11701,0.69415855
11901,0.053125806
12101,0.06710801
12401,0.04515264
12701,0.16239779
12901,0.075313
13001,0.120215565
13401,0.06861422
13501,0.055946294
13601,0.0445909
13701,0.081537925
13901,0.13453153
14301,0.08222538
14401,0.15079534
15401,0.08285897
15601,0.10375089
15701,0.06775716
15801,0.18212226
15901,0.25628653
16101,0.21127194
16201,0.10325766
16301,0.048685644
16401,0.027912267
16501,0.60108393
16601,0.12648635
17001,0.094113156
17101,0.092736125
17201,0.072263986
17301,0.23641138
17401,0.22150442
17601,0.17230844
17701,0.050121017
17901,0.12671325
18001,0.07219502
18101,0.95508325
18201,0.98017246
18401,0.9556204
18501,0.32042453
18701,0.9663661
18801,0.22223777
19101,0.049141355
19501,0.06799054
19601,0.8749433
19701,0.31824687
19801,0.92130345
20701,0.086677566
20801,0.20122969
20901,0.097944334
21101,0.12506056
21201,0.095690995
21401,0.13792008
21801,0.12329605
22001,0.047706857
22301,0.1357655
22401,0.1103718
22501,0.086865075
22601,0.08932164
22901,0.9303806
23001,0.95676345
23201,0.135472
23301,0.19091535
23601,0.22038352
23701,0.25858873
23801,0.6099984
23901,0.07080329
24101,0.15132658
24201,0.3095409
24401,0.73591536
24501,0.5553299
24601,0.88293916
24701,0.24345563
25301,0.24622795
25401,0.11755277
25801,0.25551826
26001,0.077986784
26101,0.2555324
26201,0.060791854
26301,0.061730847
26401,0.060657404
26601,0.07931656
26701,0.17212462
26801,0.5004122
26901,0.18060331
27001,0.1431104
27301,0.041632585
27401,0.13526626
27501,0.60827273
27901,0.57764703
28001,0.64817774
28101,0.12799162
28301,0.15170476
28401,0.06633731
29001,0.09651857
29101,0.11922664
29301,0.07947842
29601,0.11445726
29701,0.11794841
29801,0.08011084
29901,0.03752421
30001,0.13485007
30101,0.13185616
30301,0.05594464
30401,0.054098926
30701,0.13535185
30801,0.0952061
31101,0.16230279
31201,0.055484492
31601,0.20829834
31701,0.089978375
31801,0.120901726
31901,0.08260322
32001,0.05110006
32101,0.043598868
32801,0.07279094
33001,0.088499025
33101,0.07387395
33501,0.12770851
33701,0.126275
33801,0.10555659
33901,0.9873364
34001,0.8914098
34201,0.9684042
34301,0.42144236
34401,0.9713653
34501,0.9329505
34601,0.45644435
34801,0.9929441
35001,0.116842814
35201,0.15863489
35301,0.24941382
35501,0.087778874
35601,0.07378832
35701,0.26382625
35901,0.21524622
36001,0.17205037
36101,0.06388306
36601,0.15201004
37201,0.12211561
37401,0.13902572
37501,0.12615184
37601,0.17629945
37701,0.07416905
38101,0.054793138
38201,0.055896334
38301,0.06932459
38401,0.07571765
38601,0.04056874
38801,0.047364343
39101,0.5145709
39201,0.9273189
39301,0.78387636
39401,0.55741054
39601,0.14312837
39701,0.8537202
39901,0.078749076
40001,0.31034353
40201,0.13026226
40501,0.12417145
40601,0.15647699
41801,0.19801691
42001,0.19385037
42701,0.22912045
42901,0.09670479
43601,0.073354065
44201,0.16258048
44501,0.32176307
44701,0.20106672
44901,0.06840995
45201,0.110309325
45301,0.06962081
45501,0.0717279
45601,0.088065356
46101,0.046159048
46301,0.08478678
46501,0.18033162
46901,0.11208764
47001,0.527596
47101,0.1349895
47201,0.12709408
47301,0.10642569
47601,0.08034971
47701,0.05888924
47801,0.06290391
47901,0.24930418
48201,0.21009585
48601,0.100682005
48701,0.64017254
49101,0.035486877
49201,0.10195169
49601,0.0968939
49701,0.78599405
49901,0.053695194
50101,0.08974043
50301,0.96524036
50401,0.92859733
50601,0.93506104
50801,0.98345494
50901,0.74868524
51001,0.4542152
51201,0.9787546
51601,0.5024667
51801,0.26407236
52001,0.71559507
52101,0.23850875
52501,0.13662395
52601,0.28690323
52701,0.312986
53201,0.085412525
53301,0.20319025
53401,0.22712253
53601,0.048689574
53901,0.1496608
54101,0.074072085
54201,0.08219432
54301,0.036728527
54401,0.06838205
54601,0.21069337
55001,0.04759981
55201,0.7450046
55401,0.7201537
55501,0.7492843
55601,0.12170765
56201,0.17667797
56501,0.16973045
56701,0.13254388
56801,0.32230505
57001,0.20453313
57101,0.069302216
57201,0.09056565
57301,0.45711535
57501,0.14814143
57901,0.07119711
58001,0.273029
58201,0.13273893
58301,0.52171177
58501,0.076960646
58901,0.092885815
59101,0.18150856
59201,0.23513804
59501,0.85575694
59601,0.09566401
59801,0.17224371
59901,0.1551933
60401,0.31919974
60501,0.3479488
60801,0.056710746
61101,0.09827189
61301,0.14701082
61401,0.11032878
61701,0.033240665
62101,0.08684549
62401,0.13519852
62701,0.07866625
62801,0.07235825
63501,0.11925063
63601,0.20500581
63701,0.10709772
63801,0.08994779
63901,0.23577157
64301,0.04228434
64401,0.08487658
2,0.29265007
102,0.32460272
402,0.007618671
602,0.23902184
702,0.24813901
1002,0.40702525
1202,0.3385245
1702,0.33665535
2202,0.18538485
2702,0.34501344
2802,0.29900217
2902,0.33593908
3002,0.22896676
3102,0.26911026
3202,0.18536946
3302,0.20838854
3402,0.35315594
3702,0.13686721
4002,0.25669518
4102,0.0030406404
4202,0.35400462
4402,0.37002563
4702,0.27633974
4802,0.25695089
4902,0.25570747
5102,0.3266153
5202,0.22575781
5702,0.2132761
5902,0.19097361
6202,0.22173654
6302,0.2868434
6502,0.20855096
6602,0.20468254
6802,0.15501647
6902,0.38992852
7002,0.41404465
7202,0.1841698
7402,0.21899518
7502,0.3223237
7702,0.3848447
7902,0.3172372
8102,0.379609
8202,0.37581658
8302,0.4113367
8402,0.2744085
8502,0.37889853
8602,0.39234838
8702,0.37360257
8902,0.35953194
9002,0.29054832
9202,0.3779411
9502,0.31006348
9802,0.3618082
9902,0.28377044
10102,0.35918683
10402,0.23059608
10502,0.33499676
10602,0.25401384
10702,0.14628139
10902,0.24758622
11202,0.46265915
11302,0.4155012
11702,0.28068763
11902,0.23876724
12102,0.23818038
12402,0.22051226
12702,0.19545276
12902,0.26771972
13002,0.2851673
13402,0.22979242
13502,0.28704768
13602,0.23685779
13702,0.20913516
13902,0.33271378
14302,0.21182021
14402,0.27556542
15402,0.20671396
15602,0.23735788
15702,0.2534726
15802,0.39727262
15902,0.37145695
16102,0.3158819
16202,0.2607905
16302,0.31591693
16402,0.31641978
16502,0.029948628
16602,0.35933393
17002,0.3431262
17102,0.34741902
17202,0.3695952
17302,0.33298573
17402,0.35212654
17602,0.3091184
17702,0.25248158
17902,0.3264213
18002,0.3157902
18102,0.14176399
18202,0.24183328
18402,0.04177289
18502,0.2303667
18702,0.12794387
18802,0.35568553
19102,0.2369067
19502,0.3801954
19602,0.10529546
19702,0.17651163
19802,0.10204653
20702,0.29390043
20802,0.32495034
20902,0.13786335
21102,0.24320886
21202,0.21287292
21402,0.2195788
21802,0.20903103
22002,0.2504279
22302,0.22879411
22402,0.17851205
22502,0.18477921
22602,0.193457
22902,0.29018113
23002,0.1905938
23202,0.23676349
23302,0.3564499
23602,0.30730563
23702,0.3300484
23802,0.24644396
23902,0.38264674
24102,0.40899238
24202,0.35464686
24402,0.40390375
24502,0.28443414
24602,0.26515022
24702,0.42596972
25302,0.15719628
25402,0.4047875
25802,0.31816027
26002,0.2356687
26102,0.38908422
26202,0.23296942
26302,0.2858619
26402,0.25102812
26602,0.24217422
26702,0.22264302
26802,0.36742228
26902,0.3643147
27002,0.38520896
27302,0.270913
27402,0.21951723
27502,0.32514116
27902,0.34405
28002,0.26524678
28102,0.24807231
28302,0.26950333
28402,0.19607677
29002,0.22620411
29102,0.1906073
29302,0.188532
29602,0.2828717
29702,0.14882295
29802,0.21951641
29902,0.26057333
30002,0.18608849
30102,0.269735
30302,0.24706337
30402,0.2677627
30702,0.21488068
30802,0.35677746
31102,0.3313514
31202,0.25745317
31602,0.43959013
31702,0.255022
31802,0.272441
31902,0.18192197
32002,0.21954115
32102,0.33795035
32802,0.31214076
33002,0.34532696
33102,0.397464
33502,0.32123387
33702,0.30820337
33802,0.3215994
33902,0.44422817
34002,0.059917673
34202,0.09369082
34302,0.1924567
34402,0.057974964
34502,0.09552296
34602,0.37213504
34802,0.058871772
35002,0.34476057
35202,0.28952157
35302,0.25963306
35502,0.36227834
35602,0.37257862
35702,0.16518633
35902,0.33687338
36002,0.3082063
36102,0.30384198
36602,0.13442676
37202,0.30280983
37402,0.31676105
37502,0.29748842
37602,0.3048782
37702,0.27735484
38102,0.1927878
38202,0.24071738
38302,0.21562703
38402,0.2378915
38602,0.19129385
38802,0.21669334
39102,0.3152664
39202,0.27113962
39302,0.35955366
39402,0.41518137
39602,0.38695168
39702,0.0043211635
39902,0.401958
40002,0.3689529
40202,0.34088147
40502,0.3762225
40602,0.36384594
41802,0.30479622
42002,0.3149502
42702,0.22878125
42902,0.23489773
43602,0.2268099
44202,0.28165942
44502,0.31606603
44702,0.23873776
44902,0.21210182
45202,0.32864112
45302,0.29211035
45502,0.2532583
45602,0.20345536
46102,0.22179562
46302,0.21113673
46502,0.26037726
46902,0.41746277
47002,0.32408735
47102,0.30789852
47202,0.2975249
47302,0.19133288
47602,0.26661712
47702,0.24159741
47802,0.23752443
47902,0.3819491
48202,0.31867856
48602,0.35596776
48702,0.039209742
49102,0.24501443
49202,0.22574937
49602,0.3298128
49702,0.36423695
49902,0.27182508
50102,0.30685836
50302,0.11450784
50402,0.18557404
50602,0.20972683
50802,0.15088439
50902,0.10642877
51002,0.29707056
51202,0.111801066
51602,0.30752283
51802,0.3780646
52002,0.0644464
52102,0.3324247
52502,0.33275884
52602,0.38665295
52702,0.29370958
53202,0.2829337
53302,0.29191485
53402,0.21553302
53602,0.2684042
53902,0.26038575
54102,0.2457713
54202,0.18316065
54302,0.24835502
54402,0.2092355
54602,0.05444647
55002,0.25444093
55202,0.48638365
55402,0.37382892
55502,0.20427193
55602,0.23879841
56202,0.34525418
56502,0.39888257
56702,0.387702
56802,0.40800902
57002,0.25782317
57102,0.37496838
57202,0.3537634
57302,0.3046964
57502,0.34168565
57902,0.30004165
58002,0.3941575
58202,0.3977923
58302,0.34774473
58502,0.3411854
58902,0.25255483
59102,0.26741788
59202,0.36766407
59502,0.45033363
59602,0.27775523
59802,0.3117767
59902,0.25296947
60402,0.4218252
60502,0.33445552
60802,0.21483278
61102,0.3549256
61302,0.20387545
61402,0.3012931
61702,0.19925635
62102,0.11604722
62402,0.23412885
62702,0.21109493
62802,0.28774172
63502,0.26836726
63602,0.2278182
63702,0.17685603
63802,0.20096862
63902,0.36798224
64302,0.2314397
64402,0.24425505
3,0.353844
103,0.32094637
403,0.0038339838
603,0.315808
703,0.25986484
1003,0.35240313
1203,0.09852609
1703,0.38720733
2203,0.30624923
2703,0.0032172895
2803,0.27520862
2903,0.28405273
3003,0.2531151
3103,0.17072734
3203,0.21493171
3303,0.27617258
3403,0.18386851
3703,0.036226884
4003,0.26771027
4103,0.00073459826
4203,0.2886703
4403,0.24008213
4703,0.3001309
4803,0.22168607
4903,0.27436164
5103,0.24766257
5203,0.29318815
5703,0.14545542
5903,0.23325069
6203,0.28420705
6303,0.30586952
6503,0.20643707
6603,0.26551226
6803,0.19129738
6903,0.0447175
7003,0.06957459
7203,0.05407408
7403,0.17274013
7503,0.18257397
7703,0.2055241
7903,0.04654721
8103,0.27705812
8203,0.180663
8303,0.27026644
8403,0.2304321
8503,0.43699586
8603,0.29585746
8703,0.3510585
8903,0.3110579
9003,0.15865341
9203,0.19817317
9503,0.23365013
9803,0.305471
9903,0.3322758
10103,0.25173953
10403,0.25625455
10503,0.24464568
10603,0.2221548
10703,0.16777441
10903,0.29583824
11203,0.24677749
11303,0.046621956
11703,0.0832882
11903,0.25849804
12103,0.2604121
12403,0.26024783
12703,0.33584458
12903,0.30467653
13003,0.32421952
13403,0.2925504
13503,0.27556598
13603,0.19328094
13703,0.21993078
13903,0.29733807
14303,0.18433274
14403,0.34726393
15403,0.21918218
15603,0.30984035
15703,0.25898317
15803,0.2412778
15903,0.18642168
16103,0.32103705
16203,0.22216482
16303,0.2834805
16403,0.31543347
16503,0.051362917
16603,0.24073514
17003,0.27125564
17103,0.26973855
17203,0.35098022
17303,0.24630177
17403,0.19388452
17603,0.32670736
17703,0.2574994
17903,0.37603027
18003,0.38145977
18103,0.007289683
18203,0.004796434
18403,0.030639023
18503,0.29598325
18703,0.0033948142
18803,0.26234847
19103,0.22474752
19503,0.34615335
19603,0.050771352
19703,0.27132103
19803,0.012351673
20703,0.3192625
20803,0.29762873
20903,0.17935835
21103,0.26935956
21203,0.1779774
21403,0.30119422
21803,0.23802596
22003,0.2548059
22303,0.17180133
22403,0.19708404
22503,0.2285086
22603,0.27086473
22903,0.03682938
23003,0.042494554
23203,0.20062324
23303,0.2315023
23603,0.19392614
23703,0.2693336
23803,0.12641822
23903,0.26852688
24103,0.286639
24203,0.26071647
24403,0.07363212
24503,0.083964735
24603,0.03657448
24703,0.23662345
25303,0.23228616
25403,0.30392846
25803,0.22709166
26003,0.28086856
26103,0.18261358
26203,0.24459594
26303,0.2552937
26403,0.3330642
26603,0.27711484
26703,0.3054462
26803,0.07549919
26903,0.21228303
27003,0.27336562
27303,0.22992167
27403,0.21350385
27503,0.13098551
27903,0.051636484
28003,0.07601855
28103,0.24854636
28303,0.3111173
28403,0.196405
29003,0.32578826
29103,0.26297566
29303,0.20605096
29603,0.22096485
29703,0.22516358
29803,0.20764974
29903,0.18622342
30003,0.24681544
30103,0.41523474
30303,0.16839807
30403,0.24312997
30703,0.24832653
30803,0.19006859
31103,0.30910867
31203,0.27598432
31603,0.22911921
31703,0.3183878
31803,0.3292752
31903,0.20545222
32003,0.21701474
32103,0.3892822
32803,0.25267428
33003,0.3214653
33103,0.3341814
33503,0.28246695
33703,0.39372283
33803,0.2719492
33903,0.005261947
34003,0.08643732
34203,0.030942762
34303,0.30747393
34403,0.029640857
34503,0.04139337
34603,0.14210394
34803,0.016544456
35003,0.26599738
35203,0.2533652
35303,0.2949531
35503,0.2904067
35603,0.287359
35703,0.29020417
35903,0.30450237
36003,0.2632491
36103,0.24095348
36603,0.18751535
37203,0.22331817
37403,0.34866205
37503,0.26201734
37603,0.33200446
37703,0.21180315
38103,0.17368345
38203,0.19167139
38303,0.21321237
38403,0.23753412
38603,0.18150046
38803,0.28288326
39103,0.10057803
39203,0.028296504
39303,0.07354717
39403,0.06600736
39603,0.28770822
39703,0.016446125
39903,0.23764116
40003,0.14664298
40203,0.31664294
40503,0.19952045
40603,0.3242443
41803,0.3008143
42003,0.34288618
42703,0.26337013
42903,0.22606112
43603,0.19210817
44203,0.33424523
44503,0.15743609
44703,0.2786904
44903,0.19207609
45203,0.2721674
45303,0.20963301
45503,0.21193714
45603,0.25928265
46103,0.25503027
46303,0.1964281
46503,0.32316142
46903,0.34350276
47003,0.051625382
47103,0.34347716
47203,0.28037128
47303,0.225172
47603,0.26937556
47703,0.22359245
47803,0.22730856
47903,0.27100334
48203,0.3187997
48603,0.3404411
48703,0.071222916
49103,0.23375125
49203,0.1758896
49603,0.21143778
49703,0.072955154
49903,0.20509224
50103,0.32578337
50303,0.022234509
50403,0.008926048
50603,0.033810608
50803,0.0060995533
50903,0.11901223
51003,0.18814044
51203,0.028502148
51603,0.14506978
51803,0.24623477
52003,0.1267208
52103,0.28188425
52503,0.33314064
52603,0.3180736
52703,0.2456545
53203,0.23319614
53303,0.30097246
53403,0.23707482
53603,0.2014568
53903,0.32408985
54103,0.33683318
54203,0.24676865
54303,0.23424278
54403,0.21683118
54603,0.20000844
55003,0.17325176
55203,0.04026024
55403,0.050828252
55503,0.084707044
55603,0.21825442
56203,0.252749
56503,0.34897578
56703,0.24502023
56803,0.19352622
57003,0.26652715
57103,0.39591148
57203,0.29161808
57303,0.11858779
57503,0.40944698
57903,0.25172833
58003,0.29848054
58203,0.26279435
58303,0.05877661
58503,0.29702032
58903,0.11058083
59103,0.32969913
59203,0.23102714
59503,0.043662257
59603,0.31675568
59803,0.32030377
59903,0.23208994
60403,0.13894531
60503,0.12672994
60803,0.27184507
61103,0.1780464
61303,0.21471465
61403,0.26748437
61703,0.2664976
62103,0.15482989
62403,0.27834812
62703,0.22021644
62803,0.24473682
63503,0.2991937
63603,0.25797278
63703,0.18868814
63803,0.24815966
63903,0.21434653
64303,0.2533483
64403,0.15423697
4,0.35177854
104,0.30018628
404,0.002425229
604,0.32690737
704,0.3684755
1004,0.34772947
1204,0.21850646
1704,0.27409467
2204,0.12819307
2704,0.0013447899
2804,0.35714564
2904,0.37628734
3004,0.29169264
3104,0.2451061
3204,0.19723816
3304,0.27732712
3404,0.25192046
3704,0.018136203
4004,0.3741866
4104,0.00033372102
4204,0.39420947
4404,0.3571873
4704,0.40412554
4804,0.33224455
4904,0.37416804
5104,0.3926151
5204,0.36826372
5704,0.28648052
5904,0.32879165
6204,0.38956448
6304,0.389468
6504,0.37775624
6604,0.3717659
6804,0.30639228
6904,0.03290251
7004,0.10157366
7204,0.022533225
7404,0.26330274
7504,0.2379189
7704,0.29943496
7904,0.047400586
8104,0.37591156
8204,0.39197913
8304,0.46568495
8404,0.4308419
8504,0.31108594
8604,0.37790793
8704,0.26748702
8904,0.34694067
9004,0.10907033
9204,0.3555375
9504,0.31717846
9804,0.26103652
9904,0.23552093
10104,0.33926055
10404,0.4138238
10504,0.41181153
10604,0.31847262
10704,0.22569723
10904,0.3502309
11204,0.40287793
11304,0.086312644
11704,0.075945154
11904,0.3710449
12104,0.39001173
12404,0.33154777
12704,0.36591014
12904,0.33125746
13004,0.33273494
13404,0.3947494
13504,0.3451107
13604,0.40158635
13704,0.3838167
13904,0.33884138
14304,0.33312708
14404,0.34701753
15404,0.27945587
15604,0.36249158
15704,0.37304053
15804,0.36753166
15904,0.25241467
16104,0.38390788
16204,0.3632839
16304,0.31407616
16404,0.37330583
16504,0.05280911
16604,0.3136857
17004,0.42606586
17104,0.2759528
17204,0.30587497
17304,0.34347707
17404,0.3053321
17604,0.4530633
17704,0.29901576
17904,0.2988163
18004,0.30695173
18104,0.007755759
18204,0.0031184526
18404,0.013537248
18504,0.13539767
18704,0.0024402898
18804,0.2391112
19104,0.25027362
19504,0.30736792
19604,0.028763762
19704,0.15097074
19804,0.005622656
20704,0.41261804
20804,0.35327074
20904,0.1810168
21104,0.32268193
21204,0.23315518
21404,0.43711388
21804,0.38078237
22004,0.3872212
22304,0.25216496
22404,0.32923234
22504,0.30711278
22604,0.38103616
22904,0.017535219
23004,0.018530834
23204,0.29649925
23304,0.3570051
23604,0.30044165
23704,0.36225528
23804,0.17107025
23904,0.44762337
24104,0.38398317
24204,0.39980894
24404,0.04070514
24504,0.08148987
24604,0.019333735
24704,0.36241406
25304,0.23986003
25404,0.34831473
25804,0.22481981
26004,0.29549915
26104,0.2432049
26204,0.38845387
26304,0.38454238
26404,0.3620048
26604,0.34426382
26704,0.36786565
26804,0.13419399
26904,0.32729822
27004,0.41034386
27304,0.30234775
27404,0.21159413
27504,0.12149945
27904,0.12197269
28004,0.067005344
28104,0.3103227
28304,0.3680199
28404,0.30804724
29004,0.4143115
29104,0.3676794
29304,0.28391263
29604,0.33944237
29704,0.32374352
29804,0.34958225
29904,0.32853293
30004,0.35649836
30104,0.3746282
30304,0.3395659
30404,0.4200167
30704,0.32996273
30804,0.34109607
31104,0.42957336
31204,0.39926258
31604,0.39856696
31704,0.33558634
31804,0.38831356
31904,0.29831377
32004,0.34488216
32104,0.34330717
32804,0.3852494
33004,0.37092257
33104,0.3391578
33504,0.36803165
33704,0.30344504
33804,0.28308767
33904,0.003714204
34004,0.020829428
34204,0.0128207
34304,0.1910754
34404,0.0032190473
34504,0.019344179
34604,0.13830031
34804,0.006464678
35004,0.374794
35204,0.30709976
35304,0.4349626
35504,0.32935476
35604,0.35029486
35704,0.16909927
35904,0.3135472
36004,0.37333387
36104,0.36868364
36604,0.21106587
37204,0.30707514
37404,0.35727197
37504,0.33808902
37604,0.34454346
37704,0.35280764
38104,0.27870652
38204,0.3906477
38304,0.3447398
38404,0.3503528
38604,0.27267024
38804,0.37293142
39104,0.09155254
39204,0.017538086
39304,0.06612764
39404,0.13705829
39604,0.39309874
39704,0.052093793
39904,0.35885406
40004,0.300101
40204,0.35414672
40504,0.41524473
40604,0.2572841
41804,0.3120602
42004,0.36042845
42704,0.34436384
42904,0.24941587
43604,0.24489182
44204,0.38310346
44504,0.32195348
44704,0.30710596
44904,0.3449806
45204,0.37041983
45304,0.2754212
45504,0.36767358
45604,0.37033585
46104,0.35063973
46304,0.30776668
46504,0.34993553
46904,0.35427895
47004,0.1088697
47104,0.4476642
47204,0.38782847
47304,0.30752888
47604,0.40554455
47704,0.3164539
47804,0.34599364
47904,0.28909978
48204,0.3733339
48604,0.38261324
48704,0.057308607
49104,0.37311688
49204,0.2723574
49604,0.2706496
49704,0.07797275
49904,0.35008204
50104,0.29916734
50304,0.011734961
50404,0.0048430623
50604,0.024923574
50804,0.0033913204
50904,0.055569574
51004,0.09665662
51204,0.0086897025
51604,0.14963146
51804,0.31405583
52004,0.06989449
52104,0.37753952
52504,0.3848904
52604,0.3684921
52704,0.37826064
53204,0.2336191
53304,0.40592957
53404,0.32181907
53604,0.22519436
53904,0.349784
54104,0.44057482
54204,0.35830405
54304,0.32538053
54404,0.34743708
54604,0.28559557
55004,0.27926648
55204,0.07420273
55404,0.059864383
55504,0.09400868
55604,0.2256958
56204,0.43611008
56504,0.41375676
56704,0.3361736
56804,0.21748784
57004,0.28214017
57104,0.37138534
57204,0.40974465
57304,0.106702015
57504,0.31472737
57904,0.417396
58004,0.21236947
58204,0.3821216
58304,0.06551352
58504,0.33019876
58904,0.22227184
59104,0.31051686
59204,0.3679893
59504,0.028300371
59604,0.36070794
59804,0.36303702
59904,0.21868615
60404,0.19173048
60504,0.29014096
60804,0.39784664
61104,0.24857956
61304,0.29968208
61404,0.3417961
61704,0.36896208
62104,0.2562202
62404,0.37752232
62704,0.34578127
62804,0.3860635
63504,0.3733515
63604,0.38421023
63704,0.33523506
63804,0.37412965
63904,0.22669666
64304,0.3509611
64404,0.2639738
5,0.28868088
105,0.30830842
405,0.02186425
605,0.19070654
705,0.20872316
1005,0.3524291
1205,0.16305165
1705,0.30666992
2205,0.184432
2705,0.0352645
2805,0.15083924
2905,0.2051639
3005,0.19993134
3105,0.14696534
3205,0.10121295
3305,0.12076731
3405,0.30701786
3705,0.06847238
4005,0.18708026
4105,4.125049e-05
4205,0.22154863
4405,0.20877324
4705,0.3207777
4805,0.11586401
4905,0.4133802
5105,0.2580255
5205,0.17152132
5705,0.11989961
5905,0.16421048
6205,0.17243144
6305,0.2533802
6505,0.15685612
6605,0.16480158
6805,0.10233392
6905,0.056140337
7005,0.17678982
7205,0.027513724
7405,0.22332254
7505,0.3117132
7705,0.3204191
7905,0.23300391
8105,0.277129
8205,0.23481038
8305,0.2704855
8405,0.19027494
8505,0.34534845
8605,0.32494652
8705,0.27671728
8905,0.278483
9005,0.16838908
9205,0.23407374
9505,0.20722875
9805,0.27116752
9905,0.23987971
10105,0.21455596
10405,0.11913072
10505,0.22368498
10605,0.23260671
10705,0.31621334
10905,0.19451141
11205,0.25651723
11305,0.1296319
11705,0.06962496
11905,0.16976231
12105,0.18589316
12405,0.1528027
12705,0.21444798
12905,0.1457745
13005,0.38448855
13405,0.18540016
13505,0.21496318
13605,0.1022457
13705,0.12178198
13905,0.45033735
14305,0.15035042
14405,0.24862929
15405,0.14763881
15605,0.18991038
15705,0.13558806
15805,0.3517235
15905,0.2979545
16105,0.20204625
16205,0.1648653
16305,0.32970107
16405,0.2839068
16505,0.07770874
16605,0.25003874
17005,0.21246101
17105,0.30985817
17205,0.3206846
17305,0.42998743
17405,0.1895878
17605,0.21557724
17705,0.19834763
17905,0.2702159
18005,0.2927134
18105,0.020609489
18205,0.03751156
18405,0.023255697
18505,0.21521889
18705,0.01907601
18805,0.31799996
19105,0.14209044
19505,0.28468525
19605,0.055724226
19705,0.1692413
19805,0.050309762
20705,0.1605646
20805,0.3834305
20905,0.17412989
21105,0.21492858
21205,0.16734742
21405,0.22678937
21805,0.1642277
22005,0.12961647
22305,0.3195645
22405,0.18251826
22505,0.19281721
22605,0.15068331
22905,0.036447067
23005,0.021734565
23205,0.28690198
23305,0.41044497
23605,0.21463352
23705,0.29028645
23805,0.13137586
23905,0.1859907
24105,0.3520309
24205,0.26657525
24405,0.23031801
24505,0.18072084
24605,0.077639826
24705,0.35285705
25305,0.1263634
25405,0.33218
25805,0.22570395
26005,0.1777662
26105,0.28758192
26205,0.17670667
26305,0.18111925
26405,0.308712
26605,0.19515297
26705,0.20672786
26805,0.13813932
26905,0.2176157
27005,0.32003066
27305,0.1293195
27405,0.109439634
27505,0.1042251
27905,0.1871366
28005,0.19036461
28105,0.16444604
28305,0.2723383
28405,0.13796516
29005,0.1721756
29105,0.17081805
29305,0.14573416
29605,0.19862501
29705,0.20602149
29805,0.18944182
29905,0.1057488
30005,0.17999117
30105,0.19753002
30305,0.09993829
30405,0.15297203
30705,0.21317238
30805,0.21030833
31105,0.31556028
31205,0.13782136
31605,0.23034729
31705,0.14974345
31805,0.20281936
31905,0.14865641
32005,0.11263924
32105,0.34057727
32805,0.1579684
33005,0.3350889
33105,0.33422226
33505,0.22513913
33705,0.2824158
33805,0.2538654
33905,0.016058639
34005,0.018972872
34205,0.026188083
34305,0.060706172
34405,0.030897444
34505,0.04052811
34605,0.37737793
34805,0.007356065
35005,0.2344613
35205,0.16524087
35305,0.3543337
35505,0.29455096
35605,0.2155064
35705,0.16837485
35905,0.24135627
36005,0.16985923
36105,0.15278709
36605,0.14602634
37205,0.27524078
37405,0.2565442
37505,0.19513436
37605,0.18155079
37705,0.14748836
38105,0.103504814
38205,0.16138197
38305,0.14857121
38405,0.14676347
38605,0.12778589
38805,0.15412126
39105,0.2167514
39205,0.022332028
39305,0.08873258
39405,0.15905207
39605,0.34336248
39705,0.0141044995
39905,0.24810338
40005,0.29470068
40205,0.20704836
40505,0.24080709
40605,0.33873984
41805,0.23979723
42005,0.2982361
42705,0.18567601
42905,0.23146892
43605,0.11187634
44205,0.19871177
44505,0.28113937
44705,0.20921144
44905,0.15319698
45205,0.380774
45305,0.24715109
45505,0.15584655
45605,0.16308907
46105,0.109077364
46305,0.20053342
46505,0.17820445
46905,0.35141337
47005,0.19773616
47105,0.27026066
47205,0.18919514
47305,0.17506379
47605,0.1846214
47705,0.19914062
47805,0.19628836
47905,0.29993987
48205,0.22318867
48605,0.25231865
48705,0.053626165
49105,0.12959056
49205,0.1217587
49605,0.25519115
49705,0.102127396
49905,0.118611634
50105,0.26541638
50305,0.03712077
50405,0.045194756
50605,0.07344099
50805,0.03081375
50905,0.042611536
51005,0.2980466
51205,0.017519476
51605,0.12990917
51805,0.2923349
52005,0.06749957
52105,0.18227404
52505,0.25743732
52605,0.25116485
52705,0.4349911
53205,0.2537751
53305,0.3098442
53405,0.23966293
53605,0.14657252
53905,0.20395504
54105,0.19181754
54205,0.16174975
54305,0.110926434
54405,0.1534253
54605,0.14916123
55005,0.11242927
55205,0.1874948
55405,0.086154915
55505,0.12292321
55605,0.20075478
56205,0.23979177
56505,0.2858713
56705,0.3086051
56805,0.25408265
57005,0.17940632
57105,0.26231286
57205,0.23945376
57305,0.10891396
57505,0.30559528
57905,0.18680432
58005,0.36480626
58205,0.26144177
58305,0.3855784
58505,0.2532767
58905,0.2139262
59105,0.21977092
59205,0.2842856
59505,0.16370556
59605,0.2772169
59805,0.18815725
59905,0.10461286
60405,0.3316857
60505,0.24495499
60805,0.13253249
61105,0.3005149
61305,0.16098626
61405,0.16132048
61705,0.15647756
62105,0.1257669
62405,0.21795891
62705,0.1431901
62805,0.16897301
63505,0.1703462
63605,0.17672004
63705,0.1908732
63805,0.16678643
63905,0.28444883
64305,0.12118415
64405,0.113094516
6,0.10873901
106,0.1263688
406,0.00030620338
606,0.25302368
706,0.17504787
1006,0.18956421
1206,0.13879292
1706,0.3250226
2206,0.24395724
2706,0.015761608
2806,0.15015031
2906,0.21950068
3006,0.24285299
3106,0.15969935
3206,0.16715518
3306,0.15154754
3406,0.19634873
3706,0.08829122
4006,0.33845365
4106,0.0010163555
4206,0.22445261
4406,0.26064405
4706,0.35191435
4806,0.13661642
4906,0.26747328
5106,0.21422383
5206,0.29939047
5706,0.15522146
5906,0.11212453
6206,0.2959162
6306,0.15622248
6506,0.16376153
6606,0.23394409
6806,0.2013283
6906,0.05884915
7006,0.13014491
7206,0.02658846
7406,0.16984957
7506,0.17963815
7706,0.2624595
7906,0.1629222
8106,0.18640207
8206,0.20702352
8306,0.2263862
8406,0.19935699
8506,0.2645238
8606,0.2888428
8706,0.2897425
8906,0.21272604
9006,0.16237544
9206,0.21207434
9506,0.21509665
9806,0.33517107
9906,0.3356593
10106,0.29201517
10406,0.12878762
10506,0.13800013
10606,0.43780774
10706,0.2065825
10906,0.328431
11206,0.21220864
11306,0.13725498
11706,0.050667495
11906,0.15436845
12106,0.219123
12406,0.1318466
12706,0.2889617
12906,0.21515094
13006,0.30954906
13406,0.15900695
13506,0.14322658
13606,0.12836
13706,0.21352224
13906,0.27839452
14306,0.22137809
14406,0.3427318
15406,0.21779938
15606,0.23574686
15706,0.22206749
15806,0.26046333
15906,0.26437643
16106,0.2513182
16206,0.21971607
16306,0.12947726
16406,0.12686747
16506,0.010441675
16606,0.18494569
17006,0.16287181
17106,0.18308815
17206,0.17740907
17306,0.30915716
17406,0.23330913
17606,0.27129728
17706,0.14554587
17906,0.32872778
18006,0.26916698
18106,0.012553835
18206,0.020515883
18406,0.041207112
18506,0.21132639
18706,0.010786767
18806,0.332444
19106,0.15232365
19506,0.22132035
19606,0.05114011
19706,0.24062954
19806,0.048883006
20706,0.17840892
20806,0.2366708
20906,0.18921877
21106,0.25526237
21206,0.15615016
21406,0.32838047
21806,0.27191177
22006,0.18062745
22306,0.23398447
22406,0.22147612
22506,0.18365937
22606,0.24385315
22906,0.019067436
23006,0.03484152
23206,0.24824403
23306,0.24856536
23606,0.25612044
23706,0.2539788
23806,0.16152893
23906,0.1931086
24106,0.20856325
24206,0.20463681
24406,0.22255483
24506,0.1544382
24606,0.11847685
24706,0.23747835
25306,0.10606622
25406,0.28058386
25806,0.2933627
26006,0.24732226
26106,0.18319325
26206,0.1826665
26306,0.16681565
26406,0.29938048
26606,0.17272681
26706,0.34547493
26806,0.09992987
26906,0.17385513
27006,0.20567015
27306,0.15432471
27406,0.19339477
27506,0.076555334
27906,0.124598294
28006,0.18176371
28106,0.2990181
28306,0.28168485
28406,0.18427205
29006,0.20682792
29106,0.2460461
29306,0.20255063
29606,0.23763801
29706,0.2980825
29806,0.19501741
29906,0.1315771
30006,0.30637535
30106,0.2569556
30306,0.15350795
30406,0.15196417
30706,0.29940528
30806,0.22461659
31106,0.25285193
31206,0.18098523
31606,0.258969
31706,0.2561663
31806,0.22308104
31906,0.19219273
32006,0.14440711
32106,0.15976374
32806,0.16773474
33006,0.23804809
33106,0.20813173
33506,0.23151651
33706,0.2803588
33806,0.2518132
33906,0.012481831
34006,0.035276204
34206,0.029664056
34306,0.15190342
34406,0.026603574
34506,0.04567311
34606,0.32547298
34806,0.008811924
35006,0.18418434
35206,0.15192212
35306,0.3934821
35506,0.20684998
35606,0.19409193
35706,0.26135623
35906,0.23619752
36006,0.2539777
36106,0.15416744
36606,0.24446473
37206,0.18947344
37406,0.27109572
37506,0.22958335
37606,0.22734678
37706,0.17137763
38106,0.15748008
38206,0.139909
38306,0.1887143
38406,0.1673427
38606,0.10542216
38806,0.14086914
39106,0.26453874
39206,0.022016522
39306,0.042875778
39406,0.15503961
39606,0.18280207
39706,0.03256132
39906,0.20187324
40006,0.24881227
40206,0.18004768
40506,0.23020142
40606,0.41059318
41806,0.29491666
42006,0.38056558
42706,0.3023177
42906,0.4407742
43606,0.16709778
44206,0.2793145
44506,0.16185386
44706,0.24565189
44906,0.13467011
45206,0.2342135
45306,0.22284526
45506,0.20779032
45606,0.18702134
46106,0.17271659
46306,0.20896241
46506,0.30633444
46906,0.27518564
47006,0.107364826
47106,0.24038963
47206,0.25390804
47306,0.23477343
47606,0.20194262
47706,0.15222292
47806,0.15155381
47906,0.27188274
48206,0.23218842
48606,0.22965229
48706,0.016795482
49106,0.1500769
49206,0.18603441
49606,0.21324044
49706,0.050792295
49906,0.1288536
50106,0.2861845
50306,0.039228417
50406,0.026562274
50606,0.10207202
50806,0.02524383
50906,0.075818434
51006,0.37294018
51206,0.03049872
51606,0.10741255
51806,0.32912442
52006,0.15367629
52106,0.19207077
52506,0.24841833
52606,0.29042056
52706,0.25880036
53206,0.2208177
53306,0.32098246
53406,0.27052706
53606,0.17083056
53906,0.2727285
54106,0.16308694
54206,0.24118476
54306,0.14808786
54406,0.18806334
54606,0.20225488
55006,0.10837481
55206,0.166354
55406,0.060914297
55506,0.22429098
55606,0.20910776
56206,0.24029908
56506,0.21077919
56706,0.36013743
56806,0.33337513
57006,0.18689547
57106,0.19895786
57206,0.21586077
57306,0.11418731
57506,0.30242866
57906,0.17549527
58006,0.35790297
58206,0.21995653
58306,0.19575307
58506,0.24512854
58906,0.21950617
59106,0.36853194
59206,0.32033116
59506,0.114958465
59606,0.23985434
59806,0.23761925
59906,0.22578433
60406,0.28524634
60506,0.15782344
60806,0.16912757
61106,0.2808812
61306,0.27003047
61406,0.20901991
61706,0.1228965
62106,0.20079412
62406,0.2667563
62706,0.22037399
62806,0.18174344
63506,0.23617841
63606,0.31055254
63706,0.15885916
63806,0.16826077
63906,0.31628165
64306,0.13966185
64406,0.14576767
7,0.21261798
107,0.1986248
407,0.042455662
607,0.18103315
707,0.20531172
1007,0.14691004
1207,0.21443379
1707,0.12724629
2207,0.10867819
2707,0.037590794
2807,0.401671
2907,0.3415522
3007,0.22677065
3107,0.31424004
3207,0.36885062
3307,0.375506
3407,0.24841334
3707,0.0766143
4007,0.21896873
4107,0.016174516
4207,0.27470857
4407,0.42226943
4707,0.2547381
4807,0.26966324
4907,0.24667631
5107,0.30002674
5207,0.25436974
5707,0.23340213
5907,0.27484897
6207,0.17848137
6307,0.16579969
6507,0.26295447
6607,0.16412419
6807,0.23239544
6907,0.50172216
7007,0.14011234
7207,0.298033
7407,0.26764828
7507,0.30469534
7707,0.22575574
7907,0.12713456
8107,0.27390924
8207,0.26848072
8307,0.27776483
8407,0.39878887
8507,0.13069898
8607,0.28611594
8707,0.12035657
8907,0.23091754
9007,0.10415
9207,0.24179932
9507,0.39319885
9807,0.26713896
9907,0.18546835
10107,0.35141578
10407,0.24390109
10507,0.21247299
10607,0.35602394
10707,0.23922217
10907,0.2059511
11207,0.17911088
11307,0.26865283
11707,0.40452418
11907,0.21122341
12107,0.36598036
12407,0.30470937
12707,0.23417051
12907,0.3447916
13007,0.34896636
13407,0.21785766
13507,0.33522677
13607,0.2489492
13707,0.30216253
13907,0.30623525
14307,0.23091803
14407,0.5001899
15407,0.31864455
15607,0.18240887
15707,0.35048285
15807,0.38353002
15907,0.16765425
16107,0.40408972
16207,0.22565605
16307,0.29200742
16407,0.21247965
16507,0.094808616
16607,0.34401163
17007,0.22384669
17107,0.11320911
17207,0.10262
17307,0.3299286
17407,0.21571818
17607,0.33126473
17707,0.22884747
17907,0.110957295
18007,0.121869504
18107,0.08620132
18207,0.062355395
18407,0.06910348
18507,0.07375032
18707,0.053820185
18807,0.18757293
19107,0.2789561
19507,0.19024451
19607,0.09781231
19707,0.148492
19807,0.06147228
20707,0.47056305
20807,0.39742106
20907,0.20248255
21107,0.1674695
21207,0.35377893
21407,0.33166268
21807,0.23572333
22007,0.3547104
22307,0.2430096
22407,0.19640817
22507,0.19932927
22607,0.2247843
22907,0.32659385
23007,0.22352806
23207,0.2629745
23307,0.33048669
23607,0.2230842
23707,0.4383904
23807,0.14819737
23907,0.27571914
24107,0.31377885
24207,0.28546765
24407,0.09020398
24507,0.18140616
24607,0.056359187
24707,0.23064429
25307,0.32566762
25407,0.36201265
25807,0.20585103
26007,0.3709292
26107,0.21005209
26207,0.41025826
26307,0.20148376
26407,0.3150432
26607,0.1615157
26707,0.2818503
26807,0.41637203
26907,0.3213315
27007,0.25197396
27307,0.35842773
27407,0.44570097
27507,0.4112248
27907,0.26681823
28007,0.20386618
28107,0.3330726
28307,0.23066561
28407,0.26801473
29007,0.26283556
29107,0.24077772
29307,0.12288246
29607,0.32934982
29707,0.25705585
29807,0.19478351
29907,0.22055706
30007,0.23659182
30107,0.51850986
30307,0.22952127
30407,0.25920048
30707,0.27201712
30807,0.4410541
31107,0.36518437
31207,0.33149266
31607,0.3503318
31707,0.37192932
31807,0.29736087
31907,0.22741844
32007,0.33979693
32107,0.19669728
32807,0.23568846
33007,0.21957302
33107,0.18869661
33507,0.25352883
33707,0.12384591
33807,0.10256949
33907,0.09034028
34007,0.02052256
34207,0.0761075
34307,0.04182309
34407,0.016961638
34507,0.056359913
34607,0.15340604
34807,0.027804885
35007,0.33347726
35207,0.3552342
35307,0.33599567
35507,0.22509846
35607,0.2068599
35707,0.15724462
35907,0.5315077
36007,0.4246948
36107,0.27734855
36607,0.29380518
37207,0.23906772
37407,0.2870312
37507,0.3569635
37607,0.29759955
37707,0.2502156
38107,0.22053254
38207,0.20564523
38307,0.1409222
38407,0.19488691
38607,0.24360797
38807,0.29098955
39107,0.17473994
39207,0.36081424
39307,0.2962711
39407,0.39243466
39607,0.2958214
39707,0.1262925
39907,0.24840513
40007,0.322098
40207,0.15815313
40507,0.3540344
40607,0.20628224
41807,0.49281868
42007,0.2922835
42707,0.3209564
42907,0.2864458
43607,0.3382593
44207,0.2227245
44507,0.34781173
44707,0.25851518
44907,0.16122931
45207,0.28088677
45307,0.20636281
45507,0.25781512
45607,0.18187892
46107,0.27448523
46307,0.18637471
46507,0.44669908
46907,0.1595558
47007,0.22446689
47107,0.3294053
47207,0.3067652
47307,0.19992346
47607,0.42919227
47707,0.23664302
47807,0.2255337
47907,0.28218713
48207,0.39061075
48607,0.36319235
48707,0.124216296
49107,0.2991556
49207,0.2551917
49607,0.4047839
49707,0.35126066
49907,0.23675089
50107,0.13591185
50307,0.08395091
50407,0.08955666
50607,0.19886905
50807,0.09016025
50907,0.06023553
51007,0.124363
51207,0.029302614
51607,0.4689323
51807,0.23029089
52007,0.080340914
52107,0.30629563
52507,0.45410275
52607,0.43212813
52707,0.34262705
53207,0.38298059
53307,0.4170327
53407,0.32933843
53607,0.32275736
53907,0.42343873
54107,0.23428355
54207,0.2049867
54307,0.24507028
54407,0.21030188
54607,0.36021754
55007,0.23208718
55207,0.2714531
55407,0.3283256
55507,0.10117021
55607,0.3079527
56207,0.37232417
56507,0.28030863
56707,0.27992147
56807,0.285701
57007,0.10970444
57107,0.16600737
57207,0.2670994
57307,0.33568412
57507,0.18675631
57907,0.25091866
58007,0.27308407
58207,0.30183956
58307,0.113427155
58507,0.27205193
58907,0.19547354
59107,0.38114244
59207,0.5386449
59507,0.12339796
59607,0.31658113
59807,0.47997165
59907,0.37244454
60407,0.20632172
60507,0.29688984
60807,0.17389244
61107,0.34732428
61307,0.28408444
61407,0.38382232
61707,0.30006444
62107,0.2718567
62407,0.229077
62707,0.21632653
62807,0.21862559
63507,0.3651222
63607,0.30735084
63707,0.2409811
63807,0.18098871
63907,0.23770075
64307,0.2296225
64407,0.26751435
8,0.18364206
108,0.2114373
408,0.0045948965
608,0.19243737
708,0.16823685
1008,0.2602338
1208,0.4168056
1708,0.27810562
2208,0.097394235
2708,0.40928972
2808,0.20908044
2908,0.24020967
3008,0.20955129
3108,0.31961223
3208,0.26466104
3308,0.23342766
3408,0.3454181
3708,0.14684159
4008,0.20349051
4108,0.0016709327
4208,0.22398373
4408,0.2733238
4708,0.22774394
4808,0.22339213
4908,0.2516854
5108,0.29179573
5208,0.16791213
5708,0.22883469
5908,0.18149672
6208,0.1811717
6308,0.14499666
6508,0.19908237
6608,0.13982297
6808,0.22248724
6908,0.22139633
7008,0.4360416
7208,0.09840714
7408,0.3144781
7508,0.31122655
7708,0.35795474
7908,0.34245682
8108,0.26248893
8208,0.30875278
8308,0.22537988
8408,0.22409953
8508,0.1781837
8608,0.27756315
8708,0.2786858
8908,0.25732282
9008,0.2623547
9208,0.26685148
9508,0.2951323
9808,0.2473838
9908,0.20432384
10108,0.31973103
10408,0.12874457
10508,0.2076451
10608,0.27679306
10708,0.15059048
10908,0.18308273
11208,0.26242837
11308,0.40661857
11708,0.147722
11908,0.15247099
12108,0.15144977
12408,0.14348862
12708,0.19054285
12908,0.19156724
13008,0.23934922
13408,0.14339651
13508,0.21865854
13608,0.1873875
13708,0.17165314
13908,0.23199593
14308,0.20848887
14408,0.24699004
15408,0.24742188
15608,0.1574411
15708,0.1856307
15808,0.31137472
15908,0.39187148
16108,0.25968692
16208,0.19853586
16308,0.21822996
16408,0.19157882
16508,0.04071177
16608,0.24980994
17008,0.19903234
17108,0.25210488
17208,0.23639856
17308,0.3417017
17408,0.32594946
17608,0.23263411
17708,0.1994102
17908,0.27757233
18008,0.24091764
18108,0.08500523
18208,0.20254773
18408,0.02384445
18508,0.19323502
18708,0.14703082
18808,0.2967263
19108,0.25395483
19508,0.22818322
19608,0.14606164
19708,0.1331811
19808,0.11901339
20708,0.17681305
20808,0.22451048
20908,0.21866749
21108,0.18680225
21208,0.2572114
21408,0.21605216
21808,0.19356388
22008,0.20084876
22308,0.18852644
22408,0.18682514
22508,0.17048036
22608,0.15539965
22908,0.077691615
23008,0.17156559
23208,0.3046459
23308,0.28698438
23608,0.25533637
23708,0.28515184
23808,0.29125637
23908,0.21101254
24108,0.24399081
24208,0.1889801
24408,0.36224872
24508,0.25143492
24608,0.28181297
24708,0.3347965
25308,0.20860371
25408,0.32750952
25808,0.2725633
26008,0.21056955
26108,0.39317486
26208,0.21212375
26308,0.1512641
26408,0.25484037
26608,0.12946816
26708,0.22809562
26808,0.34624797
26908,0.2941587
27008,0.24532105
27308,0.18803215
27408,0.30873033
27508,0.16868263
27908,0.33322257
28008,0.26468644
28108,0.27773756
28308,0.20460673
28408,0.18766434
29008,0.15065587
29108,0.17602065
29308,0.13192794
29608,0.29441273
29708,0.20522186
29808,0.17200013
29908,0.21887578
30008,0.18521191
30108,0.19968092
30308,0.22918989
30408,0.16483346
30708,0.20201854
30808,0.27980965
31108,0.33310944
31208,0.16688909
31608,0.29957998
31708,0.20663469
31808,0.1546906
31908,0.1952832
32008,0.18343148
32108,0.19580863
32808,0.19124046
33008,0.2796748
33108,0.25400212
33508,0.21317445
33708,0.27968073
33808,0.26977256
33908,0.4258529
34008,0.043426853
34208,0.07154012
34308,0.16744308
34408,0.051273253
34508,0.09079084
34608,0.28835624
34808,0.037909206
35008,0.24398197
35208,0.28125584
35308,0.25763306
35508,0.22188099
35608,0.2308131
35708,0.11992422
35908,0.3030186
36008,0.27326992
36108,0.18251586
36608,0.25331944
37208,0.28965825
37408,0.24087512
37508,0.24312758
37608,0.26408106
37708,0.20939343
38108,0.20953812
38208,0.19799681
38308,0.13812585
38408,0.15435769
38608,0.19631802
38808,0.18830499
39108,0.26720202
39208,0.08453562
39308,0.14656533
39408,0.4292867
39608,0.21645834
39708,0.020620674
39908,0.21636944
40008,0.4286911
40208,0.24721307
40508,0.27302006
40608,0.3024931
41808,0.28543636
42008,0.26128754
42708,0.20506865
42908,0.2456042
43608,0.21480164
44208,0.1784782
44508,0.29182583
44708,0.21748327
44908,0.18451384
45208,0.31212008
45308,0.22799523
45508,0.18017733
45608,0.14833824
46108,0.17787665
46308,0.18958525
46508,0.28734103
46908,0.3001534
47008,0.40836346
47108,0.23093005
47208,0.21410646
47308,0.18537971
47608,0.1873422
47708,0.20426919
47808,0.17291746
47908,0.28636244
48208,0.22776777
48608,0.2348401
48708,0.044387363
49108,0.14560325
49208,0.284784
49608,0.25541243
49708,0.19180818
49908,0.18646933
50108,0.2630271
50308,0.09232933
50408,0.13721263
50608,0.092613645
50808,0.080421686
50908,0.08816996
51008,0.2422758
51208,0.09320743
51608,0.24546504
51808,0.24515997
52008,0.047540996
52108,0.21715519
52508,0.25224438
52608,0.33986372
52708,0.28319684
53208,0.28588888
53308,0.22593161
53408,0.2800116
53608,0.26822442
53908,0.24702634
54108,0.13667417
54208,0.16074444
54308,0.18573742
54408,0.17845173
54608,0.12284567
55008,0.2103899
55208,0.4315121
55408,0.32577148
55508,0.1663763
55608,0.32174483
56208,0.27431607
56508,0.2236301
56708,0.25991666
56808,0.3444285
57008,0.27990907
57108,0.2214374
57208,0.18736508
57308,0.2759089
57508,0.23422357
57908,0.15160637
58008,0.24246389
58208,0.27858758
58308,0.41497925
58508,0.19331864
58908,0.24621734
59108,0.24948746
59208,0.316523
59508,0.43127027
59608,0.18086429
59808,0.27541563
59908,0.3298746
60408,0.46855593
60508,0.32979968
60808,0.111659914
61108,0.36325136
61308,0.30229756
61408,0.22099513
61708,0.1498581
62108,0.18824407
62408,0.20124681
62708,0.18300207
62808,0.19309862
63508,0.22258137
63608,0.2240134
63708,0.17693852
63808,0.14470066
63908,0.33994406
64308,0.16316931
64408,0.23358917
9,0.15744933
109,0.17743517
409,0.014256601
609,0.20624253
709,0.16323525
1009,0.2004496
1209,0.2551883
1709,0.1461738
2209,0.14028215
2709,0.018614244
2809,0.22399162
2909,0.278229
3009,0.21478534
3109,0.20938791
3209,0.2643356
3309,0.23055302
3409,0.31740454
3709,0.06219006
4009,0.243369
4109,0.0013442492
4209,0.2294524
4409,0.28846842
4709,0.30316377
4809,0.13560954
4909,0.27184403
5109,0.24463718
5209,0.24332719
5709,0.18962517
5909,0.12248261
6209,0.19680266
6309,0.20748216
6509,0.15362395
6609,0.16486745
6809,0.15544929
6909,0.16571885
7009,0.17972328
7209,0.075586736
7409,0.14976998
7509,0.27418372
7709,0.30787125
7909,0.08643324
8109,0.26324528
8209,0.23983888
8309,0.2651487
8409,0.22845891
8509,0.20424823
8609,0.29235348
8709,0.17458959
8909,0.26266834
9009,0.16608869
9209,0.25503713
9509,0.31122923
9809,0.28425282
9909,0.30693194
10109,0.31944737
10409,0.14246291
10509,0.24147609
10609,0.18646866
10709,0.14659092
10909,0.22970764
11209,0.25536612
11309,0.20662363
11709,0.16850372
11909,0.14964898
12109,0.24861291
12409,0.14416662
12709,0.27252442
12909,0.16373509
13009,0.35047442
13409,0.19642586
13509,0.20250596
13609,0.1240171
13709,0.16606587
13909,0.3035417
14309,0.15562129
14409,0.3115581
15409,0.18438563
15609,0.21494316
15709,0.16710557
15809,0.34407112
15909,0.25365826
16109,0.26154962
16209,0.20125319
16309,0.1996846
16409,0.15592381
16509,0.07014359
16609,0.28561175
17009,0.21531451
17109,0.17134513
17209,0.17624119
17309,0.29156104
17409,0.31142098
17609,0.26208967
17709,0.16880602
17909,0.14775342
18009,0.15446804
18109,0.027081812
18209,0.027387675
18409,0.060656525
18509,0.11290339
18709,0.010573884
18809,0.21369942
19109,0.1859549
19509,0.2654215
19609,0.071269184
19709,0.2049077
19809,0.025713863
20709,0.23228934
20809,0.39877754
20909,0.1598438
21109,0.20798776
21209,0.22240844
21409,0.23820521
21809,0.21116927
22009,0.15465064
22309,0.16369501
22409,0.16588034
22509,0.1909062
22609,0.19425601
22909,0.08567335
23009,0.13493335
23209,0.16822909
23309,0.240261
23609,0.17919295
23709,0.28083158
23809,0.11613466
23909,0.22066371
24109,0.2887528
24209,0.33328328
24409,0.1346307
24509,0.15191747
24609,0.039707024
24709,0.27674446
25309,0.27212542
25409,0.33134627
25809,0.31229612
26009,0.1905768
26109,0.30403206
26209,0.18838523
26309,0.16507974
26409,0.24415845
26609,0.18064933
26709,0.25882354
26809,0.19767258
26909,0.2707726
27009,0.27124396
27309,0.1879318
27409,0.23863237
27509,0.19545637
27909,0.1884538
28009,0.11520195
28109,0.23406373
28309,0.28170735
28409,0.15421529
29009,0.24315637
29109,0.23535815
29309,0.13877308
29609,0.18066475
29709,0.16368128
29809,0.14925864
29909,0.11700698
30009,0.22913018
30109,0.31819928
30309,0.13545942
30409,0.15085584
30709,0.25575736
30809,0.27036506
31109,0.344708
31209,0.16374208
31609,0.32793537
31709,0.18654762
31809,0.28196624
31909,0.17935489
32009,0.17251317
32109,0.1966691
32809,0.16882516
33009,0.18874231
33109,0.20111543
33509,0.2686119
33709,0.16618434
33809,0.14136478
33909,0.038667746
34009,0.02876005
34209,0.055118233
34309,0.08133869
34409,0.02243272
34509,0.06357798
34609,0.19549298
34809,0.025783256
35009,0.26307103
35209,0.2664262
35309,0.31439134
35509,0.28495774
35609,0.21942429
35709,0.20393468
35909,0.34142974
36009,0.31332216
36109,0.18007532
36609,0.19949824
37209,0.19796835
37409,0.2895197
37509,0.2771344
37609,0.36319304
37709,0.1746373
38109,0.12563284
38209,0.123424225
38309,0.1427677
38409,0.17971991
38609,0.13081855
38809,0.1557507
39109,0.18935832
39209,0.11486154
39309,0.122168235
39409,0.25485587
39609,0.26850837
39709,0.006299528
39909,0.25900683
40009,0.32823622
40209,0.26404458
40509,0.27596363
40609,0.2522717
41809,0.3648496
42009,0.2978459
42709,0.3092762
42909,0.15003711
43609,0.20760697
44209,0.25709456
44509,0.20701912
44709,0.30928427
44909,0.10592911
45209,0.2234511
45309,0.18083331
45509,0.19988304
45609,0.17316899
46109,0.12882222
46309,0.17621274
46509,0.38391158
46909,0.24915472
47009,0.13506883
47109,0.28171515
47209,0.2722846
47309,0.18497129
47609,0.2498658
47709,0.14218739
47809,0.1693588
47909,0.2870028
48209,0.29914176
48609,0.2812697
48709,0.10706996
49109,0.14735991
49209,0.17631857
49609,0.3008799
49709,0.13048312
49909,0.14336607
50109,0.14160363
50309,0.05989927
50409,0.01691896
50609,0.09538554
50809,0.022892797
50909,0.09094478
51009,0.15731406
51209,0.025880067
51609,0.21924569
51809,0.27174285
52009,0.08413767
52109,0.28324476
52509,0.29221636
52609,0.42817122
52709,0.27135122
53209,0.23244019
53309,0.2921097
53409,0.12180407
53609,0.17403917
53909,0.30096173
54109,0.18275087
54209,0.17380618
54309,0.11896159
54409,0.1512634
54609,0.09422225
55009,0.13892747
55209,0.1953104
55409,0.12698577
55509,0.08347493
55609,0.18914995
56209,0.29350588
56509,0.27092013
56709,0.2539813
56809,0.30503446
57009,0.2165702
57109,0.21959397
57209,0.22595297
57309,0.16011392
57509,0.24988572
57909,0.18562335
58009,0.34232762
58209,0.24676739
58309,0.09808303
58509,0.26147607
58909,0.10392079
59109,0.28435394
59209,0.41454878
59509,0.12113425
59609,0.2734151
59809,0.29614538
59909,0.23771007
60409,0.32784373
60509,0.21372437
60809,0.13557075
61109,0.24822712
61309,0.25530916
61409,0.29708806
61709,0.13807875
62109,0.17174102
62409,0.21712185
62709,0.1791408
62809,0.16795978
63509,0.26272357
63609,0.25652128
63709,0.19594622
63809,0.18271463
63909,0.31661376
64309,0.13433246
64409,0.19439478
10,0.17637357
110,0.32097352
410,0.7072415
610,0.46065813
710,0.3625928
1010,0.34517753
1210,0.6680114
1710,0.31471577
2210,0.7262901
2710,0.08763855
2810,0.55981153
2910,0.5322877
3010,0.51154447
3110,0.49227524
3210,0.6311426
3310,0.58111477
3410,0.6631027
3710,0.30990788
4010,0.39535388
4110,0.6422661
4210,0.29206148
4410,0.4965235
4710,0.40032408
4810,0.35090312
4910,0.389968
5110,0.2560216
5210,0.46360576
5710,0.4286763
5910,0.3144508
6210,0.4752402
6310,0.3552786
6510,0.40128255
6610,0.36756396
6810,0.5109625
6910,0.32080507
7010,0.389243
7210,0.25803638
7410,0.3832648
7510,0.585829
7710,0.5723649
7910,0.15227512
8110,0.46738547
8210,0.35722625
8310,0.43096483
8410,0.36265728
8510,0.42434323
8610,0.39715093
8710,0.39697686
8910,0.31638888
9010,0.50434136
9210,0.2916874
9510,0.5630878
9810,0.3887461
9910,0.5836318
10110,0.51392466
10410,0.24166173
10510,0.35761395
10610,0.27907532
10710,0.33843368
10910,0.37366283
11210,0.31574658
11310,0.411651
11710,0.41110602
11910,0.35958138
12110,0.44032413
12410,0.3882947
12710,0.4781589
12910,0.5234185
13010,0.36486456
13410,0.3522923
13510,0.38954386
13610,0.28707024
13710,0.41598853
13910,0.33084753
14310,0.49338248
14410,0.57115465
15410,0.57166696
15610,0.3885921
15710,0.42712355
15810,0.49689233
15910,0.4492111
16110,0.48305923
16210,0.48784366
16310,0.40948746
16410,0.20271617
16510,0.76238525
16610,0.5051692
17010,0.35748193
17110,0.28400034
17210,0.3058844
17310,0.43724182
17410,0.5684785
17610,0.41689724
17710,0.4306356
17910,0.32001624
18010,0.22003378
18110,0.109545745
18210,0.098574616
18410,0.66271144
18510,0.56904453
18710,0.02751811
18810,0.49405226
19110,0.5524296
19510,0.5339985
19610,0.4455366
19710,0.74769795
19810,0.10417306
20710,0.47589692
20810,0.48112822
20910,0.5107972
21110,0.41048902
21210,0.4689605
21410,0.45410553
21810,0.455131
22010,0.3040601
22310,0.2633855
22410,0.4913423
22510,0.47058523
22610,0.42805648
22910,0.25920984
23010,0.56862646
23210,0.27671105
23310,0.2929083
23610,0.22303334
23710,0.29136592
23810,0.48531255
23910,0.43317148
24110,0.5168229
24210,0.46023023
24410,0.3138654
24510,0.31738514
24610,0.24876711
24710,0.3493602
25310,0.76671207
25410,0.40541163
25810,0.68852985
26010,0.62255794
26110,0.54039586
26210,0.30794153
26310,0.3043329
26410,0.34932148
26610,0.3628167
26710,0.52843535
26810,0.36191064
26910,0.42885104
27010,0.3500607
27310,0.45443407
27410,0.5414508
27510,0.3631159
27910,0.32009456
28010,0.13383158
28110,0.60675603
28310,0.3821611
28410,0.4749722
29010,0.41993064
29110,0.489816
29310,0.39927852
29610,0.31245136
29710,0.5908172
29810,0.44682968
29910,0.31662855
30010,0.56998634
30110,0.63621867
30310,0.3913742
30410,0.31831667
30710,0.5996796
30810,0.44552767
31110,0.46232444
31210,0.4257771
31610,0.49048287
31710,0.6047313
31810,0.48010355
31910,0.5077189
32010,0.42198288
32110,0.2087171
32810,0.338785
33010,0.24244277
33110,0.2771037
33510,0.49793932
33710,0.31348133
33810,0.22146505
33910,0.21259162
34010,0.6310985
34210,0.5205751
34310,0.58350873
34410,0.4228115
34510,0.51534027
34610,0.5055945
34810,0.57222307
35010,0.45119697
35210,0.5294092
35310,0.45962033
35510,0.5387796
35610,0.41169894
35710,0.7666681
35910,0.553229
36010,0.525826
36110,0.40050322
36610,0.6994881
37210,0.34499207
37410,0.3578476
37510,0.39061585
37610,0.57574373
37710,0.43327022
38110,0.4632661
38210,0.37943164
38310,0.33646834
38410,0.38090992
38610,0.4453075
38810,0.3793206
39110,0.28692648
39210,0.44964862
39310,0.2569556
39410,0.3868825
39610,0.2617457
39710,0.083574384
39910,0.46948406
40010,0.53085005
40210,0.6310388
40510,0.4320171
40610,0.45356366
41810,0.6107897
42010,0.42666182
42710,0.56271327
42910,0.29484862
43610,0.5919911
44210,0.55015945
44510,0.20096827
44710,0.54286206
44910,0.43773085
45210,0.32125604
45310,0.29029676
45510,0.44644806
45610,0.40421128
46110,0.41844484
46310,0.42491928
46510,0.67932457
46910,0.4307429
47010,0.18804872
47110,0.43246612
47210,0.48544243
47310,0.45143872
47610,0.38812548
47710,0.36887115
47810,0.39529905
47910,0.5147929
48210,0.5015053
48610,0.38765964
48710,0.81363344
49110,0.35911563
49210,0.5569611
49610,0.5150911
49710,0.28447443
49910,0.3636628
50110,0.24404773
50310,0.49918604
50410,0.028340586
50610,0.28097335
50810,0.069323
50910,0.7610094
51010,0.5594107
51210,0.5083756
51610,0.38189143
51810,0.48882937
52010,0.7365365
52110,0.42806023
52510,0.32487047
52610,0.5956764
52710,0.2923286
53210,0.40520534
53310,0.3957365
53410,0.17562613
53610,0.41019014
53910,0.5823444
54110,0.31047916
54210,0.44017476
54310,0.3752762
54410,0.44580057
54610,0.35368466
55010,0.45747927
55210,0.40311536
55410,0.2538622
55510,0.27289551
55610,0.5452589
56210,0.35571343
56510,0.44365302
56710,0.40362892
56810,0.37590548
57010,0.6134319
57110,0.3991005
57210,0.3700639
57310,0.33888233
57510,0.5021851
57910,0.3431146
58010,0.6131996
58210,0.33111578
58310,0.22029741
58510,0.45427632
58910,0.25169834
59110,0.605021
59210,0.5936655
59510,0.40416345
59610,0.49405187
59810,0.54353964
59910,0.61298406
60410,0.5944186
60510,0.29328784
60810,0.3260634
61110,0.3059739
61310,0.55695313
61410,0.6522004
61710,0.29591393
62110,0.6136755
62410,0.4412914
62710,0.4653336
62810,0.31464943
63510,0.57411724
63610,0.5675879
63710,0.44925708
63810,0.4451826
63910,0.5837057
64310,0.32409903
64410,0.5217805
11,0.434214
111,0.3883397
411,0.9752819
611,0.30991545
711,0.2515086
1011,0.37563092
1211,0.19055666
1711,0.36235183
2211,0.12660977
2711,0.010937413
2811,0.2210758
2911,0.24970242
3011,0.280733
3111,0.3063714
3211,0.40570232
3311,0.3072403
3411,0.20770377
3711,0.027383178
4011,0.28997886
4111,0.022424981
4211,0.36617744
4411,0.280419
4711,0.2701085
4811,0.20061733
4911,0.4303229
5111,0.4048905
5211,0.25791836
5711,0.27086473
5911,0.18780676
6211,0.27016714
6311,0.2760111
6511,0.2441483
6611,0.21287908
6811,0.31083497
6911,0.20296438
7011,0.10233267
7211,0.26343983
7411,0.4627683
7511,0.42681035
7711,0.24971853
7911,0.0656118
8111,0.3104855
8211,0.24362397
8311,0.26576203
8411,0.37883723
8511,0.31297824
8611,0.30596173
8711,0.27340642
8911,0.37332025
9011,0.09494027
9211,0.26698413
9511,0.26247048
9811,0.29858425
9911,0.14886735
10111,0.25762337
10411,0.21357675
10511,0.2511607
10611,0.21721183
10711,0.33562267
10911,0.24281147
11211,0.25515202
11311,0.10046857
11711,0.28801474
11911,0.20318349
12111,0.23940182
12411,0.15252993
12711,0.2730506
12911,0.1915116
13011,0.28005603
13411,0.23378046
13511,0.17269261
13611,0.24426843
13711,0.21953174
13911,0.4113106
14311,0.21910748
14411,0.19538927
15411,0.23732567
15611,0.2661763
15711,0.19034004
15811,0.36601132
15911,0.2406537
16111,0.31179714
16211,0.25825956
16311,0.33156216
16411,0.46975058
16511,0.8792328
16611,0.37010038
17011,0.2541544
17111,0.3956724
17211,0.3500412
17311,0.34757584
17411,0.4076061
17611,0.35811812
17711,0.2143668
17911,0.34677988
18011,0.40265343
18111,0.030686645
18211,0.016251115
18411,0.01647702
18511,0.12502272
18711,0.011935156
18811,0.24541864
19111,0.2600834
19511,0.2756307
19611,0.036038637
19711,0.09538967
19811,0.01783374
20711,0.23914719
20811,0.4217685
20911,0.4579476
21111,0.299107
21211,0.44820184
21411,0.18216717
21811,0.26210716
22011,0.24201088
22311,0.47244066
22411,0.32801872
22511,0.25878173
22611,0.30736792
22911,0.31420186
23011,0.16731058
23211,0.39147455
23311,0.40996054
23611,0.17622791
23711,0.3689385
23811,0.1332701
23911,0.2867132
24111,0.30115393
24211,0.22422469
24411,0.061212044
24511,0.08846225
24611,0.034025613
24711,0.23294136
25311,0.41533607
25411,0.35940114
25811,0.20957287
26011,0.2202402
26111,0.18824057
26211,0.31673667
26311,0.20336969
26411,0.3664617
26611,0.24817415
26711,0.2777143
26811,0.15194762
26911,0.21218376
27011,0.330323
27311,0.20640513
27411,0.4000627
27511,0.34899235
27911,0.084854595
28011,0.11995846
28111,0.23527014
28311,0.28138217
28411,0.2192046
29011,0.2364682
29111,0.27279544
29311,0.2087745
29611,0.39086077
29711,0.28387395
29811,0.19980304
29911,0.22759272
30011,0.20317292
30111,0.19187425
30311,0.22907911
30411,0.17811756
30711,0.2016477
30811,0.27889356
31111,0.24707973
31211,0.19880395
31611,0.267
31711,0.2000756
31811,0.2549826
31911,0.2618011
32011,0.24851327
32111,0.39252695
32811,0.21095952
33011,0.4539751
33111,0.41814247
33511,0.29767182
33711,0.3502832
33811,0.40974656
33911,0.034000967
34011,0.036565084
34211,0.027807651
34311,0.16134606
34411,0.016881788
34511,0.030835278
34611,0.12515841
34811,0.018598828
35011,0.25899273
35211,0.2356491
35311,0.29673856
35511,0.2335253
35611,0.28439912
35711,0.10023743
35911,0.3903164
36011,0.27243757
36111,0.19323437
36611,0.33964851
37211,0.41751736
37411,0.3580823
37511,0.39397296
37611,0.21216299
37711,0.22935396
38111,0.306201
38211,0.2190753
38311,0.27378067
38411,0.22643541
38611,0.2055357
38811,0.2350282
39111,0.09801189
39211,0.18632296
39311,0.32968238
39411,0.116031595
39611,0.41613123
39711,0.4128704
39911,0.32043537
40011,0.20011011
40211,0.21031836
40511,0.27925315
40611,0.27048388
41811,0.20800139
42011,0.33718768
42711,0.26869506
42911,0.19573532
43611,0.24372645
44211,0.21492049
44511,0.23519151
44711,0.28953284
44911,0.19341718
45211,0.4941192
45311,0.43512797
45511,0.23737203
45611,0.23681352
46111,0.18726055
46311,0.24552718
46511,0.24036215
46911,0.34290293
47011,0.11309315
47111,0.20663619
47211,0.29411054
47311,0.33319992
47611,0.25262338
47711,0.32391718
47811,0.26273584
47911,0.21699667
48211,0.30241174
48611,0.4029946
48711,0.77914196
49111,0.18348178
49211,0.2607465
49611,0.37384042
49711,0.33682263
49911,0.22110128
50111,0.4345964
50311,0.030337492
50411,0.020005269
50611,0.042964943
50811,0.010967729
50911,0.06101237
51011,0.094447486
51211,0.026780756
51611,0.35888478
51811,0.19568895
52011,0.035087306
52111,0.3375637
52511,0.37063044
52611,0.28252918
52711,0.22049893
53211,0.38802525
53311,0.39769417
53411,0.45301262
53611,0.2834687
53911,0.2725251
54111,0.1715808
54211,0.20596176
54311,0.19295035
54411,0.20807625
54611,0.43227783
55011,0.2085398
55211,0.07719552
55411,0.18282121
55511,0.081155874
55611,0.33649617
56211,0.31593686
56511,0.32858574
56711,0.32435802
56811,0.27420625
57011,0.17970188
57111,0.28943092
57211,0.29982796
57311,0.21325162
57511,0.23507622
57911,0.21320787
58011,0.19903868
58211,0.26595744
58311,0.10664102
58511,0.259405
58911,0.3122327
59111,0.21730283
59211,0.2220774
59511,0.06775497
59611,0.21644649
59811,0.30011314
59911,0.29022142
60411,0.22517309
60511,0.24791493
60811,0.20814493
61111,0.31267276
61311,0.26851207
61411,0.18529719
61711,0.22241539
62111,0.29636854
62411,0.30005246
62711,0.264691
62811,0.1979757
63511,0.24633344
63611,0.26831034
63711,0.3743814
63811,0.2640517
63911,0.23410408
64311,0.19530304
64411,0.29182786
12,0.16842039
112,0.21889807
412,0.47332627
612,0.15252616
712,0.07299681
1012,0.22328293
1212,0.13278787
1712,0.10761704
2212,0.039476275
2712,0.013299161
2812,0.09115175
2912,0.1752415
3012,0.16378942
3112,0.18162416
3212,0.27394915
3312,0.20649399
3412,0.10599255
3712,0.03258529
4012,0.18118025
4112,0.072368115
4212,0.26957494
4412,0.10374392
4712,0.27344367
4812,0.090966485
4912,0.2835629
5112,0.33862278
5212,0.18357126
5712,0.0909193
5912,0.068858005
6212,0.13535295
6312,0.122854844
6512,0.062935
6612,0.08800235
6812,0.09361445
6912,0.4054317
7012,0.117927186
7212,0.45232797
7412,0.17305449
7512,0.23583698
7712,0.1459344
7912,0.06511921
8112,0.16633846
8212,0.1677756
8312,0.1578058
8412,0.13282947
8512,0.15441725
8612,0.18975069
8712,0.12701847
8912,0.1373091
9012,0.078325294
9212,0.10378584
9512,0.21775225
9812,0.14208649
9912,0.11639071
10112,0.16816323
10412,0.05072206
10512,0.09004855
10612,0.14027682
10712,0.10667694
10912,0.19973195
11212,0.10273266
11312,0.25327578
11712,0.6410252
11912,0.0691738
12112,0.16919549
12412,0.08629979
12712,0.1467451
12912,0.12170221
13012,0.17584793
13412,0.054204095
13512,0.14788446
13612,0.06169179
13712,0.083267234
13912,0.29240936
14312,0.06283303
14412,0.17495824
15412,0.12534778
15612,0.1345472
15712,0.083515756
15812,0.11799515
15912,0.11287446
16112,0.20099564
16212,0.09490598
16312,0.22348595
16412,0.21157472
16512,0.16652268
16612,0.19186243
17012,0.10751494
17112,0.16124584
17212,0.17946512
17312,0.18754496
17412,0.21704905
17612,0.25501832
17712,0.16819665
17912,0.122307606
18012,0.14151736
18112,0.13398217
18212,0.021784578
18412,0.020384846
18512,0.03661183
18712,0.04440244
18812,0.120775685
19112,0.17952685
19512,0.1548276
19612,0.02889274
19712,0.06908814
19812,0.021527397
20712,0.11369095
20812,0.36376265
20912,0.17055242
21112,0.20118043
21212,0.1552974
21412,0.14431019
21812,0.13905275
22012,0.091675594
22312,0.15709819
22412,0.09001208
22512,0.105055586
22612,0.09863138
22912,0.6408113
23012,0.2768093
23212,0.24542421
23312,0.41154304
23612,0.13103318
23712,0.32277793
23812,0.15636343
23912,0.10142552
24112,0.15235534
24212,0.30713326
24412,0.071588494
24512,0.12956466
24612,0.042623784
24712,0.16208176
25312,0.3228332
25412,0.29418766
25812,0.107517235
26012,0.11949361
26112,0.121364474
26212,0.121717215
26312,0.065381646
26412,0.16346715
26612,0.09730104
26712,0.1963969
26812,0.46907777
26912,0.1439379
27012,0.102546476
27312,0.10282328
27412,0.20776433
27512,0.54537374
27912,0.13835481
28012,0.19342025
28112,0.17405665
28312,0.24527983
28412,0.08134946
29012,0.09129011
29112,0.11161539
29312,0.10427296
29612,0.23508942
29712,0.1264202
29812,0.06617405
29912,0.074260555
30012,0.12894182
30112,0.12737267
30312,0.07504658
30412,0.07345676
30712,0.16721572
30812,0.13109009
31112,0.15612671
31212,0.08181491
31612,0.11450393
31712,0.11931021
31812,0.13734242
31912,0.1121016
32012,0.07626955
32112,0.22145842
32812,0.058979042
33012,0.17570652
33112,0.2096367
33512,0.18872729
33712,0.11256067
33812,0.092077166
33912,0.05288468
34012,0.0070565096
34212,0.027013408
34312,0.024990238
34412,0.0051695793
34512,0.027847324
34612,0.0865049
34812,0.011221689
35012,0.12018221
35212,0.2261908
35312,0.22974202
35512,0.15565412
35612,0.098480456
35712,0.06708508
35912,0.24413994
36012,0.17975236
36112,0.08302616
36612,0.18497828
37212,0.24759597
37412,0.2446859
37512,0.22093387
37612,0.16907983
37712,0.08184279
38112,0.07710608
38212,0.06184775
38312,0.106846415
38412,0.078305796
38612,0.07867118
38812,0.089003816
39112,0.130075
39212,0.6875927
39312,0.64648354
39412,0.27128232
39612,0.30752048
39712,0.0050266054
39912,0.13690536
40012,0.17402111
40212,0.18574387
40512,0.118583106
40612,0.18755719
41812,0.193719
42012,0.15823963
42712,0.19395034
42912,0.11554126
43612,0.13944288
44212,0.13093454
44512,0.25270563
44712,0.22183669
44912,0.073783495
45212,0.27264512
45312,0.1790003
45512,0.09981854
45612,0.09072424
46112,0.10067147
46312,0.10002566
46512,0.23530312
46912,0.20715697
47012,0.13733509
47112,0.12514436
47212,0.15662372
47312,0.11743664
47612,0.1171663
47712,0.071012534
47812,0.071623206
47912,0.19112025
48212,0.21297774
48612,0.20987424
48712,0.20554583
49112,0.0723299
49212,0.11082804
49612,0.22110517
49712,0.57539165
49912,0.09326687
50112,0.10713664
50312,0.024353994
50412,0.0774628
50612,0.16377176
50812,0.031191973
50912,0.023146255
51012,0.08496554
51212,0.014773133
51612,0.5002459
51812,0.17016882
52012,0.029161109
52112,0.27431452
52512,0.19742516
52612,0.19131981
52712,0.28779224
53212,0.19322419
53312,0.4221028
53412,0.46942064
53612,0.13515188
53912,0.16027921
54112,0.052989356
54212,0.10110224
54312,0.083095655
54412,0.06791586
54612,0.036908098
55012,0.09291767
55212,0.14285237
55412,0.36177334
55512,0.119047955
55612,0.22515243
56212,0.22588961
56512,0.23570727
56712,0.21215357
56812,0.18636335
57012,0.15618508
57112,0.11222761
57212,0.09865106
57312,0.2531311
57512,0.13650206
57912,0.10211618
58012,0.14518373
58212,0.13258033
58312,0.06647547
58512,0.1376888
58912,0.18190499
59112,0.17991948
59212,0.18536586
59512,0.083187245
59612,0.1595698
59812,0.17203294
59912,0.18077023
60412,0.14750713
60512,0.21654254
60812,0.06352844
61112,0.13574958
61312,0.15146987
61412,0.11830473
61712,0.08949436
62112,0.10295925
62412,0.14939614
62712,0.068083614
62812,0.08157693
63512,0.1386116
63612,0.13730422
63712,0.09200607
63812,0.050565306
63912,0.1430257
64312,0.067142285
64412,0.112004414
13,0.23321114
113,0.28231317
413,0.0031370742
613,0.3328783
713,0.2138669
1013,0.33354735
1213,0.19195664
1713,0.33013514
2213,0.13651106
2713,0.0014438045
2813,0.28178307
2913,0.34986943
3013,0.26840037
3113,0.23173955
3213,0.23687351
3313,0.32471249
3413,0.24150155
3713,0.015401785
4013,0.30603662
4113,4.0436975e-05
4213,0.29955843
4413,0.24822852
4713,0.39375454
4813,0.21677154
4913,0.3429642
5113,0.20481917
5213,0.3058144
5713,0.1622418
5913,0.2267107
6213,0.32989234
6313,0.27972537
6513,0.1752683
6613,0.27151436
6813,0.17387438
6913,0.064162485
7013,0.07649466
7213,0.032602556
7413,0.19797085
7513,0.34411284
7713,0.27807406
7913,0.051535007
8113,0.28417158
8213,0.18637034
8313,0.28398177
8413,0.23722073
8513,0.3141825
8613,0.27999315
8713,0.35527995
8913,0.19447516
9013,0.13262168
9213,0.16349253
9513,0.31468895
9813,0.37256062
9913,0.3198084
10113,0.24194051
10413,0.21542105
10513,0.22233595
10613,0.24624828
10713,0.22742094
10913,0.34318352
11213,0.19307137
11313,0.09240497
11713,0.12625732
11913,0.19587511
12113,0.32693332
12413,0.25447524
12713,0.31779745
12913,0.34660542
13013,0.40430328
13413,0.20600893
13513,0.34510678
13613,0.21265084
13713,0.23877366
13913,0.3404352
14313,0.20647103
14413,0.40432787
15413,0.2525768
15613,0.29263124
15713,0.27886203
15813,0.24836516
15913,0.2607773
16113,0.32998765
16213,0.23664515
16313,0.27838138
16413,0.22738282
16513,0.059822846
16613,0.28518087
17013,0.23449476
17113,0.33841243
17213,0.29431707
17313,0.31081733
17413,0.30303925
17613,0.39073893
17713,0.22766887
17913,0.3311993
18013,0.255488
18113,0.004070233
18213,0.002628869
18413,0.004563017
18513,0.13307306
18713,0.0023712486
18813,0.38102165
19113,0.23767646
19513,0.3394552
19613,0.014530266
19713,0.19904396
19813,0.0060193925
20713,0.31313235
20813,0.3549599
20913,0.17519487
21113,0.30498865
21213,0.19983925
21413,0.30451837
21813,0.26393914
22013,0.3077676
22313,0.271219
22413,0.20097935
22513,0.24726589
22613,0.21028753
22913,0.034153953
23013,0.010434316
23213,0.23057318
23313,0.42028758
23613,0.21711625
23713,0.37424913
23813,0.08857614
23913,0.22723241
24113,0.2993912
24213,0.2984406
24413,0.06422231
24513,0.07615875
24613,0.012204514
24713,0.2463272
25313,0.3491272
25413,0.30393022
25813,0.20438458
26013,0.34183514
26113,0.17403904
26213,0.23428397
26313,0.17616704
26413,0.28322685
26613,0.22453539
26713,0.3812342
26813,0.23914702
26913,0.2423912
27013,0.20121805
27313,0.24282227
27413,0.22454152
27513,0.14990668
27913,0.07376381
28013,0.08312386
28113,0.309878
28313,0.37303105
28413,0.19835931
29013,0.22972631
29113,0.26097476
29313,0.22896682
29613,0.28542855
29713,0.2192777
29813,0.21295927
29913,0.19588523
30013,0.28495672
30113,0.42086902
30313,0.18920852
30413,0.22138423
30713,0.28037155
30813,0.25654203
31113,0.27720505
31213,0.24065736
31613,0.28343147
31713,0.36626583
31813,0.32109347
31913,0.20964631
32013,0.20602179
32113,0.28469983
32813,0.22882605
33013,0.37715778
33113,0.33401752
33513,0.3124904
33713,0.31855795
33813,0.3101748
33913,0.0026461047
34013,0.008535334
34213,0.0055640033
34313,0.07731859
34413,0.0028020865
34513,0.010318101
34613,0.12928198
34813,0.0020211318
35013,0.2279965
35213,0.3187879
35313,0.46506414
35513,0.3406583
35613,0.19746593
35713,0.19114938
35913,0.34104684
36013,0.31775957
36113,0.29424584
36613,0.30138707
37213,0.31228518
37413,0.3334871
37513,0.25759393
37613,0.32008833
37713,0.20699316
38113,0.16993257
38213,0.21380368
38313,0.19957155
38413,0.2472284
38613,0.19073516
38813,0.21585305
39113,0.10587574
39213,0.04445569
39313,0.11686671
39413,0.13981904
39613,0.2859865
39713,0.005535044
39913,0.23937221
40013,0.21574818
40213,0.3164683
40513,0.23467126
40613,0.40153587
41813,0.42449868
42013,0.46411186
42713,0.28805932
42913,0.22409481
43613,0.20731252
44213,0.3577739
44513,0.17995736
44713,0.31229421
44913,0.18466356
45213,0.41247642
45313,0.28269497
45513,0.20078288
45613,0.2815215
46113,0.2504102
46313,0.2558969
46513,0.39032933
46913,0.36539584
47013,0.07473426
47113,0.34511063
47213,0.26945108
47313,0.26774845
47613,0.27663484
47713,0.18397808
47813,0.17767753
47913,0.32803908
48213,0.35573027
48613,0.29841432
48713,0.069390826
49113,0.21821746
49213,0.21949542
49613,0.32990628
49713,0.10009312
49913,0.23462379
50113,0.28339642
50313,0.0041796705
50413,0.008815405
50613,0.026884196
50813,0.002395118
50913,0.028294502
51013,0.12358269
51213,0.0029071216
51613,0.19787881
51813,0.24528302
52013,0.022813119
52113,0.28022206
52513,0.32233757
52613,0.377206
52713,0.35539567
53213,0.3790025
53313,0.36318696
53413,0.27807593
53613,0.24882698
53913,0.2931563
54113,0.22671439
54213,0.25844046
54313,0.22021225
54413,0.22040127
54613,0.14291465
55013,0.20344627
55213,0.053016502
55413,0.08630991
55513,0.061194617
55613,0.2594977
56213,0.29377922
56513,0.3480312
56713,0.333994
56813,0.2827193
57013,0.24058335
57113,0.23047222
57213,0.25439143
57313,0.120905995
57513,0.4059514
57913,0.2540824
58013,0.3240157
58213,0.2914008
58313,0.07317873
58513,0.2478572
58913,0.18299909
59113,0.40983784
59213,0.35513464
59513,0.0318096
59613,0.30576217
59813,0.32645229
59913,0.26713654
60413,0.19984443
60513,0.15269114
60813,0.19228378
61113,0.22767213
61313,0.2300109
61413,0.31317523
61713,0.2520535
62113,0.1597287
62413,0.29262
62713,0.22973351
62813,0.24429351
63513,0.34070134
63613,0.27633476
63713,0.1873281
63813,0.2076461
63913,0.28152943
64313,0.20413217
64413,0.16011004
14,0.11316808
114,0.13942349
414,0.0026083626
614,0.23969576
714,0.14958839
1014,0.18578225
1214,0.15724793
1714,0.26449266
2214,0.24012974
2714,0.02321015
2814,0.1287691
2914,0.23481722
3014,0.217891
3114,0.2155859
3214,0.24447203
3314,0.16654478
3414,0.14833239
3714,0.059454437
4014,0.30161348
4114,0.09493224
4214,0.22461544
4414,0.18544376
4714,0.34205392
4814,0.12035948
4914,0.18824024
5114,0.25130615
5214,0.27299422
5714,0.18510514
5914,0.100629814
6214,0.28209662
6314,0.20366251
6514,0.1346725
6614,0.21298915
6814,0.17166919
6914,0.043554306
7014,0.13466115
7214,0.047211673
7414,0.15453243
7514,0.18230437
7714,0.19510025
7914,0.07435477
8114,0.23072222
8214,0.16085981
8314,0.20991202
8414,0.19605674
8514,0.16803728
8614,0.21987328
8714,0.24660511
8914,0.18166621
9014,0.22988102
9214,0.17046978
9514,0.2018264
9814,0.26996332
9914,0.27450234
10114,0.24546036
10414,0.1534684
10514,0.16924569
10614,0.19296847
10714,0.07125341
10914,0.32674578
11214,0.19369818
11314,0.086978965
11714,0.07549099
11914,0.14895003
12114,0.20800355
12414,0.10735098
12714,0.2753707
12914,0.15700878
13014,0.19938572
13414,0.15877128
13514,0.15060993
13614,0.15617315
13714,0.20399994
13914,0.16513194
14314,0.16526441
14414,0.18817793
15414,0.18373926
15614,0.2189132
15714,0.16740626
15814,0.15634623
15914,0.17718767
16114,0.23718305
16214,0.19061649
16314,0.15631132
16414,0.13307111
16514,0.046772778
16614,0.1508436
17014,0.19703597
17114,0.17565987
17214,0.1761413
17314,0.16926819
17414,0.37013805
17614,0.28431857
17714,0.13188964
17914,0.3180978
18014,0.21547416
18114,0.016734507
18214,0.023991965
18414,0.08756474
18514,0.24709862
18714,0.009424646
18814,0.30969632
19114,0.13722336
19514,0.19167207
19614,0.0786969
19714,0.2550786
19814,0.024438487
20714,0.1570009
20814,0.24991044
20914,0.16721529
21114,0.273236
21214,0.14888372
21414,0.25721958
21814,0.23923466
22014,0.16997603
22314,0.099204525
22414,0.18307723
22514,0.17460124
22614,0.1929974
22914,0.031389974
23014,0.1274059
23214,0.16493079
23314,0.16042525
23614,0.2271267
23714,0.20374739
23814,0.45045656
23914,0.14143364
24114,0.15228504
24214,0.19852775
24414,0.15777034
24514,0.10754188
24614,0.22524947
24714,0.1555157
25314,0.26229152
25414,0.27246433
25814,0.23546746
26014,0.15833549
26114,0.1454249
26214,0.1547134
26314,0.17593965
26414,0.20951322
26614,0.17177835
26714,0.26800016
26814,0.098037064
26914,0.18506159
27014,0.15262139
27314,0.13977882
27414,0.1813658
27514,0.08823004
27914,0.063852675
28014,0.08086617
28114,0.21064314
28314,0.3173641
28414,0.13960283
29014,0.21278228
29114,0.21940516
29314,0.20085381
29614,0.22005193
29714,0.17527634
29814,0.14130363
29914,0.11394872
30014,0.25787836
30114,0.1631023
30314,0.17223807
30414,0.1608408
30714,0.23280182
30814,0.15512106
31114,0.2647238
31214,0.1404961
31614,0.20697229
31714,0.16238569
31814,0.22325025
31914,0.17268607
32014,0.112004764
32114,0.15049005
32814,0.18903227
33014,0.20266636
33114,0.18566066
33514,0.22198474
33714,0.26766154
33814,0.21340926
33914,0.0522344
34014,0.21436429
34214,0.120474055
34314,0.3475994
34414,0.06859394
34514,0.12264374
34614,0.17991984
34814,0.09336047
35014,0.1811964
35214,0.2199611
35314,0.38300455
35514,0.1728722
35614,0.14078416
35714,0.25046924
35914,0.17892632
36014,0.24357009
36114,0.16021782
36614,0.2027458
37214,0.21496657
37414,0.2846301
37514,0.21484275
37614,0.36049467
37714,0.17049916
38114,0.13274139
38214,0.13367203
38314,0.17455196
38414,0.17835864
38614,0.10240467
38814,0.1230597
39114,0.14024577
39214,0.04187123
39314,0.05968691
39414,0.10182054
39614,0.1909476
39714,0.08917876
39914,0.16924244
40014,0.1629684
40214,0.32167086
40514,0.15154865
40614,0.32324544
41814,0.18913108
42014,0.3752744
42714,0.30082816
42914,0.20025462
43614,0.14941014
44214,0.23330389
44514,0.15782157
44714,0.28896856
44914,0.11042406
45214,0.20045196
45314,0.14140628
45514,0.17623241
45614,0.20158175
46114,0.14842352
46314,0.17231216
46514,0.2351706
46914,0.30775443
47014,0.0574425
47114,0.22161944
47214,0.25653717
47314,0.2233537
47614,0.18850654
47714,0.13242029
47814,0.13809037
47914,0.21975754
48214,0.24594821
48614,0.19382712
48714,0.07060337
49114,0.13206641
49214,0.18907474
49614,0.17042322
49714,0.070944324
49914,0.14964236
50114,0.21679987
50314,0.07263065
50414,0.015298315
50614,0.09313164
50814,0.022404071
50914,0.23974429
51014,0.24005845
51214,0.21010318
51614,0.10414809
51814,0.23141925
52014,0.18225074
52114,0.26438507
52514,0.20633294
52614,0.3650133
52714,0.32724562
53214,0.14801005
53314,0.21778023
53414,0.20949942
53614,0.11331438
53914,0.21002918
54114,0.13327481
54214,0.19273247
54314,0.12034733
54414,0.1571342
54614,0.097499594
55014,0.10802906
55214,0.12722358
55414,0.054641984
55514,0.35152173
55614,0.20027573
56214,0.23928966
56514,0.21960257
56714,0.20916013
56814,0.22743174
57014,0.39608353
57114,0.18083668
57214,0.178308
57314,0.0891519
57514,0.2915093
57914,0.18446313
58014,0.23115434
58214,0.15757811
58314,0.10132226
58514,0.16666749
58914,0.1252879
59114,0.22447589
59214,0.18175185
59514,0.11645993
59614,0.19770794
59814,0.2057676
59914,0.23263426
60414,0.22308722
60514,0.15353715
60814,0.16606444
61114,0.16387238
61314,0.3015902
61414,0.15766032
61714,0.1464141
62114,0.16717868
62414,0.25231525
62714,0.18558827
62814,0.21005224
63514,0.21523722
63614,0.2797493
63714,0.18041256
63814,0.15649733
63914,0.2270959
64314,0.13567749
64414,0.16155377
15,0.15127464
115,0.21882279
415,0.004042203
615,0.16696411
715,0.15733862
1015,0.13777211
1215,0.09451117
1715,0.13103677
2215,0.056077305
2715,0.0057157623
2815,0.2608223
2915,0.32946536
3015,0.18745145
3115,0.27881944
3215,0.2311339
3315,0.22501074
3415,0.18817869
3715,0.027662106
4015,0.24154444
4115,0.0007212965
4215,0.3332788
4415,0.3401914
4715,0.24762474
4815,0.1807824
4915,0.38157403
5115,0.3807154
5215,0.22538115
5715,0.19663689
5915,0.17131534
6215,0.15207002
6315,0.12707491
6515,0.22383223
6615,0.11086408
6815,0.14455262
6915,0.073213436
7015,0.07667979
7215,0.02623975
7415,0.30750826
7515,0.24692032
7715,0.19382204
7915,0.09452338
8115,0.26768595
8215,0.23419514
8315,0.25433117
8415,0.3507877
8515,0.13153948
8615,0.23351927
8715,0.100472614
8915,0.19246306
9015,0.059353273
9215,0.2069143
9515,0.32470664
9815,0.30653074
9915,0.20281237
10115,0.31818616
10415,0.18061738
10515,0.17319943
10615,0.3210592
10715,0.32810837
10915,0.17715591
11215,0.16326128
11315,0.10994887
11715,0.11171476
11915,0.1783556
12115,0.36207318
12415,0.20857905
12715,0.14771047
12915,0.22605184
13015,0.37768748
13415,0.11554386
13515,0.24581999
13615,0.22776558
13715,0.2347171
13915,0.47847435
14315,0.174029
14415,0.26021343
15415,0.19312398
15615,0.12703303
15715,0.26677048
15815,0.27355286
15915,0.14111678
16115,0.29342228
16215,0.21127878
16315,0.26322636
16415,0.19093743
16515,0.044095356
16615,0.30019218
17015,0.20080307
17115,0.12818192
17215,0.13904093
17315,0.20191324
17415,0.21258005
17615,0.2584414
17715,0.1662989
17915,0.110814825
18015,0.1353254
18115,0.014047451
18215,0.008670552
18415,0.018896842
18515,0.044301674
18715,0.0076720216
18815,0.14640239
19115,0.20213135
19515,0.20987351
19615,0.024284406
19715,0.119295426
19815,0.012222508
20715,0.30354092
20815,0.35953262
20915,0.21332514
21115,0.16517559
21215,0.24762227
21415,0.1542939
21815,0.20087777
22015,0.31193984
22315,0.3966825
22415,0.17641732
22515,0.1373001
22615,0.18825722
22915,0.045864783
23015,0.037643302
23215,0.29801354
23315,0.40405545
23615,0.19916803
23715,0.33249226
23815,0.08070838
23915,0.2363043
24115,0.24310355
24215,0.22569083
24415,0.08696493
24515,0.10166396
24615,0.028106656
24715,0.21305029
25315,0.1570276
25415,0.4402029
25815,0.17996666
26015,0.2386952
26115,0.14882313
26215,0.26482707
26315,0.17890915
26415,0.35479766
26615,0.14642875
26715,0.1679707
26815,0.15859218
26915,0.22954719
27015,0.14792764
27315,0.28923884
27415,0.28248045
27515,0.15213647
27915,0.14013572
28015,0.17219059
28115,0.24520864
28315,0.19929655
28415,0.21899195
29015,0.17242268
29115,0.17566621
29315,0.13293634
29615,0.30114624
29715,0.17554803
29815,0.17161372
29915,0.22892624
30015,0.17009434
30115,0.21565135
30315,0.22176124
30415,0.22058275
30715,0.15478334
30815,0.37081766
31115,0.1877685
31215,0.22245146
31615,0.30862963
31715,0.23638366
31815,0.23269168
31915,0.1849881
32015,0.27928454
32115,0.2082792
32815,0.20850095
33015,0.17351021
33115,0.22433269
33515,0.2439267
33715,0.09668919
33815,0.10634976
33915,0.012056907
34015,0.004358627
34215,0.01506089
34315,0.020934967
34415,0.004517821
34515,0.022277838
34615,0.121491246
34815,0.0035129234
35015,0.23348932
35215,0.22932556
35315,0.21107282
35515,0.22779669
35615,0.18325967
35715,0.14196448
35915,0.34859884
36015,0.3401298
36115,0.26825908
36615,0.18579963
37215,0.17958127
37415,0.30657727
37515,0.35429817
37615,0.2757313
37715,0.2255412
38115,0.17082809
38215,0.16224714
38315,0.15504615
38415,0.15386674
38615,0.1714702
38815,0.22692229
39115,0.13486345
39215,0.03470001
39315,0.12900035
39415,0.18686402
39615,0.42059955
39715,0.045356836
39915,0.29680225
40015,0.2348255
40215,0.14227971
40515,0.29554066
40615,0.23298459
41815,0.32521826
42015,0.20103675
42715,0.24692005
42915,0.32918411
43615,0.2530512
44215,0.17234698
44515,0.32352293
44715,0.18514122
44915,0.16616948
45215,0.33909172
45315,0.34730294
45515,0.23780029
45615,0.11730345
46115,0.22398348
46315,0.14445063
46515,0.27488813
46915,0.18489246
47015,0.1598438
47115,0.17059866
47215,0.2637564
47315,0.18113773
47615,0.34217048
47715,0.16543649
47815,0.17548683
47915,0.27395326
48215,0.262075
48615,0.29062107
48715,0.04418857
49115,0.28417987
49215,0.19174464
49615,0.39652538
49715,0.12250585
49915,0.2123869
50115,0.1284627
50315,0.0237767
50415,0.01684113
50615,0.041993186
50815,0.009133092
50915,0.015373431
51015,0.09501459
51215,0.0065658917
51615,0.16027534
51815,0.2648296
52015,0.038159948
52115,0.29883066
52515,0.33806276
52615,0.32194236
52715,0.1849463
53215,0.38074124
53315,0.3002671
53415,0.23214437
53615,0.22936934
53915,0.27649266
54115,0.11948017
54215,0.14095609
54315,0.21372592
54415,0.14927214
54615,0.21546413
55015,0.2078526
55215,0.13783042
55415,0.1105877
55515,0.09136928
55615,0.33143035
56215,0.39738363
56515,0.25984976
56715,0.3592015
56815,0.2494756
57015,0.09296352
57115,0.1435779
57215,0.20452207
57315,0.116718866
57515,0.1429626
57915,0.22868307
58015,0.30694696
58215,0.16442315
58315,0.054092474
58515,0.28924754
58915,0.34623554
59115,0.21980816
59215,0.2923584
59515,0.07356537
59615,0.21225439
59815,0.27880228
59915,0.2826991
60415,0.18443333
60515,0.28500503
60815,0.16147113
61115,0.35388947
61315,0.20029299
61415,0.3126795
61715,0.25657564
62115,0.1529142
62415,0.201829
62715,0.16073692
62815,0.17578094
63515,0.24741088
63615,0.23581938
63715,0.18449698
63815,0.117554456
63915,0.23118266
64315,0.17978358
64415,0.27512956
16,0.34779325
116,0.40457633
416,0.032342523
616,0.36756617
716,0.26073202
1016,0.37265524
1216,0.33819872
1716,0.43852395
2216,0.17115138
2716,0.014760403
2816,0.38545802
2916,0.4673475
3016,0.40784192
3116,0.30129033
3216,0.3403219
3316,0.4071343
3416,0.4310712
3716,0.09961895
4016,0.39472124
4116,0.0011754395
4216,0.3860258
4416,0.37967825
4716,0.43502605
4816,0.33837587
4916,0.47146258
5116,0.38553384
5216,0.40114275
5716,0.30576727
5916,0.30336803
6216,0.32987735
6316,0.260385
6516,0.30697948
6616,0.28646174
6816,0.29659894
6916,0.071957946
7016,0.21092999
7216,0.06552123
7416,0.39393097
7516,0.464227
7716,0.42139566
7916,0.15072647
8116,0.37315992
8216,0.31603488
8316,0.33698592
8416,0.37720618
8516,0.43703032
8616,0.40906644
8716,0.39329618
8916,0.4507867
9016,0.18405457
9216,0.2822269
9516,0.47822446
9816,0.49773645
9916,0.355817
10116,0.44486898
10416,0.23078321
10516,0.33219516
10616,0.41438153
10716,0.39546373
10916,0.34694675
11216,0.3163495
11316,0.13432632
11716,0.15731744
11916,0.2719944
12116,0.44225204
12416,0.34406355
12716,0.36455134
12916,0.3326208
13016,0.45572397
13416,0.23935074
13516,0.40199298
13616,0.23679072
13716,0.31572962
13916,0.4893988
14316,0.27598748
14416,0.46860442
15416,0.358258
15616,0.27763495
15716,0.35316205
15816,0.41830048
15916,0.3564575
16116,0.40034568
16216,0.30196398
16316,0.32001445
16416,0.37548754
16516,0.082712464
16616,0.41016543
17016,0.2833507
17116,0.3872664
17216,0.40233
17316,0.44896975
17416,0.3251055
17616,0.4121164
17716,0.39175197
17916,0.42052805
18016,0.44448495
18116,0.019051043
18216,0.015514665
18416,0.03126009
18516,0.2313276
18716,0.009127548
18816,0.38070717
19116,0.34604034
19516,0.4226968
19616,0.100523494
19716,0.2312402
19816,0.039174166
20716,0.37674442
20816,0.4887508
20916,0.36243019
21116,0.36572018
21216,0.30429065
21416,0.41252244
21816,0.377241
22016,0.34398034
22316,0.3872707
22416,0.30360532
22516,0.2769977
22616,0.29920468
22916,0.06421181
23016,0.08152359
23216,0.38938087
23316,0.43565226
23616,0.23224503
23716,0.40409017
23816,0.22097337
23916,0.34392765
24116,0.40217176
24216,0.3888799
24416,0.18950063
24516,0.20304619
24616,0.10039894
24716,0.36848146
25316,0.3276031
25416,0.4309291
25816,0.37461215
26016,0.36792073
26116,0.39533976
26216,0.33941752
26316,0.29519144
26416,0.42737612
26616,0.30856293
26716,0.455402
26816,0.2075477
26916,0.35074207
27016,0.36172742
27316,0.38614103
27416,0.33839834
27516,0.22320272
27916,0.18700856
28016,0.15661924
28116,0.43071768
28316,0.39847702
28416,0.31799233
29016,0.289914
29116,0.33705568
29316,0.28383368
29616,0.39830115
29716,0.34319487
29816,0.25122195
29916,0.3139957
30016,0.3724334
30116,0.43314245
30316,0.30968553
30416,0.25381175
30716,0.3742704
30816,0.3645474
31116,0.4204791
31216,0.31601918
31616,0.3970465
31716,0.3860713
31816,0.38286293
31916,0.29160756
32016,0.3236512
32116,0.47036818
32816,0.30156887
33016,0.39521283
33116,0.38748017
33516,0.39891282
33716,0.41461584
33816,0.3829624
33916,0.013093008
34016,0.034708012
34216,0.037806965
34316,0.16205737
34416,0.035036795
34516,0.06650111
34616,0.3366047
34816,0.015115268
35016,0.39676294
35216,0.34340185
35316,0.4549137
35516,0.41842863
35616,0.4009763
35716,0.2884538
35916,0.44860178
36016,0.47202513
36116,0.32450223
36616,0.38105774
37216,0.44827867
37416,0.42561772
37516,0.37190378
37616,0.47860637
37716,0.35409793
38116,0.2891919
38216,0.2434301
38316,0.27482873
38416,0.27643847
38616,0.32584018
38816,0.35200712
39116,0.22029008
39216,0.041168056
39316,0.14130409
39416,0.2109097
39616,0.36127645
39716,0.032466736
39916,0.38410306
40016,0.4069202
40216,0.3379697
40516,0.39617518
40616,0.47925335
41816,0.49328846
42016,0.4079453
42716,0.4163363
42916,0.33570224
43616,0.36191082
44216,0.34319562
44516,0.27152827
44716,0.3854819
44916,0.26614597
45216,0.407699
45316,0.38814843
45516,0.36182696
45616,0.2417195
46116,0.32435057
46316,0.27847692
46516,0.51161116
46916,0.4227574
47016,0.17993936
47116,0.36158553
47216,0.38108897
47316,0.30083743
47616,0.41628763
47716,0.28851783
47816,0.31467032
47916,0.40671995
48216,0.3912604
48616,0.4620945
48716,0.106991395
49116,0.29732046
49216,0.31118068
49616,0.43999606
49716,0.13772511
49916,0.3073431
50116,0.41388527
50316,0.043113314
50416,0.01155203
50616,0.049548026
50816,0.010951881
50916,0.078548424
51016,0.3077279
51216,0.035294294
51616,0.26591805
51816,0.31192866
52016,0.11851796
52116,0.36603943
52516,0.3918832
52616,0.36253417
52716,0.39423144
53216,0.36475152
53316,0.50088364
53416,0.273494
53616,0.3668852
53916,0.518655
54116,0.23801373
54216,0.27488923
54316,0.29756728
54416,0.26254347
54616,0.33555588
55016,0.3372846
55216,0.13278136
55416,0.112911105
55516,0.12975566
55616,0.40168658
56216,0.4095966
56516,0.3931768
56716,0.40646258
56816,0.34142968
57016,0.28949386
57116,0.41114703
57216,0.37485418
57316,0.18551269
57516,0.3414321
57916,0.2783863
58016,0.39854464
58216,0.3460722
58316,0.24478586
58516,0.42813626
58916,0.35142145
59116,0.45481768
59216,0.45109797
59516,0.14268966
59616,0.39329517
59816,0.46190244
59916,0.37004775
60416,0.40224963
60516,0.29540756
60816,0.23048958
61116,0.40278372
61316,0.34446752
61416,0.4862926
61716,0.3328094
62116,0.3002552
62416,0.38144988
62716,0.25121582
62816,0.26712835
63516,0.38640806
63616,0.37271568
63716,0.31365925
63816,0.23450428
63916,0.41240385
64316,0.29550776
64416,0.3186306
17,0.42156917
117,0.33966482
417,0.019184843
617,0.21339308
717,0.2797153
1017,0.4288857
1217,0.15138985
1717,0.3553585
2217,0.11568432
2717,0.015116241
2817,0.16622135
2917,0.22310576
3017,0.21965633
3117,0.24261768
3217,0.1742127
3317,0.14058307
3417,0.2337796
3717,0.060016755
4017,0.23850024
4117,0.0010966084
4217,0.25638875
4417,0.29091218
4717,0.2646718
4817,0.23572451
4917,0.26618904
5117,0.29029223
5217,0.2522705
5717,0.31431916
5917,0.2646833
6217,0.2040519
6317,0.24264915
6517,0.25495717
6617,0.23165086
6817,0.21436787
6917,0.0487705
7017,0.16555016
7217,0.055418674
7417,0.21400899
7517,0.20745203
7717,0.26001891
7917,0.21388562
8117,0.30492246
8217,0.28759304
8317,0.29775187
8417,0.32374707
8517,0.28918073
8617,0.3475401
8717,0.28611034
8917,0.36666572
9017,0.19449623
9217,0.37310246
9517,0.22827171
9817,0.33860838
9917,0.25496638
10117,0.27462703
10417,0.33004913
10517,0.31918904
10617,0.33182287
10717,0.2861843
10917,0.2777408
11217,0.3484842
11317,0.084965006
11717,0.058199905
11917,0.24577975
12117,0.27206463
12417,0.23438884
12717,0.25462902
12917,0.19175011
13017,0.3080425
13417,0.27080533
13517,0.24735692
13617,0.32037795
13717,0.261761
13917,0.37436196
14317,0.24755351
14417,0.22583327
15417,0.21130474
15617,0.22077264
15717,0.24485043
15817,0.31274644
15917,0.2575977
16117,0.19834617
16217,0.25900027
16317,0.28323665
16417,0.3808073
16517,0.065585405
16617,0.24876195
17017,0.33534348
17117,0.45899272
17217,0.47732177
17317,0.38121456
17417,0.30508327
17617,0.21781377
17717,0.21019274
17917,0.36891404
18017,0.46930987
18117,0.016798848
18217,0.021610834
18417,0.014965774
18517,0.15022025
18717,0.018101424
18817,0.27320915
19117,0.15691134
19517,0.26853606
19617,0.044067014
19717,0.14809799
19817,0.05031486
20717,0.20767345
20817,0.2713765
20917,0.16313122
21117,0.21688539
21217,0.27976963
21417,0.28497103
21817,0.30075085
22017,0.293802
22317,0.36869773
22417,0.24436255
22517,0.24852695
22617,0.22774108
22917,0.032392666
23017,0.053102676
23217,0.2558329
23317,0.23157816
23617,0.33397552
23717,0.26456305
23817,0.12532905
23917,0.26186192
24117,0.2631438
24217,0.21341643
24417,0.15532006
24517,0.16300358
24617,0.058536425
24717,0.35891172
25317,0.1312646
25417,0.33438742
25817,0.17849888
26017,0.15473218
26117,0.26788512
26217,0.34614718
26317,0.28998184
26417,0.3328942
26617,0.2352588
26717,0.21843173
26817,0.06709547
26917,0.32640108
27017,0.37431
27317,0.18963933
27417,0.1745686
27517,0.11141042
27917,0.14660238
28017,0.21128392
28117,0.24259914
28317,0.26418942
28417,0.24887875
29017,0.2676147
29117,0.2519293
29317,0.1992918
29617,0.24824563
29717,0.21337949
29817,0.28584749
29917,0.26552784
30017,0.2642799
30117,0.15791844
30317,0.24384281
30417,0.3069206
30717,0.26262993
30817,0.30203432
31117,0.36179358
31217,0.23620488
31617,0.27119556
31717,0.15743263
31817,0.25030962
31917,0.23136225
32017,0.23932987
32117,0.42944813
32817,0.26511022
33017,0.41105533
33117,0.4506808
33517,0.25159505
33717,0.39779308
33817,0.43722966
33917,0.016207965
34017,0.028153213
34217,0.0207495
34317,0.120046556
34417,0.017359326
34517,0.032655496
34617,0.20134223
34817,0.007393071
35017,0.28346553
35217,0.2277599
35317,0.29049367
35517,0.26472786
35617,0.2855475
35717,0.122990884
35917,0.22157717
36017,0.25764194
36117,0.2492182
36617,0.1655463
37217,0.22882627
37417,0.2609794
37517,0.2687698
37617,0.24329937
37717,0.24646862
38117,0.2037842
38217,0.27832064
38317,0.2417564
38417,0.27353907
38617,0.1780439
38817,0.22856219
39117,0.21259539
39217,0.015762163
39317,0.06388349
39417,0.13998891
39617,0.28438956
39717,0.22657393
39917,0.30356926
40017,0.30996972
40217,0.21351404
40517,0.31654683
40617,0.2844605
41817,0.23676299
42017,0.31235838
42717,0.27330032
42917,0.31820443
43617,0.18771565
44217,0.24275784
44517,0.3151564
44717,0.26243094
44917,0.22655767
45217,0.25926074
45317,0.32853335
45517,0.23557517
45617,0.25520882
46117,0.21144973
46317,0.27593067
46517,0.24383086
46917,0.34870005
47017,0.21241285
47117,0.32285962
47217,0.25101027
47317,0.23272522
47617,0.3214018
47717,0.20355731
47817,0.24440086
47917,0.24705903
48217,0.23357092
48617,0.35234603
48717,0.05078888
49117,0.27105847
49217,0.23331082
49617,0.26216042
49717,0.08954769
49917,0.22587034
50117,0.42513657
50317,0.023827953
50417,0.024831826
50617,0.035672758
50817,0.015834382
50917,0.033841692
51017,0.16626143
51217,0.015816923
51617,0.09736258
51817,0.24013901
52017,0.03191838
52117,0.20274386
52517,0.3322846
52617,0.2682343
52717,0.2269811
53217,0.31165096
53317,0.15470593
53417,0.1836832
53617,0.22131395
53917,0.20521864
54117,0.28258708
54217,0.2610456
54317,0.20331375
54417,0.2390064
54617,0.33014888
55017,0.22336316
55217,0.1024768
55417,0.07334376
55517,0.115482055
55617,0.21730359
56217,0.33419317
56517,0.26416355
56717,0.33912942
56817,0.2964374
57017,0.2049643
57117,0.29553962
57217,0.2846485
57317,0.1049524
57517,0.31326258
57917,0.31215918
58017,0.23184903
58217,0.33559355
58317,0.23777725
58517,0.30018494
58917,0.25910774
59117,0.19774273
59217,0.283477
59517,0.08476973
59617,0.29321384
59817,0.18557401
59917,0.17002417
60417,0.23846349
60517,0.3482797
60817,0.22908168
61117,0.35603482
61317,0.3168878
61417,0.15585645
61717,0.2545727
62117,0.20783587
62417,0.26200253
62717,0.2547032
62817,0.29148418
63517,0.22484164
63617,0.241887
63717,0.2614227
63817,0.24187616
63917,0.25255966
64317,0.25611007
64417,0.23893471
18,0.121630006
118,0.17747235
418,0.0015746026
618,0.2247226
718,0.11423665
1018,0.13441643
1218,0.07897378
1718,0.13443084
2218,0.03942091
2718,0.002170381
2818,0.119895704
2918,0.20103768
3018,0.19599718
3118,0.12886947
3218,0.16383475
3318,0.22790511
3418,0.09810928
3718,0.010795182
4018,0.22793518
4118,0.0007234205
4218,0.19011693
4418,0.1288895
4718,0.32159606
4818,0.092496425
4918,0.4702438
5118,0.23815691
5218,0.19801338
5718,0.102969944
5918,0.124785215
6218,0.17340595
6318,0.11344251
6518,0.10050733
6618,0.12948543
6818,0.1312835
6918,0.03941
7018,0.05057475
7218,0.021662679
7418,0.156941
7518,0.26452315
7718,0.11864625
7918,0.042071518
8118,0.15155818
8218,0.092144534
8318,0.10812379
8418,0.13603099
8518,0.114741445
8618,0.1345636
8718,0.10386881
8918,0.112286486
9018,0.05068482
9218,0.07807832
9518,0.21226992
9818,0.11560197
9918,0.11201439
10118,0.10792211
10418,0.061037272
10518,0.1009992
10618,0.19209188
10718,0.32491362
10918,0.19785352
11218,0.09179459
11318,0.07210602
11718,0.04417875
11918,0.10569929
12118,0.15724494
12418,0.10213355
12718,0.22577523
12918,0.11634518
13018,0.37182027
13418,0.08649626
13518,0.19738862
13618,0.07554232
13718,0.105915464
13918,0.42521188
14318,0.09854012
14418,0.13197184
15418,0.13334486
15618,0.1730206
15718,0.09472525
15818,0.10224716
15918,0.117134154
16118,0.17190868
16218,0.11963056
16318,0.19387935
16418,0.15112466
16518,0.02018822
16618,0.15354142
17018,0.09835073
17118,0.1512617
17218,0.1544584
17318,0.14672413
17418,0.14878896
17618,0.27154595
17718,0.18108927
17918,0.15921079
18018,0.14700712
18118,0.0049691945
18218,0.0041264175
18418,0.0061392356
18518,0.037128612
18718,0.0030830877
18818,0.12952556
19118,0.19595721
19518,0.12199112
19618,0.014065371
19718,0.05335302
19818,0.007506438
20718,0.11664044
20818,0.33352324
20918,0.20164588
21118,0.24562515
21218,0.136714
21418,0.1571121
21818,0.1680449
22018,0.119070515
22318,0.24981993
22418,0.16764957
22518,0.12858069
22618,0.15389964
22918,0.018049257
23018,0.029592693
23218,0.21991818
23318,0.34865412
23618,0.102945134
23718,0.21861467
23818,0.09872624
23918,0.086281866
24118,0.11283588
24218,0.17426273
24418,0.04284319
24518,0.056618363
24618,0.02377816
24718,0.11296395
25318,0.19332081
25418,0.2894947
25818,0.10267358
26018,0.13930805
26118,0.08868815
26218,0.10309194
26318,0.07778081
26418,0.272194
26618,0.12231878
26718,0.20741934
26818,0.06668996
26918,0.09307655
27018,0.07294537
27318,0.11547121
27418,0.14138012
27518,0.07158559
27918,0.07268899
28018,0.072344236
28118,0.145667
28318,0.2680809
28418,0.119154185
29018,0.12722456
29118,0.16940048
29318,0.14015436
29618,0.23606007
29718,0.15031826
29818,0.1051605
29918,0.10097647
30018,0.1710327
30118,0.1534189
30318,0.097712316
30418,0.084223524
30718,0.14264482
30818,0.11214198
31118,0.13339828
31218,0.08326922
31618,0.117468394
31718,0.13427447
31818,0.14610854
31918,0.12953022
32018,0.118889496
32118,0.18571183
32818,0.07960581
33018,0.17095
33118,0.18605481
33518,0.16704552
33718,0.12427872
33818,0.10213808
33918,0.004654001
34018,0.003574313
34218,0.009468614
34318,0.027069133
34418,0.002641144
34518,0.010840851
34618,0.04802945
34818,0.0024435264
35018,0.09529298
35218,0.17859076
35318,0.30946752
35518,0.112886555
35618,0.0828301
35718,0.05669654
35918,0.18162538
36018,0.16994338
36118,0.10170994
36618,0.18558143
37218,0.22042975
37418,0.2620895
37518,0.17518374
37618,0.25958404
37718,0.1059286
38118,0.09844091
38218,0.07544354
38318,0.12851837
38418,0.11316015
38618,0.14438312
38818,0.1907651
39118,0.0745518
39218,0.012452777
39318,0.04268476
39418,0.104738384
39618,0.25796986
39718,0.04038825
39918,0.10501217
40018,0.106535666
40218,0.14079216
40518,0.09460352
40618,0.16935754
41818,0.15547849
42018,0.14889698
42718,0.21343438
42918,0.13042846
43618,0.11422595
44218,0.14715217
44518,0.113013186
44718,0.21557018
44918,0.09605758
45218,0.3606763
45318,0.21331383
45518,0.12185006
45618,0.13092265
46118,0.12707287
46318,0.12546816
46518,0.19531757
46918,0.19859284
47018,0.066373415
47118,0.110960506
47218,0.16810298
47318,0.18583979
47618,0.12522271
47718,0.109099925
47818,0.09110692
47918,0.15026908
48218,0.18225466
48618,0.1845863
48718,0.026605472
49118,0.081209674
49218,0.113653876
49618,0.19424152
49718,0.0493235
49918,0.084282465
50118,0.12913933
50318,0.008290133
50418,0.0059685884
50618,0.031898696
50818,0.0059362445
50918,0.012651675
51018,0.05331516
51218,0.006539414
51618,0.070771195
51818,0.086496286
52018,0.014895781
52118,0.20308903
52518,0.14920816
52618,0.25238547
52718,0.22516336
53218,0.18156004
53318,0.3377712
53418,0.19769852
53618,0.1630436
53918,0.21130463
54118,0.071094446
54218,0.12869214
54318,0.116937384
54418,0.09328611
54618,0.103327855
55018,0.106965885
55218,0.06788383
55418,0.040504284
55518,0.055461086
55618,0.18423572
56218,0.16358283
56518,0.15606876
56718,0.12493217
56818,0.123689584
57018,0.13089445
57118,0.09524396
57218,0.08635165
57318,0.053760543
57518,0.16284542
57918,0.09954715
58018,0.11616092
58218,0.07904892
58318,0.04422175
58518,0.116941065
58918,0.16379386
59118,0.14626865
59218,0.14330786
59518,0.026648976
59618,0.1376492
59818,0.15668513
59918,0.15702273
60418,0.10550147
60518,0.15263525
60818,0.0975509
61118,0.1376179
61318,0.20426482
61418,0.16712156
61718,0.17227289
62118,0.14057355
62418,0.18441695
62718,0.111620076
62818,0.08957077
63518,0.14483663
63618,0.16286989
63718,0.13384041
63818,0.10342441
63918,0.12511009
64318,0.094000064
64418,0.10315098
