Id,Probability
0,0.046628498
100,0.065978155
400,8.585655e-05
600,0.023812473
700,0.07949658
1000,0.0460054
1200,0.01344175
1700,0.040026855
2200,0.026295062
2700,1.04671235e-05
2800,0.012870501
2900,0.040942512
3000,0.010535508
3100,0.03748498
3200,0.026835917
3300,0.031857606
3400,0.00891131
3700,0.009632113
4000,0.022422392
4100,5.0831783e-10
4200,0.060437903
4400,0.024021717
4700,0.012158203
4800,0.078686036
4900,0.01698117
5100,0.030864203
5200,0.07652329
5700,0.042952895
5900,0.06423704
6200,0.042614438
6300,0.05622128
6500,0.032983135
6600,0.028218294
6800,0.039312646
6900,0.00028465895
7000,0.011408619
7200,7.5799e-05
7400,0.059896797
7500,0.049214564
7700,0.033763394
7900,0.036244884
8100,0.05064971
8200,0.03552172
8300,0.046939194
8400,0.050770175
8500,0.060798954
8600,0.051484454
8700,0.0487909
8900,0.051810198
9000,0.043368246
9200,0.04898877
9500,0.016426284
9800,0.051475577
9900,0.029934581
10100,0.035509918
10400,0.06518667
10500,0.04803151
10600,0.031884626
10700,0.029148057
10900,0.03416676
11200,0.051792398
11300,0.008285903
11700,0.011686531
11900,0.07912939
12100,0.02885039
12400,0.034132328
12700,0.027521687
12900,0.021519935
13000,0.017995892
13400,0.05700053
13500,0.07767667
13600,0.041711837
13700,0.0487039
13900,0.03873737
14300,0.035025932
14400,0.0020632388
15400,0.0005661565
15600,0.059093688
15700,0.024833018
15800,0.03864472
15900,0.03401832
16100,0.024977688
16200,0.05939003
16300,0.048874293
16400,0.049485546
16500,0.00033812437
16600,0.035654407
17000,0.06962027
17100,0.051096454
17200,0.057696242
17300,0.021283077
17400,0.017170897
17600,0.0051788576
17700,0.04962796
17900,0.03011556
18000,0.050927207
18100,0.00015582578
18200,3.7395443e-05
18400,0.0013115421
18500,0.025243372
18700,6.140299e-06
18800,0.0588951
19100,0.026903527
19500,0.067968406
19600,0.0007612305
19700,0.013133112
19800,0.00084590935
20700,0.064937696
20800,0.015504952
20900,0.05682904
21100,0.046071343
21200,0.03981588
21400,0.024741327
21800,0.03317708
22000,0.0662597
22300,0.02268321
22400,0.04384061
22500,0.047270644
22600,0.044095356
22900,2.43861e-06
23000,0.00022578349
23200,0.05215477
23300,0.037005093
23600,0.040273637
23700,0.02607726
23800,0.040930174
23900,0.044758853
24100,0.069915846
24200,0.06844178
24400,0.0026111333
24500,0.040552463
24600,0.004708631
24700,0.03655455
25300,0.024143826
25400,0.06712679
25800,0.0071570403
26000,0.0015933244
26100,0.022533387
26200,0.03676003
26300,0.064119965
26400,0.0033097595
26600,0.057713028
26700,0.028116012
26800,0.003915287
26900,0.04205639
27000,0.050625633
27300,0.052314896
27400,0.056576215
27500,0.0074321833
27900,0.007944395
28000,0.04417254
28100,0.0006240174
28300,0.0456271
28400,0.042300362
29000,0.005106928
29100,0.056908004
29300,0.06301131
29600,0.030085865
29700,0.0013834041
29800,0.025066674
29900,0.06757326
30000,0.05798067
30100,0.002573307
30300,0.05937185
30400,0.053568155
30700,0.00030191342
30800,0.04410938
31100,0.00054212817
31200,0.037857346
31600,0.060382407
31700,0.004577056
31800,0.018204957
31900,0.042756945
32000,0.043662917
32100,0.043371905
32800,0.03890081
33000,0.050050285
33100,0.034770668
33500,0.039522264
33700,0.03583185
33800,0.04452637
33900,1.8322311e-05
34000,0.010761626
34200,0.000110475834
34300,0.03675011
34400,0.0012316643
34500,0.004093259
34600,0.057107154
34800,1.2415042e-05
35000,0.044419337
35200,0.024218824
35300,0.0094814785
35500,0.0503079
35600,0.045718927
35700,0.011976789
35900,0.018117283
36000,0.01569213
36100,0.06573397
36600,0.0012927366
37200,0.04970125
37400,0.059020054
37500,0.04593532
37600,0.011464478
37700,0.045554675
38100,0.057643633
38200,0.052103933
38300,0.05803007
38400,0.051101368
38600,0.074027926
38800,0.03996916
39100,0.011234183
39200,3.70581e-05
39300,0.0027727047
39400,0.026462225
39600,0.048136458
39700,0.001412275
39900,0.04645929
40000,0.058215786
40200,0.04887533
40500,0.055794604
40600,0.052657478
41800,0.002759643
42000,0.043491352
42700,0.025249606
42900,0.06499232
43600,0.0024320285
44200,0.019201571
44500,0.057336118
44700,0.030996775
44900,0.03505506
45200,0.017799066
45300,0.07004281
45500,0.03160176
45600,0.069606945
46100,0.026409147
46300,0.059857424
46500,0.00014002592
46900,0.03496843
47000,0.030222135
47100,0.00039098196
47200,0.030962495
47300,0.06673319
47600,0.023750193
47700,0.056610018
47800,0.045317315
47900,0.030055827
48200,0.035270587
48600,0.041506246
48700,0.0014420865
49100,0.024039246
49200,0.06878572
49600,0.03059443
49700,0.0027408656
49900,0.07357974
50100,0.03916371
50300,0.005570765
50400,0.00059175905
50600,0.0026677675
50800,6.884684e-05
50900,0.0013084285
51000,0.04062111
51200,0.00026442
51600,0.0039201854
51800,0.06956251
52000,0.0023735072
52100,0.045002375
52500,0.036061022
52600,0.007279421
52700,0.007365857
53200,0.030465614
53300,0.023858795
53400,0.016076831
53600,0.05255434
53900,0.023755018
54100,0.008279218
54200,0.049036175
54300,0.05260103
54400,0.06398478
54600,0.068891525
55000,0.05192128
55200,0.0027483036
55400,0.0011643835
55500,0.04605687
55600,0.08329377
56200,0.06551094
56500,0.07221117
56700,0.049434625
56800,0.03900706
57000,0.028503306
57100,0.061782055
57200,0.04640181
57300,0.0430218
57500,0.04512132
57900,0.05016816
58000,0.029251056
58200,0.010363247
58300,0.033187795
58500,0.03305377
58900,0.05448198
59100,0.0029959881
59200,0.0014817418
59500,0.0029097593
59600,0.004266842
59800,0.0305976
59900,0.034248017
60400,0.0103311995
60500,0.06702794
60800,0.037720874
61100,0.039142955
61300,0.0011113192
61400,0.0020886618
61700,0.08093158
62100,0.0009338023
62400,0.042796396
62700,0.06206296
62800,0.051851816
63500,0.00051718834
63600,0.03607304
63700,0.05525799
63800,0.05740347
63900,0.051358692
64300,0.06809304
64400,0.035415195
1,0.09778253
101,0.06656966
401,0.25839147
601,0.034941353
701,0.10310497
1001,0.081450455
1201,0.4738285
1701,0.099562414
2201,0.06761267
2701,0.9971378
2801,0.018450666
2901,0.040467486
3001,0.020301256
3101,0.36157954
3201,0.033230256
3301,0.018519083
3401,0.10478336
3701,0.30658123
4001,0.039024226
4101,0.99999577
4201,0.11749433
4401,0.015127674
4701,0.034735102
4801,0.083769895
4901,0.020619562
5101,0.06907132
5201,0.07409636
5701,0.051759765
5901,0.025026238
6201,0.1772935
6301,0.08711035
6501,0.09838917
6601,0.08897588
6801,0.09528479
6901,0.66470027
7001,0.428635
7201,0.98971856
7401,0.052995514
7501,0.21203135
7701,0.119600475
7901,0.4115623
8101,0.07416541
8201,0.3910324
8301,0.0689076
8401,0.03167583
8501,0.08258792
8601,0.096058324
8701,0.15172513
8901,0.09246258
9001,0.20448937
9201,0.14553902
9501,0.012768304
9801,0.07401787
9901,0.0403326
10101,0.03729077
10401,0.04083578
10501,0.110131904
10601,0.033921145
10701,0.11462612
10901,0.07049783
11201,0.1323336
11301,0.15015854
11701,0.44004104
11901,0.098367244
12101,0.018545821
12401,0.03901397
12701,0.060126923
12901,0.021052564
13001,0.024154428
13401,0.030232968
13501,0.047569003
13601,0.06586678
13701,0.06907272
13901,0.0566793
14301,0.16944025
14401,0.002340451
15401,0.0019095597
15601,0.1108932
15701,0.01690985
15801,0.051648848
15901,0.13595925
16101,0.0359296
16201,0.04972188
16301,0.07756036
16401,0.07055161
16501,0.107995324
16601,0.08159794
17001,0.11197754
17101,0.1689977
17201,0.063976616
17301,0.118743524
17401,0.036229923
17601,0.010249397
17701,0.048040178
17901,0.21922478
18001,0.090501145
18101,0.97528553
18201,0.99307597
18401,0.60184455
18501,0.1618827
18701,0.99895614
18801,0.044412125
19101,0.028662035
19501,0.062362317
19601,0.66983396
19701,0.07266672
19801,0.92107815
20701,0.03689184
20801,0.007751433
20901,0.05232001
21101,0.10499375
21201,0.09868016
21401,0.041719064
21801,0.20763586
22001,0.044167794
22301,0.16242257
22401,0.033273242
22501,0.16968219
22601,0.0808513
22901,0.36775172
23001,0.9519798
23201,0.061044253
23301,0.14205234
23601,0.106603235
23701,0.056596246
23801,0.17554185
23901,0.06117846
24101,0.046831585
24201,0.042472906
24401,0.84586006
24501,0.049717255
24601,0.8607365
24701,0.15679818
25301,0.045737498
25401,0.02482757
25801,0.013510273
26001,0.00557413
26101,0.05220207
26201,0.030595373
26301,0.14926954
26401,0.0060735317
26601,0.06042858
26701,0.03791541
26801,0.092783526
26901,0.122149006
27001,0.0675119
27301,0.029114036
27401,0.026675688
27501,0.7142953
27901,0.026869072
28001,0.25186145
28101,0.0048795156
28301,0.058502544
28401,0.13073324
29001,0.008381859
29101,0.053538643
29301,0.09293558
29601,0.03247805
29701,0.0026022154
29801,0.09688228
29901,0.07412191
30001,0.120007485
30101,0.0046504275
30301,0.17905636
30401,0.06888638
30701,0.0018863418
30801,0.026185608
31101,0.001267091
31201,0.020251483
31601,0.05949652
31701,0.005517175
31801,0.009112349
31901,0.045174498
32001,0.06824843
32101,0.08616966
32801,0.105495654
33001,0.07329397
33101,0.060484007
33501,0.06464188
33701,0.17282136
33801,0.13164823
33901,0.9935554
34001,0.5589406
34201,0.97388464
34301,0.123812325
34401,0.9184418
34501,0.7894721
34601,0.07954564
34801,0.98886204
35001,0.22247353
35201,0.52451587
35301,0.025979238
35501,0.058722097
35601,0.04041035
35701,0.033793453
35901,0.0177284
36001,0.009111417
36101,0.12762351
36601,0.0024713404
37201,0.13042985
37401,0.03613248
37501,0.0593931
37601,0.0134204095
37701,0.033337466
38101,0.10368818
38201,0.0885773
38301,0.082785495
38401,0.06471469
38601,0.09625793
38801,0.06154453
39101,0.6142606
39201,0.43030095
39301,0.310937
39401,0.108851716
39601,0.060947888
39701,0.7672203
39901,0.0479878
40001,0.07126033
40201,0.05317728
40501,0.10870604
40601,0.06670999
41801,0.0046842573
42001,0.044193476
42701,0.07343825
42901,0.104957104
43601,0.005989352
44201,0.026918795
44501,0.060289398
44701,0.088150166
44901,0.2647199
45201,0.0933124
45301,0.041223902
45501,0.0502812
45601,0.07933167
46101,0.026443737
46301,0.071073845
46501,0.0013161039
46901,0.12709539
47001,0.5249136
47101,0.001524702
47201,0.01628041
47301,0.08607886
47601,0.0135737285
47701,0.218889
47801,0.06504959
47901,0.110822774
48201,0.013878979
48601,0.05447751
48701,0.035128523
49101,0.023514714
49201,0.091011524
49601,0.028750198
49701,0.56315583
49901,0.038692094
50101,0.1562323
50301,0.49693212
50401,0.9432209
50601,0.54499376
50801,0.9924579
50901,0.124816045
51001,0.083106
51201,0.9196679
51601,0.48695928
51801,0.08346386
52001,0.14019783
52101,0.21379726
52501,0.029791357
52601,0.0076877805
52701,0.035166208
53201,0.026266577
53301,0.06889468
53401,0.12708452
53601,0.2232977
53901,0.04095701
54101,0.021309618
54201,0.031067409
54301,0.08194276
54401,0.07245415
54601,0.09418527
55001,0.12333188
55201,0.15223172
55401,0.9133888
55501,0.05592295
55601,0.05223387
56201,0.04182417
56501,0.061886344
56701,0.06479088
56801,0.029536933
57001,0.046299413
57101,0.07916949
57201,0.061320134
57301,0.1300372
57501,0.04752217
57901,0.012829941
58001,0.043241628
58201,0.016363097
58301,0.4376695
58501,0.027797641
58901,0.1729622
59101,0.00781731
59201,0.0066956594
59501,0.04375231
59601,0.0035473662
59801,0.08959933
59901,0.057534896
60401,0.010767246
60501,0.120548256
60801,0.06950292
61101,0.10242682
61301,0.003554692
61401,0.0068670684
61701,0.055389594
62101,0.0037604107
62401,0.07924831
62701,0.06308045
62801,0.202372
63501,0.0014315692
63601,0.10978171
63701,0.1437836
63801,0.1488936
63901,0.12061593
64301,0.08259351
64401,0.08995007
2,0.007728259
102,0.019735375
402,0.00030565035
602,0.012832702
702,0.04621364
1002,0.013094138
1202,0.09259118
1702,0.014139668
2202,0.014439062
2702,0.0013580505
2802,0.022154696
2902,0.03963709
3002,0.008587604
3102,0.08608102
3202,0.01239354
3302,0.0142559325
3402,0.0115950275
3702,0.027903626
4002,0.010260979
4102,2.5870643e-06
4202,0.016241316
4402,0.059917223
4702,0.014182632
4802,0.034690693
4902,0.019932084
5102,0.0072480184
5202,0.015988471
5702,0.016767876
5902,0.030620093
6202,0.0315388
6302,0.039281733
6502,0.023770243
6602,0.013101236
6802,0.011620924
6902,0.02921109
7002,0.113881335
7202,0.00011723845
7402,0.012818
7502,0.024053477
7702,0.037216906
7902,0.023621516
8102,0.04451511
8202,0.04086713
8302,0.023834886
8402,0.038802586
8502,0.0465577
8602,0.045936096
8702,0.04038188
8902,0.051072385
9002,0.024578229
9202,0.09613835
9502,0.021555938
9802,0.03510694
9902,0.019916384
10102,0.042317156
10402,0.046531625
10502,0.0675536
10602,0.011532039
10702,0.009066296
10902,0.022292437
11202,0.052507687
11302,0.14469405
11702,0.06952105
11902,0.021481974
12102,0.035660937
12402,0.032115318
12702,0.047880653
12902,0.024220193
13002,0.02961161
13402,0.026421228
13502,0.051762328
13602,0.013964468
13702,0.021528158
13902,0.012624683
14302,0.012895043
14402,0.004426169
15402,0.0010164407
15602,0.05337521
15702,0.022759551
15802,0.037710916
15902,0.03996218
16102,0.016301561
16202,0.03443588
16302,0.019290343
16402,0.008197884
16502,0.00085964066
16602,0.09694919
17002,0.033344913
17102,0.0154592395
17202,0.015539896
17302,0.057997994
17402,0.016887985
17602,0.003928684
17702,0.025554243
17902,0.014514328
18002,0.012809504
18102,0.010212106
18202,0.0018978752
18402,0.0031270918
18502,0.027410492
18702,0.00027739967
18802,0.071962476
19102,0.01264638
19502,0.038444694
19602,0.0026875646
19702,0.014018101
19802,0.0022789012
20702,0.03998938
20802,0.027413515
20902,0.039918076
21102,0.02543824
21202,0.029826902
21402,0.06508672
21802,0.0448052
22002,0.037332404
22302,0.00576765
22402,0.015135001
22502,0.025527965
22602,0.015033584
22902,0.00022273563
23002,0.0012069414
23202,0.007918664
23302,0.04108128
23602,0.045833435
23702,0.016841426
23802,0.06314827
23902,0.037214406
24102,0.06943723
24202,0.10798153
24402,0.0021994251
24502,0.034267087
24602,0.019434704
24702,0.024783913
25302,0.04006503
25402,0.02171059
25802,0.007992234
26002,0.0030269797
26102,0.17028004
26202,0.054571804
26302,0.02011575
26402,0.0019185292
26602,0.03537347
26702,0.022275083
26802,0.73722446
26902,0.09005819
27002,0.09399383
27302,0.044529352
27402,0.03779458
27502,0.045116812
27902,0.26017874
28002,0.059167523
28102,0.0046896758
28302,0.030509323
28402,0.027506478
29002,0.0049313228
29102,0.022470197
29302,0.012629948
29602,0.010277326
29702,0.0013721855
29802,0.020703737
29902,0.019976893
30002,0.035403702
30102,0.0027377408
30302,0.018741379
30402,0.027666543
30702,0.0015009475
30802,0.20989656
31102,0.001786464
31202,0.016136872
31602,0.05561068
31702,0.003212225
31802,0.017501555
31902,0.022497077
32002,0.024603238
32102,0.009223458
32802,0.04814786
33002,0.024584131
33102,0.01407173
33502,0.023807663
33702,0.030735113
33802,0.011680253
33902,0.0010061614
34002,0.010672966
34202,0.0011258314
34302,0.045215484
34402,0.006565053
34502,0.01553048
34602,0.12182243
34802,0.00017754792
35002,0.020257827
35202,0.026822884
35302,0.008430528
35502,0.031434666
35602,0.034845233
35702,0.012377938
35902,0.034149442
36002,0.010812226
36102,0.042564526
36602,0.0016604536
37202,0.030050827
37402,0.01809471
37502,0.032206908
37602,0.033493094
37702,0.030813826
38102,0.024271723
38202,0.013614323
38302,0.008552299
38402,0.020030595
38602,0.034073357
38802,0.029335111
39102,0.015756678
39202,0.0012623774
39302,0.3693155
39402,0.1298995
39602,0.023883993
39702,0.003337387
39902,0.052997135
40002,0.06589589
40202,0.03827389
40502,0.044442017
40602,0.027536854
41802,0.008416014
42002,0.027572352
42702,0.012984363
42902,0.019552786
43602,0.005136988
44202,0.027382964
44502,0.092098534
44702,0.040461633
44902,0.016218534
45202,0.009764872
45302,0.009010496
45502,0.02266177
45602,0.023402592
46102,0.009506879
46302,0.02725096
46502,0.00067753874
46902,0.03174431
47002,0.02607328
47102,0.0014051518
47202,0.06887367
47302,0.032810465
47602,0.017573057
47702,0.021304172
47802,0.01870885
47902,0.021993384
48202,0.030479506
48602,0.04645759
48702,0.0015507773
49102,0.033514604
49202,0.018202668
49602,0.024032425
49702,0.20597777
49902,0.025974587
50102,0.019505734
50302,0.035068586
50402,0.024912944
50602,0.035526007
50802,0.0010064951
50902,0.0016072885
51002,0.054644503
51202,0.014995214
51602,0.038045865
51802,0.033055294
52002,0.00374406
52102,0.022964384
52502,0.019319104
52602,0.011033961
52702,0.06086625
53202,0.011545671
53302,0.06695603
53402,0.0067782206
53602,0.02226436
53902,0.055028234
54102,0.011000845
54202,0.032718275
54302,0.02285632
54402,0.02249073
54602,0.022742825
55002,0.030609742
55202,0.1129986
55402,0.033490475
55502,0.08755393
55602,0.020801857
56202,0.050378647
56502,0.027326128
56702,0.048105754
56802,0.08699039
57002,0.028619006
57102,0.037560634
57202,0.039372765
57302,0.06802223
57502,0.018632568
57902,0.02441914
58002,0.028387334
58202,0.046532955
58302,0.028956862
58502,0.04343212
58902,0.017605457
59102,0.010852576
59202,0.005290657
59502,0.024511736
59602,0.005423274
59802,0.036226615
59902,0.04154495
60402,0.10041369
60502,0.027135085
60802,0.009419846
61102,0.04757694
61302,0.0021017813
61402,0.0072806515
61702,0.025299815
62102,0.00086861907
62402,0.009325739
62702,0.02633775
62802,0.0490144
63502,0.001678262
63602,0.01914962
63702,0.027025485
63802,0.041382678
63902,0.034227718
64302,0.030110357
64402,0.023559712
3,0.022468565
103,0.020538487
403,8.018126e-05
603,0.012659867
703,0.03514419
1003,0.026191086
1203,0.00715093
1703,0.023114061
2203,0.013119788
2703,1.36601675e-05
2803,0.0063793343
2903,0.01342069
3003,0.0074350853
3103,0.013951982
3203,0.01321762
3303,0.011184878
3403,0.0052378145
3703,0.006724785
4003,0.015496822
4103,1.2542939e-09
4203,0.066533685
4403,0.009206779
4703,0.011447543
4803,0.025300462
4903,0.00903717
5103,0.028988346
5203,0.042128507
5703,0.034692742
5903,0.011955095
6203,0.0361252
6303,0.042843062
6503,0.021640604
6603,0.030940892
6803,0.030608434
6903,0.0005018136
7003,0.004734355
7203,0.00013992171
7403,0.027814535
7503,0.031716302
7703,0.019419027
7903,0.027162056
8103,0.032270197
8203,0.02089941
8303,0.035749782
8403,0.015968347
8503,0.020525338
8603,0.023997044
8703,0.026511004
8903,0.019361695
9003,0.03004424
9203,0.026677327
9503,0.0070631583
9803,0.020939153
9903,0.014680484
10103,0.03739303
10403,0.019398332
10503,0.024224069
10603,0.023433682
10703,0.01718589
10903,0.02441009
11203,0.04402979
11303,0.0041956794
11703,0.01075889
11903,0.033283763
12103,0.011625573
12403,0.013031621
12703,0.020214288
12903,0.0068288865
13003,0.0075398823
13403,0.029617913
13503,0.019026598
13603,0.019620793
13703,0.031045036
13903,0.022736529
14303,0.018452441
14403,0.0011417043
15403,0.00045241063
15603,0.027827965
15703,0.014534056
15803,0.014871352
15903,0.030138316
16103,0.019209102
16203,0.02807279
16303,0.033467494
16403,0.023049789
16503,0.00026565389
16603,0.02002536
17003,0.042384587
17103,0.021564351
17203,0.022643754
17303,0.015624076
17403,0.0071137887
17603,0.0056930776
17703,0.018984135
17903,0.022878526
18003,0.0194527
18103,0.00023273443
18203,4.4863962e-05
18403,0.001045018
18503,0.017162776
18703,1.632886e-05
18803,0.016594928
19103,0.011049478
19503,0.025860963
19603,0.0007243885
19703,0.006880908
19803,0.0009418917
20703,0.021494713
20803,0.007800358
20903,0.037142627
21103,0.03275365
21203,0.02360734
21403,0.007655334
21803,0.029778192
22003,0.015167326
22303,0.016948001
22403,0.023373663
22503,0.040519953
22603,0.02490002
22903,3.3671856e-06
23003,0.00017728086
23203,0.024720423
23303,0.028522711
23603,0.038298987
23703,0.031261533
23803,0.02129919
23903,0.013674399
24103,0.01640175
24203,0.041867103
24403,0.0027776225
24503,0.027753454
24603,0.003907952
24703,0.037312236
25303,0.011744748
25403,0.03381437
25803,0.004486803
26003,0.0015919702
26103,0.005938059
26203,0.009816921
26303,0.05332243
26403,0.0029860693
26603,0.029214123
26703,0.031201983
26803,0.0023512703
26903,0.024782533
27003,0.026366336
27303,0.02349258
27403,0.020692997
27503,0.0040856292
27903,0.008157139
28003,0.042468477
28103,0.00065926724
28303,0.030429589
28403,0.018404115
29003,0.0043785344
29103,0.021447757
29303,0.029956393
29603,0.039092805
29703,0.0010069505
29803,0.019143142
29903,0.024383882
30003,0.023135759
30103,0.0024528233
30303,0.040850863
30403,0.026580362
30703,0.0004632874
30803,0.012111376
31103,0.0005895941
31203,0.01525979
31603,0.02375848
31703,0.0042448854
31803,0.017366637
31903,0.022969173
32003,0.019569766
32103,0.016267102
32803,0.0211195
33003,0.02422257
33103,0.015548744
33503,0.03418775
33703,0.018448746
33803,0.023001954
33903,3.6317157e-05
34003,0.0056867353
34203,9.768649e-05
34303,0.021781417
34403,0.0015384489
34503,0.0025806695
34603,0.032703597
34803,5.629588e-06
35003,0.03108546
35203,0.012744203
35303,0.007533464
35503,0.020380225
35603,0.021187091
35703,0.0070223506
35903,0.011076615
36003,0.010375583
36103,0.036758464
36603,0.0012445436
37203,0.014974338
37403,0.026457744
37503,0.020966295
37603,0.003134519
37703,0.020013705
38103,0.029939415
38203,0.041227236
38303,0.04676619
38403,0.03386622
38603,0.022080757
38803,0.015137513
39103,0.010829989
39203,5.7088873e-05
39303,0.0016813664
39403,0.018888831
39603,0.020085389
39703,0.0022204255
39903,0.019141471
40003,0.03147156
40203,0.023809884
40503,0.025759045
40603,0.024621267
41803,0.0024383126
42003,0.016393956
42703,0.0204354
42903,0.026011499
43603,0.0028847551
44203,0.026698712
44503,0.030917922
44703,0.028791618
44903,0.020221988
45203,0.009522631
45303,0.032342564
45503,0.021402782
45603,0.042071752
46103,0.01400084
46303,0.037948504
46503,0.00020869513
46903,0.019046366
47003,0.03182024
47103,0.0006311345
47203,0.022772996
47303,0.035224516
47603,0.009108652
47703,0.033003643
47803,0.03144201
47903,0.026811229
48203,0.022265255
48603,0.01991073
48703,0.00054319424
49103,0.01234138
49203,0.0388278
49603,0.012003044
49703,0.0022780625
49903,0.029827463
50103,0.018215619
50303,0.0036515405
50403,0.00072537764
50603,0.0015955563
50803,0.00010244141
50903,0.0007237791
51003,0.024615213
51203,0.0001904595
51603,0.0025210236
51803,0.052526228
52003,0.0018989397
52103,0.030729698
52503,0.026470192
52603,0.004174758
52703,0.0035277964
53203,0.015638752
53303,0.015507739
53403,0.02991527
53603,0.033526428
53903,0.015691947
54103,0.0051090214
54203,0.017510543
54303,0.023566777
54403,0.020980356
54603,0.010741003
55003,0.022489065
55203,0.0014321038
55403,0.0009124293
55503,0.011734108
55603,0.020849008
56203,0.041005045
56503,0.039763045
56703,0.022065511
56803,0.015908707
57003,0.011338111
57103,0.036415104
57203,0.017111404
57303,0.022874657
57503,0.02108618
57903,0.027720112
58003,0.016348321
58203,0.004111717
58303,0.028663155
58503,0.010970431
58903,0.030446908
59103,0.002296715
59203,0.0010933882
59503,0.002918731
59603,0.0020304294
59803,0.015853848
59903,0.019224767
60403,0.0020090297
60503,0.061610345
60803,0.02782456
61103,0.03556738
61303,0.0009023758
61403,0.0012150474
61703,0.018563224
62103,0.00065390964
62403,0.030045532
62703,0.030361705
62803,0.02139831
63503,0.0005775747
63603,0.03248899
63703,0.042870253
63803,0.02924066
63903,0.035374634
64303,0.04182758
64403,0.017984018
4,0.049553998
104,0.028531881
404,4.5659683e-05
604,0.023007259
704,0.031337705
1004,0.032832142
1204,0.0053455476
1704,0.031639684
2204,0.020686937
2704,9.9837425e-06
2804,0.029249199
2904,0.036824066
3004,0.020690246
3104,0.011484395
3204,0.026739107
3304,0.01985908
3404,0.010671856
3704,0.0099649085
4004,0.024195839
4104,1.294657e-10
4204,0.058346305
4404,0.045570683
4704,0.01720219
4804,0.034313813
4904,0.026236841
5104,0.031720888
5204,0.03394805
5704,0.028496305
5904,0.025823899
6204,0.024614798
6304,0.030282374
6504,0.01758385
6604,0.029549105
6804,0.020085763
6904,0.0006201581
7004,0.0065462394
7204,7.911867e-05
7404,0.042586606
7504,0.019304408
7704,0.029900268
7904,0.011525153
8104,0.052639488
8204,0.015402985
8304,0.06791043
8404,0.049858242
8504,0.029272018
8604,0.03691303
8704,0.026917886
8904,0.030071326
9004,0.024474429
9204,0.029435208
9504,0.028444342
9804,0.034964696
9904,0.043524027
10104,0.14063089
10404,0.037951708
10504,0.026003726
10604,0.0695549
10704,0.033531807
10904,0.022647742
11204,0.030229174
11304,0.011609749
11704,0.03657079
11904,0.018511865
12104,0.065147996
12404,0.032886945
12704,0.02528158
12904,0.026940946
13004,0.024611136
13404,0.03870101
13504,0.027695583
13604,0.023102194
13704,0.03777443
13904,0.033410575
14304,0.014245594
14404,0.051035114
15404,0.004754315
15604,0.02261191
15704,0.08169115
15804,0.031906042
15904,0.03492203
16104,0.090480626
16204,0.047630522
16304,0.054004643
16404,0.035775892
16504,8.5542284e-05
16604,0.042633593
17004,0.033005513
17104,0.03650727
17204,0.041898012
17304,0.01718859
17404,0.010290315
17604,0.047665223
17704,0.055673305
17904,0.025625102
18004,0.02035295
18104,0.00037655956
18204,6.082953e-05
18404,0.0019275772
18504,0.015799852
18704,1.416567e-05
18804,0.029312212
19104,0.035837434
19504,0.047431316
19604,0.00093984173
19704,0.013898092
19804,0.00058861385
20704,0.045164518
20804,0.037382457
20904,0.051109884
21104,0.029414285
21204,0.0212684
21404,0.013216463
21804,0.023973145
22004,0.02847088
22304,0.033575058
22404,0.031389654
22504,0.028878568
22604,0.019587474
22904,4.5523184e-06
23004,0.00019160479
23204,0.043007143
23304,0.046112966
23604,0.033169247
23704,0.10743371
23804,0.028612575
23904,0.028709797
24104,0.027461255
24204,0.07460538
24404,0.0019570293
24504,0.07964142
24604,0.002316664
24704,0.03599367
25304,0.02789493
25404,0.077240944
25804,0.03942313
26004,0.015764505
26104,0.011456359
26204,0.031665538
26304,0.040934443
26404,0.0067764837
26604,0.028106242
26704,0.03218696
26804,0.014502173
26904,0.034618285
27004,0.0440663
27304,0.061708752
27404,0.053702056
27504,0.009542984
27904,0.11374796
28004,0.060464907
28104,0.010276883
28304,0.028176304
28404,0.012863897
29004,0.037536357
29104,0.020454638
29304,0.030573811
29604,0.08879788
29704,0.007137462
29804,0.029784264
29904,0.020832518
30004,0.026251439
30104,0.05785324
30304,0.021264477
30404,0.020059446
30704,0.0183041
30804,0.030596593
31104,0.01923545
31204,0.046055567
31604,0.04273236
31704,0.07888742
31804,0.18111515
31904,0.022982247
32004,0.030865358
32104,0.033368774
32804,0.025806464
33004,0.029882243
33104,0.015861548
33504,0.06195626
33704,0.021360038
33804,0.024494503
33904,4.6928384e-05
34004,0.009491438
34204,0.00019313669
34304,0.016431725
34404,0.0020548021
34504,0.0055354736
34604,0.047758494
34804,1.6729016e-05
35004,0.030471772
35204,0.00888207
35304,0.017361728
35504,0.05110866
35604,0.05778258
35704,0.021693293
35904,0.05482649
36004,0.09542853
36104,0.033460256
36604,0.005239157
37204,0.019665513
37404,0.026444254
37504,0.03332319
37604,0.022765275
37704,0.026429046
38104,0.019500215
38204,0.027771575
38304,0.028236602
38404,0.031557314
38604,0.021840056
38804,0.038665235
39104,0.019649103
39204,0.000118310636
39304,0.009826874
39404,0.0445281
39604,0.032788057
39704,0.0006339629
39904,0.03281952
40004,0.075511746
40204,0.053128757
40504,0.045566846
40604,0.05117488
41804,0.03196353
42004,0.03810259
42704,0.02956878
42904,0.044800557
43604,0.02686406
44204,0.10782781
44504,0.085171
44704,0.027449045
44904,0.013210251
45204,0.05825942
45304,0.044316456
45504,0.042249363
45604,0.03408463
46104,0.027112171
46304,0.031796157
46504,0.005776139
46904,0.039142564
47004,0.023826817
47104,0.025573602
47204,0.11303679
47304,0.024695328
47604,0.050059665
47704,0.021617861
47804,0.02637603
47904,0.037195813
48204,0.07777466
48604,0.051715452
48704,0.00038275297
49104,0.03727862
49204,0.03626619
49604,0.028721537
49704,0.009265696
49904,0.058511753
50104,0.023046473
50304,0.006105122
50404,0.0013935129
50604,0.010376984
50804,0.00016211437
50904,0.0019367752
51004,0.03156309
51204,0.0003771008
51604,0.0025739674
51804,0.064004414
52004,0.004882253
52104,0.027889669
52504,0.08933499
52604,0.07988555
52704,0.017026408
53204,0.058577158
53304,0.051804326
53404,0.026618015
53604,0.019399496
53904,0.02421111
54104,0.019969624
54204,0.03436076
54304,0.018777689
54404,0.020170936
54604,0.020837165
55004,0.016762193
55204,0.009594388
55404,0.0013874858
55504,0.028314939
55604,0.027760461
56204,0.099892475
56504,0.057459485
56704,0.042648204
56804,0.04210221
57004,0.02901629
57104,0.05677284
57204,0.02934082
57304,0.036986183
57504,0.042408206
57904,0.08978796
58004,0.03846863
58204,0.040565852
58304,0.013555278
58504,0.029740047
58904,0.0274759
59104,0.017495312
59204,0.0126490565
59504,0.010207249
59604,0.017153911
59804,0.034329675
59904,0.03487582
60404,0.007928491
60504,0.06690595
60804,0.025619682
61104,0.024011463
61304,0.014682871
61404,0.020908305
61704,0.024124533
62104,0.0032086005
62404,0.025759231
62704,0.027169641
62804,0.017982986
63504,0.009689559
63604,0.036372915
63704,0.026006991
63804,0.018886711
63904,0.039909355
64304,0.03881673
64404,0.021271145
5,0.022399759
105,0.020533739
405,0.00014658427
605,0.016313162
705,0.034594607
1005,0.031760555
1205,0.008312996
1705,0.036255624
2205,0.02596466
2705,8.59643e-05
2805,0.0068680025
2905,0.027285945
3005,0.026369516
3105,0.01908389
3205,0.018573688
3305,0.015754316
3405,0.005230287
3705,0.009435107
4005,0.030380161
4105,1.6536838e-08
4205,0.014806824
4405,0.04809696
4705,0.00986919
4805,0.0289215
4905,0.013968009
5105,0.02794025
5205,0.0238715
5705,0.05308516
5905,0.03420231
6205,0.050537728
6305,0.042391986
6505,0.06794802
6605,0.020417728
6805,0.023173014
6905,0.000115412826
7005,0.039245423
7205,0.00011589358
7405,0.018010125
7505,0.010504269
7705,0.031893186
7905,0.010560277
8105,0.020619946
8205,0.018878045
8305,0.0211603
8405,0.023955457
8505,0.04102416
8605,0.027639229
8705,0.03185706
8905,0.030800708
9005,0.023193467
9205,0.022974763
9505,0.02037501
9805,0.03387872
9905,0.02395736
10105,0.013611582
10405,0.035461884
10505,0.022300117
10605,0.030736368
10705,0.023186058
10905,0.027725434
11205,0.019331435
11305,0.012634412
11705,0.012944165
11905,0.034596536
12105,0.013457083
12405,0.027952088
12705,0.027950091
12905,0.03273862
13005,0.016604459
13405,0.046357676
13505,0.031961415
13605,0.038689803
13705,0.019901806
13905,0.02179432
14305,0.022181481
14405,0.0014406866
15405,0.0017423604
15605,0.045347027
15705,0.015091168
15805,0.040465355
15905,0.019678066
16105,0.015960155
16205,0.040400144
16305,0.018953124
16405,0.021676743
16505,0.00037022223
16605,0.026154114
17005,0.037701696
17105,0.021291452
17205,0.045343895
17305,0.012088582
17405,0.007832768
17605,0.006582066
17705,0.028052965
17905,0.021081118
18005,0.029796554
18105,0.000120478086
18205,0.00033205192
18405,0.0027059936
18505,0.029198429
18705,1.9640092e-05
18805,0.0379876
19105,0.017584391
19505,0.028818654
19605,0.00090294355
19705,0.008743885
19805,0.001990995
20705,0.03183267
20805,0.037013408
20905,0.034971796
21105,0.019809978
21205,0.05237687
21405,0.05107288
21805,0.045885216
22005,0.033328693
22305,0.021194542
22405,0.047450557
22505,0.050418194
22605,0.030690981
22905,2.1810167e-06
23005,0.00038439146
23205,0.01818371
23305,0.014677053
23605,0.019046683
23705,0.012219138
23805,0.018975131
23905,0.042483136
24105,0.027814606
24205,0.016536033
24405,0.0050954004
24505,0.024156114
24605,0.0032549254
24705,0.021904327
25305,0.014054314
25405,0.0260107
25805,0.004752108
26005,0.0009525904
26105,0.04268121
26205,0.034546196
26305,0.017379213
26405,0.009797006
26605,0.035321847
26705,0.044344105
26805,0.0010099373
26905,0.017595453
27005,0.022230744
27305,0.02547502
27405,0.02851181
27505,0.0050295405
27905,0.0034659882
28005,0.011955251
28105,0.0008676439
28305,0.033824988
28405,0.05017971
29005,0.010658361
29105,0.03259385
29305,0.0300315
29605,0.016936304
29705,0.0054042498
29805,0.044555373
29905,0.037720043
30005,0.062056404
30105,0.0022489124
30305,0.027851207
30405,0.03883458
30705,0.00025574843
30805,0.06245491
31105,0.0004984935
31205,0.025700519
31605,0.022749383
31705,0.0047705797
31805,0.008152344
31905,0.072271235
32005,0.031032907
32105,0.012075144
32805,0.044208344
33005,0.02775797
33105,0.02012415
33505,0.020242322
33705,0.03008499
33805,0.025728814
33905,3.5027773e-05
34005,0.011182085
34205,0.0007014574
34305,0.05448201
34405,0.0030264212
34505,0.011331017
34605,0.03430459
34805,6.680199e-05
35005,0.022406526
35205,0.011599603
35305,0.0070286775
35505,0.03096995
35605,0.032189894
35705,0.007871814
35905,0.025817808
36005,0.0054060393
36105,0.029650576
36605,0.002104105
37205,0.017818294
37405,0.038325947
37505,0.06407321
37605,0.01676376
37705,0.030681644
38105,0.04014436
38205,0.05052542
38305,0.03604328
38405,0.033511706
38605,0.03176586
38805,0.027393162
39105,0.012245342
39205,3.1768108e-05
39305,0.0011471128
39405,0.011477861
39605,0.015829682
39705,0.00046690335
39905,0.026742851
40005,0.016799001
40205,0.041001763
40505,0.015506802
40605,0.04090664
41805,0.001703856
42005,0.032537766
42705,0.0129130725
42905,0.020436471
43605,0.0041162446
44205,0.006922777
44505,0.014643294
44705,0.025781633
44905,0.052255735
45205,0.020349963
45305,0.031850025
45505,0.016992835
45605,0.039105367
46105,0.02067869
46305,0.043268528
46505,0.0001408895
46905,0.026727349
47005,0.0074042403
47105,0.00016732939
47205,0.016616168
47305,0.03789621
47605,0.01717609
47705,0.039279483
47805,0.060666893
47905,0.018841986
48205,0.029744728
48605,0.015676595
48705,0.00065655116
49105,0.018137338
49205,0.02374178
49605,0.013676374
49705,0.0029379255
49905,0.025520744
50105,0.027667243
50305,0.015252005
50405,0.0009368951
50605,0.026262922
50805,0.00013860017
50905,0.00150603
51005,0.024917237
51205,0.011575519
51605,0.0035490817
51805,0.019625166
52005,0.0015135321
52105,0.01893245
52505,0.012786383
52605,0.0069631375
52705,0.04627399
53205,0.02758509
53305,0.017075427
53405,0.017698562
53605,0.023201091
53905,0.011374181
54105,0.008286205
54205,0.033945598
54305,0.025054276
54405,0.035286352
54605,0.020583645
55005,0.032149695
55205,0.06277776
55405,0.0010276344
55505,0.020645691
55605,0.018665515
56205,0.027905961
56505,0.025217783
56705,0.045689818
56805,0.0136871645
57005,0.025394117
57105,0.03267247
57205,0.021846995
57305,0.029046973
57505,0.030363433
57905,0.024906136
58005,0.028846307
58205,0.0046142484
58305,0.008687104
58505,0.047177605
58905,0.01977945
59105,0.00266616
59205,0.001086762
59505,0.0026837294
59605,0.012441292
59805,0.039067056
59905,0.035481416
60405,0.011921449
60505,0.01415103
60805,0.019793212
61105,0.011003129
61305,0.0016915683
61405,0.004186768
61705,0.026091972
62105,0.0028797279
62405,0.039785273
62705,0.04440911
62805,0.042795096
63505,0.0017415634
63605,0.015239384
63705,0.045448456
63805,0.0455026
63905,0.02983413
64305,0.031016668
64405,0.031165913
6,0.0381337
106,0.022349505
406,0.00045892567
606,0.14856103
706,0.09546811
1006,0.026510928
1206,0.005441157
1706,0.023290392
2206,0.05082714
2706,9.393453e-05
2806,0.012444695
2906,0.011120854
3006,0.046648357
3106,0.01976251
3206,0.15922986
3306,0.029077882
3406,0.009826439
3706,0.010174108
4006,0.17116505
4106,7.7806644e-10
4206,0.12669575
4406,0.07408875
4706,0.052026577
4806,0.03848736
4906,0.06521518
5106,0.13471153
5206,0.08925889
5706,0.16244337
5906,0.061203636
6206,0.09159615
6306,0.08898986
6506,0.14849135
6606,0.1735938
6806,0.16556232
6906,0.00027165507
7006,0.018927557
7206,0.00058153534
7406,0.09797129
7506,0.029354207
7706,0.033043507
7906,0.0677948
8106,0.07445723
8206,0.036926027
8306,0.086901784
8406,0.016215311
8506,0.022459488
8606,0.030805409
8706,0.046783656
8906,0.03196091
9006,0.099787146
9206,0.05516172
9506,0.04817028
9806,0.02602574
9906,0.051170755
10106,0.034375135
10406,0.06128302
10506,0.062114
10606,0.09736908
10706,0.054970227
10906,0.106981866
11206,0.10377681
11306,0.0070475
11706,0.022579158
11906,0.09488642
12106,0.013122629
12406,0.10117134
12706,0.10296974
12906,0.11827239
13006,0.050304726
13406,0.10799653
13506,0.046029452
13606,0.07170846
13706,0.06909041
13906,0.07264016
14306,0.12234343
14406,0.01903227
15406,0.024004646
15606,0.07997235
15706,0.063183986
15806,0.046496697
15906,0.043755174
16106,0.09817465
16206,0.056573052
16306,0.032619767
16406,0.0213018
16506,0.0004858434
16606,0.03688265
17006,0.094599955
17106,0.019647695
17206,0.02254354
17306,0.013431892
17406,0.0036301017
17606,0.035002943
17706,0.02350718
17906,0.031165589
18006,0.025121083
18106,0.0003640174
18206,0.00017529742
18406,0.004969111
18506,0.07282252
18706,5.2897034e-05
18806,0.013497043
19106,0.052331705
19506,0.016654236
19606,0.00090640236
19706,0.014982252
19806,0.0020740302
20706,0.03664061
20806,0.07672567
20906,0.09237497
21106,0.087483786
21206,0.11546632
21406,0.072064295
21806,0.053264864
22006,0.04461925
22306,0.06988565
22406,0.12331694
22506,0.08142174
22606,0.25604677
22906,2.1682847e-06
23006,0.00023626842
23206,0.08454925
23306,0.034073774
23606,0.08414023
23706,0.06968462
23806,0.030055728
23906,0.033077627
24106,0.03516566
24206,0.03983993
24406,0.032923676
24506,0.15741529
24606,0.008535
24706,0.08505524
25306,0.011762579
25406,0.101717256
25806,0.10258755
26006,0.0065201623
26106,0.030730026
26206,0.016604152
26306,0.13093983
26406,0.09293939
26606,0.09667937
26706,0.09016398
26806,0.0011606854
26906,0.026129855
27006,0.03246302
27306,0.04998886
27406,0.08333155
27506,0.007866355
27906,0.005569317
28006,0.06416201
28106,0.00646666
28306,0.05864126
28406,0.07825964
29006,0.17780931
29106,0.09339312
29306,0.10148593
29606,0.07021914
29706,0.058063246
29806,0.13640872
29906,0.06119086
30006,0.0862979
30106,0.04423178
30306,0.113050796
30406,0.1397059
30706,0.005290936
30806,0.029152133
31106,0.006197755
31206,0.059443664
31606,0.050094854
31706,0.04748613
31806,0.060142662
31906,0.06573051
32006,0.060230818
32106,0.018147385
32806,0.07705509
33006,0.016799299
33106,0.011047793
33506,0.09355912
33706,0.025492264
33806,0.027365962
33906,3.262744e-05
34006,0.013950068
34206,0.00032050515
34306,0.047448
34406,0.0048945174
34506,0.020759942
34606,0.08236117
34806,1.637094e-05
35006,0.058636017
35206,0.017064333
35306,0.04072455
35506,0.029246492
35606,0.031248992
35706,0.01565116
35906,0.04975271
36006,0.04763376
36106,0.051811647
36606,0.012439456
37206,0.02347429
37406,0.13966742
37506,0.117011026
37606,0.059677366
37706,0.15117402
38106,0.14704786
38206,0.0901495
38306,0.088970736
38406,0.17499803
38606,0.0661087
38806,0.070752114
39106,0.035800196
39206,5.8217294e-05
39306,0.000966399
39406,0.048183173
39606,0.030457446
39706,0.0014083947
39906,0.013269858
40006,0.058693085
40206,0.0152800605
40506,0.043813277
40606,0.024058957
41806,0.009475617
42006,0.02181108
42706,0.08237157
42906,0.06211392
43606,0.023928728
44206,0.028502809
44506,0.04749679
44706,0.060928546
44906,0.07985763
45206,0.2620673
45306,0.06964797
45506,0.13617855
45606,0.09893352
46106,0.140341
46306,0.1288698
46506,0.0030615625
46906,0.014428838
47006,0.05166832
47106,0.0025131493
47206,0.02838843
47306,0.10117877
47606,0.07632623
47706,0.068365775
47806,0.11366766
47906,0.06359289
48206,0.08263014
48606,0.020674791
48706,0.001120716
49106,0.040017333
49206,0.14022797
49606,0.013154008
49706,0.0009877732
49906,0.035485584
50106,0.02181267
50306,0.015194651
50406,0.0014649132
50606,0.012140871
50806,0.000995282
50906,0.0050256923
51006,0.092872575
51206,0.00089076033
51606,0.0017940978
51806,0.09073577
52006,0.003134153
52106,0.110962175
52506,0.043980993
52606,0.15219161
52706,0.11903463
53206,0.12135645
53306,0.028122975
53406,0.07356742
53606,0.040987108
53906,0.080648854
54106,0.079924695
54206,0.11244036
54306,0.14051817
54406,0.09399637
54606,0.040188845
55006,0.04204565
55206,0.016394075
55406,0.0011747279
55506,0.010058183
55606,0.052582823
56206,0.09459689
56506,0.09452224
56706,0.020765657
56806,0.021783039
57006,0.036348693
57106,0.032961506
57206,0.029353514
57306,0.024536297
57506,0.025156727
57906,0.05853254
58006,0.058782462
58206,0.044021334
58306,0.071619056
58506,0.037889235
58906,0.12102391
59106,0.014134889
59206,0.009205667
59506,0.01768657
59606,0.08511317
59806,0.0938354
59906,0.08202169
60406,0.009602706
60506,0.108831935
60806,0.22429815
61106,0.06636378
61306,0.0267009
61406,0.04359915
61706,0.05836993
62106,0.044672187
62406,0.080171786
62706,0.08215146
62806,0.054176442
63506,0.010888697
63606,0.16058376
63706,0.06489835
63806,0.08467352
63906,0.044857066
64306,0.11380064
64406,0.09018528
7,0.05518422
107,0.03779213
407,0.0008820734
607,0.037884448
707,0.058773667
1007,0.067126624
1207,0.012233213
1707,0.070629515
2207,0.08976837
2707,3.6534406e-05
2807,0.033142436
2907,0.1013603
3007,0.020997198
3107,0.031354785
3207,0.057261214
3307,0.082913205
3407,0.031612035
3707,0.0133889
4007,0.038521476
4107,3.3545543e-08
4207,0.07718142
4407,0.06385805
4707,0.037935033
4807,0.08872229
4907,0.031132188
5107,0.04157335
5207,0.10671923
5707,0.117344365
5907,0.12947811
6207,0.05833339
6307,0.035577133
6507,0.054258704
6607,0.04164006
6807,0.074064076
6907,0.068685934
7007,0.01212238
7207,0.0024786843
7407,0.070209324
7507,0.048430566
7707,0.08936908
7907,0.030224973
8107,0.05681578
8207,0.031919762
8307,0.07837451
8407,0.101281404
8507,0.056153048
8607,0.084545836
8707,0.031161617
8907,0.04660487
9007,0.033373527
9207,0.03288841
9507,0.052252777
9807,0.056726832
9907,0.046101544
10107,0.09263005
10407,0.13972937
10507,0.039315075
10607,0.16353357
10707,0.052122187
10907,0.03948146
11207,0.042973775
11307,0.043061662
11707,0.06836189
11907,0.075796925
12107,0.11301949
12407,0.053839818
12707,0.035675563
12907,0.05336067
13007,0.030307889
13407,0.07246775
13507,0.061586857
13607,0.15451193
13707,0.25079745
13907,0.07241778
14307,0.10052845
14407,0.04064606
15407,0.0042092786
15607,0.05293782
15707,0.118519194
15807,0.11664113
15907,0.07964648
16107,0.04508356
16207,0.051957145
16307,0.053323433
16407,0.046839822
16507,0.0006825807
16607,0.029730592
17007,0.055226598
17107,0.042937305
17207,0.039964408
17307,0.0781915
17407,0.016743256
17607,0.014484635
17707,0.067484
17907,0.0695657
18007,0.05908351
18107,0.0027959645
18207,0.0007728575
18407,0.040881053
18507,0.07761496
18707,7.551656e-05
18807,0.123155534
19107,0.023883983
19507,0.0660737
19607,0.002676512
19707,0.022371884
19807,0.004438278
20707,0.092240736
20807,0.032671936
20907,0.027712367
21107,0.035410292
21207,0.09900475
21407,0.12619855
21807,0.06106782
22007,0.07675986
22307,0.028409967
22407,0.06382801
22507,0.040942762
22607,0.048446205
22907,0.09287982
23007,0.002253439
23207,0.060098723
23307,0.05954845
23607,0.06490263
23707,0.22250037
23807,0.029976314
23907,0.08819861
24107,0.13488556
24207,0.08073704
24407,0.004071625
24507,0.070687145
24607,0.0022069614
24707,0.051787425
25307,0.026951801
25407,0.1594452
25807,0.010804397
26007,0.0062529957
26107,0.024392765
26207,0.21109171
26307,0.046099707
26407,0.008459984
26607,0.030524164
26707,0.054315917
26807,0.025070058
26907,0.05099474
27007,0.08206311
27307,0.07107679
27407,0.08824443
27507,0.039214693
27907,0.019199165
28007,0.040086363
28107,0.0026425282
28307,0.054777857
28407,0.15622412
29007,0.010509832
29107,0.08535377
29307,0.05821517
29607,0.4108484
29707,0.005131389
29807,0.043988205
29907,0.08332667
30007,0.11104603
30107,0.016866727
30307,0.053964023
30407,0.09927957
30707,0.002505724
30807,0.038932096
31107,0.0014905276
31207,0.1607912
31607,0.214504
31707,0.040956456
31807,0.083695814
31907,0.10705524
32007,0.06387361
32107,0.033925965
32807,0.05136331
33007,0.044413574
33107,0.031326972
33507,0.038273793
33707,0.06021682
33807,0.053192645
33907,0.00034015172
34007,0.008759259
34207,0.002234334
34307,0.05497636
34407,0.0030016096
34507,0.005809713
34607,0.07851171
34807,0.00018781738
35007,0.0494176
35207,0.08411988
35307,0.026567014
35507,0.054438647
35607,0.04205708
35707,0.028707162
35907,0.07486622
36007,0.08371798
36107,0.086028926
36607,0.002620532
37207,0.067811534
37407,0.03667913
37507,0.04454322
37607,0.03150179
37707,0.0695427
38107,0.070166126
38207,0.060342517
38307,0.08558429
38407,0.043185435
38607,0.048725884
38807,0.056106154
39107,0.018241975
39207,0.04165307
39307,0.108446196
39407,0.08175886
39607,0.07645148
39707,0.000614865
39907,0.11768019
40007,0.19239639
40207,0.04742984
40507,0.09596293
40607,0.05470014
41807,0.010386569
42007,0.07246462
42707,0.19088349
42907,0.08290242
43607,0.022932785
44207,0.04547404
44507,0.17993091
44707,0.04056369
44907,0.042947575
45207,0.019050665
45307,0.101396404
45507,0.026627641
45607,0.095338285
46107,0.060063705
46307,0.052092716
46507,0.0017963188
46907,0.052631114
47007,0.021153847
47107,0.00080617354
47207,0.032535
47307,0.044612274
47607,0.19206646
47707,0.040471014
47807,0.043739542
47907,0.11485925
48207,0.11629292
48607,0.03380831
48707,0.0010756867
49107,0.021782791
49207,0.10087249
49607,0.07407614
49707,0.026684264
49907,0.12834723
50107,0.07130809
50307,0.0403696
50407,0.0071511893
50607,0.04607959
50807,0.00061053876
50907,0.006979982
51007,0.06487049
51207,0.00077678496
51607,0.24790114
51807,0.08220958
52007,0.010621209
52107,0.021429038
52507,0.4275445
52607,0.0722918
52707,0.009505855
53207,0.059621308
53307,0.09884078
53407,0.060473327
53607,0.064660065
53907,0.019194128
54107,0.02645114
54207,0.10660168
54307,0.11952912
54407,0.15335073
54607,0.060295284
55007,0.0842133
55207,0.029998317
55407,0.00876969
55507,0.021625988
55607,0.065503955
56207,0.032594934
56507,0.07867128
56707,0.05378292
56807,0.028640665
57007,0.045261018
57107,0.041289132
57207,0.17702949
57307,0.16758667
57507,0.07259515
57907,0.20957555
58007,0.0605858
58207,0.014935666
58307,0.04984842
58507,0.05649038
58907,0.0623882
59107,0.0039501023
59207,0.07023651
59507,0.0036837726
59607,0.0255353
59807,0.050903477
59907,0.04812731
60407,0.017993564
60507,0.063046075
60807,0.053783067
61107,0.051915172
61307,0.004207421
61407,0.030302899
61707,0.077117324
62107,0.007033671
62407,0.07538777
62707,0.13575564
62807,0.055296317
63507,0.0038751657
63607,0.07032376
63707,0.0654389
63807,0.029066946
63907,0.041748296
64307,0.05707933
64407,0.14333664
8,0.084768675
108,0.07903119
408,0.00019936523
608,0.04891899
708,0.06001209
1008,0.045078095
1208,0.11206742
1708,0.068516746
2208,0.07014617
2708,0.0005640847
2808,0.034570683
2908,0.034372892
3008,0.01689996
3108,0.06768124
3208,0.06203857
3308,0.028216308
3408,0.046927698
3708,0.028773367
4008,0.021993155
4108,4.11479e-09
4208,0.031208115
4408,0.02887978
4708,0.029953282
4808,0.068454884
4908,0.038985427
5108,0.024153978
5208,0.026255794
5708,0.036878936
5908,0.046734124
6208,0.063704625
6308,0.0869952
6508,0.029611923
6608,0.04971055
6808,0.026084384
6908,0.0027318334
7008,0.034618363
7208,0.00018409017
7408,0.023223663
7508,0.02434346
7708,0.12407682
7908,0.12869745
8108,0.16617794
8208,0.0772865
8308,0.09076546
8408,0.059993915
8508,0.11210046
8608,0.07612512
8708,0.08849624
8908,0.19214883
9008,0.066363335
9208,0.1864584
9508,0.021784298
9808,0.09754852
9908,0.08870222
10108,0.11880355
10408,0.058940377
10508,0.26156065
10608,0.031334735
10708,0.026241671
10908,0.035293944
11208,0.082446106
11308,0.082014486
11708,0.03195527
11908,0.032187235
12108,0.056128886
12408,0.06184717
12708,0.08417485
12908,0.022998486
13008,0.04068314
13408,0.037274014
13508,0.04158973
13608,0.040802315
13708,0.050214387
13908,0.028975636
14308,0.018109323
14408,0.043055426
15408,0.0029277387
15608,0.08531136
15708,0.04777245
15808,0.083565675
15908,0.1643746
16108,0.044382088
16208,0.061292756
16308,0.066737704
16408,0.060512353
16508,0.0010705291
16608,0.04988006
17008,0.060212344
17108,0.034209114
17208,0.062426534
17308,0.07862062
17408,0.025564756
17608,0.037147053
17708,0.03458901
17908,0.071632065
18008,0.07229497
18108,0.0014247475
18208,0.0003351676
18408,0.006210557
18508,0.1499207
18708,0.00014140423
18808,0.07639044
19108,0.026360009
19508,0.06070324
19608,0.0048303413
19708,0.062358487
19808,0.006197038
20708,0.03266068
20808,0.01703111
20908,0.03647112
21108,0.08597485
21208,0.02302048
21408,0.034944747
21808,0.038338
22008,0.03963744
22308,0.023983125
22408,0.05596853
22508,0.04647234
22608,0.018118769
22908,3.1082332e-06
23008,0.00057276647
23208,0.024436478
23308,0.024712335
23608,0.070744276
23708,0.046103068
23808,0.054523326
23908,0.058432344
24108,0.06313986
24208,0.082214
24408,0.009256005
24508,0.11858626
24608,0.02630937
24708,0.09166025
25308,0.043262735
25408,0.038252305
25808,0.18684661
26008,0.021101007
26108,0.091718875
26208,0.032046195
26308,0.061480902
26408,0.010695351
26608,0.06775368
26708,0.032449584
26808,0.042532157
26908,0.15285528
27008,0.14223665
27308,0.04120964
27408,0.103067994
27508,0.018170703
27908,0.14412113
28008,0.063973576
28108,0.090675905
28308,0.031716283
28408,0.026359854
29008,0.08386651
29108,0.037431724
29308,0.032844454
29608,0.028789409
29708,0.010738199
29808,0.05709645
29908,0.04564213
30008,0.028688155
30108,0.029285787
30308,0.04798145
30408,0.034747634
30708,0.035617605
30808,0.032924347
31108,0.17693238
31208,0.023480779
31608,0.08428633
31708,0.03408573
31808,0.1031536
31908,0.025302006
32008,0.023839751
32108,0.056169264
32808,0.12754072
33008,0.054403692
33108,0.030930562
33508,0.08670428
33708,0.10388417
33808,0.06889171
33908,0.0006125587
34008,0.019798284
34208,0.00023153471
34308,0.1107837
34408,0.009986324
34508,0.014746003
34608,0.09416415
34808,5.4954067e-05
35008,0.03817535
35208,0.027306072
35308,0.043738984
35508,0.07077757
35608,0.08338435
35708,0.033657935
35908,0.018614043
36008,0.14400186
36108,0.13179335
36608,0.006339453
37208,0.025854295
37408,0.041543458
37508,0.05040603
37608,0.02156184
37708,0.069432594
38108,0.02779721
38208,0.0398187
38308,0.019376516
38408,0.035860524
38608,0.08720704
38808,0.044384234
39108,0.032432076
39208,7.631792e-05
39308,0.0052744197
39408,0.12856789
39608,0.02659651
39708,0.0001776703
39908,0.14029913
40008,0.11164884
40208,0.04351986
40508,0.110835575
40608,0.06880441
41808,0.032464005
42008,0.08058086
42708,0.03461666
42908,0.032497182
43608,0.014882349
44208,0.068409294
44508,0.04073483
44708,0.105821185
44908,0.024615802
45208,0.038705923
45308,0.02589138
45508,0.10152328
45608,0.044392057
46108,0.029230282
46308,0.051751323
46508,0.018575188
46908,0.058341257
47008,0.04749469
47108,0.25086313
47208,0.13292255
47308,0.042536657
47608,0.03655338
47708,0.053373642
47808,0.05524319
47908,0.10642365
48208,0.022760082
48608,0.11906986
48708,0.0022021313
49108,0.053464253
49208,0.04017323
49608,0.061344016
49708,0.007998472
49908,0.056109656
50108,0.09590175
50308,0.04976409
50408,0.0029938726
50608,0.0046180226
50808,0.000639927
50908,0.0025561887
51008,0.1242626
51208,0.0016461719
51608,0.008333561
51808,0.069798514
52008,0.008825641
52108,0.121209264
52508,0.041333247
52608,0.014240365
52708,0.05792594
53208,0.03295273
53308,0.046618845
53408,0.024185484
53608,0.03266767
53908,0.43724677
54108,0.24255958
54208,0.042007823
54308,0.0347062
54408,0.039282657
54608,0.016220527
55008,0.047384705
55208,0.02215297
55408,0.0063815303
55508,0.063942164
55608,0.028034491
56208,0.07383277
56508,0.059152834
56708,0.0788291
56808,0.12205554
57008,0.12011055
57108,0.05416814
57208,0.08454963
57308,0.04942976
57508,0.09092737
57908,0.030174915
58008,0.099301755
58208,0.35764927
58308,0.031766944
58508,0.051764272
58908,0.054976907
59108,0.29507452
59208,0.02359598
59508,0.79694194
59608,0.02090344
59808,0.036645487
59908,0.029108107
60408,0.06514243
60508,0.05770042
60808,0.038543046
61108,0.3468106
61308,0.09071309
61408,0.018132657
61708,0.046406582
62108,0.0019513088
62408,0.019678893
62708,0.029370222
62808,0.097995386
63508,0.0074483436
63608,0.06644581
63708,0.04291119
63808,0.076288894
63908,0.07845072
64308,0.049274206
64408,0.029006204
9,0.03224541
109,0.020258961
409,0.00012352146
609,0.1793134
709,0.0470442
1009,0.028334565
1209,0.006102167
1709,0.038686402
2209,0.06642627
2709,0.00022491877
2809,0.008998988
2909,0.025993349
3009,0.04434421
3109,0.012287813
3209,0.07756552
3309,0.03754581
3409,0.011172214
3709,0.012119672
4009,0.07546209
4109,1.4811653e-08
4209,0.031850412
4409,0.2089099
4709,0.103870176
4809,0.034105677
4909,0.23338011
5109,0.079607785
5209,0.08629949
5709,0.052920934
5909,0.10343974
6209,0.046809066
6309,0.09430233
6509,0.11166304
6609,0.06040574
6809,0.053921074
6909,0.00017286716
7009,0.16281666
7209,0.00017562372
7409,0.025509318
7509,0.007938026
7709,0.066613235
7909,0.013958283
8109,0.041069925
8209,0.025159346
8309,0.024182651
8409,0.022472437
8509,0.0627236
8609,0.034254454
8709,0.051278494
8909,0.056166265
9009,0.052305657
9209,0.04445532
9509,0.024890551
9809,0.06579287
9909,0.053707033
10109,0.01153118
10409,0.053564467
10509,0.031159544
10609,0.032588236
10709,0.12802379
10909,0.2669957
11209,0.033958003
11309,0.04022583
11709,0.025221134
11909,0.06839588
12109,0.02062718
12409,0.07389038
12709,0.09139728
12909,0.317053
13009,0.16953784
13409,0.11905492
13509,0.102008164
13609,0.061797183
13709,0.024984486
13909,0.089194104
14309,0.028768513
14409,0.012652098
15409,0.013329986
15609,0.08020358
15709,0.037370086
15809,0.05267264
15909,0.035928786
16109,0.03110908
16209,0.066286325
16309,0.014709051
16409,0.015298139
16509,0.00017378115
16609,0.02936296
17009,0.07272707
17109,0.023277065
17209,0.0408064
17309,0.008280379
17409,0.004856844
17609,0.014150838
17709,0.044498436
17909,0.029905314
18009,0.029019702
18109,0.00028604033
18209,0.00053438125
18409,0.00584033
18509,0.06322253
18709,2.558192e-05
18809,0.03397461
19109,0.03475411
19509,0.029307589
19609,0.0019604804
19709,0.019055258
19809,0.0030436434
20709,0.035740692
20809,0.09787623
20909,0.039387167
21109,0.08060827
21209,0.03153656
21409,0.2692267
21809,0.061971102
22009,0.05925148
22309,0.042810217
22409,0.123017855
22509,0.08593584
22609,0.044215843
22909,2.4663957e-06
23009,0.00037256445
23209,0.026914807
23309,0.033739004
23609,0.021015609
23709,0.022837104
23809,0.03195609
23909,0.043643944
24109,0.02647745
24209,0.018979756
24409,0.013681961
24509,0.05156088
24609,0.0062253177
24709,0.03644464
25309,0.010638428
25409,0.022127459
25809,0.031685334
26009,0.0031562957
26109,0.31150168
26209,0.034893893
26309,0.038083084
26409,0.051159874
26609,0.15532424
26709,0.15717453
26809,0.0022491345
26909,0.022824202
27009,0.02642807
27309,0.041561548
27409,0.052212875
27509,0.008108477
27909,0.009758091
28009,0.018750127
28109,0.009062236
28309,0.15891613
28409,0.055290855
29009,0.09929993
29109,0.15803452
29309,0.11458012
29609,0.010215435
29709,0.013234475
29809,0.06355155
29909,0.035873123
30009,0.10305279
30109,0.016826758
30309,0.04510568
30409,0.09686142
30709,0.0043540904
30809,0.15823738
31109,0.004999351
31209,0.061091285
31609,0.02048465
31709,0.020407211
31809,0.022682047
31909,0.07657889
32009,0.03468201
32109,0.007960404
32809,0.11298547
33009,0.023756512
33109,0.013426577
33509,0.0481258
33709,0.04735879
33809,0.03742025
33909,3.556452e-05
34009,0.01970822
34209,0.0009499189
34309,0.09542398
34409,0.0061564078
34509,0.028346013
34609,0.047802318
34809,5.1981307e-05
35009,0.034657586
35209,0.0097141415
35309,0.101897806
35509,0.034726758
35609,0.04370431
35709,0.011677995
35909,0.036571626
36009,0.020330887
36109,0.025460247
36609,0.0058013923
37209,0.044256326
37409,0.147597
37509,0.06581461
37609,0.30815133
37709,0.1337504
38109,0.0626693
38209,0.067796744
38309,0.07472397
38409,0.0673724
38609,0.05812381
38809,0.06503751
39109,0.030542012
39209,4.3454333e-05
39309,0.0053895595
39409,0.024869578
39609,0.045890667
39709,0.0028008765
39909,0.028509354
40009,0.01947138
40209,0.044982854
40509,0.016467204
40609,0.040721
41809,0.008840332
42009,0.04496204
42709,0.039773576
42909,0.015459733
43609,0.016985139
44209,0.010875083
44509,0.015088594
44709,0.051005628
44909,0.06658481
45209,0.05795244
45309,0.05404065
45509,0.06158681
45609,0.051060017
46109,0.052124277
46309,0.067308515
46509,0.0010785265
46909,0.017803013
47009,0.010103245
47109,0.0010391815
47209,0.031556968
47309,0.10911867
47609,0.073763534
47709,0.070325576
47809,0.12628011
47909,0.01837752
48209,0.05739933
48609,0.009357303
48709,0.0004282989
49109,0.058042727
49209,0.04316654
49609,0.0092450855
49709,0.0041089724
49909,0.025193097
50109,0.04134526
50309,0.053546134
50409,0.001146461
50609,0.04874112
50809,0.00025849117
50909,0.005612918
51009,0.03913115
51209,0.03426524
51609,0.0031339284
51809,0.01657213
52009,0.002532667
52109,0.05072046
52509,0.010890695
52609,0.11172383
52709,0.24045348
53209,0.035143696
53309,0.07992147
53409,0.031398688
53609,0.01985671
53909,0.08421323
54109,0.05883969
54209,0.11634812
54309,0.05315441
54409,0.038788207
54609,0.028709896
55009,0.030896254
55209,0.4492967
55409,0.0017361775
55509,0.022324715
55609,0.013704933
56209,0.048518077
56509,0.042073
56709,0.043311253
56809,0.02100347
57009,0.061245088
57109,0.032508656
57209,0.023439724
57309,0.022608982
57509,0.036372203
57909,0.029726977
58009,0.044159364
58209,0.038038976
58309,0.017873457
58509,0.20992808
58909,0.019737175
59109,0.0397212
59209,0.006256114
59509,0.019606667
59609,0.09802516
59809,0.10574003
59909,0.06431378
60409,0.06677965
60509,0.015132585
60809,0.069530055
61109,0.012352811
61309,0.017162427
61409,0.041423596
61709,0.051925354
62109,0.010115435
62409,0.18433765
62709,0.10353762
62809,0.030141518
63509,0.0075310273
63609,0.033522554
63709,0.05861885
63809,0.06861707
63909,0.038163293
64309,0.04097192
64409,0.03294692
10,0.1004369
110,0.05440711
410,0.42704493
610,0.1222936
710,0.05311902
1010,0.13559838
1210,0.16334896
1710,0.029240318
2210,0.34381008
2710,8.66691e-05
2810,0.6670188
2910,0.093432486
3010,0.620326
3110,0.09414044
3210,0.21195878
3310,0.07770171
3410,0.6762227
3710,0.50234133
4010,0.2732291
4110,5.2431184e-09
4210,0.04070122
4410,0.26405087
4710,0.082123555
4810,0.12588787
4910,0.33180222
5110,0.10405211
5210,0.036991276
5710,0.070211664
5910,0.07896254
6210,0.048368
6310,0.026873836
6510,0.06868665
6610,0.06951453
6810,0.038882993
6910,0.0010540958
7010,0.09221193
7210,0.0011173717
7410,0.111980736
7510,0.051007558
7710,0.18784323
7910,0.020800306
8110,0.0661627
8210,0.09740308
8310,0.13027102
8410,0.064867616
8510,0.07649114
8610,0.09870635
8710,0.031820603
8910,0.05170897
9010,0.06836382
9210,0.061416835
9510,0.5921549
9810,0.05465104
9910,0.13408655
10110,0.24482432
10410,0.050963324
10510,0.05503855
10610,0.18977432
10710,0.15243536
10910,0.040094335
11210,0.04529772
11310,0.43808115
11710,0.08702432
11910,0.043440316
12110,0.15773387
12410,0.28387526
12710,0.0982187
12910,0.18095289
13010,0.3562926
13410,0.059601936
13510,0.06462892
13610,0.048569184
13710,0.050589286
13910,0.14721692
14310,0.0800453
14410,0.78656167
15410,0.9302676
15610,0.043815818
15710,0.3325183
15810,0.15150513
15910,0.085052714
16110,0.32588732
16210,0.12870805
16310,0.107133366
16410,0.059368115
16510,0.07571915
16610,0.20392855
17010,0.059935097
17110,0.08735373
17210,0.08762264
17310,0.109680384
17410,0.03865916
17610,0.6516131
17710,0.19089717
17910,0.016584761
18010,0.012709529
18110,0.0026194826
18210,0.0019124612
18410,0.3160226
18510,0.1534587
18710,9.379045e-05
18810,0.20832576
19110,0.45568126
19510,0.08911173
19610,0.30372974
19710,0.6584815
19810,0.0375971
20710,0.09226539
20810,0.43353492
20910,0.1526835
21110,0.056270152
21210,0.15176418
21410,0.0660562
21810,0.0338147
22010,0.06495432
22310,0.12765366
22410,0.11090431
22510,0.036711562
22610,0.09452179
22910,1.7916727e-05
23010,0.034034118
23210,0.07907062
23310,0.11206101
23610,0.0620005
23710,0.12579511
23810,0.25297546
23910,0.1823541
24110,0.1371568
24210,0.087063245
24410,0.01896023
24510,0.10711805
24610,0.01991793
24710,0.08229975
25310,0.37629396
25410,0.1031852
25810,0.42730203
26010,0.8710625
26110,0.10417556
26210,0.08043443
26310,0.049933095
26410,0.72865045
26610,0.036034327
26710,0.05727605
26810,0.016347438
26910,0.2335819
27010,0.07040546
27310,0.2707765
27410,0.1348099
27510,0.020726427
27910,0.33815086
28010,0.059896808
28110,0.8469019
28310,0.038210012
28410,0.088045835
29010,0.45706427
29110,0.0615394
29310,0.045025855
29610,0.057172447
29710,0.8554922
29810,0.22495715
29910,0.052845173
30010,0.056953665
30110,0.7726414
30310,0.05771131
30410,0.05463627
30710,0.9159503
30810,0.1250363
31110,0.7622868
31210,0.105548546
31610,0.106842846
31710,0.64985806
31810,0.3022177
31910,0.06719106
32010,0.09525254
32110,0.027625311
32810,0.08782611
33010,0.05026125
33110,0.075752735
33510,0.10056537
33710,0.016468879
33810,0.024375958
33910,0.0034096255
34010,0.2363274
34210,0.018241564
34310,0.07561882
34410,0.021392878
34510,0.048975326
34610,0.07663033
34810,0.010312913
35010,0.1787676
35210,0.032399427
35310,0.17719495
35510,0.23250012
35610,0.26492453
35710,0.68126047
35910,0.4906347
36010,0.27694228
36110,0.08938295
36610,0.9221572
37210,0.05037212
37410,0.09026023
37510,0.18500745
37610,0.36528462
37710,0.071751624
38110,0.055771533
38210,0.04387927
38310,0.031736404
38410,0.09902388
38610,0.12440874
38810,0.25265142
39110,0.038687102
39210,0.0007779514
39310,0.012380575
39410,0.20996189
39610,0.09598302
39710,0.00012028516
39910,0.101566486
40010,0.12836374
40210,0.12519765
40510,0.13731703
40610,0.09588809
41810,0.8422036
42010,0.07360563
42710,0.08303848
42910,0.16164248
43610,0.81116885
44210,0.42695305
44510,0.102203526
44710,0.1025972
44910,0.09114187
45210,0.20250638
45310,0.0778026
45510,0.18969844
45610,0.050453503
46110,0.12663433
46310,0.08913059
46510,0.9628799
46910,0.044536076
47010,0.033580564
47110,0.6874445
47210,0.21985401
47310,0.05572713
47610,0.1949862
47710,0.031688835
47810,0.06639371
47910,0.1001809
48210,0.13492665
48610,0.3291681
48710,0.05106063
49110,0.40598935
49210,0.06512215
49610,0.15480459
49710,0.037315235
49910,0.0697685
50110,0.014394688
50310,0.23135532
50410,0.0054091653
50610,0.23140842
50810,0.00096804666
50910,0.83702296
51010,0.123253584
51210,0.011491519
51610,0.0073805596
51810,0.105339006
52010,0.7985112
52110,0.061755497
52510,0.0520064
52610,0.47259042
52710,0.08003265
53210,0.29345006
53310,0.12085978
53410,0.028330516
53610,0.055702075
53910,0.029606234
54110,0.33994237
54210,0.093319245
54310,0.050813973
54410,0.07463415
54610,0.056516025
55010,0.14566636
55210,0.1056232
55410,0.011324102
55510,0.26268724
55610,0.1066315
56210,0.1028373
56510,0.066904515
56710,0.108469754
56810,0.42971262
57010,0.13291626
57110,0.08306336
57210,0.13256039
57310,0.16424225
57510,0.09619239
57910,0.06756485
58010,0.27804095
58210,0.3328396
58310,0.019313378
58510,0.1628321
58910,0.08643693
59110,0.52433336
59210,0.8436397
59510,0.042604253
59610,0.64602375
59810,0.23610137
59910,0.29084966
60410,0.65463537
60510,0.07771398
60810,0.06393665
61110,0.08169705
61310,0.7984599
61410,0.79476815
61710,0.05152078
62110,0.89876276
62410,0.05025238
62710,0.041421436
62810,0.07804799
63510,0.9378662
63610,0.09079501
63710,0.040812217
63810,0.072964996
63910,0.09714783
64310,0.09663469
64410,0.109471664
11,0.040782675
111,0.0962906
411,0.30716702
611,0.030650865
711,0.058675338
1011,0.10613135
1211,0.061247364
1711,0.10583918
2211,0.02931579
2711,3.6371017e-05
2811,0.020917086
2911,0.1231885
3011,0.009391339
3111,0.081740394
3211,0.044629745
3311,0.10708127
3411,0.016696226
3711,0.018975653
4011,0.024934215
4111,5.001821e-07
4211,0.05545487
4411,0.012858443
4711,0.05331766
4811,0.06887098
4911,0.0143402815
5111,0.041507885
5211,0.04004743
5711,0.032796685
5911,0.057028547
6211,0.053358246
6311,0.04410622
6511,0.0768592
6611,0.06057212
6811,0.08531791
6911,0.0033627274
7011,0.010440696
7211,0.00044990442
7411,0.044836935
7511,0.18992832
7711,0.032544833
7911,0.018707072
8111,0.030998433
8211,0.03332293
8311,0.04936387
8411,0.11122109
8511,0.086565845
8611,0.07998455
8711,0.04289045
8911,0.07542834
9011,0.023018423
9211,0.028885445
9511,0.010961095
9811,0.08260284
9911,0.036898103
10111,0.018584318
10411,0.035210457
10511,0.03621505
10611,0.018200547
10711,0.03698841
10911,0.025941819
11211,0.035777386
11311,0.008928963
11711,0.01803956
11911,0.064038366
12111,0.044755537
12411,0.032153163
12711,0.07045796
12911,0.015203971
13011,0.018468997
13411,0.03647775
13511,0.057111718
13611,0.10970116
13711,0.062985025
13911,0.060714748
14311,0.139629
14411,0.001649734
15411,0.00086496724
15611,0.056634653
15711,0.013954167
15811,0.041345093
15911,0.061399072
16111,0.05188881
16211,0.055242833
16311,0.11093788
16411,0.13777457
16511,0.80719316
16611,0.20158021
17011,0.047554057
17111,0.08559081
17211,0.10271673
17311,0.2193012
17411,0.6263807
17611,0.013563216
17711,0.05669383
17911,0.10165809
18011,0.14180654
18111,0.00036276187
18211,0.00020880111
18411,0.004836374
18511,0.030428007
18711,4.012039e-05
18811,0.04895561
19111,0.022883251
19511,0.1206965
19611,0.0034427226
19711,0.012353073
19811,0.002664722
20711,0.09992855
20811,0.009307288
20911,0.039874908
21111,0.06987774
21211,0.07486336
21411,0.01830148
21811,0.08409741
22011,0.09005191
22311,0.08318524
22411,0.034824524
22511,0.06152319
22611,0.05704634
22911,5.3341944e-05
23011,0.0055875024
23211,0.05384681
23311,0.08368702
23611,0.04155323
23711,0.031204265
23811,0.04185015
23911,0.07288175
24111,0.03381364
24211,0.029580336
24411,0.0036087977
24511,0.023016931
24611,0.0042305724
24711,0.027009357
25311,0.19165984
25411,0.027829688
25811,0.003850906
26011,0.004012579
26111,0.014824104
26211,0.080235496
26311,0.039854854
26411,0.004317745
26611,0.05335144
26711,0.04028744
26811,0.004903247
26911,0.051044382
27011,0.040905345
27311,0.03495193
27411,0.058820017
27511,0.020030137
27911,0.0072280588
28011,0.034427766
28111,0.001605528
28311,0.06527214
28411,0.072657906
29011,0.017347889
29111,0.0632994
29311,0.07250719
29611,0.01699276
29711,0.002245553
29811,0.055572942
29911,0.11736074
30011,0.049983382
30111,0.0034414725
30311,0.057660475
30411,0.035178073
30711,0.0004789732
30811,0.02148986
31111,0.0008228301
31211,0.033141807
31611,0.040416416
31711,0.0050404235
31811,0.008661395
31911,0.03980944
32011,0.10328371
32111,0.0746828
32811,0.05459542
33011,0.19271663
33111,0.3119133
33511,0.025547443
33711,0.094287954
33811,0.11093465
33911,0.0004661657
34011,0.018605268
34211,0.00046027536
34311,0.059680484
34411,0.0037670599
34511,0.0052450984
34611,0.03369226
34811,0.00014756274
35011,0.047424603
35211,0.039525863
35311,0.046480037
35511,0.044296827
35611,0.026395598
35711,0.011385331
35911,0.016594816
36011,0.01095806
36111,0.058140222
36611,0.0019179005
37211,0.07742051
37411,0.06085728
37511,0.060554966
37611,0.007895468
37711,0.026679926
38111,0.07018816
38211,0.09388028
38311,0.058026053
38411,0.03555014
38611,0.06864992
38811,0.044355545
39111,0.011442256
39211,0.0001707183
39311,0.004083786
39411,0.013328907
39611,0.10411198
39711,0.029241726
39911,0.07447339
40011,0.02738566
40211,0.07692022
40511,0.06373312
40611,0.077846885
41811,0.0031880469
42011,0.07021098
42711,0.029026048
42911,0.05405217
43611,0.006687498
44211,0.018881239
44511,0.05477579
44711,0.07353452
44911,0.08801094
45211,0.037047986
45311,0.054126363
45511,0.07936353
45611,0.04003581
46111,0.027917057
46311,0.058468655
46511,0.000181117
46911,0.19221057
47011,0.019854961
47111,0.0005803968
47211,0.019088032
47311,0.08566122
47611,0.022412647
47711,0.115367554
47811,0.04383487
47911,0.06791203
48211,0.019209743
48611,0.03980616
48711,0.8827342
49111,0.025476882
49211,0.047856502
49611,0.24199972
49711,0.08053319
49911,0.06720111
50111,0.11260833
50311,0.012289722
50411,0.0025568418
50611,0.00849896
50811,0.00047287834
50911,0.000745299
51011,0.030016094
51211,0.001300444
51611,0.009308584
51811,0.037082724
52011,0.003296624
52111,0.028555417
52511,0.02751931
52611,0.005585812
52711,0.14164421
53211,0.029417163
53311,0.07839014
53411,0.052241664
53611,0.16029947
53911,0.021937493
54111,0.011642136
54211,0.02797391
54311,0.07482886
54411,0.054809902
54611,0.07802551
55011,0.13367012
55211,0.008784198
55411,0.0019224314
55511,0.04160533
55611,0.11962839
56211,0.038367085
56511,0.031437673
56711,0.10979866
56811,0.015481269
57011,0.044513546
57111,0.070325375
57211,0.060378265
57311,0.08682349
57511,0.0874218
57911,0.034974363
58011,0.028038932
58211,0.006025287
58311,0.036363143
58511,0.028006043
58911,0.07724926
59111,0.0050724666
59211,0.0011964738
59511,0.0047769635
59611,0.004331576
59811,0.043971397
59911,0.057764266
60411,0.0031389415
60511,0.045922767
60811,0.058016155
61111,0.028546592
61311,0.0022918696
61411,0.0029275678
61711,0.08760499
62111,0.0017574757
62411,0.036590297
62711,0.04026689
62811,0.046740763
63511,0.0010424005
63611,0.039020658
63711,0.06261515
63811,0.072450675
63911,0.06402512
64311,0.0612111
64411,0.12628335
12,0.06102627
112,0.05300848
412,0.003989579
612,0.05071829
712,0.04122258
1012,0.07476217
1212,0.004354375
1712,0.11830252
2212,0.022433434
2712,4.8861402e-05
2812,0.025800643
2912,0.08146678
3012,0.034376364
3112,0.055676438
3212,0.0431506
3312,0.11775575
3412,0.007833604
3712,0.0040471843
4012,0.022881184
4112,1.1479743e-06
4212,0.027765814
4412,0.009340241
4712,0.06615511
4812,0.0673857
4912,0.011432985
5112,0.024101654
5212,0.044057973
5712,0.05873994
5912,0.0939125
6212,0.044231076
6312,0.04756355
6512,0.03681072
6612,0.04213159
6812,0.038593836
6912,0.22578715
7012,0.0053284843
7212,0.002316263
7412,0.014619593
7512,0.029290158
7712,0.025955137
7912,0.019434165
8112,0.038481932
8212,0.026008202
8312,0.04541366
8412,0.07431978
8512,0.042842425
8612,0.066482455
8712,0.026711697
8912,0.04060635
9012,0.020370917
9212,0.027276002
9512,0.027534768
9812,0.046562765
9912,0.02873314
10112,0.02993292
10412,0.114507034
10512,0.035740312
10612,0.023187917
10712,0.028136661
10912,0.029860172
11212,0.03705529
11312,0.011853135
11712,0.07331194
11912,0.07032699
12112,0.06971352
12412,0.018383358
12712,0.046439387
12912,0.021484017
13012,0.010432023
13412,0.05645623
13512,0.046395876
13612,0.095248476
13712,0.07390008
13912,0.058786787
14312,0.0598657
14412,0.0027664574
15412,0.0022625213
15612,0.04952061
15712,0.03163696
15812,0.06435691
15912,0.031608943
16112,0.03697957
16212,0.06851122
16312,0.05542694
16412,0.1172503
16512,0.0013413479
16612,0.010992434
17012,0.02509617
17112,0.04157692
17212,0.07936889
17312,0.08271255
17412,0.03761549
17612,0.03176207
17712,0.05264026
17912,0.037014693
18012,0.09134612
18112,0.003599342
18212,0.0001889328
18412,0.0016972964
18512,0.018924994
18712,8.601378e-05
18812,0.044770226
19112,0.025282895
19512,0.033898786
19612,0.0010852158
19712,0.011846835
19812,0.00083803193
20712,0.066407174
20812,0.023640372
20912,0.01896211
21112,0.04623269
21212,0.03747957
21412,0.05098091
21812,0.0792316
22012,0.0707144
22312,0.032688852
22412,0.047116455
22512,0.04683753
22612,0.0322828
22912,0.5390293
23012,0.0013464057
23212,0.016143486
23312,0.036831733
23612,0.05475526
23712,0.05985383
23812,0.021239435
23912,0.060333185
24112,0.1061317
24212,0.039165623
24412,0.0037164513
24512,0.025071034
24612,0.0020913582
24712,0.03061304
25312,0.02748439
25412,0.034027815
25812,0.0024351752
26012,0.008782803
26112,0.012773474
26212,0.13544625
26312,0.028960591
26412,0.0046925615
26612,0.028340187
26712,0.07177024
26812,0.0234081
26912,0.020480167
27012,0.08140626
27312,0.03470492
27412,0.05345926
27512,0.048810776
27912,0.0062652035
28012,0.017032195
28112,0.003248326
28312,0.057897653
28412,0.08263422
29012,0.009368587
29112,0.069997706
29312,0.06349626
29612,0.04949163
29712,0.008669093
29812,0.026519692
29912,0.06848094
30012,0.057809774
30112,0.006361181
30312,0.04129742
30412,0.056113727
30712,0.0016492632
30812,0.018739942
31112,0.0016997517
31212,0.13626482
31612,0.046343368
31712,0.020005861
31812,0.029195383
31912,0.14066385
32012,0.041719615
32112,0.08875486
32812,0.029713716
33012,0.07126102
33112,0.0741304
33512,0.045537442
33712,0.07075443
33812,0.07114564
33912,0.00022415945
34012,0.006793745
34212,0.0003391876
34312,0.032896407
34412,0.0014441491
34512,0.005136553
34612,0.016413616
34812,2.062311e-05
35012,0.017918177
35212,0.062315382
35312,0.05936066
35512,0.028370094
35612,0.0292885
35712,0.017769499
35912,0.037945542
36012,0.067620166
36112,0.05016621
36612,0.0054766345
37212,0.03668618
37412,0.04169361
37512,0.018297233
37612,0.0058658146
37712,0.046549004
38112,0.041619934
38212,0.039739028
38312,0.072345585
38412,0.024799455
38612,0.03875426
38812,0.02384894
39112,0.015041796
39212,0.52473503
39312,0.14417598
39412,0.034101382
39612,0.056160506
39712,0.0014175051
39912,0.07712792
40012,0.017303908
40212,0.050421197
40512,0.05725087
40612,0.06238517
41812,0.0039964817
42012,0.0725147
42712,0.14621057
42912,0.017213255
43612,0.010279141
44212,0.034163106
44512,0.032931205
44712,0.07382129
44912,0.029343069
45212,0.014426263
45312,0.041686535
45512,0.021396842
45612,0.06587231
46112,0.047168076
46312,0.046074927
46512,0.00041563238
46912,0.053169776
47012,0.015481459
47112,0.0010133804
47212,0.04455475
47312,0.033577885
47612,0.05900195
47712,0.03469402
47812,0.034669768
47912,0.057613056
48212,0.07897907
48612,0.03921251
48712,0.005306873
49112,0.023677988
49212,0.055274174
49612,0.10779155
49712,0.033938795
49912,0.13677533
50112,0.093920894
50312,0.0037514695
50412,0.0024482547
50612,0.0047354237
50812,0.0008175543
50912,0.0011089338
51012,0.015437154
51212,0.00024440864
51612,0.17091171
51812,0.027325196
52012,0.0030295234
52112,0.019403901
52512,0.061710674
52612,0.0056048194
52712,0.0088488115
53212,0.018471517
53312,0.09723626
53412,0.10255184
53612,0.03864851
53912,0.02042849
54112,0.01678515
54212,0.079841994
54312,0.07432805
54412,0.099729925
54612,0.016025001
55012,0.0548466
55212,0.0033673304
55412,0.0083469795
55512,0.021184487
55612,0.019613223
56212,0.018850852
56512,0.05476188
56712,0.057472873
56812,0.009418088
57012,0.031643864
57112,0.025308365
57212,0.07171154
57312,0.03394938
57512,0.050050337
57912,0.08733773
58012,0.04468911
58212,0.0048025367
58312,0.017649118
58512,0.01782516
58912,0.01355059
59112,0.0077636978
59212,0.002558685
59512,0.0023497066
59612,0.012699495
59812,0.023962898
59912,0.023243153
60412,0.0017231273
60512,0.021326182
60812,0.044484816
61112,0.021140074
61312,0.004533672
61412,0.0017508317
61712,0.045899443
62112,0.0045586815
62412,0.07298949
62712,0.078616485
62812,0.07121099
63512,0.0029677646
63612,0.05213635
63712,0.069109485
63812,0.026190849
63912,0.029656459
64312,0.033485137
64412,0.06783285
13,0.040507756
113,0.06989078
413,9.199791e-05
613,0.017635912
713,0.031293273
1013,0.040629033
1213,0.0032532602
1713,0.02429813
2213,0.013586836
2713,1.0447287e-05
2813,0.023937343
2913,0.052917663
3013,0.01687849
3113,0.014276559
3213,0.026437143
3313,0.05651362
3413,0.008127598
3713,0.0067629716
4013,0.02521263
4113,1.8692979e-10
4213,0.029939717
4413,0.014193851
4713,0.011937366
4813,0.029266415
4913,0.011093739
5113,0.03503135
5213,0.034409005
5713,0.031112546
5913,0.04009493
6213,0.032816228
6313,0.029134927
6513,0.033378854
6613,0.031068724
6813,0.031811424
6913,0.00021341175
7013,0.004165458
7213,6.767998e-05
7413,0.035621215
7513,0.030030712
7713,0.015242054
7913,0.012740027
8113,0.024954593
8213,0.010839343
8313,0.022045564
8413,0.07162792
8513,0.03990587
8613,0.03632914
8713,0.03420823
8913,0.037914228
9013,0.023345413
9213,0.02172944
9513,0.023279846
9813,0.04980836
9913,0.055323604
10113,0.026273018
10413,0.039369605
10513,0.022091886
10613,0.042625915
10713,0.014540248
10913,0.020598387
11213,0.028259734
11313,0.003738973
11713,0.010749726
11913,0.029202837
12113,0.07978304
12413,0.031798273
12713,0.030352458
12913,0.013400442
13013,0.013556698
13413,0.035769574
13513,0.04698183
13613,0.031983938
13713,0.023088392
13913,0.027303234
14313,0.024238499
14413,0.003112971
15413,0.0019264426
15613,0.027314184
15713,0.025444163
15813,0.027902868
15913,0.024461353
16113,0.022740906
16213,0.03646024
16313,0.058493227
16413,0.038960673
16513,0.00040543012
16613,0.026012724
17013,0.026313055
17113,0.033021394
17213,0.049263176
17313,0.023226395
17413,0.021676704
17613,0.014117356
17713,0.06712755
17913,0.01664733
18013,0.022121675
18113,0.00015274367
18213,2.6461055e-05
18413,0.0007874706
18513,0.012769213
18713,9.101468e-06
18813,0.03165574
19113,0.05260207
19513,0.055238426
19613,0.0005523459
19713,0.010908743
19813,0.0004278883
20713,0.05070873
20813,0.025325548
20913,0.042785782
21113,0.03184588
21213,0.03159371
21413,0.010084612
21813,0.032010213
22013,0.05634008
22313,0.02142661
22413,0.031563535
22513,0.030193964
22613,0.028711574
22913,1.8956554e-06
23013,0.0001351888
23213,0.039535932
23313,0.035391513
23613,0.032830566
23713,0.023820052
23813,0.036698528
23913,0.034440406
24113,0.030563215
24213,0.03358059
24413,0.002567458
24513,0.027260145
24613,0.0020460803
24713,0.022147696
25313,0.033781514
25413,0.051062908
25813,0.008276381
26013,0.010247613
26113,0.007947945
26213,0.03263192
26313,0.020529915
26413,0.0053251325
26613,0.027164299
26713,0.041144356
26813,0.0032693457
26913,0.010915252
27013,0.033368926
27313,0.04407105
27413,0.039348293
27513,0.003206826
27913,0.008200375
28013,0.0243372
28113,0.0014488153
28313,0.033123676
28413,0.019249905
29013,0.008467542
29113,0.025596414
29313,0.031142013
29613,0.02620804
29713,0.0033052883
29813,0.028934903
29913,0.04148132
30013,0.025736516
30113,0.0062752375
30313,0.021442767
30413,0.02137651
30713,0.0008859328
30813,0.015771985
31113,0.0010463905
31213,0.04116665
31613,0.026869925
31713,0.012497924
31813,0.017677853
31913,0.031279225
32013,0.06338556
32113,0.039589297
32813,0.02072005
33013,0.043363683
33113,0.032749522
33513,0.030679202
33713,0.021003459
33813,0.025622215
33913,1.8580839e-05
34013,0.004740517
34213,7.552357e-05
34313,0.023089856
34413,0.0010778541
34513,0.0033951919
34613,0.03287469
34813,6.0507123e-06
35013,0.020275636
35213,0.0073200106
35313,0.012905143
35513,0.05364859
35613,0.03994803
35713,0.028031219
35913,0.015092901
36013,0.029438322
36113,0.022472536
36613,0.0041935085
37213,0.06115601
37413,0.03437274
37513,0.033627003
37613,0.009657248
37713,0.021018464
38113,0.028399102
38213,0.040181775
38313,0.041251473
38413,0.029426374
38613,0.029147873
38813,0.048540793
39113,0.005747235
39213,4.161543e-05
39313,0.002756824
39413,0.012499886
39613,0.044381082
39713,0.0031703375
39913,0.03764213
40013,0.017980186
40213,0.061698847
40513,0.020434842
40613,0.05227594
41813,0.0054797274
42013,0.050719462
42713,0.022946155
42913,0.04695266
43613,0.0095786275
44213,0.025998777
44513,0.02757954
44713,0.034957662
44913,0.026936602
45213,0.015716953
45313,0.054396365
45513,0.023678929
45613,0.0325292
46113,0.06345928
46313,0.03146817
46513,0.00033291633
46913,0.035955403
47013,0.009760091
47113,0.0008081923
47213,0.029942308
47313,0.033241306
47613,0.029988285
47713,0.02785355
47813,0.03099243
47913,0.03491686
48213,0.026570017
48613,0.039931063
48713,0.0021025594
49113,0.04463919
49213,0.02612101
49613,0.04940994
49713,0.0018619285
49913,0.045805838
50113,0.02079346
50313,0.0025439572
50413,0.00052082597
50613,0.0027785203
50813,0.000100550395
50913,0.0007624692
51013,0.03174139
51213,0.00014046307
51613,0.0014606938
51813,0.02528857
52013,0.0022956869
52113,0.01707619
52513,0.02398417
52613,0.0067416932
52713,0.016474275
53213,0.03884313
53313,0.025559612
53413,0.034129106
53613,0.02598119
53913,0.014960781
54113,0.007735176
54213,0.024940703
54313,0.021785887
54413,0.023963103
54613,0.074485704
55013,0.027076185
55213,0.0016785108
55413,0.0005026514
55513,0.039344255
55613,0.048972562
56213,0.032602202
56513,0.030264398
56713,0.0434706
56813,0.016777704
57013,0.03483193
57113,0.049649075
57213,0.029707426
57313,0.014893528
57513,0.046319917
57913,0.037502885
58013,0.026050074
58213,0.007907306
58313,0.021200947
58513,0.025591541
58913,0.029237267
59113,0.0039648023
59213,0.001711973
59513,0.002490612
59613,0.0067550275
59813,0.023489982
59913,0.027970377
60413,0.003419323
60513,0.03337082
60813,0.025600828
61113,0.015232491
61313,0.002267022
61413,0.0033338654
61713,0.07181986
62113,0.0027106837
62413,0.027215194
62713,0.022268165
62813,0.024509069
63513,0.0020137436
63613,0.022780601
63713,0.032694105
63813,0.025653478
63913,0.032265246
64313,0.033605456
64413,0.025881357
14,0.13096237
114,0.16542071
414,0.00023199912
614,0.06911028
714,0.045441985
1014,0.040205035
1214,0.0036299785
1714,0.070132874
2214,0.022483585
2714,2.6590198e-05
2814,0.029437698
2914,0.07606551
3014,0.010403108
3114,0.009889918
3214,0.045739718
3314,0.09210793
3414,0.008788728
3714,0.008120745
4014,0.021215806
4114,3.130552e-09
4214,0.04654053
4414,0.038054287
4714,0.046368457
4814,0.040961333
4914,0.011257864
5114,0.057258666
5214,0.060480256
5714,0.040101793
5914,0.033844523
6214,0.03316208
6314,0.04913785
6514,0.03583852
6614,0.088313505
6814,0.070960686
6914,0.00035844193
7014,0.016868982
7214,0.00017343913
7414,0.1258152
7514,0.045143638
7714,0.025038576
7914,0.012166588
8114,0.054936316
8214,0.017070066
8314,0.05912379
8414,0.08691023
8514,0.045618735
8614,0.038437746
8714,0.1473387
8914,0.044022344
9014,0.075835474
9214,0.026782108
9514,0.01992837
9814,0.08389417
9914,0.150725
10114,0.02642527
10414,0.048428908
10514,0.033166345
10614,0.06990206
10714,0.03704757
10914,0.04250681
11214,0.058498207
11314,0.008672024
11714,0.010943524
11914,0.046409022
12114,0.14029396
12414,0.052817628
12714,0.064775325
12914,0.02513881
13014,0.013982694
13414,0.0533386
13514,0.075812
13614,0.026265517
13714,0.03801929
13914,0.017468346
14314,0.04335475
14414,0.017489148
15414,0.0017853591
15614,0.03607498
15714,0.056590192
15814,0.051391743
15914,0.041850053
16114,0.03132008
16214,0.047083486
16314,0.08640611
16414,0.10898694
16514,0.0005671359
16614,0.018620042
17014,0.041755293
17114,0.114859894
17214,0.06752209
17314,0.019621275
17414,0.0321544
17614,0.029502299
17714,0.056672495
17914,0.13849638
18014,0.12113597
18114,0.00034846563
18214,0.000101908285
18414,0.0016966757
18514,0.03567568
18714,2.947796e-05
18814,0.030723264
19114,0.048836682
19514,0.053107765
19614,0.0011888023
19714,0.011095869
19814,0.001094578
20714,0.06724454
20814,0.017078783
20914,0.049971275
21114,0.092909105
21214,0.017616365
21414,0.028227257
21814,0.025985751
22014,0.07952345
22314,0.049967613
22414,0.042028233
22514,0.045665357
22614,0.049761746
22914,6.8389377e-06
23014,0.00035562573
23214,0.16847691
23314,0.04147212
23614,0.08406202
23714,0.03344552
23814,0.055918604
23914,0.033704944
24114,0.02503625
24214,0.057344865
24414,0.0235416
24514,0.052231736
24614,0.014388925
24714,0.06588699
25314,0.04036994
25414,0.033241756
25814,0.1146315
26014,0.025367193
26114,0.030358966
26214,0.037035562
26314,0.048051648
26414,0.0030926825
26614,0.08788216
26714,0.03707876
26814,0.00929401
26914,0.0126558365
27014,0.031875793
27314,0.047795348
27414,0.04008379
27514,0.0034219339
27914,0.020498633
28014,0.03637477
28114,0.009423154
28314,0.04512508
28414,0.022952877
29014,0.01240662
29114,0.039389234
29314,0.060009044
29614,0.017587515
29714,0.0052615646
29814,0.027226685
29914,0.05801285
30014,0.031521216
30114,0.013512527
30314,0.04396465
30414,0.054410752
30714,0.006857612
30814,0.059973676
31114,0.01509994
31214,0.04343336
31614,0.030115124
31714,0.029684339
31814,0.047442384
31914,0.030421361
32014,0.10937203
32114,0.30725017
32814,0.032397076
33014,0.06701954
33114,0.055427063
33514,0.08842318
33714,0.0845886
33814,0.112305164
33914,4.5153873e-05
34014,0.012316104
34214,0.0003742476
34314,0.039715078
34414,0.0031617717
34514,0.020002447
34614,0.032824848
34814,2.7766702e-05
35014,0.031890973
35214,0.007243197
35314,0.043258894
35514,0.044120364
35614,0.05125745
35714,0.025143392
35914,0.01607886
36014,0.08731466
36114,0.029204749
36614,0.0023047037
37214,0.10619533
37414,0.032206558
37514,0.016727353
37614,0.043472704
37714,0.057001807
38114,0.0636721
38214,0.05902812
38314,0.05549713
38414,0.073864534
38614,0.042484876
38814,0.05478315
39114,0.06798282
39214,0.00018903174
39314,0.0049071116
39414,0.017062327
39614,0.04322716
39714,0.13429607
39914,0.041659504
40014,0.020654045
40214,0.085630916
40514,0.0319146
40614,0.07245104
41814,0.018495187
42014,0.11471273
42714,0.06995437
42914,0.11191382
43614,0.013270697
44214,0.03979065
44514,0.025890727
44714,0.045119442
44914,0.03383011
45214,0.015903
45314,0.042128496
45514,0.04913052
45614,0.044318844
46114,0.10447775
46314,0.043939788
46514,0.0023404565
46914,0.081461504
47014,0.025371201
47114,0.022217577
47214,0.060586844
47314,0.044793222
47614,0.063357264
47714,0.03245253
47814,0.045278035
47914,0.05228285
48214,0.06493792
48614,0.03973825
48714,0.0046665804
49114,0.05318373
49214,0.048452467
49614,0.037715916
49714,0.003543617
49914,0.03735006
50114,0.07959284
50314,0.005177477
50414,0.0010073354
50614,0.0063699237
50814,0.00041896699
50914,0.0032692016
51014,0.07891718
51214,0.00079566677
51614,0.0010720283
51814,0.055314887
52014,0.004656404
52114,0.053689696
52514,0.019346582
52614,0.012079354
52714,0.01086344
53214,0.031694215
53314,0.019062255
53414,0.08833139
53614,0.022554666
53914,0.030564543
54114,0.075007744
54214,0.039725184
54314,0.05334323
54414,0.040972147
54614,0.2727812
55014,0.026512764
55214,0.004366175
55414,0.0010607333
55514,0.17015047
55614,0.107827656
56214,0.05869713
56514,0.072787836
56714,0.04579959
56814,0.038096033
57014,0.17531046
57114,0.12207744
57214,0.029667286
57314,0.016525771
57514,0.093772635
57914,0.04848668
58014,0.03560352
58214,0.042204544
58314,0.022903161
58514,0.038941827
58914,0.05009826
59114,0.038193204
59214,0.0061750785
59514,0.0111507755
59614,0.008981926
59814,0.03208339
59914,0.030670153
60414,0.016783498
60514,0.043303225
60814,0.058789723
61114,0.018699374
61314,0.016034504
61414,0.009495941
61714,0.083474904
62114,0.0023359954
62414,0.038675092
62714,0.04009537
62814,0.019244581
63514,0.0028080752
63614,0.07302625
63714,0.035681687
63814,0.051378164
63914,0.08430984
64314,0.037268955
64414,0.028539257
15,0.025974587
115,0.034256376
415,0.00032321832
615,0.031254806
715,0.03820562
1015,0.04861918
1215,0.00660189
1715,0.02790784
2215,0.019251276
2715,1.2323362e-05
2815,0.014144781
2915,0.035790537
3015,0.027057495
3115,0.023401732
3215,0.032717768
3315,0.022483002
3415,0.0062087565
3715,0.005214305
4015,0.025767632
4115,4.5251788e-10
4215,0.058878176
4415,0.017913496
4715,0.036386464
4815,0.03850859
4915,0.034051914
5115,0.06523038
5215,0.04113107
5715,0.038347818
5915,0.03857944
6215,0.0368736
6315,0.041729286
6515,0.029622981
6615,0.030398978
6815,0.026494116
6915,0.00026734118
7015,0.008188793
7215,7.866185e-05
7415,0.046045937
7515,0.04224899
7715,0.032246374
7915,0.024237199
8115,0.04325225
8215,0.026876716
8315,0.043280832
8415,0.02069868
8515,0.04382367
8615,0.055779513
8715,0.033165164
8915,0.03994652
9015,0.03966969
9215,0.041305788
9515,0.02050938
9815,0.033035018
9915,0.025634907
10115,0.019241054
10415,0.029595077
10515,0.024835186
10615,0.0244451
10715,0.09512324
10915,0.025851341
11215,0.066304475
11315,0.0060386653
11715,0.019560987
11915,0.053205237
12115,0.014689551
12415,0.020254109
12715,0.04523339
12915,0.019310085
13015,0.049124394
13415,0.0408885
13515,0.046242483
13615,0.022037921
13715,0.026095849
13915,0.10211069
14315,0.023557587
14415,0.0012172732
15415,0.0017833256
15615,0.03506842
15715,0.013804484
15815,0.045431722
15915,0.04069503
16115,0.03360524
16215,0.049286943
16315,0.04525829
16415,0.03822433
16515,0.00076293264
16615,0.025694864
17015,0.032619473
17115,0.03133849
17215,0.04330308
17315,0.04891536
17415,0.026113288
17615,0.018486423
17715,0.05806838
17915,0.016853053
18015,0.019429691
18115,0.00037802654
18215,5.106401e-05
18415,0.0010539265
18515,0.022739997
18715,1.46529765e-05
18815,0.030754065
19115,0.031000635
19515,0.04302575
19615,0.0005596931
19715,0.0109510105
19815,0.0007788235
20715,0.036426738
20815,0.041595016
20915,0.06904564
21115,0.03837938
21215,0.033962198
21415,0.019260008
21815,0.037809275
22015,0.031238794
22315,0.0932737
22415,0.04545614
22515,0.03351793
22615,0.032985672
22915,3.4373159e-06
23015,0.00015388832
23215,0.044676337
23315,0.08975401
23615,0.06265476
23715,0.033495393
23815,0.029646462
23915,0.05671867
24115,0.06038052
24215,0.06576318
24415,0.005081093
24515,0.031611715
24615,0.00392744
24715,0.0511473
25315,0.027374797
25415,0.050811984
25815,0.0063252705
26015,0.003108893
26115,0.017437037
26215,0.024923982
26315,0.043259703
26415,0.0079642525
26615,0.03290553
26715,0.05775152
26815,0.0042422777
26915,0.019178376
27015,0.058780566
27315,0.033999577
27415,0.026882146
27515,0.007673973
27915,0.0064991727
28015,0.050817184
28115,0.0017229762
28315,0.053029366
28415,0.035255246
29015,0.009951657
29115,0.034052733
29315,0.034687024
29615,0.024600768
29715,0.0041186083
29815,0.027666507
29915,0.038744286
30015,0.031384315
30115,0.0032290202
30315,0.036029037
30415,0.033230238
30715,0.0008052498
30815,0.033012666
31115,0.0016620118
31215,0.030710997
31615,0.03263899
31715,0.0055178385
31815,0.016720662
31915,0.04642065
32015,0.02930038
32115,0.013147927
32815,0.026725678
33015,0.053193968
33115,0.043892983
33515,0.039721265
33715,0.02203004
33815,0.022500325
33915,1.569139e-05
34015,0.008357362
34215,0.00010897466
34315,0.029978625
34415,0.0023396588
34515,0.0055993325
34615,0.042584416
34815,2.8449674e-06
35015,0.030309172
35215,0.012858491
35315,0.025885224
35515,0.037859574
35615,0.044019874
35715,0.012183661
35915,0.021881955
36015,0.011829111
36115,0.02039611
36615,0.0036674093
37215,0.04657287
37415,0.042340506
37515,0.031503852
37615,0.008045805
37715,0.039288975
38115,0.035159547
38215,0.044347923
38315,0.043646947
38415,0.040606253
38615,0.035007607
38815,0.024767913
39115,0.014849351
39215,7.061983e-05
39315,0.005504065
39415,0.019126387
39615,0.101808086
39715,0.00453808
39915,0.037825484
40015,0.014806517
40215,0.045265544
40515,0.03171126
40615,0.03927898
41815,0.0034233977
42015,0.024189033
42715,0.030576853
42915,0.024962347
43615,0.0063875243
44215,0.023958655
44515,0.041027166
44715,0.06274278
44915,0.017901571
45215,0.020079546
45315,0.08175955
45515,0.03390864
45615,0.047859937
46115,0.025322732
46315,0.052914724
46515,0.00027735974
46915,0.03107906
47015,0.02372394
47115,0.00091445126
47215,0.047708116
47315,0.037597064
47615,0.013047716
47715,0.025175901
47815,0.041623805
47915,0.04032139
48215,0.046136573
48615,0.033820346
48715,0.0027441916
49115,0.026295654
49215,0.0423966
49615,0.028282644
49715,0.005452911
49915,0.03692608
50115,0.018389344
50315,0.0048311013
50415,0.0010370355
50615,0.0027923642
50815,0.00016821559
50915,0.00087288476
51015,0.03872099
51215,0.00020801665
51615,0.0018500797
51815,0.03996129
52015,0.0013035237
52115,0.034061298
52515,0.02069634
52615,0.004151744
52715,0.007966704
53215,0.043439765
53315,0.06575362
53415,0.024364866
53615,0.03539646
53915,0.020406172
54115,0.01607072
54215,0.03842722
54315,0.03501965
54415,0.040607855
54615,0.026546521
55015,0.034657795
55215,0.0018134938
55415,0.0014672587
55515,0.023072053
55615,0.054651573
56215,0.043504126
56515,0.041718792
56715,0.051130753
56815,0.017241076
57015,0.023010354
57115,0.046566904
57215,0.03692989
57315,0.019803366
57515,0.02462347
57915,0.034207832
58015,0.047602683
58215,0.0060318876
58315,0.038137257
58515,0.037836444
58915,0.044723164
59115,0.006142988
59215,0.0009020535
59515,0.0019911705
59615,0.009036946
59815,0.02573995
59915,0.036794953
60415,0.0045539546
60515,0.035161585
60815,0.03008842
61115,0.022248313
61315,0.0027610261
61415,0.0016437428
61715,0.031150155
62115,0.0020505902
62415,0.03686387
62715,0.0415404
62815,0.027763056
63515,0.0021313797
63615,0.028767878
63715,0.0483782
63815,0.03492229
63915,0.05807574
64315,0.049183577
64415,0.02786077
16,0.04354262
116,0.060053952
416,4.4971006e-05
616,0.03743533
716,0.04940835
1016,0.057623867
1216,0.00967557
1716,0.09556506
2216,0.04046034
2716,2.7482653e-05
2816,0.013296146
2916,0.09822275
3016,0.012463733
3116,0.021086076
3216,0.02710103
3316,0.04543335
3416,0.014459594
3716,0.0074624266
4016,0.0407336
4116,3.5567416e-10
4216,0.061101664
4416,0.037054755
4716,0.028272582
4816,0.04752032
4916,0.027119486
5116,0.0488255
5216,0.0895053
5716,0.046226274
5916,0.046448477
6216,0.045864508
6316,0.051846996
6516,0.040337317
6616,0.059979912
6816,0.065995
6916,0.00046895148
7016,0.013526568
7216,9.5553914e-05
7416,0.06289248
7516,0.045255672
7716,0.05084136
7916,0.023604874
8116,0.046674743
8216,0.035538595
8316,0.0401255
8416,0.087160364
8516,0.072050445
8616,0.048588566
8716,0.07197663
8916,0.048390172
9016,0.063426435
9216,0.042323463
9516,0.018918205
9816,0.085616864
9916,0.06015776
10116,0.033639304
10416,0.05783622
10516,0.041077446
10616,0.050453722
10716,0.034776114
10916,0.07198325
11216,0.044626914
11316,0.0065227193
11716,0.019919273
11916,0.045098566
12116,0.05270033
12416,0.03542058
12716,0.04143237
12916,0.026770206
13016,0.0231306
13416,0.058969334
13516,0.063995935
13616,0.04520308
13716,0.04344314
13916,0.03223924
14316,0.034407973
14416,0.0017109786
15416,0.0013942021
15616,0.046628956
15716,0.03143775
15816,0.04661949
15916,0.042626895
16116,0.032655388
16216,0.05580289
16316,0.030360157
16416,0.046837363
16516,0.00027447296
16616,0.03673038
17016,0.051775295
17116,0.08797183
17216,0.06550647
17316,0.025452705
17416,0.03199231
17616,0.0072517786
17716,0.043266434
17916,0.08045365
18016,0.08508664
18116,0.0004920198
18216,8.133543e-05
18416,0.001405173
18516,0.036612418
18716,2.7024556e-05
18816,0.059712403
19116,0.035514347
19516,0.09502196
19616,0.00074767106
19716,0.0130384555
19816,0.0008598334
20716,0.083390996
20816,0.0244837
20916,0.06595496
21116,0.06085715
21216,0.032426223
21416,0.03316298
21816,0.03894897
22016,0.08365639
22316,0.023005852
22416,0.04172508
22516,0.040603586
22616,0.04739688
22916,5.179136e-06
23016,0.00019581064
23216,0.052576758
23316,0.056952577
23616,0.0420312
23716,0.043030083
23816,0.033593714
23916,0.05513983
24116,0.034571026
24216,0.05206905
24416,0.0059872014
24516,0.031709515
24616,0.007082322
24716,0.048578955
25316,0.024945555
25416,0.048801314
25816,0.0054540113
26016,0.0027931223
26116,0.023793817
26216,0.060318846
26316,0.04887417
26416,0.006603337
26616,0.06105245
26716,0.057612006
26816,0.0061478885
26916,0.037485544
27016,0.034548137
27316,0.0439838
27416,0.045746773
27516,0.010237956
27916,0.0053720116
28016,0.06050481
28116,0.0006797128
28316,0.06780485
28416,0.028958242
29016,0.008545229
29116,0.041726977
29316,0.050233096
29616,0.027894288
29716,0.0019608059
29816,0.024934182
29916,0.05863183
30016,0.03211212
30116,0.0031094642
30316,0.045427963
30416,0.055258702
30716,0.0007086641
30816,0.055494096
31116,0.0008391582
31216,0.05482029
31616,0.039000083
31716,0.0059678387
31816,0.031107139
31916,0.041257318
32016,0.074267365
32116,0.05309946
32816,0.038360547
33016,0.06602336
33116,0.05384476
33516,0.06275277
33716,0.081762716
33816,0.10339109
33916,3.576775e-05
34016,0.015527363
34216,0.00019409186
34316,0.06792721
34416,0.0027539013
34516,0.00566743
34616,0.04168648
34816,9.286093e-06
35016,0.03981255
35216,0.009773179
35316,0.021098753
35516,0.06425991
35616,0.061112616
35716,0.013177286
35916,0.019740554
36016,0.01857379
36116,0.043000847
36616,0.0015521429
37216,0.10100321
37416,0.04292836
37516,0.02925908
37616,0.011779904
37716,0.048979215
38116,0.05111698
38216,0.045015544
38316,0.07712118
38416,0.05819489
38616,0.049185056
38816,0.039434716
39116,0.0246271
39216,0.0001254042
39316,0.004972883
39416,0.020113299
39616,0.048416313
39716,0.024156122
39916,0.047924288
40016,0.038297717
40216,0.08087763
40516,0.04914653
40616,0.077007644
41816,0.004583136
42016,0.092438824
42716,0.048963197
42916,0.053465333
43616,0.0057456885
44216,0.024915656
44516,0.041244205
44716,0.038282797
44916,0.019955635
45216,0.019049712
45316,0.05275738
45516,0.0385353
45616,0.049777403
46116,0.04119074
46316,0.040141787
46516,0.00020328216
46916,0.07634604
47016,0.04136545
47116,0.00046407434
47216,0.03648754
47316,0.052909788
47616,0.037544776
47716,0.030824838
47816,0.04373263
47916,0.039324734
48216,0.060951505
48616,0.021499807
48716,0.0017493719
49116,0.037201095
49216,0.049735524
49616,0.033209734
49716,0.00301074
49916,0.043088946
50116,0.0761585
50316,0.006875829
50416,0.000892023
50616,0.0045745773
50816,0.00024072734
50916,0.0014665335
51016,0.042528413
51216,0.000525876
51616,0.002581485
51816,0.057414148
52016,0.0028838222
52116,0.047975473
52516,0.0322368
52616,0.009425825
52716,0.0024643047
53216,0.03477642
53316,0.031527355
53416,0.057217944
53616,0.029439576
53916,0.018353242
54116,0.012664853
54216,0.04432889
54316,0.05238804
54416,0.042516325
54616,0.043717753
55016,0.03261816
55216,0.0051463754
55416,0.0015340231
55516,0.04599441
55616,0.055759862
56216,0.066330336
56516,0.05865504
56716,0.056961205
56816,0.030965904
57016,0.05077741
57116,0.073061965
57216,0.050518107
57316,0.039346173
57516,0.09014417
57916,0.056863535
58016,0.02757676
58216,0.0065062246
58316,0.042899977
58516,0.088458315
58916,0.04485541
59116,0.0053130994
59216,0.0021316407
59516,0.002255427
59616,0.008400897
59816,0.03544976
59916,0.038090695
60416,0.0066675507
60516,0.055115875
60816,0.046668798
61116,0.02593322
61316,0.0018972926
61416,0.003112664
61716,0.074541986
62116,0.0017358925
62416,0.05615138
62716,0.042312462
62816,0.033392593
63516,0.0010135317
63616,0.056049
63716,0.041132763
63816,0.0464012
63916,0.055211663
64316,0.053818632
64416,0.039904524
17,0.049683537
117,0.04273596
417,5.9294627e-05
617,0.017746218
717,0.057196133
1017,0.05975666
1217,0.008499462
1717,0.040368095
2217,0.043255515
2717,0.00019695466
2817,0.007051501
2917,0.021978801
3017,0.017261244
3117,0.02999288
3217,0.015176403
3317,0.014908777
3417,0.008901058
3717,0.009181558
4017,0.031498954
4117,1.5650434e-08
4217,0.061403856
4417,0.013263776
4717,0.020562602
4817,0.034359813
4917,0.019791665
5117,0.07680619
5217,0.03882202
5717,0.04791894
5917,0.026694378
6217,0.05250512
6317,0.075590305
6517,0.02492907
6617,0.02995355
6817,0.024793388
6917,0.00081938197
7017,0.012076743
7217,0.0019785916
7417,0.08940165
7517,0.08659942
7717,0.028628297
7917,0.101526454
8117,0.039380368
8217,0.04360675
8317,0.03269081
8417,0.023068497
8517,0.03171443
8617,0.039219674
8717,0.034736145
8917,0.032270808
9017,0.04736805
9217,0.040709354
9517,0.009550585
9817,0.039072733
9917,0.03901676
10117,0.02113966
10417,0.023106115
10517,0.037117697
10617,0.018550089
10717,0.07656333
10917,0.028027477
11217,0.053790215
11317,0.0047842106
11717,0.01820695
11917,0.056295834
12117,0.01733992
12417,0.023476832
12717,0.028629737
12917,0.022926943
13017,0.018943597
13417,0.043845784
13517,0.04622907
13617,0.035358965
13717,0.025289612
13917,0.05558334
14317,0.02105756
14417,0.0015479295
15417,0.0010658315
15617,0.05117504
15717,0.019139528
15817,0.0276493
15917,0.034807086
16117,0.020954547
16217,0.027521413
16317,0.05704635
16417,0.045387607
16517,0.00044121692
16617,0.011340173
17017,0.072759084
17117,0.03833707
17217,0.039337642
17317,0.03198683
17417,0.014968258
17617,0.010067738
17717,0.04292087
17917,0.028843667
18017,0.035614822
18117,0.00055777375
18217,0.000116251686
18417,0.0018245445
18517,0.02768021
18717,0.0001041159
18817,0.023342304
19117,0.022305254
19517,0.039602213
19617,0.0019732127
19717,0.01172116
19817,0.01187136
20717,0.023663392
20817,0.025749704
20917,0.054539714
21117,0.02597392
21217,0.059881475
21417,0.016742632
21817,0.03908865
22017,0.023178056
22317,0.121457495
22417,0.041165
22517,0.063986704
22617,0.022983108
22917,1.6567523e-06
23017,0.0004920025
23217,0.11737895
23317,0.034874033
23617,0.050829276
23717,0.018452732
23817,0.019054087
23917,0.028471159
24117,0.025652159
24217,0.036609653
24417,0.012004034
24517,0.023008283
24617,0.007341337
24717,0.055817373
25317,0.0075862324
25417,0.057443876
25817,0.0068022395
26017,0.0010905474
26117,0.011290734
26217,0.012921673
26317,0.07416361
26417,0.010454286
26617,0.039472386
26717,0.038642038
26817,0.0033450318
26917,0.021857435
27017,0.035704173
27317,0.022757487
27417,0.017101293
27517,0.022841262
27917,0.0037165445
28017,0.036643483
28117,0.0008225455
28317,0.049656883
28417,0.022722965
29017,0.012571071
29117,0.022042878
29317,0.04548301
29617,0.02987887
29717,0.0018101936
29817,0.03135685
29917,0.045333587
30017,0.039225206
30117,0.0037881657
30317,0.056706924
30417,0.033198413
30717,0.00030017731
30817,0.01077222
31117,0.00046797766
31217,0.025322242
31617,0.022691643
31717,0.006308183
31817,0.008402282
31917,0.048751075
32017,0.031110657
32117,0.023615226
32817,0.028784908
33017,0.04962017
33117,0.050086223
33517,0.039181
33717,0.02838554
33817,0.040099807
33917,4.969153e-05
34017,0.019610716
34217,0.00024754016
34317,0.038569044
34417,0.005619073
34517,0.004500104
34617,0.03115662
34817,1.5850848e-05
35017,0.066926286
35217,0.07697663
35317,0.010686064
35517,0.032810986
35617,0.021695267
35717,0.011037851
35917,0.019406203
36017,0.009793947
36117,0.036492456
36617,0.0013245173
37217,0.060823977
37417,0.043320913
37517,0.06925981
37617,0.015382397
37717,0.028858244
38117,0.034835964
38217,0.07329608
38317,0.05572717
38417,0.0465948
38617,0.0342346
38817,0.03483138
39117,0.011988574
39217,6.193807e-05
39317,0.0020596161
39417,0.03617549
39617,0.071282245
39717,0.020632613
39917,0.03310569
40017,0.021483822
40217,0.0373873
40517,0.025212595
40617,0.04128936
41817,0.0016625714
42017,0.038185783
42717,0.013100086
42917,0.024052126
43617,0.002200514
44217,0.0142258
44517,0.0392961
44717,0.029595483
44917,0.052927803
45217,0.074048966
45317,0.086742565
45517,0.020367272
45617,0.063924685
46117,0.028843984
46317,0.040581573
46517,0.00022272502
46917,0.03202811
47017,0.045946285
47117,0.0003402232
47217,0.020074695
47317,0.0342731
47617,0.011515574
47717,0.0522352
47817,0.06543579
47917,0.035101064
48217,0.024460977
48617,0.019322064
48717,0.00072760036
49117,0.015562691
49217,0.03518402
49617,0.01444366
49717,0.0053859064
49917,0.032544687
50117,0.0321943
50317,0.0075227246
50417,0.0011124876
50617,0.002554568
50817,0.00025688
50917,0.0013942302
51017,0.028701097
51217,0.0005095998
51617,0.0049953773
51817,0.040546887
52017,0.0025823212
52117,0.053683486
52517,0.016831057
52617,0.008713461
52717,0.0056444565
53217,0.06291612
53317,0.016760072
53417,0.08074807
53617,0.07709129
53917,0.024722159
54117,0.010014961
54217,0.029747114
54317,0.021475611
54417,0.02965386
54617,0.020369591
55017,0.03533809
55217,0.005927208
55417,0.0036989283
55517,0.012810457
55617,0.073298626
56217,0.03401987
56517,0.04689288
56717,0.033577807
56817,0.009948349
57017,0.023734897
57117,0.03387518
57217,0.029316865
57317,0.018788807
57517,0.043556172
57917,0.028439421
58017,0.037768874
58217,0.0029478108
58317,0.067074336
58517,0.018670544
58917,0.05068492
59117,0.0028345732
59217,0.001165185
59517,0.003532119
59617,0.0056394767
59817,0.023622321
59917,0.027685314
60417,0.0021818336
60517,0.07115892
60817,0.03345526
61117,0.03508719
61317,0.0010524178
61417,0.0025019748
61717,0.041304804
62117,0.00062927627
62417,0.048707277
62717,0.05282524
62817,0.06335351
63517,0.0009698531
63617,0.026625246
63717,0.0751326
63817,0.04113859
63917,0.039227054
64317,0.053671516
64417,0.023256443
18,0.050189685
118,0.042616874
418,0.0003277702
618,0.08491001
718,0.034247976
1018,0.03829038
1218,0.0028743823
1718,0.04248473
2218,0.020116901
2718,1.9044777e-05
2818,0.013267048
2918,0.04551177
3018,0.029033327
3118,0.009043364
3218,0.06600362
3318,0.17683046
3418,0.0067938385
3718,0.0031960842
4018,0.08560475
4118,3.3931042e-09
4218,0.017418101
4418,0.01559284
4718,0.33149612
4818,0.031786304
4918,0.06362208
5118,0.0713066
5218,0.03946606
5718,0.03720212
5918,0.05171431
6218,0.029653337
6318,0.030021774
6518,0.047196656
6618,0.051513776
6818,0.07743323
6918,0.0003727992
7018,0.0042564543
7218,5.5900702e-05
7418,0.037751112
7518,0.023604838
7718,0.01676423
7918,0.005431638
8118,0.041777927
8218,0.015441056
8318,0.032958362
8418,0.049132094
8518,0.026784848
8618,0.028712997
8718,0.03324853
8918,0.02725252
9018,0.03662403
9218,0.02085412
9518,0.023431921
9818,0.028279359
9918,0.05739716
10118,0.015846757
10418,0.042100064
10518,0.022323325
10618,0.036971983
10718,0.036286987
10918,0.06464317
11218,0.03701126
11318,0.0074522914
11718,0.012603736
11918,0.035345588
12118,0.046804383
12418,0.031939667
12718,0.05126794
12918,0.029826995
13018,0.084717296
13418,0.04952776
13518,0.04569626
13618,0.053855963
13718,0.033476446
13918,0.049366258
14318,0.031853106
14418,0.0061104903
15418,0.003736758
15618,0.036193315
15718,0.032809947
15818,0.029174432
15918,0.019115664
16118,0.022360122
16218,0.03562242
16318,0.029397504
16418,0.05452044
16518,0.0009678574
16618,0.016229728
17018,0.031391926
17118,0.04496221
17218,0.05251989
17318,0.01765295
17418,0.024119033
17618,0.043553203
17718,0.035701655
17918,0.027740391
18018,0.06138972
18118,0.00023548186
18218,4.620179e-05
18418,0.00081313774
18518,0.021432335
18718,1.0531872e-05
18818,0.0155785605
19118,0.035880554
19518,0.026671639
19618,0.0004969343
19718,0.011494611
19818,0.00039018813
20718,0.04237099
20818,0.042113584
20918,0.03794502
21118,0.029695561
21218,0.0258093
21418,0.05125778
21818,0.029117018
22018,0.05534772
22318,0.019660907
22418,0.04462261
22518,0.023890056
22618,0.052323684
22918,5.972046e-06
23018,9.860458e-05
23218,0.025266016
23318,0.04745104
23618,0.04525521
23718,0.019348498
23818,0.014004911
23918,0.024584318
24118,0.029163944
24218,0.025147982
24418,0.0040991763
24518,0.024635287
24618,0.0013379192
24718,0.03820503
25318,0.01424786
25418,0.02132222
25818,0.015676992
26018,0.008000804
26118,0.013963891
26218,0.04345992
26318,0.024627566
26418,0.034783557
26618,0.037358508
26718,0.06829398
26818,0.006243909
26918,0.008737231
27018,0.025019767
27318,0.026487883
27418,0.032938436
27518,0.0041880733
27918,0.005058172
28018,0.022903483
28118,0.003302801
28318,0.05875904
28418,0.029400421
29018,0.021798128
29118,0.06072904
29318,0.031152247
29618,0.012433079
29718,0.011062928
29818,0.015650632
29918,0.048468027
30018,0.021353414
30118,0.0079140505
30318,0.032521427
30418,0.050407335
30718,0.00188311
30818,0.015108909
31118,0.0025360002
31218,0.06352276
31618,0.020981966
31718,0.020974694
31818,0.017448088
31918,0.050888192
32018,0.05169936
32118,0.05555585
32818,0.028253239
33018,0.03737611
33118,0.054610293
33518,0.05657104
33718,0.03448417
33818,0.0416743
33918,1.5928175e-05
34018,0.008770066
34218,0.000109028086
34318,0.025419354
34418,0.0015466546
34518,0.003273853
34618,0.016055461
34818,4.929145e-06
35018,0.01467407
35218,0.0045998385
35318,0.31438673
35518,0.030020595
35618,0.028829295
35718,0.015581399
35918,0.021103917
36018,0.045019217
36118,0.01985845
36618,0.016192693
37218,0.035733346
37418,0.04205762
37518,0.02209029
37618,0.010682118
37718,0.04914262
38118,0.036368534
38218,0.028704826
38318,0.035578612
38418,0.0357413
38618,0.037915796
38818,0.028461382
39118,0.008641698
39218,0.00018917728
39318,0.0034020438
39418,0.014142711
39618,0.05356212
39718,0.002134151
39918,0.022768512
40018,0.01236033
40218,0.027121194
40518,0.02042473
40618,0.029685212
41818,0.0038355817
42018,0.04131283
42718,0.033949398
42918,0.032021835
43618,0.008529008
44218,0.022899205
44518,0.011344253
44718,0.039399017
44918,0.024264984
45218,0.014436551
45318,0.028837537
45518,0.03281454
45618,0.027901448
46118,0.12907527
46318,0.026061919
46518,0.0003754983
46918,0.0312847
47018,0.010235685
47118,0.0013027121
47218,0.027758207
47318,0.041334447
47618,0.058194634
47718,0.026467467
47818,0.041547805
47918,0.023372862
48218,0.055331524
48618,0.024847392
48718,0.004377336
49118,0.04584043
49218,0.028581634
49618,0.036744937
49718,0.002822024
49918,0.033297487
50118,0.037748754
50318,0.004197714
50418,0.00047824273
50618,0.003284638
50818,0.00011555787
50918,0.0012843116
51018,0.030080149
51218,0.00013441482
51618,0.0017072755
51818,0.030173771
52018,0.0017170892
52118,0.020162256
52518,0.008156169
52618,0.0076346598
52718,0.1289147
53218,0.027838506
53318,0.04724987
53418,0.11828825
53618,0.022471746
53918,0.026700282
54118,0.028407278
54218,0.045658935
54318,0.04331004
54418,0.032327473
54618,0.028136794
55018,0.027810117
55218,0.003668527
55418,0.0007096485
55518,0.014971697
55618,0.030185854
56218,0.028731199
56518,0.03829373
56718,0.023894938
56818,0.011643622
57018,0.05112566
57118,0.030772379
57218,0.02944387
57318,0.011476531
57518,0.037733797
57918,0.04678125
58018,0.027256558
58218,0.013538408
58318,0.012631101
58518,0.033594444
58918,0.022286095
59118,0.009376939
59218,0.0029276523
59518,0.003946554
59618,0.023690753
59818,0.022780519
59918,0.020450678
60418,0.004007037
60518,0.014837034
60818,0.06292391
61118,0.014244607
61318,0.007873766
61418,0.0044604056
61718,0.04846323
62118,0.00938101
62418,0.04601837
62718,0.03641695
62818,0.0127130635
63518,0.0038079969
63618,0.030817404
63718,0.022183627
63818,0.028943505
63918,0.025541192
64318,0.027536925
64418,0.036148746
