Id,Probability
0,0.0018658583
100,0.0018020712
400,0.0034236098
600,0.18966489
700,0.30496225
1000,0.0020194196
1200,0.0012583704
1700,0.007639889
2200,0.0036704314
2700,0.0011520337
2800,0.0032614209
2900,0.006989142
3000,0.01703148
3100,0.039184283
3200,0.05974799
3300,0.010279512
3400,0.0051860986
3700,0.004022506
4000,0.050238848
4100,0.061305787
4200,0.07275468
4400,0.009692899
4700,0.017413074
4800,0.017416202
4900,0.015927395
5100,0.009564127
5200,0.54097486
5700,0.1999556
5900,0.027986437
6200,0.28113848
6300,0.19104314
6500,0.39981678
6600,0.2258241
6800,0.17543672
6900,0.0042783455
7000,0.004162931
7200,0.013896163
7400,0.02349927
7500,0.0032544155
7700,0.0021960295
7900,0.023059085
8100,0.008658149
8200,0.010647102
8300,0.077940494
8400,0.011943657
8500,0.0037283131
8600,0.009924268
8700,0.007901648
8900,0.0063915784
9000,0.01679231
9200,0.00940732
9500,0.00939279
9800,0.011079511
9900,0.01092662
10100,0.017151905
10400,0.07033725
10500,0.23596956
10600,0.013322444
10700,0.036252547
10900,0.5813808
11200,0.009764854
11300,0.006998623
11700,0.0071067014
11900,0.24102846
12100,0.007998691
12400,0.014796693
12700,0.17598443
12900,0.14827996
13000,0.0145642115
13400,0.1178545
13500,0.006850694
13600,0.23413955
13700,0.44914407
13900,0.05446645
14300,0.2603595
14400,0.012629307
15400,0.06567994
15600,0.45445883
15700,0.06975003
15800,0.0035200426
15900,0.0011757915
16100,0.020152982
16200,0.21735013
16300,0.010081131
16400,0.002035324
16500,0.0014562253
16600,0.002742357
17000,0.24037169
17100,0.0024233076
17200,0.0049973265
17300,0.0022423484
17400,0.0022888654
17600,0.02426691
17700,0.015797185
17900,0.004971674
18000,0.009208061
18100,0.0014905261
18200,0.0014067185
18400,0.0013542824
18500,0.0022753393
18700,0.0059500453
18800,0.008389975
19100,0.015980761
19500,0.0018412026
19600,0.0044140145
19700,0.004369632
19800,0.009932158
20700,0.021532627
20800,0.0063588326
20900,0.007330245
21100,0.18660106
21200,0.018620422
21400,0.72766584
21800,0.54200846
22000,0.03490111
22300,0.03170742
22400,0.27617413
22500,0.5823683
22600,0.09385838
22900,0.0012715067
23000,0.0010845235
23200,0.038243365
23300,0.015631633
23600,0.039957475
23700,0.0078607155
23800,0.0035103043
23900,0.0031716165
24100,0.01599384
24200,0.050408736
24400,0.010713569
24500,0.010360482
24600,0.0029774338
24700,0.005565258
25300,0.0032032074
25400,0.012153479
25800,0.005465769
26000,0.022172745
26100,0.007873749
26200,0.02336065
26300,0.12813658
26400,0.024534574
26600,0.34347874
26700,0.12984288
26800,0.013143646
26900,0.043195773
27000,0.010172849
27300,0.0083271805
27400,0.011188087
27500,0.012054954
27900,0.0036538464
28000,0.011822747
28100,0.07791278
28300,0.10857464
28400,0.339059
29000,0.14669536
29100,0.16481733
29300,0.44603157
29600,0.020458966
29700,0.012804965
29800,0.17634359
29900,0.07223866
30000,0.66556156
30100,0.04169398
30300,0.06059606
30400,0.21220072
30700,0.020763693
30800,0.0034296776
31100,0.00484534
31200,0.12372613
31600,0.0045867246
31700,0.023600781
31800,0.042773835
31900,0.08411187
32000,0.021143936
32100,0.006480837
32800,0.06623677
33000,0.0019522054
33100,0.004654115
33500,0.0106880255
33700,0.00710256
33800,0.006919666
33900,0.00088051846
34000,0.0035905906
34200,0.00067428616
34300,0.003181488
34400,0.0011130116
34500,0.0027383976
34600,0.011198155
34800,0.0005842262
35000,0.017080782
35200,0.013329319
35300,0.17832874
35500,0.0085620945
35600,0.0043918733
35700,0.0013385784
35900,0.004898972
36000,0.034289047
36100,0.015855359
36600,0.0026103836
37200,0.004328641
37400,0.03470687
37500,0.094305076
37600,0.031913973
37700,0.2906915
38100,0.12879021
38200,0.7099478
38300,0.4709406
38400,0.5621583
38600,0.015250875
38800,0.024008812
39100,0.0153085515
39200,0.0022697118
39300,0.010548792
39400,0.005887875
39600,0.06286063
39700,0.0020842962
39900,0.0016572285
40000,0.012423958
40200,0.0043219053
40500,0.017934907
40600,0.011471478
41800,0.015650546
42000,0.010306105
42700,0.28523383
42900,0.010996996
43600,0.011786437
44200,0.006143369
44500,0.00981259
44700,0.05134592
44900,0.45755693
45200,0.18180244
45300,0.03987906
45500,0.5381432
45600,0.5854516
46100,0.025130091
46300,0.05674828
46500,0.009621979
46900,0.0026829692
47000,0.0015318162
47100,0.0013007887
47200,0.024763867
47300,0.35811293
47600,0.02733581
47700,0.31892505
47800,0.08863621
47900,0.0020701832
48200,0.019297559
48600,0.0027591959
48700,0.0008979826
49100,0.0073293787
49200,0.18485059
49600,0.0067011234
49700,0.004187514
49900,0.0127924895
50100,0.006261049
50300,0.002198238
50400,0.002807181
50600,0.006943519
50800,0.001655399
50900,0.0033543112
51000,0.02200402
51200,0.0025800061
51600,0.092405945
51800,0.028326448
52000,0.005795556
52100,0.16301918
52500,0.024298456
52600,0.0101661105
52700,0.013191399
53200,0.01266378
53300,0.022150747
53400,0.1479767
53600,0.016072324
53900,0.030736888
54100,0.056917097
54200,0.38684693
54300,0.13623396
54400,0.37540197
54600,0.01023113
55000,0.02568843
55200,0.018786639
55400,0.009788147
55500,0.004804632
55600,0.0081723295
56200,0.006469089
56500,0.04307096
56700,0.02391586
56800,0.009130135
57000,0.0021250092
57100,0.0046728905
57200,0.008196076
57300,0.0076197865
57500,0.0075530643
57900,0.07437723
58000,0.0183401
58200,0.021441707
58300,0.009127345
58500,0.011809746
58900,0.0075126668
59100,0.091458365
59200,0.012817411
59500,0.0048613716
59600,0.012770335
59800,0.023653729
59900,0.029976454
60400,0.0019819539
60500,0.012836896
60800,0.1672704
61100,0.023380274
61300,0.011423739
61400,0.005668334
61700,0.011094333
62100,0.04038303
62400,0.61978173
62700,0.49643084
62800,0.38716298
63500,0.04106669
63600,0.25483114
63700,0.27664787
63800,0.4850568
63900,0.0021408186
64300,0.017371543
64400,0.03407883
1,0.18029788
101,0.32135338
401,0.5123078
601,0.103126265
701,0.051861357
1001,0.23636556
1201,0.33094627
1701,0.03646351
2201,0.15978906
2701,0.48027396
2801,0.09777261
2901,0.21830495
3001,0.05167766
3101,0.36915326
3201,0.1647865
3301,0.16863184
3401,0.12938747
3701,0.025891451
4001,0.023407882
4101,0.13376682
4201,0.36441404
4401,0.36599097
4701,0.01690004
4801,0.30754963
4901,0.026167331
5101,0.18485391
5201,0.019439647
5701,0.10343489
5901,0.15836301
6201,0.023416212
6301,0.12674
6501,0.047159825
6601,0.031438958
6801,0.048950173
6901,0.5957132
7001,0.5922711
7201,0.6621568
7401,0.08263848
7501,0.044597264
7701,0.29740867
7901,0.25451776
8101,0.107789166
8201,0.1500728
8301,0.23548076
8401,0.38381872
8501,0.15391418
8601,0.22175588
8701,0.18171254
8901,0.20118126
9001,0.42048654
9201,0.573446
9501,0.05923448
9801,0.020502571
9901,0.017452557
10101,0.10244439
10401,0.08916815
10501,0.18280418
10601,0.028418986
10701,0.047005415
10901,0.030226938
11201,0.13436484
11301,0.5944885
11701,0.66591185
11901,0.15548775
12101,0.04474877
12401,0.04669357
12701,0.043939106
12901,0.1191665
13001,0.037409324
13401,0.08328888
13501,0.31174505
13601,0.032934666
13701,0.036848392
13901,0.15785606
14301,0.05296915
14401,0.046248864
15401,0.09292274
15601,0.04000137
15701,0.13190876
15801,0.35697177
15901,0.39946744
16101,0.44056222
16201,0.06755202
16301,0.107898824
16401,0.21096475
16501,0.362778
16601,0.090929314
17001,0.22063647
17101,0.1635406
17201,0.15460385
17301,0.20628648
17401,0.34638777
17601,0.21302362
17701,0.0762518
17901,0.21371306
18001,0.09580698
18101,0.5343599
18201,0.47081864
18401,0.43921497
18501,0.27832058
18701,0.6057268
18801,0.08984509
19101,0.05993486
19501,0.17461698
19601,0.26123908
19701,0.028077058
19801,0.1810547
20701,0.42863643
20801,0.01747952
20901,0.17225873
21101,0.079437695
21201,0.31597638
21401,0.015726248
21801,0.022421265
22001,0.07278192
22301,0.092761345
22401,0.020129606
22501,0.025548404
22601,0.050346456
22901,0.5554918
23001,0.71994865
23201,0.033025652
23301,0.20931081
23601,0.1543104
23701,0.47303373
23801,0.2618903
23901,0.1368458
24101,0.17792656
24201,0.19814394
24401,0.58367467
24501,0.61461705
24601,0.57171774
24701,0.038915813
25301,0.27690154
25401,0.052684203
25801,0.040067922
26001,0.0220683
26101,0.07173938
26201,0.072470754
26301,0.15086082
26401,0.016653921
26601,0.0333596
26701,0.021017728
26801,0.55515957
26901,0.21632239
27001,0.09954032
27301,0.027156796
27401,0.4475843
27501,0.53364474
27901,0.1177326
28001,0.27832833
28101,0.11356996
28301,0.02320585
28401,0.04440177
29001,0.09428166
29101,0.020223567
29301,0.03032827
29601,0.11857172
29701,0.011310268
29801,0.020353569
29901,0.039882764
30001,0.020915983
30101,0.105315074
30301,0.1420295
30401,0.086174525
30701,0.028730957
30801,0.14001073
31101,0.02455569
31201,0.12127961
31601,0.21632347
31701,0.056838986
31801,0.05111928
31901,0.08105469
32001,0.060441446
32101,0.051016506
32801,0.10072989
33001,0.2703435
33101,0.16642413
33501,0.054236725
33701,0.06709714
33801,0.07504301
33901,0.3275544
34001,0.3110288
34201,0.536401
34301,0.1668086
34401,0.53956586
34501,0.3471961
34601,0.16947152
34801,0.55752444
35001,0.19299605
35201,0.4304298
35301,0.027527722
35501,0.06947613
35601,0.03099314
35701,0.0033810334
35901,0.21676345
36001,0.04811169
36101,0.040708262
36601,0.010299304
37201,0.4896279
37401,0.123186514
37501,0.29701972
37601,0.07168482
37701,0.17268929
38101,0.24184808
38201,0.00992671
38301,0.019092908
38401,0.07183527
38601,0.2657082
38801,0.034580305
39101,0.56052214
39201,0.51469445
39301,0.33812872
39401,0.5582716
39601,0.07175558
39701,0.19032775
39901,0.21460052
40001,0.597026
40201,0.19845869
40501,0.2253021
40601,0.084252134
41801,0.050583594
42001,0.030304011
42701,0.110342324
42901,0.092389084
43601,0.1850376
44201,0.015117003
44501,0.048852544
44701,0.045879547
44901,0.019155907
45201,0.3287401
45301,0.058185812
45501,0.06831037
45601,0.019726649
46101,0.025707154
46301,0.022672333
46501,0.09519664
46901,0.091264255
47001,0.6326126
47101,0.0051803864
47201,0.09257585
47301,0.041996118
47601,0.17005755
47701,0.246544
47801,0.08395232
47901,0.46278614
48201,0.16209541
48601,0.12376973
48701,0.40146312
49101,0.119322374
49201,0.07767243
49601,0.091964126
49701,0.50970626
49901,0.020419821
50101,0.19483596
50301,0.31631798
50401,0.47111365
50601,0.60194165
50801,0.49741724
50901,0.16789326
51001,0.1430539
51201,0.5043893
51601,0.27318937
51801,0.12556955
52001,0.05827333
52101,0.33955735
52501,0.26583904
52601,0.2901517
52701,0.002299956
53201,0.16710925
53301,0.20353313
53401,0.17242953
53601,0.24975187
53901,0.02137552
54101,0.071068585
54201,0.04772547
54301,0.14009134
54401,0.042614035
54601,0.1783394
55001,0.10292528
55201,0.46756005
55401,0.7704112
55501,0.2953385
55601,0.0659353
56201,0.52807426
56501,0.2343809
56701,0.10558344
56801,0.4314298
57001,0.19802679
57101,0.18819548
57201,0.17741738
57301,0.10762895
57501,0.024023576
57901,0.07613923
58001,0.026731038
58201,0.033217683
58301,0.060745496
58501,0.110039
58901,0.018239327
59101,0.031027593
59201,0.3312171
59501,0.4718949
59601,0.01674396
59801,0.15182242
59901,0.2674002
60401,0.041652266
60501,0.14762963
60801,0.13135107
61101,0.17830871
61301,0.025494436
61401,0.39554712
61701,0.12983671
62101,0.03952389
62401,0.01680255
62701,0.05501644
62801,0.06531746
63501,0.045128528
63601,0.068004884
63701,0.044113412
63801,0.029583469
63901,0.31286973
64301,0.046034418
64401,0.066638544
2,0.010125025
102,0.02992549
402,0.02448737
602,0.034014657
702,0.010290086
1002,0.052338313
1202,0.10579169
1702,0.025991648
2202,0.0834739
2702,0.20260505
2802,0.0091161
2902,0.027041487
3002,0.008248845
3102,0.01852931
3202,0.0042429995
3302,0.0013599134
3402,0.045276262
3702,0.23265196
4002,0.010846332
4102,0.004050046
4202,0.012081184
4402,0.013364533
4702,0.00491717
4802,0.021022473
4902,0.0060530417
5102,0.0054220236
5202,0.01283364
5702,0.003212246
5902,0.0052733542
6202,0.034899373
6302,0.012536039
6502,0.0070905006
6602,0.021360505
6802,0.0069531254
6902,0.011322482
7002,0.03508086
7202,0.0054904623
7402,0.017650189
7502,0.010267973
7702,0.040442254
7902,0.011006696
8102,0.033250153
8202,0.014158509
8302,0.077303484
8402,0.024471056
8502,0.04481109
8602,0.07124245
8702,0.012232083
8902,0.05958293
9002,0.010255609
9202,0.026337571
9502,0.031914458
9802,0.007042846
9902,0.009238746
10102,0.06183845
10402,0.0038601828
10502,0.011123022
10602,0.05266831
10702,0.03911377
10902,0.005255364
11202,0.22386031
11302,0.02097503
11702,0.017415538
11902,0.011456315
12102,0.05259429
12402,0.011603585
12702,0.04552192
12902,0.0032494988
13002,0.02517483
13402,0.011426191
13502,0.008935462
13602,0.004535403
13702,0.0044519403
13902,0.02166972
14302,0.010396845
14402,0.01009467
15402,0.010419043
15602,0.0068766177
15702,0.0041034133
15802,0.06046527
15902,0.043958206
16102,0.018172672
16202,0.021479068
16302,0.055432618
16402,0.05868719
16502,0.0124036735
16602,0.081809096
17002,0.0055873464
17102,0.033464003
17202,0.04137343
17302,0.059879337
17402,0.02489119
17602,0.017594859
17702,0.0060960855
17902,0.05220054
18002,0.026136758
18102,0.11502938
18202,0.12278967
18402,0.06046538
18502,0.07390036
18702,0.05426121
18802,0.066555195
19102,0.0054126414
19502,0.027877904
19602,0.053993274
19702,0.091584355
19802,0.11151546
20702,0.010303897
20802,0.0212816
20902,0.03993323
21102,0.048172306
21202,0.014881191
21402,0.0012820605
21802,0.0056757103
22002,0.008053731
22302,0.025844064
22402,0.026815947
22502,0.0058513735
22602,0.034136176
22902,0.004821274
23002,0.018158799
23202,0.016198356
23302,0.100779
23602,0.05958638
23702,0.0076928562
23802,0.012953986
23902,0.019994529
24102,0.054413628
24202,0.054843623
24402,0.0035301154
24502,0.01348109
24602,0.01775649
24702,0.0063459757
25302,0.019096205
25402,0.010379758
25802,0.011639881
26002,0.008643047
26102,0.042319
26202,0.003668512
26302,0.0034357356
26402,0.014889794
26602,0.0058273165
26702,0.04968414
26802,0.038656525
26902,0.09726651
27002,0.08724337
27302,0.010877229
27402,0.011343952
27502,0.04974411
27902,0.2624287
28002,0.08858302
28102,0.014699823
28302,0.0405168
28402,0.023107894
29002,0.008078238
29102,0.021576341
29302,0.009310269
29602,0.071215175
29702,0.022631396
29802,0.053458
29902,0.014110924
30002,0.0041622873
30102,0.009187717
30302,0.006968357
30402,0.0032068004
30702,0.017971175
30802,0.03221907
31102,0.019973338
31202,0.0071468255
31602,0.057670966
31702,0.0075991587
31802,0.053777218
31902,0.012757312
32002,0.04759092
32102,0.117592275
32802,0.0059013856
33002,0.042070445
33102,0.022880169
33502,0.021222508
33702,0.06231596
33802,0.047934934
33902,0.23710781
34002,0.09556792
34202,0.018321553
34302,0.10736832
34402,0.03641367
34502,0.12949839
34602,0.17684084
34802,0.025673794
35002,0.010838964
35202,0.004974204
35302,0.03365721
35502,0.038081832
35602,0.012755308
35702,0.007449249
35902,0.010896643
36002,0.012439968
36102,0.10448283
36602,0.007296432
37202,0.0053322893
37402,0.0126211215
37502,0.011218697
37602,0.006598805
37702,0.006069144
38102,0.01401159
38202,0.0038021791
38302,0.004334194
38402,0.006066184
38602,0.0063488735
38802,0.00445865
39102,0.008869979
39202,0.0080529265
39302,0.063174136
39402,0.00884831
39602,0.024835005
39702,0.0021677674
39902,0.08823028
40002,0.008383852
40202,0.024694387
40502,0.025824483
40602,0.041017886
41802,0.042009626
42002,0.0057169762
42702,0.006092987
42902,0.034454186
43602,0.03889169
44202,0.16717914
44502,0.08801191
44702,0.095038645
44902,0.0037875976
45202,0.007114424
45302,0.025151188
45502,0.016455153
45602,0.0032431053
46102,0.002258536
46302,0.012153073
46502,0.01554718
46902,0.084000565
47002,0.031544313
47102,0.014012338
47202,0.06240658
47302,0.04006645
47602,0.0028898222
47702,0.003199744
47802,0.0020054288
47902,0.024275325
48202,0.03574124
48602,0.069513224
48702,0.016205601
49102,0.006053708
49202,0.010531703
49602,0.04332066
49702,0.0492399
49902,0.09250443
50102,0.02416462
50302,0.18882483
50402,0.1489668
50602,0.010604872
50802,0.10726653
50902,0.05186782
51002,0.073495224
51202,0.055623986
51602,0.029783225
51802,0.09039921
52002,0.18689647
52102,0.029396147
52502,0.024429664
52602,0.0075287577
52702,0.0039470843
53202,0.015509393
53302,0.05122816
53402,0.0061766673
53602,0.009047729
53902,0.001206523
54102,0.009916068
54202,0.012067807
54302,0.01986527
54402,0.014114994
54602,0.02978439
55002,0.014272888
55202,0.012058756
55402,0.0054492285
55502,0.019323017
55602,0.02267045
56202,0.013799045
56502,0.047549117
56702,0.030680405
56802,0.014010303
57002,0.02787488
57102,0.051210396
57202,0.050722163
57302,0.10726819
57502,0.025814068
57902,0.0104969
58002,0.022790382
58202,0.07056761
58302,0.012648637
58502,0.010251621
58902,0.022048924
59102,0.02225146
59202,0.04094145
59502,0.024422836
59602,0.011780642
59802,0.0043095197
59902,0.010777209
60402,0.22280839
60502,0.043027375
60802,0.008674293
61102,0.023244172
61302,0.023860468
61402,0.01843156
61702,0.014651051
62102,0.016604902
62402,0.0042107087
62702,0.005462872
62802,0.014087983
63502,0.01847414
63602,0.01124935
63702,0.0074165403
63802,0.0050685382
63902,0.03429721
64302,0.012620812
64402,0.04369406
3,0.0011379014
103,0.003084973
403,0.0030714776
603,0.0030645162
703,0.0073784394
1003,0.011495785
1203,0.0059729167
1703,0.015523194
2203,0.033933453
2703,0.0033774916
2803,0.0026657416
2903,0.028142763
3003,0.0039006912
3103,0.0076020034
3203,0.0033716608
3303,0.006567294
3403,0.020518053
3703,0.4369263
4003,0.0012130864
4103,0.018111227
4203,0.0031624322
4403,0.010490067
4703,0.0006855178
4803,0.035584938
4903,0.0036471908
5103,0.0027427252
5203,0.0038966031
5703,0.0054324386
5903,0.014960929
6203,0.0069462666
6303,0.0077489656
6503,0.01350854
6603,0.0045526433
6803,0.011980865
6903,0.00645272
7003,0.0020126358
7203,0.0018819463
7403,0.0071122255
7503,0.005502912
7703,0.0026073745
7903,0.004782927
8103,0.0040802006
8203,0.015739989
8303,0.0067637344
8403,0.036853705
8503,0.00885914
8603,0.04192302
8703,0.0019115265
8903,0.008298718
9003,0.0021113125
9203,0.0045847595
9503,0.052986637
9803,0.005648865
9903,0.0071039735
10103,0.044952698
10403,0.00968152
10503,0.008743279
10603,0.17416775
10703,0.056844823
10903,0.0024218643
11203,0.05267953
11303,0.0039585386
11703,0.004721153
11903,0.016683256
12103,0.10993703
12403,0.031838022
12703,0.0039638006
12903,0.0106383795
13003,0.00788403
13403,0.007906436
13503,0.0063031004
13603,0.011443637
13703,0.004191335
13903,0.016389184
14303,0.020564541
14403,0.0007333036
15403,0.0035288788
15603,0.0068719434
15703,0.0054218196
15803,0.0031175993
15903,0.001930411
16103,0.0059021693
16203,0.0076395213
16303,0.03777033
16403,0.0032966307
16503,0.0011869106
16603,0.008942763
17003,0.006009699
17103,0.01704362
17203,0.0442555
17303,0.012106718
17403,0.0067360387
17603,0.0058293524
17703,0.0056812637
17903,0.019499293
18003,0.011908763
18103,0.0023514144
18203,0.0037870507
18403,0.0027089948
18503,0.004946185
18703,0.0032930311
18803,0.019280083
19103,0.007673355
19503,0.007147786
19603,0.019763581
19703,0.066886894
19803,0.08548926
20703,0.0135135865
20803,0.005804279
20903,0.0078986725
21103,0.004952744
21203,0.010986977
21403,0.0020640292
21803,0.0018538508
22003,0.020283306
22303,0.07228451
22403,0.004119221
22503,0.0024618234
22603,0.007034486
22903,0.0032600851
23003,0.001542606
23203,0.010050199
23303,0.018500792
23603,0.0068003694
23703,0.0025298866
23803,0.005435401
23903,0.005088026
24103,0.016800856
24203,0.0046837027
24403,0.001304797
24503,0.0030492677
24603,0.0015744234
24703,0.0034967037
25303,0.00573802
25403,0.007920625
25803,0.0005020141
26003,0.008826431
26103,0.009626833
26203,0.009882481
26303,0.0086846
26403,0.032687504
26603,0.0030315835
26703,0.006204823
26803,0.003485921
26903,0.015912233
27003,0.025717532
27303,0.011015242
27403,0.015925825
27503,0.004775973
27903,0.005045733
28003,0.012965787
28103,0.005354034
28303,0.0039054567
28403,0.014632399
29003,0.0024770799
29103,0.004171008
29303,0.0016408897
29603,0.18110867
29703,0.0064057484
29803,0.018970188
29903,0.019775197
30003,0.0018186679
30103,0.005080314
30303,0.01138588
30403,0.003993033
30703,0.0019930555
30803,0.012117681
31103,0.0018463176
31203,0.0068579693
31603,0.006097826
31703,0.008404615
31803,0.008251759
31903,0.008384633
32003,0.09511825
32103,0.035756588
32803,0.002517065
33003,0.01288793
33103,0.005811827
33503,0.0033567983
33703,0.033153012
33803,0.019784087
33903,0.0028905896
34003,0.029416705
34203,0.0006343052
34303,0.004201984
34403,0.0031739925
34503,0.0024990514
34603,0.018742124
34803,0.00080630096
35003,0.0076214257
35203,0.0045878016
35303,0.0028450526
35503,0.049845085
35603,0.009958863
35703,0.0051578972
35903,0.0058524413
36003,0.0016877817
36103,0.026427893
36603,0.0026507946
37203,0.0037348613
37403,0.0036794962
37503,0.0095399385
37603,0.004622357
37703,0.0069487337
38103,0.009453439
38203,0.0030687035
38303,0.0019519264
38403,0.0028116344
38603,0.02157946
38803,0.024562554
39103,0.0025859359
39203,0.0037184132
39303,0.003124991
39403,0.0051715453
39603,0.015554828
39703,0.0011681472
39903,0.007232938
40003,0.0019771254
40203,0.0034104693
40503,0.004699859
40603,0.0790161
41803,0.027757453
42003,0.0064714137
42703,0.0021970018
42903,0.031655103
43603,0.024997039
44203,0.070609905
44503,0.052748088
44703,0.004704518
44903,0.007610611
45203,0.001197
45303,0.052200787
45503,0.0048261667
45603,0.004476379
46103,0.00862067
46303,0.014114657
46503,0.0016334852
46903,0.021941317
47003,0.0023901828
47103,0.00020124955
47203,0.0028493432
47303,0.0056623365
47603,0.009158423
47703,0.0042290087
47803,0.007782189
47903,0.002890137
48203,0.0029679828
48603,0.006209988
48703,0.00093452743
49103,0.0024691601
49203,0.009967964
49603,0.06772915
49703,0.0026981041
49903,0.0059370236
50103,0.009446266
50303,0.015906468
50403,0.0039569647
50603,0.0016677307
50803,0.0079144165
50903,0.001968526
51003,0.0067932582
51203,0.005014387
51603,0.031654365
51803,0.023454757
52003,0.24416183
52103,0.0047111744
52503,0.007238245
52603,0.0071782246
52703,0.0030493056
53203,0.06188524
53303,0.006243642
53403,0.010928432
53603,0.016670039
53903,0.002435473
54103,0.0021259955
54203,0.0049506202
54303,0.01975861
54403,0.009659768
54603,0.037440475
55003,0.02218251
55203,0.0028103744
55403,0.00092914206
55503,0.01223672
55603,0.0047196136
56203,0.0020153841
56503,0.0068004164
56703,0.008134487
56803,0.008735925
57003,0.0009278406
57103,0.0016368462
57203,0.019752793
57303,0.08266552
57503,0.02245377
57903,0.011018602
58003,0.014895345
58203,0.001836702
58303,0.013481139
58503,0.013413491
58903,0.0048728227
59103,0.009277616
59203,0.0061355336
59503,0.001354208
59603,0.017362472
59803,0.011026934
59903,0.0071920524
60403,0.0039220783
60503,0.009924233
60803,0.02092131
61103,0.015055833
61303,0.0014788992
61403,0.004174578
61703,0.021467945
62103,0.0068084407
62403,0.0015691756
62703,0.006038426
62803,0.005000709
63503,0.00392021
63603,0.006946431
63703,0.00417158
63803,0.008678237
63903,0.0068010786
64303,0.008898643
64403,0.013651472
4,0.012711917
104,0.008351891
404,0.009458498
604,0.025142407
704,0.0097066
1004,0.015061148
1204,0.02196358
1704,0.10679097
2204,0.02280736
2704,0.020278899
2804,0.025176363
2904,0.035611127
3004,0.012121873
3104,0.0078112003
3204,0.009819142
3304,0.0051801293
3404,0.009321619
3704,0.029785791
4004,0.008743761
4104,0.031316083
4204,0.011981873
4404,0.057542983
4704,0.015965978
4804,0.02410722
4904,0.017424896
5104,0.033850126
5204,0.0048926934
5704,0.004440473
5904,0.03624888
6204,0.012801126
6304,0.046342026
6504,0.012970062
6604,0.025995776
6804,0.010705595
6904,0.016712576
7004,0.0133217
7204,0.019067878
7404,0.20802276
7504,0.0106983045
7704,0.014721137
7904,0.040068705
8104,0.07408667
8204,0.020376356
8304,0.040737744
8404,0.02215694
8504,0.015088539
8604,0.05654642
8704,0.020828644
8904,0.03083289
9004,0.010322819
9204,0.024738697
9504,0.030846277
9804,0.015385792
9904,0.02772356
10104,0.040874127
10404,0.011276721
10504,0.012432516
10604,0.13279143
10704,0.14341825
10904,0.0040436396
11204,0.055980396
11304,0.022961654
11704,0.016239671
11904,0.016831506
12104,0.029415173
12404,0.044248205
12704,0.060369357
12904,0.015271662
13004,0.13383567
13404,0.02572283
13504,0.041934624
13604,0.0050883763
13704,0.0021873338
13904,0.039252415
14304,0.009749078
14404,0.035310168
15404,0.03276456
15604,0.009917748
15704,0.014350669
15804,0.027991978
15904,0.02590044
16104,0.03348272
16204,0.030197624
16304,0.033482183
16404,0.022087272
16504,0.0019031017
16604,0.049909215
17004,0.015155129
17104,0.010913406
17204,0.019044233
17304,0.04145931
17404,0.0057639396
17604,0.02432852
17704,0.014289772
17904,0.031775117
18004,0.06258434
18104,0.026118562
18204,0.016149867
18404,0.016362473
18504,0.028839858
18704,0.033164036
18804,0.027412781
19104,0.0050972323
19504,0.021752179
19604,0.0531369
19704,0.028125409
19804,0.03975125
20704,0.019604942
20804,0.14956582
20904,0.032111496
21104,0.043942273
21204,0.011645869
21404,0.0015762411
21804,0.001998661
22004,0.019209333
22304,0.029994203
22404,0.024980763
22504,0.0035529588
22604,0.049225356
22904,0.0036640996
23004,0.0046707247
23204,0.35603485
23304,0.05828575
23604,0.05840136
23704,0.009167654
23804,0.021877538
23904,0.014023071
24104,0.024294544
24204,0.038921844
24404,0.033338908
24504,0.019512987
24604,0.023530193
24704,0.024198413
25304,0.00391052
25404,0.122476846
25804,0.04571848
26004,0.016483666
26104,0.09065316
26204,0.0059166704
26304,0.02525676
26404,0.029815825
26604,0.03383781
26704,0.056224354
26804,0.018245315
26904,0.042163678
27004,0.18787377
27304,0.056627106
27404,0.009596826
27504,0.066178404
27904,0.07816919
28004,0.084715374
28104,0.029343154
28304,0.06340021
28404,0.02473475
29004,0.030651784
29104,0.036197267
29304,0.0051183975
29604,0.025066687
29704,0.100076035
29804,0.090749666
29904,0.019165719
30004,0.0024871167
30104,0.04810011
30304,0.01880566
30404,0.0069726943
30704,0.09217404
30804,0.023470832
31104,0.103937946
31204,0.0070968727
31604,0.02867379
31704,0.087259576
31804,0.060863826
31904,0.013123382
32004,0.04773385
32104,0.041968446
32804,0.023564024
33004,0.007975476
33104,0.012368089
33504,0.025085054
33704,0.081092834
33804,0.048191674
33904,0.01109199
34004,0.016437221
34204,0.006799672
34304,0.01793742
34404,0.00826555
34504,0.025627658
34604,0.033221588
34804,0.006016881
35004,0.02324223
35204,0.0076953718
35304,0.03968987
35504,0.039257463
35604,0.041482884
35704,0.015550204
35904,0.0347104
36004,0.092386015
36104,0.050008014
36604,0.014212726
37204,0.00637706
37404,0.03952341
37504,0.016747784
37604,0.05798685
37704,0.020038545
38104,0.032666527
38204,0.003290457
38304,0.001529451
38404,0.0067477557
38604,0.0132717425
38804,0.020984814
39104,0.023623902
39204,0.0064581404
39304,0.084444545
39404,0.029312307
39604,0.025853692
39704,0.00057570013
39904,0.014929136
40004,0.005357576
40204,0.020951658
40504,0.016823547
40604,0.03244829
41804,0.04711482
42004,0.00886463
42704,0.002519472
42904,0.17382522
43604,0.01987848
44204,0.076850764
44504,0.013885935
44704,0.14086944
44904,0.024030704
45204,0.0038780805
45304,0.101882346
45504,0.012274816
45604,0.0045238505
46104,0.0053195567
46304,0.07529696
46504,0.03342243
46904,0.019133454
47004,0.014423011
47104,0.119985454
47204,0.045328584
47304,0.015303304
47604,0.010103327
47704,0.010027453
47804,0.004874663
47904,0.026151381
48204,0.051925648
48604,0.087216765
48704,0.0019741803
49104,0.019481013
49204,0.010848572
49604,0.042301595
49704,0.031961057
49904,0.019085664
50104,0.034258407
50304,0.034439936
50404,0.030438406
50604,0.02237096
50804,0.022340937
50904,0.017636292
51004,0.055406995
51204,0.01680317
51604,0.008799086
51804,0.021164406
52004,0.03183441
52104,0.04675882
52504,0.010843708
52604,0.05268872
52704,0.16128519
53204,0.01675905
53304,0.05722456
53404,0.007618544
53604,0.008439663
53904,0.018262161
54104,0.021740524
54204,0.011545993
54304,0.027895227
54404,0.014883282
54604,0.068696074
55004,0.06591241
55204,0.05214888
55404,0.010272751
55504,0.008881042
55604,0.24204515
56204,0.03132614
56504,0.042417165
56704,0.031858873
56804,0.024555102
57004,0.014585266
57104,0.02169101
57204,0.083251
57304,0.024214057
57504,0.026409112
57904,0.008371611
58004,0.17468683
58204,0.060317177
58304,0.07244838
58504,0.06776899
58904,0.37172404
59104,0.10989632
59204,0.030984705
59504,0.02660592
59604,0.041870948
59804,0.026299484
59904,0.020648012
60404,0.012635047
60504,0.041720457
60804,0.006377888
61104,0.019963993
61304,0.11235838
61404,0.028560566
61704,0.042584356
62104,0.016209962
62404,0.0025517987
62704,0.0068484033
62804,0.006166533
63504,0.095942594
63604,0.010351531
63704,0.004287149
63804,0.005206086
63904,0.016638562
64304,0.057016365
64404,0.015282887
5,0.000463965
105,0.0005645731
405,0.003456543
605,0.08944406
705,0.2461163
1005,0.0014704036
1205,0.0008380943
1705,0.0055848006
2205,0.002647872
2705,0.0017523273
2805,0.0017753374
2905,0.009732681
3005,0.027746568
3105,0.06947774
3205,0.033351902
3305,0.008662142
3405,0.002751705
3705,0.0069771237
4005,0.017414121
4105,0.06620165
4205,0.06473314
4405,0.008471985
4705,0.0032042314
4805,0.034017593
4905,0.011984308
5105,0.011753999
5205,0.24867257
5705,0.15990396
5905,0.031142024
6205,0.24805148
6305,0.039863873
6505,0.1080741
6605,0.052466244
6805,0.07733776
6905,0.012036133
7005,0.0033259075
7205,0.018314164
7405,0.0036445227
7505,0.0062737083
7705,0.0012548389
7905,0.021639563
8105,0.005483367
8205,0.015224124
8305,0.049814895
8405,0.021762999
8505,0.0027690094
8605,0.018806836
8705,0.0020832084
8905,0.0052704914
9005,0.0069954786
9205,0.0061063236
9505,0.016892483
9805,0.003091172
9905,0.0029638265
10105,0.023254292
10405,0.04533924
10505,0.15148285
10605,0.042823322
10705,0.046257775
10905,0.21293974
11205,0.019816238
11305,0.008212983
11705,0.009333853
11905,0.100206636
12105,0.0072716414
12405,0.016145568
12705,0.07420912
12905,0.043038025
13005,0.008185333
13405,0.17236325
13505,0.0038612848
13605,0.08483407
13705,0.29415703
13905,0.088214904
14305,0.14254868
14405,0.004483805
15405,0.020135941
15605,0.109861806
15705,0.041887034
15805,0.0025679315
15905,0.00068420934
16105,0.025631346
16205,0.16183667
16305,0.008257269
16405,0.00059340085
16505,0.00046876605
16605,0.002424742
17005,0.13188015
17105,0.0019715542
17205,0.0046693194
17305,0.0022296603
17405,0.0009238341
17605,0.02522003
17705,0.006153271
17905,0.0032961937
18005,0.0051522534
18105,0.0027555875
18205,0.0013685507
18405,0.00086345465
18505,0.0015717691
18705,0.013634897
18805,0.007448666
19105,0.014660369
19505,0.001083472
19605,0.003975757
19705,0.0036546409
19805,0.015279653
20705,0.027191978
20805,0.0035643466
20905,0.015057919
21105,0.13092594
21205,0.029428013
21405,0.105753146
21805,0.30580926
22005,0.03069391
22305,0.032405168
22405,0.1295053
22505,0.24684083
22605,0.026169328
22905,0.003476885
23005,0.00083129824
23205,0.005701876
23305,0.019816402
23605,0.09238127
23705,0.008738152
23805,0.001950528
23905,0.0022127728
24105,0.011997142
24205,0.10514083
24405,0.00504387
24505,0.013695962
24605,0.0016526359
24705,0.012452878
25305,0.0028441907
25405,0.006375366
25805,0.0015556026
26005,0.005696626
26105,0.0057065757
26205,0.013038688
26305,0.1207791
26405,0.042975336
26605,0.014051643
26705,0.054416522
26805,0.02666682
26905,0.032618903
27005,0.023079453
27305,0.008832201
27405,0.015165426
27505,0.006350961
27905,0.0056577744
28005,0.042790763
28105,0.09316312
28305,0.02749241
28405,0.111266
29005,0.060907155
29105,0.026673624
29305,0.24310692
29605,0.05903593
29705,0.03998775
29805,0.04615818
29905,0.03335451
30005,0.20624483
30105,0.013295427
30305,0.037221696
30405,0.10784428
30705,0.014142382
30805,0.0034259805
31105,0.008746011
31205,0.11886107
31605,0.004702244
31705,0.012099438
31805,0.019520005
31905,0.07130781
32005,0.03658276
32105,0.005669809
32805,0.015900744
33005,0.0010641506
33105,0.0012731738
33505,0.010929252
33705,0.0067163906
33805,0.0049348176
33905,0.0008926684
34005,0.0034997063
34205,0.00022973942
34305,0.0027698376
34405,0.00083391374
34505,0.0031811593
34605,0.009383082
34805,0.00024207226
35005,0.012002867
35205,0.04912075
35305,0.14195958
35505,0.008015573
35605,0.0043620574
35705,0.00048996444
35905,0.005013603
36005,0.008726323
36105,0.015013338
36605,0.0035976993
37205,0.0033661178
37405,0.030310066
37505,0.056042656
37605,0.005710354
37705,0.067778066
38105,0.086179905
38205,0.13351208
38305,0.3736565
38405,0.081070244
38605,0.0213164
38805,0.023063568
39105,0.030021548
39205,0.004287264
39305,0.020113776
39405,0.0065218066
39605,0.046469364
39705,0.00029028082
39905,0.0012204612
40005,0.008562958
40205,0.0018890299
40505,0.016749801
40605,0.0114742685
41805,0.012665607
42005,0.0039854716
42705,0.36927035
42905,0.012052393
43605,0.02730962
44205,0.013186004
44505,0.016200243
44705,0.031666372
44905,0.023372574
45205,0.16113445
45305,0.022912389
45505,0.109808184
45605,0.1893174
46105,0.008077246
46305,0.021988157
46505,0.009141614
46905,0.0028616153
47005,0.0015007599
47105,0.003253405
47205,0.019943088
47305,0.13542199
47605,0.018421734
47705,0.06910386
47805,0.06809809
47905,0.0014499325
48205,0.016607739
48605,0.0021287552
48705,0.00024652755
49105,0.0031537518
49205,0.16643302
49605,0.009371148
49705,0.0114841955
49905,0.025702838
50105,0.0023207183
50305,0.0026009085
50405,0.00511762
50605,0.0058081457
50805,0.005731224
50905,0.001838983
51005,0.015911808
51205,0.0032198774
51605,0.104930155
51805,0.01929125
52005,0.00652215
52105,0.056240425
52505,0.032115076
52605,0.006069255
52705,0.0008079748
53205,0.04118663
53305,0.045197092
53405,0.0684101
53605,0.022455247
53905,0.0021805202
54105,0.03180225
54205,0.24570788
54305,0.07321228
54405,0.078579135
54605,0.008634515
55005,0.018296726
55205,0.012889152
55405,0.0061653233
55505,0.0046380456
55605,0.0019237583
56205,0.0030383675
56505,0.038695663
56705,0.01345502
56805,0.0115566095
57005,0.0010482986
57105,0.0027385363
57205,0.005399154
57305,0.013856702
57505,0.0040024337
57905,0.056229427
58005,0.006219047
58205,0.025345938
58305,0.00829999
58505,0.0058574276
58905,0.001377851
59105,0.034805678
59205,0.013557539
59505,0.0041364296
59605,0.014005584
59805,0.015858086
59905,0.018822886
60405,0.0033422976
60505,0.012779886
60805,0.16894078
61105,0.059940744
61305,0.028156636
61405,0.0049309894
61705,0.008910063
62105,0.046704527
62405,0.24225596
62705,0.19584718
62805,0.22807357
63505,0.017336266
63605,0.1307302
63705,0.34049037
63805,0.17054923
63905,0.0013114848
64305,0.007321388
64405,0.058476057
6,0.010079903
106,0.008610968
406,0.0387404
606,0.0928539
706,0.061634462
1006,0.013917617
1206,0.013031175
1706,0.028310986
2206,0.028344603
2706,0.0075130137
2806,0.035288244
2906,0.13890673
3006,0.06676861
3106,0.06782025
3206,0.17491046
3306,0.08037736
3406,0.036822956
3706,0.018250003
4006,0.031062083
4106,0.024061562
4206,0.2757439
4406,0.07144338
4706,0.007510953
4806,0.09257258
4906,0.118761145
5106,0.035116322
5206,0.02999367
5706,0.1332293
5906,0.2364876
6206,0.035542388
6306,0.025882984
6506,0.084291786
6606,0.05611287
6806,0.0770015
6906,0.029020825
7006,0.031462833
7206,0.06487971
7406,0.070744894
7506,0.24999346
7706,0.016286692
7906,0.3228667
8106,0.023638431
8206,0.24361491
8306,0.068138525
8406,0.05965049
8506,0.028972672
8606,0.079646
8706,0.032665677
8906,0.037433073
9006,0.056101255
9206,0.017069232
9506,0.1341211
9806,0.01300736
9906,0.01367399
10106,0.18043645
10406,0.057420474
10506,0.047459383
10606,0.069086604
10706,0.074327655
10906,0.03549236
11206,0.05143732
11306,0.046028867
11706,0.026995612
11906,0.08596559
12106,0.03218974
12406,0.34481856
12706,0.043824486
12906,0.11530484
13006,0.05309215
13406,0.19768716
13506,0.061493423
13606,0.053742692
13706,0.051666565
13906,0.25882092
14306,0.15350923
14406,0.01973113
15406,0.1523135
15606,0.027367191
15706,0.2767924
15806,0.018430123
15906,0.0118283
16106,0.13030209
16206,0.08144202
16306,0.055565074
16406,0.0064734705
16506,0.011881367
16606,0.03579199
17006,0.042589687
17106,0.035153896
17206,0.029627528
17306,0.036662374
17406,0.01272381
17606,0.118986666
17706,0.021273969
17906,0.029437767
18006,0.040200874
18106,0.014853645
18206,0.012529153
18406,0.014870503
18506,0.018777236
18706,0.044179577
18806,0.057957683
19106,0.23972422
19506,0.011889888
19606,0.0899005
19706,0.013114046
19806,0.0474351
20706,0.13855158
20806,0.040423375
20906,0.14029181
21106,0.06899987
21206,0.2149913
21406,0.013049042
21806,0.024511028
22006,0.0458201
22306,0.08374877
22406,0.052398562
22506,0.01770597
22606,0.032808535
22906,0.004733111
23006,0.011471583
23206,0.028645612
23306,0.06436095
23606,0.12244061
23706,0.116759524
23806,0.05269984
23906,0.036534537
24106,0.07203666
24206,0.05574197
24406,0.06712316
24506,0.09709324
24606,0.029237844
24706,0.13221253
25306,0.048405323
25406,0.24217068
25806,0.011368666
26006,0.029436285
26106,0.019394526
26206,0.025576608
26306,0.26397625
26406,0.24593924
26606,0.018669905
26706,0.01996923
26806,0.042664673
26906,0.108883984
27006,0.049554776
27306,0.07578434
27406,0.05376827
27506,0.025637798
27906,0.01510118
28006,0.12373491
28106,0.18672891
28306,0.016092889
28406,0.060318116
29006,0.2647859
29106,0.02338981
29306,0.08760505
29606,0.09735565
29706,0.038698744
29806,0.016383132
29906,0.06223326
30006,0.024274565
30106,0.098184526
30306,0.09894993
30406,0.22137974
30706,0.055904675
30806,0.05201208
31106,0.03375704
31206,0.19329011
31606,0.034314927
31706,0.09953921
31806,0.027974606
31906,0.036936354
32006,0.09324288
32106,0.015407755
32806,0.051149447
33006,0.009234221
33106,0.008375829
33506,0.019707782
33706,0.053422436
33806,0.021037208
33906,0.0064917994
34006,0.034816228
34206,0.0073333117
34306,0.018249692
34406,0.017550196
34506,0.016823402
34606,0.06075443
34806,0.009401991
35006,0.37734497
35206,0.02927281
35306,0.037647337
35506,0.07411623
35606,0.058151834
35706,0.0029542749
35906,0.07435113
36006,0.06643195
36106,0.010738008
36606,0.016637124
37206,0.017571812
37406,0.30189136
37506,0.26471582
37606,0.059661675
37706,0.11801436
38106,0.1838084
38206,0.02347239
38306,0.028929068
38406,0.0968792
38606,0.07560412
38806,0.10349732
39106,0.1143141
39206,0.011147463
39306,0.048218794
39406,0.07266574
39606,0.16871583
39706,0.012911906
39906,0.01213191
40006,0.07199625
40206,0.013201912
40506,0.0647482
40606,0.10087417
41806,0.043713603
42006,0.0080533
42706,0.04752953
42906,0.11865172
43606,0.14641628
44206,0.018515175
44506,0.11977036
44706,0.01584475
44906,0.013704285
45206,0.099928565
45306,0.23232149
45506,0.059922874
45606,0.036233924
46106,0.024968103
46306,0.05554369
46506,0.05113646
46906,0.022109678
47006,0.01189308
47106,0.010891474
47206,0.022778546
47306,0.04040964
47606,0.07644215
47706,0.05894615
47806,0.23212604
47906,0.02282311
48206,0.053183414
48606,0.027109955
48706,0.005420429
49106,0.05266541
49206,0.2037209
49606,0.09282682
49706,0.024036938
49906,0.020543164
50106,0.025032071
50306,0.024349488
50406,0.020854767
50606,0.05943617
50806,0.017315507
50906,0.013452223
51006,0.16295111
51206,0.02560169
51606,0.032426003
51806,0.09585794
52006,0.023250956
52106,0.12666255
52506,0.16174471
52606,0.11743582
52706,0.010203549
53206,0.18861088
53306,0.11260834
53406,0.021614807
53606,0.22940715
53906,0.027395852
54106,0.06707025
54206,0.08911004
54306,0.28398797
54406,0.042757493
54606,0.06485977
55006,0.20309305
55206,0.13102323
55406,0.019378671
55506,0.07435325
55606,0.058366656
56206,0.05548376
56506,0.034718208
56706,0.08662234
56806,0.14685948
57006,0.0113042565
57106,0.021407543
57206,0.044647712
57306,0.044689275
57506,0.011612254
57906,0.021204853
58006,0.05257363
58206,0.04207699
58306,0.35338193
58506,0.06859796
58906,0.040102325
59106,0.05568886
59206,0.06166173
59506,0.016214779
59606,0.03882363
59806,0.2038656
59906,0.27650067
60406,0.005645122
60506,0.2776671
60806,0.11394416
61106,0.35236603
61306,0.038966615
61406,0.056437302
61706,0.06869487
62106,0.10132413
62406,0.018421654
62706,0.04023544
62806,0.03186787
63506,0.04354651
63606,0.067222536
63706,0.038344484
63806,0.031864695
63906,0.02218312
64306,0.15323028
64406,0.032913774
7,0.0071489243
107,0.006642566
407,0.008397606
607,0.006972169
707,0.019944737
1007,0.010383554
1207,0.0076127327
1707,0.040742964
2207,0.23615451
2707,0.010598455
2807,0.021083599
2907,0.04841253
3007,0.009329547
3107,0.053343352
3207,0.034560855
3307,0.051051363
3407,0.093454204
3707,0.04756052
4007,0.009999876
4107,0.086903244
4207,0.02257137
4407,0.07786764
4707,0.010503797
4807,0.108216114
4907,0.003400189
5107,0.005959246
5207,0.011766318
5707,0.06918168
5907,0.01873699
6207,0.039232478
6307,0.017199008
6507,0.036380433
6607,0.0130889425
6807,0.056764465
6907,0.08535521
7007,0.018472714
7207,0.020104202
7407,0.040104516
7507,0.0045740046
7707,0.068954416
7907,0.033013765
8107,0.0030723456
8207,0.037843585
8307,0.029174607
8407,0.058880292
8507,0.06933555
8607,0.064636
8707,0.013594834
8907,0.03177742
9007,0.020781804
9207,0.028255684
9507,0.04782651
9807,0.011959876
9907,0.021818819
10107,0.16303034
10407,0.16191532
10507,0.043711193
10607,0.1999102
10707,0.056069743
10907,0.009678966
11207,0.03947068
11307,0.03730674
11707,0.03853854
11907,0.026845608
12107,0.070058756
12407,0.055151064
12707,0.009584824
12907,0.029183485
13007,0.0037136027
13407,0.016664313
13507,0.028772961
13607,0.09462876
13707,0.028973157
13907,0.01625151
14307,0.05062396
14407,0.030114077
15407,0.009300122
15607,0.024004102
15707,0.06985969
15807,0.033238634
15907,0.026251303
16107,0.03236004
16207,0.013420967
16307,0.02877087
16407,0.008133057
16507,0.0064877383
16607,0.031722263
17007,0.04511968
17107,0.07248913
17207,0.030910714
17307,0.051667202
17407,0.012518714
17607,0.07304713
17707,0.0086290855
17907,0.049241085
18007,0.050107785
18107,0.02478145
18207,0.052286584
18407,0.06354051
18507,0.06577557
18707,0.015410705
18807,0.23125567
19107,0.012727932
19507,0.0102945
19607,0.06277383
19707,0.043810125
19807,0.21117909
20707,0.021879692
20807,0.005889316
20907,0.0047268583
21107,0.010702769
21207,0.0645367
21407,0.017406909
21807,0.010286729
22007,0.022323491
22307,0.17320505
22407,0.020198077
22507,0.011619778
22607,0.009085437
22907,0.16103968
23007,0.015498431
23207,0.119543284
23307,0.031477816
23607,0.0172419
23707,0.035899658
23807,0.016220463
23907,0.10280793
24107,0.042765114
24207,0.021094542
24407,0.03694619
24507,0.030097617
24607,0.017161708
24707,0.01026695
25307,0.013350868
25407,0.026117869
25807,0.008517066
26007,0.021716394
26107,0.053067803
26207,0.106367506
26307,0.033111714
26407,0.023518724
26607,0.0057741874
26707,0.011575756
26807,0.026426047
26907,0.02054697
27007,0.014087193
27307,0.034287076
27407,0.030911205
27507,0.007817204
27907,0.013303565
28007,0.015404193
28107,0.027250921
28307,0.0070500188
28407,0.052816086
29007,0.00701726
29107,0.014158331
29307,0.006173589
29607,0.08893229
29707,0.011974132
29807,0.079476036
29907,0.027234001
30007,0.008865749
30107,0.017156914
30307,0.03988232
30407,0.03147635
30707,0.0238314
30807,0.19363955
31107,0.015712854
31207,0.06857494
31607,0.096043326
31707,0.050410595
31807,0.03678586
31907,0.0706655
32007,0.12800829
32107,0.06393324
32807,0.0040877317
33007,0.010602462
33107,0.0067806444
33507,0.008589585
33707,0.13921158
33807,0.038757477
33907,0.024614915
34007,0.04897871
34207,0.024740927
34307,0.06912383
34407,0.038997147
34507,0.01903316
34607,0.11593392
34807,0.031562567
35007,0.034670606
35207,0.048311885
35307,0.0134576885
35507,0.056436725
35607,0.05985324
35707,0.007670651
35907,0.03784735
36007,0.0052172667
36107,0.10965211
36607,0.002109975
37207,0.049178056
37407,0.0028227284
37507,0.024033114
37607,0.024340924
37707,0.0228528
38107,0.023066128
38207,0.012834889
38307,0.008067104
38407,0.008858366
38607,0.020547744
38807,0.0483859
39107,0.016333159
39207,0.17260058
39307,0.028560378
39407,0.08804047
39607,0.050860584
39707,0.016136758
39907,0.067308724
40007,0.05581486
40207,0.00790421
40507,0.0875178
40607,0.10857125
41807,0.024922954
42007,0.028897004
42707,0.0207764
42907,0.052449662
43607,0.02847962
44207,0.01711615
44507,0.16777791
44707,0.0068943556
44907,0.04081336
45207,0.01061104
45307,0.057714008
45507,0.01123584
45607,0.021413224
46107,0.043265235
46307,0.007959236
46507,0.038273443
46907,0.24834487
47007,0.03184982
47107,0.0053790007
47207,0.0150635345
47307,0.01676886
47607,0.05416066
47707,0.0077218665
47807,0.03243334
47907,0.03219174
48207,0.009798462
48607,0.036099397
48707,0.0039177258
49107,0.0161748
49207,0.019294556
49607,0.19685046
49707,0.027274564
49907,0.032655228
50107,0.027017768
50307,0.052050676
50407,0.021027481
50607,0.07153338
50807,0.048495676
50907,0.02520367
51007,0.03763418
51207,0.0802178
51607,0.14270264
51807,0.16521321
52007,0.09999615
52107,0.01073225
52507,0.12646376
52607,0.0685094
52707,0.011615837
53207,0.08331544
53307,0.017703492
53407,0.042376462
53607,0.024745155
53907,0.002220933
54107,0.052269183
54207,0.018727504
54307,0.021794835
54407,0.042013083
54607,0.04428889
55007,0.05130926
55207,0.054429416
55407,0.024999594
55507,0.048185404
55607,0.060889486
56207,0.0054792655
56507,0.021252913
56707,0.029007582
56807,0.045000486
57007,0.016595075
57107,0.011929247
57207,0.10326317
57307,0.29031482
57507,0.031342406
57907,0.27314997
58007,0.05804575
58207,0.019787315
58307,0.075515956
58507,0.03536801
58907,0.019509712
59107,0.032584753
59207,0.07185316
59507,0.011368782
59607,0.016463205
59807,0.05645165
59907,0.02247628
60407,0.065648295
60507,0.009943592
60807,0.04038543
61107,0.02333757
61307,0.012454109
61407,0.017486192
61707,0.012222266
62107,0.10427657
62407,0.008195597
62707,0.027568301
62807,0.04727105
63507,0.013600928
63607,0.063191764
63707,0.025838321
63807,0.049533457
63907,0.02774689
64307,0.015600091
64407,0.19249512
8,0.020520005
108,0.021698596
408,0.015638605
608,0.03886455
708,0.075387195
1008,0.06817607
1208,0.03388033
1708,0.052585814
2208,0.070210055
2708,0.13769308
2808,0.029675651
2908,0.016344374
3008,0.030418256
3108,0.031336877
3208,0.010704736
3308,0.0083092665
3408,0.034026813
3708,0.016188666
4008,0.027532868
4108,0.16620779
4208,0.013570422
4408,0.021291519
4708,0.03417219
4808,0.025881244
4908,0.010327689
5108,0.016210964
5208,0.026968855
5708,0.013267463
5908,0.021187475
6208,0.065546475
6308,0.112019256
6508,0.024451971
6608,0.059364364
6808,0.017000468
6908,0.023897156
7008,0.024411136
7208,0.0061498233
7408,0.014651766
7508,0.006103697
7708,0.026291393
7908,0.024274748
8108,0.04129481
8208,0.012782872
8308,0.043597598
8408,0.04353776
8508,0.08268988
8608,0.07236291
8708,0.046860885
8908,0.16309997
9008,0.020693075
9208,0.018931678
9508,0.01912453
9808,0.024455715
9908,0.025682379
10108,0.026578473
10408,0.019669423
10508,0.049624413
10608,0.04903529
10708,0.049960338
10908,0.022584707
11208,0.07095271
11308,0.04149657
11708,0.020723067
11908,0.06290609
12108,0.03951162
12408,0.015083025
12708,0.10164146
12908,0.010937087
13008,0.047474295
13408,0.044751264
13508,0.019747797
13608,0.03993861
13708,0.023854202
13908,0.04426357
14308,0.012162396
14408,0.17680386
15408,0.022247601
15608,0.08632446
15708,0.016945858
15808,0.06303815
15908,0.02635244
16108,0.014846609
16208,0.07205827
16308,0.042363934
16408,0.030817686
16508,0.011210547
16608,0.027271418
17008,0.024173778
17108,0.04551402
17208,0.07058534
17308,0.050094094
17408,0.022769116
17608,0.022459947
17708,0.04828124
17908,0.07750674
18008,0.08695967
18108,0.036914393
18208,0.11778571
18408,0.056656934
18508,0.10828995
18708,0.062417503
18808,0.094167896
19108,0.014249155
19508,0.04595666
19608,0.03375968
19708,0.06650987
19808,0.019050019
20708,0.010515453
20808,0.02192015
20908,0.029851267
21108,0.070252895
21208,0.012799487
21408,0.013470786
21808,0.01886683
22008,0.037979677
22308,0.052952614
22408,0.08049686
22508,0.02883476
22608,0.11754416
22908,0.015615175
23008,0.009719033
23208,0.021318257
23308,0.019905861
23608,0.06000925
23708,0.007069703
23808,0.019073764
23908,0.017253311
24108,0.07701848
24208,0.062206548
24408,0.019705867
24508,0.015058251
24608,0.027786694
24708,0.022390665
25308,0.011221442
25408,0.0098611945
25808,0.10236929
26008,0.021188693
26108,0.1003018
26208,0.016010853
26308,0.021204807
26408,0.020057667
26608,0.055133186
26708,0.12919316
26808,0.066454574
26908,0.1526635
27008,0.10066314
27308,0.020687832
27408,0.061595604
27508,0.03246895
27908,0.13752574
28008,0.05990275
28108,0.056139458
28308,0.08614162
28408,0.02409791
29008,0.035147093
29108,0.07407881
29308,0.036254857
29608,0.05512532
29708,0.10935376
29808,0.076447934
29908,0.026527429
30008,0.013288248
30108,0.039674323
30308,0.009610866
30408,0.009839526
30708,0.13824648
30808,0.021039579
31108,0.13713208
31208,0.017213553
31608,0.046064135
31708,0.030332629
31808,0.058135375
31908,0.052474856
32008,0.020388192
32108,0.11590521
32808,0.06373195
33008,0.056143597
33108,0.0735396
33508,0.04247425
33708,0.07717945
33808,0.07494748
33908,0.22037454
34008,0.06334375
34208,0.013229969
34308,0.18910463
34408,0.03597665
34508,0.1860862
34608,0.13522011
34808,0.021198416
35008,0.008308444
35208,0.01467172
35308,0.108288124
35508,0.046901353
35608,0.026870824
35708,0.013970833
35908,0.020691669
36008,0.05300177
36108,0.07830647
36608,0.024556696
37208,0.018215815
37408,0.028048636
37508,0.01965256
37608,0.02330995
37708,0.016761819
38108,0.013882724
38208,0.015112897
38308,0.021464042
38408,0.010501888
38608,0.04448312
38808,0.01620385
39108,0.014072803
39208,0.023066834
39308,0.063883916
39408,0.012049946
39608,0.049416754
39708,0.0055823703
39908,0.0809619
40008,0.016261492
40208,0.08456229
40508,0.036384355
40608,0.044554602
41808,0.047840457
42008,0.027832808
42708,0.02564167
42908,0.022576405
43608,0.027892562
44208,0.065248474
44508,0.041862965
44708,0.13734312
44908,0.00975629
45208,0.01788548
45308,0.018035254
45508,0.037926268
45608,0.017228264
46108,0.014163126
46308,0.056315023
46508,0.14717846
46908,0.109639935
47008,0.014561197
47108,0.2641614
47208,0.045651816
47308,0.030970262
47608,0.009728009
47708,0.049121693
47808,0.012224695
47908,0.011706044
48208,0.04228959
48608,0.03834441
48708,0.0118679395
49108,0.017227512
49208,0.025925437
49608,0.03015297
49708,0.034653526
49908,0.10254678
50108,0.057254616
50308,0.13475265
50408,0.08567932
50608,0.019218905
50808,0.07861828
50908,0.115530364
51008,0.07764347
51208,0.07577633
51608,0.042449027
51808,0.04572025
52008,0.03235114
52108,0.01849195
52508,0.044737894
52608,0.019994602
52708,0.014830279
53208,0.020631775
53308,0.047456875
53408,0.047870994
53608,0.020669289
53908,0.006174282
54108,0.18027233
54208,0.03299827
54308,0.021598443
54408,0.04466913
54608,0.03495125
55008,0.017546834
55208,0.019556826
55408,0.006203666
55508,0.029750269
55608,0.012967412
56208,0.01158462
56508,0.040289983
56708,0.070301116
56808,0.017074121
57008,0.13148054
57108,0.1502602
57208,0.035828926
57308,0.07443271
57508,0.048644308
57908,0.030370886
58008,0.024502788
58208,0.2493892
58308,0.01029453
58508,0.030596917
58908,0.01666955
59108,0.07091107
59208,0.09716121
59508,0.0824112
59608,0.028162085
59808,0.016082942
59908,0.0087530445
60408,0.34712002
60508,0.02221632
60808,0.038658716
61108,0.044286024
61308,0.26225144
61408,0.043024093
61708,0.025890129
62108,0.052315265
62408,0.015472571
62708,0.018868437
62808,0.046759963
63508,0.070715316
63608,0.03603367
63708,0.029164277
63808,0.024797222
63908,0.022878697
64308,0.008700568
64408,0.0436373
9,0.014511872
109,0.010104801
409,0.010663908
609,0.061131567
709,0.033186737
1009,0.012971201
1209,0.011939284
1709,0.06312142
2209,0.013471418
2709,0.0056769964
2809,0.03163314
2909,0.07913511
3009,0.08348212
3109,0.0042886734
3209,0.01757554
3309,0.06266237
3409,0.00861303
3709,0.0071307113
4009,0.03928742
4109,0.14534046
4209,0.01086309
4409,0.10076089
4709,0.045280755
4809,0.03375553
4909,0.17051037
5109,0.014349037
5209,0.021724472
5709,0.011989792
5909,0.14332126
6209,0.021476656
6309,0.1656321
6509,0.14169888
6609,0.08967844
6809,0.06789159
6909,0.010749796
7009,0.011698646
7209,0.012374748
7409,0.11566423
7509,0.019154835
7709,0.008067019
7909,0.026113797
8109,0.14446744
8209,0.021866603
8309,0.017754063
8409,0.049184065
8509,0.016557837
8609,0.021886582
8709,0.017980957
8909,0.025252214
9009,0.012002368
9209,0.010489141
9509,0.039946564
9809,0.07593947
9909,0.06897581
10109,0.018636458
10409,0.024853291
10509,0.020721631
10609,0.07697333
10709,0.17647095
10909,0.026812032
11209,0.011285239
11309,0.031160876
11709,0.015690552
11909,0.068919614
12109,0.04258599
12409,0.103239685
12709,0.08010701
12909,0.32699448
13009,0.2839178
13409,0.036803637
13509,0.14873442
13609,0.042364493
13709,0.011779647
13909,0.06121762
14309,0.041060682
14409,0.030649489
15409,0.10117893
15609,0.055295028
15709,0.041972723
15809,0.017364291
15909,0.012432021
16109,0.012705343
16209,0.082891755
16309,0.013587701
16409,0.012958273
16509,0.0045852787
16609,0.021567095
17009,0.024626162
17109,0.010829731
17209,0.0370835
17309,0.014753447
17409,0.012706855
17609,0.016353989
17709,0.25448415
17909,0.018026121
18009,0.047275886
18109,0.0072475784
18209,0.004493877
18409,0.007060082
18509,0.011000438
18709,0.010516646
18809,0.01771177
19109,0.018662913
19509,0.019414846
19609,0.029688464
19709,0.015293755
19809,0.009018884
20709,0.03337474
20809,0.18571042
20909,0.040200245
21109,0.05997824
21209,0.0074394853
21409,0.04799115
21809,0.009013914
22009,0.27186516
22309,0.025980078
22409,0.054060165
22509,0.01810515
22609,0.15189995
22909,0.0037954638
23009,0.0054168804
23209,0.090263255
23309,0.021027824
23609,0.015484882
23709,0.009585408
23809,0.042781334
23909,0.015539529
24109,0.02007116
24209,0.02173802
24409,0.022760909
24509,0.00819446
24609,0.018219631
24709,0.048578553
25309,0.009299591
25409,0.1320001
25809,0.022495044
26009,0.038224127
26109,0.10712899
26209,0.08267533
26309,0.031862907
26409,0.12019942
26609,0.33081317
26709,0.1272581
26809,0.010509574
26909,0.041576024
27009,0.029361295
27309,0.13814355
27409,0.022520443
27509,0.05456048
27909,0.022435656
28009,0.025810333
28109,0.063530855
28309,0.16029002
28409,0.13232486
29009,0.10220983
29109,0.16666226
29309,0.0127693275
29609,0.021763206
29709,0.11004233
29809,0.17290267
29909,0.10250215
30009,0.019029554
30109,0.08709319
30309,0.026954759
30409,0.030889565
30709,0.05410434
30809,0.025470363
31109,0.04063936
31209,0.015737452
31609,0.013374156
31709,0.201484
31809,0.13331786
31909,0.044894505
32009,0.061105106
32109,0.019282863
32809,0.14516634
33009,0.018219473
33109,0.026926648
33509,0.06419644
33709,0.033149708
33809,0.05436711
33909,0.0024822063
34009,0.011089883
34209,0.006480976
34309,0.009639562
34409,0.0054142224
34509,0.008909814
34609,0.009750734
34809,0.005406207
35009,0.022684723
35209,0.0038207131
35309,0.055082884
35509,0.04287611
35609,0.06344851
35709,0.010616121
35909,0.067583874
36009,0.108635746
36109,0.045120314
36609,0.10610954
37209,0.018982554
37409,0.1261829
37509,0.031352434
37609,0.48602
37709,0.13462223
38109,0.06319167
38209,0.033268824
38309,0.0064125652
38409,0.08045269
38609,0.16116425
38809,0.35986552
39109,0.009215968
39209,0.0065732365
39309,0.032271337
39409,0.024753844
39609,0.022576887
39709,0.009238311
39909,0.009670391
40009,0.0055089034
40209,0.06333181
40509,0.013035864
40609,0.046486545
41809,0.065485455
42009,0.15963615
42709,0.004364895
42909,0.09574207
43609,0.022966594
44209,0.04358433
44509,0.009977158
44709,0.08594133
44909,0.31304565
45209,0.004355927
45309,0.121766284
45509,0.030373842
45609,0.029151373
46109,0.13673776
46309,0.37376374
46509,0.020338884
46909,0.013080593
47009,0.0062885913
47109,0.008360459
47209,0.043058004
47309,0.041230664
47609,0.0742231
47709,0.089561574
47809,0.041986335
47909,0.01355831
48209,0.04562226
48609,0.027325824
48709,0.0045074923
49109,0.03819336
49209,0.017198011
49609,0.02852995
49709,0.008791028
49909,0.024362864
50109,0.033326898
50309,0.009716838
50409,0.008028761
50609,0.017491478
50809,0.005065282
50909,0.010603377
51009,0.015552579
51209,0.010724151
51609,0.018469859
51809,0.009887363
52009,0.012561843
52109,0.05298285
52509,0.008328615
52609,0.12365145
52709,0.48888868
53209,0.015692636
53309,0.05454699
53409,0.06793932
53609,0.022999197
53909,0.7873321
54109,0.022036858
54209,0.034917306
54309,0.080584355
54409,0.10255217
54609,0.03839662
55009,0.14679182
55209,0.07939475
55409,0.008580688
55509,0.01814423
55609,0.049107753
56209,0.049475882
56509,0.050785184
56709,0.031276472
56809,0.028413225
57009,0.016469963
57109,0.017973853
57209,0.033300053
57309,0.013569344
57509,0.058486566
57909,0.011788327
58009,0.051078223
58209,0.022759628
58309,0.054194547
58509,0.09902056
58909,0.10721527
59109,0.18976471
59209,0.043661717
59509,0.027613187
59609,0.4247716
59809,0.15935224
59909,0.053945
60409,0.0071690353
60509,0.03867712
60809,0.023935473
61109,0.020307701
61309,0.025792928
61409,0.039503373
61709,0.19256449
62109,0.025100267
62409,0.019084727
62709,0.03847215
62809,0.012848261
63509,0.101682074
63609,0.019048573
63709,0.007962553
63809,0.021263914
63909,0.015381989
64309,0.112301275
64409,0.012585424
10,0.6594974
110,0.3657801
410,0.17714418
610,0.1857049
710,0.061667982
1010,0.33964363
1210,0.33834103
1710,0.120747045
2210,0.24502972
2710,0.06750577
2810,0.6565358
2910,0.25919604
3010,0.57794136
3110,0.036920696
3210,0.04602336
3310,0.025214143
3410,0.55686784
3710,0.026970096
4010,0.26074073
4110,0.016220815
4210,0.054722127
4410,0.17701928
4710,0.1113734
4810,0.07653831
4910,0.5600883
5110,0.016337954
5210,0.017308965
5710,0.009402674
5910,0.09841569
6210,0.06447696
6310,0.097432576
6510,0.034957163
6610,0.1588843
6810,0.028189473
6910,0.030139063
7010,0.20727883
7210,0.023957323
7410,0.25811824
7510,0.5874861
7710,0.44883373
7910,0.14700949
8110,0.45478573
8210,0.3828931
8310,0.20212966
8410,0.09153456
8510,0.5071693
8610,0.12666295
8710,0.32739952
8910,0.31596977
9010,0.3272106
9210,0.13837326
9510,0.44074494
9810,0.026797283
9910,0.039782703
10110,0.19223784
10410,0.014715113
10510,0.029498952
10610,0.06079872
10710,0.09026217
10910,0.009907731
11210,0.18312226
11310,0.08810084
11710,0.04244389
11910,0.09104254
12110,0.07064488
12410,0.20106238
12710,0.18857041
12910,0.053542845
13010,0.27707398
13410,0.0765322
13510,0.24096474
13610,0.014569096
13710,0.0049697747
13910,0.116231225
14310,0.03683106
14410,0.25140932
15410,0.40192345
15610,0.015482449
15710,0.071543284
15810,0.2798861
15910,0.36920792
16110,0.090769015
16210,0.12234121
16310,0.20084898
16410,0.43481678
16510,0.3002332
16610,0.58246195
17010,0.016383812
17110,0.519479
17210,0.2795151
17310,0.40428725
17410,0.1706225
17610,0.2338273
17710,0.34320992
17910,0.17953767
18010,0.24855998
18110,0.12274601
18210,0.11614435
18410,0.2651337
18510,0.23849146
18710,0.04040893
18810,0.16730753
19110,0.49615696
19510,0.55393016
19610,0.30736822
19710,0.05849424
19810,0.12513357
20710,0.038624674
20810,0.44755256
20910,0.39755997
21110,0.10777423
21210,0.13991603
21410,0.0028168221
21810,0.007502867
22010,0.05993157
22310,0.104140475
22410,0.13955383
22510,0.008503661
22610,0.26206604
22910,0.020839412
23010,0.115469925
23210,0.043090973
23310,0.19092123
23610,0.05485924
23710,0.2352728
23810,0.49695414
23910,0.58754313
24110,0.3241812
24210,0.13710915
24410,0.122117095
24510,0.057324115
24610,0.18249275
24710,0.6480131
25310,0.42417157
25410,0.30210397
25810,0.2704565
26010,0.15194438
26110,0.38385832
26210,0.023808025
26310,0.012292366
26410,0.37053928
26610,0.08034666
26710,0.22186013
26810,0.031293515
26910,0.12250334
27010,0.08156276
27310,0.53385186
27410,0.029585242
27510,0.09298067
27910,0.20490041
28010,0.083358966
28110,0.13862136
28310,0.26185688
28410,0.07042213
29010,0.11820294
29110,0.20079827
29310,0.033262204
29610,0.06439835
29710,0.22867878
29810,0.15273023
29910,0.055555057
30010,0.004995781
30110,0.28734025
30310,0.02136133
30410,0.018992588
30710,0.3748437
30810,0.41379952
31110,0.4401325
31210,0.0424885
31610,0.40470177
31710,0.23483083
31810,0.3824225
31910,0.08407078
32010,0.14802852
32110,0.13413323
32810,0.16567479
33010,0.26096436
33110,0.16649036
33510,0.6348482
33710,0.15734525
33810,0.19540444
33910,0.09382163
34010,0.1776786
34210,0.34733552
34310,0.25576705
34410,0.22863641
34510,0.08134073
34610,0.11958126
34810,0.28477028
35010,0.24139293
35210,0.008900635
35310,0.11142811
35510,0.34310237
35610,0.61086994
35710,0.022018861
35910,0.39063635
36010,0.23650898
36110,0.42613497
36610,0.7391542
37210,0.044360727
37410,0.20554283
37510,0.068679005
37610,0.16100636
37710,0.025105912
38110,0.03818391
38210,0.0075018085
38310,0.0057453695
38410,0.031537727
38610,0.105983004
38810,0.07465895
39110,0.030227391
39210,0.037113383
39310,0.10206266
39410,0.100947596
39610,0.28138125
39710,0.6255448
39910,0.43828508
40010,0.11386502
40210,0.38820678
40510,0.16307406
40610,0.14602055
41810,0.39076418
42010,0.03037516
42710,0.007039228
42910,0.21361105
43610,0.32081264
44210,0.40661767
44510,0.36780146
44710,0.20427018
44910,0.011975268
45210,0.01759989
45310,0.15038686
45510,0.034836967
45610,0.006050606
46110,0.037546556
46310,0.17380354
46510,0.42316344
46910,0.30544326
47010,0.17750368
47110,0.2733217
47210,0.3885157
47310,0.16048628
47610,0.03175373
47710,0.035286333
47810,0.033389237
47910,0.34463364
48210,0.29156277
48610,0.4799112
48710,0.24206534
49110,0.5196332
49210,0.018906305
49610,0.25198257
49710,0.07257791
49910,0.47316974
50110,0.3120638
50310,0.13920861
50410,0.07171591
50610,0.08242115
50810,0.056926887
50910,0.15967655
51010,0.1036085
51210,0.092846416
51610,0.032378167
51810,0.2706581
52010,0.04709824
52110,0.056485523
52510,0.11726845
52610,0.2055589
52710,0.15104705
53210,0.16103083
53310,0.16140312
53410,0.006903008
53610,0.17681798
53910,0.06841438
54110,0.17336398
54210,0.02576475
54310,0.0718209
54410,0.09912106
54610,0.14511098
55010,0.23519653
55210,0.06533366
55410,0.034632023
55510,0.26493096
55610,0.25452733
56210,0.2199841
56510,0.27412972
56710,0.13888437
56810,0.149829
57010,0.39089787
57110,0.3747411
57210,0.24745099
57310,0.12791227
57510,0.03275621
57910,0.024598317
58010,0.06150041
58210,0.22942911
58310,0.24212444
58510,0.37450323
58910,0.21489662
59110,0.17992508
59210,0.14287964
59510,0.23623255
59610,0.31743357
59810,0.10530582
59910,0.20120476
60410,0.14334649
60510,0.32629743
60810,0.031874914
61110,0.13613392
61310,0.1548328
61410,0.2639374
61710,0.2728589
62110,0.26772743
62410,0.007125155
62710,0.0082679195
62810,0.017888002
63510,0.33463258
63610,0.02708098
63710,0.010156171
63810,0.008585746
63910,0.46360025
64310,0.49876276
64410,0.16204067
11,0.03549257
111,0.18957978
411,0.15210783
611,0.021251306
711,0.013602463
1011,0.14765531
1211,0.09807114
1711,0.038912125
2211,0.009605989
2711,0.018639047
2811,0.010193336
2911,0.031083493
3011,0.006300727
3111,0.029204331
3211,0.008597562
3311,0.01712356
3411,0.011423538
3711,0.028124647
4011,0.0100092385
4111,0.025418935
4211,0.008284432
4411,0.011874535
4711,0.00944501
4811,0.018128814
4911,0.0052164607
5111,0.011449235
5211,0.007052749
5711,0.007109335
5911,0.020826504
6211,0.013407414
6311,0.018916212
6511,0.004804541
6611,0.02174475
6811,0.011719263
6911,0.010461994
7011,0.009470018
7211,0.0041354247
7411,0.027526364
7511,0.017576236
7711,0.0100259315
7911,0.0071389377
8111,0.015575371
8211,0.010416926
8311,0.02061896
8411,0.05783471
8511,0.0109923845
8611,0.05394294
8711,0.021353574
8911,0.023709929
9011,0.009931449
9211,0.012769684
9511,0.030025931
9811,0.028745685
9911,0.0058007934
10111,0.01422822
10411,0.008833018
10511,0.008080702
10611,0.011970865
10711,0.02494935
10911,0.004140381
11211,0.053195283
11311,0.011953495
11711,0.01504922
11911,0.026089659
12111,0.092520125
12411,0.0069546998
12711,0.031126931
12911,0.004008866
13011,0.02121096
13411,0.015257283
13511,0.026328102
13611,0.019812156
13711,0.0054069003
13911,0.028947726
14311,0.008727823
14411,0.009155357
15411,0.014305453
15611,0.021063158
15711,0.011083802
15811,0.02234572
15911,0.020068433
16111,0.017557066
16211,0.019364905
16311,0.34410226
16411,0.1602671
16511,0.2699953
16611,0.027503934
17011,0.0063746846
17111,0.030948943
17211,0.16174941
17311,0.051573813
17411,0.33582076
17611,0.01805754
17711,0.017104136
17911,0.12399249
18011,0.063402265
18111,0.029085152
18211,0.016540706
18411,0.010711718
18511,0.017732596
18711,0.021141939
18811,0.016890476
19111,0.028253661
19511,0.03097127
19611,0.013307902
19711,0.020071696
19811,0.009847565
20711,0.03202889
20811,0.008219316
20911,0.045898806
21111,0.026522255
21211,0.02060923
21411,0.0015148446
21811,0.003594846
22011,0.030336458
22311,0.049252283
22411,0.01520817
22511,0.004221354
22611,0.04270461
22911,0.0050986824
23011,0.061880976
23211,0.016982231
23311,0.043938942
23611,0.040988114
23711,0.007737717
23811,0.018254394
23911,0.005793704
24111,0.04226827
24211,0.020662367
24411,0.0051681
24511,0.01101278
24611,0.034136847
24711,0.0062604947
25311,0.14926863
25411,0.006555851
25811,0.0039458913
26011,0.010845879
26111,0.0034690483
26211,0.017976666
26311,0.008335949
26411,0.0053310045
26611,0.014464019
26711,0.029559698
26811,0.017652579
26911,0.020703102
27011,0.102522895
27311,0.0069014872
27411,0.10788372
27511,0.033488285
27911,0.026848795
28011,0.035061337
28111,0.008620333
28311,0.029745517
28411,0.0064216177
29011,0.013412778
29111,0.02719222
29311,0.011536987
29611,0.05528117
29711,0.013152046
29811,0.0073192553
29911,0.056057934
30011,0.0017425859
30111,0.012373498
30311,0.014295595
30411,0.005550655
30711,0.0078050406
30811,0.010568615
31111,0.011661627
31211,0.010215375
31611,0.017177451
31711,0.006029929
31811,0.0066370447
31911,0.0129430555
32011,0.022855604
32111,0.120324254
32811,0.018320221
33011,0.2472514
33111,0.39570373
33511,0.009338786
33711,0.02415977
33811,0.07617145
33911,0.017829075
34011,0.1052405
34211,0.0050597945
34311,0.013165248
34411,0.030237142
34511,0.017443275
34611,0.013299989
34811,0.023113726
35011,0.005855736
35211,0.006912126
35311,0.02346469
35511,0.021724418
35611,0.0046716286
35711,0.0037124837
35911,0.018354367
36011,0.013280901
36111,0.0089853695
36611,0.006447632
37211,0.033713363
37411,0.019005299
37511,0.028515788
37611,0.0027840156
37711,0.008885203
38111,0.013634727
38211,0.0029464483
38311,0.0039493092
38411,0.0027686725
38611,0.043868076
38811,0.008137273
39111,0.010377956
39211,0.009128533
39311,0.027529638
39411,0.0056584785
39611,0.03677213
39711,0.11350108
39911,0.009605702
40011,0.017698213
40211,0.042853396
40511,0.020940967
40611,0.049536552
41811,0.026060138
42011,0.027771711
42711,0.0041869017
42911,0.03286459
43611,0.044125445
44211,0.023980396
44511,0.010108041
44711,0.050914306
44911,0.0020103282
45211,0.01691087
45311,0.026333062
45511,0.021229768
45611,0.0031997813
46111,0.013029634
46311,0.016554281
46511,0.00926572
46911,0.015222287
47011,0.012436677
47111,0.003288191
47211,0.014012567
47311,0.009518953
47611,0.01242855
47711,0.019452628
47811,0.009825137
47911,0.011352335
48211,0.02755196
48611,0.036956936
48711,0.29573703
49111,0.010121089
49211,0.023254508
49611,0.042787965
49711,0.020714033
49911,0.012693461
50111,0.10755221
50311,0.018885287
50411,0.04223581
50611,0.0068030986
50811,0.02977113
50911,0.0075918166
51011,0.0109541435
51211,0.028717782
51611,0.01114267
51811,0.0069038942
52011,0.03046504
52111,0.015463404
52511,0.019690573
52611,0.0098942015
52711,0.0024546087
53211,0.035083987
53311,0.027213505
53411,0.041470684
53611,0.086505406
53911,0.0013192117
54111,0.014950774
54211,0.007063392
54311,0.01705081
54411,0.0064336867
54611,0.17933227
55011,0.015200628
55211,0.0027245446
55411,0.0024640593
55511,0.12389979
55611,0.025612827
56211,0.018363466
56511,0.01957469
56711,0.06387812
56811,0.037543364
57011,0.010327836
57111,0.015821652
57211,0.033023387
57311,0.023543146
57511,0.052728865
57911,0.007011498
58011,0.008088926
58211,0.0133867115
58311,0.0053982316
58511,0.01307515
58911,0.007845086
59111,0.0060320455
59211,0.011134911
59511,0.007251219
59611,0.0044804146
59811,0.014752518
59911,0.017892843
60411,0.003446755
60511,0.012807301
60811,0.021764848
61111,0.024033314
61311,0.025185393
61411,0.023983812
61711,0.035216752
62111,0.014868686
62411,0.0028958828
62711,0.0037221857
62811,0.0049118735
63511,0.016510855
63611,0.013479788
63711,0.008086366
63811,0.005704488
63911,0.019975556
64311,0.0074344743
64411,0.010023842
12,0.0011776522
112,0.0037623656
412,0.013875071
612,0.025801107
712,0.057862565
1012,0.0074001583
1212,0.0026402648
1712,0.040980052
2212,0.008828821
2712,0.0047431565
2812,0.004371307
2912,0.018857025
3012,0.026938444
3112,0.10953371
3212,0.033206392
3312,0.13052382
3412,0.0051909992
3712,0.01169034
4012,0.025544554
4112,0.13835967
4212,0.020486401
4412,0.011560614
4712,0.014161783
4812,0.06324957
4912,0.0054607177
5112,0.021124445
5212,0.024058722
5712,0.08541335
5912,0.032727357
6212,0.058887713
6312,0.015660845
6512,0.020898188
6612,0.022637524
6812,0.060782876
6912,0.066871166
7012,0.0056311158
7212,0.010630458
7412,0.0014247983
7512,0.0037784511
7712,0.0059974445
7912,0.011661779
8112,0.0045822808
8212,0.017332848
8312,0.018727303
8412,0.057331916
8512,0.004376626
8612,0.065398835
8712,0.0037976163
8912,0.008275061
9012,0.0038542503
9212,0.008411046
9512,0.01528306
9812,0.06397889
9912,0.016881462
10112,0.03739738
10412,0.09863499
10512,0.036668498
10612,0.007700873
10712,0.012215983
10912,0.019467961
11212,0.025754077
11312,0.028544271
11712,0.032676797
11912,0.024320526
12112,0.08911398
12412,0.013884093
12712,0.028263368
12912,0.021767357
13012,0.004246175
13412,0.06963705
13512,0.015101045
13612,0.14048068
13712,0.039544575
13912,0.025970185
14312,0.05785661
14412,0.017763872
15412,0.005837011
15612,0.032813426
15712,0.04417043
15812,0.011026573
15912,0.0051658256
16112,0.029187836
16212,0.034679424
16312,0.016287925
16412,0.0025934125
16512,0.0045408746
16612,0.0034267271
17012,0.03286339
17112,0.00466371
17212,0.026700586
17312,0.009294627
17412,0.019925006
17612,0.05257071
17712,0.015881129
17912,0.025300786
18012,0.035002526
18112,0.01954472
18212,0.00980097
18412,0.0055479337
18512,0.007898759
18712,0.023624085
18812,0.036646646
19112,0.012993041
19512,0.002769327
19612,0.0053309486
19712,0.016061071
19812,0.016529147
20712,0.03741378
20812,0.0020917405
20912,0.014101225
21112,0.040934276
21212,0.043608613
21412,0.0118779065
21812,0.01878879
22012,0.09381834
22312,0.014368044
22412,0.042972084
22512,0.016050855
22612,0.012091789
22912,0.106711656
23012,0.0110175405
23212,0.0018397787
23312,0.021895196
23612,0.09184429
23712,0.015620596
23812,0.0026368643
23912,0.009137932
24112,0.028017778
24212,0.08418957
24412,0.0076259407
24512,0.022031335
24612,0.0077752527
24712,0.009807136
25312,0.010923796
25412,0.0022963926
25812,0.0018219388
26012,0.011474343
26112,0.0048384727
26212,0.21380056
26312,0.042478558
26412,0.0069508785
26612,0.0029490734
26712,0.028216567
26812,0.057591997
26912,0.014976463
27012,0.055169653
27312,0.0050895773
27412,0.118398346
27512,0.0074098455
27912,0.014177593
28012,0.03474274
28112,0.058787
28312,0.01934494
28412,0.023155868
29012,0.016691823
29112,0.019988043
29312,0.034693353
29612,0.07155119
29712,0.12013622
29812,0.00871594
29912,0.13848788
30012,0.008456784
30112,0.011655823
30312,0.034058675
30412,0.049833078
30712,0.010378288
30812,0.018973464
31112,0.017333139
31212,0.07705732
31612,0.016308073
31712,0.011582817
31812,0.009768676
31912,0.097949594
32012,0.04339211
32112,0.03926029
32812,0.016756222
33012,0.01320383
33112,0.02967323
33512,0.013362593
33712,0.022648284
33812,0.045519542
33912,0.005551745
34012,0.020470943
34212,0.0013937325
34312,0.00839449
34412,0.006482352
34512,0.013004937
34612,0.013485802
34812,0.0050940574
35012,0.0081400825
35212,0.08271334
35312,0.07174134
35512,0.013606447
35612,0.005549786
35712,0.004779125
35912,0.021199277
36012,0.010703452
36112,0.007010858
36612,0.0048032613
37212,0.07260068
37412,0.013199799
37512,0.02613653
37612,0.0033225236
37712,0.016548868
38112,0.01903463
38212,0.0107021695
38312,0.03332367
38412,0.007887981
38612,0.08646773
38812,0.0654645
39112,0.031423908
39212,0.1253529
39312,0.042158052
39412,0.019789133
39612,0.020634487
39712,0.0026543925
39912,0.0049973335
40012,0.02972068
40212,0.009155164
40512,0.07511166
40612,0.054408778
41812,0.01608764
42012,0.23382558
42712,0.056964975
42912,0.00466702
43612,0.036710773
44212,0.010781028
44512,0.017796189
44712,0.018957399
44912,0.0056434497
45212,0.028429415
45312,0.00416599
45512,0.009740636
45612,0.022642624
46112,0.122399986
46312,0.010909219
46512,0.015901538
46912,0.011077352
47012,0.009832124
47112,0.007868617
47212,0.023508912
47312,0.029210875
47612,0.06994689
47712,0.020429693
47812,0.084427655
47912,0.005111381
48212,0.023397109
48612,0.006593879
48712,0.0032779246
49112,0.005476588
49212,0.11581864
49612,0.029909104
49712,0.04704649
49912,0.03732516
50112,0.019167148
50312,0.007953841
50412,0.019980384
50612,0.022212094
50812,0.045217536
50912,0.0038536044
51012,0.010256228
51212,0.041458275
51612,0.07057087
51812,0.014004226
52012,0.024588129
52112,0.008471952
52512,0.09910946
52612,0.010857381
52712,0.0013111462
53212,0.042932242
53312,0.058111254
53412,0.16285475
53612,0.05772031
53912,0.0011367116
54112,0.046444245
54212,0.03545133
54312,0.017256515
54412,0.02288157
54612,0.01654098
55012,0.0105463825
55212,0.009205162
55412,0.00691742
55512,0.046617944
55612,0.001961021
56212,0.0034245735
56512,0.031728595
56712,0.0637361
56812,0.024865087
57012,0.0031586182
57112,0.004290769
57212,0.024842145
57312,0.03460093
57512,0.099782825
57912,0.1227236
58012,0.011618102
58212,0.022647629
58312,0.005321445
58512,0.00765171
58912,0.00052994996
59112,0.008647292
59212,0.028190313
59512,0.008548857
59612,0.0060749324
59812,0.05124712
59912,0.013009265
60412,0.008218852
60512,0.0042242236
60812,0.09634974
61112,0.033967815
61312,0.12531602
61412,0.011226449
61712,0.011678758
62112,0.06929448
62412,0.01534525
62712,0.022858107
62812,0.037322
63512,0.01565131
63612,0.06576287
63712,0.11942558
63812,0.03335397
63912,0.004647993
64312,0.002909095
64412,0.07810848
13,0.0017963757
113,0.0020437706
413,0.00101093
613,0.0040303534
713,0.0021021725
1013,0.011531652
1213,0.0012871231
1713,0.06951882
2213,0.013496783
2713,0.0012547126
2813,0.007810945
2913,0.01243303
3013,0.0033625513
3113,0.001996365
3213,0.0057196375
3313,0.010107881
3413,0.0085737305
3713,0.040504348
4013,0.0059818043
4113,0.0036968717
4213,0.002858625
4413,0.005179112
4713,0.0046434267
4813,0.007722699
4913,0.0059815943
5113,0.0015844614
5213,0.0012960756
5713,0.002739525
5913,0.008167932
6213,0.002689347
6313,0.0020948702
6513,0.004137474
6613,0.00817442
6813,0.0077811475
6913,0.0015594882
7013,0.0022364773
7213,0.0005566796
7413,0.0022373404
7513,0.0034868114
7713,0.0024402782
7913,0.00786569
8113,0.002282762
8213,0.005055326
8313,0.004654895
8413,0.011563793
8513,0.006948902
8613,0.011828012
8713,0.05717934
8913,0.0114679
9013,0.011067943
9213,0.0009883611
9513,0.0135587035
9813,0.20027404
9913,0.26329497
10113,0.016809374
10413,0.009030997
10513,0.0018783786
10613,0.0071571576
10713,0.009134654
10913,0.001034507
11213,0.0055930517
11313,0.0039095446
11713,0.0018529004
11913,0.0049315146
12113,0.111222245
12413,0.0237255
12713,0.004732481
12913,0.007162918
13013,0.0035939843
13413,0.0040320177
13513,0.0052193054
13613,0.008817654
13713,0.0017821233
13913,0.005759643
14313,0.011989913
14413,0.015071028
15413,0.009691143
15613,0.001911017
15713,0.013284445
15813,0.0048305187
15913,0.0016238322
16113,0.004411441
16213,0.0039246436
16313,0.0028241067
16413,0.001914308
16513,0.000655457
16613,0.0016622373
17013,0.0007962203
17113,0.005849639
17213,0.016487334
17313,0.0040972475
17413,0.0030893276
17613,0.008242841
17713,0.04319365
17913,0.030415969
18013,0.033884943
18113,0.0012356548
18213,0.0024883996
18413,0.0030067668
18513,0.010123237
18713,0.0016480763
18813,0.031211996
19113,0.032444857
19513,0.015041602
19613,0.0075453017
19713,0.17679176
19813,0.0064191697
20713,0.0065003806
20813,0.0034117708
20913,0.004505735
21113,0.004849531
21213,0.0035787744
21413,0.0010430198
21813,0.0007144624
22013,0.033891357
22313,0.009189085
22413,0.0043258807
22513,0.0007188309
22613,0.0047657792
22913,0.0006711455
23013,0.0006203759
23213,0.0028221754
23313,0.012639708
23613,0.0069360575
23713,0.001956195
23813,0.0057139066
23913,0.003612916
24113,0.010100997
24213,0.0018367992
24413,0.003845048
24513,0.0053770877
24613,0.0041531553
24713,0.0032008854
25313,0.0024046784
25413,0.0037160076
25813,0.05076586
26013,0.31304684
26113,0.0083642285
26213,0.0135343755
26313,0.0041157566
26413,0.009607639
26613,0.001854571
26713,0.00345468
26813,0.003168016
26913,0.010135061
27013,0.010751306
27313,0.0066139814
27413,0.006325315
27513,0.0012334776
27913,0.0022413582
28013,0.00338997
28113,0.007898537
28313,0.0032321783
28413,0.0034598282
29013,0.007371588
29113,0.005149689
29313,0.0024751187
29613,0.014680936
29713,0.012332836
29813,0.0018593135
29913,0.05076794
30013,0.00074855535
30113,0.050034463
30313,0.0067369775
30413,0.005960506
30713,0.007425293
30813,0.005006387
31113,0.007506481
31213,0.0073980363
31613,0.0033939546
31713,0.022692425
31813,0.004375035
31913,0.00392211
32013,0.023715822
32113,0.037628435
32813,0.006840728
33013,0.007139261
33113,0.015053715
33513,0.0021153626
33713,0.0347801
33813,0.040787876
33913,0.0017755353
34013,0.012455778
34213,0.0013740961
34313,0.009454522
34413,0.0042196317
34513,0.0069713388
34613,0.012039422
34813,0.0015321734
35013,0.0040483437
35213,0.0007146151
35313,0.0042991866
35513,0.06340061
35613,0.009876459
35713,0.33273438
35913,0.006756591
36013,0.023568355
36113,0.0019283851
36613,0.009317925
37213,0.0073495335
37413,0.004502829
37513,0.0042978427
37613,0.007816074
37713,0.0038301353
38113,0.0037964422
38213,0.0012221216
38313,0.0006357495
38413,0.0021471784
38613,0.017240057
38813,0.036219206
39113,0.0017494848
39213,0.0018548712
39313,0.0022153936
39413,0.0027288604
39613,0.0115728285
39713,0.0024097713
39913,0.0036034575
40013,0.0032206334
40213,0.019542716
40513,0.005598783
40613,0.06992817
41813,0.043730654
42013,0.083252706
42713,0.0010553823
42913,0.0053767455
43613,0.0069680847
44213,0.006555386
44513,0.008188544
44713,0.0022632868
44913,0.002432972
45213,0.0013658005
45313,0.0048409193
45513,0.002749926
45613,0.0014324604
46113,0.05520675
46313,0.008116676
46513,0.012404729
46913,0.005446454
47013,0.0008897302
47113,0.003645801
47213,0.00322128
47313,0.0021015862
47613,0.015035227
47713,0.0019914631
47813,0.007296654
47913,0.001258975
48213,0.0068329615
48613,0.0025725514
48713,0.0006527249
49113,0.01164412
49213,0.0072974064
49613,0.009653129
49713,0.0009556404
49913,0.004100226
50113,0.02204148
50313,0.004020111
50413,0.0024733543
50613,0.0038001942
50813,0.0024223032
50913,0.03728824
51013,0.030656476
51213,0.0058559747
51613,0.005771684
51813,0.018397532
52013,0.07325658
52113,0.001864982
52513,0.0076685757
52613,0.0092049595
52713,0.0082435
53213,0.0069911797
53313,0.005883773
53413,0.012127297
53613,0.0066858656
53913,0.0034623505
54113,0.009729431
54213,0.002633527
54313,0.008144254
54413,0.0060834377
54613,0.013438305
55013,0.0063697943
55213,0.0038712365
55413,0.00045587402
55513,0.008960818
55613,0.0018537992
56213,0.0019144396
56513,0.0016572959
56713,0.054360323
56813,0.0050277067
57013,0.01276807
57113,0.008871204
57213,0.010737393
57313,0.0066368678
57513,0.13045754
57913,0.0063257143
58013,0.074141905
58213,0.0073586693
58313,0.005590032
58513,0.03336921
58913,0.0011485049
59113,0.010535307
59213,0.012011102
59513,0.0024216643
59613,0.003460407
59813,0.013276669
59913,0.005546082
60413,0.004021037
60513,0.004344529
60813,0.0073061404
61113,0.0060803313
61313,0.005507308
61413,0.0074218046
61713,0.024825001
62113,0.011462258
62413,0.0005889953
62713,0.0012692537
62813,0.0019336366
63513,0.016235005
63613,0.0048094364
63713,0.0009823223
63813,0.001786372
63913,0.0053774207
64313,0.004293625
64413,0.0041378625
14,0.007341318
114,0.010034653
414,0.0039195134
614,0.022063559
714,0.0068550445
1014,0.03745082
1214,0.008557673
1714,0.17608626
2214,0.047352158
2714,0.025815705
2814,0.018193146
2914,0.018047905
3014,0.0076617887
3114,0.005015564
3214,0.011592334
3314,0.0060463827
3414,0.016685909
3714,0.038488418
4014,0.010838424
4114,0.009210806
4214,0.007590265
4414,0.01594739
4714,0.012457577
4814,0.011814332
4914,0.007490968
5114,0.0052541005
5214,0.0083402
5714,0.0054736887
5914,0.007560146
6214,0.019625027
6314,0.013956336
6514,0.010198191
6614,0.024802256
6814,0.011368107
6914,0.006903082
7014,0.02356614
7214,0.005802287
7414,0.0135066025
7514,0.0028392177
7714,0.030711733
7914,0.020620799
8114,0.010685733
8214,0.004889535
8314,0.026637046
8414,0.010235458
8514,0.025291901
8614,0.021043785
8714,0.21946628
8914,0.0469953
9014,0.03842257
9214,0.010629096
9514,0.01203389
9814,0.26124448
9914,0.36810288
10114,0.02361796
10414,0.017162882
10514,0.009242318
10614,0.0092535475
10714,0.019376136
10914,0.00698587
11214,0.013753874
11314,0.019831276
11714,0.011203411
11914,0.0068584313
12114,0.09932814
12414,0.018825755
12714,0.03785896
12914,0.009720117
13014,0.0076376228
13414,0.008393631
13514,0.012265381
13614,0.015477036
13714,0.0057033603
13914,0.008438355
14314,0.013658837
14414,0.17827705
15414,0.022338687
15614,0.0046495697
15714,0.02123562
15814,0.047229968
15914,0.027189344
16114,0.014251303
16214,0.011347241
16314,0.0035117613
16414,0.009583057
16514,0.002652493
16614,0.0080942325
17014,0.0061996426
17114,0.011353467
17214,0.021706166
17314,0.016363978
17414,0.007933777
17614,0.01753502
17714,0.045445967
17914,0.08425422
18014,0.08898198
18114,0.023428988
18214,0.04140222
18414,0.042003624
18514,0.1089695
18714,0.021337947
18814,0.09904447
19114,0.0097545115
19514,0.032280162
19614,0.024040101
19714,0.30867502
19814,0.009906443
20714,0.0076706684
20814,0.0061303093
20914,0.0073838434
21114,0.03962543
21214,0.004390001
21414,0.0054779625
21814,0.0043904902
22014,0.03006155
22314,0.0072591384
22414,0.040289234
22514,0.008263277
22614,0.010729252
22914,0.0024618928
23014,0.0046610334
23214,0.023483638
23314,0.031960472
23614,0.035849806
23714,0.005615138
23814,0.016134974
23914,0.015601103
24114,0.017445004
24214,0.023321193
24414,0.032182448
24514,0.025638076
24614,0.03392654
24714,0.006863105
25314,0.0048767747
25414,0.010587117
25814,0.39503837
26014,0.24164166
26114,0.045214567
26214,0.013279616
26314,0.010871819
26414,0.0057061645
26614,0.007063235
26714,0.019457316
26814,0.02440383
26914,0.025814839
27014,0.023309845
27314,0.01427276
27414,0.005437947
27514,0.012482257
27914,0.06890195
28014,0.017649503
28114,0.0351683
28314,0.018594904
28414,0.016908813
29014,0.032482706
29114,0.01792554
29314,0.010905895
29614,0.012040347
29714,0.06169584
29814,0.021972151
29914,0.070202455
30014,0.006438416
30114,0.09826845
30314,0.015538461
30414,0.014485315
30714,0.12614405
30814,0.024145536
31114,0.096435465
31214,0.010508312
31614,0.025714735
31714,0.068144724
31814,0.066432446
31914,0.015676782
32014,0.03165562
32114,0.12090309
32814,0.011227385
33014,0.015185609
33114,0.023487553
33514,0.010260221
33714,0.11901873
33814,0.12463031
33914,0.04107022
34014,0.04118615
34214,0.022780815
34314,0.10946727
34414,0.03137053
34514,0.12349132
34614,0.080756195
34814,0.019844767
35014,0.007524704
35214,0.00220417
35314,0.035668697
35514,0.057995472
35614,0.017109465
35714,0.5039602
35914,0.014789505
36014,0.101258725
36114,0.017804055
36614,0.0073454124
37214,0.017655272
37414,0.007887137
37514,0.0062890453
37614,0.027892685
37714,0.011838335
38114,0.010051607
38214,0.008585643
38314,0.0031806305
38414,0.0089798495
38614,0.010003149
38814,0.024419075
39114,0.008672309
39214,0.0060899416
39314,0.049665786
39414,0.01159137
39614,0.008802086
39714,0.0026550875
39914,0.032518763
40014,0.011862159
40214,0.058804646
40514,0.023017535
40614,0.061324667
41814,0.061579414
42014,0.07235198
42714,0.0044397525
42914,0.0124593945
43614,0.0070106345
44214,0.010383757
44514,0.008033825
44714,0.017388923
44914,0.015374718
45214,0.0046709664
45314,0.007281047
45514,0.009655919
45614,0.008048248
46114,0.03989173
46314,0.011069401
46514,0.0959983
46914,0.023896243
47014,0.010720237
47114,0.2676822
47214,0.038323645
47314,0.017643256
47614,0.014225526
47714,0.004353609
47814,0.0041487454
47914,0.013437564
48214,0.025035001
48614,0.019634781
48714,0.002990375
49114,0.016447768
49214,0.013648392
49614,0.01108423
49714,0.017118258
49914,0.080850706
50114,0.052761182
50314,0.03407856
50414,0.036865406
50614,0.034567136
50814,0.021459445
50914,0.36902687
51014,0.20541978
51214,0.033756264
51614,0.010899727
51814,0.037082493
52014,0.084761865
52114,0.012256022
52514,0.013818741
52614,0.026720844
52714,0.01794962
53214,0.0036288823
53314,0.031320214
53414,0.009862528
53614,0.0046707373
53914,0.0039495435
54114,0.06040731
54214,0.012796061
54314,0.008895673
54414,0.029010352
54614,0.030500203
55014,0.010496756
55214,0.042959698
55414,0.009568561
55514,0.014686363
55614,0.010613916
56214,0.014065195
56514,0.01708372
56714,0.15998992
56814,0.011251025
57014,0.14420924
57114,0.103480026
57214,0.034572702
57314,0.010370268
57514,0.22689186
57914,0.019324878
58014,0.2677071
58214,0.15302059
58314,0.0095465155
58514,0.027892614
58914,0.0061329086
59114,0.09435278
59214,0.059262235
59514,0.043617822
59614,0.009366714
59814,0.017681627
59914,0.009394784
60414,0.12106477
60514,0.011854013
60814,0.0042433133
61114,0.0083711585
61314,0.06972491
61414,0.023363022
61714,0.025432779
62114,0.029481567
62414,0.006022529
62714,0.008889504
62814,0.017997626
63514,0.07785448
63614,0.016682304
63714,0.0037619686
63814,0.00568165
63914,0.024055468
64314,0.0052354345
64414,0.020479882
15,0.027261704
115,0.005139737
415,0.0026671644
615,0.009427068
715,0.0051679
1015,0.0092694005
1215,0.007685052
1715,0.04402164
2215,0.012413961
2715,0.0032278434
2815,0.022666583
2915,0.0123664765
3015,0.0055767656
3115,0.00494828
3215,0.006575018
3315,0.007182707
3415,0.008904665
3715,0.012109199
4015,0.0069207805
4115,0.01870634
4215,0.0039593223
4415,0.012652918
4715,0.010416645
4815,0.009463098
4915,0.007517795
5115,0.009544509
5215,0.0040900554
5715,0.0037181645
5915,0.01625496
6215,0.006038956
6315,0.021641707
6515,0.007560923
6615,0.019954886
6815,0.009841837
6915,0.005337103
7015,0.002413329
7215,0.0028199933
7415,0.087738834
7515,0.007081469
7715,0.003959112
7915,0.019636996
8115,0.017505124
8215,0.011150813
8315,0.01573931
8415,0.011044087
8515,0.010895271
8615,0.020459836
8715,0.011205844
8915,0.012079087
9015,0.0057041985
9215,0.008746108
9515,0.01699747
9815,0.0107044
9915,0.015921092
10115,0.014544949
10415,0.011237936
10515,0.008207182
10615,0.03883208
10715,0.051875617
10915,0.0032078554
11215,0.01677739
11315,0.0058903354
11715,0.004364685
11915,0.012488291
12115,0.01874144
12415,0.019419031
12715,0.021505935
12915,0.007970841
13015,0.042845532
13415,0.010398874
13515,0.015813265
13615,0.0075564515
13715,0.0026233103
13915,0.012363629
14315,0.0075662783
14415,0.016465142
15415,0.013325865
15615,0.01107363
15715,0.012189786
15815,0.006451923
15915,0.0053909565
16115,0.008805171
16215,0.014730177
16315,0.022421846
16415,0.021283304
16515,0.0020280601
16615,0.014468761
17015,0.0062052556
17115,0.025077395
17215,0.016980784
17315,0.023384597
17415,0.0027265898
17615,0.016176185
17715,0.011226326
17915,0.019743469
18015,0.03917275
18115,0.0030903409
18215,0.0035068493
18415,0.0037428043
18515,0.009706577
18715,0.0046542156
18815,0.013252109
19115,0.0064240554
19515,0.02044994
19615,0.018076122
19715,0.015394847
19815,0.025255673
20715,0.007384162
20815,0.055338763
20915,0.0068400186
21115,0.012572864
21215,0.0057252473
21415,0.0022081716
21815,0.001685871
22015,0.014916412
22315,0.12081198
22415,0.01101416
22515,0.002454046
22615,0.0309044
22915,0.0033893264
23015,0.0013236256
23215,0.15247983
23315,0.019125862
23615,0.009415356
23715,0.0037397572
23815,0.0074484632
23915,0.006814222
24115,0.019383023
24215,0.0077963397
24415,0.008879916
24515,0.0042807413
24615,0.0064557665
24715,0.008586031
25315,0.0026728169
25415,0.037145406
25815,0.015099766
26015,0.01490229
26115,0.033200752
26215,0.008582117
26315,0.009486797
26415,0.011698039
26615,0.028527344
26715,0.028706336
26815,0.005360513
26915,0.018600643
27015,0.036295384
27315,0.017411334
27415,0.0074907704
27515,0.0106969355
27915,0.006373882
28015,0.01265883
28115,0.008361728
28315,0.028969964
28415,0.008466881
29015,0.01005301
29115,0.023550367
29315,0.0030984562
29615,0.012296396
29715,0.009982326
29815,0.030754361
29915,0.01356716
30015,0.0015703785
30115,0.022874197
30315,0.009130616
30415,0.005494344
30715,0.011539734
30815,0.007056021
31115,0.010323552
31215,0.008039055
31615,0.0066038915
31715,0.026890013
31815,0.012676963
31915,0.0059422506
32015,0.018128771
32115,0.026507335
32815,0.020871475
33015,0.005544314
33115,0.007971445
33515,0.012621015
33715,0.04129784
33815,0.024490487
33915,0.0020278285
34015,0.0071474463
34215,0.0016087041
34315,0.00550732
34415,0.003667468
34515,0.0048337453
34615,0.011657705
34815,0.0017275296
35015,0.007511537
35215,0.0030731608
35315,0.013910837
35515,0.025683617
35615,0.022892602
35715,0.0070376834
35915,0.014761443
36015,0.046625618
36115,0.018298123
36615,0.007107397
37215,0.004955852
37415,0.0077655967
37515,0.0055994233
37615,0.011569473
37715,0.0064248657
38115,0.008221897
38215,0.0036529875
38315,0.001317154
38415,0.0028793784
38615,0.0077029173
38815,0.013051152
39115,0.005265166
39215,0.005400504
39315,0.009435344
39415,0.007269921
39615,0.054721966
39715,0.0047641494
39915,0.005058606
40015,0.0031190605
40215,0.012640092
40515,0.010614207
40615,0.017522678
41815,0.0222809
42015,0.008058263
42715,0.0020329014
42915,0.04994593
43615,0.008071896
44215,0.02032417
44515,0.012559222
44715,0.038648285
44915,0.014315921
45215,0.0029237994
45315,0.038298428
45515,0.0107448185
45615,0.004300321
46115,0.010268774
46315,0.030490838
46515,0.007902837
46915,0.015526592
47015,0.00392923
47115,0.0036434184
47215,0.013559334
47315,0.0064396234
47615,0.011440818
47715,0.0058962465
47815,0.00450431
47915,0.0049168775
48215,0.01990382
48615,0.01949211
48715,0.0014847097
49115,0.023169741
49215,0.0052928533
49615,0.024444483
49715,0.0046935966
49915,0.0032551663
50115,0.026675181
50315,0.0074636284
50415,0.0044870414
50615,0.0052754236
50815,0.005583734
50915,0.0042288764
51015,0.014313425
51215,0.0045190034
51615,0.008997392
51815,0.012938823
52015,0.015783343
52115,0.009143048
52515,0.0075348965
52615,0.012244208
52715,0.05547799
53215,0.029313384
53315,0.007845811
53415,0.011234948
53615,0.0056964844
53915,0.0066115223
54115,0.019497244
54215,0.004814514
54315,0.009853206
54415,0.009632104
54615,0.03002996
55015,0.022809984
55215,0.0063405586
55415,0.001961797
55515,0.005557715
55615,0.15599898
56215,0.0053861947
56515,0.011133113
56715,0.015520458
56815,0.0075062364
57015,0.004275171
57115,0.006220591
57215,0.03414002
57315,0.014319447
57515,0.014360719
57915,0.007838545
58015,0.062663816
58215,0.009817415
58315,0.04384825
58515,0.05919443
58915,0.15022786
59115,0.025514971
59215,0.0097469725
59515,0.005313077
59615,0.007727359
59815,0.016264638
59915,0.005349608
60415,0.0033780148
60515,0.011277995
60815,0.007899068
61115,0.0075822305
61315,0.01295406
61415,0.010026635
61715,0.021262115
62115,0.01028806
62415,0.0020100288
62715,0.0046394705
62815,0.0034733007
63515,0.035417326
63615,0.008588932
63715,0.0022744613
63815,0.005679797
63915,0.0060402737
64315,0.02476757
64415,0.0072087604
16,0.0020882976
116,0.0056327195
416,0.001677317
616,0.0042307964
716,0.0030758413
1016,0.01379094
1216,0.0042558005
1716,0.0995302
2216,0.002726758
2716,0.00082166906
2816,0.0025107116
2916,0.011406002
3016,0.003473919
3116,0.0007475449
3216,0.00097017275
3316,0.0028991238
3416,0.0014608259
3716,0.006493469
4016,0.000899117
4116,0.01935336
4216,0.0006287691
4416,0.003936913
4716,0.00055493374
4816,0.0022939655
4916,0.011502725
5116,0.0006098061
5216,0.0028201325
5716,0.00089638535
5916,0.0079586655
6216,0.0023482123
6316,0.0034012166
6516,0.0040566875
6616,0.0046412074
6816,0.0032682791
6916,0.0007984042
7016,0.0006983202
7216,0.00028825828
7416,0.011370129
7516,0.010473276
7716,0.0005544685
7916,0.0036209184
8116,0.00536824
8216,0.0028783812
8316,0.0024444826
8416,0.0070973057
8516,0.0020295458
8616,0.0077381986
8716,0.00986585
8916,0.0035558583
9016,0.0016757523
9216,0.00070000393
9516,0.019435037
9816,0.09451855
9916,0.054413926
10116,0.004715211
10416,0.001979159
10516,0.0009782424
10616,0.011719435
10716,0.020441568
10916,0.001199274
11216,0.004415222
11316,0.0015005292
11716,0.0009479777
11916,0.0038475923
12116,0.053369004
12416,0.013585802
12716,0.008900113
12916,0.0054921517
13016,0.012700514
13416,0.003986796
13516,0.006929661
13616,0.0044303215
13716,0.00091332244
13916,0.005555944
14316,0.0042658593
14416,0.002607447
15416,0.008717691
15616,0.00138223
15716,0.002301614
15816,0.0013791748
15916,0.0012287886
16116,0.001442833
16216,0.0057849474
16316,0.0071609803
16416,0.005594681
16516,0.0011304391
16616,0.004280134
17016,0.001053715
17116,0.003702701
17216,0.026609233
17316,0.0059737843
17416,0.004775986
17616,0.0017212831
17716,0.029941145
17916,0.020175518
18016,0.03649659
18116,0.0008624739
18216,0.0006669523
18416,0.0006990631
18516,0.0035886657
18716,0.0013484325
18816,0.0057824585
19116,0.0071082483
19516,0.008665866
19616,0.0048303585
19716,0.03274708
19816,0.00092667516
20716,0.0024555176
20816,0.011536666
20916,0.0069735893
21116,0.007134725
21216,0.0009131829
21416,0.00088489294
21816,0.00064847735
22016,0.04526917
22316,0.0075167436
22416,0.006602983
22516,0.0013003176
22616,0.0065245526
22916,0.0001741783
23016,0.000477328
23216,0.012141835
23316,0.005069172
23616,0.0069646602
23716,0.0004211251
23816,0.00524745
23916,0.0008144002
24116,0.0025670314
24216,0.0026825625
24416,0.0011766771
24516,0.0009467059
24616,0.0026078692
24716,0.0047856006
25316,0.0038716178
25416,0.008842833
25816,0.0057204263
26016,0.025335383
26116,0.007168039
26216,0.0049485043
26316,0.00294295
26416,0.012981472
26616,0.004328227
26716,0.008958526
26816,0.0011359706
26916,0.00456398
27016,0.01710188
27316,0.018381556
27416,0.0027426423
27516,0.002298977
27916,0.0053752977
28016,0.004720588
28116,0.005098047
28316,0.006697754
28416,0.0060622725
29016,0.0054782387
29116,0.005124471
29316,0.0019738977
29616,0.006280107
29716,0.032514974
29816,0.0072413306
29916,0.042684175
30016,0.0010540901
30116,0.010676845
30316,0.0021570656
30416,0.0019572387
30716,0.005472037
30816,0.0022787652
31116,0.0095317
31216,0.0017478301
31616,0.0015026925
31716,0.015901318
31816,0.0074369237
31916,0.0024711185
32016,0.01058022
32116,0.025869908
32816,0.0021661685
33016,0.010840556
33116,0.013399518
33516,0.0025442394
33716,0.026006512
33816,0.076327525
33916,0.00042615
34016,0.008437145
34216,0.0002408078
34316,0.0020167502
34416,0.0011984464
34516,0.0024617377
34616,0.0022805035
34816,0.00039369904
35016,0.0019580338
35216,0.00025553914
35316,0.004195557
35516,0.02826541
35616,0.00837079
35716,0.049957052
35916,0.0040959
36016,0.010381698
36116,0.0044998326
36616,0.007512335
37216,0.0015444617
37416,0.005990657
37516,0.002655547
37616,0.005036886
37716,0.0023848522
38116,0.0028165919
38216,0.002445954
38316,0.00063947757
38416,0.0016616685
38616,0.014811542
38816,0.03711755
39116,0.0009297506
39216,0.00044851727
39316,0.0037074494
39416,0.0010467347
39616,0.006371214
39716,0.0013004057
39916,0.0009309894
40016,0.00044621777
40216,0.011626616
40516,0.0010078145
40616,0.025304101
41816,0.037869766
42016,0.06808564
42716,0.00044222118
42916,0.01851619
43616,0.0047047967
44216,0.007254552
44516,0.0019196093
44716,0.006046804
44916,0.006136028
45216,0.00044082484
45316,0.016378619
45516,0.0028607266
45616,0.0020192494
46116,0.02647755
46316,0.022395663
46516,0.002811753
46916,0.00243584
47016,0.00041731965
47116,0.0025757693
47216,0.0031089585
47316,0.003444053
47616,0.004094133
47716,0.0017981937
47816,0.0020939447
47916,0.0009885097
48216,0.0035386786
48616,0.0064773187
48716,0.0012607937
49116,0.0021305678
49216,0.0053036828
49616,0.0077268016
49716,0.0008052105
49916,0.009696765
50116,0.02797582
50316,0.0021217503
50416,0.0017472672
50616,0.00090777554
50816,0.0012187595
50916,0.0028402477
51016,0.006711194
51216,0.0018415313
51616,0.0011007924
51816,0.0014389013
52016,0.009731391
52116,0.0021843612
52516,0.0012771126
52616,0.005578263
52716,0.048080795
53216,0.004280928
53316,0.005061209
53416,0.0035010374
53616,0.006611541
53916,0.0026772812
54116,0.002264341
54216,0.0030647262
54316,0.004620887
54416,0.0037620764
54616,0.03506963
55016,0.010677826
55216,0.0018166178
55416,0.00016311454
55516,0.0062328517
55616,0.009202645
56216,0.0022225708
56516,0.004020502
56716,0.024033556
56816,0.0039055408
57016,0.001600606
57116,0.0022840917
57216,0.0060680853
57316,0.002298571
57516,0.1167913
57916,0.0010672857
58016,0.045418482
58216,0.004508266
58316,0.0094952965
58516,0.015558463
58916,0.0059788795
59116,0.016698807
59216,0.0027476568
59516,0.0012329541
59616,0.022399442
59816,0.010064312
59916,0.0039170664
60416,0.0010508094
60516,0.00479598
60816,0.0020235574
61116,0.0049282964
61316,0.0058036014
61416,0.0031568685
61716,0.030531334
62116,0.002832144
62416,0.0010474643
62716,0.0018173297
62816,0.0011450346
63516,0.015711261
63616,0.0017371303
63716,0.0008157691
63816,0.0011409215
63916,0.0027119452
64316,0.0060642688
64416,0.0012198677
17,0.0020697631
117,0.0017127678
417,0.011413006
617,0.020589082
717,0.014739283
1017,0.0026987256
1217,0.001822489
1717,0.0058854856
2217,0.0037384594
2717,0.0043332665
2817,0.0027241355
2917,0.0072098235
3017,0.009816404
3117,0.122539416
3217,0.028886432
3317,0.018604487
3417,0.00257803
3717,0.0076328726
4017,0.0062102503
4117,0.01786716
4217,0.04283076
4417,0.013113738
4717,0.0033482432
4817,0.04435856
4917,0.0051988745
5117,0.07659431
5217,0.008043731
5717,0.048655245
5917,0.0181443
6217,0.013169805
6317,0.029498978
6517,0.012261658
6617,0.011270934
6817,0.025926666
6917,0.077353835
7017,0.008219353
7217,0.12158597
7417,0.011284645
7517,0.0016835418
7717,0.005423355
7917,0.014035943
8117,0.0056801233
8217,0.014793993
8317,0.026062485
8417,0.015468359
8517,0.0018707692
8617,0.021483898
8717,0.0043786666
8917,0.002713376
9017,0.019671388
9217,0.07218098
9517,0.0058087795
9817,0.005785011
9917,0.005111036
10117,0.012144265
10417,0.03779673
10517,0.063443504
10617,0.009691395
10717,0.03694899
10917,0.011896189
11217,0.019246891
11317,0.013510077
11717,0.05713335
11917,0.019411003
12117,0.0077321758
12417,0.004003602
12717,0.010891092
12917,0.022342553
13017,0.0045845704
13417,0.035052534
13517,0.009473356
13617,0.014449227
13717,0.011879883
13917,0.030876094
14317,0.02807861
14417,0.0027858426
15417,0.0068856967
15617,0.014149678
15717,0.013556744
15817,0.0057881065
15917,0.0042493534
16117,0.073465236
16217,0.015858633
16317,0.007421297
16417,0.002331146
16517,0.0012046914
16617,0.0021274232
17017,0.13845873
17117,0.002139655
17217,0.0039181695
17317,0.0037785266
17417,0.0019381475
17617,0.036866535
17717,0.005461852
17917,0.0046644844
18017,0.0043064957
18117,0.023954166
18217,0.0044148
18417,0.0031750896
18517,0.0031459343
18717,0.032592095
18817,0.0035130295
19117,0.004201154
19517,0.002865025
19617,0.0038054471
19717,0.0038727266
19817,0.07338092
20717,0.047081072
20817,0.0020040714
20917,0.0061572413
21117,0.01877005
21217,0.059562095
21417,0.005494732
21817,0.008629062
22017,0.013020108
22317,0.05581123
22417,0.008929317
22517,0.008892378
22617,0.006111577
22917,0.098663405
23017,0.010782635
23217,0.023376338
23317,0.086863905
23617,0.049742777
23717,0.046467632
23817,0.0035345631
23917,0.0036514413
24117,0.008680711
24217,0.06891088
24417,0.022116933
24517,0.041269742
24617,0.0082136
24717,0.003419364
25317,0.0036515673
25417,0.0043721534
25817,0.0015295105
26017,0.006396398
26117,0.0027003915
26217,0.013048956
26317,0.049994934
26417,0.0034635146
26617,0.0051924563
26717,0.0076204045
26817,0.039532255
26917,0.005522205
27017,0.021186272
27317,0.0027256631
27417,0.015845412
27517,0.030113555
27917,0.0030621432
28017,0.05387978
28117,0.016582604
28317,0.00823549
28417,0.016280202
29017,0.0134267565
29117,0.007322846
29317,0.010868271
29617,0.018555017
29717,0.004986713
29817,0.0074797627
29917,0.016826436
30017,0.0056367517
30117,0.0087022865
30317,0.053115584
30417,0.025062254
30717,0.0018424261
30817,0.0041176053
31117,0.0019841087
31217,0.03168663
31617,0.0070623658
31717,0.0076195537
31817,0.0041492293
31917,0.025340537
32017,0.0221737
32117,0.006141695
32817,0.01279369
33017,0.0018218782
33117,0.0020259758
33517,0.009012937
33717,0.0055321045
33817,0.005117634
33917,0.0014440535
34017,0.0053784433
34217,0.0028937696
34317,0.0018944712
34417,0.004041477
34517,0.0031474184
34617,0.0041693444
34817,0.0020296702
35017,0.008988575
35217,0.26112768
35317,0.014716745
35517,0.0037720138
35617,0.0017971501
35717,0.00097069604
35917,0.008132311
36017,0.0059000705
36117,0.004174307
36617,0.0012883175
37217,0.051241178
37417,0.008578318
37517,0.026469305
37617,0.003273742
37717,0.026325392
38117,0.053253703
38217,0.0048446055
38317,0.008455263
38417,0.008498814
38617,0.011338991
38817,0.00694047
39117,0.08971376
39217,0.05219462
39317,0.055235095
39417,0.03311988
39617,0.024038084
39717,0.0009902215
39917,0.0020611258
40017,0.031720687
40217,0.0035285128
40517,0.027775548
40617,0.0061226217
41817,0.005567542
42017,0.004887078
42717,0.034893144
42917,0.012432871
43617,0.016410997
44217,0.0035845437
44517,0.0030739447
44717,0.010901658
44917,0.010862518
45217,0.10631559
45317,0.017747778
45517,0.0111863045
45617,0.012128291
46117,0.008765331
46317,0.004838606
46517,0.0035220112
46917,0.002287602
47017,0.031499036
47117,0.00031265826
47217,0.0150884725
47317,0.015859371
47617,0.023908988
47717,0.025662174
47817,0.02536928
47917,0.0108343195
48217,0.015309455
48617,0.002928971
48717,0.0011616831
49117,0.0065236418
49217,0.027100323
49617,0.009180235
49717,0.122359075
49917,0.0020377305
50117,0.0037318135
50317,0.0031133594
50417,0.015940046
50617,0.013296521
50817,0.041954514
50917,0.0025323087
51017,0.0029227573
51217,0.006497756
51617,0.062664226
51817,0.008701131
52017,0.0077775163
52117,0.03622394
52517,0.019758202
52617,0.007498108
52717,0.00077519065
53217,0.08385706
53317,0.032973774
53417,0.052108124
53617,0.014041585
53917,0.0021798487
54117,0.009604567
54217,0.013816545
54317,0.013459377
54417,0.012171547
54617,0.017937656
55017,0.00917029
55217,0.011957556
55417,0.07545562
55517,0.0050459
55617,0.009990264
56217,0.012012136
56517,0.040090438
56717,0.007307722
56817,0.014873643
57017,0.0020255516
57117,0.001999946
57217,0.013938413
57317,0.009949551
57517,0.0064855968
57917,0.055461302
58017,0.0052584093
58217,0.0018029419
58317,0.005727351
58517,0.007709543
58917,0.0018563553
59117,0.004624632
59217,0.0052415757
59517,0.012060967
59617,0.0018871382
59817,0.00965901
59917,0.014213499
60417,0.0007100459
60517,0.003978943
60817,0.033106253
61117,0.011572552
61317,0.0059990743
61417,0.007326939
61717,0.008809089
62117,0.011374802
62417,0.0085399505
62717,0.025547033
62817,0.023924798
63517,0.0071485424
63617,0.03352063
63717,0.032377824
63817,0.023964604
63917,0.004641789
64317,0.0048226486
64417,0.036626566
18,0.004411753
118,0.004174898
418,0.0065391264
618,0.06262285
718,0.014458516
1018,0.006360394
1218,0.004105114
1718,0.021563215
2218,0.0023047659
2718,0.0027375754
2818,0.017545817
2918,0.020779263
3018,0.048202433
3118,0.020547241
3218,0.34535733
3318,0.37921667
3418,0.002956166
3718,0.00260152
4018,0.45310867
4118,0.013901362
4218,0.0067631234
4418,0.011798623
4718,0.6770452
4818,0.0663071
4918,0.0073390035
5118,0.53767854
5218,0.005826042
5718,0.13254376
5918,0.0962365
6218,0.050305635
6318,0.052389823
6518,0.02568236
6618,0.14800678
6818,0.2911
6918,0.005037372
7018,0.0042658993
7218,0.0059076827
7418,0.0030602147
7518,0.005174267
7718,0.013824023
7918,0.0070656417
8118,0.037713986
8218,0.008262256
8318,0.036279865
8418,0.025630154
8518,0.0036990347
8618,0.012711118
8718,0.0075813057
8918,0.006113197
9018,0.005919332
9218,0.027835017
9518,0.0038264142
9818,0.11983837
9918,0.025130903
10118,0.0051072403
10418,0.30708763
10518,0.07793031
10618,0.0036783647
10718,0.009074279
10918,0.0113238515
11218,0.008529762
11318,0.013171196
11718,0.011651183
11918,0.024679722
12118,0.021016343
12418,0.014921128
12718,0.029005129
12918,0.045928452
13018,0.010855408
13418,0.062241163
13518,0.029526293
13618,0.17075716
13718,0.019923113
13918,0.0074548507
14318,0.07708095
14418,0.13966623
15418,0.006483867
15618,0.07649587
15718,0.13764183
15818,0.03435613
15918,0.015895005
16118,0.0259919
16218,0.016100634
16318,0.0022108536
16418,0.005569188
16518,0.0031978854
16618,0.0028643447
17018,0.035514798
17118,0.0034421885
17218,0.009182439
17318,0.0038653424
17418,0.005457896
17618,0.07389148
17718,0.031597927
17918,0.0122478325
18018,0.014851107
18118,0.0101500265
18218,0.0016189956
18418,0.002881706
18518,0.0066459244
18718,0.0046899607
18818,0.006326502
19118,0.0085402075
19518,0.0111512495
19618,0.0030505129
19718,0.006465646
19818,0.0028951517
20718,0.09573587
20818,0.0057171807
20918,0.020919096
21118,0.03785073
21218,0.020391125
21418,0.022696313
21818,0.011599434
22018,0.114843264
22318,0.01076769
22418,0.04222569
22518,0.0067059207
22618,0.051993776
22918,0.0048211915
23018,0.0054239905
23218,0.0047585648
23318,0.028488675
23618,0.07678569
23718,0.004831708
23818,0.005681679
23918,0.013559882
24118,0.034037996
24218,0.04056741
24418,0.012745733
24518,0.0069589233
24618,0.008623439
24718,0.0046405843
25318,0.004187579
25418,0.00224024
25818,0.005921954
26018,0.02995642
26118,0.0033742841
26218,0.33205312
26318,0.07217166
26418,0.0024500447
26618,0.011297275
26718,0.04677975
26818,0.018448645
26918,0.0060303365
27018,0.024806207
27318,0.003013178
27418,0.026690634
27518,0.016062519
27918,0.0070645805
28018,0.010480082
28118,0.053169172
28318,0.086652435
28418,0.022063674
29018,0.030628808
29118,0.14100014
29318,0.012846566
29618,0.006282915
29718,0.053235054
29818,0.010684634
29918,0.13882639
30018,0.0027081086
30118,0.033292517
30318,0.39120066
30418,0.15868697
30718,0.006687309
30818,0.0072185984
31118,0.013945416
31218,0.13107435
31618,0.0096835205
31718,0.028739495
31818,0.013581636
31918,0.27597293
32018,0.06811394
32118,0.016218225
32818,0.2663639
33018,0.0075551923
33118,0.017160377
33518,0.045410227
33718,0.008770365
33818,0.019633168
33918,0.0016723373
34018,0.004235477
34218,0.0024670572
34318,0.005947434
34418,0.00284245
34518,0.0057122298
34618,0.002213291
34818,0.0030771808
35018,0.0077888938
35218,0.02788429
35318,0.08209068
35518,0.008881004
35618,0.0065936306
35718,0.006250792
35918,0.042664666
36018,0.12084474
36118,0.014851488
36618,0.026942777
37218,0.14986381
37418,0.024554392
37518,0.0067296796
37618,0.005448468
37718,0.04218988
38118,0.054107845
38218,0.00986135
38318,0.006375041
38418,0.00625723
38618,0.057309713
38818,0.07438051
39118,0.026772203
39218,0.0095478045
39318,0.015521091
39418,0.0063245767
39618,0.016806824
39718,0.005696796
39918,0.0049954965
40018,0.005034386
40218,0.030915776
40518,0.16383852
40618,0.0096651325
41818,0.018315734
42018,0.18132405
42718,0.014976955
42918,0.005333377
43618,0.021528844
44218,0.016968196
44518,0.0016195398
44718,0.0350812
44918,0.018414883
45218,0.0046952288
45318,0.004518662
45518,0.0077181817
45618,0.029412642
46118,0.39216623
46318,0.025266662
46518,0.0075391363
46918,0.0036050812
47018,0.0041765315
47118,0.004935693
47218,0.12624194
47318,0.02935354
47618,0.36464557
47718,0.027749173
47818,0.25482577
47918,0.007564
48218,0.1473389
48618,0.0049550375
48718,0.003933868
49118,0.12278281
49218,0.05693472
49618,0.0034834282
49718,0.009696771
49918,0.020320741
50118,0.014112936
50318,0.001996773
50418,0.006563979
50618,0.013699833
50818,0.0036250842
50918,0.0036126853
51018,0.004711036
51218,0.0045562577
51618,0.019664878
51818,0.004990428
52018,0.004894179
52118,0.0093539795
52518,0.007834765
52618,0.0090691205
52718,0.0045408574
53218,0.009517365
53318,0.05229416
53418,0.10659609
53618,0.020992346
53918,0.01092896
54118,0.14851898
54218,0.009997379
54318,0.023876008
54418,0.04365905
54618,0.016417418
55018,0.01151264
55218,0.00513289
55418,0.0062031657
55518,0.008412552
55618,0.0034412479
56218,0.01588156
56518,0.04062135
56718,0.041453645
56818,0.008433086
57018,0.010299145
57118,0.010574515
57218,0.033448514
57318,0.004109615
57518,0.059403457
57918,0.18250169
58018,0.013739642
58218,0.0112887705
58318,0.0028104987
58518,0.008321857
58918,0.002111276
59118,0.006002661
59218,0.018794088
59518,0.012437275
59618,0.004415637
59818,0.09302567
59918,0.0129802255
60418,0.0028387606
60518,0.003996787
60818,0.07497262
61118,0.007139437
61318,0.0524392
61418,0.035792958
61718,0.041469187
62118,0.13341965
62418,0.008078264
62718,0.03220069
62818,0.046847437
63518,0.029425433
63618,0.1607278
63718,0.043682985
63818,0.082500845
63918,0.006699684
64318,0.006614695
64418,0.16670059
